Exec_ID;Dataset;Task_Type;Model;Scenario;Strategy;Threshold_Strategy;Decision_Strategy;Decision_Window;Persistence_K;Persistence_N;Warmup;Window_Size;Window_Index;Instance;F1_avg;F1_std;Prec_avg;Prec_std;Rec_avg;Rec_std;FP_avg;FP_std;FN_avg;FN_std
20260614_0639;Consistência_25;classification;HoeffdingAdaptiveTree;Default_FullFeatures;classifier;classifier;classifier;N/A;N/A;N/A;2000;100;1;2000;0,0000;0,0000;0,0000;0,0000;0,0000;0,0000;0;0;0;0
20260614_0639;Consistência_25;classification;HoeffdingAdaptiveTree;Default_FullFeatures;classifier;classifier;classifier;N/A;N/A;N/A;2000;100;2;2100;0,0000;0,0000;0,0000;0,0000;0,0000;0,0000;0;0;0;0
20260614_0639;Consistência_25;classification;HoeffdingAdaptiveTree;Default_FullFeatures;classifier;classifier;classifier;N/A;N/A;N/A;2000;100;3;2200;0,0000;0,0000;0,0000;0,0000;0,0000;0,0000;0;0;0;0
20260614_0639;Consistência_25;classification;HoeffdingAdaptiveTree;Default_FullFeatures;classifier;classifier;classifier;N/A;N/A;N/A;2000;100;4;2300;0,0000;0,0000;0,0000;0,0000;0,0000;0,0000;0;0;0;0
20260614_0639;Consistência_25;classification;HoeffdingAdaptiveTree;Default_FullFeatures;classifier;classifier;classifier;N/A;N/A;N/A;2000;100;5;2400;0,0000;0,0000;0,0000;0,0000;0,0000;0,0000;0;0;0;0
20260614_0639;Consistência_25;classification;HoeffdingAdaptiveTree;Default_FullFeatures;classifier;classifier;classifier;N/A;N/A;N/A;2000;100;6;2500;0,0000;0,0000;0,0000;0,0000;0,0000;0,0000;0;0;0;0
20260614_0639;Consistência_25;classification;HoeffdingAdaptiveTree;Default_FullFeatures;classifier;classifier;classifier;N/A;N/A;N/A;2000;100;7;2600;0,0000;0,0000;0,0000;0,0000;0,0000;0,0000;0;0;0;0
20260614_0639;Consistência_25;classification;HoeffdingAdaptiveTree;Default_FullFeatures;classifier;classifier;classifier;N/A;N/A;N/A;2000;100;8;2700;0,0000;0,0000;0,0000;0,0000;0,0000;0,0000;0;0;0;0
20260614_0639;Consistência_25;classification;HoeffdingAdaptiveTree;Default_FullFeatures;classifier;classifier;classifier;N/A;N/A;N/A;2000;100;9;2800;0,0000;0,0000;0,0000;0,0000;0,0000;0,0000;0;0;0;0
20260614_0639;Consistência_25;classification;HoeffdingAdaptiveTree;Default_FullFeatures;classifier;classifier;classifier;N/A;N/A;N/A;2000;100;10;2900;0,0000;0,0000;0,0000;0,0000;0,0000;0,0000;0;0;0;0
20260614_0639;Consistência_25;classification;HoeffdingAdaptiveTree;Default_FullFeatures;classifier;classifier;classifier;N/A;N/A;N/A;2000;100;11;3000;0,0000;0,0000;0,0000;0,0000;0,0000;0,0000;0;0;0;0
20260614_0639;Consistência_25;classification;HoeffdingAdaptiveTree;Default_FullFeatures;classifier;classifier;classifier;N/A;N/A;N/A;2000;100;12;3100;0,0000;0,0000;0,0000;0,0000;0,0000;0,0000;0;0;0;0
20260614_0639;Consistência_25;classification;HoeffdingAdaptiveTree;Default_FullFeatures;classifier;classifier;classifier;N/A;N/A;N/A;2000;100;13;3200;0,0000;0,0000;0,0000;0,0000;0,0000;0,0000;0;0;0;0
20260614_0639;Consistência_25;classification;HoeffdingAdaptiveTree;Default_FullFeatures;classifier;classifier;classifier;N/A;N/A;N/A;2000;100;14;3300;0,0000;0,0000;0,0000;0,0000;0,0000;0,0000;0;0;0;0
20260614_0639;Consistência_25;classification;HoeffdingAdaptiveTree;Default_FullFeatures;classifier;classifier;classifier;N/A;N/A;N/A;2000;100;15;3400;0,0000;0,0000;0,0000;0,0000;0,0000;0,0000;0;0;0;0
20260614_0639;Consistência_25;classification;HoeffdingAdaptiveTree;Default_FullFeatures;classifier;classifier;classifier;N/A;N/A;N/A;2000;100;16;3500;0,0000;0,0000;0,0000;0,0000;0,0000;0,0000;0;0;0;0
20260614_0639;Consistência_25;classification;HoeffdingAdaptiveTree;Default_FullFeatures;classifier;classifier;classifier;N/A;N/A;N/A;2000;100;17;3600;0,0000;0,0000;0,0000;0,0000;0,0000;0,0000;0;0;0;0
20260614_0639;Consistência_25;classification;HoeffdingAdaptiveTree;Default_FullFeatures;classifier;classifier;classifier;N/A;N/A;N/A;2000;100;18;3700;0,0000;0,0000;0,0000;0,0000;0,0000;0,0000;0;0;0;0
20260614_0639;Consistência_25;classification;HoeffdingAdaptiveTree;Default_FullFeatures;classifier;classifier;classifier;N/A;N/A;N/A;2000;100;19;3800;86,9565;0,0000;95,2381;0,0000;80,0000;0,0000;1;0;5;0
20260614_0639;Consistência_25;classification;HoeffdingAdaptiveTree;Default_FullFeatures;classifier;classifier;classifier;N/A;N/A;N/A;2000;100;20;3900;0,0000;0,0000;0,0000;0,0000;0,0000;0,0000;1;0;0;0
20260614_0639;Consistência_25;classification;HoeffdingAdaptiveTree;Default_FullFeatures;classifier;classifier;classifier;N/A;N/A;N/A;2000;100;21;4000;0,0000;0,0000;0,0000;0,0000;0,0000;0,0000;0;0;0;0
20260614_0639;Consistência_25;classification;HoeffdingAdaptiveTree;Default_FullFeatures;classifier;classifier;classifier;N/A;N/A;N/A;2000;100;22;4100;0,0000;0,0000;0,0000;0,0000;0,0000;0,0000;0;0;0;0
20260614_0639;Consistência_25;classification;HoeffdingAdaptiveTree;Default_FullFeatures;classifier;classifier;classifier;N/A;N/A;N/A;2000;100;23;4200;0,0000;0,0000;0,0000;0,0000;0,0000;0,0000;0;0;0;0
20260614_0639;Consistência_25;classification;HoeffdingAdaptiveTree;Default_FullFeatures;classifier;classifier;classifier;N/A;N/A;N/A;2000;100;24;4300;0,0000;0,0000;0,0000;0,0000;0,0000;0,0000;0;0;0;0
20260614_0639;Consistência_25;classification;HoeffdingAdaptiveTree;Default_FullFeatures;classifier;classifier;classifier;N/A;N/A;N/A;2000;100;25;4400;0,0000;0,0000;0,0000;0,0000;0,0000;0,0000;0;0;0;0
20260614_0639;Consistência_25;classification;HoeffdingAdaptiveTree;Default_FullFeatures;classifier;classifier;classifier;N/A;N/A;N/A;2000;100;26;4500;0,0000;0,0000;0,0000;0,0000;0,0000;0,0000;0;0;0;0
20260614_0639;Consistência_25;classification;HoeffdingAdaptiveTree;Default_FullFeatures;classifier;classifier;classifier;N/A;N/A;N/A;2000;100;27;4600;0,0000;0,0000;0,0000;0,0000;0,0000;0,0000;0;0;0;0
20260614_0639;Consistência_25;classification;HoeffdingAdaptiveTree;Default_FullFeatures;classifier;classifier;classifier;N/A;N/A;N/A;2000;100;28;4700;0,0000;0,0000;0,0000;0,0000;0,0000;0,0000;0;0;0;0
20260614_0639;Consistência_25;classification;HoeffdingAdaptiveTree;Default_FullFeatures;classifier;classifier;classifier;N/A;N/A;N/A;2000;100;29;4800;0,0000;0,0000;0,0000;0,0000;0,0000;0,0000;0;0;0;0
20260614_0639;Consistência_25;classification;HoeffdingAdaptiveTree;Default_FullFeatures;classifier;classifier;classifier;N/A;N/A;N/A;2000;100;30;4900;0,0000;0,0000;0,0000;0,0000;0,0000;0,0000;0;0;0;0
20260614_0639;Consistência_25;classification;HoeffdingAdaptiveTree;Default_FullFeatures;classifier;classifier;classifier;N/A;N/A;N/A;2000;100;31;5000;0,0000;0,0000;0,0000;0,0000;0,0000;0,0000;0;0;0;0
20260614_0639;Consistência_25;classification;HoeffdingAdaptiveTree;Default_FullFeatures;classifier;classifier;classifier;N/A;N/A;N/A;2000;100;32;5100;0,0000;0,0000;0,0000;0,0000;0,0000;0,0000;0;0;0;0
20260614_0639;Consistência_25;classification;HoeffdingAdaptiveTree;Default_FullFeatures;classifier;classifier;classifier;N/A;N/A;N/A;2000;100;33;5200;0,0000;0,0000;0,0000;0,0000;0,0000;0,0000;0;0;0;0
20260614_0639;Consistência_25;classification;HoeffdingAdaptiveTree;Default_FullFeatures;classifier;classifier;classifier;N/A;N/A;N/A;2000;100;34;5300;0,0000;0,0000;0,0000;0,0000;0,0000;0,0000;0;0;0;0
20260614_0639;Consistência_25;classification;HoeffdingAdaptiveTree;Default_FullFeatures;classifier;classifier;classifier;N/A;N/A;N/A;2000;100;35;5400;0,0000;0,0000;0,0000;0,0000;0,0000;0,0000;0;0;0;0
20260614_0639;Consistência_25;classification;HoeffdingAdaptiveTree;Default_FullFeatures;classifier;classifier;classifier;N/A;N/A;N/A;2000;100;36;5500;0,0000;0,0000;0,0000;0,0000;0,0000;0,0000;0;0;0;0
20260614_0639;Consistência_25;classification;HoeffdingAdaptiveTree;Default_FullFeatures;classifier;classifier;classifier;N/A;N/A;N/A;2000;100;37;5600;0,0000;0,0000;0,0000;0,0000;0,0000;0,0000;0;0;0;0
20260614_0639;Consistência_25;classification;HoeffdingAdaptiveTree;Default_FullFeatures;classifier;classifier;classifier;N/A;N/A;N/A;2000;100;38;5700;0,0000;0,0000;0,0000;0,0000;0,0000;0,0000;0;0;0;0
20260614_0639;Consistência_25;classification;HoeffdingAdaptiveTree;Default_FullFeatures;classifier;classifier;classifier;N/A;N/A;N/A;2000;100;39;5800;0,0000;0,0000;0,0000;0,0000;0,0000;0,0000;0;0;0;0
20260614_0639;Consistência_25;classification;HoeffdingAdaptiveTree;Default_FullFeatures;classifier;classifier;classifier;N/A;N/A;N/A;2000;100;40;5900;0,0000;0,0000;0,0000;0,0000;0,0000;0,0000;0;0;0;0
20260614_0639;Consistência_25;classification;HoeffdingAdaptiveTree;Default_FullFeatures;classifier;classifier;classifier;N/A;N/A;N/A;2000;100;41;6000;0,0000;0,0000;0,0000;0,0000;0,0000;0,0000;0;0;0;0
20260614_0639;Consistência_25;classification;HoeffdingAdaptiveTree;Default_FullFeatures;classifier;classifier;classifier;N/A;N/A;N/A;2000;100;42;6100;0,0000;0,0000;0,0000;0,0000;0,0000;0,0000;0;0;0;0
20260614_0639;Consistência_25;classification;HoeffdingAdaptiveTree;Default_FullFeatures;classifier;classifier;classifier;N/A;N/A;N/A;2000;100;43;6200;0,0000;0,0000;0,0000;0,0000;0,0000;0,0000;0;0;0;0
20260614_0639;Consistência_25;classification;HoeffdingAdaptiveTree;Default_FullFeatures;classifier;classifier;classifier;N/A;N/A;N/A;2000;100;44;6300;0,0000;0,0000;0,0000;0,0000;0,0000;0,0000;0;0;0;0
20260614_0639;Consistência_25;classification;HoeffdingAdaptiveTree;Default_FullFeatures;classifier;classifier;classifier;N/A;N/A;N/A;2000;100;45;6400;0,0000;0,0000;0,0000;0,0000;0,0000;0,0000;0;0;0;0
20260614_0639;Consistência_25;classification;HoeffdingAdaptiveTree;Default_FullFeatures;classifier;classifier;classifier;N/A;N/A;N/A;2000;100;46;6500;0,0000;0,0000;0,0000;0,0000;0,0000;0,0000;0;0;0;0
20260614_0639;Consistência_25;classification;HoeffdingAdaptiveTree;Default_FullFeatures;classifier;classifier;classifier;N/A;N/A;N/A;2000;100;47;6600;0,0000;0,0000;0,0000;0,0000;0,0000;0,0000;0;0;0;0
20260614_0639;Consistência_25;classification;HoeffdingAdaptiveTree;Default_FullFeatures;classifier;classifier;classifier;N/A;N/A;N/A;2000;100;48;6700;0,0000;0,0000;0,0000;0,0000;0,0000;0,0000;0;0;0;0
20260614_0639;Consistência_25;classification;HoeffdingAdaptiveTree;Default_FullFeatures;classifier;classifier;classifier;N/A;N/A;N/A;2000;100;49;6800;0,0000;0,0000;0,0000;0,0000;0,0000;0,0000;0;0;0;0
20260614_0639;Consistência_25;classification;HoeffdingAdaptiveTree;Default_FullFeatures;classifier;classifier;classifier;N/A;N/A;N/A;2000;100;50;6900;0,0000;0,0000;0,0000;0,0000;0,0000;0,0000;0;0;0;0
20260614_0639;Consistência_25;classification;HoeffdingAdaptiveTree;Default_FullFeatures;classifier;classifier;classifier;N/A;N/A;N/A;2000;100;51;7000;0,0000;0,0000;0,0000;0,0000;0,0000;0,0000;0;0;0;0
20260614_0639;Consistência_25;classification;HoeffdingAdaptiveTree;Default_FullFeatures;classifier;classifier;classifier;N/A;N/A;N/A;2000;100;52;7100;0,0000;0,0000;0,0000;0,0000;0,0000;0,0000;0;0;0;0
20260614_0639;Consistência_25;classification;HoeffdingAdaptiveTree;Default_FullFeatures;classifier;classifier;classifier;N/A;N/A;N/A;2000;100;53;7200;0,0000;0,0000;0,0000;0,0000;0,0000;0,0000;0;0;0;0
20260614_0639;Consistência_25;classification;HoeffdingAdaptiveTree;Default_FullFeatures;classifier;classifier;classifier;N/A;N/A;N/A;2000;100;54;7300;0,0000;0,0000;0,0000;0,0000;0,0000;0,0000;0;0;0;0
20260614_0639;Consistência_25;classification;HoeffdingAdaptiveTree;Default_FullFeatures;classifier;classifier;classifier;N/A;N/A;N/A;2000;100;55;7400;0,0000;0,0000;0,0000;0,0000;0,0000;0,0000;0;0;0;0
20260614_0639;Consistência_25;classification;HoeffdingAdaptiveTree;Default_FullFeatures;classifier;classifier;classifier;N/A;N/A;N/A;2000;100;56;7500;0,0000;0,0000;0,0000;0,0000;0,0000;0,0000;0;0;0;0
20260614_0639;Consistência_25;classification;HoeffdingAdaptiveTree;Default_FullFeatures;classifier;classifier;classifier;N/A;N/A;N/A;2000;100;57;7600;87,8049;0,0000;100,0000;0,0000;78,2609;0,0000;0;0;5;0
20260614_0639;Consistência_25;classification;HoeffdingAdaptiveTree;Default_FullFeatures;classifier;classifier;classifier;N/A;N/A;N/A;2000;100;58;7700;0,0000;0,0000;0,0000;0,0000;0,0000;0,0000;0;0;0;0
20260614_0639;Consistência_25;classification;HoeffdingAdaptiveTree;Default_FullFeatures;classifier;classifier;classifier;N/A;N/A;N/A;2000;100;59;7800;0,0000;0,0000;0,0000;0,0000;0,0000;0,0000;0;0;0;0
20260614_0639;Consistência_25;classification;HoeffdingAdaptiveTree;Default_FullFeatures;classifier;classifier;classifier;N/A;N/A;N/A;2000;100;60;7900;0,0000;0,0000;0,0000;0,0000;0,0000;0,0000;0;0;0;0
20260614_0639;Consistência_25;classification;HoeffdingAdaptiveTree;Default_FullFeatures;classifier;classifier;classifier;N/A;N/A;N/A;2000;100;61;8000;0,0000;0,0000;0,0000;0,0000;0,0000;0,0000;0;0;0;0
20260614_0639;Consistência_25;classification;HoeffdingAdaptiveTree;Default_FullFeatures;classifier;classifier;classifier;N/A;N/A;N/A;2000;100;62;8100;0,0000;0,0000;0,0000;0,0000;0,0000;0,0000;0;0;0;0
20260614_0639;Consistência_25;classification;HoeffdingAdaptiveTree;Default_FullFeatures;classifier;classifier;classifier;N/A;N/A;N/A;2000;100;63;8200;0,0000;0,0000;0,0000;0,0000;0,0000;0,0000;0;0;0;0
20260614_0639;Consistência_25;classification;HoeffdingAdaptiveTree;Default_FullFeatures;classifier;classifier;classifier;N/A;N/A;N/A;2000;100;64;8300;0,0000;0,0000;0,0000;0,0000;0,0000;0,0000;0;0;0;0
20260614_0639;Consistência_25;classification;HoeffdingAdaptiveTree;Default_FullFeatures;classifier;classifier;classifier;N/A;N/A;N/A;2000;100;65;8400;0,0000;0,0000;0,0000;0,0000;0,0000;0,0000;0;0;0;0
20260614_0639;Consistência_25;classification;HoeffdingAdaptiveTree;Default_FullFeatures;classifier;classifier;classifier;N/A;N/A;N/A;2000;100;66;8500;0,0000;0,0000;0,0000;0,0000;0,0000;0,0000;0;0;0;0
20260614_0639;Consistência_25;classification;HoeffdingAdaptiveTree;Default_FullFeatures;classifier;classifier;classifier;N/A;N/A;N/A;2000;100;67;8600;0,0000;0,0000;0,0000;0,0000;0,0000;0,0000;0;0;0;0
20260614_0639;Consistência_25;classification;HoeffdingAdaptiveTree;Default_FullFeatures;classifier;classifier;classifier;N/A;N/A;N/A;2000;100;68;8700;0,0000;0,0000;0,0000;0,0000;0,0000;0,0000;0;0;0;0
20260614_0639;Consistência_25;classification;HoeffdingAdaptiveTree;Default_FullFeatures;classifier;classifier;classifier;N/A;N/A;N/A;2000;100;69;8800;0,0000;0,0000;0,0000;0,0000;0,0000;0,0000;0;0;0;0
20260614_0639;Consistência_25;classification;HoeffdingAdaptiveTree;Default_FullFeatures;classifier;classifier;classifier;N/A;N/A;N/A;2000;100;70;8900;0,0000;0,0000;0,0000;0,0000;0,0000;0,0000;0;0;0;0
20260614_0639;Consistência_25;classification;HoeffdingAdaptiveTree;Default_FullFeatures;classifier;classifier;classifier;N/A;N/A;N/A;2000;100;71;9000;0,0000;0,0000;0,0000;0,0000;0,0000;0,0000;0;0;0;0
20260614_0639;Consistência_25;classification;HoeffdingAdaptiveTree;Default_FullFeatures;classifier;classifier;classifier;N/A;N/A;N/A;2000;100;72;9100;0,0000;0,0000;0,0000;0,0000;0,0000;0,0000;0;0;0;0
20260614_0639;Consistência_25;classification;HoeffdingAdaptiveTree;Default_FullFeatures;classifier;classifier;classifier;N/A;N/A;N/A;2000;100;73;9200;0,0000;0,0000;0,0000;0,0000;0,0000;0,0000;0;0;0;0
20260614_0639;Consistência_25;classification;HoeffdingAdaptiveTree;Default_FullFeatures;classifier;classifier;classifier;N/A;N/A;N/A;2000;100;74;9300;0,0000;0,0000;0,0000;0,0000;0,0000;0,0000;0;0;0;0
20260614_0639;Consistência_25;classification;HoeffdingAdaptiveTree;Default_FullFeatures;classifier;classifier;classifier;N/A;N/A;N/A;2000;100;75;9400;0,0000;0,0000;0,0000;0,0000;0,0000;0,0000;0;0;0;0
20260614_0639;Consistência_25;classification;HoeffdingAdaptiveTree;Default_FullFeatures;classifier;classifier;classifier;N/A;N/A;N/A;2000;100;76;9500;0,0000;0,0000;0,0000;0,0000;0,0000;0,0000;0;0;0;0
20260614_0639;Consistência_25;classification;HoeffdingAdaptiveTree;Default_FullFeatures;classifier;classifier;classifier;N/A;N/A;N/A;2000;100;77;9600;0,0000;0,0000;0,0000;0,0000;0,0000;0,0000;0;0;0;0
20260614_0639;Consistência_25;classification;HoeffdingAdaptiveTree;Default_FullFeatures;classifier;classifier;classifier;N/A;N/A;N/A;2000;100;78;9700;0,0000;0,0000;0,0000;0,0000;0,0000;0,0000;0;0;0;0
20260614_0639;Consistência_25;classification;HoeffdingAdaptiveTree;Default_FullFeatures;classifier;classifier;classifier;N/A;N/A;N/A;2000;100;79;9800;0,0000;0,0000;0,0000;0,0000;0,0000;0,0000;0;0;0;0
20260614_0639;Consistência_25;classification;HoeffdingAdaptiveTree;Default_FullFeatures;classifier;classifier;classifier;N/A;N/A;N/A;2000;100;80;9900;0,0000;0,0000;0,0000;0,0000;0,0000;0,0000;0;0;0;0
20260614_0639;Consistência_25;classification;HoeffdingAdaptiveTree;Default_FullFeatures;classifier;classifier;classifier;N/A;N/A;N/A;2000;100;81;10000;0,0000;0,0000;0,0000;0,0000;0,0000;0,0000;0;0;0;0
20260614_0639;Consistência_25;classification;HoeffdingAdaptiveTree;Default_FullFeatures;classifier;classifier;classifier;N/A;N/A;N/A;2000;100;82;10100;0,0000;0,0000;0,0000;0,0000;0,0000;0,0000;0;0;0;0
20260614_0639;Consistência_25;classification;HoeffdingAdaptiveTree;Default_FullFeatures;classifier;classifier;classifier;N/A;N/A;N/A;2000;100;83;10200;0,0000;0,0000;0,0000;0,0000;0,0000;0,0000;0;0;0;0
20260614_0639;Consistência_25;classification;HoeffdingAdaptiveTree;Default_FullFeatures;classifier;classifier;classifier;N/A;N/A;N/A;2000;100;84;10300;0,0000;0,0000;0,0000;0,0000;0,0000;0,0000;0;0;0;0
20260614_0639;Consistência_25;classification;HoeffdingAdaptiveTree;Default_FullFeatures;classifier;classifier;classifier;N/A;N/A;N/A;2000;100;85;10400;0,0000;0,0000;0,0000;0,0000;0,0000;0,0000;0;0;0;0
20260614_0639;Consistência_25;classification;HoeffdingAdaptiveTree;Default_FullFeatures;classifier;classifier;classifier;N/A;N/A;N/A;2000;100;86;10500;0,0000;0,0000;0,0000;0,0000;0,0000;0,0000;0;0;0;0
20260614_0639;Consistência_25;classification;HoeffdingAdaptiveTree;Default_FullFeatures;classifier;classifier;classifier;N/A;N/A;N/A;2000;100;87;10600;0,0000;0,0000;0,0000;0,0000;0,0000;0,0000;0;0;0;0
20260614_0639;Consistência_25;classification;HoeffdingAdaptiveTree;Default_FullFeatures;classifier;classifier;classifier;N/A;N/A;N/A;2000;100;88;10700;0,0000;0,0000;0,0000;0,0000;0,0000;0,0000;0;0;0;0
20260614_0639;Consistência_25;classification;HoeffdingAdaptiveTree;Default_FullFeatures;classifier;classifier;classifier;N/A;N/A;N/A;2000;100;89;10800;0,0000;0,0000;0,0000;0,0000;0,0000;0,0000;0;0;0;0
20260614_0639;Consistência_25;classification;HoeffdingAdaptiveTree;Default_FullFeatures;classifier;classifier;classifier;N/A;N/A;N/A;2000;100;90;10900;0,0000;0,0000;0,0000;0,0000;0,0000;0,0000;0;0;0;0
20260614_0639;Consistência_25;classification;HoeffdingAdaptiveTree;Default_FullFeatures;classifier;classifier;classifier;N/A;N/A;N/A;2000;100;91;11000;0,0000;0,0000;0,0000;0,0000;0,0000;0,0000;0;0;0;0
20260614_0639;Consistência_25;classification;HoeffdingAdaptiveTree;Default_FullFeatures;classifier;classifier;classifier;N/A;N/A;N/A;2000;100;92;11100;0,0000;0,0000;0,0000;0,0000;0,0000;0,0000;0;0;0;0
20260614_0639;Consistência_25;classification;HoeffdingAdaptiveTree;Default_FullFeatures;classifier;classifier;classifier;N/A;N/A;N/A;2000;100;93;11200;0,0000;0,0000;0,0000;0,0000;0,0000;0,0000;0;0;0;0
20260614_0639;Consistência_25;classification;HoeffdingAdaptiveTree;Default_FullFeatures;classifier;classifier;classifier;N/A;N/A;N/A;2000;100;94;11300;100,0000;0,0000;100,0000;0,0000;100,0000;0,0000;0;0;0;0
20260614_0639;Consistência_25;classification;HoeffdingAdaptiveTree;Default_FullFeatures;classifier;classifier;classifier;N/A;N/A;N/A;2000;100;95;11400;93,0233;0,0000;100,0000;0,0000;86,9565;0,0000;0;0;3;0
20260614_0639;Consistência_25;classification;HoeffdingAdaptiveTree;Default_FullFeatures;classifier;classifier;classifier;N/A;N/A;N/A;2000;100;96;11500;0,0000;0,0000;0,0000;0,0000;0,0000;0,0000;0;0;0;0
20260614_0639;Consistência_25;classification;HoeffdingAdaptiveTree;Default_FullFeatures;classifier;classifier;classifier;N/A;N/A;N/A;2000;100;97;11600;0,0000;0,0000;0,0000;0,0000;0,0000;0,0000;0;0;0;0
20260614_0639;Consistência_25;classification;HoeffdingAdaptiveTree;Default_FullFeatures;classifier;classifier;classifier;N/A;N/A;N/A;2000;100;98;11700;0,0000;0,0000;0,0000;0,0000;0,0000;0,0000;0;0;0;0
20260614_0639;Consistência_25;classification;HoeffdingAdaptiveTree;Default_FullFeatures;classifier;classifier;classifier;N/A;N/A;N/A;2000;100;99;11800;0,0000;0,0000;0,0000;0,0000;0,0000;0,0000;0;0;0;0
20260614_0639;Consistência_25;classification;HoeffdingAdaptiveTree;Default_FullFeatures;classifier;classifier;classifier;N/A;N/A;N/A;2000;100;100;11900;0,0000;0,0000;0,0000;0,0000;0,0000;0,0000;0;0;0;0
20260614_0639;Consistência_25;classification;HoeffdingAdaptiveTree;Default_FullFeatures;classifier;classifier;classifier;N/A;N/A;N/A;2000;100;101;12000;0,0000;0,0000;0,0000;0,0000;0,0000;0,0000;0;0;0;0
20260614_0639;Consistência_25;classification;HoeffdingAdaptiveTree;Default_FullFeatures;classifier;classifier;classifier;N/A;N/A;N/A;2000;100;102;12100;0,0000;0,0000;0,0000;0,0000;0,0000;0,0000;0;0;0;0
20260614_0639;Consistência_25;classification;HoeffdingAdaptiveTree;Default_FullFeatures;classifier;classifier;classifier;N/A;N/A;N/A;2000;100;103;12200;0,0000;0,0000;0,0000;0,0000;0,0000;0,0000;0;0;0;0
20260614_0639;Consistência_25;classification;HoeffdingAdaptiveTree;Default_FullFeatures;classifier;classifier;classifier;N/A;N/A;N/A;2000;100;104;12300;0,0000;0,0000;0,0000;0,0000;0,0000;0,0000;0;0;0;0
20260614_0639;Consistência_25;classification;HoeffdingAdaptiveTree;Default_FullFeatures;classifier;classifier;classifier;N/A;N/A;N/A;2000;100;105;12400;0,0000;0,0000;0,0000;0,0000;0,0000;0,0000;0;0;0;0
20260614_0639;Consistência_25;classification;HoeffdingAdaptiveTree;Default_FullFeatures;classifier;classifier;classifier;N/A;N/A;N/A;2000;100;106;12500;0,0000;0,0000;0,0000;0,0000;0,0000;0,0000;0;0;0;0
20260614_0639;Consistência_25;classification;HoeffdingAdaptiveTree;Default_FullFeatures;classifier;classifier;classifier;N/A;N/A;N/A;2000;100;107;12600;0,0000;0,0000;0,0000;0,0000;0,0000;0,0000;0;0;0;0
20260614_0639;Consistência_25;classification;HoeffdingAdaptiveTree;Default_FullFeatures;classifier;classifier;classifier;N/A;N/A;N/A;2000;100;108;12700;0,0000;0,0000;0,0000;0,0000;0,0000;0,0000;0;0;0;0
20260614_0639;Consistência_25;classification;HoeffdingAdaptiveTree;Default_FullFeatures;classifier;classifier;classifier;N/A;N/A;N/A;2000;100;109;12800;0,0000;0,0000;0,0000;0,0000;0,0000;0,0000;0;0;0;0
20260614_0639;Consistência_25;classification;HoeffdingAdaptiveTree;Default_FullFeatures;classifier;classifier;classifier;N/A;N/A;N/A;2000;100;110;12900;0,0000;0,0000;0,0000;0,0000;0,0000;0,0000;0;0;0;0
20260614_0639;Consistência_25;classification;HoeffdingAdaptiveTree;Default_FullFeatures;classifier;classifier;classifier;N/A;N/A;N/A;2000;100;111;13000;0,0000;0,0000;0,0000;0,0000;0,0000;0,0000;0;0;0;0
20260614_0639;Consistência_25;classification;HoeffdingAdaptiveTree;Default_FullFeatures;classifier;classifier;classifier;N/A;N/A;N/A;2000;100;112;13100;0,0000;0,0000;0,0000;0,0000;0,0000;0,0000;0;0;0;0
20260614_0639;Consistência_25;classification;HoeffdingAdaptiveTree;Default_FullFeatures;classifier;classifier;classifier;N/A;N/A;N/A;2000;100;113;13200;0,0000;0,0000;0,0000;0,0000;0,0000;0,0000;0;0;0;0
20260614_0639;Consistência_25;classification;HoeffdingAdaptiveTree;Default_FullFeatures;classifier;classifier;classifier;N/A;N/A;N/A;2000;100;114;13300;0,0000;0,0000;0,0000;0,0000;0,0000;0,0000;0;0;0;0
20260614_0639;Consistência_25;classification;HoeffdingAdaptiveTree;Default_FullFeatures;classifier;classifier;classifier;N/A;N/A;N/A;2000;100;115;13400;0,0000;0,0000;0,0000;0,0000;0,0000;0,0000;0;0;0;0
20260614_0639;Consistência_25;classification;HoeffdingAdaptiveTree;Default_FullFeatures;classifier;classifier;classifier;N/A;N/A;N/A;2000;100;116;13500;0,0000;0,0000;0,0000;0,0000;0,0000;0,0000;0;0;0;0
20260614_0639;Consistência_25;classification;HoeffdingAdaptiveTree;Default_FullFeatures;classifier;classifier;classifier;N/A;N/A;N/A;2000;100;117;13600;0,0000;0,0000;0,0000;0,0000;0,0000;0,0000;0;0;0;0
20260614_0639;Consistência_25;classification;HoeffdingAdaptiveTree;Default_FullFeatures;classifier;classifier;classifier;N/A;N/A;N/A;2000;100;118;13700;0,0000;0,0000;0,0000;0,0000;0,0000;0,0000;0;0;0;0
20260614_0639;Consistência_25;classification;HoeffdingAdaptiveTree;Default_FullFeatures;classifier;classifier;classifier;N/A;N/A;N/A;2000;100;119;13800;0,0000;0,0000;0,0000;0,0000;0,0000;0,0000;0;0;0;0
20260614_0639;Consistência_25;classification;HoeffdingAdaptiveTree;Default_FullFeatures;classifier;classifier;classifier;N/A;N/A;N/A;2000;100;120;13900;0,0000;0,0000;0,0000;0,0000;0,0000;0,0000;0;0;0;0
20260614_0639;Consistência_25;classification;HoeffdingAdaptiveTree;Default_FullFeatures;classifier;classifier;classifier;N/A;N/A;N/A;2000;100;121;14000;0,0000;0,0000;0,0000;0,0000;0,0000;0,0000;0;0;0;0
20260614_0639;Consistência_25;classification;HoeffdingAdaptiveTree;Default_FullFeatures;classifier;classifier;classifier;N/A;N/A;N/A;2000;100;122;14100;0,0000;0,0000;0,0000;0,0000;0,0000;0,0000;0;0;0;0
20260614_0639;Consistência_25;classification;HoeffdingAdaptiveTree;Default_FullFeatures;classifier;classifier;classifier;N/A;N/A;N/A;2000;100;123;14200;0,0000;0,0000;0,0000;0,0000;0,0000;0,0000;0;0;0;0
20260614_0639;Consistência_25;classification;HoeffdingAdaptiveTree;Default_FullFeatures;classifier;classifier;classifier;N/A;N/A;N/A;2000;100;124;14300;0,0000;0,0000;0,0000;0,0000;0,0000;0,0000;0;0;0;0
20260614_0639;Consistência_25;classification;HoeffdingAdaptiveTree;Default_FullFeatures;classifier;classifier;classifier;N/A;N/A;N/A;2000;100;125;14400;0,0000;0,0000;0,0000;0,0000;0,0000;0,0000;0;0;0;0
20260614_0639;Consistência_25;classification;HoeffdingAdaptiveTree;Default_FullFeatures;classifier;classifier;classifier;N/A;N/A;N/A;2000;100;126;14500;0,0000;0,0000;0,0000;0,0000;0,0000;0,0000;0;0;0;0
20260614_0639;Consistência_25;classification;HoeffdingAdaptiveTree;Default_FullFeatures;classifier;classifier;classifier;N/A;N/A;N/A;2000;100;127;14600;0,0000;0,0000;0,0000;0,0000;0,0000;0,0000;0;0;0;0
20260614_0639;Consistência_25;classification;HoeffdingAdaptiveTree;Default_FullFeatures;classifier;classifier;classifier;N/A;N/A;N/A;2000;100;128;14700;0,0000;0,0000;0,0000;0,0000;0,0000;0,0000;0;0;0;0
20260614_0639;Consistência_25;classification;HoeffdingAdaptiveTree;Default_FullFeatures;classifier;classifier;classifier;N/A;N/A;N/A;2000;100;129;14800;0,0000;0,0000;0,0000;0,0000;0,0000;0,0000;0;0;0;0
20260614_0639;Consistência_25;classification;HoeffdingAdaptiveTree;Default_FullFeatures;classifier;classifier;classifier;N/A;N/A;N/A;2000;100;130;14900;0,0000;0,0000;0,0000;0,0000;0,0000;0,0000;0;0;0;0
20260614_0639;Consistência_25;classification;HoeffdingAdaptiveTree;Default_FullFeatures;classifier;classifier;classifier;N/A;N/A;N/A;2000;100;131;15000;0,0000;0,0000;0,0000;0,0000;0,0000;0,0000;0;0;0;0
20260614_0639;Consistência_200;classification;HoeffdingAdaptiveTree;Default_FullFeatures;classifier;classifier;classifier;N/A;N/A;N/A;2000;100;1;2000;0,0000;0,0000;0,0000;0,0000;0,0000;0,0000;0;0;0;0
20260614_0639;Consistência_200;classification;HoeffdingAdaptiveTree;Default_FullFeatures;classifier;classifier;classifier;N/A;N/A;N/A;2000;100;2;2100;0,0000;0,0000;0,0000;0,0000;0,0000;0,0000;0;0;0;0
20260614_0639;Consistência_200;classification;HoeffdingAdaptiveTree;Default_FullFeatures;classifier;classifier;classifier;N/A;N/A;N/A;2000;100;3;2200;0,0000;0,0000;0,0000;0,0000;0,0000;0,0000;0;0;0;0
20260614_0639;Consistência_200;classification;HoeffdingAdaptiveTree;Default_FullFeatures;classifier;classifier;classifier;N/A;N/A;N/A;2000;100;4;2300;0,0000;0,0000;0,0000;0,0000;0,0000;0,0000;0;0;0;0
20260614_0639;Consistência_200;classification;HoeffdingAdaptiveTree;Default_FullFeatures;classifier;classifier;classifier;N/A;N/A;N/A;2000;100;5;2400;0,0000;0,0000;0,0000;0,0000;0,0000;0,0000;0;0;0;0
20260614_0639;Consistência_200;classification;HoeffdingAdaptiveTree;Default_FullFeatures;classifier;classifier;classifier;N/A;N/A;N/A;2000;100;6;2500;0,0000;0,0000;0,0000;0,0000;0,0000;0,0000;0;0;0;0
20260614_0639;Consistência_200;classification;HoeffdingAdaptiveTree;Default_FullFeatures;classifier;classifier;classifier;N/A;N/A;N/A;2000;100;7;2600;0,0000;0,0000;0,0000;0,0000;0,0000;0,0000;0;0;0;0
20260614_0639;Consistência_200;classification;HoeffdingAdaptiveTree;Default_FullFeatures;classifier;classifier;classifier;N/A;N/A;N/A;2000;100;8;2700;0,0000;0,0000;0,0000;0,0000;0,0000;0,0000;0;0;0;0
20260614_0639;Consistência_200;classification;HoeffdingAdaptiveTree;Default_FullFeatures;classifier;classifier;classifier;N/A;N/A;N/A;2000;100;9;2800;0,0000;0,0000;0,0000;0,0000;0,0000;0,0000;0;0;0;0
20260614_0639;Consistência_200;classification;HoeffdingAdaptiveTree;Default_FullFeatures;classifier;classifier;classifier;N/A;N/A;N/A;2000;100;10;2900;0,0000;0,0000;0,0000;0,0000;0,0000;0,0000;0;0;0;0
20260614_0639;Consistência_200;classification;HoeffdingAdaptiveTree;Default_FullFeatures;classifier;classifier;classifier;N/A;N/A;N/A;2000;100;11;3000;0,0000;0,0000;0,0000;0,0000;0,0000;0,0000;0;0;0;0
20260614_0639;Consistência_200;classification;HoeffdingAdaptiveTree;Default_FullFeatures;classifier;classifier;classifier;N/A;N/A;N/A;2000;100;12;3100;0,0000;0,0000;0,0000;0,0000;0,0000;0,0000;0;0;0;0
20260614_0639;Consistência_200;classification;HoeffdingAdaptiveTree;Default_FullFeatures;classifier;classifier;classifier;N/A;N/A;N/A;2000;100;13;3200;0,0000;0,0000;0,0000;0,0000;0,0000;0,0000;0;0;0;0
20260614_0639;Consistência_200;classification;HoeffdingAdaptiveTree;Default_FullFeatures;classifier;classifier;classifier;N/A;N/A;N/A;2000;100;14;3300;0,0000;0,0000;0,0000;0,0000;0,0000;0,0000;0;0;0;0
20260614_0639;Consistência_200;classification;HoeffdingAdaptiveTree;Default_FullFeatures;classifier;classifier;classifier;N/A;N/A;N/A;2000;100;15;3400;0,0000;0,0000;0,0000;0,0000;0,0000;0,0000;0;0;0;0
20260614_0639;Consistência_200;classification;HoeffdingAdaptiveTree;Default_FullFeatures;classifier;classifier;classifier;N/A;N/A;N/A;2000;100;16;3500;0,0000;0,0000;0,0000;0,0000;0,0000;0,0000;0;0;0;0
20260614_0639;Consistência_200;classification;HoeffdingAdaptiveTree;Default_FullFeatures;classifier;classifier;classifier;N/A;N/A;N/A;2000;100;17;3600;0,0000;0,0000;0,0000;0,0000;0,0000;0,0000;0;0;0;0
20260614_0639;Consistência_200;classification;HoeffdingAdaptiveTree;Default_FullFeatures;classifier;classifier;classifier;N/A;N/A;N/A;2000;100;18;3700;0,0000;0,0000;0,0000;0,0000;0,0000;0,0000;0;0;0;0
20260614_0639;Consistência_200;classification;HoeffdingAdaptiveTree;Default_FullFeatures;classifier;classifier;classifier;N/A;N/A;N/A;2000;100;19;3800;94,6237;0,0000;100,0000;0,0000;89,7959;0,0000;0;0;5;0
20260614_0639;Consistência_200;classification;HoeffdingAdaptiveTree;Default_FullFeatures;classifier;classifier;classifier;N/A;N/A;N/A;2000;100;20;3900;98,0892;0,0000;100,0000;0,0000;96,2500;0,0000;0;0;3;0
20260614_0639;Consistência_200;classification;HoeffdingAdaptiveTree;Default_FullFeatures;classifier;classifier;classifier;N/A;N/A;N/A;2000;100;21;4000;98,9474;0,0000;100,0000;0,0000;97,9167;0,0000;0;0;1;0
20260614_0639;Consistência_200;classification;HoeffdingAdaptiveTree;Default_FullFeatures;classifier;classifier;classifier;N/A;N/A;N/A;2000;100;22;4100;0,0000;0,0000;0,0000;0,0000;0,0000;0,0000;0;0;0;0
20260614_0639;Consistência_200;classification;HoeffdingAdaptiveTree;Default_FullFeatures;classifier;classifier;classifier;N/A;N/A;N/A;2000;100;23;4200;0,0000;0,0000;0,0000;0,0000;0,0000;0,0000;1;0;0;0
20260614_0639;Consistência_200;classification;HoeffdingAdaptiveTree;Default_FullFeatures;classifier;classifier;classifier;N/A;N/A;N/A;2000;100;24;4300;0,0000;0,0000;0,0000;0,0000;0,0000;0,0000;0;0;0;0
20260614_0639;Consistência_200;classification;HoeffdingAdaptiveTree;Default_FullFeatures;classifier;classifier;classifier;N/A;N/A;N/A;2000;100;25;4400;0,0000;0,0000;0,0000;0,0000;0,0000;0,0000;1;0;0;0
20260614_0639;Consistência_200;classification;HoeffdingAdaptiveTree;Default_FullFeatures;classifier;classifier;classifier;N/A;N/A;N/A;2000;100;26;4500;0,0000;0,0000;0,0000;0,0000;0,0000;0,0000;0;0;0;0
20260614_0639;Consistência_200;classification;HoeffdingAdaptiveTree;Default_FullFeatures;classifier;classifier;classifier;N/A;N/A;N/A;2000;100;27;4600;0,0000;0,0000;0,0000;0,0000;0,0000;0,0000;0;0;0;0
20260614_0639;Consistência_200;classification;HoeffdingAdaptiveTree;Default_FullFeatures;classifier;classifier;classifier;N/A;N/A;N/A;2000;100;28;4700;0,0000;0,0000;0,0000;0,0000;0,0000;0,0000;0;0;0;0
20260614_0639;Consistência_200;classification;HoeffdingAdaptiveTree;Default_FullFeatures;classifier;classifier;classifier;N/A;N/A;N/A;2000;100;29;4800;0,0000;0,0000;0,0000;0,0000;0,0000;0,0000;1;0;0;0
20260614_0639;Consistência_200;classification;HoeffdingAdaptiveTree;Default_FullFeatures;classifier;classifier;classifier;N/A;N/A;N/A;2000;100;30;4900;0,0000;0,0000;0,0000;0,0000;0,0000;0,0000;1;0;0;0
20260614_0639;Consistência_200;classification;HoeffdingAdaptiveTree;Default_FullFeatures;classifier;classifier;classifier;N/A;N/A;N/A;2000;100;31;5000;0,0000;0,0000;0,0000;0,0000;0,0000;0,0000;1;0;0;0
20260614_0639;Consistência_200;classification;HoeffdingAdaptiveTree;Default_FullFeatures;classifier;classifier;classifier;N/A;N/A;N/A;2000;100;32;5100;0,0000;0,0000;0,0000;0,0000;0,0000;0,0000;0;0;0;0
20260614_0639;Consistência_200;classification;HoeffdingAdaptiveTree;Default_FullFeatures;classifier;classifier;classifier;N/A;N/A;N/A;2000;100;33;5200;0,0000;0,0000;0,0000;0,0000;0,0000;0,0000;1;0;0;0
20260614_0639;Consistência_200;classification;HoeffdingAdaptiveTree;Default_FullFeatures;classifier;classifier;classifier;N/A;N/A;N/A;2000;100;34;5300;0,0000;0,0000;0,0000;0,0000;0,0000;0,0000;0;0;0;0
20260614_0639;Consistência_200;classification;HoeffdingAdaptiveTree;Default_FullFeatures;classifier;classifier;classifier;N/A;N/A;N/A;2000;100;35;5400;0,0000;0,0000;0,0000;0,0000;0,0000;0,0000;0;0;0;0
20260614_0639;Consistência_200;classification;HoeffdingAdaptiveTree;Default_FullFeatures;classifier;classifier;classifier;N/A;N/A;N/A;2000;100;36;5500;0,0000;0,0000;0,0000;0,0000;0,0000;0,0000;0;0;0;0
20260614_0639;Consistência_200;classification;HoeffdingAdaptiveTree;Default_FullFeatures;classifier;classifier;classifier;N/A;N/A;N/A;2000;100;37;5600;0,0000;0,0000;0,0000;0,0000;0,0000;0,0000;0;0;0;0
20260614_0639;Consistência_200;classification;HoeffdingAdaptiveTree;Default_FullFeatures;classifier;classifier;classifier;N/A;N/A;N/A;2000;100;38;5700;0,0000;0,0000;0,0000;0,0000;0,0000;0,0000;0;0;0;0
20260614_0639;Consistência_200;classification;HoeffdingAdaptiveTree;Default_FullFeatures;classifier;classifier;classifier;N/A;N/A;N/A;2000;100;39;5800;0,0000;0,0000;0,0000;0,0000;0,0000;0,0000;0;0;0;0
20260614_0639;Consistência_200;classification;HoeffdingAdaptiveTree;Default_FullFeatures;classifier;classifier;classifier;N/A;N/A;N/A;2000;100;40;5900;0,0000;0,0000;0,0000;0,0000;0,0000;0,0000;0;0;0;0
20260614_0639;Consistência_200;classification;HoeffdingAdaptiveTree;Default_FullFeatures;classifier;classifier;classifier;N/A;N/A;N/A;2000;100;41;6000;0,0000;0,0000;0,0000;0,0000;0,0000;0,0000;0;0;0;0
20260614_0639;Consistência_200;classification;HoeffdingAdaptiveTree;Default_FullFeatures;classifier;classifier;classifier;N/A;N/A;N/A;2000;100;42;6100;0,0000;0,0000;0,0000;0,0000;0,0000;0,0000;0;0;0;0
20260614_0639;Consistência_200;classification;HoeffdingAdaptiveTree;Default_FullFeatures;classifier;classifier;classifier;N/A;N/A;N/A;2000;100;43;6200;0,0000;0,0000;0,0000;0,0000;0,0000;0,0000;0;0;0;0
20260614_0639;Consistência_200;classification;HoeffdingAdaptiveTree;Default_FullFeatures;classifier;classifier;classifier;N/A;N/A;N/A;2000;100;44;6300;0,0000;0,0000;0,0000;0,0000;0,0000;0,0000;0;0;0;0
20260614_0639;Consistência_200;classification;HoeffdingAdaptiveTree;Default_FullFeatures;classifier;classifier;classifier;N/A;N/A;N/A;2000;100;45;6400;0,0000;0,0000;0,0000;0,0000;0,0000;0,0000;0;0;0;0
20260614_0639;Consistência_200;classification;HoeffdingAdaptiveTree;Default_FullFeatures;classifier;classifier;classifier;N/A;N/A;N/A;2000;100;46;6500;0,0000;0,0000;0,0000;0,0000;0,0000;0,0000;0;0;0;0
20260614_0639;Consistência_200;classification;HoeffdingAdaptiveTree;Default_FullFeatures;classifier;classifier;classifier;N/A;N/A;N/A;2000;100;47;6600;0,0000;0,0000;0,0000;0,0000;0,0000;0,0000;0;0;0;0
20260614_0639;Consistência_200;classification;HoeffdingAdaptiveTree;Default_FullFeatures;classifier;classifier;classifier;N/A;N/A;N/A;2000;100;48;6700;0,0000;0,0000;0,0000;0,0000;0,0000;0,0000;0;0;0;0
20260614_0639;Consistência_200;classification;HoeffdingAdaptiveTree;Default_FullFeatures;classifier;classifier;classifier;N/A;N/A;N/A;2000;100;49;6800;0,0000;0,0000;0,0000;0,0000;0,0000;0,0000;0;0;0;0
20260614_0639;Consistência_200;classification;HoeffdingAdaptiveTree;Default_FullFeatures;classifier;classifier;classifier;N/A;N/A;N/A;2000;100;50;6900;0,0000;0,0000;0,0000;0,0000;0,0000;0,0000;0;0;0;0
20260614_0639;Consistência_200;classification;HoeffdingAdaptiveTree;Default_FullFeatures;classifier;classifier;classifier;N/A;N/A;N/A;2000;100;51;7000;0,0000;0,0000;0,0000;0,0000;0,0000;0,0000;0;0;0;0
20260614_0639;Consistência_200;classification;HoeffdingAdaptiveTree;Default_FullFeatures;classifier;classifier;classifier;N/A;N/A;N/A;2000;100;52;7100;0,0000;0,0000;0,0000;0,0000;0,0000;0,0000;0;0;0;0
20260614_0639;Consistência_200;classification;HoeffdingAdaptiveTree;Default_FullFeatures;classifier;classifier;classifier;N/A;N/A;N/A;2000;100;53;7200;0,0000;0,0000;0,0000;0,0000;0,0000;0,0000;0;0;0;0
20260614_0639;Consistência_200;classification;HoeffdingAdaptiveTree;Default_FullFeatures;classifier;classifier;classifier;N/A;N/A;N/A;2000;100;54;7300;0,0000;0,0000;0,0000;0,0000;0,0000;0,0000;0;0;0;0
20260614_0639;Consistência_200;classification;HoeffdingAdaptiveTree;Default_FullFeatures;classifier;classifier;classifier;N/A;N/A;N/A;2000;100;55;7400;0,0000;0,0000;0,0000;0,0000;0,0000;0,0000;0;0;0;0
20260614_0639;Consistência_200;classification;HoeffdingAdaptiveTree;Default_FullFeatures;classifier;classifier;classifier;N/A;N/A;N/A;2000;100;56;7500;0,0000;0,0000;0,0000;0,0000;0,0000;0,0000;0;0;0;0
20260614_0639;Consistência_200;classification;HoeffdingAdaptiveTree;Default_FullFeatures;classifier;classifier;classifier;N/A;N/A;N/A;2000;100;57;7600;0,0000;0,0000;0,0000;0,0000;0,0000;0,0000;0;0;0;0
20260614_0639;Consistência_200;classification;HoeffdingAdaptiveTree;Default_FullFeatures;classifier;classifier;classifier;N/A;N/A;N/A;2000;100;58;7700;100,0000;0,0000;100,0000;0,0000;100,0000;0,0000;0;0;0;0
20260614_0639;Consistência_200;classification;HoeffdingAdaptiveTree;Default_FullFeatures;classifier;classifier;classifier;N/A;N/A;N/A;2000;100;59;7800;95,7895;0,0000;100,0000;0,0000;91,9192;0,0000;0;0;8;0
20260614_0639;Consistência_200;classification;HoeffdingAdaptiveTree;Default_FullFeatures;classifier;classifier;classifier;N/A;N/A;N/A;2000;100;60;7900;96,1749;0,0000;100,0000;0,0000;92,6316;0,0000;0;0;7;0
20260614_0639;Consistência_200;classification;HoeffdingAdaptiveTree;Default_FullFeatures;classifier;classifier;classifier;N/A;N/A;N/A;2000;100;61;8000;0,0000;0,0000;0,0000;0,0000;0,0000;0,0000;0;0;0;0
20260614_0639;Consistência_200;classification;HoeffdingAdaptiveTree;Default_FullFeatures;classifier;classifier;classifier;N/A;N/A;N/A;2000;100;62;8100;0,0000;0,0000;0,0000;0,0000;0,0000;0,0000;0;0;0;0
20260614_0639;Consistência_200;classification;HoeffdingAdaptiveTree;Default_FullFeatures;classifier;classifier;classifier;N/A;N/A;N/A;2000;100;63;8200;0,0000;0,0000;0,0000;0,0000;0,0000;0,0000;0;0;0;0
20260614_0639;Consistência_200;classification;HoeffdingAdaptiveTree;Default_FullFeatures;classifier;classifier;classifier;N/A;N/A;N/A;2000;100;64;8300;0,0000;0,0000;0,0000;0,0000;0,0000;0,0000;0;0;0;0
20260614_0639;Consistência_200;classification;HoeffdingAdaptiveTree;Default_FullFeatures;classifier;classifier;classifier;N/A;N/A;N/A;2000;100;65;8400;0,0000;0,0000;0,0000;0,0000;0,0000;0,0000;0;0;0;0
20260614_0639;Consistência_200;classification;HoeffdingAdaptiveTree;Default_FullFeatures;classifier;classifier;classifier;N/A;N/A;N/A;2000;100;66;8500;0,0000;0,0000;0,0000;0,0000;0,0000;0,0000;0;0;0;0
20260614_0639;Consistência_200;classification;HoeffdingAdaptiveTree;Default_FullFeatures;classifier;classifier;classifier;N/A;N/A;N/A;2000;100;67;8600;0,0000;0,0000;0,0000;0,0000;0,0000;0,0000;0;0;0;0
20260614_0639;Consistência_200;classification;HoeffdingAdaptiveTree;Default_FullFeatures;classifier;classifier;classifier;N/A;N/A;N/A;2000;100;68;8700;0,0000;0,0000;0,0000;0,0000;0,0000;0,0000;0;0;0;0
20260614_0639;Consistência_200;classification;HoeffdingAdaptiveTree;Default_FullFeatures;classifier;classifier;classifier;N/A;N/A;N/A;2000;100;69;8800;0,0000;0,0000;0,0000;0,0000;0,0000;0,0000;0;0;0;0
20260614_0639;Consistência_200;classification;HoeffdingAdaptiveTree;Default_FullFeatures;classifier;classifier;classifier;N/A;N/A;N/A;2000;100;70;8900;0,0000;0,0000;0,0000;0,0000;0,0000;0,0000;0;0;0;0
20260614_0639;Consistência_200;classification;HoeffdingAdaptiveTree;Default_FullFeatures;classifier;classifier;classifier;N/A;N/A;N/A;2000;100;71;9000;0,0000;0,0000;0,0000;0,0000;0,0000;0,0000;0;0;0;0
20260614_0639;Consistência_200;classification;HoeffdingAdaptiveTree;Default_FullFeatures;classifier;classifier;classifier;N/A;N/A;N/A;2000;100;72;9100;0,0000;0,0000;0,0000;0,0000;0,0000;0,0000;0;0;0;0
20260614_0639;Consistência_200;classification;HoeffdingAdaptiveTree;Default_FullFeatures;classifier;classifier;classifier;N/A;N/A;N/A;2000;100;73;9200;0,0000;0,0000;0,0000;0,0000;0,0000;0,0000;0;0;0;0
20260614_0639;Consistência_200;classification;HoeffdingAdaptiveTree;Default_FullFeatures;classifier;classifier;classifier;N/A;N/A;N/A;2000;100;74;9300;0,0000;0,0000;0,0000;0,0000;0,0000;0,0000;0;0;0;0
20260614_0639;Consistência_200;classification;HoeffdingAdaptiveTree;Default_FullFeatures;classifier;classifier;classifier;N/A;N/A;N/A;2000;100;75;9400;0,0000;0,0000;0,0000;0,0000;0,0000;0,0000;0;0;0;0
20260614_0639;Consistência_200;classification;HoeffdingAdaptiveTree;Default_FullFeatures;classifier;classifier;classifier;N/A;N/A;N/A;2000;100;76;9500;0,0000;0,0000;0,0000;0,0000;0,0000;0,0000;0;0;0;0
20260614_0639;Consistência_200;classification;HoeffdingAdaptiveTree;Default_FullFeatures;classifier;classifier;classifier;N/A;N/A;N/A;2000;100;77;9600;0,0000;0,0000;0,0000;0,0000;0,0000;0,0000;0;0;0;0
20260614_0639;Consistência_200;classification;HoeffdingAdaptiveTree;Default_FullFeatures;classifier;classifier;classifier;N/A;N/A;N/A;2000;100;78;9700;0,0000;0,0000;0,0000;0,0000;0,0000;0,0000;0;0;0;0
20260614_0639;Consistência_200;classification;HoeffdingAdaptiveTree;Default_FullFeatures;classifier;classifier;classifier;N/A;N/A;N/A;2000;100;79;9800;0,0000;0,0000;0,0000;0,0000;0,0000;0,0000;0;0;0;0
20260614_0639;Consistência_200;classification;HoeffdingAdaptiveTree;Default_FullFeatures;classifier;classifier;classifier;N/A;N/A;N/A;2000;100;80;9900;0,0000;0,0000;0,0000;0,0000;0,0000;0,0000;0;0;0;0
20260614_0639;Consistência_200;classification;HoeffdingAdaptiveTree;Default_FullFeatures;classifier;classifier;classifier;N/A;N/A;N/A;2000;100;81;10000;0,0000;0,0000;0,0000;0,0000;0,0000;0,0000;0;0;0;0
20260614_0639;Consistência_200;classification;HoeffdingAdaptiveTree;Default_FullFeatures;classifier;classifier;classifier;N/A;N/A;N/A;2000;100;82;10100;0,0000;0,0000;0,0000;0,0000;0,0000;0,0000;0;0;0;0
20260614_0639;Consistência_200;classification;HoeffdingAdaptiveTree;Default_FullFeatures;classifier;classifier;classifier;N/A;N/A;N/A;2000;100;83;10200;0,0000;0,0000;0,0000;0,0000;0,0000;0,0000;0;0;0;0
20260614_0639;Consistência_200;classification;HoeffdingAdaptiveTree;Default_FullFeatures;classifier;classifier;classifier;N/A;N/A;N/A;2000;100;84;10300;0,0000;0,0000;0,0000;0,0000;0,0000;0,0000;0;0;0;0
20260614_0639;Consistência_200;classification;HoeffdingAdaptiveTree;Default_FullFeatures;classifier;classifier;classifier;N/A;N/A;N/A;2000;100;85;10400;0,0000;0,0000;0,0000;0,0000;0,0000;0,0000;0;0;0;0
20260614_0639;Consistência_200;classification;HoeffdingAdaptiveTree;Default_FullFeatures;classifier;classifier;classifier;N/A;N/A;N/A;2000;100;86;10500;0,0000;0,0000;0,0000;0,0000;0,0000;0,0000;0;0;0;0
20260614_0639;Consistência_200;classification;HoeffdingAdaptiveTree;Default_FullFeatures;classifier;classifier;classifier;N/A;N/A;N/A;2000;100;87;10600;0,0000;0,0000;0,0000;0,0000;0,0000;0,0000;0;0;0;0
20260614_0639;Consistência_200;classification;HoeffdingAdaptiveTree;Default_FullFeatures;classifier;classifier;classifier;N/A;N/A;N/A;2000;100;88;10700;0,0000;0,0000;0,0000;0,0000;0,0000;0,0000;0;0;0;0
20260614_0639;Consistência_200;classification;HoeffdingAdaptiveTree;Default_FullFeatures;classifier;classifier;classifier;N/A;N/A;N/A;2000;100;89;10800;0,0000;0,0000;0,0000;0,0000;0,0000;0,0000;0;0;0;0
20260614_0639;Consistência_200;classification;HoeffdingAdaptiveTree;Default_FullFeatures;classifier;classifier;classifier;N/A;N/A;N/A;2000;100;90;10900;0,0000;0,0000;0,0000;0,0000;0,0000;0,0000;0;0;0;0
20260614_0639;Consistência_200;classification;HoeffdingAdaptiveTree;Default_FullFeatures;classifier;classifier;classifier;N/A;N/A;N/A;2000;100;91;11000;0,0000;0,0000;0,0000;0,0000;0,0000;0,0000;0;0;0;0
20260614_0639;Consistência_200;classification;HoeffdingAdaptiveTree;Default_FullFeatures;classifier;classifier;classifier;N/A;N/A;N/A;2000;100;92;11100;0,0000;0,0000;0,0000;0,0000;0,0000;0,0000;0;0;0;0
20260614_0639;Consistência_200;classification;HoeffdingAdaptiveTree;Default_FullFeatures;classifier;classifier;classifier;N/A;N/A;N/A;2000;100;93;11200;0,0000;0,0000;0,0000;0,0000;0,0000;0,0000;0;0;0;0
20260614_0639;Consistência_200;classification;HoeffdingAdaptiveTree;Default_FullFeatures;classifier;classifier;classifier;N/A;N/A;N/A;2000;100;94;11300;0,0000;0,0000;0,0000;0,0000;0,0000;0,0000;0;0;0;0
20260614_0639;Consistência_200;classification;HoeffdingAdaptiveTree;Default_FullFeatures;classifier;classifier;classifier;N/A;N/A;N/A;2000;100;95;11400;0,0000;0,0000;0,0000;0,0000;0,0000;0,0000;0;0;0;0
20260614_0639;Consistência_200;classification;HoeffdingAdaptiveTree;Default_FullFeatures;classifier;classifier;classifier;N/A;N/A;N/A;2000;100;96;11500;0,0000;0,0000;0,0000;0,0000;0,0000;0,0000;0;0;0;0
20260614_0639;Consistência_200;classification;HoeffdingAdaptiveTree;Default_FullFeatures;classifier;classifier;classifier;N/A;N/A;N/A;2000;100;97;11600;0,0000;0,0000;0,0000;0,0000;0,0000;0,0000;0;0;0;0
20260614_0639;Consistência_200;classification;HoeffdingAdaptiveTree;Default_FullFeatures;classifier;classifier;classifier;N/A;N/A;N/A;2000;100;98;11700;92,4731;0,0000;100,0000;0,0000;86,0000;0,0000;0;0;7;0
20260614_0639;Consistência_200;classification;HoeffdingAdaptiveTree;Default_FullFeatures;classifier;classifier;classifier;N/A;N/A;N/A;2000;100;99;11800;88,1356;0,0000;100,0000;0,0000;78,7879;0,0000;0;0;14;0
20260614_0639;Consistência_200;classification;HoeffdingAdaptiveTree;Default_FullFeatures;classifier;classifier;classifier;N/A;N/A;N/A;2000;100;100;11900;96,7742;0,0000;100,0000;0,0000;93,7500;0,0000;0;0;1;0
20260614_0639;Consistência_200;classification;HoeffdingAdaptiveTree;Default_FullFeatures;classifier;classifier;classifier;N/A;N/A;N/A;2000;100;101;12000;0,0000;0,0000;0,0000;0,0000;0,0000;0,0000;1;0;0;0
20260614_0639;Consistência_200;classification;HoeffdingAdaptiveTree;Default_FullFeatures;classifier;classifier;classifier;N/A;N/A;N/A;2000;100;102;12100;0,0000;0,0000;0,0000;0,0000;0,0000;0,0000;1;0;0;0
20260614_0639;Consistência_200;classification;HoeffdingAdaptiveTree;Default_FullFeatures;classifier;classifier;classifier;N/A;N/A;N/A;2000;100;103;12200;0,0000;0,0000;0,0000;0,0000;0,0000;0,0000;0;0;0;0
20260614_0639;Consistência_200;classification;HoeffdingAdaptiveTree;Default_FullFeatures;classifier;classifier;classifier;N/A;N/A;N/A;2000;100;104;12300;0,0000;0,0000;0,0000;0,0000;0,0000;0,0000;1;0;0;0
20260614_0639;Consistência_200;classification;HoeffdingAdaptiveTree;Default_FullFeatures;classifier;classifier;classifier;N/A;N/A;N/A;2000;100;105;12400;0,0000;0,0000;0,0000;0,0000;0,0000;0,0000;1;0;0;0
20260614_0639;Consistência_200;classification;HoeffdingAdaptiveTree;Default_FullFeatures;classifier;classifier;classifier;N/A;N/A;N/A;2000;100;106;12500;0,0000;0,0000;0,0000;0,0000;0,0000;0,0000;1;0;0;0
20260614_0639;Consistência_200;classification;HoeffdingAdaptiveTree;Default_FullFeatures;classifier;classifier;classifier;N/A;N/A;N/A;2000;100;107;12600;0,0000;0,0000;0,0000;0,0000;0,0000;0,0000;0;0;0;0
20260614_0639;Consistência_200;classification;HoeffdingAdaptiveTree;Default_FullFeatures;classifier;classifier;classifier;N/A;N/A;N/A;2000;100;108;12700;0,0000;0,0000;0,0000;0,0000;0,0000;0,0000;0;0;0;0
20260614_0639;Consistência_200;classification;HoeffdingAdaptiveTree;Default_FullFeatures;classifier;classifier;classifier;N/A;N/A;N/A;2000;100;109;12800;0,0000;0,0000;0,0000;0,0000;0,0000;0,0000;0;0;0;0
20260614_0639;Consistência_200;classification;HoeffdingAdaptiveTree;Default_FullFeatures;classifier;classifier;classifier;N/A;N/A;N/A;2000;100;110;12900;0,0000;0,0000;0,0000;0,0000;0,0000;0,0000;1;0;0;0
20260614_0639;Consistência_200;classification;HoeffdingAdaptiveTree;Default_FullFeatures;classifier;classifier;classifier;N/A;N/A;N/A;2000;100;111;13000;0,0000;0,0000;0,0000;0,0000;0,0000;0,0000;0;0;0;0
20260614_0639;Consistência_200;classification;HoeffdingAdaptiveTree;Default_FullFeatures;classifier;classifier;classifier;N/A;N/A;N/A;2000;100;112;13100;0,0000;0,0000;0,0000;0,0000;0,0000;0,0000;0;0;0;0
20260614_0639;Consistência_200;classification;HoeffdingAdaptiveTree;Default_FullFeatures;classifier;classifier;classifier;N/A;N/A;N/A;2000;100;113;13200;0,0000;0,0000;0,0000;0,0000;0,0000;0,0000;0;0;0;0
20260614_0639;Consistência_200;classification;HoeffdingAdaptiveTree;Default_FullFeatures;classifier;classifier;classifier;N/A;N/A;N/A;2000;100;114;13300;0,0000;0,0000;0,0000;0,0000;0,0000;0,0000;0;0;0;0
20260614_0639;Consistência_200;classification;HoeffdingAdaptiveTree;Default_FullFeatures;classifier;classifier;classifier;N/A;N/A;N/A;2000;100;115;13400;0,0000;0,0000;0,0000;0,0000;0,0000;0,0000;0;0;0;0
20260614_0639;Consistência_200;classification;HoeffdingAdaptiveTree;Default_FullFeatures;classifier;classifier;classifier;N/A;N/A;N/A;2000;100;116;13500;0,0000;0,0000;0,0000;0,0000;0,0000;0,0000;0;0;0;0
20260614_0639;Consistência_200;classification;HoeffdingAdaptiveTree;Default_FullFeatures;classifier;classifier;classifier;N/A;N/A;N/A;2000;100;117;13600;0,0000;0,0000;0,0000;0,0000;0,0000;0,0000;0;0;0;0
20260614_0639;Consistência_200;classification;HoeffdingAdaptiveTree;Default_FullFeatures;classifier;classifier;classifier;N/A;N/A;N/A;2000;100;118;13700;0,0000;0,0000;0,0000;0,0000;0,0000;0,0000;0;0;0;0
20260614_0639;Consistência_200;classification;HoeffdingAdaptiveTree;Default_FullFeatures;classifier;classifier;classifier;N/A;N/A;N/A;2000;100;119;13800;0,0000;0,0000;0,0000;0,0000;0,0000;0,0000;0;0;0;0
20260614_0639;Consistência_200;classification;HoeffdingAdaptiveTree;Default_FullFeatures;classifier;classifier;classifier;N/A;N/A;N/A;2000;100;120;13900;0,0000;0,0000;0,0000;0,0000;0,0000;0,0000;0;0;0;0
20260614_0639;Consistência_200;classification;HoeffdingAdaptiveTree;Default_FullFeatures;classifier;classifier;classifier;N/A;N/A;N/A;2000;100;121;14000;0,0000;0,0000;0,0000;0,0000;0,0000;0,0000;0;0;0;0
20260614_0639;Consistência_200;classification;HoeffdingAdaptiveTree;Default_FullFeatures;classifier;classifier;classifier;N/A;N/A;N/A;2000;100;122;14100;0,0000;0,0000;0,0000;0,0000;0,0000;0,0000;0;0;0;0
20260614_0639;Consistência_200;classification;HoeffdingAdaptiveTree;Default_FullFeatures;classifier;classifier;classifier;N/A;N/A;N/A;2000;100;123;14200;0,0000;0,0000;0,0000;0,0000;0,0000;0,0000;0;0;0;0
20260614_0639;Consistência_200;classification;HoeffdingAdaptiveTree;Default_FullFeatures;classifier;classifier;classifier;N/A;N/A;N/A;2000;100;124;14300;0,0000;0,0000;0,0000;0,0000;0,0000;0,0000;0;0;0;0
20260614_0639;Consistência_200;classification;HoeffdingAdaptiveTree;Default_FullFeatures;classifier;classifier;classifier;N/A;N/A;N/A;2000;100;125;14400;0,0000;0,0000;0,0000;0,0000;0,0000;0,0000;0;0;0;0
20260614_0639;Consistência_200;classification;HoeffdingAdaptiveTree;Default_FullFeatures;classifier;classifier;classifier;N/A;N/A;N/A;2000;100;126;14500;0,0000;0,0000;0,0000;0,0000;0,0000;0,0000;0;0;0;0
20260614_0639;Consistência_200;classification;HoeffdingAdaptiveTree;Default_FullFeatures;classifier;classifier;classifier;N/A;N/A;N/A;2000;100;127;14600;0,0000;0,0000;0,0000;0,0000;0,0000;0,0000;0;0;0;0
20260614_0639;Consistência_200;classification;HoeffdingAdaptiveTree;Default_FullFeatures;classifier;classifier;classifier;N/A;N/A;N/A;2000;100;128;14700;0,0000;0,0000;0,0000;0,0000;0,0000;0,0000;0;0;0;0
20260614_0639;Consistência_200;classification;HoeffdingAdaptiveTree;Default_FullFeatures;classifier;classifier;classifier;N/A;N/A;N/A;2000;100;129;14800;0,0000;0,0000;0,0000;0,0000;0,0000;0,0000;0;0;0;0
20260614_0639;Consistência_200;classification;HoeffdingAdaptiveTree;Default_FullFeatures;classifier;classifier;classifier;N/A;N/A;N/A;2000;100;130;14900;0,0000;0,0000;0,0000;0,0000;0,0000;0,0000;0;0;0;0
20260614_0639;Consistência_200;classification;HoeffdingAdaptiveTree;Default_FullFeatures;classifier;classifier;classifier;N/A;N/A;N/A;2000;100;131;15000;0,0000;0,0000;0,0000;0,0000;0,0000;0,0000;0;0;0;0
20260614_0639;Consistência_200;classification;HoeffdingAdaptiveTree;Default_FullFeatures;classifier;classifier;classifier;N/A;N/A;N/A;2000;100;132;15100;0,0000;0,0000;0,0000;0,0000;0,0000;0,0000;0;0;0;0
20260614_0639;Consistência_200;classification;HoeffdingAdaptiveTree;Default_FullFeatures;classifier;classifier;classifier;N/A;N/A;N/A;2000;100;133;15200;0,0000;0,0000;0,0000;0,0000;0,0000;0,0000;0;0;0;0
20260614_0639;Consistência_200;classification;HoeffdingAdaptiveTree;Default_FullFeatures;classifier;classifier;classifier;N/A;N/A;N/A;2000;100;134;15300;0,0000;0,0000;0,0000;0,0000;0,0000;0,0000;0;0;0;0
20260614_0639;Consistência_200;classification;HoeffdingAdaptiveTree;Default_FullFeatures;classifier;classifier;classifier;N/A;N/A;N/A;2000;100;135;15400;0,0000;0,0000;0,0000;0,0000;0,0000;0,0000;0;0;0;0
20260614_0639;Consistência_200;classification;HoeffdingAdaptiveTree;Default_FullFeatures;classifier;classifier;classifier;N/A;N/A;N/A;2000;100;136;15500;0,0000;0,0000;0,0000;0,0000;0,0000;0,0000;0;0;0;0
20260614_0639;Consistência_1000;classification;HoeffdingAdaptiveTree;Default_FullFeatures;classifier;classifier;classifier;N/A;N/A;N/A;2000;100;1;2000;0,0000;0,0000;0,0000;0,0000;0,0000;0,0000;0;0;0;0
20260614_0639;Consistência_1000;classification;HoeffdingAdaptiveTree;Default_FullFeatures;classifier;classifier;classifier;N/A;N/A;N/A;2000;100;2;2100;0,0000;0,0000;0,0000;0,0000;0,0000;0,0000;0;0;0;0
20260614_0639;Consistência_1000;classification;HoeffdingAdaptiveTree;Default_FullFeatures;classifier;classifier;classifier;N/A;N/A;N/A;2000;100;3;2200;0,0000;0,0000;0,0000;0,0000;0,0000;0,0000;0;0;0;0
20260614_0639;Consistência_1000;classification;HoeffdingAdaptiveTree;Default_FullFeatures;classifier;classifier;classifier;N/A;N/A;N/A;2000;100;4;2300;0,0000;0,0000;0,0000;0,0000;0,0000;0,0000;0;0;0;0
20260614_0639;Consistência_1000;classification;HoeffdingAdaptiveTree;Default_FullFeatures;classifier;classifier;classifier;N/A;N/A;N/A;2000;100;5;2400;0,0000;0,0000;0,0000;0,0000;0,0000;0,0000;0;0;0;0
20260614_0639;Consistência_1000;classification;HoeffdingAdaptiveTree;Default_FullFeatures;classifier;classifier;classifier;N/A;N/A;N/A;2000;100;6;2500;0,0000;0,0000;0,0000;0,0000;0,0000;0,0000;0;0;0;0
20260614_0639;Consistência_1000;classification;HoeffdingAdaptiveTree;Default_FullFeatures;classifier;classifier;classifier;N/A;N/A;N/A;2000;100;7;2600;0,0000;0,0000;0,0000;0,0000;0,0000;0,0000;0;0;0;0
20260614_0639;Consistência_1000;classification;HoeffdingAdaptiveTree;Default_FullFeatures;classifier;classifier;classifier;N/A;N/A;N/A;2000;100;8;2700;0,0000;0,0000;0,0000;0,0000;0,0000;0,0000;0;0;0;0
20260614_0639;Consistência_1000;classification;HoeffdingAdaptiveTree;Default_FullFeatures;classifier;classifier;classifier;N/A;N/A;N/A;2000;100;9;2800;0,0000;0,0000;0,0000;0,0000;0,0000;0,0000;0;0;0;0
20260614_0639;Consistência_1000;classification;HoeffdingAdaptiveTree;Default_FullFeatures;classifier;classifier;classifier;N/A;N/A;N/A;2000;100;10;2900;0,0000;0,0000;0,0000;0,0000;0,0000;0,0000;0;0;0;0
20260614_0639;Consistência_1000;classification;HoeffdingAdaptiveTree;Default_FullFeatures;classifier;classifier;classifier;N/A;N/A;N/A;2000;100;11;3000;0,0000;0,0000;0,0000;0,0000;0,0000;0,0000;0;0;0;0
20260614_0639;Consistência_1000;classification;HoeffdingAdaptiveTree;Default_FullFeatures;classifier;classifier;classifier;N/A;N/A;N/A;2000;100;12;3100;0,0000;0,0000;0,0000;0,0000;0,0000;0,0000;0;0;0;0
20260614_0639;Consistência_1000;classification;HoeffdingAdaptiveTree;Default_FullFeatures;classifier;classifier;classifier;N/A;N/A;N/A;2000;100;13;3200;0,0000;0,0000;0,0000;0,0000;0,0000;0,0000;0;0;0;0
20260614_0639;Consistência_1000;classification;HoeffdingAdaptiveTree;Default_FullFeatures;classifier;classifier;classifier;N/A;N/A;N/A;2000;100;14;3300;0,0000;0,0000;0,0000;0,0000;0,0000;0,0000;0;0;0;0
20260614_0639;Consistência_1000;classification;HoeffdingAdaptiveTree;Default_FullFeatures;classifier;classifier;classifier;N/A;N/A;N/A;2000;100;15;3400;0,0000;0,0000;0,0000;0,0000;0,0000;0,0000;0;0;0;0
20260614_0639;Consistência_1000;classification;HoeffdingAdaptiveTree;Default_FullFeatures;classifier;classifier;classifier;N/A;N/A;N/A;2000;100;16;3500;0,0000;0,0000;0,0000;0,0000;0,0000;0,0000;0;0;0;0
20260614_0639;Consistência_1000;classification;HoeffdingAdaptiveTree;Default_FullFeatures;classifier;classifier;classifier;N/A;N/A;N/A;2000;100;17;3600;0,0000;0,0000;0,0000;0,0000;0,0000;0,0000;0;0;0;0
20260614_0639;Consistência_1000;classification;HoeffdingAdaptiveTree;Default_FullFeatures;classifier;classifier;classifier;N/A;N/A;N/A;2000;100;18;3700;0,0000;0,0000;0,0000;0,0000;0,0000;0,0000;0;0;0;0
20260614_0639;Consistência_1000;classification;HoeffdingAdaptiveTree;Default_FullFeatures;classifier;classifier;classifier;N/A;N/A;N/A;2000;100;19;3800;94,6237;0,0000;100,0000;0,0000;89,7959;0,0000;0;0;5;0
20260614_0639;Consistência_1000;classification;HoeffdingAdaptiveTree;Default_FullFeatures;classifier;classifier;classifier;N/A;N/A;N/A;2000;100;20;3900;98,0892;0,0000;100,0000;0,0000;96,2500;0,0000;0;0;3;0
20260614_0639;Consistência_1000;classification;HoeffdingAdaptiveTree;Default_FullFeatures;classifier;classifier;classifier;N/A;N/A;N/A;2000;100;21;4000;99,4872;0,0000;100,0000;0,0000;98,9796;0,0000;0;0;1;0
20260614_0639;Consistência_1000;classification;HoeffdingAdaptiveTree;Default_FullFeatures;classifier;classifier;classifier;N/A;N/A;N/A;2000;100;22;4100;100,0000;0,0000;100,0000;0,0000;100,0000;0,0000;0;0;0;0
20260614_0639;Consistência_1000;classification;HoeffdingAdaptiveTree;Default_FullFeatures;classifier;classifier;classifier;N/A;N/A;N/A;2000;100;23;4200;98,9796;0,0000;100,0000;0,0000;97,9798;0,0000;0;0;2;0
20260614_0639;Consistência_1000;classification;HoeffdingAdaptiveTree;Default_FullFeatures;classifier;classifier;classifier;N/A;N/A;N/A;2000;100;24;4300;96,1832;0,0000;96,9231;0,0000;95,4545;0,0000;2;0;3;0
20260614_0639;Consistência_1000;classification;HoeffdingAdaptiveTree;Default_FullFeatures;classifier;classifier;classifier;N/A;N/A;N/A;2000;100;25;4400;91,6667;0,0000;88,0000;0,0000;95,6522;0,0000;3;0;1;0
20260614_0639;Consistência_1000;classification;HoeffdingAdaptiveTree;Default_FullFeatures;classifier;classifier;classifier;N/A;N/A;N/A;2000;100;26;4500;84,6154;0,0000;91,6667;0,0000;78,5714;0,0000;1;0;3;0
20260614_0639;Consistência_1000;classification;HoeffdingAdaptiveTree;Default_FullFeatures;classifier;classifier;classifier;N/A;N/A;N/A;2000;100;27;4600;97,5904;0,0000;100,0000;0,0000;95,2941;0,0000;0;0;4;0
20260614_0639;Consistência_1000;classification;HoeffdingAdaptiveTree;Default_FullFeatures;classifier;classifier;classifier;N/A;N/A;N/A;2000;100;28;4700;88,0000;0,0000;91,6667;0,0000;84,6154;0,0000;1;0;2;0
20260614_0639;Consistência_1000;classification;HoeffdingAdaptiveTree;Default_FullFeatures;classifier;classifier;classifier;N/A;N/A;N/A;2000;100;29;4800;100,0000;0,0000;100,0000;0,0000;100,0000;0,0000;0;0;0;0
20260614_0639;Consistência_1000;classification;HoeffdingAdaptiveTree;Default_FullFeatures;classifier;classifier;classifier;N/A;N/A;N/A;2000;100;30;4900;0,0000;0,0000;0,0000;0,0000;0,0000;0,0000;0;0;0;0
20260614_0639;Consistência_1000;classification;HoeffdingAdaptiveTree;Default_FullFeatures;classifier;classifier;classifier;N/A;N/A;N/A;2000;100;31;5000;0,0000;0,0000;0,0000;0,0000;0,0000;0,0000;1;0;0;0
20260614_0639;Consistência_1000;classification;HoeffdingAdaptiveTree;Default_FullFeatures;classifier;classifier;classifier;N/A;N/A;N/A;2000;100;32;5100;0,0000;0,0000;0,0000;0,0000;0,0000;0,0000;0;0;0;0
20260614_0639;Consistência_1000;classification;HoeffdingAdaptiveTree;Default_FullFeatures;classifier;classifier;classifier;N/A;N/A;N/A;2000;100;33;5200;0,0000;0,0000;0,0000;0,0000;0,0000;0,0000;1;0;0;0
20260614_0639;Consistência_1000;classification;HoeffdingAdaptiveTree;Default_FullFeatures;classifier;classifier;classifier;N/A;N/A;N/A;2000;100;34;5300;0,0000;0,0000;0,0000;0,0000;0,0000;0,0000;0;0;0;0
20260614_0639;Consistência_1000;classification;HoeffdingAdaptiveTree;Default_FullFeatures;classifier;classifier;classifier;N/A;N/A;N/A;2000;100;35;5400;0,0000;0,0000;0,0000;0,0000;0,0000;0,0000;0;0;0;0
20260614_0639;Consistência_1000;classification;HoeffdingAdaptiveTree;Default_FullFeatures;classifier;classifier;classifier;N/A;N/A;N/A;2000;100;36;5500;0,0000;0,0000;0,0000;0,0000;0,0000;0,0000;0;0;0;0
20260614_0639;Consistência_1000;classification;HoeffdingAdaptiveTree;Default_FullFeatures;classifier;classifier;classifier;N/A;N/A;N/A;2000;100;37;5600;0,0000;0,0000;0,0000;0,0000;0,0000;0,0000;1;0;0;0
20260614_0639;Consistência_1000;classification;HoeffdingAdaptiveTree;Default_FullFeatures;classifier;classifier;classifier;N/A;N/A;N/A;2000;100;38;5700;0,0000;0,0000;0,0000;0,0000;0,0000;0,0000;1;0;0;0
20260614_0639;Consistência_1000;classification;HoeffdingAdaptiveTree;Default_FullFeatures;classifier;classifier;classifier;N/A;N/A;N/A;2000;100;39;5800;0,0000;0,0000;0,0000;0,0000;0,0000;0,0000;1;0;0;0
20260614_0639;Consistência_1000;classification;HoeffdingAdaptiveTree;Default_FullFeatures;classifier;classifier;classifier;N/A;N/A;N/A;2000;100;40;5900;0,0000;0,0000;0,0000;0,0000;0,0000;0,0000;0;0;0;0
20260614_0639;Consistência_1000;classification;HoeffdingAdaptiveTree;Default_FullFeatures;classifier;classifier;classifier;N/A;N/A;N/A;2000;100;41;6000;0,0000;0,0000;0,0000;0,0000;0,0000;0,0000;2;0;0;0
20260614_0639;Consistência_1000;classification;HoeffdingAdaptiveTree;Default_FullFeatures;classifier;classifier;classifier;N/A;N/A;N/A;2000;100;42;6100;0,0000;0,0000;0,0000;0,0000;0,0000;0,0000;1;0;0;0
20260614_0639;Consistência_1000;classification;HoeffdingAdaptiveTree;Default_FullFeatures;classifier;classifier;classifier;N/A;N/A;N/A;2000;100;43;6200;0,0000;0,0000;0,0000;0,0000;0,0000;0,0000;0;0;0;0
20260614_0639;Consistência_1000;classification;HoeffdingAdaptiveTree;Default_FullFeatures;classifier;classifier;classifier;N/A;N/A;N/A;2000;100;44;6300;0,0000;0,0000;0,0000;0,0000;0,0000;0,0000;0;0;0;0
20260614_0639;Consistência_1000;classification;HoeffdingAdaptiveTree;Default_FullFeatures;classifier;classifier;classifier;N/A;N/A;N/A;2000;100;45;6400;0,0000;0,0000;0,0000;0,0000;0,0000;0,0000;0;0;0;0
20260614_0639;Consistência_1000;classification;HoeffdingAdaptiveTree;Default_FullFeatures;classifier;classifier;classifier;N/A;N/A;N/A;2000;100;46;6500;0,0000;0,0000;0,0000;0,0000;0,0000;0,0000;0;0;0;0
20260614_0639;Consistência_1000;classification;HoeffdingAdaptiveTree;Default_FullFeatures;classifier;classifier;classifier;N/A;N/A;N/A;2000;100;47;6600;0,0000;0,0000;0,0000;0,0000;0,0000;0,0000;2;0;0;0
20260614_0639;Consistência_1000;classification;HoeffdingAdaptiveTree;Default_FullFeatures;classifier;classifier;classifier;N/A;N/A;N/A;2000;100;48;6700;0,0000;0,0000;0,0000;0,0000;0,0000;0,0000;1;0;0;0
20260614_0639;Consistência_1000;classification;HoeffdingAdaptiveTree;Default_FullFeatures;classifier;classifier;classifier;N/A;N/A;N/A;2000;100;49;6800;0,0000;0,0000;0,0000;0,0000;0,0000;0,0000;0;0;0;0
20260614_0639;Consistência_1000;classification;HoeffdingAdaptiveTree;Default_FullFeatures;classifier;classifier;classifier;N/A;N/A;N/A;2000;100;50;6900;0,0000;0,0000;0,0000;0,0000;0,0000;0,0000;0;0;0;0
20260614_0639;Consistência_1000;classification;HoeffdingAdaptiveTree;Default_FullFeatures;classifier;classifier;classifier;N/A;N/A;N/A;2000;100;51;7000;0,0000;0,0000;0,0000;0,0000;0,0000;0,0000;1;0;0;0
20260614_0639;Consistência_1000;classification;HoeffdingAdaptiveTree;Default_FullFeatures;classifier;classifier;classifier;N/A;N/A;N/A;2000;100;52;7100;0,0000;0,0000;0,0000;0,0000;0,0000;0,0000;0;0;0;0
20260614_0639;Consistência_1000;classification;HoeffdingAdaptiveTree;Default_FullFeatures;classifier;classifier;classifier;N/A;N/A;N/A;2000;100;53;7200;0,0000;0,0000;0,0000;0,0000;0,0000;0,0000;1;0;0;0
20260614_0639;Consistência_1000;classification;HoeffdingAdaptiveTree;Default_FullFeatures;classifier;classifier;classifier;N/A;N/A;N/A;2000;100;54;7300;0,0000;0,0000;0,0000;0,0000;0,0000;0,0000;0;0;0;0
20260614_0639;Consistência_1000;classification;HoeffdingAdaptiveTree;Default_FullFeatures;classifier;classifier;classifier;N/A;N/A;N/A;2000;100;55;7400;0,0000;0,0000;0,0000;0,0000;0,0000;0,0000;1;0;0;0
20260614_0639;Consistência_1000;classification;HoeffdingAdaptiveTree;Default_FullFeatures;classifier;classifier;classifier;N/A;N/A;N/A;2000;100;56;7500;0,0000;0,0000;0,0000;0,0000;0,0000;0,0000;0;0;0;0
20260614_0639;Consistência_1000;classification;HoeffdingAdaptiveTree;Default_FullFeatures;classifier;classifier;classifier;N/A;N/A;N/A;2000;100;57;7600;0,0000;0,0000;0,0000;0,0000;0,0000;0,0000;1;0;0;0
20260614_0639;Consistência_1000;classification;HoeffdingAdaptiveTree;Default_FullFeatures;classifier;classifier;classifier;N/A;N/A;N/A;2000;100;58;7700;0,0000;0,0000;0,0000;0,0000;0,0000;0,0000;0;0;0;0
20260614_0639;Consistência_1000;classification;HoeffdingAdaptiveTree;Default_FullFeatures;classifier;classifier;classifier;N/A;N/A;N/A;2000;100;59;7800;0,0000;0,0000;0,0000;0,0000;0,0000;0,0000;0;0;0;0
20260614_0639;Consistência_1000;classification;HoeffdingAdaptiveTree;Default_FullFeatures;classifier;classifier;classifier;N/A;N/A;N/A;2000;100;60;7900;0,0000;0,0000;0,0000;0,0000;0,0000;0,0000;0;0;0;0
20260614_0639;Consistência_1000;classification;HoeffdingAdaptiveTree;Default_FullFeatures;classifier;classifier;classifier;N/A;N/A;N/A;2000;100;61;8000;0,0000;0,0000;0,0000;0,0000;0,0000;0,0000;0;0;0;0
20260614_0639;Consistência_1000;classification;HoeffdingAdaptiveTree;Default_FullFeatures;classifier;classifier;classifier;N/A;N/A;N/A;2000;100;62;8100;0,0000;0,0000;0,0000;0,0000;0,0000;0,0000;0;0;0;0
20260614_0639;Consistência_1000;classification;HoeffdingAdaptiveTree;Default_FullFeatures;classifier;classifier;classifier;N/A;N/A;N/A;2000;100;63;8200;0,0000;0,0000;0,0000;0,0000;0,0000;0,0000;0;0;0;0
20260614_0639;Consistência_1000;classification;HoeffdingAdaptiveTree;Default_FullFeatures;classifier;classifier;classifier;N/A;N/A;N/A;2000;100;64;8300;0,0000;0,0000;0,0000;0,0000;0,0000;0,0000;0;0;0;0
20260614_0639;Consistência_1000;classification;HoeffdingAdaptiveTree;Default_FullFeatures;classifier;classifier;classifier;N/A;N/A;N/A;2000;100;65;8400;0,0000;0,0000;0,0000;0,0000;0,0000;0,0000;0;0;0;0
20260614_0639;Consistência_1000;classification;HoeffdingAdaptiveTree;Default_FullFeatures;classifier;classifier;classifier;N/A;N/A;N/A;2000;100;66;8500;100,0000;0,0000;100,0000;0,0000;100,0000;0,0000;0;0;0;0
20260614_0639;Consistência_1000;classification;HoeffdingAdaptiveTree;Default_FullFeatures;classifier;classifier;classifier;N/A;N/A;N/A;2000;100;67;8600;93,5673;0,0000;100,0000;0,0000;87,9121;0,0000;0;0;11;0
20260614_0639;Consistência_1000;classification;HoeffdingAdaptiveTree;Default_FullFeatures;classifier;classifier;classifier;N/A;N/A;N/A;2000;100;68;8700;97,4359;0,0000;100,0000;0,0000;95,0000;0,0000;0;0;5;0
20260614_0639;Consistência_1000;classification;HoeffdingAdaptiveTree;Default_FullFeatures;classifier;classifier;classifier;N/A;N/A;N/A;2000;100;69;8800;98,3871;0,0000;100,0000;0,0000;96,8254;0,0000;0;0;2;0
20260614_0639;Consistência_1000;classification;HoeffdingAdaptiveTree;Default_FullFeatures;classifier;classifier;classifier;N/A;N/A;N/A;2000;100;70;8900;98,8764;0,0000;100,0000;0,0000;97,7778;0,0000;0;0;2;0
20260614_0639;Consistência_1000;classification;HoeffdingAdaptiveTree;Default_FullFeatures;classifier;classifier;classifier;N/A;N/A;N/A;2000;100;71;9000;99,4872;0,0000;98,9796;0,0000;100,0000;0,0000;1;0;0;0
20260614_0639;Consistência_1000;classification;HoeffdingAdaptiveTree;Default_FullFeatures;classifier;classifier;classifier;N/A;N/A;N/A;2000;100;72;9100;98,9899;0,0000;100,0000;0,0000;98,0000;0,0000;0;0;2;0
20260614_0639;Consistência_1000;classification;HoeffdingAdaptiveTree;Default_FullFeatures;classifier;classifier;classifier;N/A;N/A;N/A;2000;100;73;9200;96,8085;0,0000;100,0000;0,0000;93,8144;0,0000;0;0;6;0
20260614_0639;Consistência_1000;classification;HoeffdingAdaptiveTree;Default_FullFeatures;classifier;classifier;classifier;N/A;N/A;N/A;2000;100;74;9300;99,4924;0,0000;100,0000;0,0000;98,9899;0,0000;0;0;1;0
20260614_0639;Consistência_1000;classification;HoeffdingAdaptiveTree;Default_FullFeatures;classifier;classifier;classifier;N/A;N/A;N/A;2000;100;75;9400;98,9691;0,0000;100,0000;0,0000;97,9592;0,0000;0;0;2;0
20260614_0639;Consistência_1000;classification;HoeffdingAdaptiveTree;Default_FullFeatures;classifier;classifier;classifier;N/A;N/A;N/A;2000;100;76;9500;100,0000;0,0000;100,0000;0,0000;100,0000;0,0000;0;0;0;0
20260614_0639;Consistência_1000;classification;HoeffdingAdaptiveTree;Default_FullFeatures;classifier;classifier;classifier;N/A;N/A;N/A;2000;100;77;9600;0,0000;0,0000;0,0000;0,0000;0,0000;0,0000;5;0;0;0
20260614_0639;Consistência_1000;classification;HoeffdingAdaptiveTree;Default_FullFeatures;classifier;classifier;classifier;N/A;N/A;N/A;2000;100;78;9700;0,0000;0,0000;0,0000;0,0000;0,0000;0,0000;0;0;0;0
20260614_0639;Consistência_1000;classification;HoeffdingAdaptiveTree;Default_FullFeatures;classifier;classifier;classifier;N/A;N/A;N/A;2000;100;79;9800;0,0000;0,0000;0,0000;0,0000;0,0000;0,0000;2;0;0;0
20260614_0639;Consistência_1000;classification;HoeffdingAdaptiveTree;Default_FullFeatures;classifier;classifier;classifier;N/A;N/A;N/A;2000;100;80;9900;0,0000;0,0000;0,0000;0,0000;0,0000;0,0000;2;0;0;0
20260614_0639;Consistência_1000;classification;HoeffdingAdaptiveTree;Default_FullFeatures;classifier;classifier;classifier;N/A;N/A;N/A;2000;100;81;10000;0,0000;0,0000;0,0000;0,0000;0,0000;0,0000;0;0;0;0
20260614_0639;Consistência_1000;classification;HoeffdingAdaptiveTree;Default_FullFeatures;classifier;classifier;classifier;N/A;N/A;N/A;2000;100;82;10100;0,0000;0,0000;0,0000;0,0000;0,0000;0,0000;0;0;0;0
20260614_0639;Consistência_1000;classification;HoeffdingAdaptiveTree;Default_FullFeatures;classifier;classifier;classifier;N/A;N/A;N/A;2000;100;83;10200;0,0000;0,0000;0,0000;0,0000;0,0000;0,0000;0;0;0;0
20260614_0639;Consistência_1000;classification;HoeffdingAdaptiveTree;Default_FullFeatures;classifier;classifier;classifier;N/A;N/A;N/A;2000;100;84;10300;0,0000;0,0000;0,0000;0,0000;0,0000;0,0000;0;0;0;0
20260614_0639;Consistência_1000;classification;HoeffdingAdaptiveTree;Default_FullFeatures;classifier;classifier;classifier;N/A;N/A;N/A;2000;100;85;10400;0,0000;0,0000;0,0000;0,0000;0,0000;0,0000;0;0;0;0
20260614_0639;Consistência_1000;classification;HoeffdingAdaptiveTree;Default_FullFeatures;classifier;classifier;classifier;N/A;N/A;N/A;2000;100;86;10500;0,0000;0,0000;0,0000;0,0000;0,0000;0,0000;0;0;0;0
20260614_0639;Consistência_1000;classification;HoeffdingAdaptiveTree;Default_FullFeatures;classifier;classifier;classifier;N/A;N/A;N/A;2000;100;87;10600;0,0000;0,0000;0,0000;0,0000;0,0000;0,0000;0;0;0;0
20260614_0639;Consistência_1000;classification;HoeffdingAdaptiveTree;Default_FullFeatures;classifier;classifier;classifier;N/A;N/A;N/A;2000;100;88;10700;0,0000;0,0000;0,0000;0,0000;0,0000;0,0000;0;0;0;0
20260614_0639;Consistência_1000;classification;HoeffdingAdaptiveTree;Default_FullFeatures;classifier;classifier;classifier;N/A;N/A;N/A;2000;100;89;10800;0,0000;0,0000;0,0000;0,0000;0,0000;0,0000;0;0;0;0
20260614_0639;Consistência_1000;classification;HoeffdingAdaptiveTree;Default_FullFeatures;classifier;classifier;classifier;N/A;N/A;N/A;2000;100;90;10900;0,0000;0,0000;0,0000;0,0000;0,0000;0,0000;0;0;0;0
20260614_0639;Consistência_1000;classification;HoeffdingAdaptiveTree;Default_FullFeatures;classifier;classifier;classifier;N/A;N/A;N/A;2000;100;91;11000;0,0000;0,0000;0,0000;0,0000;0,0000;0,0000;0;0;0;0
20260614_0639;Consistência_1000;classification;HoeffdingAdaptiveTree;Default_FullFeatures;classifier;classifier;classifier;N/A;N/A;N/A;2000;100;92;11100;0,0000;0,0000;0,0000;0,0000;0,0000;0,0000;0;0;0;0
20260614_0639;Consistência_1000;classification;HoeffdingAdaptiveTree;Default_FullFeatures;classifier;classifier;classifier;N/A;N/A;N/A;2000;100;93;11200;0,0000;0,0000;0,0000;0,0000;0,0000;0,0000;0;0;0;0
20260614_0639;Consistência_1000;classification;HoeffdingAdaptiveTree;Default_FullFeatures;classifier;classifier;classifier;N/A;N/A;N/A;2000;100;94;11300;0,0000;0,0000;0,0000;0,0000;0,0000;0,0000;0;0;0;0
20260614_0639;Consistência_1000;classification;HoeffdingAdaptiveTree;Default_FullFeatures;classifier;classifier;classifier;N/A;N/A;N/A;2000;100;95;11400;0,0000;0,0000;0,0000;0,0000;0,0000;0,0000;0;0;0;0
20260614_0639;Consistência_1000;classification;HoeffdingAdaptiveTree;Default_FullFeatures;classifier;classifier;classifier;N/A;N/A;N/A;2000;100;96;11500;0,0000;0,0000;0,0000;0,0000;0,0000;0,0000;1;0;0;0
20260614_0639;Consistência_1000;classification;HoeffdingAdaptiveTree;Default_FullFeatures;classifier;classifier;classifier;N/A;N/A;N/A;2000;100;97;11600;0,0000;0,0000;0,0000;0,0000;0,0000;0,0000;0;0;0;0
20260614_0639;Consistência_1000;classification;HoeffdingAdaptiveTree;Default_FullFeatures;classifier;classifier;classifier;N/A;N/A;N/A;2000;100;98;11700;0,0000;0,0000;0,0000;0,0000;0,0000;0,0000;0;0;0;0
20260614_0639;Consistência_1000;classification;HoeffdingAdaptiveTree;Default_FullFeatures;classifier;classifier;classifier;N/A;N/A;N/A;2000;100;99;11800;0,0000;0,0000;0,0000;0,0000;0,0000;0,0000;0;0;0;0
20260614_0639;Consistência_1000;classification;HoeffdingAdaptiveTree;Default_FullFeatures;classifier;classifier;classifier;N/A;N/A;N/A;2000;100;100;11900;0,0000;0,0000;0,0000;0,0000;0,0000;0,0000;0;0;0;0
20260614_0639;Consistência_1000;classification;HoeffdingAdaptiveTree;Default_FullFeatures;classifier;classifier;classifier;N/A;N/A;N/A;2000;100;101;12000;0,0000;0,0000;0,0000;0,0000;0,0000;0,0000;0;0;0;0
20260614_0639;Consistência_1000;classification;HoeffdingAdaptiveTree;Default_FullFeatures;classifier;classifier;classifier;N/A;N/A;N/A;2000;100;102;12100;0,0000;0,0000;0,0000;0,0000;0,0000;0,0000;0;0;0;0
20260614_0639;Consistência_1000;classification;HoeffdingAdaptiveTree;Default_FullFeatures;classifier;classifier;classifier;N/A;N/A;N/A;2000;100;103;12200;0,0000;0,0000;0,0000;0,0000;0,0000;0,0000;0;0;0;0
20260614_0639;Consistência_1000;classification;HoeffdingAdaptiveTree;Default_FullFeatures;classifier;classifier;classifier;N/A;N/A;N/A;2000;100;104;12300;0,0000;0,0000;0,0000;0,0000;0,0000;0,0000;0;0;0;0
20260614_0639;Consistência_1000;classification;HoeffdingAdaptiveTree;Default_FullFeatures;classifier;classifier;classifier;N/A;N/A;N/A;2000;100;105;12400;0,0000;0,0000;0,0000;0,0000;0,0000;0,0000;0;0;0;0
20260614_0639;Consistência_1000;classification;HoeffdingAdaptiveTree;Default_FullFeatures;classifier;classifier;classifier;N/A;N/A;N/A;2000;100;106;12500;0,0000;0,0000;0,0000;0,0000;0,0000;0,0000;0;0;0;0
20260614_0639;Consistência_1000;classification;HoeffdingAdaptiveTree;Default_FullFeatures;classifier;classifier;classifier;N/A;N/A;N/A;2000;100;107;12600;0,0000;0,0000;0,0000;0,0000;0,0000;0,0000;0;0;0;0
20260614_0639;Consistência_1000;classification;HoeffdingAdaptiveTree;Default_FullFeatures;classifier;classifier;classifier;N/A;N/A;N/A;2000;100;108;12700;0,0000;0,0000;0,0000;0,0000;0,0000;0,0000;0;0;0;0
20260614_0639;Consistência_1000;classification;HoeffdingAdaptiveTree;Default_FullFeatures;classifier;classifier;classifier;N/A;N/A;N/A;2000;100;109;12800;0,0000;0,0000;0,0000;0,0000;0,0000;0,0000;1;0;0;0
20260614_0639;Consistência_1000;classification;HoeffdingAdaptiveTree;Default_FullFeatures;classifier;classifier;classifier;N/A;N/A;N/A;2000;100;110;12900;0,0000;0,0000;0,0000;0,0000;0,0000;0,0000;0;0;0;0
20260614_0639;Consistência_1000;classification;HoeffdingAdaptiveTree;Default_FullFeatures;classifier;classifier;classifier;N/A;N/A;N/A;2000;100;111;13000;0,0000;0,0000;0,0000;0,0000;0,0000;0,0000;0;0;0;0
20260614_0639;Consistência_1000;classification;HoeffdingAdaptiveTree;Default_FullFeatures;classifier;classifier;classifier;N/A;N/A;N/A;2000;100;112;13100;0,0000;0,0000;0,0000;0,0000;0,0000;0,0000;1;0;0;0
20260614_0639;Consistência_1000;classification;HoeffdingAdaptiveTree;Default_FullFeatures;classifier;classifier;classifier;N/A;N/A;N/A;2000;100;113;13200;0,0000;0,0000;0,0000;0,0000;0,0000;0,0000;0;0;0;0
20260614_0639;Consistência_1000;classification;HoeffdingAdaptiveTree;Default_FullFeatures;classifier;classifier;classifier;N/A;N/A;N/A;2000;100;114;13300;98,0000;0,0000;100,0000;0,0000;96,0784;0,0000;0;0;2;0
20260614_0639;Consistência_1000;classification;HoeffdingAdaptiveTree;Default_FullFeatures;classifier;classifier;classifier;N/A;N/A;N/A;2000;100;115;13400;100,0000;0,0000;100,0000;0,0000;100,0000;0,0000;0;0;0;0
20260614_0639;Consistência_1000;classification;HoeffdingAdaptiveTree;Default_FullFeatures;classifier;classifier;classifier;N/A;N/A;N/A;2000;100;116;13500;99,4975;0,0000;100,0000;0,0000;99,0000;0,0000;0;0;1;0
20260614_0639;Consistência_1000;classification;HoeffdingAdaptiveTree;Default_FullFeatures;classifier;classifier;classifier;N/A;N/A;N/A;2000;100;117;13600;96,4539;0,0000;97,1429;0,0000;95,7746;0,0000;2;0;3;0
20260614_0639;Consistência_1000;classification;HoeffdingAdaptiveTree;Default_FullFeatures;classifier;classifier;classifier;N/A;N/A;N/A;2000;100;118;13700;100,0000;0,0000;100,0000;0,0000;100,0000;0,0000;0;0;0;0
20260614_0639;Consistência_1000;classification;HoeffdingAdaptiveTree;Default_FullFeatures;classifier;classifier;classifier;N/A;N/A;N/A;2000;100;119;13800;96,1749;0,0000;100,0000;0,0000;92,6316;0,0000;0;0;7;0
20260614_0639;Consistência_1000;classification;HoeffdingAdaptiveTree;Default_FullFeatures;classifier;classifier;classifier;N/A;N/A;N/A;2000;100;120;13900;100,0000;0,0000;100,0000;0,0000;100,0000;0,0000;0;0;0;0
20260614_0639;Consistência_1000;classification;HoeffdingAdaptiveTree;Default_FullFeatures;classifier;classifier;classifier;N/A;N/A;N/A;2000;100;121;14000;98,9899;0,0000;100,0000;0,0000;98,0000;0,0000;0;0;2;0
20260614_0639;Consistência_1000;classification;HoeffdingAdaptiveTree;Default_FullFeatures;classifier;classifier;classifier;N/A;N/A;N/A;2000;100;122;14100;100,0000;0,0000;100,0000;0,0000;100,0000;0,0000;0;0;0;0
20260614_0639;Consistência_1000;classification;HoeffdingAdaptiveTree;Default_FullFeatures;classifier;classifier;classifier;N/A;N/A;N/A;2000;100;123;14200;99,4872;0,0000;100,0000;0,0000;98,9796;0,0000;0;0;1;0
20260614_0639;Consistência_1000;classification;HoeffdingAdaptiveTree;Default_FullFeatures;classifier;classifier;classifier;N/A;N/A;N/A;2000;100;124;14300;100,0000;0,0000;100,0000;0,0000;100,0000;0,0000;0;0;0;0
20260614_0639;Consistência_1000;classification;HoeffdingAdaptiveTree;Default_FullFeatures;classifier;classifier;classifier;N/A;N/A;N/A;2000;100;125;14400;0,0000;0,0000;0,0000;0,0000;0,0000;0,0000;1;0;0;0
20260614_0639;Consistência_1000;classification;HoeffdingAdaptiveTree;Default_FullFeatures;classifier;classifier;classifier;N/A;N/A;N/A;2000;100;126;14500;0,0000;0,0000;0,0000;0,0000;0,0000;0,0000;0;0;0;0
20260614_0639;Consistência_1000;classification;HoeffdingAdaptiveTree;Default_FullFeatures;classifier;classifier;classifier;N/A;N/A;N/A;2000;100;127;14600;0,0000;0,0000;0,0000;0,0000;0,0000;0,0000;0;0;0;0
20260614_0639;Consistência_1000;classification;HoeffdingAdaptiveTree;Default_FullFeatures;classifier;classifier;classifier;N/A;N/A;N/A;2000;100;128;14700;0,0000;0,0000;0,0000;0,0000;0,0000;0,0000;0;0;0;0
20260614_0639;Consistência_1000;classification;HoeffdingAdaptiveTree;Default_FullFeatures;classifier;classifier;classifier;N/A;N/A;N/A;2000;100;129;14800;0,0000;0,0000;0,0000;0,0000;0,0000;0,0000;0;0;0;0
20260614_0639;Consistência_1000;classification;HoeffdingAdaptiveTree;Default_FullFeatures;classifier;classifier;classifier;N/A;N/A;N/A;2000;100;130;14900;0,0000;0,0000;0,0000;0,0000;0,0000;0,0000;0;0;0;0
20260614_0639;Consistência_1000;classification;HoeffdingAdaptiveTree;Default_FullFeatures;classifier;classifier;classifier;N/A;N/A;N/A;2000;100;131;15000;0,0000;0,0000;0,0000;0,0000;0,0000;0,0000;0;0;0;0
20260614_0639;Consistência_1000;classification;HoeffdingAdaptiveTree;Default_FullFeatures;classifier;classifier;classifier;N/A;N/A;N/A;2000;100;132;15100;0,0000;0,0000;0,0000;0,0000;0,0000;0,0000;0;0;0;0
20260614_0639;Consistência_1000;classification;HoeffdingAdaptiveTree;Default_FullFeatures;classifier;classifier;classifier;N/A;N/A;N/A;2000;100;133;15200;0,0000;0,0000;0,0000;0,0000;0,0000;0,0000;0;0;0;0
20260614_0639;Consistência_1000;classification;HoeffdingAdaptiveTree;Default_FullFeatures;classifier;classifier;classifier;N/A;N/A;N/A;2000;100;134;15300;0,0000;0,0000;0,0000;0,0000;0,0000;0,0000;0;0;0;0
20260614_0639;Consistência_1000;classification;HoeffdingAdaptiveTree;Default_FullFeatures;classifier;classifier;classifier;N/A;N/A;N/A;2000;100;135;15400;0,0000;0,0000;0,0000;0,0000;0,0000;0,0000;0;0;0;0
20260614_0639;Consistência_1000;classification;HoeffdingAdaptiveTree;Default_FullFeatures;classifier;classifier;classifier;N/A;N/A;N/A;2000;100;136;15500;0,0000;0,0000;0,0000;0,0000;0,0000;0,0000;0;0;0;0
20260614_0639;Consistência_1000;classification;HoeffdingAdaptiveTree;Default_FullFeatures;classifier;classifier;classifier;N/A;N/A;N/A;2000;100;137;15600;0,0000;0,0000;0,0000;0,0000;0,0000;0,0000;0;0;0;0
20260614_0639;Consistência_1000;classification;HoeffdingAdaptiveTree;Default_FullFeatures;classifier;classifier;classifier;N/A;N/A;N/A;2000;100;138;15700;0,0000;0,0000;0,0000;0,0000;0,0000;0,0000;0;0;0;0
20260614_0639;Consistência_1000;classification;HoeffdingAdaptiveTree;Default_FullFeatures;classifier;classifier;classifier;N/A;N/A;N/A;2000;100;139;15800;0,0000;0,0000;0,0000;0,0000;0,0000;0,0000;0;0;0;0
20260614_0639;Consistência_1000;classification;HoeffdingAdaptiveTree;Default_FullFeatures;classifier;classifier;classifier;N/A;N/A;N/A;2000;100;140;15900;0,0000;0,0000;0,0000;0,0000;0,0000;0,0000;0;0;0;0
20260614_0639;Consistência_1000;classification;HoeffdingAdaptiveTree;Default_FullFeatures;classifier;classifier;classifier;N/A;N/A;N/A;2000;100;141;16000;0,0000;0,0000;0,0000;0,0000;0,0000;0,0000;0;0;0;0
20260614_0639;Consistência_1000;classification;HoeffdingAdaptiveTree;Default_FullFeatures;classifier;classifier;classifier;N/A;N/A;N/A;2000;100;142;16100;0,0000;0,0000;0,0000;0,0000;0,0000;0,0000;0;0;0;0
20260614_0639;Consistência_1000;classification;HoeffdingAdaptiveTree;Default_FullFeatures;classifier;classifier;classifier;N/A;N/A;N/A;2000;100;143;16200;0,0000;0,0000;0,0000;0,0000;0,0000;0,0000;0;0;0;0
20260614_0639;Consistência_1000;classification;HoeffdingAdaptiveTree;Default_FullFeatures;classifier;classifier;classifier;N/A;N/A;N/A;2000;100;144;16300;0,0000;0,0000;0,0000;0,0000;0,0000;0,0000;0;0;0;0
20260614_0639;Consistência_1000;classification;HoeffdingAdaptiveTree;Default_FullFeatures;classifier;classifier;classifier;N/A;N/A;N/A;2000;100;145;16400;0,0000;0,0000;0,0000;0,0000;0,0000;0,0000;0;0;0;0
20260614_0639;Consistência_1000;classification;HoeffdingAdaptiveTree;Default_FullFeatures;classifier;classifier;classifier;N/A;N/A;N/A;2000;100;146;16500;0,0000;0,0000;0,0000;0,0000;0,0000;0,0000;0;0;0;0
20260614_0639;Consistência_1000;classification;HoeffdingAdaptiveTree;Default_FullFeatures;classifier;classifier;classifier;N/A;N/A;N/A;2000;100;147;16600;0,0000;0,0000;0,0000;0,0000;0,0000;0,0000;0;0;0;0
20260614_0639;Consistência_1000;classification;HoeffdingAdaptiveTree;Default_FullFeatures;classifier;classifier;classifier;N/A;N/A;N/A;2000;100;148;16700;0,0000;0,0000;0,0000;0,0000;0,0000;0,0000;0;0;0;0
20260614_0639;Consistência_1000;classification;HoeffdingAdaptiveTree;Default_FullFeatures;classifier;classifier;classifier;N/A;N/A;N/A;2000;100;149;16800;0,0000;0,0000;0,0000;0,0000;0,0000;0,0000;0;0;0;0
20260614_0639;Consistência_1000;classification;HoeffdingAdaptiveTree;Default_FullFeatures;classifier;classifier;classifier;N/A;N/A;N/A;2000;100;150;16900;0,0000;0,0000;0,0000;0,0000;0,0000;0,0000;0;0;0;0
20260614_0639;Consistência_1000;classification;HoeffdingAdaptiveTree;Default_FullFeatures;classifier;classifier;classifier;N/A;N/A;N/A;2000;100;151;17000;0,0000;0,0000;0,0000;0,0000;0,0000;0,0000;0;0;0;0
20260614_0639;Consistência_1000;classification;HoeffdingAdaptiveTree;Default_FullFeatures;classifier;classifier;classifier;N/A;N/A;N/A;2000;100;152;17100;0,0000;0,0000;0,0000;0,0000;0,0000;0,0000;0;0;0;0
20260614_0639;Consistência_1000;classification;HoeffdingAdaptiveTree;Default_FullFeatures;classifier;classifier;classifier;N/A;N/A;N/A;2000;100;153;17200;0,0000;0,0000;0,0000;0,0000;0,0000;0,0000;0;0;0;0
20260614_0639;Consistência_1000;classification;HoeffdingAdaptiveTree;Default_FullFeatures;classifier;classifier;classifier;N/A;N/A;N/A;2000;100;154;17300;0,0000;0,0000;0,0000;0,0000;0,0000;0,0000;0;0;0;0
20260614_0639;Consistência_1000;classification;HoeffdingAdaptiveTree;Default_FullFeatures;classifier;classifier;classifier;N/A;N/A;N/A;2000;100;155;17400;0,0000;0,0000;0,0000;0,0000;0,0000;0,0000;0;0;0;0
20260614_0639;Consistência_1000;classification;HoeffdingAdaptiveTree;Default_FullFeatures;classifier;classifier;classifier;N/A;N/A;N/A;2000;100;156;17500;0,0000;0,0000;0,0000;0,0000;0,0000;0,0000;1;0;0;0
20260614_0639;Consistência_1000;classification;HoeffdingAdaptiveTree;Default_FullFeatures;classifier;classifier;classifier;N/A;N/A;N/A;2000;100;157;17600;0,0000;0,0000;0,0000;0,0000;0,0000;0,0000;0;0;0;0
20260614_0639;Consistência_1000;classification;HoeffdingAdaptiveTree;Default_FullFeatures;classifier;classifier;classifier;N/A;N/A;N/A;2000;100;158;17700;0,0000;0,0000;0,0000;0,0000;0,0000;0,0000;0;0;0;0
20260614_0639;Consistência_1000;classification;HoeffdingAdaptiveTree;Default_FullFeatures;classifier;classifier;classifier;N/A;N/A;N/A;2000;100;159;17800;0,0000;0,0000;0,0000;0,0000;0,0000;0,0000;0;0;0;0
20260614_0639;Consistência_1000;classification;HoeffdingAdaptiveTree;Default_FullFeatures;classifier;classifier;classifier;N/A;N/A;N/A;2000;100;160;17900;0,0000;0,0000;0,0000;0,0000;0,0000;0,0000;0;0;0;0
20260614_0639;Generalização_25;classification;HoeffdingAdaptiveTree;Default_FullFeatures;classifier;classifier;classifier;N/A;N/A;N/A;2000;100;1;2000;0,0000;0,0000;0,0000;0,0000;0,0000;0,0000;0;0;0;0
20260614_0639;Generalização_25;classification;HoeffdingAdaptiveTree;Default_FullFeatures;classifier;classifier;classifier;N/A;N/A;N/A;2000;100;2;2100;0,0000;0,0000;0,0000;0,0000;0,0000;0,0000;0;0;0;0
20260614_0639;Generalização_25;classification;HoeffdingAdaptiveTree;Default_FullFeatures;classifier;classifier;classifier;N/A;N/A;N/A;2000;100;3;2200;0,0000;0,0000;0,0000;0,0000;0,0000;0,0000;0;0;0;0
20260614_0639;Generalização_25;classification;HoeffdingAdaptiveTree;Default_FullFeatures;classifier;classifier;classifier;N/A;N/A;N/A;2000;100;4;2300;0,0000;0,0000;0,0000;0,0000;0,0000;0,0000;0;0;0;0
20260614_0639;Generalização_25;classification;HoeffdingAdaptiveTree;Default_FullFeatures;classifier;classifier;classifier;N/A;N/A;N/A;2000;100;5;2400;0,0000;0,0000;0,0000;0,0000;0,0000;0,0000;0;0;0;0
20260614_0639;Generalização_25;classification;HoeffdingAdaptiveTree;Default_FullFeatures;classifier;classifier;classifier;N/A;N/A;N/A;2000;100;6;2500;0,0000;0,0000;0,0000;0,0000;0,0000;0,0000;0;0;0;0
20260614_0639;Generalização_25;classification;HoeffdingAdaptiveTree;Default_FullFeatures;classifier;classifier;classifier;N/A;N/A;N/A;2000;100;7;2600;0,0000;0,0000;0,0000;0,0000;0,0000;0,0000;0;0;0;0
20260614_0639;Generalização_25;classification;HoeffdingAdaptiveTree;Default_FullFeatures;classifier;classifier;classifier;N/A;N/A;N/A;2000;100;8;2700;0,0000;0,0000;0,0000;0,0000;0,0000;0,0000;0;0;0;0
20260614_0639;Generalização_25;classification;HoeffdingAdaptiveTree;Default_FullFeatures;classifier;classifier;classifier;N/A;N/A;N/A;2000;100;9;2800;0,0000;0,0000;0,0000;0,0000;0,0000;0,0000;0;0;0;0
20260614_0639;Generalização_25;classification;HoeffdingAdaptiveTree;Default_FullFeatures;classifier;classifier;classifier;N/A;N/A;N/A;2000;100;10;2900;0,0000;0,0000;0,0000;0,0000;0,0000;0,0000;0;0;0;0
20260614_0639;Generalização_25;classification;HoeffdingAdaptiveTree;Default_FullFeatures;classifier;classifier;classifier;N/A;N/A;N/A;2000;100;11;3000;0,0000;0,0000;0,0000;0,0000;0,0000;0,0000;0;0;0;0
20260614_0639;Generalização_25;classification;HoeffdingAdaptiveTree;Default_FullFeatures;classifier;classifier;classifier;N/A;N/A;N/A;2000;100;12;3100;0,0000;0,0000;0,0000;0,0000;0,0000;0,0000;0;0;0;0
20260614_0639;Generalização_25;classification;HoeffdingAdaptiveTree;Default_FullFeatures;classifier;classifier;classifier;N/A;N/A;N/A;2000;100;13;3200;0,0000;0,0000;0,0000;0,0000;0,0000;0,0000;0;0;0;0
20260614_0639;Generalização_25;classification;HoeffdingAdaptiveTree;Default_FullFeatures;classifier;classifier;classifier;N/A;N/A;N/A;2000;100;14;3300;0,0000;0,0000;0,0000;0,0000;0,0000;0,0000;0;0;0;0
20260614_0639;Generalização_25;classification;HoeffdingAdaptiveTree;Default_FullFeatures;classifier;classifier;classifier;N/A;N/A;N/A;2000;100;15;3400;0,0000;0,0000;0,0000;0,0000;0,0000;0,0000;0;0;0;0
20260614_0639;Generalização_25;classification;HoeffdingAdaptiveTree;Default_FullFeatures;classifier;classifier;classifier;N/A;N/A;N/A;2000;100;16;3500;0,0000;0,0000;0,0000;0,0000;0,0000;0,0000;0;0;0;0
20260614_0639;Generalização_25;classification;HoeffdingAdaptiveTree;Default_FullFeatures;classifier;classifier;classifier;N/A;N/A;N/A;2000;100;17;3600;0,0000;0,0000;0,0000;0,0000;0,0000;0,0000;0;0;0;0
20260614_0639;Generalização_25;classification;HoeffdingAdaptiveTree;Default_FullFeatures;classifier;classifier;classifier;N/A;N/A;N/A;2000;100;18;3700;0,0000;0,0000;0,0000;0,0000;0,0000;0,0000;0;0;0;0
20260614_0639;Generalização_25;classification;HoeffdingAdaptiveTree;Default_FullFeatures;classifier;classifier;classifier;N/A;N/A;N/A;2000;100;19;3800;86,9565;0,0000;95,2381;0,0000;80,0000;0,0000;1;0;5;0
20260614_0639;Generalização_25;classification;HoeffdingAdaptiveTree;Default_FullFeatures;classifier;classifier;classifier;N/A;N/A;N/A;2000;100;20;3900;0,0000;0,0000;0,0000;0,0000;0,0000;0,0000;1;0;0;0
20260614_0639;Generalização_25;classification;HoeffdingAdaptiveTree;Default_FullFeatures;classifier;classifier;classifier;N/A;N/A;N/A;2000;100;21;4000;0,0000;0,0000;0,0000;0,0000;0,0000;0,0000;0;0;0;0
20260614_0639;Generalização_25;classification;HoeffdingAdaptiveTree;Default_FullFeatures;classifier;classifier;classifier;N/A;N/A;N/A;2000;100;22;4100;0,0000;0,0000;0,0000;0,0000;0,0000;0,0000;0;0;0;0
20260614_0639;Generalização_25;classification;HoeffdingAdaptiveTree;Default_FullFeatures;classifier;classifier;classifier;N/A;N/A;N/A;2000;100;23;4200;0,0000;0,0000;0,0000;0,0000;0,0000;0,0000;0;0;0;0
20260614_0639;Generalização_25;classification;HoeffdingAdaptiveTree;Default_FullFeatures;classifier;classifier;classifier;N/A;N/A;N/A;2000;100;24;4300;0,0000;0,0000;0,0000;0,0000;0,0000;0,0000;0;0;0;0
20260614_0639;Generalização_25;classification;HoeffdingAdaptiveTree;Default_FullFeatures;classifier;classifier;classifier;N/A;N/A;N/A;2000;100;25;4400;0,0000;0,0000;0,0000;0,0000;0,0000;0,0000;0;0;0;0
20260614_0639;Generalização_25;classification;HoeffdingAdaptiveTree;Default_FullFeatures;classifier;classifier;classifier;N/A;N/A;N/A;2000;100;26;4500;0,0000;0,0000;0,0000;0,0000;0,0000;0,0000;0;0;0;0
20260614_0639;Generalização_25;classification;HoeffdingAdaptiveTree;Default_FullFeatures;classifier;classifier;classifier;N/A;N/A;N/A;2000;100;27;4600;0,0000;0,0000;0,0000;0,0000;0,0000;0,0000;0;0;0;0
20260614_0639;Generalização_25;classification;HoeffdingAdaptiveTree;Default_FullFeatures;classifier;classifier;classifier;N/A;N/A;N/A;2000;100;28;4700;0,0000;0,0000;0,0000;0,0000;0,0000;0,0000;0;0;0;0
20260614_0639;Generalização_25;classification;HoeffdingAdaptiveTree;Default_FullFeatures;classifier;classifier;classifier;N/A;N/A;N/A;2000;100;29;4800;0,0000;0,0000;0,0000;0,0000;0,0000;0,0000;0;0;0;0
20260614_0639;Generalização_25;classification;HoeffdingAdaptiveTree;Default_FullFeatures;classifier;classifier;classifier;N/A;N/A;N/A;2000;100;30;4900;0,0000;0,0000;0,0000;0,0000;0,0000;0,0000;0;0;0;0
20260614_0639;Generalização_25;classification;HoeffdingAdaptiveTree;Default_FullFeatures;classifier;classifier;classifier;N/A;N/A;N/A;2000;100;31;5000;0,0000;0,0000;0,0000;0,0000;0,0000;0,0000;0;0;0;0
20260614_0639;Generalização_25;classification;HoeffdingAdaptiveTree;Default_FullFeatures;classifier;classifier;classifier;N/A;N/A;N/A;2000;100;32;5100;0,0000;0,0000;0,0000;0,0000;0,0000;0,0000;0;0;0;0
20260614_0639;Generalização_25;classification;HoeffdingAdaptiveTree;Default_FullFeatures;classifier;classifier;classifier;N/A;N/A;N/A;2000;100;33;5200;0,0000;0,0000;0,0000;0,0000;0,0000;0,0000;0;0;0;0
20260614_0639;Generalização_25;classification;HoeffdingAdaptiveTree;Default_FullFeatures;classifier;classifier;classifier;N/A;N/A;N/A;2000;100;34;5300;0,0000;0,0000;0,0000;0,0000;0,0000;0,0000;0;0;0;0
20260614_0639;Generalização_25;classification;HoeffdingAdaptiveTree;Default_FullFeatures;classifier;classifier;classifier;N/A;N/A;N/A;2000;100;35;5400;0,0000;0,0000;0,0000;0,0000;0,0000;0,0000;0;0;0;0
20260614_0639;Generalização_25;classification;HoeffdingAdaptiveTree;Default_FullFeatures;classifier;classifier;classifier;N/A;N/A;N/A;2000;100;36;5500;0,0000;0,0000;0,0000;0,0000;0,0000;0,0000;0;0;0;0
20260614_0639;Generalização_25;classification;HoeffdingAdaptiveTree;Default_FullFeatures;classifier;classifier;classifier;N/A;N/A;N/A;2000;100;37;5600;0,0000;0,0000;0,0000;0,0000;0,0000;0,0000;0;0;0;0
20260614_0639;Generalização_25;classification;HoeffdingAdaptiveTree;Default_FullFeatures;classifier;classifier;classifier;N/A;N/A;N/A;2000;100;38;5700;0,0000;0,0000;0,0000;0,0000;0,0000;0,0000;0;0;0;0
20260614_0639;Generalização_25;classification;HoeffdingAdaptiveTree;Default_FullFeatures;classifier;classifier;classifier;N/A;N/A;N/A;2000;100;39;5800;0,0000;0,0000;0,0000;0,0000;0,0000;0,0000;0;0;0;0
20260614_0639;Generalização_25;classification;HoeffdingAdaptiveTree;Default_FullFeatures;classifier;classifier;classifier;N/A;N/A;N/A;2000;100;40;5900;0,0000;0,0000;0,0000;0,0000;0,0000;0,0000;0;0;0;0
20260614_0639;Generalização_25;classification;HoeffdingAdaptiveTree;Default_FullFeatures;classifier;classifier;classifier;N/A;N/A;N/A;2000;100;41;6000;0,0000;0,0000;0,0000;0,0000;0,0000;0,0000;0;0;0;0
20260614_0639;Generalização_25;classification;HoeffdingAdaptiveTree;Default_FullFeatures;classifier;classifier;classifier;N/A;N/A;N/A;2000;100;42;6100;0,0000;0,0000;0,0000;0,0000;0,0000;0,0000;0;0;0;0
20260614_0639;Generalização_25;classification;HoeffdingAdaptiveTree;Default_FullFeatures;classifier;classifier;classifier;N/A;N/A;N/A;2000;100;43;6200;0,0000;0,0000;0,0000;0,0000;0,0000;0,0000;0;0;0;0
20260614_0639;Generalização_25;classification;HoeffdingAdaptiveTree;Default_FullFeatures;classifier;classifier;classifier;N/A;N/A;N/A;2000;100;44;6300;0,0000;0,0000;0,0000;0,0000;0,0000;0,0000;0;0;0;0
20260614_0639;Generalização_25;classification;HoeffdingAdaptiveTree;Default_FullFeatures;classifier;classifier;classifier;N/A;N/A;N/A;2000;100;45;6400;0,0000;0,0000;0,0000;0,0000;0,0000;0,0000;0;0;0;0
20260614_0639;Generalização_25;classification;HoeffdingAdaptiveTree;Default_FullFeatures;classifier;classifier;classifier;N/A;N/A;N/A;2000;100;46;6500;0,0000;0,0000;0,0000;0,0000;0,0000;0,0000;0;0;0;0
20260614_0639;Generalização_25;classification;HoeffdingAdaptiveTree;Default_FullFeatures;classifier;classifier;classifier;N/A;N/A;N/A;2000;100;47;6600;0,0000;0,0000;0,0000;0,0000;0,0000;0,0000;0;0;0;0
20260614_0639;Generalização_25;classification;HoeffdingAdaptiveTree;Default_FullFeatures;classifier;classifier;classifier;N/A;N/A;N/A;2000;100;48;6700;0,0000;0,0000;0,0000;0,0000;0,0000;0,0000;0;0;0;0
20260614_0639;Generalização_25;classification;HoeffdingAdaptiveTree;Default_FullFeatures;classifier;classifier;classifier;N/A;N/A;N/A;2000;100;49;6800;0,0000;0,0000;0,0000;0,0000;0,0000;0,0000;0;0;0;0
20260614_0639;Generalização_25;classification;HoeffdingAdaptiveTree;Default_FullFeatures;classifier;classifier;classifier;N/A;N/A;N/A;2000;100;50;6900;0,0000;0,0000;0,0000;0,0000;0,0000;0,0000;0;0;0;0
20260614_0639;Generalização_25;classification;HoeffdingAdaptiveTree;Default_FullFeatures;classifier;classifier;classifier;N/A;N/A;N/A;2000;100;51;7000;0,0000;0,0000;0,0000;0,0000;0,0000;0,0000;0;0;0;0
20260614_0639;Generalização_25;classification;HoeffdingAdaptiveTree;Default_FullFeatures;classifier;classifier;classifier;N/A;N/A;N/A;2000;100;52;7100;0,0000;0,0000;0,0000;0,0000;0,0000;0,0000;0;0;0;0
20260614_0639;Generalização_25;classification;HoeffdingAdaptiveTree;Default_FullFeatures;classifier;classifier;classifier;N/A;N/A;N/A;2000;100;53;7200;0,0000;0,0000;0,0000;0,0000;0,0000;0,0000;0;0;0;0
20260614_0639;Generalização_25;classification;HoeffdingAdaptiveTree;Default_FullFeatures;classifier;classifier;classifier;N/A;N/A;N/A;2000;100;54;7300;0,0000;0,0000;0,0000;0,0000;0,0000;0,0000;0;0;0;0
20260614_0639;Generalização_25;classification;HoeffdingAdaptiveTree;Default_FullFeatures;classifier;classifier;classifier;N/A;N/A;N/A;2000;100;55;7400;0,0000;0,0000;0,0000;0,0000;0,0000;0,0000;0;0;0;0
20260614_0639;Generalização_25;classification;HoeffdingAdaptiveTree;Default_FullFeatures;classifier;classifier;classifier;N/A;N/A;N/A;2000;100;56;7500;0,0000;0,0000;0,0000;0,0000;0,0000;0,0000;0;0;0;0
20260614_0639;Generalização_25;classification;HoeffdingAdaptiveTree;Default_FullFeatures;classifier;classifier;classifier;N/A;N/A;N/A;2000;100;57;7600;95,8333;0,0000;100,0000;0,0000;92,0000;0,0000;0;0;2;0
20260614_0639;Generalização_25;classification;HoeffdingAdaptiveTree;Default_FullFeatures;classifier;classifier;classifier;N/A;N/A;N/A;2000;100;58;7700;0,0000;0,0000;0,0000;0,0000;0,0000;0,0000;1;0;0;0
20260614_0639;Generalização_25;classification;HoeffdingAdaptiveTree;Default_FullFeatures;classifier;classifier;classifier;N/A;N/A;N/A;2000;100;59;7800;0,0000;0,0000;0,0000;0,0000;0,0000;0,0000;0;0;0;0
20260614_0639;Generalização_25;classification;HoeffdingAdaptiveTree;Default_FullFeatures;classifier;classifier;classifier;N/A;N/A;N/A;2000;100;60;7900;0,0000;0,0000;0,0000;0,0000;0,0000;0,0000;0;0;0;0
20260614_0639;Generalização_25;classification;HoeffdingAdaptiveTree;Default_FullFeatures;classifier;classifier;classifier;N/A;N/A;N/A;2000;100;61;8000;0,0000;0,0000;0,0000;0,0000;0,0000;0,0000;0;0;0;0
20260614_0639;Generalização_25;classification;HoeffdingAdaptiveTree;Default_FullFeatures;classifier;classifier;classifier;N/A;N/A;N/A;2000;100;62;8100;0,0000;0,0000;0,0000;0,0000;0,0000;0,0000;0;0;0;0
20260614_0639;Generalização_25;classification;HoeffdingAdaptiveTree;Default_FullFeatures;classifier;classifier;classifier;N/A;N/A;N/A;2000;100;63;8200;0,0000;0,0000;0,0000;0,0000;0,0000;0,0000;0;0;0;0
20260614_0639;Generalização_25;classification;HoeffdingAdaptiveTree;Default_FullFeatures;classifier;classifier;classifier;N/A;N/A;N/A;2000;100;64;8300;0,0000;0,0000;0,0000;0,0000;0,0000;0,0000;0;0;0;0
20260614_0639;Generalização_25;classification;HoeffdingAdaptiveTree;Default_FullFeatures;classifier;classifier;classifier;N/A;N/A;N/A;2000;100;65;8400;0,0000;0,0000;0,0000;0,0000;0,0000;0,0000;0;0;0;0
20260614_0639;Generalização_25;classification;HoeffdingAdaptiveTree;Default_FullFeatures;classifier;classifier;classifier;N/A;N/A;N/A;2000;100;66;8500;0,0000;0,0000;0,0000;0,0000;0,0000;0,0000;0;0;0;0
20260614_0639;Generalização_25;classification;HoeffdingAdaptiveTree;Default_FullFeatures;classifier;classifier;classifier;N/A;N/A;N/A;2000;100;67;8600;0,0000;0,0000;0,0000;0,0000;0,0000;0,0000;0;0;0;0
20260614_0639;Generalização_25;classification;HoeffdingAdaptiveTree;Default_FullFeatures;classifier;classifier;classifier;N/A;N/A;N/A;2000;100;68;8700;0,0000;0,0000;0,0000;0,0000;0,0000;0,0000;0;0;0;0
20260614_0639;Generalização_25;classification;HoeffdingAdaptiveTree;Default_FullFeatures;classifier;classifier;classifier;N/A;N/A;N/A;2000;100;69;8800;0,0000;0,0000;0,0000;0,0000;0,0000;0,0000;0;0;0;0
20260614_0639;Generalização_25;classification;HoeffdingAdaptiveTree;Default_FullFeatures;classifier;classifier;classifier;N/A;N/A;N/A;2000;100;70;8900;0,0000;0,0000;0,0000;0,0000;0,0000;0,0000;0;0;0;0
20260614_0639;Generalização_25;classification;HoeffdingAdaptiveTree;Default_FullFeatures;classifier;classifier;classifier;N/A;N/A;N/A;2000;100;71;9000;0,0000;0,0000;0,0000;0,0000;0,0000;0,0000;0;0;0;0
20260614_0639;Generalização_25;classification;HoeffdingAdaptiveTree;Default_FullFeatures;classifier;classifier;classifier;N/A;N/A;N/A;2000;100;72;9100;0,0000;0,0000;0,0000;0,0000;0,0000;0,0000;0;0;0;0
20260614_0639;Generalização_25;classification;HoeffdingAdaptiveTree;Default_FullFeatures;classifier;classifier;classifier;N/A;N/A;N/A;2000;100;73;9200;0,0000;0,0000;0,0000;0,0000;0,0000;0,0000;0;0;0;0
20260614_0639;Generalização_25;classification;HoeffdingAdaptiveTree;Default_FullFeatures;classifier;classifier;classifier;N/A;N/A;N/A;2000;100;74;9300;0,0000;0,0000;0,0000;0,0000;0,0000;0,0000;0;0;0;0
20260614_0639;Generalização_25;classification;HoeffdingAdaptiveTree;Default_FullFeatures;classifier;classifier;classifier;N/A;N/A;N/A;2000;100;75;9400;0,0000;0,0000;0,0000;0,0000;0,0000;0,0000;0;0;0;0
20260614_0639;Generalização_25;classification;HoeffdingAdaptiveTree;Default_FullFeatures;classifier;classifier;classifier;N/A;N/A;N/A;2000;100;76;9500;0,0000;0,0000;0,0000;0,0000;0,0000;0,0000;0;0;0;0
20260614_0639;Generalização_25;classification;HoeffdingAdaptiveTree;Default_FullFeatures;classifier;classifier;classifier;N/A;N/A;N/A;2000;100;77;9600;0,0000;0,0000;0,0000;0,0000;0,0000;0,0000;0;0;0;0
20260614_0639;Generalização_25;classification;HoeffdingAdaptiveTree;Default_FullFeatures;classifier;classifier;classifier;N/A;N/A;N/A;2000;100;78;9700;0,0000;0,0000;0,0000;0,0000;0,0000;0,0000;0;0;0;0
20260614_0639;Generalização_25;classification;HoeffdingAdaptiveTree;Default_FullFeatures;classifier;classifier;classifier;N/A;N/A;N/A;2000;100;79;9800;0,0000;0,0000;0,0000;0,0000;0,0000;0,0000;0;0;0;0
20260614_0639;Generalização_25;classification;HoeffdingAdaptiveTree;Default_FullFeatures;classifier;classifier;classifier;N/A;N/A;N/A;2000;100;80;9900;0,0000;0,0000;0,0000;0,0000;0,0000;0,0000;0;0;0;0
20260614_0639;Generalização_25;classification;HoeffdingAdaptiveTree;Default_FullFeatures;classifier;classifier;classifier;N/A;N/A;N/A;2000;100;81;10000;0,0000;0,0000;0,0000;0,0000;0,0000;0,0000;0;0;0;0
20260614_0639;Generalização_25;classification;HoeffdingAdaptiveTree;Default_FullFeatures;classifier;classifier;classifier;N/A;N/A;N/A;2000;100;82;10100;0,0000;0,0000;0,0000;0,0000;0,0000;0,0000;0;0;0;0
20260614_0639;Generalização_25;classification;HoeffdingAdaptiveTree;Default_FullFeatures;classifier;classifier;classifier;N/A;N/A;N/A;2000;100;83;10200;0,0000;0,0000;0,0000;0,0000;0,0000;0,0000;0;0;0;0
20260614_0639;Generalização_25;classification;HoeffdingAdaptiveTree;Default_FullFeatures;classifier;classifier;classifier;N/A;N/A;N/A;2000;100;84;10300;0,0000;0,0000;0,0000;0,0000;0,0000;0,0000;0;0;0;0
20260614_0639;Generalização_25;classification;HoeffdingAdaptiveTree;Default_FullFeatures;classifier;classifier;classifier;N/A;N/A;N/A;2000;100;85;10400;0,0000;0,0000;0,0000;0,0000;0,0000;0,0000;0;0;0;0
20260614_0639;Generalização_25;classification;HoeffdingAdaptiveTree;Default_FullFeatures;classifier;classifier;classifier;N/A;N/A;N/A;2000;100;86;10500;0,0000;0,0000;0,0000;0,0000;0,0000;0,0000;0;0;0;0
20260614_0639;Generalização_25;classification;HoeffdingAdaptiveTree;Default_FullFeatures;classifier;classifier;classifier;N/A;N/A;N/A;2000;100;87;10600;0,0000;0,0000;0,0000;0,0000;0,0000;0,0000;0;0;0;0
20260614_0639;Generalização_25;classification;HoeffdingAdaptiveTree;Default_FullFeatures;classifier;classifier;classifier;N/A;N/A;N/A;2000;100;88;10700;0,0000;0,0000;0,0000;0,0000;0,0000;0,0000;0;0;0;0
20260614_0639;Generalização_25;classification;HoeffdingAdaptiveTree;Default_FullFeatures;classifier;classifier;classifier;N/A;N/A;N/A;2000;100;89;10800;0,0000;0,0000;0,0000;0,0000;0,0000;0,0000;0;0;0;0
20260614_0639;Generalização_25;classification;HoeffdingAdaptiveTree;Default_FullFeatures;classifier;classifier;classifier;N/A;N/A;N/A;2000;100;90;10900;0,0000;0,0000;0,0000;0,0000;0,0000;0,0000;0;0;0;0
20260614_0639;Generalização_25;classification;HoeffdingAdaptiveTree;Default_FullFeatures;classifier;classifier;classifier;N/A;N/A;N/A;2000;100;91;11000;0,0000;0,0000;0,0000;0,0000;0,0000;0,0000;0;0;0;0
20260614_0639;Generalização_25;classification;HoeffdingAdaptiveTree;Default_FullFeatures;classifier;classifier;classifier;N/A;N/A;N/A;2000;100;92;11100;0,0000;0,0000;0,0000;0,0000;0,0000;0,0000;0;0;0;0
20260614_0639;Generalização_25;classification;HoeffdingAdaptiveTree;Default_FullFeatures;classifier;classifier;classifier;N/A;N/A;N/A;2000;100;93;11200;0,0000;0,0000;0,0000;0,0000;0,0000;0,0000;0;0;0;0
20260614_0639;Generalização_25;classification;HoeffdingAdaptiveTree;Default_FullFeatures;classifier;classifier;classifier;N/A;N/A;N/A;2000;100;94;11300;0,0000;0,0000;0,0000;0,0000;0,0000;0,0000;0;0;1;0
20260614_0639;Generalização_25;classification;HoeffdingAdaptiveTree;Default_FullFeatures;classifier;classifier;classifier;N/A;N/A;N/A;2000;100;95;11400;90,0000;0,0000;100,0000;0,0000;81,8182;0,0000;0;0;4;0
20260614_0639;Generalização_25;classification;HoeffdingAdaptiveTree;Default_FullFeatures;classifier;classifier;classifier;N/A;N/A;N/A;2000;100;96;11500;0,0000;0,0000;0,0000;0,0000;0,0000;0,0000;0;0;0;0
20260614_0639;Generalização_25;classification;HoeffdingAdaptiveTree;Default_FullFeatures;classifier;classifier;classifier;N/A;N/A;N/A;2000;100;97;11600;0,0000;0,0000;0,0000;0,0000;0,0000;0,0000;0;0;0;0
20260614_0639;Generalização_25;classification;HoeffdingAdaptiveTree;Default_FullFeatures;classifier;classifier;classifier;N/A;N/A;N/A;2000;100;98;11700;0,0000;0,0000;0,0000;0,0000;0,0000;0,0000;0;0;0;0
20260614_0639;Generalização_25;classification;HoeffdingAdaptiveTree;Default_FullFeatures;classifier;classifier;classifier;N/A;N/A;N/A;2000;100;99;11800;0,0000;0,0000;0,0000;0,0000;0,0000;0,0000;0;0;0;0
20260614_0639;Generalização_25;classification;HoeffdingAdaptiveTree;Default_FullFeatures;classifier;classifier;classifier;N/A;N/A;N/A;2000;100;100;11900;0,0000;0,0000;0,0000;0,0000;0,0000;0,0000;0;0;0;0
20260614_0639;Generalização_25;classification;HoeffdingAdaptiveTree;Default_FullFeatures;classifier;classifier;classifier;N/A;N/A;N/A;2000;100;101;12000;0,0000;0,0000;0,0000;0,0000;0,0000;0,0000;0;0;0;0
20260614_0639;Generalização_25;classification;HoeffdingAdaptiveTree;Default_FullFeatures;classifier;classifier;classifier;N/A;N/A;N/A;2000;100;102;12100;0,0000;0,0000;0,0000;0,0000;0,0000;0,0000;0;0;0;0
20260614_0639;Generalização_25;classification;HoeffdingAdaptiveTree;Default_FullFeatures;classifier;classifier;classifier;N/A;N/A;N/A;2000;100;103;12200;0,0000;0,0000;0,0000;0,0000;0,0000;0,0000;0;0;0;0
20260614_0639;Generalização_25;classification;HoeffdingAdaptiveTree;Default_FullFeatures;classifier;classifier;classifier;N/A;N/A;N/A;2000;100;104;12300;0,0000;0,0000;0,0000;0,0000;0,0000;0,0000;0;0;0;0
20260614_0639;Generalização_25;classification;HoeffdingAdaptiveTree;Default_FullFeatures;classifier;classifier;classifier;N/A;N/A;N/A;2000;100;105;12400;0,0000;0,0000;0,0000;0,0000;0,0000;0,0000;0;0;0;0
20260614_0639;Generalização_25;classification;HoeffdingAdaptiveTree;Default_FullFeatures;classifier;classifier;classifier;N/A;N/A;N/A;2000;100;106;12500;0,0000;0,0000;0,0000;0,0000;0,0000;0,0000;0;0;0;0
20260614_0639;Generalização_25;classification;HoeffdingAdaptiveTree;Default_FullFeatures;classifier;classifier;classifier;N/A;N/A;N/A;2000;100;107;12600;0,0000;0,0000;0,0000;0,0000;0,0000;0,0000;0;0;0;0
20260614_0639;Generalização_25;classification;HoeffdingAdaptiveTree;Default_FullFeatures;classifier;classifier;classifier;N/A;N/A;N/A;2000;100;108;12700;0,0000;0,0000;0,0000;0,0000;0,0000;0,0000;0;0;0;0
20260614_0639;Generalização_25;classification;HoeffdingAdaptiveTree;Default_FullFeatures;classifier;classifier;classifier;N/A;N/A;N/A;2000;100;109;12800;0,0000;0,0000;0,0000;0,0000;0,0000;0,0000;0;0;0;0
20260614_0639;Generalização_25;classification;HoeffdingAdaptiveTree;Default_FullFeatures;classifier;classifier;classifier;N/A;N/A;N/A;2000;100;110;12900;0,0000;0,0000;0,0000;0,0000;0,0000;0,0000;0;0;0;0
20260614_0639;Generalização_25;classification;HoeffdingAdaptiveTree;Default_FullFeatures;classifier;classifier;classifier;N/A;N/A;N/A;2000;100;111;13000;0,0000;0,0000;0,0000;0,0000;0,0000;0,0000;0;0;0;0
20260614_0639;Generalização_25;classification;HoeffdingAdaptiveTree;Default_FullFeatures;classifier;classifier;classifier;N/A;N/A;N/A;2000;100;112;13100;0,0000;0,0000;0,0000;0,0000;0,0000;0,0000;0;0;0;0
20260614_0639;Generalização_25;classification;HoeffdingAdaptiveTree;Default_FullFeatures;classifier;classifier;classifier;N/A;N/A;N/A;2000;100;113;13200;0,0000;0,0000;0,0000;0,0000;0,0000;0,0000;0;0;0;0
20260614_0639;Generalização_25;classification;HoeffdingAdaptiveTree;Default_FullFeatures;classifier;classifier;classifier;N/A;N/A;N/A;2000;100;114;13300;0,0000;0,0000;0,0000;0,0000;0,0000;0,0000;0;0;0;0
20260614_0639;Generalização_25;classification;HoeffdingAdaptiveTree;Default_FullFeatures;classifier;classifier;classifier;N/A;N/A;N/A;2000;100;115;13400;0,0000;0,0000;0,0000;0,0000;0,0000;0,0000;0;0;0;0
20260614_0639;Generalização_25;classification;HoeffdingAdaptiveTree;Default_FullFeatures;classifier;classifier;classifier;N/A;N/A;N/A;2000;100;116;13500;0,0000;0,0000;0,0000;0,0000;0,0000;0,0000;0;0;0;0
20260614_0639;Generalização_25;classification;HoeffdingAdaptiveTree;Default_FullFeatures;classifier;classifier;classifier;N/A;N/A;N/A;2000;100;117;13600;0,0000;0,0000;0,0000;0,0000;0,0000;0,0000;0;0;0;0
20260614_0639;Generalização_25;classification;HoeffdingAdaptiveTree;Default_FullFeatures;classifier;classifier;classifier;N/A;N/A;N/A;2000;100;118;13700;0,0000;0,0000;0,0000;0,0000;0,0000;0,0000;0;0;0;0
20260614_0639;Generalização_25;classification;HoeffdingAdaptiveTree;Default_FullFeatures;classifier;classifier;classifier;N/A;N/A;N/A;2000;100;119;13800;0,0000;0,0000;0,0000;0,0000;0,0000;0,0000;0;0;0;0
20260614_0639;Generalização_25;classification;HoeffdingAdaptiveTree;Default_FullFeatures;classifier;classifier;classifier;N/A;N/A;N/A;2000;100;120;13900;0,0000;0,0000;0,0000;0,0000;0,0000;0,0000;0;0;0;0
20260614_0639;Generalização_25;classification;HoeffdingAdaptiveTree;Default_FullFeatures;classifier;classifier;classifier;N/A;N/A;N/A;2000;100;121;14000;0,0000;0,0000;0,0000;0,0000;0,0000;0,0000;0;0;0;0
20260614_0639;Generalização_25;classification;HoeffdingAdaptiveTree;Default_FullFeatures;classifier;classifier;classifier;N/A;N/A;N/A;2000;100;122;14100;0,0000;0,0000;0,0000;0,0000;0,0000;0,0000;0;0;0;0
20260614_0639;Generalização_25;classification;HoeffdingAdaptiveTree;Default_FullFeatures;classifier;classifier;classifier;N/A;N/A;N/A;2000;100;123;14200;0,0000;0,0000;0,0000;0,0000;0,0000;0,0000;0;0;0;0
20260614_0639;Generalização_25;classification;HoeffdingAdaptiveTree;Default_FullFeatures;classifier;classifier;classifier;N/A;N/A;N/A;2000;100;124;14300;0,0000;0,0000;0,0000;0,0000;0,0000;0,0000;0;0;0;0
20260614_0639;Generalização_25;classification;HoeffdingAdaptiveTree;Default_FullFeatures;classifier;classifier;classifier;N/A;N/A;N/A;2000;100;125;14400;0,0000;0,0000;0,0000;0,0000;0,0000;0,0000;0;0;0;0
20260614_0639;Generalização_25;classification;HoeffdingAdaptiveTree;Default_FullFeatures;classifier;classifier;classifier;N/A;N/A;N/A;2000;100;126;14500;0,0000;0,0000;0,0000;0,0000;0,0000;0,0000;0;0;0;0
20260614_0639;Generalização_25;classification;HoeffdingAdaptiveTree;Default_FullFeatures;classifier;classifier;classifier;N/A;N/A;N/A;2000;100;127;14600;0,0000;0,0000;0,0000;0,0000;0,0000;0,0000;0;0;0;0
20260614_0639;Generalização_25;classification;HoeffdingAdaptiveTree;Default_FullFeatures;classifier;classifier;classifier;N/A;N/A;N/A;2000;100;128;14700;0,0000;0,0000;0,0000;0,0000;0,0000;0,0000;0;0;0;0
20260614_0639;Generalização_25;classification;HoeffdingAdaptiveTree;Default_FullFeatures;classifier;classifier;classifier;N/A;N/A;N/A;2000;100;129;14800;0,0000;0,0000;0,0000;0,0000;0,0000;0,0000;0;0;0;0
20260614_0639;Generalização_25;classification;HoeffdingAdaptiveTree;Default_FullFeatures;classifier;classifier;classifier;N/A;N/A;N/A;2000;100;130;14900;0,0000;0,0000;0,0000;0,0000;0,0000;0,0000;0;0;0;0
20260614_0639;Generalização_25;classification;HoeffdingAdaptiveTree;Default_FullFeatures;classifier;classifier;classifier;N/A;N/A;N/A;2000;100;131;15000;0,0000;0,0000;0,0000;0,0000;0,0000;0,0000;0;0;0;0
20260614_0639;Generalização_200;classification;HoeffdingAdaptiveTree;Default_FullFeatures;classifier;classifier;classifier;N/A;N/A;N/A;2000;100;1;2000;0,0000;0,0000;0,0000;0,0000;0,0000;0,0000;0;0;0;0
20260614_0639;Generalização_200;classification;HoeffdingAdaptiveTree;Default_FullFeatures;classifier;classifier;classifier;N/A;N/A;N/A;2000;100;2;2100;0,0000;0,0000;0,0000;0,0000;0,0000;0,0000;0;0;0;0
20260614_0639;Generalização_200;classification;HoeffdingAdaptiveTree;Default_FullFeatures;classifier;classifier;classifier;N/A;N/A;N/A;2000;100;3;2200;0,0000;0,0000;0,0000;0,0000;0,0000;0,0000;0;0;0;0
20260614_0639;Generalização_200;classification;HoeffdingAdaptiveTree;Default_FullFeatures;classifier;classifier;classifier;N/A;N/A;N/A;2000;100;4;2300;0,0000;0,0000;0,0000;0,0000;0,0000;0,0000;0;0;0;0
20260614_0639;Generalização_200;classification;HoeffdingAdaptiveTree;Default_FullFeatures;classifier;classifier;classifier;N/A;N/A;N/A;2000;100;5;2400;0,0000;0,0000;0,0000;0,0000;0,0000;0,0000;0;0;0;0
20260614_0639;Generalização_200;classification;HoeffdingAdaptiveTree;Default_FullFeatures;classifier;classifier;classifier;N/A;N/A;N/A;2000;100;6;2500;0,0000;0,0000;0,0000;0,0000;0,0000;0,0000;0;0;0;0
20260614_0639;Generalização_200;classification;HoeffdingAdaptiveTree;Default_FullFeatures;classifier;classifier;classifier;N/A;N/A;N/A;2000;100;7;2600;0,0000;0,0000;0,0000;0,0000;0,0000;0,0000;0;0;0;0
20260614_0639;Generalização_200;classification;HoeffdingAdaptiveTree;Default_FullFeatures;classifier;classifier;classifier;N/A;N/A;N/A;2000;100;8;2700;0,0000;0,0000;0,0000;0,0000;0,0000;0,0000;0;0;0;0
20260614_0639;Generalização_200;classification;HoeffdingAdaptiveTree;Default_FullFeatures;classifier;classifier;classifier;N/A;N/A;N/A;2000;100;9;2800;0,0000;0,0000;0,0000;0,0000;0,0000;0,0000;0;0;0;0
20260614_0639;Generalização_200;classification;HoeffdingAdaptiveTree;Default_FullFeatures;classifier;classifier;classifier;N/A;N/A;N/A;2000;100;10;2900;0,0000;0,0000;0,0000;0,0000;0,0000;0,0000;0;0;0;0
20260614_0639;Generalização_200;classification;HoeffdingAdaptiveTree;Default_FullFeatures;classifier;classifier;classifier;N/A;N/A;N/A;2000;100;11;3000;0,0000;0,0000;0,0000;0,0000;0,0000;0,0000;0;0;0;0
20260614_0639;Generalização_200;classification;HoeffdingAdaptiveTree;Default_FullFeatures;classifier;classifier;classifier;N/A;N/A;N/A;2000;100;12;3100;0,0000;0,0000;0,0000;0,0000;0,0000;0,0000;0;0;0;0
20260614_0639;Generalização_200;classification;HoeffdingAdaptiveTree;Default_FullFeatures;classifier;classifier;classifier;N/A;N/A;N/A;2000;100;13;3200;0,0000;0,0000;0,0000;0,0000;0,0000;0,0000;0;0;0;0
20260614_0639;Generalização_200;classification;HoeffdingAdaptiveTree;Default_FullFeatures;classifier;classifier;classifier;N/A;N/A;N/A;2000;100;14;3300;0,0000;0,0000;0,0000;0,0000;0,0000;0,0000;0;0;0;0
20260614_0639;Generalização_200;classification;HoeffdingAdaptiveTree;Default_FullFeatures;classifier;classifier;classifier;N/A;N/A;N/A;2000;100;15;3400;0,0000;0,0000;0,0000;0,0000;0,0000;0,0000;0;0;0;0
20260614_0639;Generalização_200;classification;HoeffdingAdaptiveTree;Default_FullFeatures;classifier;classifier;classifier;N/A;N/A;N/A;2000;100;16;3500;0,0000;0,0000;0,0000;0,0000;0,0000;0,0000;0;0;0;0
20260614_0639;Generalização_200;classification;HoeffdingAdaptiveTree;Default_FullFeatures;classifier;classifier;classifier;N/A;N/A;N/A;2000;100;17;3600;0,0000;0,0000;0,0000;0,0000;0,0000;0,0000;0;0;0;0
20260614_0639;Generalização_200;classification;HoeffdingAdaptiveTree;Default_FullFeatures;classifier;classifier;classifier;N/A;N/A;N/A;2000;100;18;3700;0,0000;0,0000;0,0000;0,0000;0,0000;0,0000;0;0;0;0
20260614_0639;Generalização_200;classification;HoeffdingAdaptiveTree;Default_FullFeatures;classifier;classifier;classifier;N/A;N/A;N/A;2000;100;19;3800;94,6237;0,0000;100,0000;0,0000;89,7959;0,0000;0;0;5;0
20260614_0639;Generalização_200;classification;HoeffdingAdaptiveTree;Default_FullFeatures;classifier;classifier;classifier;N/A;N/A;N/A;2000;100;20;3900;98,0892;0,0000;100,0000;0,0000;96,2500;0,0000;0;0;3;0
20260614_0639;Generalização_200;classification;HoeffdingAdaptiveTree;Default_FullFeatures;classifier;classifier;classifier;N/A;N/A;N/A;2000;100;21;4000;98,9474;0,0000;100,0000;0,0000;97,9167;0,0000;0;0;1;0
20260614_0639;Generalização_200;classification;HoeffdingAdaptiveTree;Default_FullFeatures;classifier;classifier;classifier;N/A;N/A;N/A;2000;100;22;4100;0,0000;0,0000;0,0000;0,0000;0,0000;0,0000;0;0;0;0
20260614_0639;Generalização_200;classification;HoeffdingAdaptiveTree;Default_FullFeatures;classifier;classifier;classifier;N/A;N/A;N/A;2000;100;23;4200;0,0000;0,0000;0,0000;0,0000;0,0000;0,0000;1;0;0;0
20260614_0639;Generalização_200;classification;HoeffdingAdaptiveTree;Default_FullFeatures;classifier;classifier;classifier;N/A;N/A;N/A;2000;100;24;4300;0,0000;0,0000;0,0000;0,0000;0,0000;0,0000;0;0;0;0
20260614_0639;Generalização_200;classification;HoeffdingAdaptiveTree;Default_FullFeatures;classifier;classifier;classifier;N/A;N/A;N/A;2000;100;25;4400;0,0000;0,0000;0,0000;0,0000;0,0000;0,0000;1;0;0;0
20260614_0639;Generalização_200;classification;HoeffdingAdaptiveTree;Default_FullFeatures;classifier;classifier;classifier;N/A;N/A;N/A;2000;100;26;4500;0,0000;0,0000;0,0000;0,0000;0,0000;0,0000;0;0;0;0
20260614_0639;Generalização_200;classification;HoeffdingAdaptiveTree;Default_FullFeatures;classifier;classifier;classifier;N/A;N/A;N/A;2000;100;27;4600;0,0000;0,0000;0,0000;0,0000;0,0000;0,0000;0;0;0;0
20260614_0639;Generalização_200;classification;HoeffdingAdaptiveTree;Default_FullFeatures;classifier;classifier;classifier;N/A;N/A;N/A;2000;100;28;4700;0,0000;0,0000;0,0000;0,0000;0,0000;0,0000;0;0;0;0
20260614_0639;Generalização_200;classification;HoeffdingAdaptiveTree;Default_FullFeatures;classifier;classifier;classifier;N/A;N/A;N/A;2000;100;29;4800;0,0000;0,0000;0,0000;0,0000;0,0000;0,0000;1;0;0;0
20260614_0639;Generalização_200;classification;HoeffdingAdaptiveTree;Default_FullFeatures;classifier;classifier;classifier;N/A;N/A;N/A;2000;100;30;4900;0,0000;0,0000;0,0000;0,0000;0,0000;0,0000;1;0;0;0
20260614_0639;Generalização_200;classification;HoeffdingAdaptiveTree;Default_FullFeatures;classifier;classifier;classifier;N/A;N/A;N/A;2000;100;31;5000;0,0000;0,0000;0,0000;0,0000;0,0000;0,0000;1;0;0;0
20260614_0639;Generalização_200;classification;HoeffdingAdaptiveTree;Default_FullFeatures;classifier;classifier;classifier;N/A;N/A;N/A;2000;100;32;5100;0,0000;0,0000;0,0000;0,0000;0,0000;0,0000;0;0;0;0
20260614_0639;Generalização_200;classification;HoeffdingAdaptiveTree;Default_FullFeatures;classifier;classifier;classifier;N/A;N/A;N/A;2000;100;33;5200;0,0000;0,0000;0,0000;0,0000;0,0000;0,0000;1;0;0;0
20260614_0639;Generalização_200;classification;HoeffdingAdaptiveTree;Default_FullFeatures;classifier;classifier;classifier;N/A;N/A;N/A;2000;100;34;5300;0,0000;0,0000;0,0000;0,0000;0,0000;0,0000;0;0;0;0
20260614_0639;Generalização_200;classification;HoeffdingAdaptiveTree;Default_FullFeatures;classifier;classifier;classifier;N/A;N/A;N/A;2000;100;35;5400;0,0000;0,0000;0,0000;0,0000;0,0000;0,0000;0;0;0;0
20260614_0639;Generalização_200;classification;HoeffdingAdaptiveTree;Default_FullFeatures;classifier;classifier;classifier;N/A;N/A;N/A;2000;100;36;5500;0,0000;0,0000;0,0000;0,0000;0,0000;0,0000;0;0;0;0
20260614_0639;Generalização_200;classification;HoeffdingAdaptiveTree;Default_FullFeatures;classifier;classifier;classifier;N/A;N/A;N/A;2000;100;37;5600;0,0000;0,0000;0,0000;0,0000;0,0000;0,0000;0;0;0;0
20260614_0639;Generalização_200;classification;HoeffdingAdaptiveTree;Default_FullFeatures;classifier;classifier;classifier;N/A;N/A;N/A;2000;100;38;5700;0,0000;0,0000;0,0000;0,0000;0,0000;0,0000;0;0;0;0
20260614_0639;Generalização_200;classification;HoeffdingAdaptiveTree;Default_FullFeatures;classifier;classifier;classifier;N/A;N/A;N/A;2000;100;39;5800;0,0000;0,0000;0,0000;0,0000;0,0000;0,0000;0;0;0;0
20260614_0639;Generalização_200;classification;HoeffdingAdaptiveTree;Default_FullFeatures;classifier;classifier;classifier;N/A;N/A;N/A;2000;100;40;5900;0,0000;0,0000;0,0000;0,0000;0,0000;0,0000;0;0;0;0
20260614_0639;Generalização_200;classification;HoeffdingAdaptiveTree;Default_FullFeatures;classifier;classifier;classifier;N/A;N/A;N/A;2000;100;41;6000;0,0000;0,0000;0,0000;0,0000;0,0000;0,0000;0;0;0;0
20260614_0639;Generalização_200;classification;HoeffdingAdaptiveTree;Default_FullFeatures;classifier;classifier;classifier;N/A;N/A;N/A;2000;100;42;6100;0,0000;0,0000;0,0000;0,0000;0,0000;0,0000;0;0;0;0
20260614_0639;Generalização_200;classification;HoeffdingAdaptiveTree;Default_FullFeatures;classifier;classifier;classifier;N/A;N/A;N/A;2000;100;43;6200;0,0000;0,0000;0,0000;0,0000;0,0000;0,0000;0;0;0;0
20260614_0639;Generalização_200;classification;HoeffdingAdaptiveTree;Default_FullFeatures;classifier;classifier;classifier;N/A;N/A;N/A;2000;100;44;6300;0,0000;0,0000;0,0000;0,0000;0,0000;0,0000;0;0;0;0
20260614_0639;Generalização_200;classification;HoeffdingAdaptiveTree;Default_FullFeatures;classifier;classifier;classifier;N/A;N/A;N/A;2000;100;45;6400;0,0000;0,0000;0,0000;0,0000;0,0000;0,0000;0;0;0;0
20260614_0639;Generalização_200;classification;HoeffdingAdaptiveTree;Default_FullFeatures;classifier;classifier;classifier;N/A;N/A;N/A;2000;100;46;6500;0,0000;0,0000;0,0000;0,0000;0,0000;0,0000;0;0;0;0
20260614_0639;Generalização_200;classification;HoeffdingAdaptiveTree;Default_FullFeatures;classifier;classifier;classifier;N/A;N/A;N/A;2000;100;47;6600;0,0000;0,0000;0,0000;0,0000;0,0000;0,0000;0;0;0;0
20260614_0639;Generalização_200;classification;HoeffdingAdaptiveTree;Default_FullFeatures;classifier;classifier;classifier;N/A;N/A;N/A;2000;100;48;6700;0,0000;0,0000;0,0000;0,0000;0,0000;0,0000;0;0;0;0
20260614_0639;Generalização_200;classification;HoeffdingAdaptiveTree;Default_FullFeatures;classifier;classifier;classifier;N/A;N/A;N/A;2000;100;49;6800;0,0000;0,0000;0,0000;0,0000;0,0000;0,0000;0;0;0;0
20260614_0639;Generalização_200;classification;HoeffdingAdaptiveTree;Default_FullFeatures;classifier;classifier;classifier;N/A;N/A;N/A;2000;100;50;6900;0,0000;0,0000;0,0000;0,0000;0,0000;0,0000;0;0;0;0
20260614_0639;Generalização_200;classification;HoeffdingAdaptiveTree;Default_FullFeatures;classifier;classifier;classifier;N/A;N/A;N/A;2000;100;51;7000;0,0000;0,0000;0,0000;0,0000;0,0000;0,0000;0;0;0;0
20260614_0639;Generalização_200;classification;HoeffdingAdaptiveTree;Default_FullFeatures;classifier;classifier;classifier;N/A;N/A;N/A;2000;100;52;7100;0,0000;0,0000;0,0000;0,0000;0,0000;0,0000;0;0;0;0
20260614_0639;Generalização_200;classification;HoeffdingAdaptiveTree;Default_FullFeatures;classifier;classifier;classifier;N/A;N/A;N/A;2000;100;53;7200;0,0000;0,0000;0,0000;0,0000;0,0000;0,0000;0;0;0;0
20260614_0639;Generalização_200;classification;HoeffdingAdaptiveTree;Default_FullFeatures;classifier;classifier;classifier;N/A;N/A;N/A;2000;100;54;7300;0,0000;0,0000;0,0000;0,0000;0,0000;0,0000;0;0;0;0
20260614_0639;Generalização_200;classification;HoeffdingAdaptiveTree;Default_FullFeatures;classifier;classifier;classifier;N/A;N/A;N/A;2000;100;55;7400;0,0000;0,0000;0,0000;0,0000;0,0000;0,0000;0;0;0;0
20260614_0639;Generalização_200;classification;HoeffdingAdaptiveTree;Default_FullFeatures;classifier;classifier;classifier;N/A;N/A;N/A;2000;100;56;7500;0,0000;0,0000;0,0000;0,0000;0,0000;0,0000;0;0;0;0
20260614_0639;Generalização_200;classification;HoeffdingAdaptiveTree;Default_FullFeatures;classifier;classifier;classifier;N/A;N/A;N/A;2000;100;57;7600;0,0000;0,0000;0,0000;0,0000;0,0000;0,0000;0;0;0;0
20260614_0639;Generalização_200;classification;HoeffdingAdaptiveTree;Default_FullFeatures;classifier;classifier;classifier;N/A;N/A;N/A;2000;100;58;7700;0,0000;0,0000;0,0000;0,0000;0,0000;0,0000;0;0;1;0
20260614_0639;Generalização_200;classification;HoeffdingAdaptiveTree;Default_FullFeatures;classifier;classifier;classifier;N/A;N/A;N/A;2000;100;59;7800;97,4359;0,0000;100,0000;0,0000;95,0000;0,0000;0;0;5;0
20260614_0639;Generalização_200;classification;HoeffdingAdaptiveTree;Default_FullFeatures;classifier;classifier;classifier;N/A;N/A;N/A;2000;100;60;7900;100,0000;0,0000;100,0000;0,0000;100,0000;0,0000;0;0;0;0
20260614_0639;Generalização_200;classification;HoeffdingAdaptiveTree;Default_FullFeatures;classifier;classifier;classifier;N/A;N/A;N/A;2000;100;61;8000;0,0000;0,0000;0,0000;0,0000;0,0000;0,0000;0;0;0;0
20260614_0639;Generalização_200;classification;HoeffdingAdaptiveTree;Default_FullFeatures;classifier;classifier;classifier;N/A;N/A;N/A;2000;100;62;8100;0,0000;0,0000;0,0000;0,0000;0,0000;0,0000;0;0;0;0
20260614_0639;Generalização_200;classification;HoeffdingAdaptiveTree;Default_FullFeatures;classifier;classifier;classifier;N/A;N/A;N/A;2000;100;63;8200;0,0000;0,0000;0,0000;0,0000;0,0000;0,0000;0;0;0;0
20260614_0639;Generalização_200;classification;HoeffdingAdaptiveTree;Default_FullFeatures;classifier;classifier;classifier;N/A;N/A;N/A;2000;100;64;8300;0,0000;0,0000;0,0000;0,0000;0,0000;0,0000;0;0;0;0
20260614_0639;Generalização_200;classification;HoeffdingAdaptiveTree;Default_FullFeatures;classifier;classifier;classifier;N/A;N/A;N/A;2000;100;65;8400;0,0000;0,0000;0,0000;0,0000;0,0000;0,0000;0;0;0;0
20260614_0639;Generalização_200;classification;HoeffdingAdaptiveTree;Default_FullFeatures;classifier;classifier;classifier;N/A;N/A;N/A;2000;100;66;8500;0,0000;0,0000;0,0000;0,0000;0,0000;0,0000;0;0;0;0
20260614_0639;Generalização_200;classification;HoeffdingAdaptiveTree;Default_FullFeatures;classifier;classifier;classifier;N/A;N/A;N/A;2000;100;67;8600;0,0000;0,0000;0,0000;0,0000;0,0000;0,0000;0;0;0;0
20260614_0639;Generalização_200;classification;HoeffdingAdaptiveTree;Default_FullFeatures;classifier;classifier;classifier;N/A;N/A;N/A;2000;100;68;8700;0,0000;0,0000;0,0000;0,0000;0,0000;0,0000;0;0;0;0
20260614_0639;Generalização_200;classification;HoeffdingAdaptiveTree;Default_FullFeatures;classifier;classifier;classifier;N/A;N/A;N/A;2000;100;69;8800;0,0000;0,0000;0,0000;0,0000;0,0000;0,0000;0;0;0;0
20260614_0639;Generalização_200;classification;HoeffdingAdaptiveTree;Default_FullFeatures;classifier;classifier;classifier;N/A;N/A;N/A;2000;100;70;8900;0,0000;0,0000;0,0000;0,0000;0,0000;0,0000;0;0;0;0
20260614_0639;Generalização_200;classification;HoeffdingAdaptiveTree;Default_FullFeatures;classifier;classifier;classifier;N/A;N/A;N/A;2000;100;71;9000;0,0000;0,0000;0,0000;0,0000;0,0000;0,0000;0;0;0;0
20260614_0639;Generalização_200;classification;HoeffdingAdaptiveTree;Default_FullFeatures;classifier;classifier;classifier;N/A;N/A;N/A;2000;100;72;9100;0,0000;0,0000;0,0000;0,0000;0,0000;0,0000;0;0;0;0
20260614_0639;Generalização_200;classification;HoeffdingAdaptiveTree;Default_FullFeatures;classifier;classifier;classifier;N/A;N/A;N/A;2000;100;73;9200;0,0000;0,0000;0,0000;0,0000;0,0000;0,0000;0;0;0;0
20260614_0639;Generalização_200;classification;HoeffdingAdaptiveTree;Default_FullFeatures;classifier;classifier;classifier;N/A;N/A;N/A;2000;100;74;9300;0,0000;0,0000;0,0000;0,0000;0,0000;0,0000;0;0;0;0
20260614_0639;Generalização_200;classification;HoeffdingAdaptiveTree;Default_FullFeatures;classifier;classifier;classifier;N/A;N/A;N/A;2000;100;75;9400;0,0000;0,0000;0,0000;0,0000;0,0000;0,0000;0;0;0;0
20260614_0639;Generalização_200;classification;HoeffdingAdaptiveTree;Default_FullFeatures;classifier;classifier;classifier;N/A;N/A;N/A;2000;100;76;9500;0,0000;0,0000;0,0000;0,0000;0,0000;0,0000;0;0;0;0
20260614_0639;Generalização_200;classification;HoeffdingAdaptiveTree;Default_FullFeatures;classifier;classifier;classifier;N/A;N/A;N/A;2000;100;77;9600;0,0000;0,0000;0,0000;0,0000;0,0000;0,0000;0;0;0;0
20260614_0639;Generalização_200;classification;HoeffdingAdaptiveTree;Default_FullFeatures;classifier;classifier;classifier;N/A;N/A;N/A;2000;100;78;9700;0,0000;0,0000;0,0000;0,0000;0,0000;0,0000;0;0;0;0
20260614_0639;Generalização_200;classification;HoeffdingAdaptiveTree;Default_FullFeatures;classifier;classifier;classifier;N/A;N/A;N/A;2000;100;79;9800;0,0000;0,0000;0,0000;0,0000;0,0000;0,0000;0;0;0;0
20260614_0639;Generalização_200;classification;HoeffdingAdaptiveTree;Default_FullFeatures;classifier;classifier;classifier;N/A;N/A;N/A;2000;100;80;9900;0,0000;0,0000;0,0000;0,0000;0,0000;0,0000;0;0;0;0
20260614_0639;Generalização_200;classification;HoeffdingAdaptiveTree;Default_FullFeatures;classifier;classifier;classifier;N/A;N/A;N/A;2000;100;81;10000;0,0000;0,0000;0,0000;0,0000;0,0000;0,0000;0;0;0;0
20260614_0639;Generalização_200;classification;HoeffdingAdaptiveTree;Default_FullFeatures;classifier;classifier;classifier;N/A;N/A;N/A;2000;100;82;10100;0,0000;0,0000;0,0000;0,0000;0,0000;0,0000;0;0;0;0
20260614_0639;Generalização_200;classification;HoeffdingAdaptiveTree;Default_FullFeatures;classifier;classifier;classifier;N/A;N/A;N/A;2000;100;83;10200;0,0000;0,0000;0,0000;0,0000;0,0000;0,0000;0;0;0;0
20260614_0639;Generalização_200;classification;HoeffdingAdaptiveTree;Default_FullFeatures;classifier;classifier;classifier;N/A;N/A;N/A;2000;100;84;10300;0,0000;0,0000;0,0000;0,0000;0,0000;0,0000;0;0;0;0
20260614_0639;Generalização_200;classification;HoeffdingAdaptiveTree;Default_FullFeatures;classifier;classifier;classifier;N/A;N/A;N/A;2000;100;85;10400;0,0000;0,0000;0,0000;0,0000;0,0000;0,0000;0;0;0;0
20260614_0639;Generalização_200;classification;HoeffdingAdaptiveTree;Default_FullFeatures;classifier;classifier;classifier;N/A;N/A;N/A;2000;100;86;10500;0,0000;0,0000;0,0000;0,0000;0,0000;0,0000;0;0;0;0
20260614_0639;Generalização_200;classification;HoeffdingAdaptiveTree;Default_FullFeatures;classifier;classifier;classifier;N/A;N/A;N/A;2000;100;87;10600;0,0000;0,0000;0,0000;0,0000;0,0000;0,0000;0;0;0;0
20260614_0639;Generalização_200;classification;HoeffdingAdaptiveTree;Default_FullFeatures;classifier;classifier;classifier;N/A;N/A;N/A;2000;100;88;10700;0,0000;0,0000;0,0000;0,0000;0,0000;0,0000;0;0;0;0
20260614_0639;Generalização_200;classification;HoeffdingAdaptiveTree;Default_FullFeatures;classifier;classifier;classifier;N/A;N/A;N/A;2000;100;89;10800;0,0000;0,0000;0,0000;0,0000;0,0000;0,0000;0;0;0;0
20260614_0639;Generalização_200;classification;HoeffdingAdaptiveTree;Default_FullFeatures;classifier;classifier;classifier;N/A;N/A;N/A;2000;100;90;10900;0,0000;0,0000;0,0000;0,0000;0,0000;0,0000;0;0;0;0
20260614_0639;Generalização_200;classification;HoeffdingAdaptiveTree;Default_FullFeatures;classifier;classifier;classifier;N/A;N/A;N/A;2000;100;91;11000;0,0000;0,0000;0,0000;0,0000;0,0000;0,0000;0;0;0;0
20260614_0639;Generalização_200;classification;HoeffdingAdaptiveTree;Default_FullFeatures;classifier;classifier;classifier;N/A;N/A;N/A;2000;100;92;11100;0,0000;0,0000;0,0000;0,0000;0,0000;0,0000;0;0;0;0
20260614_0639;Generalização_200;classification;HoeffdingAdaptiveTree;Default_FullFeatures;classifier;classifier;classifier;N/A;N/A;N/A;2000;100;93;11200;0,0000;0,0000;0,0000;0,0000;0,0000;0,0000;0;0;0;0
20260614_0639;Generalização_200;classification;HoeffdingAdaptiveTree;Default_FullFeatures;classifier;classifier;classifier;N/A;N/A;N/A;2000;100;94;11300;0,0000;0,0000;0,0000;0,0000;0,0000;0,0000;0;0;0;0
20260614_0639;Generalização_200;classification;HoeffdingAdaptiveTree;Default_FullFeatures;classifier;classifier;classifier;N/A;N/A;N/A;2000;100;95;11400;0,0000;0,0000;0,0000;0,0000;0,0000;0,0000;0;0;0;0
20260614_0639;Generalização_200;classification;HoeffdingAdaptiveTree;Default_FullFeatures;classifier;classifier;classifier;N/A;N/A;N/A;2000;100;96;11500;0,0000;0,0000;0,0000;0,0000;0,0000;0,0000;0;0;0;0
20260614_0639;Generalização_200;classification;HoeffdingAdaptiveTree;Default_FullFeatures;classifier;classifier;classifier;N/A;N/A;N/A;2000;100;97;11600;0,0000;0,0000;0,0000;0,0000;0,0000;0,0000;0;0;0;0
20260614_0639;Generalização_200;classification;HoeffdingAdaptiveTree;Default_FullFeatures;classifier;classifier;classifier;N/A;N/A;N/A;2000;100;98;11700;95,8333;0,0000;100,0000;0,0000;92,0000;0,0000;0;0;4;0
20260614_0639;Generalização_200;classification;HoeffdingAdaptiveTree;Default_FullFeatures;classifier;classifier;classifier;N/A;N/A;N/A;2000;100;99;11800;96,2162;0,0000;100,0000;0,0000;92,7083;0,0000;0;0;7;0
20260614_0639;Generalização_200;classification;HoeffdingAdaptiveTree;Default_FullFeatures;classifier;classifier;classifier;N/A;N/A;N/A;2000;100;100;11900;95,7447;0,0000;100,0000;0,0000;91,8367;0,0000;0;0;4;0
20260614_0639;Generalização_200;classification;HoeffdingAdaptiveTree;Default_FullFeatures;classifier;classifier;classifier;N/A;N/A;N/A;2000;100;101;12000;0,0000;0,0000;0,0000;0,0000;0,0000;0,0000;0;0;0;0
20260614_0639;Generalização_200;classification;HoeffdingAdaptiveTree;Default_FullFeatures;classifier;classifier;classifier;N/A;N/A;N/A;2000;100;102;12100;0,0000;0,0000;0,0000;0,0000;0,0000;0,0000;0;0;0;0
20260614_0639;Generalização_200;classification;HoeffdingAdaptiveTree;Default_FullFeatures;classifier;classifier;classifier;N/A;N/A;N/A;2000;100;103;12200;0,0000;0,0000;0,0000;0,0000;0,0000;0,0000;0;0;0;0
20260614_0639;Generalização_200;classification;HoeffdingAdaptiveTree;Default_FullFeatures;classifier;classifier;classifier;N/A;N/A;N/A;2000;100;104;12300;0,0000;0,0000;0,0000;0,0000;0,0000;0,0000;0;0;0;0
20260614_0639;Generalização_200;classification;HoeffdingAdaptiveTree;Default_FullFeatures;classifier;classifier;classifier;N/A;N/A;N/A;2000;100;105;12400;0,0000;0,0000;0,0000;0,0000;0,0000;0,0000;0;0;0;0
20260614_0639;Generalização_200;classification;HoeffdingAdaptiveTree;Default_FullFeatures;classifier;classifier;classifier;N/A;N/A;N/A;2000;100;106;12500;0,0000;0,0000;0,0000;0,0000;0,0000;0,0000;0;0;0;0
20260614_0639;Generalização_200;classification;HoeffdingAdaptiveTree;Default_FullFeatures;classifier;classifier;classifier;N/A;N/A;N/A;2000;100;107;12600;0,0000;0,0000;0,0000;0,0000;0,0000;0,0000;0;0;0;0
20260614_0639;Generalização_200;classification;HoeffdingAdaptiveTree;Default_FullFeatures;classifier;classifier;classifier;N/A;N/A;N/A;2000;100;108;12700;0,0000;0,0000;0,0000;0,0000;0,0000;0,0000;0;0;0;0
20260614_0639;Generalização_200;classification;HoeffdingAdaptiveTree;Default_FullFeatures;classifier;classifier;classifier;N/A;N/A;N/A;2000;100;109;12800;0,0000;0,0000;0,0000;0,0000;0,0000;0,0000;0;0;0;0
20260614_0639;Generalização_200;classification;HoeffdingAdaptiveTree;Default_FullFeatures;classifier;classifier;classifier;N/A;N/A;N/A;2000;100;110;12900;0,0000;0,0000;0,0000;0,0000;0,0000;0,0000;0;0;0;0
20260614_0639;Generalização_200;classification;HoeffdingAdaptiveTree;Default_FullFeatures;classifier;classifier;classifier;N/A;N/A;N/A;2000;100;111;13000;0,0000;0,0000;0,0000;0,0000;0,0000;0,0000;0;0;0;0
20260614_0639;Generalização_200;classification;HoeffdingAdaptiveTree;Default_FullFeatures;classifier;classifier;classifier;N/A;N/A;N/A;2000;100;112;13100;0,0000;0,0000;0,0000;0,0000;0,0000;0,0000;0;0;0;0
20260614_0639;Generalização_200;classification;HoeffdingAdaptiveTree;Default_FullFeatures;classifier;classifier;classifier;N/A;N/A;N/A;2000;100;113;13200;0,0000;0,0000;0,0000;0,0000;0,0000;0,0000;0;0;0;0
20260614_0639;Generalização_200;classification;HoeffdingAdaptiveTree;Default_FullFeatures;classifier;classifier;classifier;N/A;N/A;N/A;2000;100;114;13300;0,0000;0,0000;0,0000;0,0000;0,0000;0,0000;1;0;0;0
20260614_0639;Generalização_200;classification;HoeffdingAdaptiveTree;Default_FullFeatures;classifier;classifier;classifier;N/A;N/A;N/A;2000;100;115;13400;0,0000;0,0000;0,0000;0,0000;0,0000;0,0000;0;0;0;0
20260614_0639;Generalização_200;classification;HoeffdingAdaptiveTree;Default_FullFeatures;classifier;classifier;classifier;N/A;N/A;N/A;2000;100;116;13500;0,0000;0,0000;0,0000;0,0000;0,0000;0,0000;0;0;0;0
20260614_0639;Generalização_200;classification;HoeffdingAdaptiveTree;Default_FullFeatures;classifier;classifier;classifier;N/A;N/A;N/A;2000;100;117;13600;0,0000;0,0000;0,0000;0,0000;0,0000;0,0000;0;0;0;0
20260614_0639;Generalização_200;classification;HoeffdingAdaptiveTree;Default_FullFeatures;classifier;classifier;classifier;N/A;N/A;N/A;2000;100;118;13700;0,0000;0,0000;0,0000;0,0000;0,0000;0,0000;0;0;0;0
20260614_0639;Generalização_200;classification;HoeffdingAdaptiveTree;Default_FullFeatures;classifier;classifier;classifier;N/A;N/A;N/A;2000;100;119;13800;0,0000;0,0000;0,0000;0,0000;0,0000;0,0000;0;0;0;0
20260614_0639;Generalização_200;classification;HoeffdingAdaptiveTree;Default_FullFeatures;classifier;classifier;classifier;N/A;N/A;N/A;2000;100;120;13900;0,0000;0,0000;0,0000;0,0000;0,0000;0,0000;0;0;0;0
20260614_0639;Generalização_200;classification;HoeffdingAdaptiveTree;Default_FullFeatures;classifier;classifier;classifier;N/A;N/A;N/A;2000;100;121;14000;0,0000;0,0000;0,0000;0,0000;0,0000;0,0000;0;0;0;0
20260614_0639;Generalização_200;classification;HoeffdingAdaptiveTree;Default_FullFeatures;classifier;classifier;classifier;N/A;N/A;N/A;2000;100;122;14100;0,0000;0,0000;0,0000;0,0000;0,0000;0,0000;0;0;0;0
20260614_0639;Generalização_200;classification;HoeffdingAdaptiveTree;Default_FullFeatures;classifier;classifier;classifier;N/A;N/A;N/A;2000;100;123;14200;0,0000;0,0000;0,0000;0,0000;0,0000;0,0000;0;0;0;0
20260614_0639;Generalização_200;classification;HoeffdingAdaptiveTree;Default_FullFeatures;classifier;classifier;classifier;N/A;N/A;N/A;2000;100;124;14300;0,0000;0,0000;0,0000;0,0000;0,0000;0,0000;0;0;0;0
20260614_0639;Generalização_200;classification;HoeffdingAdaptiveTree;Default_FullFeatures;classifier;classifier;classifier;N/A;N/A;N/A;2000;100;125;14400;0,0000;0,0000;0,0000;0,0000;0,0000;0,0000;0;0;0;0
20260614_0639;Generalização_200;classification;HoeffdingAdaptiveTree;Default_FullFeatures;classifier;classifier;classifier;N/A;N/A;N/A;2000;100;126;14500;0,0000;0,0000;0,0000;0,0000;0,0000;0,0000;0;0;0;0
20260614_0639;Generalização_200;classification;HoeffdingAdaptiveTree;Default_FullFeatures;classifier;classifier;classifier;N/A;N/A;N/A;2000;100;127;14600;0,0000;0,0000;0,0000;0,0000;0,0000;0,0000;0;0;0;0
20260614_0639;Generalização_200;classification;HoeffdingAdaptiveTree;Default_FullFeatures;classifier;classifier;classifier;N/A;N/A;N/A;2000;100;128;14700;0,0000;0,0000;0,0000;0,0000;0,0000;0,0000;0;0;0;0
20260614_0639;Generalização_200;classification;HoeffdingAdaptiveTree;Default_FullFeatures;classifier;classifier;classifier;N/A;N/A;N/A;2000;100;129;14800;0,0000;0,0000;0,0000;0,0000;0,0000;0,0000;0;0;0;0
20260614_0639;Generalização_200;classification;HoeffdingAdaptiveTree;Default_FullFeatures;classifier;classifier;classifier;N/A;N/A;N/A;2000;100;130;14900;0,0000;0,0000;0,0000;0,0000;0,0000;0,0000;0;0;0;0
20260614_0639;Generalização_200;classification;HoeffdingAdaptiveTree;Default_FullFeatures;classifier;classifier;classifier;N/A;N/A;N/A;2000;100;131;15000;0,0000;0,0000;0,0000;0,0000;0,0000;0,0000;0;0;0;0
20260614_0639;Generalização_200;classification;HoeffdingAdaptiveTree;Default_FullFeatures;classifier;classifier;classifier;N/A;N/A;N/A;2000;100;132;15100;0,0000;0,0000;0,0000;0,0000;0,0000;0,0000;0;0;0;0
20260614_0639;Generalização_200;classification;HoeffdingAdaptiveTree;Default_FullFeatures;classifier;classifier;classifier;N/A;N/A;N/A;2000;100;133;15200;0,0000;0,0000;0,0000;0,0000;0,0000;0,0000;0;0;0;0
20260614_0639;Generalização_200;classification;HoeffdingAdaptiveTree;Default_FullFeatures;classifier;classifier;classifier;N/A;N/A;N/A;2000;100;134;15300;0,0000;0,0000;0,0000;0,0000;0,0000;0,0000;0;0;0;0
20260614_0639;Generalização_200;classification;HoeffdingAdaptiveTree;Default_FullFeatures;classifier;classifier;classifier;N/A;N/A;N/A;2000;100;135;15400;0,0000;0,0000;0,0000;0,0000;0,0000;0,0000;0;0;0;0
20260614_0639;Generalização_200;classification;HoeffdingAdaptiveTree;Default_FullFeatures;classifier;classifier;classifier;N/A;N/A;N/A;2000;100;136;15500;0,0000;0,0000;0,0000;0,0000;0,0000;0,0000;0;0;0;0
20260614_0639;Generalização_1000;classification;HoeffdingAdaptiveTree;Default_FullFeatures;classifier;classifier;classifier;N/A;N/A;N/A;2000;100;1;2000;0,0000;0,0000;0,0000;0,0000;0,0000;0,0000;0;0;0;0
20260614_0639;Generalização_1000;classification;HoeffdingAdaptiveTree;Default_FullFeatures;classifier;classifier;classifier;N/A;N/A;N/A;2000;100;2;2100;0,0000;0,0000;0,0000;0,0000;0,0000;0,0000;0;0;0;0
20260614_0639;Generalização_1000;classification;HoeffdingAdaptiveTree;Default_FullFeatures;classifier;classifier;classifier;N/A;N/A;N/A;2000;100;3;2200;0,0000;0,0000;0,0000;0,0000;0,0000;0,0000;0;0;0;0
20260614_0639;Generalização_1000;classification;HoeffdingAdaptiveTree;Default_FullFeatures;classifier;classifier;classifier;N/A;N/A;N/A;2000;100;4;2300;0,0000;0,0000;0,0000;0,0000;0,0000;0,0000;0;0;0;0
20260614_0639;Generalização_1000;classification;HoeffdingAdaptiveTree;Default_FullFeatures;classifier;classifier;classifier;N/A;N/A;N/A;2000;100;5;2400;0,0000;0,0000;0,0000;0,0000;0,0000;0,0000;0;0;0;0
20260614_0639;Generalização_1000;classification;HoeffdingAdaptiveTree;Default_FullFeatures;classifier;classifier;classifier;N/A;N/A;N/A;2000;100;6;2500;0,0000;0,0000;0,0000;0,0000;0,0000;0,0000;0;0;0;0
20260614_0639;Generalização_1000;classification;HoeffdingAdaptiveTree;Default_FullFeatures;classifier;classifier;classifier;N/A;N/A;N/A;2000;100;7;2600;0,0000;0,0000;0,0000;0,0000;0,0000;0,0000;0;0;0;0
20260614_0639;Generalização_1000;classification;HoeffdingAdaptiveTree;Default_FullFeatures;classifier;classifier;classifier;N/A;N/A;N/A;2000;100;8;2700;0,0000;0,0000;0,0000;0,0000;0,0000;0,0000;0;0;0;0
20260614_0639;Generalização_1000;classification;HoeffdingAdaptiveTree;Default_FullFeatures;classifier;classifier;classifier;N/A;N/A;N/A;2000;100;9;2800;0,0000;0,0000;0,0000;0,0000;0,0000;0,0000;0;0;0;0
20260614_0639;Generalização_1000;classification;HoeffdingAdaptiveTree;Default_FullFeatures;classifier;classifier;classifier;N/A;N/A;N/A;2000;100;10;2900;0,0000;0,0000;0,0000;0,0000;0,0000;0,0000;0;0;0;0
20260614_0639;Generalização_1000;classification;HoeffdingAdaptiveTree;Default_FullFeatures;classifier;classifier;classifier;N/A;N/A;N/A;2000;100;11;3000;0,0000;0,0000;0,0000;0,0000;0,0000;0,0000;0;0;0;0
20260614_0639;Generalização_1000;classification;HoeffdingAdaptiveTree;Default_FullFeatures;classifier;classifier;classifier;N/A;N/A;N/A;2000;100;12;3100;0,0000;0,0000;0,0000;0,0000;0,0000;0,0000;0;0;0;0
20260614_0639;Generalização_1000;classification;HoeffdingAdaptiveTree;Default_FullFeatures;classifier;classifier;classifier;N/A;N/A;N/A;2000;100;13;3200;0,0000;0,0000;0,0000;0,0000;0,0000;0,0000;0;0;0;0
20260614_0639;Generalização_1000;classification;HoeffdingAdaptiveTree;Default_FullFeatures;classifier;classifier;classifier;N/A;N/A;N/A;2000;100;14;3300;0,0000;0,0000;0,0000;0,0000;0,0000;0,0000;0;0;0;0
20260614_0639;Generalização_1000;classification;HoeffdingAdaptiveTree;Default_FullFeatures;classifier;classifier;classifier;N/A;N/A;N/A;2000;100;15;3400;0,0000;0,0000;0,0000;0,0000;0,0000;0,0000;0;0;0;0
20260614_0639;Generalização_1000;classification;HoeffdingAdaptiveTree;Default_FullFeatures;classifier;classifier;classifier;N/A;N/A;N/A;2000;100;16;3500;0,0000;0,0000;0,0000;0,0000;0,0000;0,0000;0;0;0;0
20260614_0639;Generalização_1000;classification;HoeffdingAdaptiveTree;Default_FullFeatures;classifier;classifier;classifier;N/A;N/A;N/A;2000;100;17;3600;0,0000;0,0000;0,0000;0,0000;0,0000;0,0000;0;0;0;0
20260614_0639;Generalização_1000;classification;HoeffdingAdaptiveTree;Default_FullFeatures;classifier;classifier;classifier;N/A;N/A;N/A;2000;100;18;3700;0,0000;0,0000;0,0000;0,0000;0,0000;0,0000;0;0;0;0
20260614_0639;Generalização_1000;classification;HoeffdingAdaptiveTree;Default_FullFeatures;classifier;classifier;classifier;N/A;N/A;N/A;2000;100;19;3800;94,6237;0,0000;100,0000;0,0000;89,7959;0,0000;0;0;5;0
20260614_0639;Generalização_1000;classification;HoeffdingAdaptiveTree;Default_FullFeatures;classifier;classifier;classifier;N/A;N/A;N/A;2000;100;20;3900;98,0892;0,0000;100,0000;0,0000;96,2500;0,0000;0;0;3;0
20260614_0639;Generalização_1000;classification;HoeffdingAdaptiveTree;Default_FullFeatures;classifier;classifier;classifier;N/A;N/A;N/A;2000;100;21;4000;99,4872;0,0000;100,0000;0,0000;98,9796;0,0000;0;0;1;0
20260614_0639;Generalização_1000;classification;HoeffdingAdaptiveTree;Default_FullFeatures;classifier;classifier;classifier;N/A;N/A;N/A;2000;100;22;4100;100,0000;0,0000;100,0000;0,0000;100,0000;0,0000;0;0;0;0
20260614_0639;Generalização_1000;classification;HoeffdingAdaptiveTree;Default_FullFeatures;classifier;classifier;classifier;N/A;N/A;N/A;2000;100;23;4200;98,9796;0,0000;100,0000;0,0000;97,9798;0,0000;0;0;2;0
20260614_0639;Generalização_1000;classification;HoeffdingAdaptiveTree;Default_FullFeatures;classifier;classifier;classifier;N/A;N/A;N/A;2000;100;24;4300;96,1832;0,0000;96,9231;0,0000;95,4545;0,0000;2;0;3;0
20260614_0639;Generalização_1000;classification;HoeffdingAdaptiveTree;Default_FullFeatures;classifier;classifier;classifier;N/A;N/A;N/A;2000;100;25;4400;91,6667;0,0000;88,0000;0,0000;95,6522;0,0000;3;0;1;0
20260614_0639;Generalização_1000;classification;HoeffdingAdaptiveTree;Default_FullFeatures;classifier;classifier;classifier;N/A;N/A;N/A;2000;100;26;4500;84,6154;0,0000;91,6667;0,0000;78,5714;0,0000;1;0;3;0
20260614_0639;Generalização_1000;classification;HoeffdingAdaptiveTree;Default_FullFeatures;classifier;classifier;classifier;N/A;N/A;N/A;2000;100;27;4600;97,5904;0,0000;100,0000;0,0000;95,2941;0,0000;0;0;4;0
20260614_0639;Generalização_1000;classification;HoeffdingAdaptiveTree;Default_FullFeatures;classifier;classifier;classifier;N/A;N/A;N/A;2000;100;28;4700;88,0000;0,0000;91,6667;0,0000;84,6154;0,0000;1;0;2;0
20260614_0639;Generalização_1000;classification;HoeffdingAdaptiveTree;Default_FullFeatures;classifier;classifier;classifier;N/A;N/A;N/A;2000;100;29;4800;100,0000;0,0000;100,0000;0,0000;100,0000;0,0000;0;0;0;0
20260614_0639;Generalização_1000;classification;HoeffdingAdaptiveTree;Default_FullFeatures;classifier;classifier;classifier;N/A;N/A;N/A;2000;100;30;4900;0,0000;0,0000;0,0000;0,0000;0,0000;0,0000;0;0;0;0
20260614_0639;Generalização_1000;classification;HoeffdingAdaptiveTree;Default_FullFeatures;classifier;classifier;classifier;N/A;N/A;N/A;2000;100;31;5000;0,0000;0,0000;0,0000;0,0000;0,0000;0,0000;1;0;0;0
20260614_0639;Generalização_1000;classification;HoeffdingAdaptiveTree;Default_FullFeatures;classifier;classifier;classifier;N/A;N/A;N/A;2000;100;32;5100;0,0000;0,0000;0,0000;0,0000;0,0000;0,0000;0;0;0;0
20260614_0639;Generalização_1000;classification;HoeffdingAdaptiveTree;Default_FullFeatures;classifier;classifier;classifier;N/A;N/A;N/A;2000;100;33;5200;0,0000;0,0000;0,0000;0,0000;0,0000;0,0000;1;0;0;0
20260614_0639;Generalização_1000;classification;HoeffdingAdaptiveTree;Default_FullFeatures;classifier;classifier;classifier;N/A;N/A;N/A;2000;100;34;5300;0,0000;0,0000;0,0000;0,0000;0,0000;0,0000;0;0;0;0
20260614_0639;Generalização_1000;classification;HoeffdingAdaptiveTree;Default_FullFeatures;classifier;classifier;classifier;N/A;N/A;N/A;2000;100;35;5400;0,0000;0,0000;0,0000;0,0000;0,0000;0,0000;0;0;0;0
20260614_0639;Generalização_1000;classification;HoeffdingAdaptiveTree;Default_FullFeatures;classifier;classifier;classifier;N/A;N/A;N/A;2000;100;36;5500;0,0000;0,0000;0,0000;0,0000;0,0000;0,0000;0;0;0;0
20260614_0639;Generalização_1000;classification;HoeffdingAdaptiveTree;Default_FullFeatures;classifier;classifier;classifier;N/A;N/A;N/A;2000;100;37;5600;0,0000;0,0000;0,0000;0,0000;0,0000;0,0000;1;0;0;0
20260614_0639;Generalização_1000;classification;HoeffdingAdaptiveTree;Default_FullFeatures;classifier;classifier;classifier;N/A;N/A;N/A;2000;100;38;5700;0,0000;0,0000;0,0000;0,0000;0,0000;0,0000;1;0;0;0
20260614_0639;Generalização_1000;classification;HoeffdingAdaptiveTree;Default_FullFeatures;classifier;classifier;classifier;N/A;N/A;N/A;2000;100;39;5800;0,0000;0,0000;0,0000;0,0000;0,0000;0,0000;1;0;0;0
20260614_0639;Generalização_1000;classification;HoeffdingAdaptiveTree;Default_FullFeatures;classifier;classifier;classifier;N/A;N/A;N/A;2000;100;40;5900;0,0000;0,0000;0,0000;0,0000;0,0000;0,0000;0;0;0;0
20260614_0639;Generalização_1000;classification;HoeffdingAdaptiveTree;Default_FullFeatures;classifier;classifier;classifier;N/A;N/A;N/A;2000;100;41;6000;0,0000;0,0000;0,0000;0,0000;0,0000;0,0000;2;0;0;0
20260614_0639;Generalização_1000;classification;HoeffdingAdaptiveTree;Default_FullFeatures;classifier;classifier;classifier;N/A;N/A;N/A;2000;100;42;6100;0,0000;0,0000;0,0000;0,0000;0,0000;0,0000;1;0;0;0
20260614_0639;Generalização_1000;classification;HoeffdingAdaptiveTree;Default_FullFeatures;classifier;classifier;classifier;N/A;N/A;N/A;2000;100;43;6200;0,0000;0,0000;0,0000;0,0000;0,0000;0,0000;0;0;0;0
20260614_0639;Generalização_1000;classification;HoeffdingAdaptiveTree;Default_FullFeatures;classifier;classifier;classifier;N/A;N/A;N/A;2000;100;44;6300;0,0000;0,0000;0,0000;0,0000;0,0000;0,0000;0;0;0;0
20260614_0639;Generalização_1000;classification;HoeffdingAdaptiveTree;Default_FullFeatures;classifier;classifier;classifier;N/A;N/A;N/A;2000;100;45;6400;0,0000;0,0000;0,0000;0,0000;0,0000;0,0000;0;0;0;0
20260614_0639;Generalização_1000;classification;HoeffdingAdaptiveTree;Default_FullFeatures;classifier;classifier;classifier;N/A;N/A;N/A;2000;100;46;6500;0,0000;0,0000;0,0000;0,0000;0,0000;0,0000;0;0;0;0
20260614_0639;Generalização_1000;classification;HoeffdingAdaptiveTree;Default_FullFeatures;classifier;classifier;classifier;N/A;N/A;N/A;2000;100;47;6600;0,0000;0,0000;0,0000;0,0000;0,0000;0,0000;2;0;0;0
20260614_0639;Generalização_1000;classification;HoeffdingAdaptiveTree;Default_FullFeatures;classifier;classifier;classifier;N/A;N/A;N/A;2000;100;48;6700;0,0000;0,0000;0,0000;0,0000;0,0000;0,0000;1;0;0;0
20260614_0639;Generalização_1000;classification;HoeffdingAdaptiveTree;Default_FullFeatures;classifier;classifier;classifier;N/A;N/A;N/A;2000;100;49;6800;0,0000;0,0000;0,0000;0,0000;0,0000;0,0000;0;0;0;0
20260614_0639;Generalização_1000;classification;HoeffdingAdaptiveTree;Default_FullFeatures;classifier;classifier;classifier;N/A;N/A;N/A;2000;100;50;6900;0,0000;0,0000;0,0000;0,0000;0,0000;0,0000;0;0;0;0
20260614_0639;Generalização_1000;classification;HoeffdingAdaptiveTree;Default_FullFeatures;classifier;classifier;classifier;N/A;N/A;N/A;2000;100;51;7000;0,0000;0,0000;0,0000;0,0000;0,0000;0,0000;1;0;0;0
20260614_0639;Generalização_1000;classification;HoeffdingAdaptiveTree;Default_FullFeatures;classifier;classifier;classifier;N/A;N/A;N/A;2000;100;52;7100;0,0000;0,0000;0,0000;0,0000;0,0000;0,0000;0;0;0;0
20260614_0639;Generalização_1000;classification;HoeffdingAdaptiveTree;Default_FullFeatures;classifier;classifier;classifier;N/A;N/A;N/A;2000;100;53;7200;0,0000;0,0000;0,0000;0,0000;0,0000;0,0000;1;0;0;0
20260614_0639;Generalização_1000;classification;HoeffdingAdaptiveTree;Default_FullFeatures;classifier;classifier;classifier;N/A;N/A;N/A;2000;100;54;7300;0,0000;0,0000;0,0000;0,0000;0,0000;0,0000;0;0;0;0
20260614_0639;Generalização_1000;classification;HoeffdingAdaptiveTree;Default_FullFeatures;classifier;classifier;classifier;N/A;N/A;N/A;2000;100;55;7400;0,0000;0,0000;0,0000;0,0000;0,0000;0,0000;1;0;0;0
20260614_0639;Generalização_1000;classification;HoeffdingAdaptiveTree;Default_FullFeatures;classifier;classifier;classifier;N/A;N/A;N/A;2000;100;56;7500;0,0000;0,0000;0,0000;0,0000;0,0000;0,0000;0;0;0;0
20260614_0639;Generalização_1000;classification;HoeffdingAdaptiveTree;Default_FullFeatures;classifier;classifier;classifier;N/A;N/A;N/A;2000;100;57;7600;0,0000;0,0000;0,0000;0,0000;0,0000;0,0000;1;0;0;0
20260614_0639;Generalização_1000;classification;HoeffdingAdaptiveTree;Default_FullFeatures;classifier;classifier;classifier;N/A;N/A;N/A;2000;100;58;7700;0,0000;0,0000;0,0000;0,0000;0,0000;0,0000;0;0;0;0
20260614_0639;Generalização_1000;classification;HoeffdingAdaptiveTree;Default_FullFeatures;classifier;classifier;classifier;N/A;N/A;N/A;2000;100;59;7800;0,0000;0,0000;0,0000;0,0000;0,0000;0,0000;0;0;0;0
20260614_0639;Generalização_1000;classification;HoeffdingAdaptiveTree;Default_FullFeatures;classifier;classifier;classifier;N/A;N/A;N/A;2000;100;60;7900;0,0000;0,0000;0,0000;0,0000;0,0000;0,0000;0;0;0;0
20260614_0639;Generalização_1000;classification;HoeffdingAdaptiveTree;Default_FullFeatures;classifier;classifier;classifier;N/A;N/A;N/A;2000;100;61;8000;0,0000;0,0000;0,0000;0,0000;0,0000;0,0000;0;0;0;0
20260614_0639;Generalização_1000;classification;HoeffdingAdaptiveTree;Default_FullFeatures;classifier;classifier;classifier;N/A;N/A;N/A;2000;100;62;8100;0,0000;0,0000;0,0000;0,0000;0,0000;0,0000;0;0;0;0
20260614_0639;Generalização_1000;classification;HoeffdingAdaptiveTree;Default_FullFeatures;classifier;classifier;classifier;N/A;N/A;N/A;2000;100;63;8200;0,0000;0,0000;0,0000;0,0000;0,0000;0,0000;0;0;0;0
20260614_0639;Generalização_1000;classification;HoeffdingAdaptiveTree;Default_FullFeatures;classifier;classifier;classifier;N/A;N/A;N/A;2000;100;64;8300;0,0000;0,0000;0,0000;0,0000;0,0000;0,0000;0;0;0;0
20260614_0639;Generalização_1000;classification;HoeffdingAdaptiveTree;Default_FullFeatures;classifier;classifier;classifier;N/A;N/A;N/A;2000;100;65;8400;0,0000;0,0000;0,0000;0,0000;0,0000;0,0000;0;0;0;0
20260614_0639;Generalização_1000;classification;HoeffdingAdaptiveTree;Default_FullFeatures;classifier;classifier;classifier;N/A;N/A;N/A;2000;100;66;8500;0,0000;0,0000;0,0000;0,0000;0,0000;0,0000;0;0;1;0
20260614_0639;Generalização_1000;classification;HoeffdingAdaptiveTree;Default_FullFeatures;classifier;classifier;classifier;N/A;N/A;N/A;2000;100;67;8600;97,4359;0,0000;100,0000;0,0000;95,0000;0,0000;0;0;5;0
20260614_0639;Generalização_1000;classification;HoeffdingAdaptiveTree;Default_FullFeatures;classifier;classifier;classifier;N/A;N/A;N/A;2000;100;68;8700;100,0000;0,0000;100,0000;0,0000;100,0000;0,0000;0;0;0;0
20260614_0639;Generalização_1000;classification;HoeffdingAdaptiveTree;Default_FullFeatures;classifier;classifier;classifier;N/A;N/A;N/A;2000;100;69;8800;99,4975;0,0000;100,0000;0,0000;99,0000;0,0000;0;0;1;0
20260614_0639;Generalização_1000;classification;HoeffdingAdaptiveTree;Default_FullFeatures;classifier;classifier;classifier;N/A;N/A;N/A;2000;100;70;8900;100,0000;0,0000;100,0000;0,0000;100,0000;0,0000;0;0;0;0
20260614_0639;Generalização_1000;classification;HoeffdingAdaptiveTree;Default_FullFeatures;classifier;classifier;classifier;N/A;N/A;N/A;2000;100;71;9000;100,0000;0,0000;100,0000;0,0000;100,0000;0,0000;0;0;0;0
20260614_0639;Generalização_1000;classification;HoeffdingAdaptiveTree;Default_FullFeatures;classifier;classifier;classifier;N/A;N/A;N/A;2000;100;72;9100;98,9899;0,0000;100,0000;0,0000;98,0000;0,0000;0;0;2;0
20260614_0639;Generalização_1000;classification;HoeffdingAdaptiveTree;Default_FullFeatures;classifier;classifier;classifier;N/A;N/A;N/A;2000;100;73;9200;100,0000;0,0000;100,0000;0,0000;100,0000;0,0000;0;0;0;0
20260614_0639;Generalização_1000;classification;HoeffdingAdaptiveTree;Default_FullFeatures;classifier;classifier;classifier;N/A;N/A;N/A;2000;100;74;9300;100,0000;0,0000;100,0000;0,0000;100,0000;0,0000;0;0;0;0
20260614_0639;Generalização_1000;classification;HoeffdingAdaptiveTree;Default_FullFeatures;classifier;classifier;classifier;N/A;N/A;N/A;2000;100;75;9400;100,0000;0,0000;100,0000;0,0000;100,0000;0,0000;0;0;0;0
20260614_0639;Generalização_1000;classification;HoeffdingAdaptiveTree;Default_FullFeatures;classifier;classifier;classifier;N/A;N/A;N/A;2000;100;76;9500;100,0000;0,0000;100,0000;0,0000;100,0000;0,0000;0;0;0;0
20260614_0639;Generalização_1000;classification;HoeffdingAdaptiveTree;Default_FullFeatures;classifier;classifier;classifier;N/A;N/A;N/A;2000;100;77;9600;0,0000;0,0000;0,0000;0,0000;0,0000;0,0000;0;0;0;0
20260614_0639;Generalização_1000;classification;HoeffdingAdaptiveTree;Default_FullFeatures;classifier;classifier;classifier;N/A;N/A;N/A;2000;100;78;9700;0,0000;0,0000;0,0000;0,0000;0,0000;0,0000;0;0;0;0
20260614_0639;Generalização_1000;classification;HoeffdingAdaptiveTree;Default_FullFeatures;classifier;classifier;classifier;N/A;N/A;N/A;2000;100;79;9800;0,0000;0,0000;0,0000;0,0000;0,0000;0,0000;0;0;0;0
20260614_0639;Generalização_1000;classification;HoeffdingAdaptiveTree;Default_FullFeatures;classifier;classifier;classifier;N/A;N/A;N/A;2000;100;80;9900;0,0000;0,0000;0,0000;0,0000;0,0000;0,0000;0;0;0;0
20260614_0639;Generalização_1000;classification;HoeffdingAdaptiveTree;Default_FullFeatures;classifier;classifier;classifier;N/A;N/A;N/A;2000;100;81;10000;0,0000;0,0000;0,0000;0,0000;0,0000;0,0000;0;0;0;0
20260614_0639;Generalização_1000;classification;HoeffdingAdaptiveTree;Default_FullFeatures;classifier;classifier;classifier;N/A;N/A;N/A;2000;100;82;10100;0,0000;0,0000;0,0000;0,0000;0,0000;0,0000;0;0;0;0
20260614_0639;Generalização_1000;classification;HoeffdingAdaptiveTree;Default_FullFeatures;classifier;classifier;classifier;N/A;N/A;N/A;2000;100;83;10200;0,0000;0,0000;0,0000;0,0000;0,0000;0,0000;0;0;0;0
20260614_0639;Generalização_1000;classification;HoeffdingAdaptiveTree;Default_FullFeatures;classifier;classifier;classifier;N/A;N/A;N/A;2000;100;84;10300;0,0000;0,0000;0,0000;0,0000;0,0000;0,0000;0;0;0;0
20260614_0639;Generalização_1000;classification;HoeffdingAdaptiveTree;Default_FullFeatures;classifier;classifier;classifier;N/A;N/A;N/A;2000;100;85;10400;0,0000;0,0000;0,0000;0,0000;0,0000;0,0000;0;0;0;0
20260614_0639;Generalização_1000;classification;HoeffdingAdaptiveTree;Default_FullFeatures;classifier;classifier;classifier;N/A;N/A;N/A;2000;100;86;10500;0,0000;0,0000;0,0000;0,0000;0,0000;0,0000;0;0;0;0
20260614_0639;Generalização_1000;classification;HoeffdingAdaptiveTree;Default_FullFeatures;classifier;classifier;classifier;N/A;N/A;N/A;2000;100;87;10600;0,0000;0,0000;0,0000;0,0000;0,0000;0,0000;0;0;0;0
20260614_0639;Generalização_1000;classification;HoeffdingAdaptiveTree;Default_FullFeatures;classifier;classifier;classifier;N/A;N/A;N/A;2000;100;88;10700;0,0000;0,0000;0,0000;0,0000;0,0000;0,0000;0;0;0;0
20260614_0639;Generalização_1000;classification;HoeffdingAdaptiveTree;Default_FullFeatures;classifier;classifier;classifier;N/A;N/A;N/A;2000;100;89;10800;0,0000;0,0000;0,0000;0,0000;0,0000;0,0000;0;0;0;0
20260614_0639;Generalização_1000;classification;HoeffdingAdaptiveTree;Default_FullFeatures;classifier;classifier;classifier;N/A;N/A;N/A;2000;100;90;10900;0,0000;0,0000;0,0000;0,0000;0,0000;0,0000;0;0;0;0
20260614_0639;Generalização_1000;classification;HoeffdingAdaptiveTree;Default_FullFeatures;classifier;classifier;classifier;N/A;N/A;N/A;2000;100;91;11000;0,0000;0,0000;0,0000;0,0000;0,0000;0,0000;0;0;0;0
20260614_0639;Generalização_1000;classification;HoeffdingAdaptiveTree;Default_FullFeatures;classifier;classifier;classifier;N/A;N/A;N/A;2000;100;92;11100;0,0000;0,0000;0,0000;0,0000;0,0000;0,0000;0;0;0;0
20260614_0639;Generalização_1000;classification;HoeffdingAdaptiveTree;Default_FullFeatures;classifier;classifier;classifier;N/A;N/A;N/A;2000;100;93;11200;0,0000;0,0000;0,0000;0,0000;0,0000;0,0000;0;0;0;0
20260614_0639;Generalização_1000;classification;HoeffdingAdaptiveTree;Default_FullFeatures;classifier;classifier;classifier;N/A;N/A;N/A;2000;100;94;11300;0,0000;0,0000;0,0000;0,0000;0,0000;0,0000;0;0;0;0
20260614_0639;Generalização_1000;classification;HoeffdingAdaptiveTree;Default_FullFeatures;classifier;classifier;classifier;N/A;N/A;N/A;2000;100;95;11400;0,0000;0,0000;0,0000;0,0000;0,0000;0,0000;0;0;0;0
20260614_0639;Generalização_1000;classification;HoeffdingAdaptiveTree;Default_FullFeatures;classifier;classifier;classifier;N/A;N/A;N/A;2000;100;96;11500;0,0000;0,0000;0,0000;0,0000;0,0000;0,0000;0;0;0;0
20260614_0639;Generalização_1000;classification;HoeffdingAdaptiveTree;Default_FullFeatures;classifier;classifier;classifier;N/A;N/A;N/A;2000;100;97;11600;0,0000;0,0000;0,0000;0,0000;0,0000;0,0000;0;0;0;0
20260614_0639;Generalização_1000;classification;HoeffdingAdaptiveTree;Default_FullFeatures;classifier;classifier;classifier;N/A;N/A;N/A;2000;100;98;11700;0,0000;0,0000;0,0000;0,0000;0,0000;0,0000;0;0;0;0
20260614_0639;Generalização_1000;classification;HoeffdingAdaptiveTree;Default_FullFeatures;classifier;classifier;classifier;N/A;N/A;N/A;2000;100;99;11800;0,0000;0,0000;0,0000;0,0000;0,0000;0,0000;0;0;0;0
20260614_0639;Generalização_1000;classification;HoeffdingAdaptiveTree;Default_FullFeatures;classifier;classifier;classifier;N/A;N/A;N/A;2000;100;100;11900;0,0000;0,0000;0,0000;0,0000;0,0000;0,0000;0;0;0;0
20260614_0639;Generalização_1000;classification;HoeffdingAdaptiveTree;Default_FullFeatures;classifier;classifier;classifier;N/A;N/A;N/A;2000;100;101;12000;0,0000;0,0000;0,0000;0,0000;0,0000;0,0000;0;0;0;0
20260614_0639;Generalização_1000;classification;HoeffdingAdaptiveTree;Default_FullFeatures;classifier;classifier;classifier;N/A;N/A;N/A;2000;100;102;12100;0,0000;0,0000;0,0000;0,0000;0,0000;0,0000;0;0;0;0
20260614_0639;Generalização_1000;classification;HoeffdingAdaptiveTree;Default_FullFeatures;classifier;classifier;classifier;N/A;N/A;N/A;2000;100;103;12200;0,0000;0,0000;0,0000;0,0000;0,0000;0,0000;0;0;0;0
20260614_0639;Generalização_1000;classification;HoeffdingAdaptiveTree;Default_FullFeatures;classifier;classifier;classifier;N/A;N/A;N/A;2000;100;104;12300;0,0000;0,0000;0,0000;0,0000;0,0000;0,0000;0;0;0;0
20260614_0639;Generalização_1000;classification;HoeffdingAdaptiveTree;Default_FullFeatures;classifier;classifier;classifier;N/A;N/A;N/A;2000;100;105;12400;0,0000;0,0000;0,0000;0,0000;0,0000;0,0000;0;0;0;0
20260614_0639;Generalização_1000;classification;HoeffdingAdaptiveTree;Default_FullFeatures;classifier;classifier;classifier;N/A;N/A;N/A;2000;100;106;12500;0,0000;0,0000;0,0000;0,0000;0,0000;0,0000;0;0;0;0
20260614_0639;Generalização_1000;classification;HoeffdingAdaptiveTree;Default_FullFeatures;classifier;classifier;classifier;N/A;N/A;N/A;2000;100;107;12600;0,0000;0,0000;0,0000;0,0000;0,0000;0,0000;0;0;0;0
20260614_0639;Generalização_1000;classification;HoeffdingAdaptiveTree;Default_FullFeatures;classifier;classifier;classifier;N/A;N/A;N/A;2000;100;108;12700;0,0000;0,0000;0,0000;0,0000;0,0000;0,0000;0;0;0;0
20260614_0639;Generalização_1000;classification;HoeffdingAdaptiveTree;Default_FullFeatures;classifier;classifier;classifier;N/A;N/A;N/A;2000;100;109;12800;0,0000;0,0000;0,0000;0,0000;0,0000;0,0000;0;0;0;0
20260614_0639;Generalização_1000;classification;HoeffdingAdaptiveTree;Default_FullFeatures;classifier;classifier;classifier;N/A;N/A;N/A;2000;100;110;12900;0,0000;0,0000;0,0000;0,0000;0,0000;0,0000;0;0;0;0
20260614_0639;Generalização_1000;classification;HoeffdingAdaptiveTree;Default_FullFeatures;classifier;classifier;classifier;N/A;N/A;N/A;2000;100;111;13000;0,0000;0,0000;0,0000;0,0000;0,0000;0,0000;0;0;0;0
20260614_0639;Generalização_1000;classification;HoeffdingAdaptiveTree;Default_FullFeatures;classifier;classifier;classifier;N/A;N/A;N/A;2000;100;112;13100;0,0000;0,0000;0,0000;0,0000;0,0000;0,0000;0;0;0;0
20260614_0639;Generalização_1000;classification;HoeffdingAdaptiveTree;Default_FullFeatures;classifier;classifier;classifier;N/A;N/A;N/A;2000;100;113;13200;0,0000;0,0000;0,0000;0,0000;0,0000;0,0000;0;0;0;0
20260614_0639;Generalização_1000;classification;HoeffdingAdaptiveTree;Default_FullFeatures;classifier;classifier;classifier;N/A;N/A;N/A;2000;100;114;13300;90,6977;0,0000;100,0000;0,0000;82,9787;0,0000;0;0;8;0
20260614_0639;Generalização_1000;classification;HoeffdingAdaptiveTree;Default_FullFeatures;classifier;classifier;classifier;N/A;N/A;N/A;2000;100;115;13400;91,4286;0,0000;100,0000;0,0000;84,2105;0,0000;0;0;15;0
20260614_0639;Generalização_1000;classification;HoeffdingAdaptiveTree;Default_FullFeatures;classifier;classifier;classifier;N/A;N/A;N/A;2000;100;116;13500;92,9412;0,0000;100,0000;0,0000;86,8132;0,0000;0;0;12;0
20260614_0639;Generalização_1000;classification;HoeffdingAdaptiveTree;Default_FullFeatures;classifier;classifier;classifier;N/A;N/A;N/A;2000;100;117;13600;97,7099;0,0000;100,0000;0,0000;95,5224;0,0000;0;0;3;0
20260614_0639;Generalização_1000;classification;HoeffdingAdaptiveTree;Default_FullFeatures;classifier;classifier;classifier;N/A;N/A;N/A;2000;100;118;13700;93,7143;0,0000;100,0000;0,0000;88,1720;0,0000;0;0;11;0
20260614_0639;Generalização_1000;classification;HoeffdingAdaptiveTree;Default_FullFeatures;classifier;classifier;classifier;N/A;N/A;N/A;2000;100;119;13800;95,7895;0,0000;100,0000;0,0000;91,9192;0,0000;0;0;8;0
20260614_0639;Generalização_1000;classification;HoeffdingAdaptiveTree;Default_FullFeatures;classifier;classifier;classifier;N/A;N/A;N/A;2000;100;120;13900;94,6237;0,0000;100,0000;0,0000;89,7959;0,0000;0;0;10;0
20260614_0639;Generalização_1000;classification;HoeffdingAdaptiveTree;Default_FullFeatures;classifier;classifier;classifier;N/A;N/A;N/A;2000;100;121;14000;95,2381;0,0000;100,0000;0,0000;90,9091;0,0000;0;0;9;0
20260614_0639;Generalização_1000;classification;HoeffdingAdaptiveTree;Default_FullFeatures;classifier;classifier;classifier;N/A;N/A;N/A;2000;100;122;14100;97,4093;0,0000;100,0000;0,0000;94,9495;0,0000;0;0;5;0
20260614_0639;Generalização_1000;classification;HoeffdingAdaptiveTree;Default_FullFeatures;classifier;classifier;classifier;N/A;N/A;N/A;2000;100;123;14200;97,9167;0,0000;100,0000;0,0000;95,9184;0,0000;0;0;4;0
20260614_0639;Generalização_1000;classification;HoeffdingAdaptiveTree;Default_FullFeatures;classifier;classifier;classifier;N/A;N/A;N/A;2000;100;124;14300;93,6170;0,0000;97,7778;0,0000;89,7959;0,0000;1;0;5;0
20260614_0639;Generalização_1000;classification;HoeffdingAdaptiveTree;Default_FullFeatures;classifier;classifier;classifier;N/A;N/A;N/A;2000;100;125;14400;0,0000;0,0000;0,0000;0,0000;0,0000;0,0000;2;0;0;0
20260614_0639;Generalização_1000;classification;HoeffdingAdaptiveTree;Default_FullFeatures;classifier;classifier;classifier;N/A;N/A;N/A;2000;100;126;14500;0,0000;0,0000;0,0000;0,0000;0,0000;0,0000;1;0;0;0
20260614_0639;Generalização_1000;classification;HoeffdingAdaptiveTree;Default_FullFeatures;classifier;classifier;classifier;N/A;N/A;N/A;2000;100;127;14600;0,0000;0,0000;0,0000;0,0000;0,0000;0,0000;0;0;0;0
20260614_0639;Generalização_1000;classification;HoeffdingAdaptiveTree;Default_FullFeatures;classifier;classifier;classifier;N/A;N/A;N/A;2000;100;128;14700;0,0000;0,0000;0,0000;0,0000;0,0000;0,0000;0;0;0;0
20260614_0639;Generalização_1000;classification;HoeffdingAdaptiveTree;Default_FullFeatures;classifier;classifier;classifier;N/A;N/A;N/A;2000;100;129;14800;0,0000;0,0000;0,0000;0,0000;0,0000;0,0000;0;0;0;0
20260614_0639;Generalização_1000;classification;HoeffdingAdaptiveTree;Default_FullFeatures;classifier;classifier;classifier;N/A;N/A;N/A;2000;100;130;14900;0,0000;0,0000;0,0000;0,0000;0,0000;0,0000;0;0;0;0
20260614_0639;Generalização_1000;classification;HoeffdingAdaptiveTree;Default_FullFeatures;classifier;classifier;classifier;N/A;N/A;N/A;2000;100;131;15000;0,0000;0,0000;0,0000;0,0000;0,0000;0,0000;0;0;0;0
20260614_0639;Generalização_1000;classification;HoeffdingAdaptiveTree;Default_FullFeatures;classifier;classifier;classifier;N/A;N/A;N/A;2000;100;132;15100;0,0000;0,0000;0,0000;0,0000;0,0000;0,0000;0;0;0;0
20260614_0639;Generalização_1000;classification;HoeffdingAdaptiveTree;Default_FullFeatures;classifier;classifier;classifier;N/A;N/A;N/A;2000;100;133;15200;0,0000;0,0000;0,0000;0,0000;0,0000;0,0000;0;0;0;0
20260614_0639;Generalização_1000;classification;HoeffdingAdaptiveTree;Default_FullFeatures;classifier;classifier;classifier;N/A;N/A;N/A;2000;100;134;15300;0,0000;0,0000;0,0000;0,0000;0,0000;0,0000;0;0;0;0
20260614_0639;Generalização_1000;classification;HoeffdingAdaptiveTree;Default_FullFeatures;classifier;classifier;classifier;N/A;N/A;N/A;2000;100;135;15400;0,0000;0,0000;0,0000;0,0000;0,0000;0,0000;0;0;0;0
20260614_0639;Generalização_1000;classification;HoeffdingAdaptiveTree;Default_FullFeatures;classifier;classifier;classifier;N/A;N/A;N/A;2000;100;136;15500;0,0000;0,0000;0,0000;0,0000;0,0000;0,0000;0;0;0;0
20260614_0639;Generalização_1000;classification;HoeffdingAdaptiveTree;Default_FullFeatures;classifier;classifier;classifier;N/A;N/A;N/A;2000;100;137;15600;0,0000;0,0000;0,0000;0,0000;0,0000;0,0000;0;0;0;0
20260614_0639;Generalização_1000;classification;HoeffdingAdaptiveTree;Default_FullFeatures;classifier;classifier;classifier;N/A;N/A;N/A;2000;100;138;15700;0,0000;0,0000;0,0000;0,0000;0,0000;0,0000;0;0;0;0
20260614_0639;Generalização_1000;classification;HoeffdingAdaptiveTree;Default_FullFeatures;classifier;classifier;classifier;N/A;N/A;N/A;2000;100;139;15800;0,0000;0,0000;0,0000;0,0000;0,0000;0,0000;0;0;0;0
20260614_0639;Generalização_1000;classification;HoeffdingAdaptiveTree;Default_FullFeatures;classifier;classifier;classifier;N/A;N/A;N/A;2000;100;140;15900;0,0000;0,0000;0,0000;0,0000;0,0000;0,0000;0;0;0;0
20260614_0639;Generalização_1000;classification;HoeffdingAdaptiveTree;Default_FullFeatures;classifier;classifier;classifier;N/A;N/A;N/A;2000;100;141;16000;0,0000;0,0000;0,0000;0,0000;0,0000;0,0000;0;0;0;0
20260614_0639;Generalização_1000;classification;HoeffdingAdaptiveTree;Default_FullFeatures;classifier;classifier;classifier;N/A;N/A;N/A;2000;100;142;16100;0,0000;0,0000;0,0000;0,0000;0,0000;0,0000;0;0;0;0
20260614_0639;Generalização_1000;classification;HoeffdingAdaptiveTree;Default_FullFeatures;classifier;classifier;classifier;N/A;N/A;N/A;2000;100;143;16200;0,0000;0,0000;0,0000;0,0000;0,0000;0,0000;0;0;0;0
20260614_0639;Generalização_1000;classification;HoeffdingAdaptiveTree;Default_FullFeatures;classifier;classifier;classifier;N/A;N/A;N/A;2000;100;144;16300;0,0000;0,0000;0,0000;0,0000;0,0000;0,0000;0;0;0;0
20260614_0639;Generalização_1000;classification;HoeffdingAdaptiveTree;Default_FullFeatures;classifier;classifier;classifier;N/A;N/A;N/A;2000;100;145;16400;0,0000;0,0000;0,0000;0,0000;0,0000;0,0000;0;0;0;0
20260614_0639;Generalização_1000;classification;HoeffdingAdaptiveTree;Default_FullFeatures;classifier;classifier;classifier;N/A;N/A;N/A;2000;100;146;16500;0,0000;0,0000;0,0000;0,0000;0,0000;0,0000;0;0;0;0
20260614_0639;Generalização_1000;classification;HoeffdingAdaptiveTree;Default_FullFeatures;classifier;classifier;classifier;N/A;N/A;N/A;2000;100;147;16600;0,0000;0,0000;0,0000;0,0000;0,0000;0,0000;0;0;0;0
20260614_0639;Generalização_1000;classification;HoeffdingAdaptiveTree;Default_FullFeatures;classifier;classifier;classifier;N/A;N/A;N/A;2000;100;148;16700;0,0000;0,0000;0,0000;0,0000;0,0000;0,0000;0;0;0;0
20260614_0639;Generalização_1000;classification;HoeffdingAdaptiveTree;Default_FullFeatures;classifier;classifier;classifier;N/A;N/A;N/A;2000;100;149;16800;0,0000;0,0000;0,0000;0,0000;0,0000;0,0000;0;0;0;0
20260614_0639;Generalização_1000;classification;HoeffdingAdaptiveTree;Default_FullFeatures;classifier;classifier;classifier;N/A;N/A;N/A;2000;100;150;16900;0,0000;0,0000;0,0000;0,0000;0,0000;0,0000;0;0;0;0
20260614_0639;Generalização_1000;classification;HoeffdingAdaptiveTree;Default_FullFeatures;classifier;classifier;classifier;N/A;N/A;N/A;2000;100;151;17000;0,0000;0,0000;0,0000;0,0000;0,0000;0,0000;0;0;0;0
20260614_0639;Generalização_1000;classification;HoeffdingAdaptiveTree;Default_FullFeatures;classifier;classifier;classifier;N/A;N/A;N/A;2000;100;152;17100;0,0000;0,0000;0,0000;0,0000;0,0000;0,0000;0;0;0;0
20260614_0639;Generalização_1000;classification;HoeffdingAdaptiveTree;Default_FullFeatures;classifier;classifier;classifier;N/A;N/A;N/A;2000;100;153;17200;0,0000;0,0000;0,0000;0,0000;0,0000;0,0000;0;0;0;0
20260614_0639;Generalização_1000;classification;HoeffdingAdaptiveTree;Default_FullFeatures;classifier;classifier;classifier;N/A;N/A;N/A;2000;100;154;17300;0,0000;0,0000;0,0000;0,0000;0,0000;0,0000;0;0;0;0
20260614_0639;Generalização_1000;classification;HoeffdingAdaptiveTree;Default_FullFeatures;classifier;classifier;classifier;N/A;N/A;N/A;2000;100;155;17400;0,0000;0,0000;0,0000;0,0000;0,0000;0,0000;0;0;0;0
20260614_0639;Generalização_1000;classification;HoeffdingAdaptiveTree;Default_FullFeatures;classifier;classifier;classifier;N/A;N/A;N/A;2000;100;156;17500;0,0000;0,0000;0,0000;0,0000;0,0000;0,0000;0;0;0;0
20260614_0639;Generalização_1000;classification;HoeffdingAdaptiveTree;Default_FullFeatures;classifier;classifier;classifier;N/A;N/A;N/A;2000;100;157;17600;0,0000;0,0000;0,0000;0,0000;0,0000;0,0000;0;0;0;0
20260614_0639;Generalização_1000;classification;HoeffdingAdaptiveTree;Default_FullFeatures;classifier;classifier;classifier;N/A;N/A;N/A;2000;100;158;17700;0,0000;0,0000;0,0000;0,0000;0,0000;0,0000;0;0;0;0
20260614_0639;Generalização_1000;classification;HoeffdingAdaptiveTree;Default_FullFeatures;classifier;classifier;classifier;N/A;N/A;N/A;2000;100;159;17800;0,0000;0,0000;0,0000;0,0000;0,0000;0,0000;0;0;0;0
20260614_0639;Generalização_1000;classification;HoeffdingAdaptiveTree;Default_FullFeatures;classifier;classifier;classifier;N/A;N/A;N/A;2000;100;160;17900;0,0000;0,0000;0,0000;0,0000;0,0000;0,0000;0;0;0;0
20260614_0639;Adaptação_25;classification;HoeffdingAdaptiveTree;Default_FullFeatures;classifier;classifier;classifier;N/A;N/A;N/A;2000;100;1;2000;0,0000;0,0000;0,0000;0,0000;0,0000;0,0000;0;0;0;0
20260614_0639;Adaptação_25;classification;HoeffdingAdaptiveTree;Default_FullFeatures;classifier;classifier;classifier;N/A;N/A;N/A;2000;100;2;2100;0,0000;0,0000;0,0000;0,0000;0,0000;0,0000;0;0;0;0
20260614_0639;Adaptação_25;classification;HoeffdingAdaptiveTree;Default_FullFeatures;classifier;classifier;classifier;N/A;N/A;N/A;2000;100;3;2200;0,0000;0,0000;0,0000;0,0000;0,0000;0,0000;0;0;0;0
20260614_0639;Adaptação_25;classification;HoeffdingAdaptiveTree;Default_FullFeatures;classifier;classifier;classifier;N/A;N/A;N/A;2000;100;4;2300;0,0000;0,0000;0,0000;0,0000;0,0000;0,0000;0;0;0;0
20260614_0639;Adaptação_25;classification;HoeffdingAdaptiveTree;Default_FullFeatures;classifier;classifier;classifier;N/A;N/A;N/A;2000;100;5;2400;0,0000;0,0000;0,0000;0,0000;0,0000;0,0000;0;0;0;0
20260614_0639;Adaptação_25;classification;HoeffdingAdaptiveTree;Default_FullFeatures;classifier;classifier;classifier;N/A;N/A;N/A;2000;100;6;2500;0,0000;0,0000;0,0000;0,0000;0,0000;0,0000;0;0;0;0
20260614_0639;Adaptação_25;classification;HoeffdingAdaptiveTree;Default_FullFeatures;classifier;classifier;classifier;N/A;N/A;N/A;2000;100;7;2600;0,0000;0,0000;0,0000;0,0000;0,0000;0,0000;0;0;0;0
20260614_0639;Adaptação_25;classification;HoeffdingAdaptiveTree;Default_FullFeatures;classifier;classifier;classifier;N/A;N/A;N/A;2000;100;8;2700;0,0000;0,0000;0,0000;0,0000;0,0000;0,0000;0;0;0;0
20260614_0639;Adaptação_25;classification;HoeffdingAdaptiveTree;Default_FullFeatures;classifier;classifier;classifier;N/A;N/A;N/A;2000;100;9;2800;0,0000;0,0000;0,0000;0,0000;0,0000;0,0000;0;0;0;0
20260614_0639;Adaptação_25;classification;HoeffdingAdaptiveTree;Default_FullFeatures;classifier;classifier;classifier;N/A;N/A;N/A;2000;100;10;2900;0,0000;0,0000;0,0000;0,0000;0,0000;0,0000;0;0;0;0
20260614_0639;Adaptação_25;classification;HoeffdingAdaptiveTree;Default_FullFeatures;classifier;classifier;classifier;N/A;N/A;N/A;2000;100;11;3000;0,0000;0,0000;0,0000;0,0000;0,0000;0,0000;0;0;0;0
20260614_0639;Adaptação_25;classification;HoeffdingAdaptiveTree;Default_FullFeatures;classifier;classifier;classifier;N/A;N/A;N/A;2000;100;12;3100;0,0000;0,0000;0,0000;0,0000;0,0000;0,0000;0;0;0;0
20260614_0639;Adaptação_25;classification;HoeffdingAdaptiveTree;Default_FullFeatures;classifier;classifier;classifier;N/A;N/A;N/A;2000;100;13;3200;0,0000;0,0000;0,0000;0,0000;0,0000;0,0000;0;0;0;0
20260614_0639;Adaptação_25;classification;HoeffdingAdaptiveTree;Default_FullFeatures;classifier;classifier;classifier;N/A;N/A;N/A;2000;100;14;3300;0,0000;0,0000;0,0000;0,0000;0,0000;0,0000;0;0;0;0
20260614_0639;Adaptação_25;classification;HoeffdingAdaptiveTree;Default_FullFeatures;classifier;classifier;classifier;N/A;N/A;N/A;2000;100;15;3400;0,0000;0,0000;0,0000;0,0000;0,0000;0,0000;0;0;0;0
20260614_0639;Adaptação_25;classification;HoeffdingAdaptiveTree;Default_FullFeatures;classifier;classifier;classifier;N/A;N/A;N/A;2000;100;16;3500;0,0000;0,0000;0,0000;0,0000;0,0000;0,0000;0;0;0;0
20260614_0639;Adaptação_25;classification;HoeffdingAdaptiveTree;Default_FullFeatures;classifier;classifier;classifier;N/A;N/A;N/A;2000;100;17;3600;0,0000;0,0000;0,0000;0,0000;0,0000;0,0000;0;0;0;0
20260614_0639;Adaptação_25;classification;HoeffdingAdaptiveTree;Default_FullFeatures;classifier;classifier;classifier;N/A;N/A;N/A;2000;100;18;3700;0,0000;0,0000;0,0000;0,0000;0,0000;0,0000;0;0;0;0
20260614_0639;Adaptação_25;classification;HoeffdingAdaptiveTree;Default_FullFeatures;classifier;classifier;classifier;N/A;N/A;N/A;2000;100;19;3800;86,9565;0,0000;95,2381;0,0000;80,0000;0,0000;1;0;5;0
20260614_0639;Adaptação_25;classification;HoeffdingAdaptiveTree;Default_FullFeatures;classifier;classifier;classifier;N/A;N/A;N/A;2000;100;20;3900;0,0000;0,0000;0,0000;0,0000;0,0000;0,0000;1;0;0;0
20260614_0639;Adaptação_25;classification;HoeffdingAdaptiveTree;Default_FullFeatures;classifier;classifier;classifier;N/A;N/A;N/A;2000;100;21;4000;0,0000;0,0000;0,0000;0,0000;0,0000;0,0000;0;0;0;0
20260614_0639;Adaptação_25;classification;HoeffdingAdaptiveTree;Default_FullFeatures;classifier;classifier;classifier;N/A;N/A;N/A;2000;100;22;4100;0,0000;0,0000;0,0000;0,0000;0,0000;0,0000;0;0;0;0
20260614_0639;Adaptação_25;classification;HoeffdingAdaptiveTree;Default_FullFeatures;classifier;classifier;classifier;N/A;N/A;N/A;2000;100;23;4200;0,0000;0,0000;0,0000;0,0000;0,0000;0,0000;0;0;0;0
20260614_0639;Adaptação_25;classification;HoeffdingAdaptiveTree;Default_FullFeatures;classifier;classifier;classifier;N/A;N/A;N/A;2000;100;24;4300;0,0000;0,0000;0,0000;0,0000;0,0000;0,0000;0;0;0;0
20260614_0639;Adaptação_25;classification;HoeffdingAdaptiveTree;Default_FullFeatures;classifier;classifier;classifier;N/A;N/A;N/A;2000;100;25;4400;0,0000;0,0000;0,0000;0,0000;0,0000;0,0000;0;0;0;0
20260614_0639;Adaptação_25;classification;HoeffdingAdaptiveTree;Default_FullFeatures;classifier;classifier;classifier;N/A;N/A;N/A;2000;100;26;4500;0,0000;0,0000;0,0000;0,0000;0,0000;0,0000;0;0;0;0
20260614_0639;Adaptação_25;classification;HoeffdingAdaptiveTree;Default_FullFeatures;classifier;classifier;classifier;N/A;N/A;N/A;2000;100;27;4600;0,0000;0,0000;0,0000;0,0000;0,0000;0,0000;0;0;0;0
20260614_0639;Adaptação_25;classification;HoeffdingAdaptiveTree;Default_FullFeatures;classifier;classifier;classifier;N/A;N/A;N/A;2000;100;28;4700;0,0000;0,0000;0,0000;0,0000;0,0000;0,0000;0;0;0;0
20260614_0639;Adaptação_25;classification;HoeffdingAdaptiveTree;Default_FullFeatures;classifier;classifier;classifier;N/A;N/A;N/A;2000;100;29;4800;0,0000;0,0000;0,0000;0,0000;0,0000;0,0000;0;0;0;0
20260614_0639;Adaptação_25;classification;HoeffdingAdaptiveTree;Default_FullFeatures;classifier;classifier;classifier;N/A;N/A;N/A;2000;100;30;4900;0,0000;0,0000;0,0000;0,0000;0,0000;0,0000;0;0;0;0
20260614_0639;Adaptação_25;classification;HoeffdingAdaptiveTree;Default_FullFeatures;classifier;classifier;classifier;N/A;N/A;N/A;2000;100;31;5000;0,0000;0,0000;0,0000;0,0000;0,0000;0,0000;0;0;0;0
20260614_0639;Adaptação_25;classification;HoeffdingAdaptiveTree;Default_FullFeatures;classifier;classifier;classifier;N/A;N/A;N/A;2000;100;32;5100;0,0000;0,0000;0,0000;0,0000;0,0000;0,0000;0;0;0;0
20260614_0639;Adaptação_25;classification;HoeffdingAdaptiveTree;Default_FullFeatures;classifier;classifier;classifier;N/A;N/A;N/A;2000;100;33;5200;0,0000;0,0000;0,0000;0,0000;0,0000;0,0000;0;0;0;0
20260614_0639;Adaptação_25;classification;HoeffdingAdaptiveTree;Default_FullFeatures;classifier;classifier;classifier;N/A;N/A;N/A;2000;100;34;5300;0,0000;0,0000;0,0000;0,0000;0,0000;0,0000;0;0;0;0
20260614_0639;Adaptação_25;classification;HoeffdingAdaptiveTree;Default_FullFeatures;classifier;classifier;classifier;N/A;N/A;N/A;2000;100;35;5400;0,0000;0,0000;0,0000;0,0000;0,0000;0,0000;0;0;0;0
20260614_0639;Adaptação_25;classification;HoeffdingAdaptiveTree;Default_FullFeatures;classifier;classifier;classifier;N/A;N/A;N/A;2000;100;36;5500;0,0000;0,0000;0,0000;0,0000;0,0000;0,0000;0;0;0;0
20260614_0639;Adaptação_25;classification;HoeffdingAdaptiveTree;Default_FullFeatures;classifier;classifier;classifier;N/A;N/A;N/A;2000;100;37;5600;0,0000;0,0000;0,0000;0,0000;0,0000;0,0000;0;0;0;0
20260614_0639;Adaptação_25;classification;HoeffdingAdaptiveTree;Default_FullFeatures;classifier;classifier;classifier;N/A;N/A;N/A;2000;100;38;5700;0,0000;0,0000;0,0000;0,0000;0,0000;0,0000;0;0;0;0
20260614_0639;Adaptação_25;classification;HoeffdingAdaptiveTree;Default_FullFeatures;classifier;classifier;classifier;N/A;N/A;N/A;2000;100;39;5800;0,0000;0,0000;0,0000;0,0000;0,0000;0,0000;0;0;0;0
20260614_0639;Adaptação_25;classification;HoeffdingAdaptiveTree;Default_FullFeatures;classifier;classifier;classifier;N/A;N/A;N/A;2000;100;40;5900;0,0000;0,0000;0,0000;0,0000;0,0000;0,0000;0;0;0;0
20260614_0639;Adaptação_25;classification;HoeffdingAdaptiveTree;Default_FullFeatures;classifier;classifier;classifier;N/A;N/A;N/A;2000;100;41;6000;0,0000;0,0000;0,0000;0,0000;0,0000;0,0000;0;0;0;0
20260614_0639;Adaptação_25;classification;HoeffdingAdaptiveTree;Default_FullFeatures;classifier;classifier;classifier;N/A;N/A;N/A;2000;100;42;6100;0,0000;0,0000;0,0000;0,0000;0,0000;0,0000;0;0;0;0
20260614_0639;Adaptação_25;classification;HoeffdingAdaptiveTree;Default_FullFeatures;classifier;classifier;classifier;N/A;N/A;N/A;2000;100;43;6200;0,0000;0,0000;0,0000;0,0000;0,0000;0,0000;0;0;0;0
20260614_0639;Adaptação_25;classification;HoeffdingAdaptiveTree;Default_FullFeatures;classifier;classifier;classifier;N/A;N/A;N/A;2000;100;44;6300;0,0000;0,0000;0,0000;0,0000;0,0000;0,0000;0;0;0;0
20260614_0639;Adaptação_25;classification;HoeffdingAdaptiveTree;Default_FullFeatures;classifier;classifier;classifier;N/A;N/A;N/A;2000;100;45;6400;0,0000;0,0000;0,0000;0,0000;0,0000;0,0000;0;0;0;0
20260614_0639;Adaptação_25;classification;HoeffdingAdaptiveTree;Default_FullFeatures;classifier;classifier;classifier;N/A;N/A;N/A;2000;100;46;6500;0,0000;0,0000;0,0000;0,0000;0,0000;0,0000;0;0;0;0
20260614_0639;Adaptação_25;classification;HoeffdingAdaptiveTree;Default_FullFeatures;classifier;classifier;classifier;N/A;N/A;N/A;2000;100;47;6600;0,0000;0,0000;0,0000;0,0000;0,0000;0,0000;0;0;0;0
20260614_0639;Adaptação_25;classification;HoeffdingAdaptiveTree;Default_FullFeatures;classifier;classifier;classifier;N/A;N/A;N/A;2000;100;48;6700;0,0000;0,0000;0,0000;0,0000;0,0000;0,0000;0;0;0;0
20260614_0639;Adaptação_25;classification;HoeffdingAdaptiveTree;Default_FullFeatures;classifier;classifier;classifier;N/A;N/A;N/A;2000;100;49;6800;0,0000;0,0000;0,0000;0,0000;0,0000;0,0000;0;0;0;0
20260614_0639;Adaptação_25;classification;HoeffdingAdaptiveTree;Default_FullFeatures;classifier;classifier;classifier;N/A;N/A;N/A;2000;100;50;6900;0,0000;0,0000;0,0000;0,0000;0,0000;0,0000;0;0;0;0
20260614_0639;Adaptação_25;classification;HoeffdingAdaptiveTree;Default_FullFeatures;classifier;classifier;classifier;N/A;N/A;N/A;2000;100;51;7000;0,0000;0,0000;0,0000;0,0000;0,0000;0,0000;0;0;0;0
20260614_0639;Adaptação_25;classification;HoeffdingAdaptiveTree;Default_FullFeatures;classifier;classifier;classifier;N/A;N/A;N/A;2000;100;52;7100;0,0000;0,0000;0,0000;0,0000;0,0000;0,0000;0;0;0;0
20260614_0639;Adaptação_25;classification;HoeffdingAdaptiveTree;Default_FullFeatures;classifier;classifier;classifier;N/A;N/A;N/A;2000;100;53;7200;0,0000;0,0000;0,0000;0,0000;0,0000;0,0000;0;0;0;0
20260614_0639;Adaptação_25;classification;HoeffdingAdaptiveTree;Default_FullFeatures;classifier;classifier;classifier;N/A;N/A;N/A;2000;100;54;7300;0,0000;0,0000;0,0000;0,0000;0,0000;0,0000;0;0;0;0
20260614_0639;Adaptação_25;classification;HoeffdingAdaptiveTree;Default_FullFeatures;classifier;classifier;classifier;N/A;N/A;N/A;2000;100;55;7400;0,0000;0,0000;0,0000;0,0000;0,0000;0,0000;0;0;0;0
20260614_0639;Adaptação_25;classification;HoeffdingAdaptiveTree;Default_FullFeatures;classifier;classifier;classifier;N/A;N/A;N/A;2000;100;56;7500;0,0000;0,0000;0,0000;0,0000;0,0000;0,0000;0;0;0;0
20260614_0639;Adaptação_25;classification;HoeffdingAdaptiveTree;Default_FullFeatures;classifier;classifier;classifier;N/A;N/A;N/A;2000;100;57;7600;68,5714;0,0000;100,0000;0,0000;52,1739;0,0000;0;0;11;0
20260614_0639;Adaptação_25;classification;HoeffdingAdaptiveTree;Default_FullFeatures;classifier;classifier;classifier;N/A;N/A;N/A;2000;100;58;7700;0,0000;0,0000;0,0000;0,0000;0,0000;0,0000;0;0;0;0
20260614_0639;Adaptação_25;classification;HoeffdingAdaptiveTree;Default_FullFeatures;classifier;classifier;classifier;N/A;N/A;N/A;2000;100;59;7800;0,0000;0,0000;0,0000;0,0000;0,0000;0,0000;0;0;0;0
20260614_0639;Adaptação_25;classification;HoeffdingAdaptiveTree;Default_FullFeatures;classifier;classifier;classifier;N/A;N/A;N/A;2000;100;60;7900;0,0000;0,0000;0,0000;0,0000;0,0000;0,0000;0;0;0;0
20260614_0639;Adaptação_25;classification;HoeffdingAdaptiveTree;Default_FullFeatures;classifier;classifier;classifier;N/A;N/A;N/A;2000;100;61;8000;0,0000;0,0000;0,0000;0,0000;0,0000;0,0000;0;0;0;0
20260614_0639;Adaptação_25;classification;HoeffdingAdaptiveTree;Default_FullFeatures;classifier;classifier;classifier;N/A;N/A;N/A;2000;100;62;8100;0,0000;0,0000;0,0000;0,0000;0,0000;0,0000;0;0;0;0
20260614_0639;Adaptação_25;classification;HoeffdingAdaptiveTree;Default_FullFeatures;classifier;classifier;classifier;N/A;N/A;N/A;2000;100;63;8200;0,0000;0,0000;0,0000;0,0000;0,0000;0,0000;0;0;0;0
20260614_0639;Adaptação_25;classification;HoeffdingAdaptiveTree;Default_FullFeatures;classifier;classifier;classifier;N/A;N/A;N/A;2000;100;64;8300;0,0000;0,0000;0,0000;0,0000;0,0000;0,0000;0;0;0;0
20260614_0639;Adaptação_25;classification;HoeffdingAdaptiveTree;Default_FullFeatures;classifier;classifier;classifier;N/A;N/A;N/A;2000;100;65;8400;0,0000;0,0000;0,0000;0,0000;0,0000;0,0000;0;0;0;0
20260614_0639;Adaptação_25;classification;HoeffdingAdaptiveTree;Default_FullFeatures;classifier;classifier;classifier;N/A;N/A;N/A;2000;100;66;8500;0,0000;0,0000;0,0000;0,0000;0,0000;0,0000;0;0;0;0
20260614_0639;Adaptação_25;classification;HoeffdingAdaptiveTree;Default_FullFeatures;classifier;classifier;classifier;N/A;N/A;N/A;2000;100;67;8600;0,0000;0,0000;0,0000;0,0000;0,0000;0,0000;0;0;0;0
20260614_0639;Adaptação_25;classification;HoeffdingAdaptiveTree;Default_FullFeatures;classifier;classifier;classifier;N/A;N/A;N/A;2000;100;68;8700;0,0000;0,0000;0,0000;0,0000;0,0000;0,0000;0;0;0;0
20260614_0639;Adaptação_25;classification;HoeffdingAdaptiveTree;Default_FullFeatures;classifier;classifier;classifier;N/A;N/A;N/A;2000;100;69;8800;0,0000;0,0000;0,0000;0,0000;0,0000;0,0000;0;0;0;0
20260614_0639;Adaptação_25;classification;HoeffdingAdaptiveTree;Default_FullFeatures;classifier;classifier;classifier;N/A;N/A;N/A;2000;100;70;8900;0,0000;0,0000;0,0000;0,0000;0,0000;0,0000;0;0;0;0
20260614_0639;Adaptação_25;classification;HoeffdingAdaptiveTree;Default_FullFeatures;classifier;classifier;classifier;N/A;N/A;N/A;2000;100;71;9000;0,0000;0,0000;0,0000;0,0000;0,0000;0,0000;0;0;0;0
20260614_0639;Adaptação_25;classification;HoeffdingAdaptiveTree;Default_FullFeatures;classifier;classifier;classifier;N/A;N/A;N/A;2000;100;72;9100;0,0000;0,0000;0,0000;0,0000;0,0000;0,0000;0;0;0;0
20260614_0639;Adaptação_25;classification;HoeffdingAdaptiveTree;Default_FullFeatures;classifier;classifier;classifier;N/A;N/A;N/A;2000;100;73;9200;0,0000;0,0000;0,0000;0,0000;0,0000;0,0000;0;0;0;0
20260614_0639;Adaptação_25;classification;HoeffdingAdaptiveTree;Default_FullFeatures;classifier;classifier;classifier;N/A;N/A;N/A;2000;100;74;9300;0,0000;0,0000;0,0000;0,0000;0,0000;0,0000;0;0;0;0
20260614_0639;Adaptação_25;classification;HoeffdingAdaptiveTree;Default_FullFeatures;classifier;classifier;classifier;N/A;N/A;N/A;2000;100;75;9400;0,0000;0,0000;0,0000;0,0000;0,0000;0,0000;0;0;0;0
20260614_0639;Adaptação_25;classification;HoeffdingAdaptiveTree;Default_FullFeatures;classifier;classifier;classifier;N/A;N/A;N/A;2000;100;76;9500;0,0000;0,0000;0,0000;0,0000;0,0000;0,0000;0;0;0;0
20260614_0639;Adaptação_25;classification;HoeffdingAdaptiveTree;Default_FullFeatures;classifier;classifier;classifier;N/A;N/A;N/A;2000;100;77;9600;0,0000;0,0000;0,0000;0,0000;0,0000;0,0000;0;0;0;0
20260614_0639;Adaptação_25;classification;HoeffdingAdaptiveTree;Default_FullFeatures;classifier;classifier;classifier;N/A;N/A;N/A;2000;100;78;9700;0,0000;0,0000;0,0000;0,0000;0,0000;0,0000;0;0;0;0
20260614_0639;Adaptação_25;classification;HoeffdingAdaptiveTree;Default_FullFeatures;classifier;classifier;classifier;N/A;N/A;N/A;2000;100;79;9800;0,0000;0,0000;0,0000;0,0000;0,0000;0,0000;0;0;0;0
20260614_0639;Adaptação_25;classification;HoeffdingAdaptiveTree;Default_FullFeatures;classifier;classifier;classifier;N/A;N/A;N/A;2000;100;80;9900;0,0000;0,0000;0,0000;0,0000;0,0000;0,0000;0;0;0;0
20260614_0639;Adaptação_25;classification;HoeffdingAdaptiveTree;Default_FullFeatures;classifier;classifier;classifier;N/A;N/A;N/A;2000;100;81;10000;0,0000;0,0000;0,0000;0,0000;0,0000;0,0000;0;0;0;0
20260614_0639;Adaptação_25;classification;HoeffdingAdaptiveTree;Default_FullFeatures;classifier;classifier;classifier;N/A;N/A;N/A;2000;100;82;10100;0,0000;0,0000;0,0000;0,0000;0,0000;0,0000;0;0;0;0
20260614_0639;Adaptação_25;classification;HoeffdingAdaptiveTree;Default_FullFeatures;classifier;classifier;classifier;N/A;N/A;N/A;2000;100;83;10200;0,0000;0,0000;0,0000;0,0000;0,0000;0,0000;0;0;0;0
20260614_0639;Adaptação_25;classification;HoeffdingAdaptiveTree;Default_FullFeatures;classifier;classifier;classifier;N/A;N/A;N/A;2000;100;84;10300;0,0000;0,0000;0,0000;0,0000;0,0000;0,0000;0;0;0;0
20260614_0639;Adaptação_25;classification;HoeffdingAdaptiveTree;Default_FullFeatures;classifier;classifier;classifier;N/A;N/A;N/A;2000;100;85;10400;0,0000;0,0000;0,0000;0,0000;0,0000;0,0000;0;0;0;0
20260614_0639;Adaptação_25;classification;HoeffdingAdaptiveTree;Default_FullFeatures;classifier;classifier;classifier;N/A;N/A;N/A;2000;100;86;10500;0,0000;0,0000;0,0000;0,0000;0,0000;0,0000;0;0;0;0
20260614_0639;Adaptação_25;classification;HoeffdingAdaptiveTree;Default_FullFeatures;classifier;classifier;classifier;N/A;N/A;N/A;2000;100;87;10600;0,0000;0,0000;0,0000;0,0000;0,0000;0,0000;0;0;0;0
20260614_0639;Adaptação_25;classification;HoeffdingAdaptiveTree;Default_FullFeatures;classifier;classifier;classifier;N/A;N/A;N/A;2000;100;88;10700;0,0000;0,0000;0,0000;0,0000;0,0000;0,0000;0;0;0;0
20260614_0639;Adaptação_25;classification;HoeffdingAdaptiveTree;Default_FullFeatures;classifier;classifier;classifier;N/A;N/A;N/A;2000;100;89;10800;0,0000;0,0000;0,0000;0,0000;0,0000;0,0000;0;0;0;0
20260614_0639;Adaptação_25;classification;HoeffdingAdaptiveTree;Default_FullFeatures;classifier;classifier;classifier;N/A;N/A;N/A;2000;100;90;10900;0,0000;0,0000;0,0000;0,0000;0,0000;0,0000;0;0;0;0
20260614_0639;Adaptação_25;classification;HoeffdingAdaptiveTree;Default_FullFeatures;classifier;classifier;classifier;N/A;N/A;N/A;2000;100;91;11000;0,0000;0,0000;0,0000;0,0000;0,0000;0,0000;0;0;0;0
20260614_0639;Adaptação_25;classification;HoeffdingAdaptiveTree;Default_FullFeatures;classifier;classifier;classifier;N/A;N/A;N/A;2000;100;92;11100;0,0000;0,0000;0,0000;0,0000;0,0000;0,0000;0;0;0;0
20260614_0639;Adaptação_25;classification;HoeffdingAdaptiveTree;Default_FullFeatures;classifier;classifier;classifier;N/A;N/A;N/A;2000;100;93;11200;0,0000;0,0000;0,0000;0,0000;0,0000;0,0000;0;0;0;0
20260614_0639;Adaptação_25;classification;HoeffdingAdaptiveTree;Default_FullFeatures;classifier;classifier;classifier;N/A;N/A;N/A;2000;100;94;11300;0,0000;0,0000;0,0000;0,0000;0,0000;0,0000;0;0;1;0
20260614_0639;Adaptação_25;classification;HoeffdingAdaptiveTree;Default_FullFeatures;classifier;classifier;classifier;N/A;N/A;N/A;2000;100;95;11400;90,0000;0,0000;100,0000;0,0000;81,8182;0,0000;0;0;4;0
20260614_0639;Adaptação_25;classification;HoeffdingAdaptiveTree;Default_FullFeatures;classifier;classifier;classifier;N/A;N/A;N/A;2000;100;96;11500;0,0000;0,0000;0,0000;0,0000;0,0000;0,0000;1;0;0;0
20260614_0639;Adaptação_25;classification;HoeffdingAdaptiveTree;Default_FullFeatures;classifier;classifier;classifier;N/A;N/A;N/A;2000;100;97;11600;0,0000;0,0000;0,0000;0,0000;0,0000;0,0000;0;0;0;0
20260614_0639;Adaptação_25;classification;HoeffdingAdaptiveTree;Default_FullFeatures;classifier;classifier;classifier;N/A;N/A;N/A;2000;100;98;11700;0,0000;0,0000;0,0000;0,0000;0,0000;0,0000;0;0;0;0
20260614_0639;Adaptação_25;classification;HoeffdingAdaptiveTree;Default_FullFeatures;classifier;classifier;classifier;N/A;N/A;N/A;2000;100;99;11800;0,0000;0,0000;0,0000;0,0000;0,0000;0,0000;0;0;0;0
20260614_0639;Adaptação_25;classification;HoeffdingAdaptiveTree;Default_FullFeatures;classifier;classifier;classifier;N/A;N/A;N/A;2000;100;100;11900;0,0000;0,0000;0,0000;0,0000;0,0000;0,0000;0;0;0;0
20260614_0639;Adaptação_25;classification;HoeffdingAdaptiveTree;Default_FullFeatures;classifier;classifier;classifier;N/A;N/A;N/A;2000;100;101;12000;0,0000;0,0000;0,0000;0,0000;0,0000;0,0000;0;0;0;0
20260614_0639;Adaptação_25;classification;HoeffdingAdaptiveTree;Default_FullFeatures;classifier;classifier;classifier;N/A;N/A;N/A;2000;100;102;12100;0,0000;0,0000;0,0000;0,0000;0,0000;0,0000;0;0;0;0
20260614_0639;Adaptação_25;classification;HoeffdingAdaptiveTree;Default_FullFeatures;classifier;classifier;classifier;N/A;N/A;N/A;2000;100;103;12200;0,0000;0,0000;0,0000;0,0000;0,0000;0,0000;0;0;0;0
20260614_0639;Adaptação_25;classification;HoeffdingAdaptiveTree;Default_FullFeatures;classifier;classifier;classifier;N/A;N/A;N/A;2000;100;104;12300;0,0000;0,0000;0,0000;0,0000;0,0000;0,0000;0;0;0;0
20260614_0639;Adaptação_25;classification;HoeffdingAdaptiveTree;Default_FullFeatures;classifier;classifier;classifier;N/A;N/A;N/A;2000;100;105;12400;0,0000;0,0000;0,0000;0,0000;0,0000;0,0000;0;0;0;0
20260614_0639;Adaptação_25;classification;HoeffdingAdaptiveTree;Default_FullFeatures;classifier;classifier;classifier;N/A;N/A;N/A;2000;100;106;12500;0,0000;0,0000;0,0000;0,0000;0,0000;0,0000;0;0;0;0
20260614_0639;Adaptação_25;classification;HoeffdingAdaptiveTree;Default_FullFeatures;classifier;classifier;classifier;N/A;N/A;N/A;2000;100;107;12600;0,0000;0,0000;0,0000;0,0000;0,0000;0,0000;0;0;0;0
20260614_0639;Adaptação_25;classification;HoeffdingAdaptiveTree;Default_FullFeatures;classifier;classifier;classifier;N/A;N/A;N/A;2000;100;108;12700;0,0000;0,0000;0,0000;0,0000;0,0000;0,0000;0;0;0;0
20260614_0639;Adaptação_25;classification;HoeffdingAdaptiveTree;Default_FullFeatures;classifier;classifier;classifier;N/A;N/A;N/A;2000;100;109;12800;0,0000;0,0000;0,0000;0,0000;0,0000;0,0000;0;0;0;0
20260614_0639;Adaptação_25;classification;HoeffdingAdaptiveTree;Default_FullFeatures;classifier;classifier;classifier;N/A;N/A;N/A;2000;100;110;12900;0,0000;0,0000;0,0000;0,0000;0,0000;0,0000;0;0;0;0
20260614_0639;Adaptação_25;classification;HoeffdingAdaptiveTree;Default_FullFeatures;classifier;classifier;classifier;N/A;N/A;N/A;2000;100;111;13000;0,0000;0,0000;0,0000;0,0000;0,0000;0,0000;0;0;0;0
20260614_0639;Adaptação_25;classification;HoeffdingAdaptiveTree;Default_FullFeatures;classifier;classifier;classifier;N/A;N/A;N/A;2000;100;112;13100;0,0000;0,0000;0,0000;0,0000;0,0000;0,0000;0;0;0;0
20260614_0639;Adaptação_25;classification;HoeffdingAdaptiveTree;Default_FullFeatures;classifier;classifier;classifier;N/A;N/A;N/A;2000;100;113;13200;0,0000;0,0000;0,0000;0,0000;0,0000;0,0000;0;0;0;0
20260614_0639;Adaptação_25;classification;HoeffdingAdaptiveTree;Default_FullFeatures;classifier;classifier;classifier;N/A;N/A;N/A;2000;100;114;13300;0,0000;0,0000;0,0000;0,0000;0,0000;0,0000;0;0;0;0
20260614_0639;Adaptação_25;classification;HoeffdingAdaptiveTree;Default_FullFeatures;classifier;classifier;classifier;N/A;N/A;N/A;2000;100;115;13400;0,0000;0,0000;0,0000;0,0000;0,0000;0,0000;0;0;0;0
20260614_0639;Adaptação_25;classification;HoeffdingAdaptiveTree;Default_FullFeatures;classifier;classifier;classifier;N/A;N/A;N/A;2000;100;116;13500;0,0000;0,0000;0,0000;0,0000;0,0000;0,0000;0;0;0;0
20260614_0639;Adaptação_25;classification;HoeffdingAdaptiveTree;Default_FullFeatures;classifier;classifier;classifier;N/A;N/A;N/A;2000;100;117;13600;0,0000;0,0000;0,0000;0,0000;0,0000;0,0000;0;0;0;0
20260614_0639;Adaptação_25;classification;HoeffdingAdaptiveTree;Default_FullFeatures;classifier;classifier;classifier;N/A;N/A;N/A;2000;100;118;13700;0,0000;0,0000;0,0000;0,0000;0,0000;0,0000;0;0;0;0
20260614_0639;Adaptação_25;classification;HoeffdingAdaptiveTree;Default_FullFeatures;classifier;classifier;classifier;N/A;N/A;N/A;2000;100;119;13800;0,0000;0,0000;0,0000;0,0000;0,0000;0,0000;0;0;0;0
20260614_0639;Adaptação_25;classification;HoeffdingAdaptiveTree;Default_FullFeatures;classifier;classifier;classifier;N/A;N/A;N/A;2000;100;120;13900;0,0000;0,0000;0,0000;0,0000;0,0000;0,0000;0;0;0;0
20260614_0639;Adaptação_25;classification;HoeffdingAdaptiveTree;Default_FullFeatures;classifier;classifier;classifier;N/A;N/A;N/A;2000;100;121;14000;0,0000;0,0000;0,0000;0,0000;0,0000;0,0000;0;0;0;0
20260614_0639;Adaptação_25;classification;HoeffdingAdaptiveTree;Default_FullFeatures;classifier;classifier;classifier;N/A;N/A;N/A;2000;100;122;14100;0,0000;0,0000;0,0000;0,0000;0,0000;0,0000;0;0;0;0
20260614_0639;Adaptação_25;classification;HoeffdingAdaptiveTree;Default_FullFeatures;classifier;classifier;classifier;N/A;N/A;N/A;2000;100;123;14200;0,0000;0,0000;0,0000;0,0000;0,0000;0,0000;0;0;0;0
20260614_0639;Adaptação_25;classification;HoeffdingAdaptiveTree;Default_FullFeatures;classifier;classifier;classifier;N/A;N/A;N/A;2000;100;124;14300;0,0000;0,0000;0,0000;0,0000;0,0000;0,0000;0;0;0;0
20260614_0639;Adaptação_25;classification;HoeffdingAdaptiveTree;Default_FullFeatures;classifier;classifier;classifier;N/A;N/A;N/A;2000;100;125;14400;0,0000;0,0000;0,0000;0,0000;0,0000;0,0000;0;0;0;0
20260614_0639;Adaptação_25;classification;HoeffdingAdaptiveTree;Default_FullFeatures;classifier;classifier;classifier;N/A;N/A;N/A;2000;100;126;14500;0,0000;0,0000;0,0000;0,0000;0,0000;0,0000;0;0;0;0
20260614_0639;Adaptação_25;classification;HoeffdingAdaptiveTree;Default_FullFeatures;classifier;classifier;classifier;N/A;N/A;N/A;2000;100;127;14600;0,0000;0,0000;0,0000;0,0000;0,0000;0,0000;0;0;0;0
20260614_0639;Adaptação_25;classification;HoeffdingAdaptiveTree;Default_FullFeatures;classifier;classifier;classifier;N/A;N/A;N/A;2000;100;128;14700;0,0000;0,0000;0,0000;0,0000;0,0000;0,0000;0;0;0;0
20260614_0639;Adaptação_25;classification;HoeffdingAdaptiveTree;Default_FullFeatures;classifier;classifier;classifier;N/A;N/A;N/A;2000;100;129;14800;0,0000;0,0000;0,0000;0,0000;0,0000;0,0000;0;0;0;0
20260614_0639;Adaptação_25;classification;HoeffdingAdaptiveTree;Default_FullFeatures;classifier;classifier;classifier;N/A;N/A;N/A;2000;100;130;14900;0,0000;0,0000;0,0000;0,0000;0,0000;0,0000;0;0;0;0
20260614_0639;Adaptação_25;classification;HoeffdingAdaptiveTree;Default_FullFeatures;classifier;classifier;classifier;N/A;N/A;N/A;2000;100;131;15000;0,0000;0,0000;0,0000;0,0000;0,0000;0,0000;0;0;0;0
20260614_0639;Adaptação_200;classification;HoeffdingAdaptiveTree;Default_FullFeatures;classifier;classifier;classifier;N/A;N/A;N/A;2000;100;1;2000;0,0000;0,0000;0,0000;0,0000;0,0000;0,0000;0;0;0;0
20260614_0639;Adaptação_200;classification;HoeffdingAdaptiveTree;Default_FullFeatures;classifier;classifier;classifier;N/A;N/A;N/A;2000;100;2;2100;0,0000;0,0000;0,0000;0,0000;0,0000;0,0000;0;0;0;0
20260614_0639;Adaptação_200;classification;HoeffdingAdaptiveTree;Default_FullFeatures;classifier;classifier;classifier;N/A;N/A;N/A;2000;100;3;2200;0,0000;0,0000;0,0000;0,0000;0,0000;0,0000;0;0;0;0
20260614_0639;Adaptação_200;classification;HoeffdingAdaptiveTree;Default_FullFeatures;classifier;classifier;classifier;N/A;N/A;N/A;2000;100;4;2300;0,0000;0,0000;0,0000;0,0000;0,0000;0,0000;0;0;0;0
20260614_0639;Adaptação_200;classification;HoeffdingAdaptiveTree;Default_FullFeatures;classifier;classifier;classifier;N/A;N/A;N/A;2000;100;5;2400;0,0000;0,0000;0,0000;0,0000;0,0000;0,0000;0;0;0;0
20260614_0639;Adaptação_200;classification;HoeffdingAdaptiveTree;Default_FullFeatures;classifier;classifier;classifier;N/A;N/A;N/A;2000;100;6;2500;0,0000;0,0000;0,0000;0,0000;0,0000;0,0000;0;0;0;0
20260614_0639;Adaptação_200;classification;HoeffdingAdaptiveTree;Default_FullFeatures;classifier;classifier;classifier;N/A;N/A;N/A;2000;100;7;2600;0,0000;0,0000;0,0000;0,0000;0,0000;0,0000;0;0;0;0
20260614_0639;Adaptação_200;classification;HoeffdingAdaptiveTree;Default_FullFeatures;classifier;classifier;classifier;N/A;N/A;N/A;2000;100;8;2700;0,0000;0,0000;0,0000;0,0000;0,0000;0,0000;0;0;0;0
20260614_0639;Adaptação_200;classification;HoeffdingAdaptiveTree;Default_FullFeatures;classifier;classifier;classifier;N/A;N/A;N/A;2000;100;9;2800;0,0000;0,0000;0,0000;0,0000;0,0000;0,0000;0;0;0;0
20260614_0639;Adaptação_200;classification;HoeffdingAdaptiveTree;Default_FullFeatures;classifier;classifier;classifier;N/A;N/A;N/A;2000;100;10;2900;0,0000;0,0000;0,0000;0,0000;0,0000;0,0000;0;0;0;0
20260614_0639;Adaptação_200;classification;HoeffdingAdaptiveTree;Default_FullFeatures;classifier;classifier;classifier;N/A;N/A;N/A;2000;100;11;3000;0,0000;0,0000;0,0000;0,0000;0,0000;0,0000;0;0;0;0
20260614_0639;Adaptação_200;classification;HoeffdingAdaptiveTree;Default_FullFeatures;classifier;classifier;classifier;N/A;N/A;N/A;2000;100;12;3100;0,0000;0,0000;0,0000;0,0000;0,0000;0,0000;0;0;0;0
20260614_0639;Adaptação_200;classification;HoeffdingAdaptiveTree;Default_FullFeatures;classifier;classifier;classifier;N/A;N/A;N/A;2000;100;13;3200;0,0000;0,0000;0,0000;0,0000;0,0000;0,0000;0;0;0;0
20260614_0639;Adaptação_200;classification;HoeffdingAdaptiveTree;Default_FullFeatures;classifier;classifier;classifier;N/A;N/A;N/A;2000;100;14;3300;0,0000;0,0000;0,0000;0,0000;0,0000;0,0000;0;0;0;0
20260614_0639;Adaptação_200;classification;HoeffdingAdaptiveTree;Default_FullFeatures;classifier;classifier;classifier;N/A;N/A;N/A;2000;100;15;3400;0,0000;0,0000;0,0000;0,0000;0,0000;0,0000;0;0;0;0
20260614_0639;Adaptação_200;classification;HoeffdingAdaptiveTree;Default_FullFeatures;classifier;classifier;classifier;N/A;N/A;N/A;2000;100;16;3500;0,0000;0,0000;0,0000;0,0000;0,0000;0,0000;0;0;0;0
20260614_0639;Adaptação_200;classification;HoeffdingAdaptiveTree;Default_FullFeatures;classifier;classifier;classifier;N/A;N/A;N/A;2000;100;17;3600;0,0000;0,0000;0,0000;0,0000;0,0000;0,0000;0;0;0;0
20260614_0639;Adaptação_200;classification;HoeffdingAdaptiveTree;Default_FullFeatures;classifier;classifier;classifier;N/A;N/A;N/A;2000;100;18;3700;0,0000;0,0000;0,0000;0,0000;0,0000;0,0000;0;0;0;0
20260614_0639;Adaptação_200;classification;HoeffdingAdaptiveTree;Default_FullFeatures;classifier;classifier;classifier;N/A;N/A;N/A;2000;100;19;3800;94,6237;0,0000;100,0000;0,0000;89,7959;0,0000;0;0;5;0
20260614_0639;Adaptação_200;classification;HoeffdingAdaptiveTree;Default_FullFeatures;classifier;classifier;classifier;N/A;N/A;N/A;2000;100;20;3900;98,0892;0,0000;100,0000;0,0000;96,2500;0,0000;0;0;3;0
20260614_0639;Adaptação_200;classification;HoeffdingAdaptiveTree;Default_FullFeatures;classifier;classifier;classifier;N/A;N/A;N/A;2000;100;21;4000;98,9474;0,0000;100,0000;0,0000;97,9167;0,0000;0;0;1;0
20260614_0639;Adaptação_200;classification;HoeffdingAdaptiveTree;Default_FullFeatures;classifier;classifier;classifier;N/A;N/A;N/A;2000;100;22;4100;0,0000;0,0000;0,0000;0,0000;0,0000;0,0000;0;0;0;0
20260614_0639;Adaptação_200;classification;HoeffdingAdaptiveTree;Default_FullFeatures;classifier;classifier;classifier;N/A;N/A;N/A;2000;100;23;4200;0,0000;0,0000;0,0000;0,0000;0,0000;0,0000;1;0;0;0
20260614_0639;Adaptação_200;classification;HoeffdingAdaptiveTree;Default_FullFeatures;classifier;classifier;classifier;N/A;N/A;N/A;2000;100;24;4300;0,0000;0,0000;0,0000;0,0000;0,0000;0,0000;0;0;0;0
20260614_0639;Adaptação_200;classification;HoeffdingAdaptiveTree;Default_FullFeatures;classifier;classifier;classifier;N/A;N/A;N/A;2000;100;25;4400;0,0000;0,0000;0,0000;0,0000;0,0000;0,0000;1;0;0;0
20260614_0639;Adaptação_200;classification;HoeffdingAdaptiveTree;Default_FullFeatures;classifier;classifier;classifier;N/A;N/A;N/A;2000;100;26;4500;0,0000;0,0000;0,0000;0,0000;0,0000;0,0000;0;0;0;0
20260614_0639;Adaptação_200;classification;HoeffdingAdaptiveTree;Default_FullFeatures;classifier;classifier;classifier;N/A;N/A;N/A;2000;100;27;4600;0,0000;0,0000;0,0000;0,0000;0,0000;0,0000;0;0;0;0
20260614_0639;Adaptação_200;classification;HoeffdingAdaptiveTree;Default_FullFeatures;classifier;classifier;classifier;N/A;N/A;N/A;2000;100;28;4700;0,0000;0,0000;0,0000;0,0000;0,0000;0,0000;0;0;0;0
20260614_0639;Adaptação_200;classification;HoeffdingAdaptiveTree;Default_FullFeatures;classifier;classifier;classifier;N/A;N/A;N/A;2000;100;29;4800;0,0000;0,0000;0,0000;0,0000;0,0000;0,0000;1;0;0;0
20260614_0639;Adaptação_200;classification;HoeffdingAdaptiveTree;Default_FullFeatures;classifier;classifier;classifier;N/A;N/A;N/A;2000;100;30;4900;0,0000;0,0000;0,0000;0,0000;0,0000;0,0000;1;0;0;0
20260614_0639;Adaptação_200;classification;HoeffdingAdaptiveTree;Default_FullFeatures;classifier;classifier;classifier;N/A;N/A;N/A;2000;100;31;5000;0,0000;0,0000;0,0000;0,0000;0,0000;0,0000;1;0;0;0
20260614_0639;Adaptação_200;classification;HoeffdingAdaptiveTree;Default_FullFeatures;classifier;classifier;classifier;N/A;N/A;N/A;2000;100;32;5100;0,0000;0,0000;0,0000;0,0000;0,0000;0,0000;0;0;0;0
20260614_0639;Adaptação_200;classification;HoeffdingAdaptiveTree;Default_FullFeatures;classifier;classifier;classifier;N/A;N/A;N/A;2000;100;33;5200;0,0000;0,0000;0,0000;0,0000;0,0000;0,0000;1;0;0;0
20260614_0639;Adaptação_200;classification;HoeffdingAdaptiveTree;Default_FullFeatures;classifier;classifier;classifier;N/A;N/A;N/A;2000;100;34;5300;0,0000;0,0000;0,0000;0,0000;0,0000;0,0000;0;0;0;0
20260614_0639;Adaptação_200;classification;HoeffdingAdaptiveTree;Default_FullFeatures;classifier;classifier;classifier;N/A;N/A;N/A;2000;100;35;5400;0,0000;0,0000;0,0000;0,0000;0,0000;0,0000;0;0;0;0
20260614_0639;Adaptação_200;classification;HoeffdingAdaptiveTree;Default_FullFeatures;classifier;classifier;classifier;N/A;N/A;N/A;2000;100;36;5500;0,0000;0,0000;0,0000;0,0000;0,0000;0,0000;0;0;0;0
20260614_0639;Adaptação_200;classification;HoeffdingAdaptiveTree;Default_FullFeatures;classifier;classifier;classifier;N/A;N/A;N/A;2000;100;37;5600;0,0000;0,0000;0,0000;0,0000;0,0000;0,0000;0;0;0;0
20260614_0639;Adaptação_200;classification;HoeffdingAdaptiveTree;Default_FullFeatures;classifier;classifier;classifier;N/A;N/A;N/A;2000;100;38;5700;0,0000;0,0000;0,0000;0,0000;0,0000;0,0000;0;0;0;0
20260614_0639;Adaptação_200;classification;HoeffdingAdaptiveTree;Default_FullFeatures;classifier;classifier;classifier;N/A;N/A;N/A;2000;100;39;5800;0,0000;0,0000;0,0000;0,0000;0,0000;0,0000;0;0;0;0
20260614_0639;Adaptação_200;classification;HoeffdingAdaptiveTree;Default_FullFeatures;classifier;classifier;classifier;N/A;N/A;N/A;2000;100;40;5900;0,0000;0,0000;0,0000;0,0000;0,0000;0,0000;0;0;0;0
20260614_0639;Adaptação_200;classification;HoeffdingAdaptiveTree;Default_FullFeatures;classifier;classifier;classifier;N/A;N/A;N/A;2000;100;41;6000;0,0000;0,0000;0,0000;0,0000;0,0000;0,0000;0;0;0;0
20260614_0639;Adaptação_200;classification;HoeffdingAdaptiveTree;Default_FullFeatures;classifier;classifier;classifier;N/A;N/A;N/A;2000;100;42;6100;0,0000;0,0000;0,0000;0,0000;0,0000;0,0000;0;0;0;0
20260614_0639;Adaptação_200;classification;HoeffdingAdaptiveTree;Default_FullFeatures;classifier;classifier;classifier;N/A;N/A;N/A;2000;100;43;6200;0,0000;0,0000;0,0000;0,0000;0,0000;0,0000;0;0;0;0
20260614_0639;Adaptação_200;classification;HoeffdingAdaptiveTree;Default_FullFeatures;classifier;classifier;classifier;N/A;N/A;N/A;2000;100;44;6300;0,0000;0,0000;0,0000;0,0000;0,0000;0,0000;0;0;0;0
20260614_0639;Adaptação_200;classification;HoeffdingAdaptiveTree;Default_FullFeatures;classifier;classifier;classifier;N/A;N/A;N/A;2000;100;45;6400;0,0000;0,0000;0,0000;0,0000;0,0000;0,0000;0;0;0;0
20260614_0639;Adaptação_200;classification;HoeffdingAdaptiveTree;Default_FullFeatures;classifier;classifier;classifier;N/A;N/A;N/A;2000;100;46;6500;0,0000;0,0000;0,0000;0,0000;0,0000;0,0000;0;0;0;0
20260614_0639;Adaptação_200;classification;HoeffdingAdaptiveTree;Default_FullFeatures;classifier;classifier;classifier;N/A;N/A;N/A;2000;100;47;6600;0,0000;0,0000;0,0000;0,0000;0,0000;0,0000;0;0;0;0
20260614_0639;Adaptação_200;classification;HoeffdingAdaptiveTree;Default_FullFeatures;classifier;classifier;classifier;N/A;N/A;N/A;2000;100;48;6700;0,0000;0,0000;0,0000;0,0000;0,0000;0,0000;0;0;0;0
20260614_0639;Adaptação_200;classification;HoeffdingAdaptiveTree;Default_FullFeatures;classifier;classifier;classifier;N/A;N/A;N/A;2000;100;49;6800;0,0000;0,0000;0,0000;0,0000;0,0000;0,0000;0;0;0;0
20260614_0639;Adaptação_200;classification;HoeffdingAdaptiveTree;Default_FullFeatures;classifier;classifier;classifier;N/A;N/A;N/A;2000;100;50;6900;0,0000;0,0000;0,0000;0,0000;0,0000;0,0000;0;0;0;0
20260614_0639;Adaptação_200;classification;HoeffdingAdaptiveTree;Default_FullFeatures;classifier;classifier;classifier;N/A;N/A;N/A;2000;100;51;7000;0,0000;0,0000;0,0000;0,0000;0,0000;0,0000;0;0;0;0
20260614_0639;Adaptação_200;classification;HoeffdingAdaptiveTree;Default_FullFeatures;classifier;classifier;classifier;N/A;N/A;N/A;2000;100;52;7100;0,0000;0,0000;0,0000;0,0000;0,0000;0,0000;0;0;0;0
20260614_0639;Adaptação_200;classification;HoeffdingAdaptiveTree;Default_FullFeatures;classifier;classifier;classifier;N/A;N/A;N/A;2000;100;53;7200;0,0000;0,0000;0,0000;0,0000;0,0000;0,0000;0;0;0;0
20260614_0639;Adaptação_200;classification;HoeffdingAdaptiveTree;Default_FullFeatures;classifier;classifier;classifier;N/A;N/A;N/A;2000;100;54;7300;0,0000;0,0000;0,0000;0,0000;0,0000;0,0000;0;0;0;0
20260614_0639;Adaptação_200;classification;HoeffdingAdaptiveTree;Default_FullFeatures;classifier;classifier;classifier;N/A;N/A;N/A;2000;100;55;7400;0,0000;0,0000;0,0000;0,0000;0,0000;0,0000;0;0;0;0
20260614_0639;Adaptação_200;classification;HoeffdingAdaptiveTree;Default_FullFeatures;classifier;classifier;classifier;N/A;N/A;N/A;2000;100;56;7500;0,0000;0,0000;0,0000;0,0000;0,0000;0,0000;0;0;0;0
20260614_0639;Adaptação_200;classification;HoeffdingAdaptiveTree;Default_FullFeatures;classifier;classifier;classifier;N/A;N/A;N/A;2000;100;57;7600;0,0000;0,0000;0,0000;0,0000;0,0000;0,0000;0;0;0;0
20260614_0639;Adaptação_200;classification;HoeffdingAdaptiveTree;Default_FullFeatures;classifier;classifier;classifier;N/A;N/A;N/A;2000;100;58;7700;0,0000;0,0000;0,0000;0,0000;0,0000;0,0000;0;0;1;0
20260614_0639;Adaptação_200;classification;HoeffdingAdaptiveTree;Default_FullFeatures;classifier;classifier;classifier;N/A;N/A;N/A;2000;100;59;7800;95,1872;0,0000;100,0000;0,0000;90,8163;0,0000;0;0;9;0
20260614_0639;Adaptação_200;classification;HoeffdingAdaptiveTree;Default_FullFeatures;classifier;classifier;classifier;N/A;N/A;N/A;2000;100;60;7900;100,0000;0,0000;100,0000;0,0000;100,0000;0,0000;0;0;0;0
20260614_0639;Adaptação_200;classification;HoeffdingAdaptiveTree;Default_FullFeatures;classifier;classifier;classifier;N/A;N/A;N/A;2000;100;61;8000;0,0000;0,0000;0,0000;0,0000;0,0000;0,0000;7;0;0;0
20260614_0639;Adaptação_200;classification;HoeffdingAdaptiveTree;Default_FullFeatures;classifier;classifier;classifier;N/A;N/A;N/A;2000;100;62;8100;0,0000;0,0000;0,0000;0,0000;0,0000;0,0000;0;0;0;0
20260614_0639;Adaptação_200;classification;HoeffdingAdaptiveTree;Default_FullFeatures;classifier;classifier;classifier;N/A;N/A;N/A;2000;100;63;8200;0,0000;0,0000;0,0000;0,0000;0,0000;0,0000;0;0;0;0
20260614_0639;Adaptação_200;classification;HoeffdingAdaptiveTree;Default_FullFeatures;classifier;classifier;classifier;N/A;N/A;N/A;2000;100;64;8300;0,0000;0,0000;0,0000;0,0000;0,0000;0,0000;0;0;0;0
20260614_0639;Adaptação_200;classification;HoeffdingAdaptiveTree;Default_FullFeatures;classifier;classifier;classifier;N/A;N/A;N/A;2000;100;65;8400;0,0000;0,0000;0,0000;0,0000;0,0000;0,0000;0;0;0;0
20260614_0639;Adaptação_200;classification;HoeffdingAdaptiveTree;Default_FullFeatures;classifier;classifier;classifier;N/A;N/A;N/A;2000;100;66;8500;0,0000;0,0000;0,0000;0,0000;0,0000;0,0000;0;0;0;0
20260614_0639;Adaptação_200;classification;HoeffdingAdaptiveTree;Default_FullFeatures;classifier;classifier;classifier;N/A;N/A;N/A;2000;100;67;8600;0,0000;0,0000;0,0000;0,0000;0,0000;0,0000;0;0;0;0
20260614_0639;Adaptação_200;classification;HoeffdingAdaptiveTree;Default_FullFeatures;classifier;classifier;classifier;N/A;N/A;N/A;2000;100;68;8700;0,0000;0,0000;0,0000;0,0000;0,0000;0,0000;0;0;0;0
20260614_0639;Adaptação_200;classification;HoeffdingAdaptiveTree;Default_FullFeatures;classifier;classifier;classifier;N/A;N/A;N/A;2000;100;69;8800;0,0000;0,0000;0,0000;0,0000;0,0000;0,0000;0;0;0;0
20260614_0639;Adaptação_200;classification;HoeffdingAdaptiveTree;Default_FullFeatures;classifier;classifier;classifier;N/A;N/A;N/A;2000;100;70;8900;0,0000;0,0000;0,0000;0,0000;0,0000;0,0000;0;0;0;0
20260614_0639;Adaptação_200;classification;HoeffdingAdaptiveTree;Default_FullFeatures;classifier;classifier;classifier;N/A;N/A;N/A;2000;100;71;9000;0,0000;0,0000;0,0000;0,0000;0,0000;0,0000;0;0;0;0
20260614_0639;Adaptação_200;classification;HoeffdingAdaptiveTree;Default_FullFeatures;classifier;classifier;classifier;N/A;N/A;N/A;2000;100;72;9100;0,0000;0,0000;0,0000;0,0000;0,0000;0,0000;0;0;0;0
20260614_0639;Adaptação_200;classification;HoeffdingAdaptiveTree;Default_FullFeatures;classifier;classifier;classifier;N/A;N/A;N/A;2000;100;73;9200;0,0000;0,0000;0,0000;0,0000;0,0000;0,0000;0;0;0;0
20260614_0639;Adaptação_200;classification;HoeffdingAdaptiveTree;Default_FullFeatures;classifier;classifier;classifier;N/A;N/A;N/A;2000;100;74;9300;0,0000;0,0000;0,0000;0,0000;0,0000;0,0000;0;0;0;0
20260614_0639;Adaptação_200;classification;HoeffdingAdaptiveTree;Default_FullFeatures;classifier;classifier;classifier;N/A;N/A;N/A;2000;100;75;9400;0,0000;0,0000;0,0000;0,0000;0,0000;0,0000;0;0;0;0
20260614_0639;Adaptação_200;classification;HoeffdingAdaptiveTree;Default_FullFeatures;classifier;classifier;classifier;N/A;N/A;N/A;2000;100;76;9500;0,0000;0,0000;0,0000;0,0000;0,0000;0,0000;0;0;0;0
20260614_0639;Adaptação_200;classification;HoeffdingAdaptiveTree;Default_FullFeatures;classifier;classifier;classifier;N/A;N/A;N/A;2000;100;77;9600;0,0000;0,0000;0,0000;0,0000;0,0000;0,0000;0;0;0;0
20260614_0639;Adaptação_200;classification;HoeffdingAdaptiveTree;Default_FullFeatures;classifier;classifier;classifier;N/A;N/A;N/A;2000;100;78;9700;0,0000;0,0000;0,0000;0,0000;0,0000;0,0000;0;0;0;0
20260614_0639;Adaptação_200;classification;HoeffdingAdaptiveTree;Default_FullFeatures;classifier;classifier;classifier;N/A;N/A;N/A;2000;100;79;9800;0,0000;0,0000;0,0000;0,0000;0,0000;0,0000;0;0;0;0
20260614_0639;Adaptação_200;classification;HoeffdingAdaptiveTree;Default_FullFeatures;classifier;classifier;classifier;N/A;N/A;N/A;2000;100;80;9900;0,0000;0,0000;0,0000;0,0000;0,0000;0,0000;0;0;0;0
20260614_0639;Adaptação_200;classification;HoeffdingAdaptiveTree;Default_FullFeatures;classifier;classifier;classifier;N/A;N/A;N/A;2000;100;81;10000;0,0000;0,0000;0,0000;0,0000;0,0000;0,0000;0;0;0;0
20260614_0639;Adaptação_200;classification;HoeffdingAdaptiveTree;Default_FullFeatures;classifier;classifier;classifier;N/A;N/A;N/A;2000;100;82;10100;0,0000;0,0000;0,0000;0,0000;0,0000;0,0000;0;0;0;0
20260614_0639;Adaptação_200;classification;HoeffdingAdaptiveTree;Default_FullFeatures;classifier;classifier;classifier;N/A;N/A;N/A;2000;100;83;10200;0,0000;0,0000;0,0000;0,0000;0,0000;0,0000;0;0;0;0
20260614_0639;Adaptação_200;classification;HoeffdingAdaptiveTree;Default_FullFeatures;classifier;classifier;classifier;N/A;N/A;N/A;2000;100;84;10300;0,0000;0,0000;0,0000;0,0000;0,0000;0,0000;0;0;0;0
20260614_0639;Adaptação_200;classification;HoeffdingAdaptiveTree;Default_FullFeatures;classifier;classifier;classifier;N/A;N/A;N/A;2000;100;85;10400;0,0000;0,0000;0,0000;0,0000;0,0000;0,0000;0;0;0;0
20260614_0639;Adaptação_200;classification;HoeffdingAdaptiveTree;Default_FullFeatures;classifier;classifier;classifier;N/A;N/A;N/A;2000;100;86;10500;0,0000;0,0000;0,0000;0,0000;0,0000;0,0000;0;0;0;0
20260614_0639;Adaptação_200;classification;HoeffdingAdaptiveTree;Default_FullFeatures;classifier;classifier;classifier;N/A;N/A;N/A;2000;100;87;10600;0,0000;0,0000;0,0000;0,0000;0,0000;0,0000;0;0;0;0
20260614_0639;Adaptação_200;classification;HoeffdingAdaptiveTree;Default_FullFeatures;classifier;classifier;classifier;N/A;N/A;N/A;2000;100;88;10700;0,0000;0,0000;0,0000;0,0000;0,0000;0,0000;0;0;0;0
20260614_0639;Adaptação_200;classification;HoeffdingAdaptiveTree;Default_FullFeatures;classifier;classifier;classifier;N/A;N/A;N/A;2000;100;89;10800;0,0000;0,0000;0,0000;0,0000;0,0000;0,0000;0;0;0;0
20260614_0639;Adaptação_200;classification;HoeffdingAdaptiveTree;Default_FullFeatures;classifier;classifier;classifier;N/A;N/A;N/A;2000;100;90;10900;0,0000;0,0000;0,0000;0,0000;0,0000;0,0000;0;0;0;0
20260614_0639;Adaptação_200;classification;HoeffdingAdaptiveTree;Default_FullFeatures;classifier;classifier;classifier;N/A;N/A;N/A;2000;100;91;11000;0,0000;0,0000;0,0000;0,0000;0,0000;0,0000;0;0;0;0
20260614_0639;Adaptação_200;classification;HoeffdingAdaptiveTree;Default_FullFeatures;classifier;classifier;classifier;N/A;N/A;N/A;2000;100;92;11100;0,0000;0,0000;0,0000;0,0000;0,0000;0,0000;0;0;0;0
20260614_0639;Adaptação_200;classification;HoeffdingAdaptiveTree;Default_FullFeatures;classifier;classifier;classifier;N/A;N/A;N/A;2000;100;93;11200;0,0000;0,0000;0,0000;0,0000;0,0000;0,0000;0;0;0;0
20260614_0639;Adaptação_200;classification;HoeffdingAdaptiveTree;Default_FullFeatures;classifier;classifier;classifier;N/A;N/A;N/A;2000;100;94;11300;0,0000;0,0000;0,0000;0,0000;0,0000;0,0000;0;0;0;0
20260614_0639;Adaptação_200;classification;HoeffdingAdaptiveTree;Default_FullFeatures;classifier;classifier;classifier;N/A;N/A;N/A;2000;100;95;11400;0,0000;0,0000;0,0000;0,0000;0,0000;0,0000;0;0;0;0
20260614_0639;Adaptação_200;classification;HoeffdingAdaptiveTree;Default_FullFeatures;classifier;classifier;classifier;N/A;N/A;N/A;2000;100;96;11500;0,0000;0,0000;0,0000;0,0000;0,0000;0,0000;0;0;0;0
20260614_0639;Adaptação_200;classification;HoeffdingAdaptiveTree;Default_FullFeatures;classifier;classifier;classifier;N/A;N/A;N/A;2000;100;97;11600;0,0000;0,0000;0,0000;0,0000;0,0000;0,0000;0;0;0;0
20260614_0639;Adaptação_200;classification;HoeffdingAdaptiveTree;Default_FullFeatures;classifier;classifier;classifier;N/A;N/A;N/A;2000;100;98;11700;92,4731;0,0000;100,0000;0,0000;86,0000;0,0000;0;0;7;0
20260614_0639;Adaptação_200;classification;HoeffdingAdaptiveTree;Default_FullFeatures;classifier;classifier;classifier;N/A;N/A;N/A;2000;100;99;11800;98,9474;0,0000;100,0000;0,0000;97,9167;0,0000;0;0;2;0
20260614_0639;Adaptação_200;classification;HoeffdingAdaptiveTree;Default_FullFeatures;classifier;classifier;classifier;N/A;N/A;N/A;2000;100;100;11900;98,9691;0,0000;100,0000;0,0000;97,9592;0,0000;0;0;1;0
20260614_0639;Adaptação_200;classification;HoeffdingAdaptiveTree;Default_FullFeatures;classifier;classifier;classifier;N/A;N/A;N/A;2000;100;101;12000;0,0000;0,0000;0,0000;0,0000;0,0000;0,0000;0;0;0;0
20260614_0639;Adaptação_200;classification;HoeffdingAdaptiveTree;Default_FullFeatures;classifier;classifier;classifier;N/A;N/A;N/A;2000;100;102;12100;0,0000;0,0000;0,0000;0,0000;0,0000;0,0000;2;0;0;0
20260614_0639;Adaptação_200;classification;HoeffdingAdaptiveTree;Default_FullFeatures;classifier;classifier;classifier;N/A;N/A;N/A;2000;100;103;12200;0,0000;0,0000;0,0000;0,0000;0,0000;0,0000;0;0;0;0
20260614_0639;Adaptação_200;classification;HoeffdingAdaptiveTree;Default_FullFeatures;classifier;classifier;classifier;N/A;N/A;N/A;2000;100;104;12300;0,0000;0,0000;0,0000;0,0000;0,0000;0,0000;1;0;0;0
20260614_0639;Adaptação_200;classification;HoeffdingAdaptiveTree;Default_FullFeatures;classifier;classifier;classifier;N/A;N/A;N/A;2000;100;105;12400;0,0000;0,0000;0,0000;0,0000;0,0000;0,0000;0;0;0;0
20260614_0639;Adaptação_200;classification;HoeffdingAdaptiveTree;Default_FullFeatures;classifier;classifier;classifier;N/A;N/A;N/A;2000;100;106;12500;0,0000;0,0000;0,0000;0,0000;0,0000;0,0000;1;0;0;0
20260614_0639;Adaptação_200;classification;HoeffdingAdaptiveTree;Default_FullFeatures;classifier;classifier;classifier;N/A;N/A;N/A;2000;100;107;12600;0,0000;0,0000;0,0000;0,0000;0,0000;0,0000;0;0;0;0
20260614_0639;Adaptação_200;classification;HoeffdingAdaptiveTree;Default_FullFeatures;classifier;classifier;classifier;N/A;N/A;N/A;2000;100;108;12700;0,0000;0,0000;0,0000;0,0000;0,0000;0,0000;0;0;0;0
20260614_0639;Adaptação_200;classification;HoeffdingAdaptiveTree;Default_FullFeatures;classifier;classifier;classifier;N/A;N/A;N/A;2000;100;109;12800;0,0000;0,0000;0,0000;0,0000;0,0000;0,0000;0;0;0;0
20260614_0639;Adaptação_200;classification;HoeffdingAdaptiveTree;Default_FullFeatures;classifier;classifier;classifier;N/A;N/A;N/A;2000;100;110;12900;0,0000;0,0000;0,0000;0,0000;0,0000;0,0000;1;0;0;0
20260614_0639;Adaptação_200;classification;HoeffdingAdaptiveTree;Default_FullFeatures;classifier;classifier;classifier;N/A;N/A;N/A;2000;100;111;13000;0,0000;0,0000;0,0000;0,0000;0,0000;0,0000;0;0;0;0
20260614_0639;Adaptação_200;classification;HoeffdingAdaptiveTree;Default_FullFeatures;classifier;classifier;classifier;N/A;N/A;N/A;2000;100;112;13100;0,0000;0,0000;0,0000;0,0000;0,0000;0,0000;0;0;0;0
20260614_0639;Adaptação_200;classification;HoeffdingAdaptiveTree;Default_FullFeatures;classifier;classifier;classifier;N/A;N/A;N/A;2000;100;113;13200;0,0000;0,0000;0,0000;0,0000;0,0000;0,0000;0;0;0;0
20260614_0639;Adaptação_200;classification;HoeffdingAdaptiveTree;Default_FullFeatures;classifier;classifier;classifier;N/A;N/A;N/A;2000;100;114;13300;0,0000;0,0000;0,0000;0,0000;0,0000;0,0000;1;0;0;0
20260614_0639;Adaptação_200;classification;HoeffdingAdaptiveTree;Default_FullFeatures;classifier;classifier;classifier;N/A;N/A;N/A;2000;100;115;13400;0,0000;0,0000;0,0000;0,0000;0,0000;0,0000;0;0;0;0
20260614_0639;Adaptação_200;classification;HoeffdingAdaptiveTree;Default_FullFeatures;classifier;classifier;classifier;N/A;N/A;N/A;2000;100;116;13500;0,0000;0,0000;0,0000;0,0000;0,0000;0,0000;1;0;0;0
20260614_0639;Adaptação_200;classification;HoeffdingAdaptiveTree;Default_FullFeatures;classifier;classifier;classifier;N/A;N/A;N/A;2000;100;117;13600;0,0000;0,0000;0,0000;0,0000;0,0000;0,0000;0;0;0;0
20260614_0639;Adaptação_200;classification;HoeffdingAdaptiveTree;Default_FullFeatures;classifier;classifier;classifier;N/A;N/A;N/A;2000;100;118;13700;0,0000;0,0000;0,0000;0,0000;0,0000;0,0000;0;0;0;0
20260614_0639;Adaptação_200;classification;HoeffdingAdaptiveTree;Default_FullFeatures;classifier;classifier;classifier;N/A;N/A;N/A;2000;100;119;13800;0,0000;0,0000;0,0000;0,0000;0,0000;0,0000;0;0;0;0
20260614_0639;Adaptação_200;classification;HoeffdingAdaptiveTree;Default_FullFeatures;classifier;classifier;classifier;N/A;N/A;N/A;2000;100;120;13900;0,0000;0,0000;0,0000;0,0000;0,0000;0,0000;1;0;0;0
20260614_0639;Adaptação_200;classification;HoeffdingAdaptiveTree;Default_FullFeatures;classifier;classifier;classifier;N/A;N/A;N/A;2000;100;121;14000;0,0000;0,0000;0,0000;0,0000;0,0000;0,0000;1;0;0;0
20260614_0639;Adaptação_200;classification;HoeffdingAdaptiveTree;Default_FullFeatures;classifier;classifier;classifier;N/A;N/A;N/A;2000;100;122;14100;0,0000;0,0000;0,0000;0,0000;0,0000;0,0000;0;0;0;0
20260614_0639;Adaptação_200;classification;HoeffdingAdaptiveTree;Default_FullFeatures;classifier;classifier;classifier;N/A;N/A;N/A;2000;100;123;14200;0,0000;0,0000;0,0000;0,0000;0,0000;0,0000;0;0;0;0
20260614_0639;Adaptação_200;classification;HoeffdingAdaptiveTree;Default_FullFeatures;classifier;classifier;classifier;N/A;N/A;N/A;2000;100;124;14300;0,0000;0,0000;0,0000;0,0000;0,0000;0,0000;0;0;0;0
20260614_0639;Adaptação_200;classification;HoeffdingAdaptiveTree;Default_FullFeatures;classifier;classifier;classifier;N/A;N/A;N/A;2000;100;125;14400;0,0000;0,0000;0,0000;0,0000;0,0000;0,0000;0;0;0;0
20260614_0639;Adaptação_200;classification;HoeffdingAdaptiveTree;Default_FullFeatures;classifier;classifier;classifier;N/A;N/A;N/A;2000;100;126;14500;0,0000;0,0000;0,0000;0,0000;0,0000;0,0000;0;0;0;0
20260614_0639;Adaptação_200;classification;HoeffdingAdaptiveTree;Default_FullFeatures;classifier;classifier;classifier;N/A;N/A;N/A;2000;100;127;14600;0,0000;0,0000;0,0000;0,0000;0,0000;0,0000;0;0;0;0
20260614_0639;Adaptação_200;classification;HoeffdingAdaptiveTree;Default_FullFeatures;classifier;classifier;classifier;N/A;N/A;N/A;2000;100;128;14700;0,0000;0,0000;0,0000;0,0000;0,0000;0,0000;0;0;0;0
20260614_0639;Adaptação_200;classification;HoeffdingAdaptiveTree;Default_FullFeatures;classifier;classifier;classifier;N/A;N/A;N/A;2000;100;129;14800;0,0000;0,0000;0,0000;0,0000;0,0000;0,0000;0;0;0;0
20260614_0639;Adaptação_200;classification;HoeffdingAdaptiveTree;Default_FullFeatures;classifier;classifier;classifier;N/A;N/A;N/A;2000;100;130;14900;0,0000;0,0000;0,0000;0,0000;0,0000;0,0000;0;0;0;0
20260614_0639;Adaptação_200;classification;HoeffdingAdaptiveTree;Default_FullFeatures;classifier;classifier;classifier;N/A;N/A;N/A;2000;100;131;15000;0,0000;0,0000;0,0000;0,0000;0,0000;0,0000;0;0;0;0
20260614_0639;Adaptação_200;classification;HoeffdingAdaptiveTree;Default_FullFeatures;classifier;classifier;classifier;N/A;N/A;N/A;2000;100;132;15100;0,0000;0,0000;0,0000;0,0000;0,0000;0,0000;0;0;0;0
20260614_0639;Adaptação_200;classification;HoeffdingAdaptiveTree;Default_FullFeatures;classifier;classifier;classifier;N/A;N/A;N/A;2000;100;133;15200;0,0000;0,0000;0,0000;0,0000;0,0000;0,0000;0;0;0;0
20260614_0639;Adaptação_200;classification;HoeffdingAdaptiveTree;Default_FullFeatures;classifier;classifier;classifier;N/A;N/A;N/A;2000;100;134;15300;0,0000;0,0000;0,0000;0,0000;0,0000;0,0000;0;0;0;0
20260614_0639;Adaptação_200;classification;HoeffdingAdaptiveTree;Default_FullFeatures;classifier;classifier;classifier;N/A;N/A;N/A;2000;100;135;15400;0,0000;0,0000;0,0000;0,0000;0,0000;0,0000;0;0;0;0
20260614_0639;Adaptação_200;classification;HoeffdingAdaptiveTree;Default_FullFeatures;classifier;classifier;classifier;N/A;N/A;N/A;2000;100;136;15500;0,0000;0,0000;0,0000;0,0000;0,0000;0,0000;0;0;0;0
20260614_0639;Adaptação_1000;classification;HoeffdingAdaptiveTree;Default_FullFeatures;classifier;classifier;classifier;N/A;N/A;N/A;2000;100;1;2000;0,0000;0,0000;0,0000;0,0000;0,0000;0,0000;0;0;0;0
20260614_0639;Adaptação_1000;classification;HoeffdingAdaptiveTree;Default_FullFeatures;classifier;classifier;classifier;N/A;N/A;N/A;2000;100;2;2100;0,0000;0,0000;0,0000;0,0000;0,0000;0,0000;0;0;0;0
20260614_0639;Adaptação_1000;classification;HoeffdingAdaptiveTree;Default_FullFeatures;classifier;classifier;classifier;N/A;N/A;N/A;2000;100;3;2200;0,0000;0,0000;0,0000;0,0000;0,0000;0,0000;0;0;0;0
20260614_0639;Adaptação_1000;classification;HoeffdingAdaptiveTree;Default_FullFeatures;classifier;classifier;classifier;N/A;N/A;N/A;2000;100;4;2300;0,0000;0,0000;0,0000;0,0000;0,0000;0,0000;0;0;0;0
20260614_0639;Adaptação_1000;classification;HoeffdingAdaptiveTree;Default_FullFeatures;classifier;classifier;classifier;N/A;N/A;N/A;2000;100;5;2400;0,0000;0,0000;0,0000;0,0000;0,0000;0,0000;0;0;0;0
20260614_0639;Adaptação_1000;classification;HoeffdingAdaptiveTree;Default_FullFeatures;classifier;classifier;classifier;N/A;N/A;N/A;2000;100;6;2500;0,0000;0,0000;0,0000;0,0000;0,0000;0,0000;0;0;0;0
20260614_0639;Adaptação_1000;classification;HoeffdingAdaptiveTree;Default_FullFeatures;classifier;classifier;classifier;N/A;N/A;N/A;2000;100;7;2600;0,0000;0,0000;0,0000;0,0000;0,0000;0,0000;0;0;0;0
20260614_0639;Adaptação_1000;classification;HoeffdingAdaptiveTree;Default_FullFeatures;classifier;classifier;classifier;N/A;N/A;N/A;2000;100;8;2700;0,0000;0,0000;0,0000;0,0000;0,0000;0,0000;0;0;0;0
20260614_0639;Adaptação_1000;classification;HoeffdingAdaptiveTree;Default_FullFeatures;classifier;classifier;classifier;N/A;N/A;N/A;2000;100;9;2800;0,0000;0,0000;0,0000;0,0000;0,0000;0,0000;0;0;0;0
20260614_0639;Adaptação_1000;classification;HoeffdingAdaptiveTree;Default_FullFeatures;classifier;classifier;classifier;N/A;N/A;N/A;2000;100;10;2900;0,0000;0,0000;0,0000;0,0000;0,0000;0,0000;0;0;0;0
20260614_0639;Adaptação_1000;classification;HoeffdingAdaptiveTree;Default_FullFeatures;classifier;classifier;classifier;N/A;N/A;N/A;2000;100;11;3000;0,0000;0,0000;0,0000;0,0000;0,0000;0,0000;0;0;0;0
20260614_0639;Adaptação_1000;classification;HoeffdingAdaptiveTree;Default_FullFeatures;classifier;classifier;classifier;N/A;N/A;N/A;2000;100;12;3100;0,0000;0,0000;0,0000;0,0000;0,0000;0,0000;0;0;0;0
20260614_0639;Adaptação_1000;classification;HoeffdingAdaptiveTree;Default_FullFeatures;classifier;classifier;classifier;N/A;N/A;N/A;2000;100;13;3200;0,0000;0,0000;0,0000;0,0000;0,0000;0,0000;0;0;0;0
20260614_0639;Adaptação_1000;classification;HoeffdingAdaptiveTree;Default_FullFeatures;classifier;classifier;classifier;N/A;N/A;N/A;2000;100;14;3300;0,0000;0,0000;0,0000;0,0000;0,0000;0,0000;0;0;0;0
20260614_0639;Adaptação_1000;classification;HoeffdingAdaptiveTree;Default_FullFeatures;classifier;classifier;classifier;N/A;N/A;N/A;2000;100;15;3400;0,0000;0,0000;0,0000;0,0000;0,0000;0,0000;0;0;0;0
20260614_0639;Adaptação_1000;classification;HoeffdingAdaptiveTree;Default_FullFeatures;classifier;classifier;classifier;N/A;N/A;N/A;2000;100;16;3500;0,0000;0,0000;0,0000;0,0000;0,0000;0,0000;0;0;0;0
20260614_0639;Adaptação_1000;classification;HoeffdingAdaptiveTree;Default_FullFeatures;classifier;classifier;classifier;N/A;N/A;N/A;2000;100;17;3600;0,0000;0,0000;0,0000;0,0000;0,0000;0,0000;0;0;0;0
20260614_0639;Adaptação_1000;classification;HoeffdingAdaptiveTree;Default_FullFeatures;classifier;classifier;classifier;N/A;N/A;N/A;2000;100;18;3700;0,0000;0,0000;0,0000;0,0000;0,0000;0,0000;0;0;0;0
20260614_0639;Adaptação_1000;classification;HoeffdingAdaptiveTree;Default_FullFeatures;classifier;classifier;classifier;N/A;N/A;N/A;2000;100;19;3800;94,6237;0,0000;100,0000;0,0000;89,7959;0,0000;0;0;5;0
20260614_0639;Adaptação_1000;classification;HoeffdingAdaptiveTree;Default_FullFeatures;classifier;classifier;classifier;N/A;N/A;N/A;2000;100;20;3900;98,0892;0,0000;100,0000;0,0000;96,2500;0,0000;0;0;3;0
20260614_0639;Adaptação_1000;classification;HoeffdingAdaptiveTree;Default_FullFeatures;classifier;classifier;classifier;N/A;N/A;N/A;2000;100;21;4000;99,4872;0,0000;100,0000;0,0000;98,9796;0,0000;0;0;1;0
20260614_0639;Adaptação_1000;classification;HoeffdingAdaptiveTree;Default_FullFeatures;classifier;classifier;classifier;N/A;N/A;N/A;2000;100;22;4100;100,0000;0,0000;100,0000;0,0000;100,0000;0,0000;0;0;0;0
20260614_0639;Adaptação_1000;classification;HoeffdingAdaptiveTree;Default_FullFeatures;classifier;classifier;classifier;N/A;N/A;N/A;2000;100;23;4200;98,9796;0,0000;100,0000;0,0000;97,9798;0,0000;0;0;2;0
20260614_0639;Adaptação_1000;classification;HoeffdingAdaptiveTree;Default_FullFeatures;classifier;classifier;classifier;N/A;N/A;N/A;2000;100;24;4300;96,1832;0,0000;96,9231;0,0000;95,4545;0,0000;2;0;3;0
20260614_0639;Adaptação_1000;classification;HoeffdingAdaptiveTree;Default_FullFeatures;classifier;classifier;classifier;N/A;N/A;N/A;2000;100;25;4400;91,6667;0,0000;88,0000;0,0000;95,6522;0,0000;3;0;1;0
20260614_0639;Adaptação_1000;classification;HoeffdingAdaptiveTree;Default_FullFeatures;classifier;classifier;classifier;N/A;N/A;N/A;2000;100;26;4500;84,6154;0,0000;91,6667;0,0000;78,5714;0,0000;1;0;3;0
20260614_0639;Adaptação_1000;classification;HoeffdingAdaptiveTree;Default_FullFeatures;classifier;classifier;classifier;N/A;N/A;N/A;2000;100;27;4600;97,5904;0,0000;100,0000;0,0000;95,2941;0,0000;0;0;4;0
20260614_0639;Adaptação_1000;classification;HoeffdingAdaptiveTree;Default_FullFeatures;classifier;classifier;classifier;N/A;N/A;N/A;2000;100;28;4700;88,0000;0,0000;91,6667;0,0000;84,6154;0,0000;1;0;2;0
20260614_0639;Adaptação_1000;classification;HoeffdingAdaptiveTree;Default_FullFeatures;classifier;classifier;classifier;N/A;N/A;N/A;2000;100;29;4800;100,0000;0,0000;100,0000;0,0000;100,0000;0,0000;0;0;0;0
20260614_0639;Adaptação_1000;classification;HoeffdingAdaptiveTree;Default_FullFeatures;classifier;classifier;classifier;N/A;N/A;N/A;2000;100;30;4900;0,0000;0,0000;0,0000;0,0000;0,0000;0,0000;0;0;0;0
20260614_0639;Adaptação_1000;classification;HoeffdingAdaptiveTree;Default_FullFeatures;classifier;classifier;classifier;N/A;N/A;N/A;2000;100;31;5000;0,0000;0,0000;0,0000;0,0000;0,0000;0,0000;1;0;0;0
20260614_0639;Adaptação_1000;classification;HoeffdingAdaptiveTree;Default_FullFeatures;classifier;classifier;classifier;N/A;N/A;N/A;2000;100;32;5100;0,0000;0,0000;0,0000;0,0000;0,0000;0,0000;0;0;0;0
20260614_0639;Adaptação_1000;classification;HoeffdingAdaptiveTree;Default_FullFeatures;classifier;classifier;classifier;N/A;N/A;N/A;2000;100;33;5200;0,0000;0,0000;0,0000;0,0000;0,0000;0,0000;1;0;0;0
20260614_0639;Adaptação_1000;classification;HoeffdingAdaptiveTree;Default_FullFeatures;classifier;classifier;classifier;N/A;N/A;N/A;2000;100;34;5300;0,0000;0,0000;0,0000;0,0000;0,0000;0,0000;0;0;0;0
20260614_0639;Adaptação_1000;classification;HoeffdingAdaptiveTree;Default_FullFeatures;classifier;classifier;classifier;N/A;N/A;N/A;2000;100;35;5400;0,0000;0,0000;0,0000;0,0000;0,0000;0,0000;0;0;0;0
20260614_0639;Adaptação_1000;classification;HoeffdingAdaptiveTree;Default_FullFeatures;classifier;classifier;classifier;N/A;N/A;N/A;2000;100;36;5500;0,0000;0,0000;0,0000;0,0000;0,0000;0,0000;0;0;0;0
20260614_0639;Adaptação_1000;classification;HoeffdingAdaptiveTree;Default_FullFeatures;classifier;classifier;classifier;N/A;N/A;N/A;2000;100;37;5600;0,0000;0,0000;0,0000;0,0000;0,0000;0,0000;1;0;0;0
20260614_0639;Adaptação_1000;classification;HoeffdingAdaptiveTree;Default_FullFeatures;classifier;classifier;classifier;N/A;N/A;N/A;2000;100;38;5700;0,0000;0,0000;0,0000;0,0000;0,0000;0,0000;1;0;0;0
20260614_0639;Adaptação_1000;classification;HoeffdingAdaptiveTree;Default_FullFeatures;classifier;classifier;classifier;N/A;N/A;N/A;2000;100;39;5800;0,0000;0,0000;0,0000;0,0000;0,0000;0,0000;1;0;0;0
20260614_0639;Adaptação_1000;classification;HoeffdingAdaptiveTree;Default_FullFeatures;classifier;classifier;classifier;N/A;N/A;N/A;2000;100;40;5900;0,0000;0,0000;0,0000;0,0000;0,0000;0,0000;0;0;0;0
20260614_0639;Adaptação_1000;classification;HoeffdingAdaptiveTree;Default_FullFeatures;classifier;classifier;classifier;N/A;N/A;N/A;2000;100;41;6000;0,0000;0,0000;0,0000;0,0000;0,0000;0,0000;2;0;0;0
20260614_0639;Adaptação_1000;classification;HoeffdingAdaptiveTree;Default_FullFeatures;classifier;classifier;classifier;N/A;N/A;N/A;2000;100;42;6100;0,0000;0,0000;0,0000;0,0000;0,0000;0,0000;1;0;0;0
20260614_0639;Adaptação_1000;classification;HoeffdingAdaptiveTree;Default_FullFeatures;classifier;classifier;classifier;N/A;N/A;N/A;2000;100;43;6200;0,0000;0,0000;0,0000;0,0000;0,0000;0,0000;0;0;0;0
20260614_0639;Adaptação_1000;classification;HoeffdingAdaptiveTree;Default_FullFeatures;classifier;classifier;classifier;N/A;N/A;N/A;2000;100;44;6300;0,0000;0,0000;0,0000;0,0000;0,0000;0,0000;0;0;0;0
20260614_0639;Adaptação_1000;classification;HoeffdingAdaptiveTree;Default_FullFeatures;classifier;classifier;classifier;N/A;N/A;N/A;2000;100;45;6400;0,0000;0,0000;0,0000;0,0000;0,0000;0,0000;0;0;0;0
20260614_0639;Adaptação_1000;classification;HoeffdingAdaptiveTree;Default_FullFeatures;classifier;classifier;classifier;N/A;N/A;N/A;2000;100;46;6500;0,0000;0,0000;0,0000;0,0000;0,0000;0,0000;0;0;0;0
20260614_0639;Adaptação_1000;classification;HoeffdingAdaptiveTree;Default_FullFeatures;classifier;classifier;classifier;N/A;N/A;N/A;2000;100;47;6600;0,0000;0,0000;0,0000;0,0000;0,0000;0,0000;2;0;0;0
20260614_0639;Adaptação_1000;classification;HoeffdingAdaptiveTree;Default_FullFeatures;classifier;classifier;classifier;N/A;N/A;N/A;2000;100;48;6700;0,0000;0,0000;0,0000;0,0000;0,0000;0,0000;1;0;0;0
20260614_0639;Adaptação_1000;classification;HoeffdingAdaptiveTree;Default_FullFeatures;classifier;classifier;classifier;N/A;N/A;N/A;2000;100;49;6800;0,0000;0,0000;0,0000;0,0000;0,0000;0,0000;0;0;0;0
20260614_0639;Adaptação_1000;classification;HoeffdingAdaptiveTree;Default_FullFeatures;classifier;classifier;classifier;N/A;N/A;N/A;2000;100;50;6900;0,0000;0,0000;0,0000;0,0000;0,0000;0,0000;0;0;0;0
20260614_0639;Adaptação_1000;classification;HoeffdingAdaptiveTree;Default_FullFeatures;classifier;classifier;classifier;N/A;N/A;N/A;2000;100;51;7000;0,0000;0,0000;0,0000;0,0000;0,0000;0,0000;1;0;0;0
20260614_0639;Adaptação_1000;classification;HoeffdingAdaptiveTree;Default_FullFeatures;classifier;classifier;classifier;N/A;N/A;N/A;2000;100;52;7100;0,0000;0,0000;0,0000;0,0000;0,0000;0,0000;0;0;0;0
20260614_0639;Adaptação_1000;classification;HoeffdingAdaptiveTree;Default_FullFeatures;classifier;classifier;classifier;N/A;N/A;N/A;2000;100;53;7200;0,0000;0,0000;0,0000;0,0000;0,0000;0,0000;1;0;0;0
20260614_0639;Adaptação_1000;classification;HoeffdingAdaptiveTree;Default_FullFeatures;classifier;classifier;classifier;N/A;N/A;N/A;2000;100;54;7300;0,0000;0,0000;0,0000;0,0000;0,0000;0,0000;0;0;0;0
20260614_0639;Adaptação_1000;classification;HoeffdingAdaptiveTree;Default_FullFeatures;classifier;classifier;classifier;N/A;N/A;N/A;2000;100;55;7400;0,0000;0,0000;0,0000;0,0000;0,0000;0,0000;1;0;0;0
20260614_0639;Adaptação_1000;classification;HoeffdingAdaptiveTree;Default_FullFeatures;classifier;classifier;classifier;N/A;N/A;N/A;2000;100;56;7500;0,0000;0,0000;0,0000;0,0000;0,0000;0,0000;0;0;0;0
20260614_0639;Adaptação_1000;classification;HoeffdingAdaptiveTree;Default_FullFeatures;classifier;classifier;classifier;N/A;N/A;N/A;2000;100;57;7600;0,0000;0,0000;0,0000;0,0000;0,0000;0,0000;1;0;0;0
20260614_0639;Adaptação_1000;classification;HoeffdingAdaptiveTree;Default_FullFeatures;classifier;classifier;classifier;N/A;N/A;N/A;2000;100;58;7700;0,0000;0,0000;0,0000;0,0000;0,0000;0,0000;0;0;0;0
20260614_0639;Adaptação_1000;classification;HoeffdingAdaptiveTree;Default_FullFeatures;classifier;classifier;classifier;N/A;N/A;N/A;2000;100;59;7800;0,0000;0,0000;0,0000;0,0000;0,0000;0,0000;0;0;0;0
20260614_0639;Adaptação_1000;classification;HoeffdingAdaptiveTree;Default_FullFeatures;classifier;classifier;classifier;N/A;N/A;N/A;2000;100;60;7900;0,0000;0,0000;0,0000;0,0000;0,0000;0,0000;0;0;0;0
20260614_0639;Adaptação_1000;classification;HoeffdingAdaptiveTree;Default_FullFeatures;classifier;classifier;classifier;N/A;N/A;N/A;2000;100;61;8000;0,0000;0,0000;0,0000;0,0000;0,0000;0,0000;0;0;0;0
20260614_0639;Adaptação_1000;classification;HoeffdingAdaptiveTree;Default_FullFeatures;classifier;classifier;classifier;N/A;N/A;N/A;2000;100;62;8100;0,0000;0,0000;0,0000;0,0000;0,0000;0,0000;0;0;0;0
20260614_0639;Adaptação_1000;classification;HoeffdingAdaptiveTree;Default_FullFeatures;classifier;classifier;classifier;N/A;N/A;N/A;2000;100;63;8200;0,0000;0,0000;0,0000;0,0000;0,0000;0,0000;0;0;0;0
20260614_0639;Adaptação_1000;classification;HoeffdingAdaptiveTree;Default_FullFeatures;classifier;classifier;classifier;N/A;N/A;N/A;2000;100;64;8300;0,0000;0,0000;0,0000;0,0000;0,0000;0,0000;0;0;0;0
20260614_0639;Adaptação_1000;classification;HoeffdingAdaptiveTree;Default_FullFeatures;classifier;classifier;classifier;N/A;N/A;N/A;2000;100;65;8400;0,0000;0,0000;0,0000;0,0000;0,0000;0,0000;0;0;0;0
20260614_0639;Adaptação_1000;classification;HoeffdingAdaptiveTree;Default_FullFeatures;classifier;classifier;classifier;N/A;N/A;N/A;2000;100;66;8500;0,0000;0,0000;0,0000;0,0000;0,0000;0,0000;0;0;1;0
20260614_0639;Adaptação_1000;classification;HoeffdingAdaptiveTree;Default_FullFeatures;classifier;classifier;classifier;N/A;N/A;N/A;2000;100;67;8600;94,0541;0,0000;100,0000;0,0000;88,7755;0,0000;0;0;11;0
20260614_0639;Adaptação_1000;classification;HoeffdingAdaptiveTree;Default_FullFeatures;classifier;classifier;classifier;N/A;N/A;N/A;2000;100;68;8700;100,0000;0,0000;100,0000;0,0000;100,0000;0,0000;0;0;0;0
20260614_0639;Adaptação_1000;classification;HoeffdingAdaptiveTree;Default_FullFeatures;classifier;classifier;classifier;N/A;N/A;N/A;2000;100;69;8800;100,0000;0,0000;100,0000;0,0000;100,0000;0,0000;0;0;0;0
20260614_0639;Adaptação_1000;classification;HoeffdingAdaptiveTree;Default_FullFeatures;classifier;classifier;classifier;N/A;N/A;N/A;2000;100;70;8900;99,4975;0,0000;100,0000;0,0000;99,0000;0,0000;0;0;1;0
20260614_0639;Adaptação_1000;classification;HoeffdingAdaptiveTree;Default_FullFeatures;classifier;classifier;classifier;N/A;N/A;N/A;2000;100;71;9000;100,0000;0,0000;100,0000;0,0000;100,0000;0,0000;0;0;0;0
20260614_0639;Adaptação_1000;classification;HoeffdingAdaptiveTree;Default_FullFeatures;classifier;classifier;classifier;N/A;N/A;N/A;2000;100;72;9100;100,0000;0,0000;100,0000;0,0000;100,0000;0,0000;0;0;0;0
20260614_0639;Adaptação_1000;classification;HoeffdingAdaptiveTree;Default_FullFeatures;classifier;classifier;classifier;N/A;N/A;N/A;2000;100;73;9200;100,0000;0,0000;100,0000;0,0000;100,0000;0,0000;0;0;0;0
20260614_0639;Adaptação_1000;classification;HoeffdingAdaptiveTree;Default_FullFeatures;classifier;classifier;classifier;N/A;N/A;N/A;2000;100;74;9300;100,0000;0,0000;100,0000;0,0000;100,0000;0,0000;0;0;0;0
20260614_0639;Adaptação_1000;classification;HoeffdingAdaptiveTree;Default_FullFeatures;classifier;classifier;classifier;N/A;N/A;N/A;2000;100;75;9400;100,0000;0,0000;100,0000;0,0000;100,0000;0,0000;0;0;0;0
20260614_0639;Adaptação_1000;classification;HoeffdingAdaptiveTree;Default_FullFeatures;classifier;classifier;classifier;N/A;N/A;N/A;2000;100;76;9500;100,0000;0,0000;100,0000;0,0000;100,0000;0,0000;0;0;0;0
20260614_0639;Adaptação_1000;classification;HoeffdingAdaptiveTree;Default_FullFeatures;classifier;classifier;classifier;N/A;N/A;N/A;2000;100;77;9600;0,0000;0,0000;0,0000;0,0000;0,0000;0,0000;8;0;0;0
20260614_0639;Adaptação_1000;classification;HoeffdingAdaptiveTree;Default_FullFeatures;classifier;classifier;classifier;N/A;N/A;N/A;2000;100;78;9700;0,0000;0,0000;0,0000;0,0000;0,0000;0,0000;1;0;0;0
20260614_0639;Adaptação_1000;classification;HoeffdingAdaptiveTree;Default_FullFeatures;classifier;classifier;classifier;N/A;N/A;N/A;2000;100;79;9800;0,0000;0,0000;0,0000;0,0000;0,0000;0,0000;0;0;0;0
20260614_0639;Adaptação_1000;classification;HoeffdingAdaptiveTree;Default_FullFeatures;classifier;classifier;classifier;N/A;N/A;N/A;2000;100;80;9900;0,0000;0,0000;0,0000;0,0000;0,0000;0,0000;0;0;0;0
20260614_0639;Adaptação_1000;classification;HoeffdingAdaptiveTree;Default_FullFeatures;classifier;classifier;classifier;N/A;N/A;N/A;2000;100;81;10000;0,0000;0,0000;0,0000;0,0000;0,0000;0,0000;0;0;0;0
20260614_0639;Adaptação_1000;classification;HoeffdingAdaptiveTree;Default_FullFeatures;classifier;classifier;classifier;N/A;N/A;N/A;2000;100;82;10100;0,0000;0,0000;0,0000;0,0000;0,0000;0,0000;0;0;0;0
20260614_0639;Adaptação_1000;classification;HoeffdingAdaptiveTree;Default_FullFeatures;classifier;classifier;classifier;N/A;N/A;N/A;2000;100;83;10200;0,0000;0,0000;0,0000;0,0000;0,0000;0,0000;0;0;0;0
20260614_0639;Adaptação_1000;classification;HoeffdingAdaptiveTree;Default_FullFeatures;classifier;classifier;classifier;N/A;N/A;N/A;2000;100;84;10300;0,0000;0,0000;0,0000;0,0000;0,0000;0,0000;0;0;0;0
20260614_0639;Adaptação_1000;classification;HoeffdingAdaptiveTree;Default_FullFeatures;classifier;classifier;classifier;N/A;N/A;N/A;2000;100;85;10400;0,0000;0,0000;0,0000;0,0000;0,0000;0,0000;0;0;0;0
20260614_0639;Adaptação_1000;classification;HoeffdingAdaptiveTree;Default_FullFeatures;classifier;classifier;classifier;N/A;N/A;N/A;2000;100;86;10500;0,0000;0,0000;0,0000;0,0000;0,0000;0,0000;0;0;0;0
20260614_0639;Adaptação_1000;classification;HoeffdingAdaptiveTree;Default_FullFeatures;classifier;classifier;classifier;N/A;N/A;N/A;2000;100;87;10600;0,0000;0,0000;0,0000;0,0000;0,0000;0,0000;0;0;0;0
20260614_0639;Adaptação_1000;classification;HoeffdingAdaptiveTree;Default_FullFeatures;classifier;classifier;classifier;N/A;N/A;N/A;2000;100;88;10700;0,0000;0,0000;0,0000;0,0000;0,0000;0,0000;0;0;0;0
20260614_0639;Adaptação_1000;classification;HoeffdingAdaptiveTree;Default_FullFeatures;classifier;classifier;classifier;N/A;N/A;N/A;2000;100;89;10800;0,0000;0,0000;0,0000;0,0000;0,0000;0,0000;0;0;0;0
20260614_0639;Adaptação_1000;classification;HoeffdingAdaptiveTree;Default_FullFeatures;classifier;classifier;classifier;N/A;N/A;N/A;2000;100;90;10900;0,0000;0,0000;0,0000;0,0000;0,0000;0,0000;0;0;0;0
20260614_0639;Adaptação_1000;classification;HoeffdingAdaptiveTree;Default_FullFeatures;classifier;classifier;classifier;N/A;N/A;N/A;2000;100;91;11000;0,0000;0,0000;0,0000;0,0000;0,0000;0,0000;0;0;0;0
20260614_0639;Adaptação_1000;classification;HoeffdingAdaptiveTree;Default_FullFeatures;classifier;classifier;classifier;N/A;N/A;N/A;2000;100;92;11100;0,0000;0,0000;0,0000;0,0000;0,0000;0,0000;0;0;0;0
20260614_0639;Adaptação_1000;classification;HoeffdingAdaptiveTree;Default_FullFeatures;classifier;classifier;classifier;N/A;N/A;N/A;2000;100;93;11200;0,0000;0,0000;0,0000;0,0000;0,0000;0,0000;0;0;0;0
20260614_0639;Adaptação_1000;classification;HoeffdingAdaptiveTree;Default_FullFeatures;classifier;classifier;classifier;N/A;N/A;N/A;2000;100;94;11300;0,0000;0,0000;0,0000;0,0000;0,0000;0,0000;0;0;0;0
20260614_0639;Adaptação_1000;classification;HoeffdingAdaptiveTree;Default_FullFeatures;classifier;classifier;classifier;N/A;N/A;N/A;2000;100;95;11400;0,0000;0,0000;0,0000;0,0000;0,0000;0,0000;0;0;0;0
20260614_0639;Adaptação_1000;classification;HoeffdingAdaptiveTree;Default_FullFeatures;classifier;classifier;classifier;N/A;N/A;N/A;2000;100;96;11500;0,0000;0,0000;0,0000;0,0000;0,0000;0,0000;0;0;0;0
20260614_0639;Adaptação_1000;classification;HoeffdingAdaptiveTree;Default_FullFeatures;classifier;classifier;classifier;N/A;N/A;N/A;2000;100;97;11600;0,0000;0,0000;0,0000;0,0000;0,0000;0,0000;0;0;0;0
20260614_0639;Adaptação_1000;classification;HoeffdingAdaptiveTree;Default_FullFeatures;classifier;classifier;classifier;N/A;N/A;N/A;2000;100;98;11700;0,0000;0,0000;0,0000;0,0000;0,0000;0,0000;0;0;0;0
20260614_0639;Adaptação_1000;classification;HoeffdingAdaptiveTree;Default_FullFeatures;classifier;classifier;classifier;N/A;N/A;N/A;2000;100;99;11800;0,0000;0,0000;0,0000;0,0000;0,0000;0,0000;0;0;0;0
20260614_0639;Adaptação_1000;classification;HoeffdingAdaptiveTree;Default_FullFeatures;classifier;classifier;classifier;N/A;N/A;N/A;2000;100;100;11900;0,0000;0,0000;0,0000;0,0000;0,0000;0,0000;0;0;0;0
20260614_0639;Adaptação_1000;classification;HoeffdingAdaptiveTree;Default_FullFeatures;classifier;classifier;classifier;N/A;N/A;N/A;2000;100;101;12000;0,0000;0,0000;0,0000;0,0000;0,0000;0,0000;0;0;0;0
20260614_0639;Adaptação_1000;classification;HoeffdingAdaptiveTree;Default_FullFeatures;classifier;classifier;classifier;N/A;N/A;N/A;2000;100;102;12100;0,0000;0,0000;0,0000;0,0000;0,0000;0,0000;0;0;0;0
20260614_0639;Adaptação_1000;classification;HoeffdingAdaptiveTree;Default_FullFeatures;classifier;classifier;classifier;N/A;N/A;N/A;2000;100;103;12200;0,0000;0,0000;0,0000;0,0000;0,0000;0,0000;0;0;0;0
20260614_0639;Adaptação_1000;classification;HoeffdingAdaptiveTree;Default_FullFeatures;classifier;classifier;classifier;N/A;N/A;N/A;2000;100;104;12300;0,0000;0,0000;0,0000;0,0000;0,0000;0,0000;0;0;0;0
20260614_0639;Adaptação_1000;classification;HoeffdingAdaptiveTree;Default_FullFeatures;classifier;classifier;classifier;N/A;N/A;N/A;2000;100;105;12400;0,0000;0,0000;0,0000;0,0000;0,0000;0,0000;0;0;0;0
20260614_0639;Adaptação_1000;classification;HoeffdingAdaptiveTree;Default_FullFeatures;classifier;classifier;classifier;N/A;N/A;N/A;2000;100;106;12500;0,0000;0,0000;0,0000;0,0000;0,0000;0,0000;0;0;0;0
20260614_0639;Adaptação_1000;classification;HoeffdingAdaptiveTree;Default_FullFeatures;classifier;classifier;classifier;N/A;N/A;N/A;2000;100;107;12600;0,0000;0,0000;0,0000;0,0000;0,0000;0,0000;0;0;0;0
20260614_0639;Adaptação_1000;classification;HoeffdingAdaptiveTree;Default_FullFeatures;classifier;classifier;classifier;N/A;N/A;N/A;2000;100;108;12700;0,0000;0,0000;0,0000;0,0000;0,0000;0,0000;0;0;0;0
20260614_0639;Adaptação_1000;classification;HoeffdingAdaptiveTree;Default_FullFeatures;classifier;classifier;classifier;N/A;N/A;N/A;2000;100;109;12800;0,0000;0,0000;0,0000;0,0000;0,0000;0,0000;0;0;0;0
20260614_0639;Adaptação_1000;classification;HoeffdingAdaptiveTree;Default_FullFeatures;classifier;classifier;classifier;N/A;N/A;N/A;2000;100;110;12900;0,0000;0,0000;0,0000;0,0000;0,0000;0,0000;0;0;0;0
20260614_0639;Adaptação_1000;classification;HoeffdingAdaptiveTree;Default_FullFeatures;classifier;classifier;classifier;N/A;N/A;N/A;2000;100;111;13000;0,0000;0,0000;0,0000;0,0000;0,0000;0,0000;0;0;0;0
20260614_0639;Adaptação_1000;classification;HoeffdingAdaptiveTree;Default_FullFeatures;classifier;classifier;classifier;N/A;N/A;N/A;2000;100;112;13100;0,0000;0,0000;0,0000;0,0000;0,0000;0,0000;0;0;0;0
20260614_0639;Adaptação_1000;classification;HoeffdingAdaptiveTree;Default_FullFeatures;classifier;classifier;classifier;N/A;N/A;N/A;2000;100;113;13200;0,0000;0,0000;0,0000;0,0000;0,0000;0,0000;0;0;0;0
20260614_0639;Adaptação_1000;classification;HoeffdingAdaptiveTree;Default_FullFeatures;classifier;classifier;classifier;N/A;N/A;N/A;2000;100;114;13300;89,4118;0,0000;100,0000;0,0000;80,8511;0,0000;0;0;9;0
20260614_0639;Adaptação_1000;classification;HoeffdingAdaptiveTree;Default_FullFeatures;classifier;classifier;classifier;N/A;N/A;N/A;2000;100;115;13400;92,0455;0,0000;100,0000;0,0000;85,2632;0,0000;0;0;14;0
20260614_0639;Adaptação_1000;classification;HoeffdingAdaptiveTree;Default_FullFeatures;classifier;classifier;classifier;N/A;N/A;N/A;2000;100;116;13500;96,5909;0,0000;100,0000;0,0000;93,4066;0,0000;0;0;6;0
20260614_0639;Adaptação_1000;classification;HoeffdingAdaptiveTree;Default_FullFeatures;classifier;classifier;classifier;N/A;N/A;N/A;2000;100;117;13600;98,5075;0,0000;98,5075;0,0000;98,5075;0,0000;1;0;1;0
20260614_0639;Adaptação_1000;classification;HoeffdingAdaptiveTree;Default_FullFeatures;classifier;classifier;classifier;N/A;N/A;N/A;2000;100;118;13700;97,2376;0,0000;100,0000;0,0000;94,6237;0,0000;0;0;5;0
20260614_0639;Adaptação_1000;classification;HoeffdingAdaptiveTree;Default_FullFeatures;classifier;classifier;classifier;N/A;N/A;N/A;2000;100;119;13800;99,4924;0,0000;100,0000;0,0000;98,9899;0,0000;0;0;1;0
20260614_0639;Adaptação_1000;classification;HoeffdingAdaptiveTree;Default_FullFeatures;classifier;classifier;classifier;N/A;N/A;N/A;2000;100;120;13900;96,8421;0,0000;100,0000;0,0000;93,8776;0,0000;0;0;6;0
20260614_0639;Adaptação_1000;classification;HoeffdingAdaptiveTree;Default_FullFeatures;classifier;classifier;classifier;N/A;N/A;N/A;2000;100;121;14000;98,9796;0,0000;100,0000;0,0000;97,9798;0,0000;0;0;2;0
20260614_0639;Adaptação_1000;classification;HoeffdingAdaptiveTree;Default_FullFeatures;classifier;classifier;classifier;N/A;N/A;N/A;2000;100;122;14100;98,9796;0,0000;100,0000;0,0000;97,9798;0,0000;0;0;2;0
20260614_0639;Adaptação_1000;classification;HoeffdingAdaptiveTree;Default_FullFeatures;classifier;classifier;classifier;N/A;N/A;N/A;2000;100;123;14200;98,4456;0,0000;100,0000;0,0000;96,9388;0,0000;0;0;3;0
20260614_0639;Adaptação_1000;classification;HoeffdingAdaptiveTree;Default_FullFeatures;classifier;classifier;classifier;N/A;N/A;N/A;2000;100;124;14300;97,9592;0,0000;97,9592;0,0000;97,9592;0,0000;1;0;1;0
20260614_0639;Adaptação_1000;classification;HoeffdingAdaptiveTree;Default_FullFeatures;classifier;classifier;classifier;N/A;N/A;N/A;2000;100;125;14400;0,0000;0,0000;0,0000;0,0000;0,0000;0,0000;7;0;0;0
20260614_0639;Adaptação_1000;classification;HoeffdingAdaptiveTree;Default_FullFeatures;classifier;classifier;classifier;N/A;N/A;N/A;2000;100;126;14500;0,0000;0,0000;0,0000;0,0000;0,0000;0,0000;3;0;0;0
20260614_0639;Adaptação_1000;classification;HoeffdingAdaptiveTree;Default_FullFeatures;classifier;classifier;classifier;N/A;N/A;N/A;2000;100;127;14600;0,0000;0,0000;0,0000;0,0000;0,0000;0,0000;0;0;0;0
20260614_0639;Adaptação_1000;classification;HoeffdingAdaptiveTree;Default_FullFeatures;classifier;classifier;classifier;N/A;N/A;N/A;2000;100;128;14700;0,0000;0,0000;0,0000;0,0000;0,0000;0,0000;0;0;0;0
20260614_0639;Adaptação_1000;classification;HoeffdingAdaptiveTree;Default_FullFeatures;classifier;classifier;classifier;N/A;N/A;N/A;2000;100;129;14800;0,0000;0,0000;0,0000;0,0000;0,0000;0,0000;0;0;0;0
20260614_0639;Adaptação_1000;classification;HoeffdingAdaptiveTree;Default_FullFeatures;classifier;classifier;classifier;N/A;N/A;N/A;2000;100;130;14900;0,0000;0,0000;0,0000;0,0000;0,0000;0,0000;0;0;0;0
20260614_0639;Adaptação_1000;classification;HoeffdingAdaptiveTree;Default_FullFeatures;classifier;classifier;classifier;N/A;N/A;N/A;2000;100;131;15000;0,0000;0,0000;0,0000;0,0000;0,0000;0,0000;0;0;0;0
20260614_0639;Adaptação_1000;classification;HoeffdingAdaptiveTree;Default_FullFeatures;classifier;classifier;classifier;N/A;N/A;N/A;2000;100;132;15100;0,0000;0,0000;0,0000;0,0000;0,0000;0,0000;0;0;0;0
20260614_0639;Adaptação_1000;classification;HoeffdingAdaptiveTree;Default_FullFeatures;classifier;classifier;classifier;N/A;N/A;N/A;2000;100;133;15200;0,0000;0,0000;0,0000;0,0000;0,0000;0,0000;0;0;0;0
20260614_0639;Adaptação_1000;classification;HoeffdingAdaptiveTree;Default_FullFeatures;classifier;classifier;classifier;N/A;N/A;N/A;2000;100;134;15300;0,0000;0,0000;0,0000;0,0000;0,0000;0,0000;0;0;0;0
20260614_0639;Adaptação_1000;classification;HoeffdingAdaptiveTree;Default_FullFeatures;classifier;classifier;classifier;N/A;N/A;N/A;2000;100;135;15400;0,0000;0,0000;0,0000;0,0000;0,0000;0,0000;0;0;0;0
20260614_0639;Adaptação_1000;classification;HoeffdingAdaptiveTree;Default_FullFeatures;classifier;classifier;classifier;N/A;N/A;N/A;2000;100;136;15500;0,0000;0,0000;0,0000;0,0000;0,0000;0,0000;0;0;0;0
20260614_0639;Adaptação_1000;classification;HoeffdingAdaptiveTree;Default_FullFeatures;classifier;classifier;classifier;N/A;N/A;N/A;2000;100;137;15600;0,0000;0,0000;0,0000;0,0000;0,0000;0,0000;0;0;0;0
20260614_0639;Adaptação_1000;classification;HoeffdingAdaptiveTree;Default_FullFeatures;classifier;classifier;classifier;N/A;N/A;N/A;2000;100;138;15700;0,0000;0,0000;0,0000;0,0000;0,0000;0,0000;0;0;0;0
20260614_0639;Adaptação_1000;classification;HoeffdingAdaptiveTree;Default_FullFeatures;classifier;classifier;classifier;N/A;N/A;N/A;2000;100;139;15800;0,0000;0,0000;0,0000;0,0000;0,0000;0,0000;0;0;0;0
20260614_0639;Adaptação_1000;classification;HoeffdingAdaptiveTree;Default_FullFeatures;classifier;classifier;classifier;N/A;N/A;N/A;2000;100;140;15900;0,0000;0,0000;0,0000;0,0000;0,0000;0,0000;0;0;0;0
20260614_0639;Adaptação_1000;classification;HoeffdingAdaptiveTree;Default_FullFeatures;classifier;classifier;classifier;N/A;N/A;N/A;2000;100;141;16000;0,0000;0,0000;0,0000;0,0000;0,0000;0,0000;0;0;0;0
20260614_0639;Adaptação_1000;classification;HoeffdingAdaptiveTree;Default_FullFeatures;classifier;classifier;classifier;N/A;N/A;N/A;2000;100;142;16100;0,0000;0,0000;0,0000;0,0000;0,0000;0,0000;0;0;0;0
20260614_0639;Adaptação_1000;classification;HoeffdingAdaptiveTree;Default_FullFeatures;classifier;classifier;classifier;N/A;N/A;N/A;2000;100;143;16200;0,0000;0,0000;0,0000;0,0000;0,0000;0,0000;0;0;0;0
20260614_0639;Adaptação_1000;classification;HoeffdingAdaptiveTree;Default_FullFeatures;classifier;classifier;classifier;N/A;N/A;N/A;2000;100;144;16300;0,0000;0,0000;0,0000;0,0000;0,0000;0,0000;0;0;0;0
20260614_0639;Adaptação_1000;classification;HoeffdingAdaptiveTree;Default_FullFeatures;classifier;classifier;classifier;N/A;N/A;N/A;2000;100;145;16400;0,0000;0,0000;0,0000;0,0000;0,0000;0,0000;0;0;0;0
20260614_0639;Adaptação_1000;classification;HoeffdingAdaptiveTree;Default_FullFeatures;classifier;classifier;classifier;N/A;N/A;N/A;2000;100;146;16500;0,0000;0,0000;0,0000;0,0000;0,0000;0,0000;0;0;0;0
20260614_0639;Adaptação_1000;classification;HoeffdingAdaptiveTree;Default_FullFeatures;classifier;classifier;classifier;N/A;N/A;N/A;2000;100;147;16600;0,0000;0,0000;0,0000;0,0000;0,0000;0,0000;0;0;0;0
20260614_0639;Adaptação_1000;classification;HoeffdingAdaptiveTree;Default_FullFeatures;classifier;classifier;classifier;N/A;N/A;N/A;2000;100;148;16700;0,0000;0,0000;0,0000;0,0000;0,0000;0,0000;0;0;0;0
20260614_0639;Adaptação_1000;classification;HoeffdingAdaptiveTree;Default_FullFeatures;classifier;classifier;classifier;N/A;N/A;N/A;2000;100;149;16800;0,0000;0,0000;0,0000;0,0000;0,0000;0,0000;0;0;0;0
20260614_0639;Adaptação_1000;classification;HoeffdingAdaptiveTree;Default_FullFeatures;classifier;classifier;classifier;N/A;N/A;N/A;2000;100;150;16900;0,0000;0,0000;0,0000;0,0000;0,0000;0,0000;0;0;0;0
20260614_0639;Adaptação_1000;classification;HoeffdingAdaptiveTree;Default_FullFeatures;classifier;classifier;classifier;N/A;N/A;N/A;2000;100;151;17000;0,0000;0,0000;0,0000;0,0000;0,0000;0,0000;0;0;0;0
20260614_0639;Adaptação_1000;classification;HoeffdingAdaptiveTree;Default_FullFeatures;classifier;classifier;classifier;N/A;N/A;N/A;2000;100;152;17100;0,0000;0,0000;0,0000;0,0000;0,0000;0,0000;0;0;0;0
20260614_0639;Adaptação_1000;classification;HoeffdingAdaptiveTree;Default_FullFeatures;classifier;classifier;classifier;N/A;N/A;N/A;2000;100;153;17200;0,0000;0,0000;0,0000;0,0000;0,0000;0,0000;0;0;0;0
20260614_0639;Adaptação_1000;classification;HoeffdingAdaptiveTree;Default_FullFeatures;classifier;classifier;classifier;N/A;N/A;N/A;2000;100;154;17300;0,0000;0,0000;0,0000;0,0000;0,0000;0,0000;0;0;0;0
20260614_0639;Adaptação_1000;classification;HoeffdingAdaptiveTree;Default_FullFeatures;classifier;classifier;classifier;N/A;N/A;N/A;2000;100;155;17400;0,0000;0,0000;0,0000;0,0000;0,0000;0,0000;0;0;0;0
20260614_0639;Adaptação_1000;classification;HoeffdingAdaptiveTree;Default_FullFeatures;classifier;classifier;classifier;N/A;N/A;N/A;2000;100;156;17500;0,0000;0,0000;0,0000;0,0000;0,0000;0,0000;0;0;0;0
20260614_0639;Adaptação_1000;classification;HoeffdingAdaptiveTree;Default_FullFeatures;classifier;classifier;classifier;N/A;N/A;N/A;2000;100;157;17600;0,0000;0,0000;0,0000;0,0000;0,0000;0,0000;0;0;0;0
20260614_0639;Adaptação_1000;classification;HoeffdingAdaptiveTree;Default_FullFeatures;classifier;classifier;classifier;N/A;N/A;N/A;2000;100;158;17700;0,0000;0,0000;0,0000;0,0000;0,0000;0,0000;0;0;0;0
20260614_0639;Adaptação_1000;classification;HoeffdingAdaptiveTree;Default_FullFeatures;classifier;classifier;classifier;N/A;N/A;N/A;2000;100;159;17800;0,0000;0,0000;0,0000;0,0000;0,0000;0,0000;0;0;0;0
20260614_0639;Adaptação_1000;classification;HoeffdingAdaptiveTree;Default_FullFeatures;classifier;classifier;classifier;N/A;N/A;N/A;2000;100;160;17900;0,0000;0,0000;0,0000;0,0000;0,0000;0,0000;0;0;0;0
20260614_0639;Recorrência_25;classification;HoeffdingAdaptiveTree;Default_FullFeatures;classifier;classifier;classifier;N/A;N/A;N/A;2000;100;1;2000;0,0000;0,0000;0,0000;0,0000;0,0000;0,0000;0;0;0;0
20260614_0639;Recorrência_25;classification;HoeffdingAdaptiveTree;Default_FullFeatures;classifier;classifier;classifier;N/A;N/A;N/A;2000;100;2;2100;0,0000;0,0000;0,0000;0,0000;0,0000;0,0000;0;0;0;0
20260614_0639;Recorrência_25;classification;HoeffdingAdaptiveTree;Default_FullFeatures;classifier;classifier;classifier;N/A;N/A;N/A;2000;100;3;2200;90,9091;0,0000;100,0000;0,0000;83,3333;0,0000;0;0;2;0
20260614_0639;Recorrência_25;classification;HoeffdingAdaptiveTree;Default_FullFeatures;classifier;classifier;classifier;N/A;N/A;N/A;2000;100;4;2300;0,0000;0,0000;0,0000;0,0000;0,0000;0,0000;0;0;0;0
20260614_0639;Recorrência_25;classification;HoeffdingAdaptiveTree;Default_FullFeatures;classifier;classifier;classifier;N/A;N/A;N/A;2000;100;5;2400;0,0000;0,0000;0,0000;0,0000;0,0000;0,0000;0;0;0;0
20260614_0639;Recorrência_25;classification;HoeffdingAdaptiveTree;Default_FullFeatures;classifier;classifier;classifier;N/A;N/A;N/A;2000;100;6;2500;0,0000;0,0000;0,0000;0,0000;0,0000;0,0000;0;0;0;0
20260614_0639;Recorrência_25;classification;HoeffdingAdaptiveTree;Default_FullFeatures;classifier;classifier;classifier;N/A;N/A;N/A;2000;100;7;2600;0,0000;0,0000;0,0000;0,0000;0,0000;0,0000;0;0;0;0
20260614_0639;Recorrência_25;classification;HoeffdingAdaptiveTree;Default_FullFeatures;classifier;classifier;classifier;N/A;N/A;N/A;2000;100;8;2700;0,0000;0,0000;0,0000;0,0000;0,0000;0,0000;0;0;0;0
20260614_0639;Recorrência_25;classification;HoeffdingAdaptiveTree;Default_FullFeatures;classifier;classifier;classifier;N/A;N/A;N/A;2000;100;9;2800;0,0000;0,0000;0,0000;0,0000;0,0000;0,0000;0;0;0;0
20260614_0639;Recorrência_25;classification;HoeffdingAdaptiveTree;Default_FullFeatures;classifier;classifier;classifier;N/A;N/A;N/A;2000;100;10;2900;0,0000;0,0000;0,0000;0,0000;0,0000;0,0000;0;0;0;0
20260614_0639;Recorrência_25;classification;HoeffdingAdaptiveTree;Default_FullFeatures;classifier;classifier;classifier;N/A;N/A;N/A;2000;100;11;3000;0,0000;0,0000;0,0000;0,0000;0,0000;0,0000;0;0;0;0
20260614_0639;Recorrência_25;classification;HoeffdingAdaptiveTree;Default_FullFeatures;classifier;classifier;classifier;N/A;N/A;N/A;2000;100;12;3100;0,0000;0,0000;0,0000;0,0000;0,0000;0,0000;0;0;0;0
20260614_0639;Recorrência_25;classification;HoeffdingAdaptiveTree;Default_FullFeatures;classifier;classifier;classifier;N/A;N/A;N/A;2000;100;13;3200;0,0000;0,0000;0,0000;0,0000;0,0000;0,0000;0;0;0;0
20260614_0639;Recorrência_25;classification;HoeffdingAdaptiveTree;Default_FullFeatures;classifier;classifier;classifier;N/A;N/A;N/A;2000;100;14;3300;0,0000;0,0000;0,0000;0,0000;0,0000;0,0000;0;0;0;0
20260614_0639;Recorrência_25;classification;HoeffdingAdaptiveTree;Default_FullFeatures;classifier;classifier;classifier;N/A;N/A;N/A;2000;100;15;3400;0,0000;0,0000;0,0000;0,0000;0,0000;0,0000;0;0;0;0
20260614_0639;Recorrência_25;classification;HoeffdingAdaptiveTree;Default_FullFeatures;classifier;classifier;classifier;N/A;N/A;N/A;2000;100;16;3500;0,0000;0,0000;0,0000;0,0000;0,0000;0,0000;0;0;0;0
20260614_0639;Recorrência_25;classification;HoeffdingAdaptiveTree;Default_FullFeatures;classifier;classifier;classifier;N/A;N/A;N/A;2000;100;17;3600;0,0000;0,0000;0,0000;0,0000;0,0000;0,0000;0;0;0;0
20260614_0639;Recorrência_25;classification;HoeffdingAdaptiveTree;Default_FullFeatures;classifier;classifier;classifier;N/A;N/A;N/A;2000;100;18;3700;0,0000;0,0000;0,0000;0,0000;0,0000;0,0000;0;0;0;0
20260614_0639;Recorrência_25;classification;HoeffdingAdaptiveTree;Default_FullFeatures;classifier;classifier;classifier;N/A;N/A;N/A;2000;100;19;3800;0,0000;0,0000;0,0000;0,0000;0,0000;0,0000;0;0;0;0
20260614_0639;Recorrência_25;classification;HoeffdingAdaptiveTree;Default_FullFeatures;classifier;classifier;classifier;N/A;N/A;N/A;2000;100;20;3900;0,0000;0,0000;0,0000;0,0000;0,0000;0,0000;0;0;0;0
20260614_0639;Recorrência_25;classification;HoeffdingAdaptiveTree;Default_FullFeatures;classifier;classifier;classifier;N/A;N/A;N/A;2000;100;21;4000;0,0000;0,0000;0,0000;0,0000;0,0000;0,0000;0;0;0;0
20260614_0639;Recorrência_25;classification;HoeffdingAdaptiveTree;Default_FullFeatures;classifier;classifier;classifier;N/A;N/A;N/A;2000;100;22;4100;0,0000;0,0000;0,0000;0,0000;0,0000;0,0000;0;0;0;0
20260614_0639;Recorrência_25;classification;HoeffdingAdaptiveTree;Default_FullFeatures;classifier;classifier;classifier;N/A;N/A;N/A;2000;100;23;4200;0,0000;0,0000;0,0000;0,0000;0,0000;0,0000;0;0;0;0
20260614_0639;Recorrência_25;classification;HoeffdingAdaptiveTree;Default_FullFeatures;classifier;classifier;classifier;N/A;N/A;N/A;2000;100;24;4300;0,0000;0,0000;0,0000;0,0000;0,0000;0,0000;0;0;5;0
20260614_0639;Recorrência_25;classification;HoeffdingAdaptiveTree;Default_FullFeatures;classifier;classifier;classifier;N/A;N/A;N/A;2000;100;25;4400;72,7273;0,0000;100,0000;0,0000;57,1429;0,0000;0;0;3;0
20260614_0639;Recorrência_25;classification;HoeffdingAdaptiveTree;Default_FullFeatures;classifier;classifier;classifier;N/A;N/A;N/A;2000;100;26;4500;0,0000;0,0000;0,0000;0,0000;0,0000;0,0000;0;0;0;0
20260614_0639;Recorrência_25;classification;HoeffdingAdaptiveTree;Default_FullFeatures;classifier;classifier;classifier;N/A;N/A;N/A;2000;100;27;4600;0,0000;0,0000;0,0000;0,0000;0,0000;0,0000;0;0;0;0
20260614_0639;Recorrência_25;classification;HoeffdingAdaptiveTree;Default_FullFeatures;classifier;classifier;classifier;N/A;N/A;N/A;2000;100;28;4700;0,0000;0,0000;0,0000;0,0000;0,0000;0,0000;0;0;0;0
20260614_0639;Recorrência_25;classification;HoeffdingAdaptiveTree;Default_FullFeatures;classifier;classifier;classifier;N/A;N/A;N/A;2000;100;29;4800;0,0000;0,0000;0,0000;0,0000;0,0000;0,0000;0;0;0;0
20260614_0639;Recorrência_25;classification;HoeffdingAdaptiveTree;Default_FullFeatures;classifier;classifier;classifier;N/A;N/A;N/A;2000;100;30;4900;0,0000;0,0000;0,0000;0,0000;0,0000;0,0000;0;0;0;0
20260614_0639;Recorrência_25;classification;HoeffdingAdaptiveTree;Default_FullFeatures;classifier;classifier;classifier;N/A;N/A;N/A;2000;100;31;5000;0,0000;0,0000;0,0000;0,0000;0,0000;0,0000;0;0;0;0
20260614_0639;Recorrência_25;classification;HoeffdingAdaptiveTree;Default_FullFeatures;classifier;classifier;classifier;N/A;N/A;N/A;2000;100;32;5100;0,0000;0,0000;0,0000;0,0000;0,0000;0,0000;0;0;0;0
20260614_0639;Recorrência_25;classification;HoeffdingAdaptiveTree;Default_FullFeatures;classifier;classifier;classifier;N/A;N/A;N/A;2000;100;33;5200;0,0000;0,0000;0,0000;0,0000;0,0000;0,0000;0;0;0;0
20260614_0639;Recorrência_25;classification;HoeffdingAdaptiveTree;Default_FullFeatures;classifier;classifier;classifier;N/A;N/A;N/A;2000;100;34;5300;0,0000;0,0000;0,0000;0,0000;0,0000;0,0000;0;0;0;0
20260614_0639;Recorrência_25;classification;HoeffdingAdaptiveTree;Default_FullFeatures;classifier;classifier;classifier;N/A;N/A;N/A;2000;100;35;5400;0,0000;0,0000;0,0000;0,0000;0,0000;0,0000;0;0;0;0
20260614_0639;Recorrência_25;classification;HoeffdingAdaptiveTree;Default_FullFeatures;classifier;classifier;classifier;N/A;N/A;N/A;2000;100;36;5500;0,0000;0,0000;0,0000;0,0000;0,0000;0,0000;0;0;0;0
20260614_0639;Recorrência_25;classification;HoeffdingAdaptiveTree;Default_FullFeatures;classifier;classifier;classifier;N/A;N/A;N/A;2000;100;37;5600;0,0000;0,0000;0,0000;0,0000;0,0000;0,0000;0;0;0;0
20260614_0639;Recorrência_25;classification;HoeffdingAdaptiveTree;Default_FullFeatures;classifier;classifier;classifier;N/A;N/A;N/A;2000;100;38;5700;0,0000;0,0000;0,0000;0,0000;0,0000;0,0000;0;0;0;0
20260614_0639;Recorrência_25;classification;HoeffdingAdaptiveTree;Default_FullFeatures;classifier;classifier;classifier;N/A;N/A;N/A;2000;100;39;5800;0,0000;0,0000;0,0000;0,0000;0,0000;0,0000;0;0;0;0
20260614_0639;Recorrência_25;classification;HoeffdingAdaptiveTree;Default_FullFeatures;classifier;classifier;classifier;N/A;N/A;N/A;2000;100;40;5900;0,0000;0,0000;0,0000;0,0000;0,0000;0,0000;0;0;0;0
20260614_0639;Recorrência_25;classification;HoeffdingAdaptiveTree;Default_FullFeatures;classifier;classifier;classifier;N/A;N/A;N/A;2000;100;41;6000;0,0000;0,0000;0,0000;0,0000;0,0000;0,0000;0;0;0;0
20260614_0639;Recorrência_25;classification;HoeffdingAdaptiveTree;Default_FullFeatures;classifier;classifier;classifier;N/A;N/A;N/A;2000;100;42;6100;0,0000;0,0000;0,0000;0,0000;0,0000;0,0000;0;0;0;0
20260614_0639;Recorrência_25;classification;HoeffdingAdaptiveTree;Default_FullFeatures;classifier;classifier;classifier;N/A;N/A;N/A;2000;100;43;6200;0,0000;0,0000;0,0000;0,0000;0,0000;0,0000;0;0;0;0
20260614_0639;Recorrência_25;classification;HoeffdingAdaptiveTree;Default_FullFeatures;classifier;classifier;classifier;N/A;N/A;N/A;2000;100;44;6300;0,0000;0,0000;0,0000;0,0000;0,0000;0,0000;0;0;0;0
20260614_0639;Recorrência_25;classification;HoeffdingAdaptiveTree;Default_FullFeatures;classifier;classifier;classifier;N/A;N/A;N/A;2000;100;45;6400;0,0000;0,0000;0,0000;0,0000;0,0000;0,0000;0;0;0;0
20260614_0639;Recorrência_25;classification;HoeffdingAdaptiveTree;Default_FullFeatures;classifier;classifier;classifier;N/A;N/A;N/A;2000;100;46;6500;85,7143;0,0000;100,0000;0,0000;75,0000;0,0000;0;0;3;0
20260614_0639;Recorrência_25;classification;HoeffdingAdaptiveTree;Default_FullFeatures;classifier;classifier;classifier;N/A;N/A;N/A;2000;100;47;6600;0,0000;0,0000;0,0000;0,0000;0,0000;0,0000;0;0;0;0
20260614_0639;Recorrência_25;classification;HoeffdingAdaptiveTree;Default_FullFeatures;classifier;classifier;classifier;N/A;N/A;N/A;2000;100;48;6700;0,0000;0,0000;0,0000;0,0000;0,0000;0,0000;0;0;0;0
20260614_0639;Recorrência_25;classification;HoeffdingAdaptiveTree;Default_FullFeatures;classifier;classifier;classifier;N/A;N/A;N/A;2000;100;49;6800;0,0000;0,0000;0,0000;0,0000;0,0000;0,0000;0;0;0;0
20260614_0639;Recorrência_25;classification;HoeffdingAdaptiveTree;Default_FullFeatures;classifier;classifier;classifier;N/A;N/A;N/A;2000;100;50;6900;0,0000;0,0000;0,0000;0,0000;0,0000;0,0000;0;0;0;0
20260614_0639;Recorrência_25;classification;HoeffdingAdaptiveTree;Default_FullFeatures;classifier;classifier;classifier;N/A;N/A;N/A;2000;100;51;7000;0,0000;0,0000;0,0000;0,0000;0,0000;0,0000;0;0;0;0
20260614_0639;Recorrência_25;classification;HoeffdingAdaptiveTree;Default_FullFeatures;classifier;classifier;classifier;N/A;N/A;N/A;2000;100;52;7100;0,0000;0,0000;0,0000;0,0000;0,0000;0,0000;0;0;0;0
20260614_0639;Recorrência_25;classification;HoeffdingAdaptiveTree;Default_FullFeatures;classifier;classifier;classifier;N/A;N/A;N/A;2000;100;53;7200;0,0000;0,0000;0,0000;0,0000;0,0000;0,0000;0;0;0;0
20260614_0639;Recorrência_25;classification;HoeffdingAdaptiveTree;Default_FullFeatures;classifier;classifier;classifier;N/A;N/A;N/A;2000;100;54;7300;0,0000;0,0000;0,0000;0,0000;0,0000;0,0000;0;0;0;0
20260614_0639;Recorrência_25;classification;HoeffdingAdaptiveTree;Default_FullFeatures;classifier;classifier;classifier;N/A;N/A;N/A;2000;100;55;7400;0,0000;0,0000;0,0000;0,0000;0,0000;0,0000;0;0;0;0
20260614_0639;Recorrência_25;classification;HoeffdingAdaptiveTree;Default_FullFeatures;classifier;classifier;classifier;N/A;N/A;N/A;2000;100;56;7500;0,0000;0,0000;0,0000;0,0000;0,0000;0,0000;0;0;0;0
20260614_0639;Recorrência_25;classification;HoeffdingAdaptiveTree;Default_FullFeatures;classifier;classifier;classifier;N/A;N/A;N/A;2000;100;57;7600;0,0000;0,0000;0,0000;0,0000;0,0000;0,0000;0;0;0;0
20260614_0639;Recorrência_25;classification;HoeffdingAdaptiveTree;Default_FullFeatures;classifier;classifier;classifier;N/A;N/A;N/A;2000;100;58;7700;0,0000;0,0000;0,0000;0,0000;0,0000;0,0000;0;0;0;0
20260614_0639;Recorrência_25;classification;HoeffdingAdaptiveTree;Default_FullFeatures;classifier;classifier;classifier;N/A;N/A;N/A;2000;100;59;7800;0,0000;0,0000;0,0000;0,0000;0,0000;0,0000;0;0;0;0
20260614_0639;Recorrência_25;classification;HoeffdingAdaptiveTree;Default_FullFeatures;classifier;classifier;classifier;N/A;N/A;N/A;2000;100;60;7900;0,0000;0,0000;0,0000;0,0000;0,0000;0,0000;0;0;0;0
20260614_0639;Recorrência_25;classification;HoeffdingAdaptiveTree;Default_FullFeatures;classifier;classifier;classifier;N/A;N/A;N/A;2000;100;61;8000;0,0000;0,0000;0,0000;0,0000;0,0000;0,0000;0;0;0;0
20260614_0639;Recorrência_25;classification;HoeffdingAdaptiveTree;Default_FullFeatures;classifier;classifier;classifier;N/A;N/A;N/A;2000;100;62;8100;0,0000;0,0000;0,0000;0,0000;0,0000;0,0000;0;0;0;0
20260614_0639;Recorrência_25;classification;HoeffdingAdaptiveTree;Default_FullFeatures;classifier;classifier;classifier;N/A;N/A;N/A;2000;100;63;8200;0,0000;0,0000;0,0000;0,0000;0,0000;0,0000;0;0;0;0
20260614_0639;Recorrência_25;classification;HoeffdingAdaptiveTree;Default_FullFeatures;classifier;classifier;classifier;N/A;N/A;N/A;2000;100;64;8300;0,0000;0,0000;0,0000;0,0000;0,0000;0,0000;0;0;0;0
20260614_0639;Recorrência_25;classification;HoeffdingAdaptiveTree;Default_FullFeatures;classifier;classifier;classifier;N/A;N/A;N/A;2000;100;65;8400;0,0000;0,0000;0,0000;0,0000;0,0000;0,0000;0;0;0;0
20260614_0639;Recorrência_25;classification;HoeffdingAdaptiveTree;Default_FullFeatures;classifier;classifier;classifier;N/A;N/A;N/A;2000;100;66;8500;0,0000;0,0000;0,0000;0,0000;0,0000;0,0000;0;0;0;0
20260614_0639;Recorrência_25;classification;HoeffdingAdaptiveTree;Default_FullFeatures;classifier;classifier;classifier;N/A;N/A;N/A;2000;100;67;8600;0,0000;0,0000;0,0000;0,0000;0,0000;0,0000;0;0;0;0
20260614_0639;Recorrência_25;classification;HoeffdingAdaptiveTree;Default_FullFeatures;classifier;classifier;classifier;N/A;N/A;N/A;2000;100;68;8700;66,6667;0,0000;100,0000;0,0000;50,0000;0,0000;0;0;6;0
20260614_0639;Recorrência_25;classification;HoeffdingAdaptiveTree;Default_FullFeatures;classifier;classifier;classifier;N/A;N/A;N/A;2000;100;69;8800;0,0000;0,0000;0,0000;0,0000;0,0000;0,0000;0;0;0;0
20260614_0639;Recorrência_25;classification;HoeffdingAdaptiveTree;Default_FullFeatures;classifier;classifier;classifier;N/A;N/A;N/A;2000;100;70;8900;0,0000;0,0000;0,0000;0,0000;0,0000;0,0000;0;0;0;0
20260614_0639;Recorrência_25;classification;HoeffdingAdaptiveTree;Default_FullFeatures;classifier;classifier;classifier;N/A;N/A;N/A;2000;100;71;9000;0,0000;0,0000;0,0000;0,0000;0,0000;0,0000;0;0;0;0
20260614_0639;Recorrência_25;classification;HoeffdingAdaptiveTree;Default_FullFeatures;classifier;classifier;classifier;N/A;N/A;N/A;2000;100;72;9100;0,0000;0,0000;0,0000;0,0000;0,0000;0,0000;0;0;0;0
20260614_0639;Recorrência_25;classification;HoeffdingAdaptiveTree;Default_FullFeatures;classifier;classifier;classifier;N/A;N/A;N/A;2000;100;73;9200;0,0000;0,0000;0,0000;0,0000;0,0000;0,0000;0;0;0;0
20260614_0639;Recorrência_25;classification;HoeffdingAdaptiveTree;Default_FullFeatures;classifier;classifier;classifier;N/A;N/A;N/A;2000;100;74;9300;0,0000;0,0000;0,0000;0,0000;0,0000;0,0000;0;0;0;0
20260614_0639;Recorrência_25;classification;HoeffdingAdaptiveTree;Default_FullFeatures;classifier;classifier;classifier;N/A;N/A;N/A;2000;100;75;9400;0,0000;0,0000;0,0000;0,0000;0,0000;0,0000;0;0;0;0
20260614_0639;Recorrência_25;classification;HoeffdingAdaptiveTree;Default_FullFeatures;classifier;classifier;classifier;N/A;N/A;N/A;2000;100;76;9500;0,0000;0,0000;0,0000;0,0000;0,0000;0,0000;0;0;0;0
20260614_0639;Recorrência_25;classification;HoeffdingAdaptiveTree;Default_FullFeatures;classifier;classifier;classifier;N/A;N/A;N/A;2000;100;77;9600;0,0000;0,0000;0,0000;0,0000;0,0000;0,0000;0;0;0;0
20260614_0639;Recorrência_25;classification;HoeffdingAdaptiveTree;Default_FullFeatures;classifier;classifier;classifier;N/A;N/A;N/A;2000;100;78;9700;0,0000;0,0000;0,0000;0,0000;0,0000;0,0000;0;0;0;0
20260614_0639;Recorrência_25;classification;HoeffdingAdaptiveTree;Default_FullFeatures;classifier;classifier;classifier;N/A;N/A;N/A;2000;100;79;9800;0,0000;0,0000;0,0000;0,0000;0,0000;0,0000;0;0;0;0
20260614_0639;Recorrência_25;classification;HoeffdingAdaptiveTree;Default_FullFeatures;classifier;classifier;classifier;N/A;N/A;N/A;2000;100;80;9900;0,0000;0,0000;0,0000;0,0000;0,0000;0,0000;0;0;0;0
20260614_0639;Recorrência_25;classification;HoeffdingAdaptiveTree;Default_FullFeatures;classifier;classifier;classifier;N/A;N/A;N/A;2000;100;81;10000;0,0000;0,0000;0,0000;0,0000;0,0000;0,0000;0;0;0;0
20260614_0639;Recorrência_25;classification;HoeffdingAdaptiveTree;Default_FullFeatures;classifier;classifier;classifier;N/A;N/A;N/A;2000;100;82;10100;0,0000;0,0000;0,0000;0,0000;0,0000;0,0000;0;0;0;0
20260614_0639;Recorrência_25;classification;HoeffdingAdaptiveTree;Default_FullFeatures;classifier;classifier;classifier;N/A;N/A;N/A;2000;100;83;10200;0,0000;0,0000;0,0000;0,0000;0,0000;0,0000;0;0;0;0
20260614_0639;Recorrência_25;classification;HoeffdingAdaptiveTree;Default_FullFeatures;classifier;classifier;classifier;N/A;N/A;N/A;2000;100;84;10300;0,0000;0,0000;0,0000;0,0000;0,0000;0,0000;0;0;0;0
20260614_0639;Recorrência_25;classification;HoeffdingAdaptiveTree;Default_FullFeatures;classifier;classifier;classifier;N/A;N/A;N/A;2000;100;85;10400;0,0000;0,0000;0,0000;0,0000;0,0000;0,0000;0;0;0;0
20260614_0639;Recorrência_25;classification;HoeffdingAdaptiveTree;Default_FullFeatures;classifier;classifier;classifier;N/A;N/A;N/A;2000;100;86;10500;0,0000;0,0000;0,0000;0,0000;0,0000;0,0000;0;0;0;0
20260614_0639;Recorrência_25;classification;HoeffdingAdaptiveTree;Default_FullFeatures;classifier;classifier;classifier;N/A;N/A;N/A;2000;100;87;10600;0,0000;0,0000;0,0000;0,0000;0,0000;0,0000;0;0;0;0
20260614_0639;Recorrência_25;classification;HoeffdingAdaptiveTree;Default_FullFeatures;classifier;classifier;classifier;N/A;N/A;N/A;2000;100;88;10700;0,0000;0,0000;0,0000;0,0000;0,0000;0,0000;0;0;0;0
20260614_0639;Recorrência_25;classification;HoeffdingAdaptiveTree;Default_FullFeatures;classifier;classifier;classifier;N/A;N/A;N/A;2000;100;89;10800;88,8889;0,0000;100,0000;0,0000;80,0000;0,0000;0;0;2;0
20260614_0639;Recorrência_25;classification;HoeffdingAdaptiveTree;Default_FullFeatures;classifier;classifier;classifier;N/A;N/A;N/A;2000;100;90;10900;0,0000;0,0000;0,0000;0,0000;0,0000;0,0000;0;0;0;0
20260614_0639;Recorrência_25;classification;HoeffdingAdaptiveTree;Default_FullFeatures;classifier;classifier;classifier;N/A;N/A;N/A;2000;100;91;11000;0,0000;0,0000;0,0000;0,0000;0,0000;0,0000;0;0;0;0
20260614_0639;Recorrência_25;classification;HoeffdingAdaptiveTree;Default_FullFeatures;classifier;classifier;classifier;N/A;N/A;N/A;2000;100;92;11100;0,0000;0,0000;0,0000;0,0000;0,0000;0,0000;0;0;0;0
20260614_0639;Recorrência_25;classification;HoeffdingAdaptiveTree;Default_FullFeatures;classifier;classifier;classifier;N/A;N/A;N/A;2000;100;93;11200;0,0000;0,0000;0,0000;0,0000;0,0000;0,0000;0;0;0;0
20260614_0639;Recorrência_25;classification;HoeffdingAdaptiveTree;Default_FullFeatures;classifier;classifier;classifier;N/A;N/A;N/A;2000;100;94;11300;0,0000;0,0000;0,0000;0,0000;0,0000;0,0000;0;0;0;0
20260614_0639;Recorrência_25;classification;HoeffdingAdaptiveTree;Default_FullFeatures;classifier;classifier;classifier;N/A;N/A;N/A;2000;100;95;11400;0,0000;0,0000;0,0000;0,0000;0,0000;0,0000;0;0;0;0
20260614_0639;Recorrência_25;classification;HoeffdingAdaptiveTree;Default_FullFeatures;classifier;classifier;classifier;N/A;N/A;N/A;2000;100;96;11500;0,0000;0,0000;0,0000;0,0000;0,0000;0,0000;0;0;0;0
20260614_0639;Recorrência_25;classification;HoeffdingAdaptiveTree;Default_FullFeatures;classifier;classifier;classifier;N/A;N/A;N/A;2000;100;97;11600;0,0000;0,0000;0,0000;0,0000;0,0000;0,0000;0;0;0;0
20260614_0639;Recorrência_25;classification;HoeffdingAdaptiveTree;Default_FullFeatures;classifier;classifier;classifier;N/A;N/A;N/A;2000;100;98;11700;0,0000;0,0000;0,0000;0,0000;0,0000;0,0000;0;0;0;0
20260614_0639;Recorrência_25;classification;HoeffdingAdaptiveTree;Default_FullFeatures;classifier;classifier;classifier;N/A;N/A;N/A;2000;100;99;11800;0,0000;0,0000;0,0000;0,0000;0,0000;0,0000;0;0;0;0
20260614_0639;Recorrência_25;classification;HoeffdingAdaptiveTree;Default_FullFeatures;classifier;classifier;classifier;N/A;N/A;N/A;2000;100;100;11900;0,0000;0,0000;0,0000;0,0000;0,0000;0,0000;0;0;0;0
20260614_0639;Recorrência_25;classification;HoeffdingAdaptiveTree;Default_FullFeatures;classifier;classifier;classifier;N/A;N/A;N/A;2000;100;101;12000;0,0000;0,0000;0,0000;0,0000;0,0000;0,0000;0;0;0;0
20260614_0639;Recorrência_25;classification;HoeffdingAdaptiveTree;Default_FullFeatures;classifier;classifier;classifier;N/A;N/A;N/A;2000;100;102;12100;0,0000;0,0000;0,0000;0,0000;0,0000;0,0000;0;0;0;0
20260614_0639;Recorrência_25;classification;HoeffdingAdaptiveTree;Default_FullFeatures;classifier;classifier;classifier;N/A;N/A;N/A;2000;100;103;12200;0,0000;0,0000;0,0000;0,0000;0,0000;0,0000;0;0;0;0
20260614_0639;Recorrência_25;classification;HoeffdingAdaptiveTree;Default_FullFeatures;classifier;classifier;classifier;N/A;N/A;N/A;2000;100;104;12300;0,0000;0,0000;0,0000;0,0000;0,0000;0,0000;0;0;0;0
20260614_0639;Recorrência_25;classification;HoeffdingAdaptiveTree;Default_FullFeatures;classifier;classifier;classifier;N/A;N/A;N/A;2000;100;105;12400;0,0000;0,0000;0,0000;0,0000;0,0000;0,0000;0;0;0;0
20260614_0639;Recorrência_25;classification;HoeffdingAdaptiveTree;Default_FullFeatures;classifier;classifier;classifier;N/A;N/A;N/A;2000;100;106;12500;0,0000;0,0000;0,0000;0,0000;0,0000;0,0000;0;0;0;0
20260614_0639;Recorrência_25;classification;HoeffdingAdaptiveTree;Default_FullFeatures;classifier;classifier;classifier;N/A;N/A;N/A;2000;100;107;12600;0,0000;0,0000;0,0000;0,0000;0,0000;0,0000;0;0;0;0
20260614_0639;Recorrência_25;classification;HoeffdingAdaptiveTree;Default_FullFeatures;classifier;classifier;classifier;N/A;N/A;N/A;2000;100;108;12700;0,0000;0,0000;0,0000;0,0000;0,0000;0,0000;0;0;0;0
20260614_0639;Recorrência_25;classification;HoeffdingAdaptiveTree;Default_FullFeatures;classifier;classifier;classifier;N/A;N/A;N/A;2000;100;109;12800;0,0000;0,0000;0,0000;0,0000;0,0000;0,0000;0;0;0;0
20260614_0639;Recorrência_25;classification;HoeffdingAdaptiveTree;Default_FullFeatures;classifier;classifier;classifier;N/A;N/A;N/A;2000;100;110;12900;0,0000;0,0000;0,0000;0,0000;0,0000;0,0000;0;0;0;0
20260614_0639;Recorrência_25;classification;HoeffdingAdaptiveTree;Default_FullFeatures;classifier;classifier;classifier;N/A;N/A;N/A;2000;100;111;13000;90,9091;0,0000;100,0000;0,0000;83,3333;0,0000;0;0;2;0
20260614_0639;Recorrência_25;classification;HoeffdingAdaptiveTree;Default_FullFeatures;classifier;classifier;classifier;N/A;N/A;N/A;2000;100;112;13100;0,0000;0,0000;0,0000;0,0000;0,0000;0,0000;0;0;0;0
20260614_0639;Recorrência_25;classification;HoeffdingAdaptiveTree;Default_FullFeatures;classifier;classifier;classifier;N/A;N/A;N/A;2000;100;113;13200;0,0000;0,0000;0,0000;0,0000;0,0000;0,0000;0;0;0;0
20260614_0639;Recorrência_25;classification;HoeffdingAdaptiveTree;Default_FullFeatures;classifier;classifier;classifier;N/A;N/A;N/A;2000;100;114;13300;0,0000;0,0000;0,0000;0,0000;0,0000;0,0000;0;0;0;0
20260614_0639;Recorrência_25;classification;HoeffdingAdaptiveTree;Default_FullFeatures;classifier;classifier;classifier;N/A;N/A;N/A;2000;100;115;13400;0,0000;0,0000;0,0000;0,0000;0,0000;0,0000;0;0;0;0
20260614_0639;Recorrência_25;classification;HoeffdingAdaptiveTree;Default_FullFeatures;classifier;classifier;classifier;N/A;N/A;N/A;2000;100;116;13500;0,0000;0,0000;0,0000;0,0000;0,0000;0,0000;0;0;0;0
20260614_0639;Recorrência_25;classification;HoeffdingAdaptiveTree;Default_FullFeatures;classifier;classifier;classifier;N/A;N/A;N/A;2000;100;117;13600;0,0000;0,0000;0,0000;0,0000;0,0000;0,0000;0;0;0;0
20260614_0639;Recorrência_25;classification;HoeffdingAdaptiveTree;Default_FullFeatures;classifier;classifier;classifier;N/A;N/A;N/A;2000;100;118;13700;0,0000;0,0000;0,0000;0,0000;0,0000;0,0000;0;0;0;0
20260614_0639;Recorrência_25;classification;HoeffdingAdaptiveTree;Default_FullFeatures;classifier;classifier;classifier;N/A;N/A;N/A;2000;100;119;13800;0,0000;0,0000;0,0000;0,0000;0,0000;0,0000;0;0;0;0
20260614_0639;Recorrência_25;classification;HoeffdingAdaptiveTree;Default_FullFeatures;classifier;classifier;classifier;N/A;N/A;N/A;2000;100;120;13900;0,0000;0,0000;0,0000;0,0000;0,0000;0,0000;0;0;0;0
20260614_0639;Recorrência_25;classification;HoeffdingAdaptiveTree;Default_FullFeatures;classifier;classifier;classifier;N/A;N/A;N/A;2000;100;121;14000;0,0000;0,0000;0,0000;0,0000;0,0000;0,0000;0;0;0;0
20260614_0639;Recorrência_25;classification;HoeffdingAdaptiveTree;Default_FullFeatures;classifier;classifier;classifier;N/A;N/A;N/A;2000;100;122;14100;0,0000;0,0000;0,0000;0,0000;0,0000;0,0000;0;0;0;0
20260614_0639;Recorrência_25;classification;HoeffdingAdaptiveTree;Default_FullFeatures;classifier;classifier;classifier;N/A;N/A;N/A;2000;100;123;14200;0,0000;0,0000;0,0000;0,0000;0,0000;0,0000;0;0;0;0
20260614_0639;Recorrência_25;classification;HoeffdingAdaptiveTree;Default_FullFeatures;classifier;classifier;classifier;N/A;N/A;N/A;2000;100;124;14300;0,0000;0,0000;0,0000;0,0000;0,0000;0,0000;0;0;0;0
20260614_0639;Recorrência_25;classification;HoeffdingAdaptiveTree;Default_FullFeatures;classifier;classifier;classifier;N/A;N/A;N/A;2000;100;125;14400;0,0000;0,0000;0,0000;0,0000;0,0000;0,0000;0;0;0;0
20260614_0639;Recorrência_25;classification;HoeffdingAdaptiveTree;Default_FullFeatures;classifier;classifier;classifier;N/A;N/A;N/A;2000;100;126;14500;0,0000;0,0000;0,0000;0,0000;0,0000;0,0000;0;0;0;0
20260614_0639;Recorrência_25;classification;HoeffdingAdaptiveTree;Default_FullFeatures;classifier;classifier;classifier;N/A;N/A;N/A;2000;100;127;14600;0,0000;0,0000;0,0000;0,0000;0,0000;0,0000;0;0;0;0
20260614_0639;Recorrência_25;classification;HoeffdingAdaptiveTree;Default_FullFeatures;classifier;classifier;classifier;N/A;N/A;N/A;2000;100;128;14700;0,0000;0,0000;0,0000;0,0000;0,0000;0,0000;0;0;0;0
20260614_0639;Recorrência_25;classification;HoeffdingAdaptiveTree;Default_FullFeatures;classifier;classifier;classifier;N/A;N/A;N/A;2000;100;129;14800;0,0000;0,0000;0,0000;0,0000;0,0000;0,0000;0;0;0;0
20260614_0639;Recorrência_25;classification;HoeffdingAdaptiveTree;Default_FullFeatures;classifier;classifier;classifier;N/A;N/A;N/A;2000;100;130;14900;0,0000;0,0000;0,0000;0,0000;0,0000;0,0000;0;0;0;0
20260614_0639;Recorrência_25;classification;HoeffdingAdaptiveTree;Default_FullFeatures;classifier;classifier;classifier;N/A;N/A;N/A;2000;100;131;15000;0,0000;0,0000;0,0000;0,0000;0,0000;0,0000;0;0;0;0
20260614_0639;Recorrência_200;classification;HoeffdingAdaptiveTree;Default_FullFeatures;classifier;classifier;classifier;N/A;N/A;N/A;2000;100;1;2000;0,0000;0,0000;0,0000;0,0000;0,0000;0,0000;0;0;0;0
20260614_0639;Recorrência_200;classification;HoeffdingAdaptiveTree;Default_FullFeatures;classifier;classifier;classifier;N/A;N/A;N/A;2000;100;2;2100;0,0000;0,0000;0,0000;0,0000;0,0000;0,0000;0;0;0;0
20260614_0639;Recorrência_200;classification;HoeffdingAdaptiveTree;Default_FullFeatures;classifier;classifier;classifier;N/A;N/A;N/A;2000;100;3;2200;93,3333;0,0000;100,0000;0,0000;87,5000;0,0000;0;0;7;0
20260614_0639;Recorrência_200;classification;HoeffdingAdaptiveTree;Default_FullFeatures;classifier;classifier;classifier;N/A;N/A;N/A;2000;100;4;2300;98,5915;0,0000;100,0000;0,0000;97,2222;0,0000;0;0;1;0
20260614_0639;Recorrência_200;classification;HoeffdingAdaptiveTree;Default_FullFeatures;classifier;classifier;classifier;N/A;N/A;N/A;2000;100;5;2400;0,0000;0,0000;0,0000;0,0000;0,0000;0,0000;1;0;0;0
20260614_0639;Recorrência_200;classification;HoeffdingAdaptiveTree;Default_FullFeatures;classifier;classifier;classifier;N/A;N/A;N/A;2000;100;6;2500;0,0000;0,0000;0,0000;0,0000;0,0000;0,0000;1;0;0;0
20260614_0639;Recorrência_200;classification;HoeffdingAdaptiveTree;Default_FullFeatures;classifier;classifier;classifier;N/A;N/A;N/A;2000;100;7;2600;0,0000;0,0000;0,0000;0,0000;0,0000;0,0000;0;0;0;0
20260614_0639;Recorrência_200;classification;HoeffdingAdaptiveTree;Default_FullFeatures;classifier;classifier;classifier;N/A;N/A;N/A;2000;100;8;2700;0,0000;0,0000;0,0000;0,0000;0,0000;0,0000;1;0;0;0
20260614_0639;Recorrência_200;classification;HoeffdingAdaptiveTree;Default_FullFeatures;classifier;classifier;classifier;N/A;N/A;N/A;2000;100;9;2800;0,0000;0,0000;0,0000;0,0000;0,0000;0,0000;0;0;0;0
20260614_0639;Recorrência_200;classification;HoeffdingAdaptiveTree;Default_FullFeatures;classifier;classifier;classifier;N/A;N/A;N/A;2000;100;10;2900;0,0000;0,0000;0,0000;0,0000;0,0000;0,0000;0;0;0;0
20260614_0639;Recorrência_200;classification;HoeffdingAdaptiveTree;Default_FullFeatures;classifier;classifier;classifier;N/A;N/A;N/A;2000;100;11;3000;0,0000;0,0000;0,0000;0,0000;0,0000;0,0000;0;0;0;0
20260614_0639;Recorrência_200;classification;HoeffdingAdaptiveTree;Default_FullFeatures;classifier;classifier;classifier;N/A;N/A;N/A;2000;100;12;3100;0,0000;0,0000;0,0000;0,0000;0,0000;0,0000;0;0;0;0
20260614_0639;Recorrência_200;classification;HoeffdingAdaptiveTree;Default_FullFeatures;classifier;classifier;classifier;N/A;N/A;N/A;2000;100;13;3200;0,0000;0,0000;0,0000;0,0000;0,0000;0,0000;0;0;0;0
20260614_0639;Recorrência_200;classification;HoeffdingAdaptiveTree;Default_FullFeatures;classifier;classifier;classifier;N/A;N/A;N/A;2000;100;14;3300;0,0000;0,0000;0,0000;0,0000;0,0000;0,0000;0;0;0;0
20260614_0639;Recorrência_200;classification;HoeffdingAdaptiveTree;Default_FullFeatures;classifier;classifier;classifier;N/A;N/A;N/A;2000;100;15;3400;0,0000;0,0000;0,0000;0,0000;0,0000;0,0000;0;0;0;0
20260614_0639;Recorrência_200;classification;HoeffdingAdaptiveTree;Default_FullFeatures;classifier;classifier;classifier;N/A;N/A;N/A;2000;100;16;3500;0,0000;0,0000;0,0000;0,0000;0,0000;0,0000;0;0;0;0
20260614_0639;Recorrência_200;classification;HoeffdingAdaptiveTree;Default_FullFeatures;classifier;classifier;classifier;N/A;N/A;N/A;2000;100;17;3600;0,0000;0,0000;0,0000;0,0000;0,0000;0,0000;0;0;0;0
20260614_0639;Recorrência_200;classification;HoeffdingAdaptiveTree;Default_FullFeatures;classifier;classifier;classifier;N/A;N/A;N/A;2000;100;18;3700;0,0000;0,0000;0,0000;0,0000;0,0000;0,0000;0;0;0;0
20260614_0639;Recorrência_200;classification;HoeffdingAdaptiveTree;Default_FullFeatures;classifier;classifier;classifier;N/A;N/A;N/A;2000;100;19;3800;0,0000;0,0000;0,0000;0,0000;0,0000;0,0000;0;0;0;0
20260614_0639;Recorrência_200;classification;HoeffdingAdaptiveTree;Default_FullFeatures;classifier;classifier;classifier;N/A;N/A;N/A;2000;100;20;3900;0,0000;0,0000;0,0000;0,0000;0,0000;0,0000;0;0;0;0
20260614_0639;Recorrência_200;classification;HoeffdingAdaptiveTree;Default_FullFeatures;classifier;classifier;classifier;N/A;N/A;N/A;2000;100;21;4000;0,0000;0,0000;0,0000;0,0000;0,0000;0,0000;0;0;0;0
20260614_0639;Recorrência_200;classification;HoeffdingAdaptiveTree;Default_FullFeatures;classifier;classifier;classifier;N/A;N/A;N/A;2000;100;22;4100;0,0000;0,0000;0,0000;0,0000;0,0000;0,0000;0;0;0;0
20260614_0639;Recorrência_200;classification;HoeffdingAdaptiveTree;Default_FullFeatures;classifier;classifier;classifier;N/A;N/A;N/A;2000;100;23;4200;0,0000;0,0000;0,0000;0,0000;0,0000;0,0000;0;0;0;0
20260614_0639;Recorrência_200;classification;HoeffdingAdaptiveTree;Default_FullFeatures;classifier;classifier;classifier;N/A;N/A;N/A;2000;100;24;4300;0,0000;0,0000;0,0000;0,0000;0,0000;0,0000;0;0;0;0
20260614_0639;Recorrência_200;classification;HoeffdingAdaptiveTree;Default_FullFeatures;classifier;classifier;classifier;N/A;N/A;N/A;2000;100;25;4400;50,0000;0,0000;100,0000;0,0000;33,3333;0,0000;0;0;10;0
20260614_0639;Recorrência_200;classification;HoeffdingAdaptiveTree;Default_FullFeatures;classifier;classifier;classifier;N/A;N/A;N/A;2000;100;26;4500;74,2424;0,0000;100,0000;0,0000;59,0361;0,0000;0;0;34;0
20260614_0639;Recorrência_200;classification;HoeffdingAdaptiveTree;Default_FullFeatures;classifier;classifier;classifier;N/A;N/A;N/A;2000;100;27;4600;0,0000;0,0000;0,0000;0,0000;0,0000;0,0000;7;0;0;0
20260614_0639;Recorrência_200;classification;HoeffdingAdaptiveTree;Default_FullFeatures;classifier;classifier;classifier;N/A;N/A;N/A;2000;100;28;4700;0,0000;0,0000;0,0000;0,0000;0,0000;0,0000;0;0;0;0
20260614_0639;Recorrência_200;classification;HoeffdingAdaptiveTree;Default_FullFeatures;classifier;classifier;classifier;N/A;N/A;N/A;2000;100;29;4800;0,0000;0,0000;0,0000;0,0000;0,0000;0,0000;0;0;0;0
20260614_0639;Recorrência_200;classification;HoeffdingAdaptiveTree;Default_FullFeatures;classifier;classifier;classifier;N/A;N/A;N/A;2000;100;30;4900;0,0000;0,0000;0,0000;0,0000;0,0000;0,0000;0;0;0;0
20260614_0639;Recorrência_200;classification;HoeffdingAdaptiveTree;Default_FullFeatures;classifier;classifier;classifier;N/A;N/A;N/A;2000;100;31;5000;0,0000;0,0000;0,0000;0,0000;0,0000;0,0000;0;0;0;0
20260614_0639;Recorrência_200;classification;HoeffdingAdaptiveTree;Default_FullFeatures;classifier;classifier;classifier;N/A;N/A;N/A;2000;100;32;5100;0,0000;0,0000;0,0000;0,0000;0,0000;0,0000;0;0;0;0
20260614_0639;Recorrência_200;classification;HoeffdingAdaptiveTree;Default_FullFeatures;classifier;classifier;classifier;N/A;N/A;N/A;2000;100;33;5200;0,0000;0,0000;0,0000;0,0000;0,0000;0,0000;0;0;0;0
20260614_0639;Recorrência_200;classification;HoeffdingAdaptiveTree;Default_FullFeatures;classifier;classifier;classifier;N/A;N/A;N/A;2000;100;34;5300;0,0000;0,0000;0,0000;0,0000;0,0000;0,0000;0;0;0;0
20260614_0639;Recorrência_200;classification;HoeffdingAdaptiveTree;Default_FullFeatures;classifier;classifier;classifier;N/A;N/A;N/A;2000;100;35;5400;0,0000;0,0000;0,0000;0,0000;0,0000;0,0000;0;0;0;0
20260614_0639;Recorrência_200;classification;HoeffdingAdaptiveTree;Default_FullFeatures;classifier;classifier;classifier;N/A;N/A;N/A;2000;100;36;5500;0,0000;0,0000;0,0000;0,0000;0,0000;0,0000;0;0;0;0
20260614_0639;Recorrência_200;classification;HoeffdingAdaptiveTree;Default_FullFeatures;classifier;classifier;classifier;N/A;N/A;N/A;2000;100;37;5600;0,0000;0,0000;0,0000;0,0000;0,0000;0,0000;0;0;0;0
20260614_0639;Recorrência_200;classification;HoeffdingAdaptiveTree;Default_FullFeatures;classifier;classifier;classifier;N/A;N/A;N/A;2000;100;38;5700;0,0000;0,0000;0,0000;0,0000;0,0000;0,0000;0;0;0;0
20260614_0639;Recorrência_200;classification;HoeffdingAdaptiveTree;Default_FullFeatures;classifier;classifier;classifier;N/A;N/A;N/A;2000;100;39;5800;0,0000;0,0000;0,0000;0,0000;0,0000;0,0000;0;0;0;0
20260614_0639;Recorrência_200;classification;HoeffdingAdaptiveTree;Default_FullFeatures;classifier;classifier;classifier;N/A;N/A;N/A;2000;100;40;5900;0,0000;0,0000;0,0000;0,0000;0,0000;0,0000;0;0;0;0
20260614_0639;Recorrência_200;classification;HoeffdingAdaptiveTree;Default_FullFeatures;classifier;classifier;classifier;N/A;N/A;N/A;2000;100;41;6000;0,0000;0,0000;0,0000;0,0000;0,0000;0,0000;0;0;0;0
20260614_0639;Recorrência_200;classification;HoeffdingAdaptiveTree;Default_FullFeatures;classifier;classifier;classifier;N/A;N/A;N/A;2000;100;42;6100;0,0000;0,0000;0,0000;0,0000;0,0000;0,0000;0;0;0;0
20260614_0639;Recorrência_200;classification;HoeffdingAdaptiveTree;Default_FullFeatures;classifier;classifier;classifier;N/A;N/A;N/A;2000;100;43;6200;0,0000;0,0000;0,0000;0,0000;0,0000;0,0000;0;0;0;0
20260614_0639;Recorrência_200;classification;HoeffdingAdaptiveTree;Default_FullFeatures;classifier;classifier;classifier;N/A;N/A;N/A;2000;100;44;6300;0,0000;0,0000;0,0000;0,0000;0,0000;0,0000;0;0;0;0
20260614_0639;Recorrência_200;classification;HoeffdingAdaptiveTree;Default_FullFeatures;classifier;classifier;classifier;N/A;N/A;N/A;2000;100;45;6400;0,0000;0,0000;0,0000;0,0000;0,0000;0,0000;0;0;0;0
20260614_0639;Recorrência_200;classification;HoeffdingAdaptiveTree;Default_FullFeatures;classifier;classifier;classifier;N/A;N/A;N/A;2000;100;46;6500;0,0000;0,0000;0,0000;0,0000;0,0000;0,0000;0;0;0;0
20260614_0639;Recorrência_200;classification;HoeffdingAdaptiveTree;Default_FullFeatures;classifier;classifier;classifier;N/A;N/A;N/A;2000;100;47;6600;0,0000;0,0000;0,0000;0,0000;0,0000;0,0000;0;0;0;0
20260614_0639;Recorrência_200;classification;HoeffdingAdaptiveTree;Default_FullFeatures;classifier;classifier;classifier;N/A;N/A;N/A;2000;100;48;6700;94,3662;0,0000;100,0000;0,0000;89,3333;0,0000;0;0;8;0
20260614_0639;Recorrência_200;classification;HoeffdingAdaptiveTree;Default_FullFeatures;classifier;classifier;classifier;N/A;N/A;N/A;2000;100;49;6800;95,8333;0,0000;100,0000;0,0000;92,0000;0,0000;0;0;2;0
20260614_0639;Recorrência_200;classification;HoeffdingAdaptiveTree;Default_FullFeatures;classifier;classifier;classifier;N/A;N/A;N/A;2000;100;50;6900;0,0000;0,0000;0,0000;0,0000;0,0000;0,0000;0;0;0;0
20260614_0639;Recorrência_200;classification;HoeffdingAdaptiveTree;Default_FullFeatures;classifier;classifier;classifier;N/A;N/A;N/A;2000;100;51;7000;0,0000;0,0000;0,0000;0,0000;0,0000;0,0000;0;0;0;0
20260614_0639;Recorrência_200;classification;HoeffdingAdaptiveTree;Default_FullFeatures;classifier;classifier;classifier;N/A;N/A;N/A;2000;100;52;7100;0,0000;0,0000;0,0000;0,0000;0,0000;0,0000;0;0;0;0
20260614_0639;Recorrência_200;classification;HoeffdingAdaptiveTree;Default_FullFeatures;classifier;classifier;classifier;N/A;N/A;N/A;2000;100;53;7200;0,0000;0,0000;0,0000;0,0000;0,0000;0,0000;0;0;0;0
20260614_0639;Recorrência_200;classification;HoeffdingAdaptiveTree;Default_FullFeatures;classifier;classifier;classifier;N/A;N/A;N/A;2000;100;54;7300;0,0000;0,0000;0,0000;0,0000;0,0000;0,0000;0;0;0;0
20260614_0639;Recorrência_200;classification;HoeffdingAdaptiveTree;Default_FullFeatures;classifier;classifier;classifier;N/A;N/A;N/A;2000;100;55;7400;0,0000;0,0000;0,0000;0,0000;0,0000;0,0000;0;0;0;0
20260614_0639;Recorrência_200;classification;HoeffdingAdaptiveTree;Default_FullFeatures;classifier;classifier;classifier;N/A;N/A;N/A;2000;100;56;7500;0,0000;0,0000;0,0000;0,0000;0,0000;0,0000;0;0;0;0
20260614_0639;Recorrência_200;classification;HoeffdingAdaptiveTree;Default_FullFeatures;classifier;classifier;classifier;N/A;N/A;N/A;2000;100;57;7600;0,0000;0,0000;0,0000;0,0000;0,0000;0,0000;0;0;0;0
20260614_0639;Recorrência_200;classification;HoeffdingAdaptiveTree;Default_FullFeatures;classifier;classifier;classifier;N/A;N/A;N/A;2000;100;58;7700;0,0000;0,0000;0,0000;0,0000;0,0000;0,0000;0;0;0;0
20260614_0639;Recorrência_200;classification;HoeffdingAdaptiveTree;Default_FullFeatures;classifier;classifier;classifier;N/A;N/A;N/A;2000;100;59;7800;0,0000;0,0000;0,0000;0,0000;0,0000;0,0000;0;0;0;0
20260614_0639;Recorrência_200;classification;HoeffdingAdaptiveTree;Default_FullFeatures;classifier;classifier;classifier;N/A;N/A;N/A;2000;100;60;7900;0,0000;0,0000;0,0000;0,0000;0,0000;0,0000;0;0;0;0
20260614_0639;Recorrência_200;classification;HoeffdingAdaptiveTree;Default_FullFeatures;classifier;classifier;classifier;N/A;N/A;N/A;2000;100;61;8000;0,0000;0,0000;0,0000;0,0000;0,0000;0,0000;0;0;0;0
20260614_0639;Recorrência_200;classification;HoeffdingAdaptiveTree;Default_FullFeatures;classifier;classifier;classifier;N/A;N/A;N/A;2000;100;62;8100;0,0000;0,0000;0,0000;0,0000;0,0000;0,0000;0;0;0;0
20260614_0639;Recorrência_200;classification;HoeffdingAdaptiveTree;Default_FullFeatures;classifier;classifier;classifier;N/A;N/A;N/A;2000;100;63;8200;0,0000;0,0000;0,0000;0,0000;0,0000;0,0000;0;0;0;0
20260614_0639;Recorrência_200;classification;HoeffdingAdaptiveTree;Default_FullFeatures;classifier;classifier;classifier;N/A;N/A;N/A;2000;100;64;8300;0,0000;0,0000;0,0000;0,0000;0,0000;0,0000;0;0;0;0
20260614_0639;Recorrência_200;classification;HoeffdingAdaptiveTree;Default_FullFeatures;classifier;classifier;classifier;N/A;N/A;N/A;2000;100;65;8400;0,0000;0,0000;0,0000;0,0000;0,0000;0,0000;0;0;0;0
20260614_0639;Recorrência_200;classification;HoeffdingAdaptiveTree;Default_FullFeatures;classifier;classifier;classifier;N/A;N/A;N/A;2000;100;66;8500;0,0000;0,0000;0,0000;0,0000;0,0000;0,0000;0;0;0;0
20260614_0639;Recorrência_200;classification;HoeffdingAdaptiveTree;Default_FullFeatures;classifier;classifier;classifier;N/A;N/A;N/A;2000;100;67;8600;0,0000;0,0000;0,0000;0,0000;0,0000;0,0000;0;0;0;0
20260614_0639;Recorrência_200;classification;HoeffdingAdaptiveTree;Default_FullFeatures;classifier;classifier;classifier;N/A;N/A;N/A;2000;100;68;8700;0,0000;0,0000;0,0000;0,0000;0,0000;0,0000;0;0;0;0
20260614_0639;Recorrência_200;classification;HoeffdingAdaptiveTree;Default_FullFeatures;classifier;classifier;classifier;N/A;N/A;N/A;2000;100;69;8800;0,0000;0,0000;0,0000;0,0000;0,0000;0,0000;0;0;0;0
20260614_0639;Recorrência_200;classification;HoeffdingAdaptiveTree;Default_FullFeatures;classifier;classifier;classifier;N/A;N/A;N/A;2000;100;70;8900;97,2973;0,0000;100,0000;0,0000;94,7368;0,0000;0;0;1;0
20260614_0639;Recorrência_200;classification;HoeffdingAdaptiveTree;Default_FullFeatures;classifier;classifier;classifier;N/A;N/A;N/A;2000;100;71;9000;95,2381;0,0000;100,0000;0,0000;90,9091;0,0000;0;0;6;0
20260614_0639;Recorrência_200;classification;HoeffdingAdaptiveTree;Default_FullFeatures;classifier;classifier;classifier;N/A;N/A;N/A;2000;100;72;9100;0,0000;0,0000;0,0000;0,0000;0,0000;0,0000;0;0;0;0
20260614_0639;Recorrência_200;classification;HoeffdingAdaptiveTree;Default_FullFeatures;classifier;classifier;classifier;N/A;N/A;N/A;2000;100;73;9200;0,0000;0,0000;0,0000;0,0000;0,0000;0,0000;0;0;0;0
20260614_0639;Recorrência_200;classification;HoeffdingAdaptiveTree;Default_FullFeatures;classifier;classifier;classifier;N/A;N/A;N/A;2000;100;74;9300;0,0000;0,0000;0,0000;0,0000;0,0000;0,0000;0;0;0;0
20260614_0639;Recorrência_200;classification;HoeffdingAdaptiveTree;Default_FullFeatures;classifier;classifier;classifier;N/A;N/A;N/A;2000;100;75;9400;0,0000;0,0000;0,0000;0,0000;0,0000;0,0000;0;0;0;0
20260614_0639;Recorrência_200;classification;HoeffdingAdaptiveTree;Default_FullFeatures;classifier;classifier;classifier;N/A;N/A;N/A;2000;100;76;9500;0,0000;0,0000;0,0000;0,0000;0,0000;0,0000;0;0;0;0
20260614_0639;Recorrência_200;classification;HoeffdingAdaptiveTree;Default_FullFeatures;classifier;classifier;classifier;N/A;N/A;N/A;2000;100;77;9600;0,0000;0,0000;0,0000;0,0000;0,0000;0,0000;0;0;0;0
20260614_0639;Recorrência_200;classification;HoeffdingAdaptiveTree;Default_FullFeatures;classifier;classifier;classifier;N/A;N/A;N/A;2000;100;78;9700;0,0000;0,0000;0,0000;0,0000;0,0000;0,0000;0;0;0;0
20260614_0639;Recorrência_200;classification;HoeffdingAdaptiveTree;Default_FullFeatures;classifier;classifier;classifier;N/A;N/A;N/A;2000;100;79;9800;0,0000;0,0000;0,0000;0,0000;0,0000;0,0000;0;0;0;0
20260614_0639;Recorrência_200;classification;HoeffdingAdaptiveTree;Default_FullFeatures;classifier;classifier;classifier;N/A;N/A;N/A;2000;100;80;9900;0,0000;0,0000;0,0000;0,0000;0,0000;0,0000;0;0;0;0
20260614_0639;Recorrência_200;classification;HoeffdingAdaptiveTree;Default_FullFeatures;classifier;classifier;classifier;N/A;N/A;N/A;2000;100;81;10000;0,0000;0,0000;0,0000;0,0000;0,0000;0,0000;0;0;0;0
20260614_0639;Recorrência_200;classification;HoeffdingAdaptiveTree;Default_FullFeatures;classifier;classifier;classifier;N/A;N/A;N/A;2000;100;82;10100;0,0000;0,0000;0,0000;0,0000;0,0000;0,0000;0;0;0;0
20260614_0639;Recorrência_200;classification;HoeffdingAdaptiveTree;Default_FullFeatures;classifier;classifier;classifier;N/A;N/A;N/A;2000;100;83;10200;0,0000;0,0000;0,0000;0,0000;0,0000;0,0000;0;0;0;0
20260614_0639;Recorrência_200;classification;HoeffdingAdaptiveTree;Default_FullFeatures;classifier;classifier;classifier;N/A;N/A;N/A;2000;100;84;10300;0,0000;0,0000;0,0000;0,0000;0,0000;0,0000;0;0;0;0
20260614_0639;Recorrência_200;classification;HoeffdingAdaptiveTree;Default_FullFeatures;classifier;classifier;classifier;N/A;N/A;N/A;2000;100;85;10400;0,0000;0,0000;0,0000;0,0000;0,0000;0,0000;0;0;0;0
20260614_0639;Recorrência_200;classification;HoeffdingAdaptiveTree;Default_FullFeatures;classifier;classifier;classifier;N/A;N/A;N/A;2000;100;86;10500;0,0000;0,0000;0,0000;0,0000;0,0000;0,0000;0;0;0;0
20260614_0639;Recorrência_200;classification;HoeffdingAdaptiveTree;Default_FullFeatures;classifier;classifier;classifier;N/A;N/A;N/A;2000;100;87;10600;0,0000;0,0000;0,0000;0,0000;0,0000;0,0000;0;0;0;0
20260614_0639;Recorrência_200;classification;HoeffdingAdaptiveTree;Default_FullFeatures;classifier;classifier;classifier;N/A;N/A;N/A;2000;100;88;10700;0,0000;0,0000;0,0000;0,0000;0,0000;0,0000;0;0;0;0
20260614_0639;Recorrência_200;classification;HoeffdingAdaptiveTree;Default_FullFeatures;classifier;classifier;classifier;N/A;N/A;N/A;2000;100;89;10800;0,0000;0,0000;0,0000;0,0000;0,0000;0,0000;0;0;0;0
20260614_0639;Recorrência_200;classification;HoeffdingAdaptiveTree;Default_FullFeatures;classifier;classifier;classifier;N/A;N/A;N/A;2000;100;90;10900;0,0000;0,0000;0,0000;0,0000;0,0000;0,0000;0;0;0;0
20260614_0639;Recorrência_200;classification;HoeffdingAdaptiveTree;Default_FullFeatures;classifier;classifier;classifier;N/A;N/A;N/A;2000;100;91;11000;0,0000;0,0000;0,0000;0,0000;0,0000;0,0000;0;0;0;0
20260614_0639;Recorrência_200;classification;HoeffdingAdaptiveTree;Default_FullFeatures;classifier;classifier;classifier;N/A;N/A;N/A;2000;100;92;11100;0,0000;0,0000;0,0000;0,0000;0,0000;0,0000;0;0;0;0
20260614_0639;Recorrência_200;classification;HoeffdingAdaptiveTree;Default_FullFeatures;classifier;classifier;classifier;N/A;N/A;N/A;2000;100;93;11200;75,3425;0,0000;100,0000;0,0000;60,4396;0,0000;0;0;36;0
20260614_0639;Recorrência_200;classification;HoeffdingAdaptiveTree;Default_FullFeatures;classifier;classifier;classifier;N/A;N/A;N/A;2000;100;94;11300;82,3529;0,0000;87,5000;0,0000;77,7778;0,0000;1;0;2;0
20260614_0639;Recorrência_200;classification;HoeffdingAdaptiveTree;Default_FullFeatures;classifier;classifier;classifier;N/A;N/A;N/A;2000;100;95;11400;0,0000;0,0000;0,0000;0,0000;0,0000;0,0000;0;0;0;0
20260614_0639;Recorrência_200;classification;HoeffdingAdaptiveTree;Default_FullFeatures;classifier;classifier;classifier;N/A;N/A;N/A;2000;100;96;11500;0,0000;0,0000;0,0000;0,0000;0,0000;0,0000;0;0;0;0
20260614_0639;Recorrência_200;classification;HoeffdingAdaptiveTree;Default_FullFeatures;classifier;classifier;classifier;N/A;N/A;N/A;2000;100;97;11600;0,0000;0,0000;0,0000;0,0000;0,0000;0,0000;0;0;0;0
20260614_0639;Recorrência_200;classification;HoeffdingAdaptiveTree;Default_FullFeatures;classifier;classifier;classifier;N/A;N/A;N/A;2000;100;98;11700;0,0000;0,0000;0,0000;0,0000;0,0000;0,0000;0;0;0;0
20260614_0639;Recorrência_200;classification;HoeffdingAdaptiveTree;Default_FullFeatures;classifier;classifier;classifier;N/A;N/A;N/A;2000;100;99;11800;0,0000;0,0000;0,0000;0,0000;0,0000;0,0000;0;0;0;0
20260614_0639;Recorrência_200;classification;HoeffdingAdaptiveTree;Default_FullFeatures;classifier;classifier;classifier;N/A;N/A;N/A;2000;100;100;11900;0,0000;0,0000;0,0000;0,0000;0,0000;0,0000;0;0;0;0
20260614_0639;Recorrência_200;classification;HoeffdingAdaptiveTree;Default_FullFeatures;classifier;classifier;classifier;N/A;N/A;N/A;2000;100;101;12000;0,0000;0,0000;0,0000;0,0000;0,0000;0,0000;0;0;0;0
20260614_0639;Recorrência_200;classification;HoeffdingAdaptiveTree;Default_FullFeatures;classifier;classifier;classifier;N/A;N/A;N/A;2000;100;102;12100;0,0000;0,0000;0,0000;0,0000;0,0000;0,0000;0;0;0;0
20260614_0639;Recorrência_200;classification;HoeffdingAdaptiveTree;Default_FullFeatures;classifier;classifier;classifier;N/A;N/A;N/A;2000;100;103;12200;0,0000;0,0000;0,0000;0,0000;0,0000;0,0000;0;0;0;0
20260614_0639;Recorrência_200;classification;HoeffdingAdaptiveTree;Default_FullFeatures;classifier;classifier;classifier;N/A;N/A;N/A;2000;100;104;12300;0,0000;0,0000;0,0000;0,0000;0,0000;0,0000;0;0;0;0
20260614_0639;Recorrência_200;classification;HoeffdingAdaptiveTree;Default_FullFeatures;classifier;classifier;classifier;N/A;N/A;N/A;2000;100;105;12400;0,0000;0,0000;0,0000;0,0000;0,0000;0,0000;0;0;0;0
20260614_0639;Recorrência_200;classification;HoeffdingAdaptiveTree;Default_FullFeatures;classifier;classifier;classifier;N/A;N/A;N/A;2000;100;106;12500;0,0000;0,0000;0,0000;0,0000;0,0000;0,0000;0;0;0;0
20260614_0639;Recorrência_200;classification;HoeffdingAdaptiveTree;Default_FullFeatures;classifier;classifier;classifier;N/A;N/A;N/A;2000;100;107;12600;0,0000;0,0000;0,0000;0,0000;0,0000;0,0000;0;0;0;0
20260614_0639;Recorrência_200;classification;HoeffdingAdaptiveTree;Default_FullFeatures;classifier;classifier;classifier;N/A;N/A;N/A;2000;100;108;12700;0,0000;0,0000;0,0000;0,0000;0,0000;0,0000;0;0;0;0
20260614_0639;Recorrência_200;classification;HoeffdingAdaptiveTree;Default_FullFeatures;classifier;classifier;classifier;N/A;N/A;N/A;2000;100;109;12800;0,0000;0,0000;0,0000;0,0000;0,0000;0,0000;0;0;0;0
20260614_0639;Recorrência_200;classification;HoeffdingAdaptiveTree;Default_FullFeatures;classifier;classifier;classifier;N/A;N/A;N/A;2000;100;110;12900;0,0000;0,0000;0,0000;0,0000;0,0000;0,0000;0;0;0;0
20260614_0639;Recorrência_200;classification;HoeffdingAdaptiveTree;Default_FullFeatures;classifier;classifier;classifier;N/A;N/A;N/A;2000;100;111;13000;0,0000;0,0000;0,0000;0,0000;0,0000;0,0000;0;0;0;0
20260614_0639;Recorrência_200;classification;HoeffdingAdaptiveTree;Default_FullFeatures;classifier;classifier;classifier;N/A;N/A;N/A;2000;100;112;13100;0,0000;0,0000;0,0000;0,0000;0,0000;0,0000;0;0;0;0
20260614_0639;Recorrência_200;classification;HoeffdingAdaptiveTree;Default_FullFeatures;classifier;classifier;classifier;N/A;N/A;N/A;2000;100;113;13200;0,0000;0,0000;0,0000;0,0000;0,0000;0,0000;0;0;0;0
20260614_0639;Recorrência_200;classification;HoeffdingAdaptiveTree;Default_FullFeatures;classifier;classifier;classifier;N/A;N/A;N/A;2000;100;114;13300;0,0000;0,0000;0,0000;0,0000;0,0000;0,0000;0;0;0;0
20260614_0639;Recorrência_200;classification;HoeffdingAdaptiveTree;Default_FullFeatures;classifier;classifier;classifier;N/A;N/A;N/A;2000;100;115;13400;100,0000;0,0000;100,0000;0,0000;100,0000;0,0000;0;0;0;0
20260614_0639;Recorrência_200;classification;HoeffdingAdaptiveTree;Default_FullFeatures;classifier;classifier;classifier;N/A;N/A;N/A;2000;100;116;13500;100,0000;0,0000;100,0000;0,0000;100,0000;0,0000;0;0;0;0
20260614_0639;Recorrência_200;classification;HoeffdingAdaptiveTree;Default_FullFeatures;classifier;classifier;classifier;N/A;N/A;N/A;2000;100;117;13600;0,0000;0,0000;0,0000;0,0000;0,0000;0,0000;0;0;0;0
20260614_0639;Recorrência_200;classification;HoeffdingAdaptiveTree;Default_FullFeatures;classifier;classifier;classifier;N/A;N/A;N/A;2000;100;118;13700;0,0000;0,0000;0,0000;0,0000;0,0000;0,0000;0;0;0;0
20260614_0639;Recorrência_200;classification;HoeffdingAdaptiveTree;Default_FullFeatures;classifier;classifier;classifier;N/A;N/A;N/A;2000;100;119;13800;0,0000;0,0000;0,0000;0,0000;0,0000;0,0000;0;0;0;0
20260614_0639;Recorrência_200;classification;HoeffdingAdaptiveTree;Default_FullFeatures;classifier;classifier;classifier;N/A;N/A;N/A;2000;100;120;13900;0,0000;0,0000;0,0000;0,0000;0,0000;0,0000;0;0;0;0
20260614_0639;Recorrência_200;classification;HoeffdingAdaptiveTree;Default_FullFeatures;classifier;classifier;classifier;N/A;N/A;N/A;2000;100;121;14000;0,0000;0,0000;0,0000;0,0000;0,0000;0,0000;0;0;0;0
20260614_0639;Recorrência_200;classification;HoeffdingAdaptiveTree;Default_FullFeatures;classifier;classifier;classifier;N/A;N/A;N/A;2000;100;122;14100;0,0000;0,0000;0,0000;0,0000;0,0000;0,0000;0;0;0;0
20260614_0639;Recorrência_200;classification;HoeffdingAdaptiveTree;Default_FullFeatures;classifier;classifier;classifier;N/A;N/A;N/A;2000;100;123;14200;0,0000;0,0000;0,0000;0,0000;0,0000;0,0000;0;0;0;0
20260614_0639;Recorrência_200;classification;HoeffdingAdaptiveTree;Default_FullFeatures;classifier;classifier;classifier;N/A;N/A;N/A;2000;100;124;14300;0,0000;0,0000;0,0000;0,0000;0,0000;0,0000;0;0;0;0
20260614_0639;Recorrência_200;classification;HoeffdingAdaptiveTree;Default_FullFeatures;classifier;classifier;classifier;N/A;N/A;N/A;2000;100;125;14400;0,0000;0,0000;0,0000;0,0000;0,0000;0,0000;0;0;0;0
20260614_0639;Recorrência_200;classification;HoeffdingAdaptiveTree;Default_FullFeatures;classifier;classifier;classifier;N/A;N/A;N/A;2000;100;126;14500;0,0000;0,0000;0,0000;0,0000;0,0000;0,0000;0;0;0;0
20260614_0639;Recorrência_200;classification;HoeffdingAdaptiveTree;Default_FullFeatures;classifier;classifier;classifier;N/A;N/A;N/A;2000;100;127;14600;0,0000;0,0000;0,0000;0,0000;0,0000;0,0000;0;0;0;0
20260614_0639;Recorrência_200;classification;HoeffdingAdaptiveTree;Default_FullFeatures;classifier;classifier;classifier;N/A;N/A;N/A;2000;100;128;14700;0,0000;0,0000;0,0000;0,0000;0,0000;0,0000;0;0;0;0
20260614_0639;Recorrência_200;classification;HoeffdingAdaptiveTree;Default_FullFeatures;classifier;classifier;classifier;N/A;N/A;N/A;2000;100;129;14800;0,0000;0,0000;0,0000;0,0000;0,0000;0,0000;0;0;0;0
20260614_0639;Recorrência_200;classification;HoeffdingAdaptiveTree;Default_FullFeatures;classifier;classifier;classifier;N/A;N/A;N/A;2000;100;130;14900;0,0000;0,0000;0,0000;0,0000;0,0000;0,0000;0;0;0;0
20260614_0639;Recorrência_200;classification;HoeffdingAdaptiveTree;Default_FullFeatures;classifier;classifier;classifier;N/A;N/A;N/A;2000;100;131;15000;0,0000;0,0000;0,0000;0,0000;0,0000;0,0000;0;0;0;0
20260614_0639;Recorrência_200;classification;HoeffdingAdaptiveTree;Default_FullFeatures;classifier;classifier;classifier;N/A;N/A;N/A;2000;100;132;15100;0,0000;0,0000;0,0000;0,0000;0,0000;0,0000;0;0;0;0
20260614_0639;Recorrência_200;classification;HoeffdingAdaptiveTree;Default_FullFeatures;classifier;classifier;classifier;N/A;N/A;N/A;2000;100;133;15200;0,0000;0,0000;0,0000;0,0000;0,0000;0,0000;0;0;0;0
20260614_0639;Recorrência_200;classification;HoeffdingAdaptiveTree;Default_FullFeatures;classifier;classifier;classifier;N/A;N/A;N/A;2000;100;134;15300;0,0000;0,0000;0,0000;0,0000;0,0000;0,0000;0;0;0;0
20260614_0639;Recorrência_200;classification;HoeffdingAdaptiveTree;Default_FullFeatures;classifier;classifier;classifier;N/A;N/A;N/A;2000;100;135;15400;0,0000;0,0000;0,0000;0,0000;0,0000;0,0000;0;0;0;0
20260614_0639;Recorrência_200;classification;HoeffdingAdaptiveTree;Default_FullFeatures;classifier;classifier;classifier;N/A;N/A;N/A;2000;100;136;15500;0,0000;0,0000;0,0000;0,0000;0,0000;0,0000;0;0;0;0
20260614_0639;Recorrência_1000;classification;HoeffdingAdaptiveTree;Default_FullFeatures;classifier;classifier;classifier;N/A;N/A;N/A;2000;100;1;2000;0,0000;0,0000;0,0000;0,0000;0,0000;0,0000;0;0;0;0
20260614_0639;Recorrência_1000;classification;HoeffdingAdaptiveTree;Default_FullFeatures;classifier;classifier;classifier;N/A;N/A;N/A;2000;100;2;2100;0,0000;0,0000;0,0000;0,0000;0,0000;0,0000;0;0;0;0
20260614_0639;Recorrência_1000;classification;HoeffdingAdaptiveTree;Default_FullFeatures;classifier;classifier;classifier;N/A;N/A;N/A;2000;100;3;2200;93,3333;0,0000;100,0000;0,0000;87,5000;0,0000;0;0;7;0
20260614_0639;Recorrência_1000;classification;HoeffdingAdaptiveTree;Default_FullFeatures;classifier;classifier;classifier;N/A;N/A;N/A;2000;100;4;2300;99,3789;0,0000;100,0000;0,0000;98,7654;0,0000;0;0;1;0
20260614_0639;Recorrência_1000;classification;HoeffdingAdaptiveTree;Default_FullFeatures;classifier;classifier;classifier;N/A;N/A;N/A;2000;100;5;2400;99,4872;0,0000;100,0000;0,0000;98,9796;0,0000;0;0;1;0
20260614_0639;Recorrência_1000;classification;HoeffdingAdaptiveTree;Default_FullFeatures;classifier;classifier;classifier;N/A;N/A;N/A;2000;100;6;2500;100,0000;0,0000;100,0000;0,0000;100,0000;0,0000;0;0;0;0
20260614_0639;Recorrência_1000;classification;HoeffdingAdaptiveTree;Default_FullFeatures;classifier;classifier;classifier;N/A;N/A;N/A;2000;100;7;2600;98,4615;0,0000;100,0000;0,0000;96,9697;0,0000;0;0;3;0
20260614_0639;Recorrência_1000;classification;HoeffdingAdaptiveTree;Default_FullFeatures;classifier;classifier;classifier;N/A;N/A;N/A;2000;100;8;2700;89,6552;0,0000;82,9787;0,0000;97,5000;0,0000;8;0;1;0
20260614_0639;Recorrência_1000;classification;HoeffdingAdaptiveTree;Default_FullFeatures;classifier;classifier;classifier;N/A;N/A;N/A;2000;100;9;2800;0,0000;0,0000;0,0000;0,0000;0,0000;0,0000;1;0;0;0
20260614_0639;Recorrência_1000;classification;HoeffdingAdaptiveTree;Default_FullFeatures;classifier;classifier;classifier;N/A;N/A;N/A;2000;100;10;2900;0,0000;0,0000;0,0000;0,0000;0,0000;0,0000;1;0;0;0
20260614_0639;Recorrência_1000;classification;HoeffdingAdaptiveTree;Default_FullFeatures;classifier;classifier;classifier;N/A;N/A;N/A;2000;100;11;3000;0,0000;0,0000;0,0000;0,0000;0,0000;0,0000;0;0;0;0
20260614_0639;Recorrência_1000;classification;HoeffdingAdaptiveTree;Default_FullFeatures;classifier;classifier;classifier;N/A;N/A;N/A;2000;100;12;3100;0,0000;0,0000;0,0000;0,0000;0,0000;0,0000;1;0;0;0
20260614_0639;Recorrência_1000;classification;HoeffdingAdaptiveTree;Default_FullFeatures;classifier;classifier;classifier;N/A;N/A;N/A;2000;100;13;3200;0,0000;0,0000;0,0000;0,0000;0,0000;0,0000;0;0;0;0
20260614_0639;Recorrência_1000;classification;HoeffdingAdaptiveTree;Default_FullFeatures;classifier;classifier;classifier;N/A;N/A;N/A;2000;100;14;3300;0,0000;0,0000;0,0000;0,0000;0,0000;0,0000;0;0;0;0
20260614_0639;Recorrência_1000;classification;HoeffdingAdaptiveTree;Default_FullFeatures;classifier;classifier;classifier;N/A;N/A;N/A;2000;100;15;3400;0,0000;0,0000;0,0000;0,0000;0,0000;0,0000;0;0;0;0
20260614_0639;Recorrência_1000;classification;HoeffdingAdaptiveTree;Default_FullFeatures;classifier;classifier;classifier;N/A;N/A;N/A;2000;100;16;3500;0,0000;0,0000;0,0000;0,0000;0,0000;0,0000;0;0;0;0
20260614_0639;Recorrência_1000;classification;HoeffdingAdaptiveTree;Default_FullFeatures;classifier;classifier;classifier;N/A;N/A;N/A;2000;100;17;3600;0,0000;0,0000;0,0000;0,0000;0,0000;0,0000;1;0;0;0
20260614_0639;Recorrência_1000;classification;HoeffdingAdaptiveTree;Default_FullFeatures;classifier;classifier;classifier;N/A;N/A;N/A;2000;100;18;3700;0,0000;0,0000;0,0000;0,0000;0,0000;0,0000;2;0;0;0
20260614_0639;Recorrência_1000;classification;HoeffdingAdaptiveTree;Default_FullFeatures;classifier;classifier;classifier;N/A;N/A;N/A;2000;100;19;3800;0,0000;0,0000;0,0000;0,0000;0,0000;0,0000;1;0;0;0
20260614_0639;Recorrência_1000;classification;HoeffdingAdaptiveTree;Default_FullFeatures;classifier;classifier;classifier;N/A;N/A;N/A;2000;100;20;3900;0,0000;0,0000;0,0000;0,0000;0,0000;0,0000;0;0;0;0
20260614_0639;Recorrência_1000;classification;HoeffdingAdaptiveTree;Default_FullFeatures;classifier;classifier;classifier;N/A;N/A;N/A;2000;100;21;4000;0,0000;0,0000;0,0000;0,0000;0,0000;0,0000;0;0;0;0
20260614_0639;Recorrência_1000;classification;HoeffdingAdaptiveTree;Default_FullFeatures;classifier;classifier;classifier;N/A;N/A;N/A;2000;100;22;4100;0,0000;0,0000;0,0000;0,0000;0,0000;0,0000;0;0;0;0
20260614_0639;Recorrência_1000;classification;HoeffdingAdaptiveTree;Default_FullFeatures;classifier;classifier;classifier;N/A;N/A;N/A;2000;100;23;4200;0,0000;0,0000;0,0000;0,0000;0,0000;0,0000;0;0;0;0
20260614_0639;Recorrência_1000;classification;HoeffdingAdaptiveTree;Default_FullFeatures;classifier;classifier;classifier;N/A;N/A;N/A;2000;100;24;4300;0,0000;0,0000;0,0000;0,0000;0,0000;0,0000;0;0;0;0
20260614_0639;Recorrência_1000;classification;HoeffdingAdaptiveTree;Default_FullFeatures;classifier;classifier;classifier;N/A;N/A;N/A;2000;100;25;4400;0,0000;0,0000;0,0000;0,0000;0,0000;0,0000;0;0;0;0
20260614_0639;Recorrência_1000;classification;HoeffdingAdaptiveTree;Default_FullFeatures;classifier;classifier;classifier;N/A;N/A;N/A;2000;100;26;4500;0,0000;0,0000;0,0000;0,0000;0,0000;0,0000;1;0;0;0
20260614_0639;Recorrência_1000;classification;HoeffdingAdaptiveTree;Default_FullFeatures;classifier;classifier;classifier;N/A;N/A;N/A;2000;100;27;4600;0,0000;0,0000;0,0000;0,0000;0,0000;0,0000;0;0;0;0
20260614_0639;Recorrência_1000;classification;HoeffdingAdaptiveTree;Default_FullFeatures;classifier;classifier;classifier;N/A;N/A;N/A;2000;100;28;4700;0,0000;0,0000;0,0000;0,0000;0,0000;0,0000;0;0;0;0
20260614_0639;Recorrência_1000;classification;HoeffdingAdaptiveTree;Default_FullFeatures;classifier;classifier;classifier;N/A;N/A;N/A;2000;100;29;4800;57,1429;0,0000;100,0000;0,0000;40,0000;0,0000;0;0;9;0
20260614_0639;Recorrência_1000;classification;HoeffdingAdaptiveTree;Default_FullFeatures;classifier;classifier;classifier;N/A;N/A;N/A;2000;100;30;4900;85,7143;0,0000;100,0000;0,0000;75,0000;0,0000;0;0;25;0
20260614_0639;Recorrência_1000;classification;HoeffdingAdaptiveTree;Default_FullFeatures;classifier;classifier;classifier;N/A;N/A;N/A;2000;100;31;5000;83,7209;0,0000;100,0000;0,0000;72,0000;0,0000;0;0;28;0
20260614_0639;Recorrência_1000;classification;HoeffdingAdaptiveTree;Default_FullFeatures;classifier;classifier;classifier;N/A;N/A;N/A;2000;100;32;5100;84,3931;0,0000;100,0000;0,0000;73,0000;0,0000;0;0;27;0
20260614_0639;Recorrência_1000;classification;HoeffdingAdaptiveTree;Default_FullFeatures;classifier;classifier;classifier;N/A;N/A;N/A;2000;100;33;5200;85,7143;0,0000;100,0000;0,0000;75,0000;0,0000;0;0;25;0
20260614_0639;Recorrência_1000;classification;HoeffdingAdaptiveTree;Default_FullFeatures;classifier;classifier;classifier;N/A;N/A;N/A;2000;100;34;5300;95,4023;0,0000;91,2088;0,0000;100,0000;0,0000;8;0;0;0
20260614_0639;Recorrência_1000;classification;HoeffdingAdaptiveTree;Default_FullFeatures;classifier;classifier;classifier;N/A;N/A;N/A;2000;100;35;5400;0,0000;0,0000;0,0000;0,0000;0,0000;0,0000;0;0;0;0
20260614_0639;Recorrência_1000;classification;HoeffdingAdaptiveTree;Default_FullFeatures;classifier;classifier;classifier;N/A;N/A;N/A;2000;100;36;5500;0,0000;0,0000;0,0000;0,0000;0,0000;0,0000;1;0;0;0
20260614_0639;Recorrência_1000;classification;HoeffdingAdaptiveTree;Default_FullFeatures;classifier;classifier;classifier;N/A;N/A;N/A;2000;100;37;5600;0,0000;0,0000;0,0000;0,0000;0,0000;0,0000;0;0;0;0
20260614_0639;Recorrência_1000;classification;HoeffdingAdaptiveTree;Default_FullFeatures;classifier;classifier;classifier;N/A;N/A;N/A;2000;100;38;5700;0,0000;0,0000;0,0000;0,0000;0,0000;0,0000;0;0;0;0
20260614_0639;Recorrência_1000;classification;HoeffdingAdaptiveTree;Default_FullFeatures;classifier;classifier;classifier;N/A;N/A;N/A;2000;100;39;5800;0,0000;0,0000;0,0000;0,0000;0,0000;0,0000;0;0;0;0
20260614_0639;Recorrência_1000;classification;HoeffdingAdaptiveTree;Default_FullFeatures;classifier;classifier;classifier;N/A;N/A;N/A;2000;100;40;5900;0,0000;0,0000;0,0000;0,0000;0,0000;0,0000;0;0;0;0
20260614_0639;Recorrência_1000;classification;HoeffdingAdaptiveTree;Default_FullFeatures;classifier;classifier;classifier;N/A;N/A;N/A;2000;100;41;6000;0,0000;0,0000;0,0000;0,0000;0,0000;0,0000;0;0;0;0
20260614_0639;Recorrência_1000;classification;HoeffdingAdaptiveTree;Default_FullFeatures;classifier;classifier;classifier;N/A;N/A;N/A;2000;100;42;6100;0,0000;0,0000;0,0000;0,0000;0,0000;0,0000;0;0;0;0
20260614_0639;Recorrência_1000;classification;HoeffdingAdaptiveTree;Default_FullFeatures;classifier;classifier;classifier;N/A;N/A;N/A;2000;100;43;6200;0,0000;0,0000;0,0000;0,0000;0,0000;0,0000;0;0;0;0
20260614_0639;Recorrência_1000;classification;HoeffdingAdaptiveTree;Default_FullFeatures;classifier;classifier;classifier;N/A;N/A;N/A;2000;100;44;6300;0,0000;0,0000;0,0000;0,0000;0,0000;0,0000;0;0;0;0
20260614_0639;Recorrência_1000;classification;HoeffdingAdaptiveTree;Default_FullFeatures;classifier;classifier;classifier;N/A;N/A;N/A;2000;100;45;6400;0,0000;0,0000;0,0000;0,0000;0,0000;0,0000;0;0;0;0
20260614_0639;Recorrência_1000;classification;HoeffdingAdaptiveTree;Default_FullFeatures;classifier;classifier;classifier;N/A;N/A;N/A;2000;100;46;6500;0,0000;0,0000;0,0000;0,0000;0,0000;0,0000;0;0;0;0
20260614_0639;Recorrência_1000;classification;HoeffdingAdaptiveTree;Default_FullFeatures;classifier;classifier;classifier;N/A;N/A;N/A;2000;100;47;6600;0,0000;0,0000;0,0000;0,0000;0,0000;0,0000;0;0;0;0
20260614_0639;Recorrência_1000;classification;HoeffdingAdaptiveTree;Default_FullFeatures;classifier;classifier;classifier;N/A;N/A;N/A;2000;100;48;6700;0,0000;0,0000;0,0000;0,0000;0,0000;0,0000;0;0;0;0
20260614_0639;Recorrência_1000;classification;HoeffdingAdaptiveTree;Default_FullFeatures;classifier;classifier;classifier;N/A;N/A;N/A;2000;100;49;6800;0,0000;0,0000;0,0000;0,0000;0,0000;0,0000;0;0;0;0
20260614_0639;Recorrência_1000;classification;HoeffdingAdaptiveTree;Default_FullFeatures;classifier;classifier;classifier;N/A;N/A;N/A;2000;100;50;6900;0,0000;0,0000;0,0000;0,0000;0,0000;0,0000;0;0;0;0
20260614_0639;Recorrência_1000;classification;HoeffdingAdaptiveTree;Default_FullFeatures;classifier;classifier;classifier;N/A;N/A;N/A;2000;100;51;7000;0,0000;0,0000;0,0000;0,0000;0,0000;0,0000;0;0;0;0
20260614_0639;Recorrência_1000;classification;HoeffdingAdaptiveTree;Default_FullFeatures;classifier;classifier;classifier;N/A;N/A;N/A;2000;100;52;7100;0,0000;0,0000;0,0000;0,0000;0,0000;0,0000;0;0;0;0
20260614_0639;Recorrência_1000;classification;HoeffdingAdaptiveTree;Default_FullFeatures;classifier;classifier;classifier;N/A;N/A;N/A;2000;100;53;7200;0,0000;0,0000;0,0000;0,0000;0,0000;0,0000;0;0;0;0
20260614_0639;Recorrência_1000;classification;HoeffdingAdaptiveTree;Default_FullFeatures;classifier;classifier;classifier;N/A;N/A;N/A;2000;100;54;7300;0,0000;0,0000;0,0000;0,0000;0,0000;0,0000;0;0;0;0
20260614_0639;Recorrência_1000;classification;HoeffdingAdaptiveTree;Default_FullFeatures;classifier;classifier;classifier;N/A;N/A;N/A;2000;100;55;7400;0,0000;0,0000;0,0000;0,0000;0,0000;0,0000;0;0;0;0
20260614_0639;Recorrência_1000;classification;HoeffdingAdaptiveTree;Default_FullFeatures;classifier;classifier;classifier;N/A;N/A;N/A;2000;100;56;7500;97,2603;0,0000;100,0000;0,0000;94,6667;0,0000;0;0;4;0
20260614_0639;Recorrência_1000;classification;HoeffdingAdaptiveTree;Default_FullFeatures;classifier;classifier;classifier;N/A;N/A;N/A;2000;100;57;7600;100,0000;0,0000;100,0000;0,0000;100,0000;0,0000;0;0;0;0
20260614_0639;Recorrência_1000;classification;HoeffdingAdaptiveTree;Default_FullFeatures;classifier;classifier;classifier;N/A;N/A;N/A;2000;100;58;7700;100,0000;0,0000;100,0000;0,0000;100,0000;0,0000;0;0;0;0
20260614_0639;Recorrência_1000;classification;HoeffdingAdaptiveTree;Default_FullFeatures;classifier;classifier;classifier;N/A;N/A;N/A;2000;100;59;7800;100,0000;0,0000;100,0000;0,0000;100,0000;0,0000;0;0;0;0
20260614_0639;Recorrência_1000;classification;HoeffdingAdaptiveTree;Default_FullFeatures;classifier;classifier;classifier;N/A;N/A;N/A;2000;100;60;7900;100,0000;0,0000;100,0000;0,0000;100,0000;0,0000;0;0;0;0
20260614_0639;Recorrência_1000;classification;HoeffdingAdaptiveTree;Default_FullFeatures;classifier;classifier;classifier;N/A;N/A;N/A;2000;100;61;8000;100,0000;0,0000;100,0000;0,0000;100,0000;0,0000;0;0;0;0
20260614_0639;Recorrência_1000;classification;HoeffdingAdaptiveTree;Default_FullFeatures;classifier;classifier;classifier;N/A;N/A;N/A;2000;100;62;8100;0,0000;0,0000;0,0000;0,0000;0,0000;0,0000;0;0;0;0
20260614_0639;Recorrência_1000;classification;HoeffdingAdaptiveTree;Default_FullFeatures;classifier;classifier;classifier;N/A;N/A;N/A;2000;100;63;8200;0,0000;0,0000;0,0000;0,0000;0,0000;0,0000;0;0;0;0
20260614_0639;Recorrência_1000;classification;HoeffdingAdaptiveTree;Default_FullFeatures;classifier;classifier;classifier;N/A;N/A;N/A;2000;100;64;8300;0,0000;0,0000;0,0000;0,0000;0,0000;0,0000;0;0;0;0
20260614_0639;Recorrência_1000;classification;HoeffdingAdaptiveTree;Default_FullFeatures;classifier;classifier;classifier;N/A;N/A;N/A;2000;100;65;8400;0,0000;0,0000;0,0000;0,0000;0,0000;0,0000;0;0;0;0
20260614_0639;Recorrência_1000;classification;HoeffdingAdaptiveTree;Default_FullFeatures;classifier;classifier;classifier;N/A;N/A;N/A;2000;100;66;8500;0,0000;0,0000;0,0000;0,0000;0,0000;0,0000;0;0;0;0
20260614_0639;Recorrência_1000;classification;HoeffdingAdaptiveTree;Default_FullFeatures;classifier;classifier;classifier;N/A;N/A;N/A;2000;100;67;8600;0,0000;0,0000;0,0000;0,0000;0,0000;0,0000;0;0;0;0
20260614_0639;Recorrência_1000;classification;HoeffdingAdaptiveTree;Default_FullFeatures;classifier;classifier;classifier;N/A;N/A;N/A;2000;100;68;8700;0,0000;0,0000;0,0000;0,0000;0,0000;0,0000;0;0;0;0
20260614_0639;Recorrência_1000;classification;HoeffdingAdaptiveTree;Default_FullFeatures;classifier;classifier;classifier;N/A;N/A;N/A;2000;100;69;8800;0,0000;0,0000;0,0000;0,0000;0,0000;0,0000;0;0;0;0
20260614_0639;Recorrência_1000;classification;HoeffdingAdaptiveTree;Default_FullFeatures;classifier;classifier;classifier;N/A;N/A;N/A;2000;100;70;8900;0,0000;0,0000;0,0000;0,0000;0,0000;0,0000;0;0;0;0
20260614_0639;Recorrência_1000;classification;HoeffdingAdaptiveTree;Default_FullFeatures;classifier;classifier;classifier;N/A;N/A;N/A;2000;100;71;9000;0,0000;0,0000;0,0000;0,0000;0,0000;0,0000;0;0;0;0
20260614_0639;Recorrência_1000;classification;HoeffdingAdaptiveTree;Default_FullFeatures;classifier;classifier;classifier;N/A;N/A;N/A;2000;100;72;9100;0,0000;0,0000;0,0000;0,0000;0,0000;0,0000;0;0;0;0
20260614_0639;Recorrência_1000;classification;HoeffdingAdaptiveTree;Default_FullFeatures;classifier;classifier;classifier;N/A;N/A;N/A;2000;100;73;9200;0,0000;0,0000;0,0000;0,0000;0,0000;0,0000;0;0;0;0
20260614_0639;Recorrência_1000;classification;HoeffdingAdaptiveTree;Default_FullFeatures;classifier;classifier;classifier;N/A;N/A;N/A;2000;100;74;9300;0,0000;0,0000;0,0000;0,0000;0,0000;0,0000;0;0;0;0
20260614_0639;Recorrência_1000;classification;HoeffdingAdaptiveTree;Default_FullFeatures;classifier;classifier;classifier;N/A;N/A;N/A;2000;100;75;9400;0,0000;0,0000;0,0000;0,0000;0,0000;0,0000;0;0;0;0
20260614_0639;Recorrência_1000;classification;HoeffdingAdaptiveTree;Default_FullFeatures;classifier;classifier;classifier;N/A;N/A;N/A;2000;100;76;9500;0,0000;0,0000;0,0000;0,0000;0,0000;0,0000;0;0;0;0
20260614_0639;Recorrência_1000;classification;HoeffdingAdaptiveTree;Default_FullFeatures;classifier;classifier;classifier;N/A;N/A;N/A;2000;100;77;9600;0,0000;0,0000;0,0000;0,0000;0,0000;0,0000;0;0;0;0
20260614_0639;Recorrência_1000;classification;HoeffdingAdaptiveTree;Default_FullFeatures;classifier;classifier;classifier;N/A;N/A;N/A;2000;100;78;9700;0,0000;0,0000;0,0000;0,0000;0,0000;0,0000;0;0;0;0
20260614_0639;Recorrência_1000;classification;HoeffdingAdaptiveTree;Default_FullFeatures;classifier;classifier;classifier;N/A;N/A;N/A;2000;100;79;9800;0,0000;0,0000;0,0000;0,0000;0,0000;0,0000;0;0;0;0
20260614_0639;Recorrência_1000;classification;HoeffdingAdaptiveTree;Default_FullFeatures;classifier;classifier;classifier;N/A;N/A;N/A;2000;100;80;9900;0,0000;0,0000;0,0000;0,0000;0,0000;0,0000;0;0;0;0
20260614_0639;Recorrência_1000;classification;HoeffdingAdaptiveTree;Default_FullFeatures;classifier;classifier;classifier;N/A;N/A;N/A;2000;100;81;10000;0,0000;0,0000;0,0000;0,0000;0,0000;0,0000;0;0;0;0
20260614_0639;Recorrência_1000;classification;HoeffdingAdaptiveTree;Default_FullFeatures;classifier;classifier;classifier;N/A;N/A;N/A;2000;100;82;10100;76,1905;0,0000;100,0000;0,0000;61,5385;0,0000;0;0;5;0
20260614_0639;Recorrência_1000;classification;HoeffdingAdaptiveTree;Default_FullFeatures;classifier;classifier;classifier;N/A;N/A;N/A;2000;100;83;10200;92,0000;0,0000;100,0000;0,0000;85,1852;0,0000;0;0;4;0
20260614_0639;Recorrência_1000;classification;HoeffdingAdaptiveTree;Default_FullFeatures;classifier;classifier;classifier;N/A;N/A;N/A;2000;100;84;10300;92,3077;0,0000;100,0000;0,0000;85,7143;0,0000;0;0;1;0
20260614_0639;Recorrência_1000;classification;HoeffdingAdaptiveTree;Default_FullFeatures;classifier;classifier;classifier;N/A;N/A;N/A;2000;100;85;10400;93,7931;0,0000;100,0000;0,0000;88,3117;0,0000;0;0;9;0
20260614_0639;Recorrência_1000;classification;HoeffdingAdaptiveTree;Default_FullFeatures;classifier;classifier;classifier;N/A;N/A;N/A;2000;100;86;10500;95,8333;0,0000;100,0000;0,0000;92,0000;0,0000;0;0;2;0
20260614_0639;Recorrência_1000;classification;HoeffdingAdaptiveTree;Default_FullFeatures;classifier;classifier;classifier;N/A;N/A;N/A;2000;100;87;10600;100,0000;0,0000;100,0000;0,0000;100,0000;0,0000;0;0;0;0
20260614_0639;Recorrência_1000;classification;HoeffdingAdaptiveTree;Default_FullFeatures;classifier;classifier;classifier;N/A;N/A;N/A;2000;100;88;10700;0,0000;0,0000;0,0000;0,0000;0,0000;0,0000;0;0;0;0
20260614_0639;Recorrência_1000;classification;HoeffdingAdaptiveTree;Default_FullFeatures;classifier;classifier;classifier;N/A;N/A;N/A;2000;100;89;10800;0,0000;0,0000;0,0000;0,0000;0,0000;0,0000;0;0;0;0
20260614_0639;Recorrência_1000;classification;HoeffdingAdaptiveTree;Default_FullFeatures;classifier;classifier;classifier;N/A;N/A;N/A;2000;100;90;10900;0,0000;0,0000;0,0000;0,0000;0,0000;0,0000;1;0;0;0
20260614_0639;Recorrência_1000;classification;HoeffdingAdaptiveTree;Default_FullFeatures;classifier;classifier;classifier;N/A;N/A;N/A;2000;100;91;11000;0,0000;0,0000;0,0000;0,0000;0,0000;0,0000;0;0;0;0
20260614_0639;Recorrência_1000;classification;HoeffdingAdaptiveTree;Default_FullFeatures;classifier;classifier;classifier;N/A;N/A;N/A;2000;100;92;11100;0,0000;0,0000;0,0000;0,0000;0,0000;0,0000;0;0;0;0
20260614_0639;Recorrência_1000;classification;HoeffdingAdaptiveTree;Default_FullFeatures;classifier;classifier;classifier;N/A;N/A;N/A;2000;100;93;11200;0,0000;0,0000;0,0000;0,0000;0,0000;0,0000;0;0;0;0
20260614_0639;Recorrência_1000;classification;HoeffdingAdaptiveTree;Default_FullFeatures;classifier;classifier;classifier;N/A;N/A;N/A;2000;100;94;11300;0,0000;0,0000;0,0000;0,0000;0,0000;0,0000;0;0;0;0
20260614_0639;Recorrência_1000;classification;HoeffdingAdaptiveTree;Default_FullFeatures;classifier;classifier;classifier;N/A;N/A;N/A;2000;100;95;11400;0,0000;0,0000;0,0000;0,0000;0,0000;0,0000;0;0;0;0
20260614_0639;Recorrência_1000;classification;HoeffdingAdaptiveTree;Default_FullFeatures;classifier;classifier;classifier;N/A;N/A;N/A;2000;100;96;11500;0,0000;0,0000;0,0000;0,0000;0,0000;0,0000;0;0;0;0
20260614_0639;Recorrência_1000;classification;HoeffdingAdaptiveTree;Default_FullFeatures;classifier;classifier;classifier;N/A;N/A;N/A;2000;100;97;11600;0,0000;0,0000;0,0000;0,0000;0,0000;0,0000;0;0;0;0
20260614_0639;Recorrência_1000;classification;HoeffdingAdaptiveTree;Default_FullFeatures;classifier;classifier;classifier;N/A;N/A;N/A;2000;100;98;11700;0,0000;0,0000;0,0000;0,0000;0,0000;0,0000;0;0;0;0
20260614_0639;Recorrência_1000;classification;HoeffdingAdaptiveTree;Default_FullFeatures;classifier;classifier;classifier;N/A;N/A;N/A;2000;100;99;11800;0,0000;0,0000;0,0000;0,0000;0,0000;0,0000;0;0;0;0
20260614_0639;Recorrência_1000;classification;HoeffdingAdaptiveTree;Default_FullFeatures;classifier;classifier;classifier;N/A;N/A;N/A;2000;100;100;11900;0,0000;0,0000;0,0000;0,0000;0,0000;0,0000;0;0;0;0
20260614_0639;Recorrência_1000;classification;HoeffdingAdaptiveTree;Default_FullFeatures;classifier;classifier;classifier;N/A;N/A;N/A;2000;100;101;12000;0,0000;0,0000;0,0000;0,0000;0,0000;0,0000;0;0;0;0
20260614_0639;Recorrência_1000;classification;HoeffdingAdaptiveTree;Default_FullFeatures;classifier;classifier;classifier;N/A;N/A;N/A;2000;100;102;12100;0,0000;0,0000;0,0000;0,0000;0,0000;0,0000;0;0;0;0
20260614_0639;Recorrência_1000;classification;HoeffdingAdaptiveTree;Default_FullFeatures;classifier;classifier;classifier;N/A;N/A;N/A;2000;100;103;12200;0,0000;0,0000;0,0000;0,0000;0,0000;0,0000;0;0;0;0
20260614_0639;Recorrência_1000;classification;HoeffdingAdaptiveTree;Default_FullFeatures;classifier;classifier;classifier;N/A;N/A;N/A;2000;100;104;12300;0,0000;0,0000;0,0000;0,0000;0,0000;0,0000;0;0;0;0
20260614_0639;Recorrência_1000;classification;HoeffdingAdaptiveTree;Default_FullFeatures;classifier;classifier;classifier;N/A;N/A;N/A;2000;100;105;12400;0,0000;0,0000;0,0000;0,0000;0,0000;0,0000;0;0;0;0
20260614_0639;Recorrência_1000;classification;HoeffdingAdaptiveTree;Default_FullFeatures;classifier;classifier;classifier;N/A;N/A;N/A;2000;100;106;12500;0,0000;0,0000;0,0000;0,0000;0,0000;0,0000;0;0;0;0
20260614_0639;Recorrência_1000;classification;HoeffdingAdaptiveTree;Default_FullFeatures;classifier;classifier;classifier;N/A;N/A;N/A;2000;100;107;12600;0,0000;0,0000;0,0000;0,0000;0,0000;0,0000;0;0;0;0
20260614_0639;Recorrência_1000;classification;HoeffdingAdaptiveTree;Default_FullFeatures;classifier;classifier;classifier;N/A;N/A;N/A;2000;100;108;12700;0,0000;0,0000;0,0000;0,0000;0,0000;0,0000;0;0;0;0
20260614_0639;Recorrência_1000;classification;HoeffdingAdaptiveTree;Default_FullFeatures;classifier;classifier;classifier;N/A;N/A;N/A;2000;100;109;12800;77,8523;0,0000;100,0000;0,0000;63,7363;0,0000;0;0;33;0
20260614_0639;Recorrência_1000;classification;HoeffdingAdaptiveTree;Default_FullFeatures;classifier;classifier;classifier;N/A;N/A;N/A;2000;100;110;12900;74,2138;0,0000;100,0000;0,0000;59,0000;0,0000;0;0;41;0
20260614_0639;Recorrência_1000;classification;HoeffdingAdaptiveTree;Default_FullFeatures;classifier;classifier;classifier;N/A;N/A;N/A;2000;100;111;13000;76,5432;0,0000;100,0000;0,0000;62,0000;0,0000;0;0;38;0
20260614_0639;Recorrência_1000;classification;HoeffdingAdaptiveTree;Default_FullFeatures;classifier;classifier;classifier;N/A;N/A;N/A;2000;100;112;13100;74,2138;0,0000;100,0000;0,0000;59,0000;0,0000;0;0;41;0
20260614_0639;Recorrência_1000;classification;HoeffdingAdaptiveTree;Default_FullFeatures;classifier;classifier;classifier;N/A;N/A;N/A;2000;100;113;13200;67,5497;0,0000;100,0000;0,0000;51,0000;0,0000;0;0;49;0
20260614_0639;Recorrência_1000;classification;HoeffdingAdaptiveTree;Default_FullFeatures;classifier;classifier;classifier;N/A;N/A;N/A;2000;100;114;13300;71,4286;0,0000;100,0000;0,0000;55,5556;0,0000;0;0;4;0
20260614_0639;Recorrência_1000;classification;HoeffdingAdaptiveTree;Default_FullFeatures;classifier;classifier;classifier;N/A;N/A;N/A;2000;100;115;13400;0,0000;0,0000;0,0000;0,0000;0,0000;0,0000;1;0;0;0
20260614_0639;Recorrência_1000;classification;HoeffdingAdaptiveTree;Default_FullFeatures;classifier;classifier;classifier;N/A;N/A;N/A;2000;100;116;13500;0,0000;0,0000;0,0000;0,0000;0,0000;0,0000;0;0;0;0
20260614_0639;Recorrência_1000;classification;HoeffdingAdaptiveTree;Default_FullFeatures;classifier;classifier;classifier;N/A;N/A;N/A;2000;100;117;13600;0,0000;0,0000;0,0000;0,0000;0,0000;0,0000;0;0;0;0
20260614_0639;Recorrência_1000;classification;HoeffdingAdaptiveTree;Default_FullFeatures;classifier;classifier;classifier;N/A;N/A;N/A;2000;100;118;13700;0,0000;0,0000;0,0000;0,0000;0,0000;0,0000;0;0;0;0
20260614_0639;Recorrência_1000;classification;HoeffdingAdaptiveTree;Default_FullFeatures;classifier;classifier;classifier;N/A;N/A;N/A;2000;100;119;13800;0,0000;0,0000;0,0000;0,0000;0,0000;0,0000;0;0;0;0
20260614_0639;Recorrência_1000;classification;HoeffdingAdaptiveTree;Default_FullFeatures;classifier;classifier;classifier;N/A;N/A;N/A;2000;100;120;13900;0,0000;0,0000;0,0000;0,0000;0,0000;0,0000;0;0;0;0
20260614_0639;Recorrência_1000;classification;HoeffdingAdaptiveTree;Default_FullFeatures;classifier;classifier;classifier;N/A;N/A;N/A;2000;100;121;14000;0,0000;0,0000;0,0000;0,0000;0,0000;0,0000;0;0;0;0
20260614_0639;Recorrência_1000;classification;HoeffdingAdaptiveTree;Default_FullFeatures;classifier;classifier;classifier;N/A;N/A;N/A;2000;100;122;14100;0,0000;0,0000;0,0000;0,0000;0,0000;0,0000;0;0;0;0
20260614_0639;Recorrência_1000;classification;HoeffdingAdaptiveTree;Default_FullFeatures;classifier;classifier;classifier;N/A;N/A;N/A;2000;100;123;14200;0,0000;0,0000;0,0000;0,0000;0,0000;0,0000;0;0;0;0
20260614_0639;Recorrência_1000;classification;HoeffdingAdaptiveTree;Default_FullFeatures;classifier;classifier;classifier;N/A;N/A;N/A;2000;100;124;14300;0,0000;0,0000;0,0000;0,0000;0,0000;0,0000;0;0;0;0
20260614_0639;Recorrência_1000;classification;HoeffdingAdaptiveTree;Default_FullFeatures;classifier;classifier;classifier;N/A;N/A;N/A;2000;100;125;14400;0,0000;0,0000;0,0000;0,0000;0,0000;0,0000;0;0;0;0
20260614_0639;Recorrência_1000;classification;HoeffdingAdaptiveTree;Default_FullFeatures;classifier;classifier;classifier;N/A;N/A;N/A;2000;100;126;14500;0,0000;0,0000;0,0000;0,0000;0,0000;0,0000;0;0;0;0
20260614_0639;Recorrência_1000;classification;HoeffdingAdaptiveTree;Default_FullFeatures;classifier;classifier;classifier;N/A;N/A;N/A;2000;100;127;14600;0,0000;0,0000;0,0000;0,0000;0,0000;0,0000;0;0;0;0
20260614_0639;Recorrência_1000;classification;HoeffdingAdaptiveTree;Default_FullFeatures;classifier;classifier;classifier;N/A;N/A;N/A;2000;100;128;14700;0,0000;0,0000;0,0000;0,0000;0,0000;0,0000;0;0;0;0
20260614_0639;Recorrência_1000;classification;HoeffdingAdaptiveTree;Default_FullFeatures;classifier;classifier;classifier;N/A;N/A;N/A;2000;100;129;14800;0,0000;0,0000;0,0000;0,0000;0,0000;0,0000;0;0;0;0
20260614_0639;Recorrência_1000;classification;HoeffdingAdaptiveTree;Default_FullFeatures;classifier;classifier;classifier;N/A;N/A;N/A;2000;100;130;14900;0,0000;0,0000;0,0000;0,0000;0,0000;0,0000;0;0;0;0
20260614_0639;Recorrência_1000;classification;HoeffdingAdaptiveTree;Default_FullFeatures;classifier;classifier;classifier;N/A;N/A;N/A;2000;100;131;15000;0,0000;0,0000;0,0000;0,0000;0,0000;0,0000;0;0;0;0
20260614_0639;Recorrência_1000;classification;HoeffdingAdaptiveTree;Default_FullFeatures;classifier;classifier;classifier;N/A;N/A;N/A;2000;100;132;15100;0,0000;0,0000;0,0000;0,0000;0,0000;0,0000;0;0;0;0
20260614_0639;Recorrência_1000;classification;HoeffdingAdaptiveTree;Default_FullFeatures;classifier;classifier;classifier;N/A;N/A;N/A;2000;100;133;15200;0,0000;0,0000;0,0000;0,0000;0,0000;0,0000;0;0;0;0
20260614_0639;Recorrência_1000;classification;HoeffdingAdaptiveTree;Default_FullFeatures;classifier;classifier;classifier;N/A;N/A;N/A;2000;100;134;15300;0,0000;0,0000;0,0000;0,0000;0,0000;0,0000;0;0;0;0
20260614_0639;Recorrência_1000;classification;HoeffdingAdaptiveTree;Default_FullFeatures;classifier;classifier;classifier;N/A;N/A;N/A;2000;100;135;15400;92,3077;0,0000;100,0000;0,0000;85,7143;0,0000;0;0;7;0
20260614_0639;Recorrência_1000;classification;HoeffdingAdaptiveTree;Default_FullFeatures;classifier;classifier;classifier;N/A;N/A;N/A;2000;100;136;15500;100,0000;0,0000;100,0000;0,0000;100,0000;0,0000;0;0;0;0
20260614_0639;Recorrência_1000;classification;HoeffdingAdaptiveTree;Default_FullFeatures;classifier;classifier;classifier;N/A;N/A;N/A;2000;100;137;15600;100,0000;0,0000;100,0000;0,0000;100,0000;0,0000;0;0;0;0
20260614_0639;Recorrência_1000;classification;HoeffdingAdaptiveTree;Default_FullFeatures;classifier;classifier;classifier;N/A;N/A;N/A;2000;100;138;15700;100,0000;0,0000;100,0000;0,0000;100,0000;0,0000;0;0;0;0
20260614_0639;Recorrência_1000;classification;HoeffdingAdaptiveTree;Default_FullFeatures;classifier;classifier;classifier;N/A;N/A;N/A;2000;100;139;15800;100,0000;0,0000;100,0000;0,0000;100,0000;0,0000;0;0;0;0
20260614_0639;Recorrência_1000;classification;HoeffdingAdaptiveTree;Default_FullFeatures;classifier;classifier;classifier;N/A;N/A;N/A;2000;100;140;15900;100,0000;0,0000;100,0000;0,0000;100,0000;0,0000;0;0;0;0
20260614_0639;Recorrência_1000;classification;HoeffdingAdaptiveTree;Default_FullFeatures;classifier;classifier;classifier;N/A;N/A;N/A;2000;100;141;16000;0,0000;0,0000;0,0000;0,0000;0,0000;0,0000;0;0;0;0
20260614_0639;Recorrência_1000;classification;HoeffdingAdaptiveTree;Default_FullFeatures;classifier;classifier;classifier;N/A;N/A;N/A;2000;100;142;16100;0,0000;0,0000;0,0000;0,0000;0,0000;0,0000;0;0;0;0
20260614_0639;Recorrência_1000;classification;HoeffdingAdaptiveTree;Default_FullFeatures;classifier;classifier;classifier;N/A;N/A;N/A;2000;100;143;16200;0,0000;0,0000;0,0000;0,0000;0,0000;0,0000;0;0;0;0
20260614_0639;Recorrência_1000;classification;HoeffdingAdaptiveTree;Default_FullFeatures;classifier;classifier;classifier;N/A;N/A;N/A;2000;100;144;16300;0,0000;0,0000;0,0000;0,0000;0,0000;0,0000;0;0;0;0
20260614_0639;Recorrência_1000;classification;HoeffdingAdaptiveTree;Default_FullFeatures;classifier;classifier;classifier;N/A;N/A;N/A;2000;100;145;16400;0,0000;0,0000;0,0000;0,0000;0,0000;0,0000;0;0;0;0
20260614_0639;Recorrência_1000;classification;HoeffdingAdaptiveTree;Default_FullFeatures;classifier;classifier;classifier;N/A;N/A;N/A;2000;100;146;16500;0,0000;0,0000;0,0000;0,0000;0,0000;0,0000;0;0;0;0
20260614_0639;Recorrência_1000;classification;HoeffdingAdaptiveTree;Default_FullFeatures;classifier;classifier;classifier;N/A;N/A;N/A;2000;100;147;16600;0,0000;0,0000;0,0000;0,0000;0,0000;0,0000;0;0;0;0
20260614_0639;Recorrência_1000;classification;HoeffdingAdaptiveTree;Default_FullFeatures;classifier;classifier;classifier;N/A;N/A;N/A;2000;100;148;16700;0,0000;0,0000;0,0000;0,0000;0,0000;0,0000;0;0;0;0
20260614_0639;Recorrência_1000;classification;HoeffdingAdaptiveTree;Default_FullFeatures;classifier;classifier;classifier;N/A;N/A;N/A;2000;100;149;16800;0,0000;0,0000;0,0000;0,0000;0,0000;0,0000;0;0;0;0
20260614_0639;Recorrência_1000;classification;HoeffdingAdaptiveTree;Default_FullFeatures;classifier;classifier;classifier;N/A;N/A;N/A;2000;100;150;16900;0,0000;0,0000;0,0000;0,0000;0,0000;0,0000;0;0;0;0
20260614_0639;Recorrência_1000;classification;HoeffdingAdaptiveTree;Default_FullFeatures;classifier;classifier;classifier;N/A;N/A;N/A;2000;100;151;17000;0,0000;0,0000;0,0000;0,0000;0,0000;0,0000;0;0;0;0
20260614_0639;Recorrência_1000;classification;HoeffdingAdaptiveTree;Default_FullFeatures;classifier;classifier;classifier;N/A;N/A;N/A;2000;100;152;17100;0,0000;0,0000;0,0000;0,0000;0,0000;0,0000;0;0;0;0
20260614_0639;Recorrência_1000;classification;HoeffdingAdaptiveTree;Default_FullFeatures;classifier;classifier;classifier;N/A;N/A;N/A;2000;100;153;17200;0,0000;0,0000;0,0000;0,0000;0,0000;0,0000;0;0;0;0
20260614_0639;Recorrência_1000;classification;HoeffdingAdaptiveTree;Default_FullFeatures;classifier;classifier;classifier;N/A;N/A;N/A;2000;100;154;17300;0,0000;0,0000;0,0000;0,0000;0,0000;0,0000;0;0;0;0
20260614_0639;Recorrência_1000;classification;HoeffdingAdaptiveTree;Default_FullFeatures;classifier;classifier;classifier;N/A;N/A;N/A;2000;100;155;17400;0,0000;0,0000;0,0000;0,0000;0,0000;0,0000;0;0;0;0
20260614_0639;Recorrência_1000;classification;HoeffdingAdaptiveTree;Default_FullFeatures;classifier;classifier;classifier;N/A;N/A;N/A;2000;100;156;17500;0,0000;0,0000;0,0000;0,0000;0,0000;0,0000;0;0;0;0
20260614_0639;Recorrência_1000;classification;HoeffdingAdaptiveTree;Default_FullFeatures;classifier;classifier;classifier;N/A;N/A;N/A;2000;100;157;17600;0,0000;0,0000;0,0000;0,0000;0,0000;0,0000;0;0;0;0
20260614_0639;Recorrência_1000;classification;HoeffdingAdaptiveTree;Default_FullFeatures;classifier;classifier;classifier;N/A;N/A;N/A;2000;100;158;17700;0,0000;0,0000;0,0000;0,0000;0,0000;0,0000;0;0;0;0
20260614_0639;Recorrência_1000;classification;HoeffdingAdaptiveTree;Default_FullFeatures;classifier;classifier;classifier;N/A;N/A;N/A;2000;100;159;17800;0,0000;0,0000;0,0000;0,0000;0,0000;0,0000;0;0;0;0
20260614_0639;Recorrência_1000;classification;HoeffdingAdaptiveTree;Default_FullFeatures;classifier;classifier;classifier;N/A;N/A;N/A;2000;100;160;17900;0,0000;0,0000;0,0000;0,0000;0,0000;0,0000;0;0;0;0
