Exec_ID;Dataset;Task_Type;Model;Scenario;Strategy;Threshold_Strategy;Decision_Strategy;Decision_Window;Persistence_K;Persistence_N;Warmup;Window_Size;Window_Index;Instance;F1_avg;F1_std;Prec_avg;Prec_std;Rec_avg;Rec_std;FP_avg;FP_std;FN_avg;FN_std
20260614_0639;Consistência_25;classification;AdaptiveRandomForest;Default_FullFeatures;classifier;classifier;classifier;N/A;N/A;N/A;2000;100;1;2000;0,0000;0,0000;0,0000;0,0000;0,0000;0,0000;0;0;0;0
20260614_0639;Consistência_25;classification;AdaptiveRandomForest;Default_FullFeatures;classifier;classifier;classifier;N/A;N/A;N/A;2000;100;2;2100;0,0000;0,0000;0,0000;0,0000;0,0000;0,0000;0;0;0;0
20260614_0639;Consistência_25;classification;AdaptiveRandomForest;Default_FullFeatures;classifier;classifier;classifier;N/A;N/A;N/A;2000;100;3;2200;0,0000;0,0000;0,0000;0,0000;0,0000;0,0000;0;0;0;0
20260614_0639;Consistência_25;classification;AdaptiveRandomForest;Default_FullFeatures;classifier;classifier;classifier;N/A;N/A;N/A;2000;100;4;2300;0,0000;0,0000;0,0000;0,0000;0,0000;0,0000;0;0;0;0
20260614_0639;Consistência_25;classification;AdaptiveRandomForest;Default_FullFeatures;classifier;classifier;classifier;N/A;N/A;N/A;2000;100;5;2400;0,0000;0,0000;0,0000;0,0000;0,0000;0,0000;0;0;0;0
20260614_0639;Consistência_25;classification;AdaptiveRandomForest;Default_FullFeatures;classifier;classifier;classifier;N/A;N/A;N/A;2000;100;6;2500;0,0000;0,0000;0,0000;0,0000;0,0000;0,0000;0;0;0;0
20260614_0639;Consistência_25;classification;AdaptiveRandomForest;Default_FullFeatures;classifier;classifier;classifier;N/A;N/A;N/A;2000;100;7;2600;0,0000;0,0000;0,0000;0,0000;0,0000;0,0000;0;0;0;0
20260614_0639;Consistência_25;classification;AdaptiveRandomForest;Default_FullFeatures;classifier;classifier;classifier;N/A;N/A;N/A;2000;100;8;2700;0,0000;0,0000;0,0000;0,0000;0,0000;0,0000;0;0;0;0
20260614_0639;Consistência_25;classification;AdaptiveRandomForest;Default_FullFeatures;classifier;classifier;classifier;N/A;N/A;N/A;2000;100;9;2800;0,0000;0,0000;0,0000;0,0000;0,0000;0,0000;0;0;0;0
20260614_0639;Consistência_25;classification;AdaptiveRandomForest;Default_FullFeatures;classifier;classifier;classifier;N/A;N/A;N/A;2000;100;10;2900;0,0000;0,0000;0,0000;0,0000;0,0000;0,0000;0;0;0;0
20260614_0639;Consistência_25;classification;AdaptiveRandomForest;Default_FullFeatures;classifier;classifier;classifier;N/A;N/A;N/A;2000;100;11;3000;0,0000;0,0000;0,0000;0,0000;0,0000;0,0000;0;0;0;0
20260614_0639;Consistência_25;classification;AdaptiveRandomForest;Default_FullFeatures;classifier;classifier;classifier;N/A;N/A;N/A;2000;100;12;3100;0,0000;0,0000;0,0000;0,0000;0,0000;0,0000;0;0;0;0
20260614_0639;Consistência_25;classification;AdaptiveRandomForest;Default_FullFeatures;classifier;classifier;classifier;N/A;N/A;N/A;2000;100;13;3200;0,0000;0,0000;0,0000;0,0000;0,0000;0,0000;0;0;0;0
20260614_0639;Consistência_25;classification;AdaptiveRandomForest;Default_FullFeatures;classifier;classifier;classifier;N/A;N/A;N/A;2000;100;14;3300;0,0000;0,0000;0,0000;0,0000;0,0000;0,0000;0;0;0;0
20260614_0639;Consistência_25;classification;AdaptiveRandomForest;Default_FullFeatures;classifier;classifier;classifier;N/A;N/A;N/A;2000;100;15;3400;0,0000;0,0000;0,0000;0,0000;0,0000;0,0000;0;0;0;0
20260614_0639;Consistência_25;classification;AdaptiveRandomForest;Default_FullFeatures;classifier;classifier;classifier;N/A;N/A;N/A;2000;100;16;3500;0,0000;0,0000;0,0000;0,0000;0,0000;0,0000;0;0;0;0
20260614_0639;Consistência_25;classification;AdaptiveRandomForest;Default_FullFeatures;classifier;classifier;classifier;N/A;N/A;N/A;2000;100;17;3600;0,0000;0,0000;0,0000;0,0000;0,0000;0,0000;0;0;0;0
20260614_0639;Consistência_25;classification;AdaptiveRandomForest;Default_FullFeatures;classifier;classifier;classifier;N/A;N/A;N/A;2000;100;18;3700;0,0000;0,0000;0,0000;0,0000;0,0000;0,0000;0;0;0;0
20260614_0639;Consistência_25;classification;AdaptiveRandomForest;Default_FullFeatures;classifier;classifier;classifier;N/A;N/A;N/A;2000;100;19;3800;85,7143;0,0000;87,5000;0,0000;84,0000;0,0000;3;0;4;0
20260614_0639;Consistência_25;classification;AdaptiveRandomForest;Default_FullFeatures;classifier;classifier;classifier;N/A;N/A;N/A;2000;100;20;3900;0,0000;0,0000;0,0000;0,0000;0,0000;0,0000;2;1;0;0
20260614_0639;Consistência_25;classification;AdaptiveRandomForest;Default_FullFeatures;classifier;classifier;classifier;N/A;N/A;N/A;2000;100;21;4000;0,0000;0,0000;0,0000;0,0000;0,0000;0,0000;1;1;0;0
20260614_0639;Consistência_25;classification;AdaptiveRandomForest;Default_FullFeatures;classifier;classifier;classifier;N/A;N/A;N/A;2000;100;22;4100;0,0000;0,0000;0,0000;0,0000;0,0000;0,0000;0;0;0;0
20260614_0639;Consistência_25;classification;AdaptiveRandomForest;Default_FullFeatures;classifier;classifier;classifier;N/A;N/A;N/A;2000;100;23;4200;0,0000;0,0000;0,0000;0,0000;0,0000;0,0000;0;0;0;0
20260614_0639;Consistência_25;classification;AdaptiveRandomForest;Default_FullFeatures;classifier;classifier;classifier;N/A;N/A;N/A;2000;100;24;4300;0,0000;0,0000;0,0000;0,0000;0,0000;0,0000;0;0;0;0
20260614_0639;Consistência_25;classification;AdaptiveRandomForest;Default_FullFeatures;classifier;classifier;classifier;N/A;N/A;N/A;2000;100;25;4400;0,0000;0,0000;0,0000;0,0000;0,0000;0,0000;0;0;0;0
20260614_0639;Consistência_25;classification;AdaptiveRandomForest;Default_FullFeatures;classifier;classifier;classifier;N/A;N/A;N/A;2000;100;26;4500;0,0000;0,0000;0,0000;0,0000;0,0000;0,0000;0;0;0;0
20260614_0639;Consistência_25;classification;AdaptiveRandomForest;Default_FullFeatures;classifier;classifier;classifier;N/A;N/A;N/A;2000;100;27;4600;0,0000;0,0000;0,0000;0,0000;0,0000;0,0000;2;0;0;0
20260614_0639;Consistência_25;classification;AdaptiveRandomForest;Default_FullFeatures;classifier;classifier;classifier;N/A;N/A;N/A;2000;100;28;4700;0,0000;0,0000;0,0000;0,0000;0,0000;0,0000;0;0;0;0
20260614_0639;Consistência_25;classification;AdaptiveRandomForest;Default_FullFeatures;classifier;classifier;classifier;N/A;N/A;N/A;2000;100;29;4800;0,0000;0,0000;0,0000;0,0000;0,0000;0,0000;0;0;0;0
20260614_0639;Consistência_25;classification;AdaptiveRandomForest;Default_FullFeatures;classifier;classifier;classifier;N/A;N/A;N/A;2000;100;30;4900;0,0000;0,0000;0,0000;0,0000;0,0000;0,0000;0;0;0;0
20260614_0639;Consistência_25;classification;AdaptiveRandomForest;Default_FullFeatures;classifier;classifier;classifier;N/A;N/A;N/A;2000;100;31;5000;0,0000;0,0000;0,0000;0,0000;0,0000;0,0000;0;0;0;0
20260614_0639;Consistência_25;classification;AdaptiveRandomForest;Default_FullFeatures;classifier;classifier;classifier;N/A;N/A;N/A;2000;100;32;5100;0,0000;0,0000;0,0000;0,0000;0,0000;0,0000;0;0;0;0
20260614_0639;Consistência_25;classification;AdaptiveRandomForest;Default_FullFeatures;classifier;classifier;classifier;N/A;N/A;N/A;2000;100;33;5200;0,0000;0,0000;0,0000;0,0000;0,0000;0,0000;0;0;0;0
20260614_0639;Consistência_25;classification;AdaptiveRandomForest;Default_FullFeatures;classifier;classifier;classifier;N/A;N/A;N/A;2000;100;34;5300;0,0000;0,0000;0,0000;0,0000;0,0000;0,0000;0;0;0;0
20260614_0639;Consistência_25;classification;AdaptiveRandomForest;Default_FullFeatures;classifier;classifier;classifier;N/A;N/A;N/A;2000;100;35;5400;0,0000;0,0000;0,0000;0,0000;0,0000;0,0000;0;0;0;0
20260614_0639;Consistência_25;classification;AdaptiveRandomForest;Default_FullFeatures;classifier;classifier;classifier;N/A;N/A;N/A;2000;100;36;5500;0,0000;0,0000;0,0000;0,0000;0,0000;0,0000;0;0;0;0
20260614_0639;Consistência_25;classification;AdaptiveRandomForest;Default_FullFeatures;classifier;classifier;classifier;N/A;N/A;N/A;2000;100;37;5600;0,0000;0,0000;0,0000;0,0000;0,0000;0,0000;0;0;0;0
20260614_0639;Consistência_25;classification;AdaptiveRandomForest;Default_FullFeatures;classifier;classifier;classifier;N/A;N/A;N/A;2000;100;38;5700;0,0000;0,0000;0,0000;0,0000;0,0000;0,0000;0;0;0;0
20260614_0639;Consistência_25;classification;AdaptiveRandomForest;Default_FullFeatures;classifier;classifier;classifier;N/A;N/A;N/A;2000;100;39;5800;0,0000;0,0000;0,0000;0,0000;0,0000;0,0000;0;0;0;0
20260614_0639;Consistência_25;classification;AdaptiveRandomForest;Default_FullFeatures;classifier;classifier;classifier;N/A;N/A;N/A;2000;100;40;5900;0,0000;0,0000;0,0000;0,0000;0,0000;0,0000;0;0;0;0
20260614_0639;Consistência_25;classification;AdaptiveRandomForest;Default_FullFeatures;classifier;classifier;classifier;N/A;N/A;N/A;2000;100;41;6000;0,0000;0,0000;0,0000;0,0000;0,0000;0,0000;0;0;0;0
20260614_0639;Consistência_25;classification;AdaptiveRandomForest;Default_FullFeatures;classifier;classifier;classifier;N/A;N/A;N/A;2000;100;42;6100;0,0000;0,0000;0,0000;0,0000;0,0000;0,0000;0;0;0;0
20260614_0639;Consistência_25;classification;AdaptiveRandomForest;Default_FullFeatures;classifier;classifier;classifier;N/A;N/A;N/A;2000;100;43;6200;0,0000;0,0000;0,0000;0,0000;0,0000;0,0000;0;0;0;0
20260614_0639;Consistência_25;classification;AdaptiveRandomForest;Default_FullFeatures;classifier;classifier;classifier;N/A;N/A;N/A;2000;100;44;6300;0,0000;0,0000;0,0000;0,0000;0,0000;0,0000;0;0;0;0
20260614_0639;Consistência_25;classification;AdaptiveRandomForest;Default_FullFeatures;classifier;classifier;classifier;N/A;N/A;N/A;2000;100;45;6400;0,0000;0,0000;0,0000;0,0000;0,0000;0,0000;0;0;0;0
20260614_0639;Consistência_25;classification;AdaptiveRandomForest;Default_FullFeatures;classifier;classifier;classifier;N/A;N/A;N/A;2000;100;46;6500;0,0000;0,0000;0,0000;0,0000;0,0000;0,0000;0;0;0;0
20260614_0639;Consistência_25;classification;AdaptiveRandomForest;Default_FullFeatures;classifier;classifier;classifier;N/A;N/A;N/A;2000;100;47;6600;0,0000;0,0000;0,0000;0,0000;0,0000;0,0000;0;0;0;0
20260614_0639;Consistência_25;classification;AdaptiveRandomForest;Default_FullFeatures;classifier;classifier;classifier;N/A;N/A;N/A;2000;100;48;6700;0,0000;0,0000;0,0000;0,0000;0,0000;0,0000;0;0;0;0
20260614_0639;Consistência_25;classification;AdaptiveRandomForest;Default_FullFeatures;classifier;classifier;classifier;N/A;N/A;N/A;2000;100;49;6800;0,0000;0,0000;0,0000;0,0000;0,0000;0,0000;0;0;0;0
20260614_0639;Consistência_25;classification;AdaptiveRandomForest;Default_FullFeatures;classifier;classifier;classifier;N/A;N/A;N/A;2000;100;50;6900;0,0000;0,0000;0,0000;0,0000;0,0000;0,0000;0;0;0;0
20260614_0639;Consistência_25;classification;AdaptiveRandomForest;Default_FullFeatures;classifier;classifier;classifier;N/A;N/A;N/A;2000;100;51;7000;0,0000;0,0000;0,0000;0,0000;0,0000;0,0000;0;0;0;0
20260614_0639;Consistência_25;classification;AdaptiveRandomForest;Default_FullFeatures;classifier;classifier;classifier;N/A;N/A;N/A;2000;100;52;7100;0,0000;0,0000;0,0000;0,0000;0,0000;0,0000;0;0;0;0
20260614_0639;Consistência_25;classification;AdaptiveRandomForest;Default_FullFeatures;classifier;classifier;classifier;N/A;N/A;N/A;2000;100;53;7200;0,0000;0,0000;0,0000;0,0000;0,0000;0,0000;0;0;0;0
20260614_0639;Consistência_25;classification;AdaptiveRandomForest;Default_FullFeatures;classifier;classifier;classifier;N/A;N/A;N/A;2000;100;54;7300;0,0000;0,0000;0,0000;0,0000;0,0000;0,0000;0;0;0;0
20260614_0639;Consistência_25;classification;AdaptiveRandomForest;Default_FullFeatures;classifier;classifier;classifier;N/A;N/A;N/A;2000;100;55;7400;0,0000;0,0000;0,0000;0,0000;0,0000;0,0000;0;0;0;0
20260614_0639;Consistência_25;classification;AdaptiveRandomForest;Default_FullFeatures;classifier;classifier;classifier;N/A;N/A;N/A;2000;100;56;7500;0,0000;0,0000;0,0000;0,0000;0,0000;0,0000;0;0;0;0
20260614_0639;Consistência_25;classification;AdaptiveRandomForest;Default_FullFeatures;classifier;classifier;classifier;N/A;N/A;N/A;2000;100;57;7600;97,7778;0,0000;100,0000;0,0000;95,6522;0,0000;0;0;1;0
20260614_0639;Consistência_25;classification;AdaptiveRandomForest;Default_FullFeatures;classifier;classifier;classifier;N/A;N/A;N/A;2000;100;58;7700;0,0000;0,0000;0,0000;0,0000;0,0000;0,0000;0;0;0;0
20260614_0639;Consistência_25;classification;AdaptiveRandomForest;Default_FullFeatures;classifier;classifier;classifier;N/A;N/A;N/A;2000;100;59;7800;0,0000;0,0000;0,0000;0,0000;0,0000;0,0000;0;0;0;0
20260614_0639;Consistência_25;classification;AdaptiveRandomForest;Default_FullFeatures;classifier;classifier;classifier;N/A;N/A;N/A;2000;100;60;7900;0,0000;0,0000;0,0000;0,0000;0,0000;0,0000;0;0;0;0
20260614_0639;Consistência_25;classification;AdaptiveRandomForest;Default_FullFeatures;classifier;classifier;classifier;N/A;N/A;N/A;2000;100;61;8000;0,0000;0,0000;0,0000;0,0000;0,0000;0,0000;0;0;0;0
20260614_0639;Consistência_25;classification;AdaptiveRandomForest;Default_FullFeatures;classifier;classifier;classifier;N/A;N/A;N/A;2000;100;62;8100;0,0000;0,0000;0,0000;0,0000;0,0000;0,0000;0;0;0;0
20260614_0639;Consistência_25;classification;AdaptiveRandomForest;Default_FullFeatures;classifier;classifier;classifier;N/A;N/A;N/A;2000;100;63;8200;0,0000;0,0000;0,0000;0,0000;0,0000;0,0000;0;0;0;0
20260614_0639;Consistência_25;classification;AdaptiveRandomForest;Default_FullFeatures;classifier;classifier;classifier;N/A;N/A;N/A;2000;100;64;8300;0,0000;0,0000;0,0000;0,0000;0,0000;0,0000;0;0;0;0
20260614_0639;Consistência_25;classification;AdaptiveRandomForest;Default_FullFeatures;classifier;classifier;classifier;N/A;N/A;N/A;2000;100;65;8400;0,0000;0,0000;0,0000;0,0000;0,0000;0,0000;0;0;0;0
20260614_0639;Consistência_25;classification;AdaptiveRandomForest;Default_FullFeatures;classifier;classifier;classifier;N/A;N/A;N/A;2000;100;66;8500;0,0000;0,0000;0,0000;0,0000;0,0000;0,0000;0;0;0;0
20260614_0639;Consistência_25;classification;AdaptiveRandomForest;Default_FullFeatures;classifier;classifier;classifier;N/A;N/A;N/A;2000;100;67;8600;0,0000;0,0000;0,0000;0,0000;0,0000;0,0000;0;0;0;0
20260614_0639;Consistência_25;classification;AdaptiveRandomForest;Default_FullFeatures;classifier;classifier;classifier;N/A;N/A;N/A;2000;100;68;8700;0,0000;0,0000;0,0000;0,0000;0,0000;0,0000;0;0;0;0
20260614_0639;Consistência_25;classification;AdaptiveRandomForest;Default_FullFeatures;classifier;classifier;classifier;N/A;N/A;N/A;2000;100;69;8800;0,0000;0,0000;0,0000;0,0000;0,0000;0,0000;0;0;0;0
20260614_0639;Consistência_25;classification;AdaptiveRandomForest;Default_FullFeatures;classifier;classifier;classifier;N/A;N/A;N/A;2000;100;70;8900;0,0000;0,0000;0,0000;0,0000;0,0000;0,0000;0;0;0;0
20260614_0639;Consistência_25;classification;AdaptiveRandomForest;Default_FullFeatures;classifier;classifier;classifier;N/A;N/A;N/A;2000;100;71;9000;0,0000;0,0000;0,0000;0,0000;0,0000;0,0000;0;0;0;0
20260614_0639;Consistência_25;classification;AdaptiveRandomForest;Default_FullFeatures;classifier;classifier;classifier;N/A;N/A;N/A;2000;100;72;9100;0,0000;0,0000;0,0000;0,0000;0,0000;0,0000;0;0;0;0
20260614_0639;Consistência_25;classification;AdaptiveRandomForest;Default_FullFeatures;classifier;classifier;classifier;N/A;N/A;N/A;2000;100;73;9200;0,0000;0,0000;0,0000;0,0000;0,0000;0,0000;0;0;0;0
20260614_0639;Consistência_25;classification;AdaptiveRandomForest;Default_FullFeatures;classifier;classifier;classifier;N/A;N/A;N/A;2000;100;74;9300;0,0000;0,0000;0,0000;0,0000;0,0000;0,0000;0;0;0;0
20260614_0639;Consistência_25;classification;AdaptiveRandomForest;Default_FullFeatures;classifier;classifier;classifier;N/A;N/A;N/A;2000;100;75;9400;0,0000;0,0000;0,0000;0,0000;0,0000;0,0000;0;0;0;0
20260614_0639;Consistência_25;classification;AdaptiveRandomForest;Default_FullFeatures;classifier;classifier;classifier;N/A;N/A;N/A;2000;100;76;9500;0,0000;0,0000;0,0000;0,0000;0,0000;0,0000;0;0;0;0
20260614_0639;Consistência_25;classification;AdaptiveRandomForest;Default_FullFeatures;classifier;classifier;classifier;N/A;N/A;N/A;2000;100;77;9600;0,0000;0,0000;0,0000;0,0000;0,0000;0,0000;0;0;0;0
20260614_0639;Consistência_25;classification;AdaptiveRandomForest;Default_FullFeatures;classifier;classifier;classifier;N/A;N/A;N/A;2000;100;78;9700;0,0000;0,0000;0,0000;0,0000;0,0000;0,0000;0;0;0;0
20260614_0639;Consistência_25;classification;AdaptiveRandomForest;Default_FullFeatures;classifier;classifier;classifier;N/A;N/A;N/A;2000;100;79;9800;0,0000;0,0000;0,0000;0,0000;0,0000;0,0000;0;0;0;0
20260614_0639;Consistência_25;classification;AdaptiveRandomForest;Default_FullFeatures;classifier;classifier;classifier;N/A;N/A;N/A;2000;100;80;9900;0,0000;0,0000;0,0000;0,0000;0,0000;0,0000;0;0;0;0
20260614_0639;Consistência_25;classification;AdaptiveRandomForest;Default_FullFeatures;classifier;classifier;classifier;N/A;N/A;N/A;2000;100;81;10000;0,0000;0,0000;0,0000;0,0000;0,0000;0,0000;0;0;0;0
20260614_0639;Consistência_25;classification;AdaptiveRandomForest;Default_FullFeatures;classifier;classifier;classifier;N/A;N/A;N/A;2000;100;82;10100;0,0000;0,0000;0,0000;0,0000;0,0000;0,0000;0;0;0;0
20260614_0639;Consistência_25;classification;AdaptiveRandomForest;Default_FullFeatures;classifier;classifier;classifier;N/A;N/A;N/A;2000;100;83;10200;0,0000;0,0000;0,0000;0,0000;0,0000;0,0000;0;0;0;0
20260614_0639;Consistência_25;classification;AdaptiveRandomForest;Default_FullFeatures;classifier;classifier;classifier;N/A;N/A;N/A;2000;100;84;10300;0,0000;0,0000;0,0000;0,0000;0,0000;0,0000;0;0;0;0
20260614_0639;Consistência_25;classification;AdaptiveRandomForest;Default_FullFeatures;classifier;classifier;classifier;N/A;N/A;N/A;2000;100;85;10400;0,0000;0,0000;0,0000;0,0000;0,0000;0,0000;0;0;0;0
20260614_0639;Consistência_25;classification;AdaptiveRandomForest;Default_FullFeatures;classifier;classifier;classifier;N/A;N/A;N/A;2000;100;86;10500;0,0000;0,0000;0,0000;0,0000;0,0000;0,0000;0;0;0;0
20260614_0639;Consistência_25;classification;AdaptiveRandomForest;Default_FullFeatures;classifier;classifier;classifier;N/A;N/A;N/A;2000;100;87;10600;0,0000;0,0000;0,0000;0,0000;0,0000;0,0000;0;0;0;0
20260614_0639;Consistência_25;classification;AdaptiveRandomForest;Default_FullFeatures;classifier;classifier;classifier;N/A;N/A;N/A;2000;100;88;10700;0,0000;0,0000;0,0000;0,0000;0,0000;0,0000;0;0;0;0
20260614_0639;Consistência_25;classification;AdaptiveRandomForest;Default_FullFeatures;classifier;classifier;classifier;N/A;N/A;N/A;2000;100;89;10800;0,0000;0,0000;0,0000;0,0000;0,0000;0,0000;0;0;0;0
20260614_0639;Consistência_25;classification;AdaptiveRandomForest;Default_FullFeatures;classifier;classifier;classifier;N/A;N/A;N/A;2000;100;90;10900;0,0000;0,0000;0,0000;0,0000;0,0000;0,0000;0;0;0;0
20260614_0639;Consistência_25;classification;AdaptiveRandomForest;Default_FullFeatures;classifier;classifier;classifier;N/A;N/A;N/A;2000;100;91;11000;0,0000;0,0000;0,0000;0,0000;0,0000;0,0000;0;0;0;0
20260614_0639;Consistência_25;classification;AdaptiveRandomForest;Default_FullFeatures;classifier;classifier;classifier;N/A;N/A;N/A;2000;100;92;11100;0,0000;0,0000;0,0000;0,0000;0,0000;0,0000;0;0;0;0
20260614_0639;Consistência_25;classification;AdaptiveRandomForest;Default_FullFeatures;classifier;classifier;classifier;N/A;N/A;N/A;2000;100;93;11200;0,0000;0,0000;0,0000;0,0000;0,0000;0,0000;0;0;0;0
20260614_0639;Consistência_25;classification;AdaptiveRandomForest;Default_FullFeatures;classifier;classifier;classifier;N/A;N/A;N/A;2000;100;94;11300;80,0000;40,0000;80,0000;40,0000;80,0000;40,0000;0;0;1;1
20260614_0639;Consistência_25;classification;AdaptiveRandomForest;Default_FullFeatures;classifier;classifier;classifier;N/A;N/A;N/A;2000;100;95;11400;97,7778;0,0000;100,0000;0,0000;95,6522;0,0000;0;0;1;0
20260614_0639;Consistência_25;classification;AdaptiveRandomForest;Default_FullFeatures;classifier;classifier;classifier;N/A;N/A;N/A;2000;100;96;11500;0,0000;0,0000;0,0000;0,0000;0,0000;0,0000;0;0;0;0
20260614_0639;Consistência_25;classification;AdaptiveRandomForest;Default_FullFeatures;classifier;classifier;classifier;N/A;N/A;N/A;2000;100;97;11600;0,0000;0,0000;0,0000;0,0000;0,0000;0,0000;0;0;0;0
20260614_0639;Consistência_25;classification;AdaptiveRandomForest;Default_FullFeatures;classifier;classifier;classifier;N/A;N/A;N/A;2000;100;98;11700;0,0000;0,0000;0,0000;0,0000;0,0000;0,0000;0;0;0;0
20260614_0639;Consistência_25;classification;AdaptiveRandomForest;Default_FullFeatures;classifier;classifier;classifier;N/A;N/A;N/A;2000;100;99;11800;0,0000;0,0000;0,0000;0,0000;0,0000;0,0000;0;0;0;0
20260614_0639;Consistência_25;classification;AdaptiveRandomForest;Default_FullFeatures;classifier;classifier;classifier;N/A;N/A;N/A;2000;100;100;11900;0,0000;0,0000;0,0000;0,0000;0,0000;0,0000;0;0;0;0
20260614_0639;Consistência_25;classification;AdaptiveRandomForest;Default_FullFeatures;classifier;classifier;classifier;N/A;N/A;N/A;2000;100;101;12000;0,0000;0,0000;0,0000;0,0000;0,0000;0,0000;0;0;0;0
20260614_0639;Consistência_25;classification;AdaptiveRandomForest;Default_FullFeatures;classifier;classifier;classifier;N/A;N/A;N/A;2000;100;102;12100;0,0000;0,0000;0,0000;0,0000;0,0000;0,0000;0;0;0;0
20260614_0639;Consistência_25;classification;AdaptiveRandomForest;Default_FullFeatures;classifier;classifier;classifier;N/A;N/A;N/A;2000;100;103;12200;0,0000;0,0000;0,0000;0,0000;0,0000;0,0000;0;0;0;0
20260614_0639;Consistência_25;classification;AdaptiveRandomForest;Default_FullFeatures;classifier;classifier;classifier;N/A;N/A;N/A;2000;100;104;12300;0,0000;0,0000;0,0000;0,0000;0,0000;0,0000;0;0;0;0
20260614_0639;Consistência_25;classification;AdaptiveRandomForest;Default_FullFeatures;classifier;classifier;classifier;N/A;N/A;N/A;2000;100;105;12400;0,0000;0,0000;0,0000;0,0000;0,0000;0,0000;0;0;0;0
20260614_0639;Consistência_25;classification;AdaptiveRandomForest;Default_FullFeatures;classifier;classifier;classifier;N/A;N/A;N/A;2000;100;106;12500;0,0000;0,0000;0,0000;0,0000;0,0000;0,0000;0;0;0;0
20260614_0639;Consistência_25;classification;AdaptiveRandomForest;Default_FullFeatures;classifier;classifier;classifier;N/A;N/A;N/A;2000;100;107;12600;0,0000;0,0000;0,0000;0,0000;0,0000;0,0000;0;0;0;0
20260614_0639;Consistência_25;classification;AdaptiveRandomForest;Default_FullFeatures;classifier;classifier;classifier;N/A;N/A;N/A;2000;100;108;12700;0,0000;0,0000;0,0000;0,0000;0,0000;0,0000;0;0;0;0
20260614_0639;Consistência_25;classification;AdaptiveRandomForest;Default_FullFeatures;classifier;classifier;classifier;N/A;N/A;N/A;2000;100;109;12800;0,0000;0,0000;0,0000;0,0000;0,0000;0,0000;0;0;0;0
20260614_0639;Consistência_25;classification;AdaptiveRandomForest;Default_FullFeatures;classifier;classifier;classifier;N/A;N/A;N/A;2000;100;110;12900;0,0000;0,0000;0,0000;0,0000;0,0000;0,0000;0;0;0;0
20260614_0639;Consistência_25;classification;AdaptiveRandomForest;Default_FullFeatures;classifier;classifier;classifier;N/A;N/A;N/A;2000;100;111;13000;0,0000;0,0000;0,0000;0,0000;0,0000;0,0000;0;0;0;0
20260614_0639;Consistência_25;classification;AdaptiveRandomForest;Default_FullFeatures;classifier;classifier;classifier;N/A;N/A;N/A;2000;100;112;13100;0,0000;0,0000;0,0000;0,0000;0,0000;0,0000;0;0;0;0
20260614_0639;Consistência_25;classification;AdaptiveRandomForest;Default_FullFeatures;classifier;classifier;classifier;N/A;N/A;N/A;2000;100;113;13200;0,0000;0,0000;0,0000;0,0000;0,0000;0,0000;0;0;0;0
20260614_0639;Consistência_25;classification;AdaptiveRandomForest;Default_FullFeatures;classifier;classifier;classifier;N/A;N/A;N/A;2000;100;114;13300;0,0000;0,0000;0,0000;0,0000;0,0000;0,0000;0;0;0;0
20260614_0639;Consistência_25;classification;AdaptiveRandomForest;Default_FullFeatures;classifier;classifier;classifier;N/A;N/A;N/A;2000;100;115;13400;0,0000;0,0000;0,0000;0,0000;0,0000;0,0000;0;0;0;0
20260614_0639;Consistência_25;classification;AdaptiveRandomForest;Default_FullFeatures;classifier;classifier;classifier;N/A;N/A;N/A;2000;100;116;13500;0,0000;0,0000;0,0000;0,0000;0,0000;0,0000;0;0;0;0
20260614_0639;Consistência_25;classification;AdaptiveRandomForest;Default_FullFeatures;classifier;classifier;classifier;N/A;N/A;N/A;2000;100;117;13600;0,0000;0,0000;0,0000;0,0000;0,0000;0,0000;0;0;0;0
20260614_0639;Consistência_25;classification;AdaptiveRandomForest;Default_FullFeatures;classifier;classifier;classifier;N/A;N/A;N/A;2000;100;118;13700;0,0000;0,0000;0,0000;0,0000;0,0000;0,0000;0;0;0;0
20260614_0639;Consistência_25;classification;AdaptiveRandomForest;Default_FullFeatures;classifier;classifier;classifier;N/A;N/A;N/A;2000;100;119;13800;0,0000;0,0000;0,0000;0,0000;0,0000;0,0000;0;0;0;0
20260614_0639;Consistência_25;classification;AdaptiveRandomForest;Default_FullFeatures;classifier;classifier;classifier;N/A;N/A;N/A;2000;100;120;13900;0,0000;0,0000;0,0000;0,0000;0,0000;0,0000;0;0;0;0
20260614_0639;Consistência_25;classification;AdaptiveRandomForest;Default_FullFeatures;classifier;classifier;classifier;N/A;N/A;N/A;2000;100;121;14000;0,0000;0,0000;0,0000;0,0000;0,0000;0,0000;0;0;0;0
20260614_0639;Consistência_25;classification;AdaptiveRandomForest;Default_FullFeatures;classifier;classifier;classifier;N/A;N/A;N/A;2000;100;122;14100;0,0000;0,0000;0,0000;0,0000;0,0000;0,0000;0;0;0;0
20260614_0639;Consistência_25;classification;AdaptiveRandomForest;Default_FullFeatures;classifier;classifier;classifier;N/A;N/A;N/A;2000;100;123;14200;0,0000;0,0000;0,0000;0,0000;0,0000;0,0000;0;0;0;0
20260614_0639;Consistência_25;classification;AdaptiveRandomForest;Default_FullFeatures;classifier;classifier;classifier;N/A;N/A;N/A;2000;100;124;14300;0,0000;0,0000;0,0000;0,0000;0,0000;0,0000;0;0;0;0
20260614_0639;Consistência_25;classification;AdaptiveRandomForest;Default_FullFeatures;classifier;classifier;classifier;N/A;N/A;N/A;2000;100;125;14400;0,0000;0,0000;0,0000;0,0000;0,0000;0,0000;0;0;0;0
20260614_0639;Consistência_25;classification;AdaptiveRandomForest;Default_FullFeatures;classifier;classifier;classifier;N/A;N/A;N/A;2000;100;126;14500;0,0000;0,0000;0,0000;0,0000;0,0000;0,0000;0;0;0;0
20260614_0639;Consistência_25;classification;AdaptiveRandomForest;Default_FullFeatures;classifier;classifier;classifier;N/A;N/A;N/A;2000;100;127;14600;0,0000;0,0000;0,0000;0,0000;0,0000;0,0000;0;0;0;0
20260614_0639;Consistência_25;classification;AdaptiveRandomForest;Default_FullFeatures;classifier;classifier;classifier;N/A;N/A;N/A;2000;100;128;14700;0,0000;0,0000;0,0000;0,0000;0,0000;0,0000;0;0;0;0
20260614_0639;Consistência_25;classification;AdaptiveRandomForest;Default_FullFeatures;classifier;classifier;classifier;N/A;N/A;N/A;2000;100;129;14800;0,0000;0,0000;0,0000;0,0000;0,0000;0,0000;0;0;0;0
20260614_0639;Consistência_25;classification;AdaptiveRandomForest;Default_FullFeatures;classifier;classifier;classifier;N/A;N/A;N/A;2000;100;130;14900;0,0000;0,0000;0,0000;0,0000;0,0000;0,0000;0;0;0;0
20260614_0639;Consistência_25;classification;AdaptiveRandomForest;Default_FullFeatures;classifier;classifier;classifier;N/A;N/A;N/A;2000;100;131;15000;0,0000;0,0000;0,0000;0,0000;0,0000;0,0000;0;0;0;0
20260614_0639;Consistência_200;classification;AdaptiveRandomForest;Default_FullFeatures;classifier;classifier;classifier;N/A;N/A;N/A;2000;100;1;2000;0,0000;0,0000;0,0000;0,0000;0,0000;0,0000;0;0;0;0
20260614_0639;Consistência_200;classification;AdaptiveRandomForest;Default_FullFeatures;classifier;classifier;classifier;N/A;N/A;N/A;2000;100;2;2100;0,0000;0,0000;0,0000;0,0000;0,0000;0,0000;0;0;0;0
20260614_0639;Consistência_200;classification;AdaptiveRandomForest;Default_FullFeatures;classifier;classifier;classifier;N/A;N/A;N/A;2000;100;3;2200;0,0000;0,0000;0,0000;0,0000;0,0000;0,0000;0;0;0;0
20260614_0639;Consistência_200;classification;AdaptiveRandomForest;Default_FullFeatures;classifier;classifier;classifier;N/A;N/A;N/A;2000;100;4;2300;0,0000;0,0000;0,0000;0,0000;0,0000;0,0000;0;0;0;0
20260614_0639;Consistência_200;classification;AdaptiveRandomForest;Default_FullFeatures;classifier;classifier;classifier;N/A;N/A;N/A;2000;100;5;2400;0,0000;0,0000;0,0000;0,0000;0,0000;0,0000;0;0;0;0
20260614_0639;Consistência_200;classification;AdaptiveRandomForest;Default_FullFeatures;classifier;classifier;classifier;N/A;N/A;N/A;2000;100;6;2500;0,0000;0,0000;0,0000;0,0000;0,0000;0,0000;0;0;0;0
20260614_0639;Consistência_200;classification;AdaptiveRandomForest;Default_FullFeatures;classifier;classifier;classifier;N/A;N/A;N/A;2000;100;7;2600;0,0000;0,0000;0,0000;0,0000;0,0000;0,0000;0;0;0;0
20260614_0639;Consistência_200;classification;AdaptiveRandomForest;Default_FullFeatures;classifier;classifier;classifier;N/A;N/A;N/A;2000;100;8;2700;0,0000;0,0000;0,0000;0,0000;0,0000;0,0000;0;0;0;0
20260614_0639;Consistência_200;classification;AdaptiveRandomForest;Default_FullFeatures;classifier;classifier;classifier;N/A;N/A;N/A;2000;100;9;2800;0,0000;0,0000;0,0000;0,0000;0,0000;0,0000;0;0;0;0
20260614_0639;Consistência_200;classification;AdaptiveRandomForest;Default_FullFeatures;classifier;classifier;classifier;N/A;N/A;N/A;2000;100;10;2900;0,0000;0,0000;0,0000;0,0000;0,0000;0,0000;0;0;0;0
20260614_0639;Consistência_200;classification;AdaptiveRandomForest;Default_FullFeatures;classifier;classifier;classifier;N/A;N/A;N/A;2000;100;11;3000;0,0000;0,0000;0,0000;0,0000;0,0000;0,0000;0;0;0;0
20260614_0639;Consistência_200;classification;AdaptiveRandomForest;Default_FullFeatures;classifier;classifier;classifier;N/A;N/A;N/A;2000;100;12;3100;0,0000;0,0000;0,0000;0,0000;0,0000;0,0000;0;0;0;0
20260614_0639;Consistência_200;classification;AdaptiveRandomForest;Default_FullFeatures;classifier;classifier;classifier;N/A;N/A;N/A;2000;100;13;3200;0,0000;0,0000;0,0000;0,0000;0,0000;0,0000;0;0;0;0
20260614_0639;Consistência_200;classification;AdaptiveRandomForest;Default_FullFeatures;classifier;classifier;classifier;N/A;N/A;N/A;2000;100;14;3300;0,0000;0,0000;0,0000;0,0000;0,0000;0,0000;0;0;0;0
20260614_0639;Consistência_200;classification;AdaptiveRandomForest;Default_FullFeatures;classifier;classifier;classifier;N/A;N/A;N/A;2000;100;15;3400;0,0000;0,0000;0,0000;0,0000;0,0000;0,0000;0;0;0;0
20260614_0639;Consistência_200;classification;AdaptiveRandomForest;Default_FullFeatures;classifier;classifier;classifier;N/A;N/A;N/A;2000;100;16;3500;0,0000;0,0000;0,0000;0,0000;0,0000;0,0000;0;0;0;0
20260614_0639;Consistência_200;classification;AdaptiveRandomForest;Default_FullFeatures;classifier;classifier;classifier;N/A;N/A;N/A;2000;100;17;3600;0,0000;0,0000;0,0000;0,0000;0,0000;0,0000;0;0;0;0
20260614_0639;Consistência_200;classification;AdaptiveRandomForest;Default_FullFeatures;classifier;classifier;classifier;N/A;N/A;N/A;2000;100;18;3700;0,0000;0,0000;0,0000;0,0000;0,0000;0,0000;0;0;0;0
20260614_0639;Consistência_200;classification;AdaptiveRandomForest;Default_FullFeatures;classifier;classifier;classifier;N/A;N/A;N/A;2000;100;19;3800;95,7447;0,0000;100,0000;0,0000;91,8367;0,0000;0;0;4;0
20260614_0639;Consistência_200;classification;AdaptiveRandomForest;Default_FullFeatures;classifier;classifier;classifier;N/A;N/A;N/A;2000;100;20;3900;95,8744;0,2336;93,1625;0,4426;98,7500;0,0000;6;1;1;0
20260614_0639;Consistência_200;classification;AdaptiveRandomForest;Default_FullFeatures;classifier;classifier;classifier;N/A;N/A;N/A;2000;100;21;4000;94,1176;0,0000;88,8889;0,0000;100,0000;0,0000;6;0;0;0
20260614_0639;Consistência_200;classification;AdaptiveRandomForest;Default_FullFeatures;classifier;classifier;classifier;N/A;N/A;N/A;2000;100;22;4100;0,0000;0,0000;0,0000;0,0000;0,0000;0,0000;1;0;0;0
20260614_0639;Consistência_200;classification;AdaptiveRandomForest;Default_FullFeatures;classifier;classifier;classifier;N/A;N/A;N/A;2000;100;23;4200;0,0000;0,0000;0,0000;0,0000;0,0000;0,0000;2;1;0;0
20260614_0639;Consistência_200;classification;AdaptiveRandomForest;Default_FullFeatures;classifier;classifier;classifier;N/A;N/A;N/A;2000;100;24;4300;0,0000;0,0000;0,0000;0,0000;0,0000;0,0000;1;1;0;0
20260614_0639;Consistência_200;classification;AdaptiveRandomForest;Default_FullFeatures;classifier;classifier;classifier;N/A;N/A;N/A;2000;100;25;4400;0,0000;0,0000;0,0000;0,0000;0,0000;0,0000;1;0;0;0
20260614_0639;Consistência_200;classification;AdaptiveRandomForest;Default_FullFeatures;classifier;classifier;classifier;N/A;N/A;N/A;2000;100;26;4500;0,0000;0,0000;0,0000;0,0000;0,0000;0,0000;1;0;0;0
20260614_0639;Consistência_200;classification;AdaptiveRandomForest;Default_FullFeatures;classifier;classifier;classifier;N/A;N/A;N/A;2000;100;27;4600;0,0000;0,0000;0,0000;0,0000;0,0000;0,0000;1;1;0;0
20260614_0639;Consistência_200;classification;AdaptiveRandomForest;Default_FullFeatures;classifier;classifier;classifier;N/A;N/A;N/A;2000;100;28;4700;0,0000;0,0000;0,0000;0,0000;0,0000;0,0000;0;0;0;0
20260614_0639;Consistência_200;classification;AdaptiveRandomForest;Default_FullFeatures;classifier;classifier;classifier;N/A;N/A;N/A;2000;100;29;4800;0,0000;0,0000;0,0000;0,0000;0,0000;0,0000;3;1;0;0
20260614_0639;Consistência_200;classification;AdaptiveRandomForest;Default_FullFeatures;classifier;classifier;classifier;N/A;N/A;N/A;2000;100;30;4900;0,0000;0,0000;0,0000;0,0000;0,0000;0,0000;0;0;0;0
20260614_0639;Consistência_200;classification;AdaptiveRandomForest;Default_FullFeatures;classifier;classifier;classifier;N/A;N/A;N/A;2000;100;31;5000;0,0000;0,0000;0,0000;0,0000;0,0000;0,0000;0;0;0;0
20260614_0639;Consistência_200;classification;AdaptiveRandomForest;Default_FullFeatures;classifier;classifier;classifier;N/A;N/A;N/A;2000;100;32;5100;0,0000;0,0000;0,0000;0,0000;0,0000;0,0000;0;0;0;0
20260614_0639;Consistência_200;classification;AdaptiveRandomForest;Default_FullFeatures;classifier;classifier;classifier;N/A;N/A;N/A;2000;100;33;5200;0,0000;0,0000;0,0000;0,0000;0,0000;0,0000;0;0;0;0
20260614_0639;Consistência_200;classification;AdaptiveRandomForest;Default_FullFeatures;classifier;classifier;classifier;N/A;N/A;N/A;2000;100;34;5300;0,0000;0,0000;0,0000;0,0000;0,0000;0,0000;0;0;0;0
20260614_0639;Consistência_200;classification;AdaptiveRandomForest;Default_FullFeatures;classifier;classifier;classifier;N/A;N/A;N/A;2000;100;35;5400;0,0000;0,0000;0,0000;0,0000;0,0000;0,0000;0;0;0;0
20260614_0639;Consistência_200;classification;AdaptiveRandomForest;Default_FullFeatures;classifier;classifier;classifier;N/A;N/A;N/A;2000;100;36;5500;0,0000;0,0000;0,0000;0,0000;0,0000;0,0000;0;0;0;0
20260614_0639;Consistência_200;classification;AdaptiveRandomForest;Default_FullFeatures;classifier;classifier;classifier;N/A;N/A;N/A;2000;100;37;5600;0,0000;0,0000;0,0000;0,0000;0,0000;0,0000;0;0;0;0
20260614_0639;Consistência_200;classification;AdaptiveRandomForest;Default_FullFeatures;classifier;classifier;classifier;N/A;N/A;N/A;2000;100;38;5700;0,0000;0,0000;0,0000;0,0000;0,0000;0,0000;0;0;0;0
20260614_0639;Consistência_200;classification;AdaptiveRandomForest;Default_FullFeatures;classifier;classifier;classifier;N/A;N/A;N/A;2000;100;39;5800;0,0000;0,0000;0,0000;0,0000;0,0000;0,0000;0;0;0;0
20260614_0639;Consistência_200;classification;AdaptiveRandomForest;Default_FullFeatures;classifier;classifier;classifier;N/A;N/A;N/A;2000;100;40;5900;0,0000;0,0000;0,0000;0,0000;0,0000;0,0000;0;0;0;0
20260614_0639;Consistência_200;classification;AdaptiveRandomForest;Default_FullFeatures;classifier;classifier;classifier;N/A;N/A;N/A;2000;100;41;6000;0,0000;0,0000;0,0000;0,0000;0,0000;0,0000;0;0;0;0
20260614_0639;Consistência_200;classification;AdaptiveRandomForest;Default_FullFeatures;classifier;classifier;classifier;N/A;N/A;N/A;2000;100;42;6100;0,0000;0,0000;0,0000;0,0000;0,0000;0,0000;0;0;0;0
20260614_0639;Consistência_200;classification;AdaptiveRandomForest;Default_FullFeatures;classifier;classifier;classifier;N/A;N/A;N/A;2000;100;43;6200;0,0000;0,0000;0,0000;0,0000;0,0000;0,0000;0;0;0;0
20260614_0639;Consistência_200;classification;AdaptiveRandomForest;Default_FullFeatures;classifier;classifier;classifier;N/A;N/A;N/A;2000;100;44;6300;0,0000;0,0000;0,0000;0,0000;0,0000;0,0000;0;0;0;0
20260614_0639;Consistência_200;classification;AdaptiveRandomForest;Default_FullFeatures;classifier;classifier;classifier;N/A;N/A;N/A;2000;100;45;6400;0,0000;0,0000;0,0000;0,0000;0,0000;0,0000;0;0;0;0
20260614_0639;Consistência_200;classification;AdaptiveRandomForest;Default_FullFeatures;classifier;classifier;classifier;N/A;N/A;N/A;2000;100;46;6500;0,0000;0,0000;0,0000;0,0000;0,0000;0,0000;0;0;0;0
20260614_0639;Consistência_200;classification;AdaptiveRandomForest;Default_FullFeatures;classifier;classifier;classifier;N/A;N/A;N/A;2000;100;47;6600;0,0000;0,0000;0,0000;0,0000;0,0000;0,0000;0;0;0;0
20260614_0639;Consistência_200;classification;AdaptiveRandomForest;Default_FullFeatures;classifier;classifier;classifier;N/A;N/A;N/A;2000;100;48;6700;0,0000;0,0000;0,0000;0,0000;0,0000;0,0000;0;0;0;0
20260614_0639;Consistência_200;classification;AdaptiveRandomForest;Default_FullFeatures;classifier;classifier;classifier;N/A;N/A;N/A;2000;100;49;6800;0,0000;0,0000;0,0000;0,0000;0,0000;0,0000;0;0;0;0
20260614_0639;Consistência_200;classification;AdaptiveRandomForest;Default_FullFeatures;classifier;classifier;classifier;N/A;N/A;N/A;2000;100;50;6900;0,0000;0,0000;0,0000;0,0000;0,0000;0,0000;0;0;0;0
20260614_0639;Consistência_200;classification;AdaptiveRandomForest;Default_FullFeatures;classifier;classifier;classifier;N/A;N/A;N/A;2000;100;51;7000;0,0000;0,0000;0,0000;0,0000;0,0000;0,0000;0;0;0;0
20260614_0639;Consistência_200;classification;AdaptiveRandomForest;Default_FullFeatures;classifier;classifier;classifier;N/A;N/A;N/A;2000;100;52;7100;0,0000;0,0000;0,0000;0,0000;0,0000;0,0000;0;0;0;0
20260614_0639;Consistência_200;classification;AdaptiveRandomForest;Default_FullFeatures;classifier;classifier;classifier;N/A;N/A;N/A;2000;100;53;7200;0,0000;0,0000;0,0000;0,0000;0,0000;0,0000;0;0;0;0
20260614_0639;Consistência_200;classification;AdaptiveRandomForest;Default_FullFeatures;classifier;classifier;classifier;N/A;N/A;N/A;2000;100;54;7300;0,0000;0,0000;0,0000;0,0000;0,0000;0,0000;0;0;0;0
20260614_0639;Consistência_200;classification;AdaptiveRandomForest;Default_FullFeatures;classifier;classifier;classifier;N/A;N/A;N/A;2000;100;55;7400;0,0000;0,0000;0,0000;0,0000;0,0000;0,0000;0;0;0;0
20260614_0639;Consistência_200;classification;AdaptiveRandomForest;Default_FullFeatures;classifier;classifier;classifier;N/A;N/A;N/A;2000;100;56;7500;0,0000;0,0000;0,0000;0,0000;0,0000;0,0000;0;0;0;0
20260614_0639;Consistência_200;classification;AdaptiveRandomForest;Default_FullFeatures;classifier;classifier;classifier;N/A;N/A;N/A;2000;100;57;7600;0,0000;0,0000;0,0000;0,0000;0,0000;0,0000;0;0;0;0
20260614_0639;Consistência_200;classification;AdaptiveRandomForest;Default_FullFeatures;classifier;classifier;classifier;N/A;N/A;N/A;2000;100;58;7700;100,0000;0,0000;100,0000;0,0000;100,0000;0,0000;0;0;0;0
20260614_0639;Consistência_200;classification;AdaptiveRandomForest;Default_FullFeatures;classifier;classifier;classifier;N/A;N/A;N/A;2000;100;59;7800;96,8750;0,0000;100,0000;0,0000;93,9394;0,0000;0;0;6;0
20260614_0639;Consistência_200;classification;AdaptiveRandomForest;Default_FullFeatures;classifier;classifier;classifier;N/A;N/A;N/A;2000;100;60;7900;96,1749;0,0000;100,0000;0,0000;92,6316;0,0000;0;0;7;0
20260614_0639;Consistência_200;classification;AdaptiveRandomForest;Default_FullFeatures;classifier;classifier;classifier;N/A;N/A;N/A;2000;100;61;8000;0,0000;0,0000;0,0000;0,0000;0,0000;0,0000;0;0;0;0
20260614_0639;Consistência_200;classification;AdaptiveRandomForest;Default_FullFeatures;classifier;classifier;classifier;N/A;N/A;N/A;2000;100;62;8100;0,0000;0,0000;0,0000;0,0000;0,0000;0,0000;0;0;0;0
20260614_0639;Consistência_200;classification;AdaptiveRandomForest;Default_FullFeatures;classifier;classifier;classifier;N/A;N/A;N/A;2000;100;63;8200;0,0000;0,0000;0,0000;0,0000;0,0000;0,0000;0;0;0;0
20260614_0639;Consistência_200;classification;AdaptiveRandomForest;Default_FullFeatures;classifier;classifier;classifier;N/A;N/A;N/A;2000;100;64;8300;0,0000;0,0000;0,0000;0,0000;0,0000;0,0000;1;1;0;0
20260614_0639;Consistência_200;classification;AdaptiveRandomForest;Default_FullFeatures;classifier;classifier;classifier;N/A;N/A;N/A;2000;100;65;8400;0,0000;0,0000;0,0000;0,0000;0,0000;0,0000;0;0;0;0
20260614_0639;Consistência_200;classification;AdaptiveRandomForest;Default_FullFeatures;classifier;classifier;classifier;N/A;N/A;N/A;2000;100;66;8500;0,0000;0,0000;0,0000;0,0000;0,0000;0,0000;0;0;0;0
20260614_0639;Consistência_200;classification;AdaptiveRandomForest;Default_FullFeatures;classifier;classifier;classifier;N/A;N/A;N/A;2000;100;67;8600;0,0000;0,0000;0,0000;0,0000;0,0000;0,0000;0;0;0;0
20260614_0639;Consistência_200;classification;AdaptiveRandomForest;Default_FullFeatures;classifier;classifier;classifier;N/A;N/A;N/A;2000;100;68;8700;0,0000;0,0000;0,0000;0,0000;0,0000;0,0000;0;0;0;0
20260614_0639;Consistência_200;classification;AdaptiveRandomForest;Default_FullFeatures;classifier;classifier;classifier;N/A;N/A;N/A;2000;100;69;8800;0,0000;0,0000;0,0000;0,0000;0,0000;0,0000;0;0;0;0
20260614_0639;Consistência_200;classification;AdaptiveRandomForest;Default_FullFeatures;classifier;classifier;classifier;N/A;N/A;N/A;2000;100;70;8900;0,0000;0,0000;0,0000;0,0000;0,0000;0,0000;0;0;0;0
20260614_0639;Consistência_200;classification;AdaptiveRandomForest;Default_FullFeatures;classifier;classifier;classifier;N/A;N/A;N/A;2000;100;71;9000;0,0000;0,0000;0,0000;0,0000;0,0000;0,0000;0;0;0;0
20260614_0639;Consistência_200;classification;AdaptiveRandomForest;Default_FullFeatures;classifier;classifier;classifier;N/A;N/A;N/A;2000;100;72;9100;0,0000;0,0000;0,0000;0,0000;0,0000;0,0000;0;0;0;0
20260614_0639;Consistência_200;classification;AdaptiveRandomForest;Default_FullFeatures;classifier;classifier;classifier;N/A;N/A;N/A;2000;100;73;9200;0,0000;0,0000;0,0000;0,0000;0,0000;0,0000;0;0;0;0
20260614_0639;Consistência_200;classification;AdaptiveRandomForest;Default_FullFeatures;classifier;classifier;classifier;N/A;N/A;N/A;2000;100;74;9300;0,0000;0,0000;0,0000;0,0000;0,0000;0,0000;0;0;0;0
20260614_0639;Consistência_200;classification;AdaptiveRandomForest;Default_FullFeatures;classifier;classifier;classifier;N/A;N/A;N/A;2000;100;75;9400;0,0000;0,0000;0,0000;0,0000;0,0000;0,0000;0;0;0;0
20260614_0639;Consistência_200;classification;AdaptiveRandomForest;Default_FullFeatures;classifier;classifier;classifier;N/A;N/A;N/A;2000;100;76;9500;0,0000;0,0000;0,0000;0,0000;0,0000;0,0000;0;0;0;0
20260614_0639;Consistência_200;classification;AdaptiveRandomForest;Default_FullFeatures;classifier;classifier;classifier;N/A;N/A;N/A;2000;100;77;9600;0,0000;0,0000;0,0000;0,0000;0,0000;0,0000;0;0;0;0
20260614_0639;Consistência_200;classification;AdaptiveRandomForest;Default_FullFeatures;classifier;classifier;classifier;N/A;N/A;N/A;2000;100;78;9700;0,0000;0,0000;0,0000;0,0000;0,0000;0,0000;0;0;0;0
20260614_0639;Consistência_200;classification;AdaptiveRandomForest;Default_FullFeatures;classifier;classifier;classifier;N/A;N/A;N/A;2000;100;79;9800;0,0000;0,0000;0,0000;0,0000;0,0000;0,0000;0;0;0;0
20260614_0639;Consistência_200;classification;AdaptiveRandomForest;Default_FullFeatures;classifier;classifier;classifier;N/A;N/A;N/A;2000;100;80;9900;0,0000;0,0000;0,0000;0,0000;0,0000;0,0000;0;0;0;0
20260614_0639;Consistência_200;classification;AdaptiveRandomForest;Default_FullFeatures;classifier;classifier;classifier;N/A;N/A;N/A;2000;100;81;10000;0,0000;0,0000;0,0000;0,0000;0,0000;0,0000;0;0;0;0
20260614_0639;Consistência_200;classification;AdaptiveRandomForest;Default_FullFeatures;classifier;classifier;classifier;N/A;N/A;N/A;2000;100;82;10100;0,0000;0,0000;0,0000;0,0000;0,0000;0,0000;0;0;0;0
20260614_0639;Consistência_200;classification;AdaptiveRandomForest;Default_FullFeatures;classifier;classifier;classifier;N/A;N/A;N/A;2000;100;83;10200;0,0000;0,0000;0,0000;0,0000;0,0000;0,0000;0;0;0;0
20260614_0639;Consistência_200;classification;AdaptiveRandomForest;Default_FullFeatures;classifier;classifier;classifier;N/A;N/A;N/A;2000;100;84;10300;0,0000;0,0000;0,0000;0,0000;0,0000;0,0000;0;0;0;0
20260614_0639;Consistência_200;classification;AdaptiveRandomForest;Default_FullFeatures;classifier;classifier;classifier;N/A;N/A;N/A;2000;100;85;10400;0,0000;0,0000;0,0000;0,0000;0,0000;0,0000;0;0;0;0
20260614_0639;Consistência_200;classification;AdaptiveRandomForest;Default_FullFeatures;classifier;classifier;classifier;N/A;N/A;N/A;2000;100;86;10500;0,0000;0,0000;0,0000;0,0000;0,0000;0,0000;0;0;0;0
20260614_0639;Consistência_200;classification;AdaptiveRandomForest;Default_FullFeatures;classifier;classifier;classifier;N/A;N/A;N/A;2000;100;87;10600;0,0000;0,0000;0,0000;0,0000;0,0000;0,0000;0;0;0;0
20260614_0639;Consistência_200;classification;AdaptiveRandomForest;Default_FullFeatures;classifier;classifier;classifier;N/A;N/A;N/A;2000;100;88;10700;0,0000;0,0000;0,0000;0,0000;0,0000;0,0000;0;0;0;0
20260614_0639;Consistência_200;classification;AdaptiveRandomForest;Default_FullFeatures;classifier;classifier;classifier;N/A;N/A;N/A;2000;100;89;10800;0,0000;0,0000;0,0000;0,0000;0,0000;0,0000;0;0;0;0
20260614_0639;Consistência_200;classification;AdaptiveRandomForest;Default_FullFeatures;classifier;classifier;classifier;N/A;N/A;N/A;2000;100;90;10900;0,0000;0,0000;0,0000;0,0000;0,0000;0,0000;0;0;0;0
20260614_0639;Consistência_200;classification;AdaptiveRandomForest;Default_FullFeatures;classifier;classifier;classifier;N/A;N/A;N/A;2000;100;91;11000;0,0000;0,0000;0,0000;0,0000;0,0000;0,0000;0;0;0;0
20260614_0639;Consistência_200;classification;AdaptiveRandomForest;Default_FullFeatures;classifier;classifier;classifier;N/A;N/A;N/A;2000;100;92;11100;0,0000;0,0000;0,0000;0,0000;0,0000;0,0000;0;0;0;0
20260614_0639;Consistência_200;classification;AdaptiveRandomForest;Default_FullFeatures;classifier;classifier;classifier;N/A;N/A;N/A;2000;100;93;11200;0,0000;0,0000;0,0000;0,0000;0,0000;0,0000;0;0;0;0
20260614_0639;Consistência_200;classification;AdaptiveRandomForest;Default_FullFeatures;classifier;classifier;classifier;N/A;N/A;N/A;2000;100;94;11300;0,0000;0,0000;0,0000;0,0000;0,0000;0,0000;0;0;0;0
20260614_0639;Consistência_200;classification;AdaptiveRandomForest;Default_FullFeatures;classifier;classifier;classifier;N/A;N/A;N/A;2000;100;95;11400;0,0000;0,0000;0,0000;0,0000;0,0000;0,0000;0;0;0;0
20260614_0639;Consistência_200;classification;AdaptiveRandomForest;Default_FullFeatures;classifier;classifier;classifier;N/A;N/A;N/A;2000;100;96;11500;0,0000;0,0000;0,0000;0,0000;0,0000;0,0000;0;0;0;0
20260614_0639;Consistência_200;classification;AdaptiveRandomForest;Default_FullFeatures;classifier;classifier;classifier;N/A;N/A;N/A;2000;100;97;11600;0,0000;0,0000;0,0000;0,0000;0,0000;0,0000;0;0;0;0
20260614_0639;Consistência_200;classification;AdaptiveRandomForest;Default_FullFeatures;classifier;classifier;classifier;N/A;N/A;N/A;2000;100;98;11700;96,2584;0,8670;100,0000;0,0000;92,8000;1,6000;0;0;4;1
20260614_0639;Consistência_200;classification;AdaptiveRandomForest;Default_FullFeatures;classifier;classifier;classifier;N/A;N/A;N/A;2000;100;99;11800;93,5514;1,0741;95,0645;2,3650;92,1212;0,6061;4;2;6;1
20260614_0639;Consistência_200;classification;AdaptiveRandomForest;Default_FullFeatures;classifier;classifier;classifier;N/A;N/A;N/A;2000;100;100;11900;86,6667;0,0000;92,8571;0,0000;81,2500;0,0000;1;0;3;0
20260614_0639;Consistência_200;classification;AdaptiveRandomForest;Default_FullFeatures;classifier;classifier;classifier;N/A;N/A;N/A;2000;100;101;12000;0,0000;0,0000;0,0000;0,0000;0,0000;0,0000;0;0;0;0
20260614_0639;Consistência_200;classification;AdaptiveRandomForest;Default_FullFeatures;classifier;classifier;classifier;N/A;N/A;N/A;2000;100;102;12100;0,0000;0,0000;0,0000;0,0000;0,0000;0,0000;0;0;0;0
20260614_0639;Consistência_200;classification;AdaptiveRandomForest;Default_FullFeatures;classifier;classifier;classifier;N/A;N/A;N/A;2000;100;103;12200;0,0000;0,0000;0,0000;0,0000;0,0000;0,0000;0;0;0;0
20260614_0639;Consistência_200;classification;AdaptiveRandomForest;Default_FullFeatures;classifier;classifier;classifier;N/A;N/A;N/A;2000;100;104;12300;0,0000;0,0000;0,0000;0,0000;0,0000;0,0000;0;0;0;0
20260614_0639;Consistência_200;classification;AdaptiveRandomForest;Default_FullFeatures;classifier;classifier;classifier;N/A;N/A;N/A;2000;100;105;12400;0,0000;0,0000;0,0000;0,0000;0,0000;0,0000;0;0;0;0
20260614_0639;Consistência_200;classification;AdaptiveRandomForest;Default_FullFeatures;classifier;classifier;classifier;N/A;N/A;N/A;2000;100;106;12500;0,0000;0,0000;0,0000;0,0000;0,0000;0,0000;0;0;0;0
20260614_0639;Consistência_200;classification;AdaptiveRandomForest;Default_FullFeatures;classifier;classifier;classifier;N/A;N/A;N/A;2000;100;107;12600;0,0000;0,0000;0,0000;0,0000;0,0000;0,0000;0;0;0;0
20260614_0639;Consistência_200;classification;AdaptiveRandomForest;Default_FullFeatures;classifier;classifier;classifier;N/A;N/A;N/A;2000;100;108;12700;0,0000;0,0000;0,0000;0,0000;0,0000;0,0000;0;0;0;0
20260614_0639;Consistência_200;classification;AdaptiveRandomForest;Default_FullFeatures;classifier;classifier;classifier;N/A;N/A;N/A;2000;100;109;12800;0,0000;0,0000;0,0000;0,0000;0,0000;0,0000;0;0;0;0
20260614_0639;Consistência_200;classification;AdaptiveRandomForest;Default_FullFeatures;classifier;classifier;classifier;N/A;N/A;N/A;2000;100;110;12900;0,0000;0,0000;0,0000;0,0000;0,0000;0,0000;0;0;0;0
20260614_0639;Consistência_200;classification;AdaptiveRandomForest;Default_FullFeatures;classifier;classifier;classifier;N/A;N/A;N/A;2000;100;111;13000;0,0000;0,0000;0,0000;0,0000;0,0000;0,0000;0;0;0;0
20260614_0639;Consistência_200;classification;AdaptiveRandomForest;Default_FullFeatures;classifier;classifier;classifier;N/A;N/A;N/A;2000;100;112;13100;0,0000;0,0000;0,0000;0,0000;0,0000;0,0000;0;0;0;0
20260614_0639;Consistência_200;classification;AdaptiveRandomForest;Default_FullFeatures;classifier;classifier;classifier;N/A;N/A;N/A;2000;100;113;13200;0,0000;0,0000;0,0000;0,0000;0,0000;0,0000;0;0;0;0
20260614_0639;Consistência_200;classification;AdaptiveRandomForest;Default_FullFeatures;classifier;classifier;classifier;N/A;N/A;N/A;2000;100;114;13300;0,0000;0,0000;0,0000;0,0000;0,0000;0,0000;0;0;0;0
20260614_0639;Consistência_200;classification;AdaptiveRandomForest;Default_FullFeatures;classifier;classifier;classifier;N/A;N/A;N/A;2000;100;115;13400;0,0000;0,0000;0,0000;0,0000;0,0000;0,0000;0;0;0;0
20260614_0639;Consistência_200;classification;AdaptiveRandomForest;Default_FullFeatures;classifier;classifier;classifier;N/A;N/A;N/A;2000;100;116;13500;0,0000;0,0000;0,0000;0,0000;0,0000;0,0000;0;0;0;0
20260614_0639;Consistência_200;classification;AdaptiveRandomForest;Default_FullFeatures;classifier;classifier;classifier;N/A;N/A;N/A;2000;100;117;13600;0,0000;0,0000;0,0000;0,0000;0,0000;0,0000;0;0;0;0
20260614_0639;Consistência_200;classification;AdaptiveRandomForest;Default_FullFeatures;classifier;classifier;classifier;N/A;N/A;N/A;2000;100;118;13700;0,0000;0,0000;0,0000;0,0000;0,0000;0,0000;0;0;0;0
20260614_0639;Consistência_200;classification;AdaptiveRandomForest;Default_FullFeatures;classifier;classifier;classifier;N/A;N/A;N/A;2000;100;119;13800;0,0000;0,0000;0,0000;0,0000;0,0000;0,0000;0;0;0;0
20260614_0639;Consistência_200;classification;AdaptiveRandomForest;Default_FullFeatures;classifier;classifier;classifier;N/A;N/A;N/A;2000;100;120;13900;0,0000;0,0000;0,0000;0,0000;0,0000;0,0000;0;0;0;0
20260614_0639;Consistência_200;classification;AdaptiveRandomForest;Default_FullFeatures;classifier;classifier;classifier;N/A;N/A;N/A;2000;100;121;14000;0,0000;0,0000;0,0000;0,0000;0,0000;0,0000;0;0;0;0
20260614_0639;Consistência_200;classification;AdaptiveRandomForest;Default_FullFeatures;classifier;classifier;classifier;N/A;N/A;N/A;2000;100;122;14100;0,0000;0,0000;0,0000;0,0000;0,0000;0,0000;0;0;0;0
20260614_0639;Consistência_200;classification;AdaptiveRandomForest;Default_FullFeatures;classifier;classifier;classifier;N/A;N/A;N/A;2000;100;123;14200;0,0000;0,0000;0,0000;0,0000;0,0000;0,0000;0;0;0;0
20260614_0639;Consistência_200;classification;AdaptiveRandomForest;Default_FullFeatures;classifier;classifier;classifier;N/A;N/A;N/A;2000;100;124;14300;0,0000;0,0000;0,0000;0,0000;0,0000;0,0000;0;0;0;0
20260614_0639;Consistência_200;classification;AdaptiveRandomForest;Default_FullFeatures;classifier;classifier;classifier;N/A;N/A;N/A;2000;100;125;14400;0,0000;0,0000;0,0000;0,0000;0,0000;0,0000;0;0;0;0
20260614_0639;Consistência_200;classification;AdaptiveRandomForest;Default_FullFeatures;classifier;classifier;classifier;N/A;N/A;N/A;2000;100;126;14500;0,0000;0,0000;0,0000;0,0000;0,0000;0,0000;0;0;0;0
20260614_0639;Consistência_200;classification;AdaptiveRandomForest;Default_FullFeatures;classifier;classifier;classifier;N/A;N/A;N/A;2000;100;127;14600;0,0000;0,0000;0,0000;0,0000;0,0000;0,0000;0;0;0;0
20260614_0639;Consistência_200;classification;AdaptiveRandomForest;Default_FullFeatures;classifier;classifier;classifier;N/A;N/A;N/A;2000;100;128;14700;0,0000;0,0000;0,0000;0,0000;0,0000;0,0000;0;0;0;0
20260614_0639;Consistência_200;classification;AdaptiveRandomForest;Default_FullFeatures;classifier;classifier;classifier;N/A;N/A;N/A;2000;100;129;14800;0,0000;0,0000;0,0000;0,0000;0,0000;0,0000;0;0;0;0
20260614_0639;Consistência_200;classification;AdaptiveRandomForest;Default_FullFeatures;classifier;classifier;classifier;N/A;N/A;N/A;2000;100;130;14900;0,0000;0,0000;0,0000;0,0000;0,0000;0,0000;0;0;0;0
20260614_0639;Consistência_200;classification;AdaptiveRandomForest;Default_FullFeatures;classifier;classifier;classifier;N/A;N/A;N/A;2000;100;131;15000;0,0000;0,0000;0,0000;0,0000;0,0000;0,0000;0;0;0;0
20260614_0639;Consistência_200;classification;AdaptiveRandomForest;Default_FullFeatures;classifier;classifier;classifier;N/A;N/A;N/A;2000;100;132;15100;0,0000;0,0000;0,0000;0,0000;0,0000;0,0000;0;0;0;0
20260614_0639;Consistência_200;classification;AdaptiveRandomForest;Default_FullFeatures;classifier;classifier;classifier;N/A;N/A;N/A;2000;100;133;15200;0,0000;0,0000;0,0000;0,0000;0,0000;0,0000;0;0;0;0
20260614_0639;Consistência_200;classification;AdaptiveRandomForest;Default_FullFeatures;classifier;classifier;classifier;N/A;N/A;N/A;2000;100;134;15300;0,0000;0,0000;0,0000;0,0000;0,0000;0,0000;0;0;0;0
20260614_0639;Consistência_200;classification;AdaptiveRandomForest;Default_FullFeatures;classifier;classifier;classifier;N/A;N/A;N/A;2000;100;135;15400;0,0000;0,0000;0,0000;0,0000;0,0000;0,0000;0;0;0;0
20260614_0639;Consistência_200;classification;AdaptiveRandomForest;Default_FullFeatures;classifier;classifier;classifier;N/A;N/A;N/A;2000;100;136;15500;0,0000;0,0000;0,0000;0,0000;0,0000;0,0000;0;0;0;0
20260614_0639;Consistência_1000;classification;AdaptiveRandomForest;Default_FullFeatures;classifier;classifier;classifier;N/A;N/A;N/A;2000;100;1;2000;0,0000;0,0000;0,0000;0,0000;0,0000;0,0000;0;0;0;0
20260614_0639;Consistência_1000;classification;AdaptiveRandomForest;Default_FullFeatures;classifier;classifier;classifier;N/A;N/A;N/A;2000;100;2;2100;0,0000;0,0000;0,0000;0,0000;0,0000;0,0000;0;0;0;0
20260614_0639;Consistência_1000;classification;AdaptiveRandomForest;Default_FullFeatures;classifier;classifier;classifier;N/A;N/A;N/A;2000;100;3;2200;0,0000;0,0000;0,0000;0,0000;0,0000;0,0000;0;0;0;0
20260614_0639;Consistência_1000;classification;AdaptiveRandomForest;Default_FullFeatures;classifier;classifier;classifier;N/A;N/A;N/A;2000;100;4;2300;0,0000;0,0000;0,0000;0,0000;0,0000;0,0000;0;0;0;0
20260614_0639;Consistência_1000;classification;AdaptiveRandomForest;Default_FullFeatures;classifier;classifier;classifier;N/A;N/A;N/A;2000;100;5;2400;0,0000;0,0000;0,0000;0,0000;0,0000;0,0000;0;0;0;0
20260614_0639;Consistência_1000;classification;AdaptiveRandomForest;Default_FullFeatures;classifier;classifier;classifier;N/A;N/A;N/A;2000;100;6;2500;0,0000;0,0000;0,0000;0,0000;0,0000;0,0000;0;0;0;0
20260614_0639;Consistência_1000;classification;AdaptiveRandomForest;Default_FullFeatures;classifier;classifier;classifier;N/A;N/A;N/A;2000;100;7;2600;0,0000;0,0000;0,0000;0,0000;0,0000;0,0000;0;0;0;0
20260614_0639;Consistência_1000;classification;AdaptiveRandomForest;Default_FullFeatures;classifier;classifier;classifier;N/A;N/A;N/A;2000;100;8;2700;0,0000;0,0000;0,0000;0,0000;0,0000;0,0000;0;0;0;0
20260614_0639;Consistência_1000;classification;AdaptiveRandomForest;Default_FullFeatures;classifier;classifier;classifier;N/A;N/A;N/A;2000;100;9;2800;0,0000;0,0000;0,0000;0,0000;0,0000;0,0000;0;0;0;0
20260614_0639;Consistência_1000;classification;AdaptiveRandomForest;Default_FullFeatures;classifier;classifier;classifier;N/A;N/A;N/A;2000;100;10;2900;0,0000;0,0000;0,0000;0,0000;0,0000;0,0000;0;0;0;0
20260614_0639;Consistência_1000;classification;AdaptiveRandomForest;Default_FullFeatures;classifier;classifier;classifier;N/A;N/A;N/A;2000;100;11;3000;0,0000;0,0000;0,0000;0,0000;0,0000;0,0000;0;0;0;0
20260614_0639;Consistência_1000;classification;AdaptiveRandomForest;Default_FullFeatures;classifier;classifier;classifier;N/A;N/A;N/A;2000;100;12;3100;0,0000;0,0000;0,0000;0,0000;0,0000;0,0000;0;0;0;0
20260614_0639;Consistência_1000;classification;AdaptiveRandomForest;Default_FullFeatures;classifier;classifier;classifier;N/A;N/A;N/A;2000;100;13;3200;0,0000;0,0000;0,0000;0,0000;0,0000;0,0000;0;0;0;0
20260614_0639;Consistência_1000;classification;AdaptiveRandomForest;Default_FullFeatures;classifier;classifier;classifier;N/A;N/A;N/A;2000;100;14;3300;0,0000;0,0000;0,0000;0,0000;0,0000;0,0000;0;0;0;0
20260614_0639;Consistência_1000;classification;AdaptiveRandomForest;Default_FullFeatures;classifier;classifier;classifier;N/A;N/A;N/A;2000;100;15;3400;0,0000;0,0000;0,0000;0,0000;0,0000;0,0000;0;0;0;0
20260614_0639;Consistência_1000;classification;AdaptiveRandomForest;Default_FullFeatures;classifier;classifier;classifier;N/A;N/A;N/A;2000;100;16;3500;0,0000;0,0000;0,0000;0,0000;0,0000;0,0000;0;0;0;0
20260614_0639;Consistência_1000;classification;AdaptiveRandomForest;Default_FullFeatures;classifier;classifier;classifier;N/A;N/A;N/A;2000;100;17;3600;0,0000;0,0000;0,0000;0,0000;0,0000;0,0000;0;0;0;0
20260614_0639;Consistência_1000;classification;AdaptiveRandomForest;Default_FullFeatures;classifier;classifier;classifier;N/A;N/A;N/A;2000;100;18;3700;0,0000;0,0000;0,0000;0,0000;0,0000;0,0000;0;0;0;0
20260614_0639;Consistência_1000;classification;AdaptiveRandomForest;Default_FullFeatures;classifier;classifier;classifier;N/A;N/A;N/A;2000;100;19;3800;95,7447;0,0000;100,0000;0,0000;91,8367;0,0000;0;0;4;0
20260614_0639;Consistência_1000;classification;AdaptiveRandomForest;Default_FullFeatures;classifier;classifier;classifier;N/A;N/A;N/A;2000;100;20;3900;95,8744;0,2336;93,1625;0,4426;98,7500;0,0000;6;1;1;0
20260614_0639;Consistência_1000;classification;AdaptiveRandomForest;Default_FullFeatures;classifier;classifier;classifier;N/A;N/A;N/A;2000;100;21;4000;100,0000;0,0000;100,0000;0,0000;100,0000;0,0000;0;0;0;0
20260614_0639;Consistência_1000;classification;AdaptiveRandomForest;Default_FullFeatures;classifier;classifier;classifier;N/A;N/A;N/A;2000;100;22;4100;98,4615;0,0000;96,9697;0,0000;100,0000;0,0000;3;0;0;0
20260614_0639;Consistência_1000;classification;AdaptiveRandomForest;Default_FullFeatures;classifier;classifier;classifier;N/A;N/A;N/A;2000;100;23;4200;98,8863;0,3820;98,9878;0,0076;98,7879;0,7559;1;0;2;1
20260614_0639;Consistência_1000;classification;AdaptiveRandomForest;Default_FullFeatures;classifier;classifier;classifier;N/A;N/A;N/A;2000;100;24;4300;93,7774;0,3492;89,7557;0,5856;98,1818;0,6061;8;1;2;1
20260614_0639;Consistência_1000;classification;AdaptiveRandomForest;Default_FullFeatures;classifier;classifier;classifier;N/A;N/A;N/A;2000;100;25;4400;90,1010;0,9897;93,5065;2,1208;86,9565;0,0000;2;1;3;0
20260614_0639;Consistência_1000;classification;AdaptiveRandomForest;Default_FullFeatures;classifier;classifier;classifier;N/A;N/A;N/A;2000;100;26;4500;92,3077;0,0000;100,0000;0,0000;85,7143;0,0000;0;0;2;0
20260614_0639;Consistência_1000;classification;AdaptiveRandomForest;Default_FullFeatures;classifier;classifier;classifier;N/A;N/A;N/A;2000;100;27;4600;98,8095;0,0000;100,0000;0,0000;97,6471;0,0000;0;0;2;0
20260614_0639;Consistência_1000;classification;AdaptiveRandomForest;Default_FullFeatures;classifier;classifier;classifier;N/A;N/A;N/A;2000;100;28;4700;89,0575;1,1954;80,2941;1,9118;100,0000;0,0000;4;1;0;0
20260614_0639;Consistência_1000;classification;AdaptiveRandomForest;Default_FullFeatures;classifier;classifier;classifier;N/A;N/A;N/A;2000;100;29;4800;100,0000;0,0000;100,0000;0,0000;100,0000;0,0000;0;0;0;0
20260614_0639;Consistência_1000;classification;AdaptiveRandomForest;Default_FullFeatures;classifier;classifier;classifier;N/A;N/A;N/A;2000;100;30;4900;0,0000;0,0000;0,0000;0,0000;0,0000;0,0000;0;0;0;0
20260614_0639;Consistência_1000;classification;AdaptiveRandomForest;Default_FullFeatures;classifier;classifier;classifier;N/A;N/A;N/A;2000;100;31;5000;0,0000;0,0000;0,0000;0,0000;0,0000;0,0000;2;1;0;0
20260614_0639;Consistência_1000;classification;AdaptiveRandomForest;Default_FullFeatures;classifier;classifier;classifier;N/A;N/A;N/A;2000;100;32;5100;0,0000;0,0000;0,0000;0,0000;0,0000;0,0000;0;0;0;0
20260614_0639;Consistência_1000;classification;AdaptiveRandomForest;Default_FullFeatures;classifier;classifier;classifier;N/A;N/A;N/A;2000;100;33;5200;0,0000;0,0000;0,0000;0,0000;0,0000;0,0000;0;0;0;0
20260614_0639;Consistência_1000;classification;AdaptiveRandomForest;Default_FullFeatures;classifier;classifier;classifier;N/A;N/A;N/A;2000;100;34;5300;0,0000;0,0000;0,0000;0,0000;0,0000;0,0000;0;0;0;0
20260614_0639;Consistência_1000;classification;AdaptiveRandomForest;Default_FullFeatures;classifier;classifier;classifier;N/A;N/A;N/A;2000;100;35;5400;0,0000;0,0000;0,0000;0,0000;0,0000;0,0000;0;0;0;0
20260614_0639;Consistência_1000;classification;AdaptiveRandomForest;Default_FullFeatures;classifier;classifier;classifier;N/A;N/A;N/A;2000;100;36;5500;0,0000;0,0000;0,0000;0,0000;0,0000;0,0000;0;0;0;0
20260614_0639;Consistência_1000;classification;AdaptiveRandomForest;Default_FullFeatures;classifier;classifier;classifier;N/A;N/A;N/A;2000;100;37;5600;0,0000;0,0000;0,0000;0,0000;0,0000;0,0000;4;1;0;0
20260614_0639;Consistência_1000;classification;AdaptiveRandomForest;Default_FullFeatures;classifier;classifier;classifier;N/A;N/A;N/A;2000;100;38;5700;0,0000;0,0000;0,0000;0,0000;0,0000;0,0000;1;0;0;0
20260614_0639;Consistência_1000;classification;AdaptiveRandomForest;Default_FullFeatures;classifier;classifier;classifier;N/A;N/A;N/A;2000;100;39;5800;0,0000;0,0000;0,0000;0,0000;0,0000;0,0000;0;0;0;0
20260614_0639;Consistência_1000;classification;AdaptiveRandomForest;Default_FullFeatures;classifier;classifier;classifier;N/A;N/A;N/A;2000;100;40;5900;0,0000;0,0000;0,0000;0,0000;0,0000;0,0000;0;0;0;0
20260614_0639;Consistência_1000;classification;AdaptiveRandomForest;Default_FullFeatures;classifier;classifier;classifier;N/A;N/A;N/A;2000;100;41;6000;0,0000;0,0000;0,0000;0,0000;0,0000;0,0000;0;0;0;0
20260614_0639;Consistência_1000;classification;AdaptiveRandomForest;Default_FullFeatures;classifier;classifier;classifier;N/A;N/A;N/A;2000;100;42;6100;0,0000;0,0000;0,0000;0,0000;0,0000;0,0000;0;0;0;0
20260614_0639;Consistência_1000;classification;AdaptiveRandomForest;Default_FullFeatures;classifier;classifier;classifier;N/A;N/A;N/A;2000;100;43;6200;0,0000;0,0000;0,0000;0,0000;0,0000;0,0000;0;0;0;0
20260614_0639;Consistência_1000;classification;AdaptiveRandomForest;Default_FullFeatures;classifier;classifier;classifier;N/A;N/A;N/A;2000;100;44;6300;0,0000;0,0000;0,0000;0,0000;0,0000;0,0000;0;0;0;0
20260614_0639;Consistência_1000;classification;AdaptiveRandomForest;Default_FullFeatures;classifier;classifier;classifier;N/A;N/A;N/A;2000;100;45;6400;0,0000;0,0000;0,0000;0,0000;0,0000;0,0000;0;0;0;0
20260614_0639;Consistência_1000;classification;AdaptiveRandomForest;Default_FullFeatures;classifier;classifier;classifier;N/A;N/A;N/A;2000;100;46;6500;0,0000;0,0000;0,0000;0,0000;0,0000;0,0000;0;0;0;0
20260614_0639;Consistência_1000;classification;AdaptiveRandomForest;Default_FullFeatures;classifier;classifier;classifier;N/A;N/A;N/A;2000;100;47;6600;0,0000;0,0000;0,0000;0,0000;0,0000;0,0000;0;0;0;0
20260614_0639;Consistência_1000;classification;AdaptiveRandomForest;Default_FullFeatures;classifier;classifier;classifier;N/A;N/A;N/A;2000;100;48;6700;0,0000;0,0000;0,0000;0,0000;0,0000;0,0000;0;0;0;0
20260614_0639;Consistência_1000;classification;AdaptiveRandomForest;Default_FullFeatures;classifier;classifier;classifier;N/A;N/A;N/A;2000;100;49;6800;0,0000;0,0000;0,0000;0,0000;0,0000;0,0000;0;0;0;0
20260614_0639;Consistência_1000;classification;AdaptiveRandomForest;Default_FullFeatures;classifier;classifier;classifier;N/A;N/A;N/A;2000;100;50;6900;0,0000;0,0000;0,0000;0,0000;0,0000;0,0000;0;0;0;0
20260614_0639;Consistência_1000;classification;AdaptiveRandomForest;Default_FullFeatures;classifier;classifier;classifier;N/A;N/A;N/A;2000;100;51;7000;0,0000;0,0000;0,0000;0,0000;0,0000;0,0000;0;0;0;0
20260614_0639;Consistência_1000;classification;AdaptiveRandomForest;Default_FullFeatures;classifier;classifier;classifier;N/A;N/A;N/A;2000;100;52;7100;0,0000;0,0000;0,0000;0,0000;0,0000;0,0000;0;0;0;0
20260614_0639;Consistência_1000;classification;AdaptiveRandomForest;Default_FullFeatures;classifier;classifier;classifier;N/A;N/A;N/A;2000;100;53;7200;0,0000;0,0000;0,0000;0,0000;0,0000;0,0000;0;0;0;0
20260614_0639;Consistência_1000;classification;AdaptiveRandomForest;Default_FullFeatures;classifier;classifier;classifier;N/A;N/A;N/A;2000;100;54;7300;0,0000;0,0000;0,0000;0,0000;0,0000;0,0000;0;0;0;0
20260614_0639;Consistência_1000;classification;AdaptiveRandomForest;Default_FullFeatures;classifier;classifier;classifier;N/A;N/A;N/A;2000;100;55;7400;0,0000;0,0000;0,0000;0,0000;0,0000;0,0000;0;0;0;0
20260614_0639;Consistência_1000;classification;AdaptiveRandomForest;Default_FullFeatures;classifier;classifier;classifier;N/A;N/A;N/A;2000;100;56;7500;0,0000;0,0000;0,0000;0,0000;0,0000;0,0000;0;0;0;0
20260614_0639;Consistência_1000;classification;AdaptiveRandomForest;Default_FullFeatures;classifier;classifier;classifier;N/A;N/A;N/A;2000;100;57;7600;0,0000;0,0000;0,0000;0,0000;0,0000;0,0000;0;0;0;0
20260614_0639;Consistência_1000;classification;AdaptiveRandomForest;Default_FullFeatures;classifier;classifier;classifier;N/A;N/A;N/A;2000;100;58;7700;0,0000;0,0000;0,0000;0,0000;0,0000;0,0000;0;0;0;0
20260614_0639;Consistência_1000;classification;AdaptiveRandomForest;Default_FullFeatures;classifier;classifier;classifier;N/A;N/A;N/A;2000;100;59;7800;0,0000;0,0000;0,0000;0,0000;0,0000;0,0000;0;0;0;0
20260614_0639;Consistência_1000;classification;AdaptiveRandomForest;Default_FullFeatures;classifier;classifier;classifier;N/A;N/A;N/A;2000;100;60;7900;0,0000;0,0000;0,0000;0,0000;0,0000;0,0000;0;0;0;0
20260614_0639;Consistência_1000;classification;AdaptiveRandomForest;Default_FullFeatures;classifier;classifier;classifier;N/A;N/A;N/A;2000;100;61;8000;0,0000;0,0000;0,0000;0,0000;0,0000;0,0000;0;0;0;0
20260614_0639;Consistência_1000;classification;AdaptiveRandomForest;Default_FullFeatures;classifier;classifier;classifier;N/A;N/A;N/A;2000;100;62;8100;0,0000;0,0000;0,0000;0,0000;0,0000;0,0000;0;0;0;0
20260614_0639;Consistência_1000;classification;AdaptiveRandomForest;Default_FullFeatures;classifier;classifier;classifier;N/A;N/A;N/A;2000;100;63;8200;0,0000;0,0000;0,0000;0,0000;0,0000;0,0000;0;0;0;0
20260614_0639;Consistência_1000;classification;AdaptiveRandomForest;Default_FullFeatures;classifier;classifier;classifier;N/A;N/A;N/A;2000;100;64;8300;0,0000;0,0000;0,0000;0,0000;0,0000;0,0000;0;0;0;0
20260614_0639;Consistência_1000;classification;AdaptiveRandomForest;Default_FullFeatures;classifier;classifier;classifier;N/A;N/A;N/A;2000;100;65;8400;0,0000;0,0000;0,0000;0,0000;0,0000;0,0000;0;0;0;0
20260614_0639;Consistência_1000;classification;AdaptiveRandomForest;Default_FullFeatures;classifier;classifier;classifier;N/A;N/A;N/A;2000;100;66;8500;100,0000;0,0000;100,0000;0,0000;100,0000;0,0000;0;0;0;0
20260614_0639;Consistência_1000;classification;AdaptiveRandomForest;Default_FullFeatures;classifier;classifier;classifier;N/A;N/A;N/A;2000;100;67;8600;98,0955;0,2798;100,0000;0,0000;96,2637;0,5383;0;0;4;1
20260614_0639;Consistência_1000;classification;AdaptiveRandomForest;Default_FullFeatures;classifier;classifier;classifier;N/A;N/A;N/A;2000;100;68;8700;95,7243;0,2182;100,0000;0,0000;91,8000;0,4000;0;0;9;1
20260614_0639;Consistência_1000;classification;AdaptiveRandomForest;Default_FullFeatures;classifier;classifier;classifier;N/A;N/A;N/A;2000;100;69;8800;98,3871;0,0000;100,0000;0,0000;96,8254;0,0000;0;0;2;0
20260614_0639;Consistência_1000;classification;AdaptiveRandomForest;Default_FullFeatures;classifier;classifier;classifier;N/A;N/A;N/A;2000;100;70;8900;96,5596;0,3615;99,7647;0,4706;93,5556;0,4444;1;1;6;1
20260614_0639;Consistência_1000;classification;AdaptiveRandomForest;Default_FullFeatures;classifier;classifier;classifier;N/A;N/A;N/A;2000;100;71;9000;100,0000;0,0000;100,0000;0,0000;100,0000;0,0000;0;0;0;0
20260614_0639;Consistência_1000;classification;AdaptiveRandomForest;Default_FullFeatures;classifier;classifier;classifier;N/A;N/A;N/A;2000;100;72;9100;99,5980;0,2010;100,0000;0,0000;99,2000;0,4000;0;0;1;1
20260614_0639;Consistência_1000;classification;AdaptiveRandomForest;Default_FullFeatures;classifier;classifier;classifier;N/A;N/A;N/A;2000;100;73;9200;98,9540;0,6631;100,0000;0,0000;97,9381;1,3040;0;0;2;2
20260614_0639;Consistência_1000;classification;AdaptiveRandomForest;Default_FullFeatures;classifier;classifier;classifier;N/A;N/A;N/A;2000;100;74;9300;100,0000;0,0000;100,0000;0,0000;100,0000;0,0000;0;0;0;0
20260614_0639;Consistência_1000;classification;AdaptiveRandomForest;Default_FullFeatures;classifier;classifier;classifier;N/A;N/A;N/A;2000;100;75;9400;100,0000;0,0000;100,0000;0,0000;100,0000;0,0000;0;0;0;0
20260614_0639;Consistência_1000;classification;AdaptiveRandomForest;Default_FullFeatures;classifier;classifier;classifier;N/A;N/A;N/A;2000;100;76;9500;100,0000;0,0000;100,0000;0,0000;100,0000;0,0000;0;0;0;0
20260614_0639;Consistência_1000;classification;AdaptiveRandomForest;Default_FullFeatures;classifier;classifier;classifier;N/A;N/A;N/A;2000;100;77;9600;0,0000;0,0000;0,0000;0,0000;0,0000;0,0000;2;1;0;0
20260614_0639;Consistência_1000;classification;AdaptiveRandomForest;Default_FullFeatures;classifier;classifier;classifier;N/A;N/A;N/A;2000;100;78;9700;0,0000;0,0000;0,0000;0,0000;0,0000;0,0000;0;0;0;0
20260614_0639;Consistência_1000;classification;AdaptiveRandomForest;Default_FullFeatures;classifier;classifier;classifier;N/A;N/A;N/A;2000;100;79;9800;0,0000;0,0000;0,0000;0,0000;0,0000;0,0000;0;0;0;0
20260614_0639;Consistência_1000;classification;AdaptiveRandomForest;Default_FullFeatures;classifier;classifier;classifier;N/A;N/A;N/A;2000;100;80;9900;0,0000;0,0000;0,0000;0,0000;0,0000;0,0000;0;0;0;0
20260614_0639;Consistência_1000;classification;AdaptiveRandomForest;Default_FullFeatures;classifier;classifier;classifier;N/A;N/A;N/A;2000;100;81;10000;0,0000;0,0000;0,0000;0,0000;0,0000;0,0000;0;0;0;0
20260614_0639;Consistência_1000;classification;AdaptiveRandomForest;Default_FullFeatures;classifier;classifier;classifier;N/A;N/A;N/A;2000;100;82;10100;0,0000;0,0000;0,0000;0,0000;0,0000;0,0000;0;0;0;0
20260614_0639;Consistência_1000;classification;AdaptiveRandomForest;Default_FullFeatures;classifier;classifier;classifier;N/A;N/A;N/A;2000;100;83;10200;0,0000;0,0000;0,0000;0,0000;0,0000;0,0000;0;0;0;0
20260614_0639;Consistência_1000;classification;AdaptiveRandomForest;Default_FullFeatures;classifier;classifier;classifier;N/A;N/A;N/A;2000;100;84;10300;0,0000;0,0000;0,0000;0,0000;0,0000;0,0000;0;0;0;0
20260614_0639;Consistência_1000;classification;AdaptiveRandomForest;Default_FullFeatures;classifier;classifier;classifier;N/A;N/A;N/A;2000;100;85;10400;0,0000;0,0000;0,0000;0,0000;0,0000;0,0000;0;0;0;0
20260614_0639;Consistência_1000;classification;AdaptiveRandomForest;Default_FullFeatures;classifier;classifier;classifier;N/A;N/A;N/A;2000;100;86;10500;0,0000;0,0000;0,0000;0,0000;0,0000;0,0000;0;0;0;0
20260614_0639;Consistência_1000;classification;AdaptiveRandomForest;Default_FullFeatures;classifier;classifier;classifier;N/A;N/A;N/A;2000;100;87;10600;0,0000;0,0000;0,0000;0,0000;0,0000;0,0000;0;0;0;0
20260614_0639;Consistência_1000;classification;AdaptiveRandomForest;Default_FullFeatures;classifier;classifier;classifier;N/A;N/A;N/A;2000;100;88;10700;0,0000;0,0000;0,0000;0,0000;0,0000;0,0000;1;1;0;0
20260614_0639;Consistência_1000;classification;AdaptiveRandomForest;Default_FullFeatures;classifier;classifier;classifier;N/A;N/A;N/A;2000;100;89;10800;0,0000;0,0000;0,0000;0,0000;0,0000;0,0000;0;0;0;0
20260614_0639;Consistência_1000;classification;AdaptiveRandomForest;Default_FullFeatures;classifier;classifier;classifier;N/A;N/A;N/A;2000;100;90;10900;0,0000;0,0000;0,0000;0,0000;0,0000;0,0000;0;0;0;0
20260614_0639;Consistência_1000;classification;AdaptiveRandomForest;Default_FullFeatures;classifier;classifier;classifier;N/A;N/A;N/A;2000;100;91;11000;0,0000;0,0000;0,0000;0,0000;0,0000;0,0000;0;0;0;0
20260614_0639;Consistência_1000;classification;AdaptiveRandomForest;Default_FullFeatures;classifier;classifier;classifier;N/A;N/A;N/A;2000;100;92;11100;0,0000;0,0000;0,0000;0,0000;0,0000;0,0000;0;0;0;0
20260614_0639;Consistência_1000;classification;AdaptiveRandomForest;Default_FullFeatures;classifier;classifier;classifier;N/A;N/A;N/A;2000;100;93;11200;0,0000;0,0000;0,0000;0,0000;0,0000;0,0000;0;0;0;0
20260614_0639;Consistência_1000;classification;AdaptiveRandomForest;Default_FullFeatures;classifier;classifier;classifier;N/A;N/A;N/A;2000;100;94;11300;0,0000;0,0000;0,0000;0,0000;0,0000;0,0000;0;0;0;0
20260614_0639;Consistência_1000;classification;AdaptiveRandomForest;Default_FullFeatures;classifier;classifier;classifier;N/A;N/A;N/A;2000;100;95;11400;0,0000;0,0000;0,0000;0,0000;0,0000;0,0000;0;0;0;0
20260614_0639;Consistência_1000;classification;AdaptiveRandomForest;Default_FullFeatures;classifier;classifier;classifier;N/A;N/A;N/A;2000;100;96;11500;0,0000;0,0000;0,0000;0,0000;0,0000;0,0000;0;0;0;0
20260614_0639;Consistência_1000;classification;AdaptiveRandomForest;Default_FullFeatures;classifier;classifier;classifier;N/A;N/A;N/A;2000;100;97;11600;0,0000;0,0000;0,0000;0,0000;0,0000;0,0000;0;0;0;0
20260614_0639;Consistência_1000;classification;AdaptiveRandomForest;Default_FullFeatures;classifier;classifier;classifier;N/A;N/A;N/A;2000;100;98;11700;0,0000;0,0000;0,0000;0,0000;0,0000;0,0000;1;1;0;0
20260614_0639;Consistência_1000;classification;AdaptiveRandomForest;Default_FullFeatures;classifier;classifier;classifier;N/A;N/A;N/A;2000;100;99;11800;0,0000;0,0000;0,0000;0,0000;0,0000;0,0000;0;0;0;0
20260614_0639;Consistência_1000;classification;AdaptiveRandomForest;Default_FullFeatures;classifier;classifier;classifier;N/A;N/A;N/A;2000;100;100;11900;0,0000;0,0000;0,0000;0,0000;0,0000;0,0000;0;0;0;0
20260614_0639;Consistência_1000;classification;AdaptiveRandomForest;Default_FullFeatures;classifier;classifier;classifier;N/A;N/A;N/A;2000;100;101;12000;0,0000;0,0000;0,0000;0,0000;0,0000;0,0000;0;0;0;0
20260614_0639;Consistência_1000;classification;AdaptiveRandomForest;Default_FullFeatures;classifier;classifier;classifier;N/A;N/A;N/A;2000;100;102;12100;0,0000;0,0000;0,0000;0,0000;0,0000;0,0000;0;0;0;0
20260614_0639;Consistência_1000;classification;AdaptiveRandomForest;Default_FullFeatures;classifier;classifier;classifier;N/A;N/A;N/A;2000;100;103;12200;0,0000;0,0000;0,0000;0,0000;0,0000;0,0000;0;0;0;0
20260614_0639;Consistência_1000;classification;AdaptiveRandomForest;Default_FullFeatures;classifier;classifier;classifier;N/A;N/A;N/A;2000;100;104;12300;0,0000;0,0000;0,0000;0,0000;0,0000;0,0000;0;0;0;0
20260614_0639;Consistência_1000;classification;AdaptiveRandomForest;Default_FullFeatures;classifier;classifier;classifier;N/A;N/A;N/A;2000;100;105;12400;0,0000;0,0000;0,0000;0,0000;0,0000;0,0000;0;0;0;0
20260614_0639;Consistência_1000;classification;AdaptiveRandomForest;Default_FullFeatures;classifier;classifier;classifier;N/A;N/A;N/A;2000;100;106;12500;0,0000;0,0000;0,0000;0,0000;0,0000;0,0000;0;0;0;0
20260614_0639;Consistência_1000;classification;AdaptiveRandomForest;Default_FullFeatures;classifier;classifier;classifier;N/A;N/A;N/A;2000;100;107;12600;0,0000;0,0000;0,0000;0,0000;0,0000;0,0000;0;0;0;0
20260614_0639;Consistência_1000;classification;AdaptiveRandomForest;Default_FullFeatures;classifier;classifier;classifier;N/A;N/A;N/A;2000;100;108;12700;0,0000;0,0000;0,0000;0,0000;0,0000;0,0000;0;0;0;0
20260614_0639;Consistência_1000;classification;AdaptiveRandomForest;Default_FullFeatures;classifier;classifier;classifier;N/A;N/A;N/A;2000;100;109;12800;0,0000;0,0000;0,0000;0,0000;0,0000;0,0000;0;0;0;0
20260614_0639;Consistência_1000;classification;AdaptiveRandomForest;Default_FullFeatures;classifier;classifier;classifier;N/A;N/A;N/A;2000;100;110;12900;0,0000;0,0000;0,0000;0,0000;0,0000;0,0000;0;0;0;0
20260614_0639;Consistência_1000;classification;AdaptiveRandomForest;Default_FullFeatures;classifier;classifier;classifier;N/A;N/A;N/A;2000;100;111;13000;0,0000;0,0000;0,0000;0,0000;0,0000;0,0000;0;0;0;0
20260614_0639;Consistência_1000;classification;AdaptiveRandomForest;Default_FullFeatures;classifier;classifier;classifier;N/A;N/A;N/A;2000;100;112;13100;0,0000;0,0000;0,0000;0,0000;0,0000;0,0000;0;0;0;0
20260614_0639;Consistência_1000;classification;AdaptiveRandomForest;Default_FullFeatures;classifier;classifier;classifier;N/A;N/A;N/A;2000;100;113;13200;0,0000;0,0000;0,0000;0,0000;0,0000;0,0000;0;0;0;0
20260614_0639;Consistência_1000;classification;AdaptiveRandomForest;Default_FullFeatures;classifier;classifier;classifier;N/A;N/A;N/A;2000;100;114;13300;97,7899;0,7645;100,0000;0,0000;95,6863;1,4673;0;0;3;1
20260614_0639;Consistência_1000;classification;AdaptiveRandomForest;Default_FullFeatures;classifier;classifier;classifier;N/A;N/A;N/A;2000;100;115;13400;100,0000;0,0000;100,0000;0,0000;100,0000;0,0000;0;0;0;0
20260614_0639;Consistência_1000;classification;AdaptiveRandomForest;Default_FullFeatures;classifier;classifier;classifier;N/A;N/A;N/A;2000;100;116;13500;99,4975;0,0000;100,0000;0,0000;99,0000;0,0000;0;0;1;0
20260614_0639;Consistência_1000;classification;AdaptiveRandomForest;Default_FullFeatures;classifier;classifier;classifier;N/A;N/A;N/A;2000;100;117;13600;98,7153;0,2877;100,0000;0,0000;97,4648;0,5634;0;0;2;1
20260614_0639;Consistência_1000;classification;AdaptiveRandomForest;Default_FullFeatures;classifier;classifier;classifier;N/A;N/A;N/A;2000;100;118;13700;100,0000;0,0000;100,0000;0,0000;100,0000;0,0000;0;0;0;0
20260614_0639;Consistência_1000;classification;AdaptiveRandomForest;Default_FullFeatures;classifier;classifier;classifier;N/A;N/A;N/A;2000;100;119;13800;98,7200;0,2648;100,0000;0,0000;97,4737;0,5157;0;0;3;1
20260614_0639;Consistência_1000;classification;AdaptiveRandomForest;Default_FullFeatures;classifier;classifier;classifier;N/A;N/A;N/A;2000;100;120;13900;100,0000;0,0000;100,0000;0,0000;100,0000;0,0000;0;0;0;0
20260614_0639;Consistência_1000;classification;AdaptiveRandomForest;Default_FullFeatures;classifier;classifier;classifier;N/A;N/A;N/A;2000;100;121;14000;100,0000;0,0000;100,0000;0,0000;100,0000;0,0000;0;0;0;0
20260614_0639;Consistência_1000;classification;AdaptiveRandomForest;Default_FullFeatures;classifier;classifier;classifier;N/A;N/A;N/A;2000;100;122;14100;100,0000;0,0000;100,0000;0,0000;100,0000;0,0000;0;0;0;0
20260614_0639;Consistência_1000;classification;AdaptiveRandomForest;Default_FullFeatures;classifier;classifier;classifier;N/A;N/A;N/A;2000;100;123;14200;100,0000;0,0000;100,0000;0,0000;100,0000;0,0000;0;0;0;0
20260614_0639;Consistência_1000;classification;AdaptiveRandomForest;Default_FullFeatures;classifier;classifier;classifier;N/A;N/A;N/A;2000;100;124;14300;99,7938;0,4124;100,0000;0,0000;99,5918;0,8163;0;0;1;1
20260614_0639;Consistência_1000;classification;AdaptiveRandomForest;Default_FullFeatures;classifier;classifier;classifier;N/A;N/A;N/A;2000;100;125;14400;0,0000;0,0000;0,0000;0,0000;0,0000;0,0000;0;0;0;0
20260614_0639;Consistência_1000;classification;AdaptiveRandomForest;Default_FullFeatures;classifier;classifier;classifier;N/A;N/A;N/A;2000;100;126;14500;0,0000;0,0000;0,0000;0,0000;0,0000;0,0000;0;0;0;0
20260614_0639;Consistência_1000;classification;AdaptiveRandomForest;Default_FullFeatures;classifier;classifier;classifier;N/A;N/A;N/A;2000;100;127;14600;0,0000;0,0000;0,0000;0,0000;0,0000;0,0000;0;0;0;0
20260614_0639;Consistência_1000;classification;AdaptiveRandomForest;Default_FullFeatures;classifier;classifier;classifier;N/A;N/A;N/A;2000;100;128;14700;0,0000;0,0000;0,0000;0,0000;0,0000;0,0000;0;0;0;0
20260614_0639;Consistência_1000;classification;AdaptiveRandomForest;Default_FullFeatures;classifier;classifier;classifier;N/A;N/A;N/A;2000;100;129;14800;0,0000;0,0000;0,0000;0,0000;0,0000;0,0000;1;0;0;0
20260614_0639;Consistência_1000;classification;AdaptiveRandomForest;Default_FullFeatures;classifier;classifier;classifier;N/A;N/A;N/A;2000;100;130;14900;0,0000;0,0000;0,0000;0,0000;0,0000;0,0000;0;0;0;0
20260614_0639;Consistência_1000;classification;AdaptiveRandomForest;Default_FullFeatures;classifier;classifier;classifier;N/A;N/A;N/A;2000;100;131;15000;0,0000;0,0000;0,0000;0,0000;0,0000;0,0000;0;0;0;0
20260614_0639;Consistência_1000;classification;AdaptiveRandomForest;Default_FullFeatures;classifier;classifier;classifier;N/A;N/A;N/A;2000;100;132;15100;0,0000;0,0000;0,0000;0,0000;0,0000;0,0000;0;0;0;0
20260614_0639;Consistência_1000;classification;AdaptiveRandomForest;Default_FullFeatures;classifier;classifier;classifier;N/A;N/A;N/A;2000;100;133;15200;0,0000;0,0000;0,0000;0,0000;0,0000;0,0000;0;0;0;0
20260614_0639;Consistência_1000;classification;AdaptiveRandomForest;Default_FullFeatures;classifier;classifier;classifier;N/A;N/A;N/A;2000;100;134;15300;0,0000;0,0000;0,0000;0,0000;0,0000;0,0000;0;0;0;0
20260614_0639;Consistência_1000;classification;AdaptiveRandomForest;Default_FullFeatures;classifier;classifier;classifier;N/A;N/A;N/A;2000;100;135;15400;0,0000;0,0000;0,0000;0,0000;0,0000;0,0000;0;0;0;0
20260614_0639;Consistência_1000;classification;AdaptiveRandomForest;Default_FullFeatures;classifier;classifier;classifier;N/A;N/A;N/A;2000;100;136;15500;0,0000;0,0000;0,0000;0,0000;0,0000;0,0000;0;0;0;0
20260614_0639;Consistência_1000;classification;AdaptiveRandomForest;Default_FullFeatures;classifier;classifier;classifier;N/A;N/A;N/A;2000;100;137;15600;0,0000;0,0000;0,0000;0,0000;0,0000;0,0000;0;0;0;0
20260614_0639;Consistência_1000;classification;AdaptiveRandomForest;Default_FullFeatures;classifier;classifier;classifier;N/A;N/A;N/A;2000;100;138;15700;0,0000;0,0000;0,0000;0,0000;0,0000;0,0000;0;0;0;0
20260614_0639;Consistência_1000;classification;AdaptiveRandomForest;Default_FullFeatures;classifier;classifier;classifier;N/A;N/A;N/A;2000;100;139;15800;0,0000;0,0000;0,0000;0,0000;0,0000;0,0000;0;0;0;0
20260614_0639;Consistência_1000;classification;AdaptiveRandomForest;Default_FullFeatures;classifier;classifier;classifier;N/A;N/A;N/A;2000;100;140;15900;0,0000;0,0000;0,0000;0,0000;0,0000;0,0000;0;0;0;0
20260614_0639;Consistência_1000;classification;AdaptiveRandomForest;Default_FullFeatures;classifier;classifier;classifier;N/A;N/A;N/A;2000;100;141;16000;0,0000;0,0000;0,0000;0,0000;0,0000;0,0000;0;0;0;0
20260614_0639;Consistência_1000;classification;AdaptiveRandomForest;Default_FullFeatures;classifier;classifier;classifier;N/A;N/A;N/A;2000;100;142;16100;0,0000;0,0000;0,0000;0,0000;0,0000;0,0000;0;0;0;0
20260614_0639;Consistência_1000;classification;AdaptiveRandomForest;Default_FullFeatures;classifier;classifier;classifier;N/A;N/A;N/A;2000;100;143;16200;0,0000;0,0000;0,0000;0,0000;0,0000;0,0000;0;0;0;0
20260614_0639;Consistência_1000;classification;AdaptiveRandomForest;Default_FullFeatures;classifier;classifier;classifier;N/A;N/A;N/A;2000;100;144;16300;0,0000;0,0000;0,0000;0,0000;0,0000;0,0000;0;0;0;0
20260614_0639;Consistência_1000;classification;AdaptiveRandomForest;Default_FullFeatures;classifier;classifier;classifier;N/A;N/A;N/A;2000;100;145;16400;0,0000;0,0000;0,0000;0,0000;0,0000;0,0000;0;0;0;0
20260614_0639;Consistência_1000;classification;AdaptiveRandomForest;Default_FullFeatures;classifier;classifier;classifier;N/A;N/A;N/A;2000;100;146;16500;0,0000;0,0000;0,0000;0,0000;0,0000;0,0000;0;0;0;0
20260614_0639;Consistência_1000;classification;AdaptiveRandomForest;Default_FullFeatures;classifier;classifier;classifier;N/A;N/A;N/A;2000;100;147;16600;0,0000;0,0000;0,0000;0,0000;0,0000;0,0000;0;0;0;0
20260614_0639;Consistência_1000;classification;AdaptiveRandomForest;Default_FullFeatures;classifier;classifier;classifier;N/A;N/A;N/A;2000;100;148;16700;0,0000;0,0000;0,0000;0,0000;0,0000;0,0000;0;0;0;0
20260614_0639;Consistência_1000;classification;AdaptiveRandomForest;Default_FullFeatures;classifier;classifier;classifier;N/A;N/A;N/A;2000;100;149;16800;0,0000;0,0000;0,0000;0,0000;0,0000;0,0000;0;0;0;0
20260614_0639;Consistência_1000;classification;AdaptiveRandomForest;Default_FullFeatures;classifier;classifier;classifier;N/A;N/A;N/A;2000;100;150;16900;0,0000;0,0000;0,0000;0,0000;0,0000;0,0000;0;0;0;0
20260614_0639;Consistência_1000;classification;AdaptiveRandomForest;Default_FullFeatures;classifier;classifier;classifier;N/A;N/A;N/A;2000;100;151;17000;0,0000;0,0000;0,0000;0,0000;0,0000;0,0000;0;0;0;0
20260614_0639;Consistência_1000;classification;AdaptiveRandomForest;Default_FullFeatures;classifier;classifier;classifier;N/A;N/A;N/A;2000;100;152;17100;0,0000;0,0000;0,0000;0,0000;0,0000;0,0000;0;0;0;0
20260614_0639;Consistência_1000;classification;AdaptiveRandomForest;Default_FullFeatures;classifier;classifier;classifier;N/A;N/A;N/A;2000;100;153;17200;0,0000;0,0000;0,0000;0,0000;0,0000;0,0000;0;0;0;0
20260614_0639;Consistência_1000;classification;AdaptiveRandomForest;Default_FullFeatures;classifier;classifier;classifier;N/A;N/A;N/A;2000;100;154;17300;0,0000;0,0000;0,0000;0,0000;0,0000;0,0000;0;0;0;0
20260614_0639;Consistência_1000;classification;AdaptiveRandomForest;Default_FullFeatures;classifier;classifier;classifier;N/A;N/A;N/A;2000;100;155;17400;0,0000;0,0000;0,0000;0,0000;0,0000;0,0000;0;0;0;0
20260614_0639;Consistência_1000;classification;AdaptiveRandomForest;Default_FullFeatures;classifier;classifier;classifier;N/A;N/A;N/A;2000;100;156;17500;0,0000;0,0000;0,0000;0,0000;0,0000;0,0000;0;0;0;0
20260614_0639;Consistência_1000;classification;AdaptiveRandomForest;Default_FullFeatures;classifier;classifier;classifier;N/A;N/A;N/A;2000;100;157;17600;0,0000;0,0000;0,0000;0,0000;0,0000;0,0000;0;0;0;0
20260614_0639;Consistência_1000;classification;AdaptiveRandomForest;Default_FullFeatures;classifier;classifier;classifier;N/A;N/A;N/A;2000;100;158;17700;0,0000;0,0000;0,0000;0,0000;0,0000;0,0000;0;0;0;0
20260614_0639;Consistência_1000;classification;AdaptiveRandomForest;Default_FullFeatures;classifier;classifier;classifier;N/A;N/A;N/A;2000;100;159;17800;0,0000;0,0000;0,0000;0,0000;0,0000;0,0000;0;0;0;0
20260614_0639;Consistência_1000;classification;AdaptiveRandomForest;Default_FullFeatures;classifier;classifier;classifier;N/A;N/A;N/A;2000;100;160;17900;0,0000;0,0000;0,0000;0,0000;0,0000;0,0000;0;0;0;0
20260614_0639;Generalização_25;classification;AdaptiveRandomForest;Default_FullFeatures;classifier;classifier;classifier;N/A;N/A;N/A;2000;100;1;2000;0,0000;0,0000;0,0000;0,0000;0,0000;0,0000;0;0;0;0
20260614_0639;Generalização_25;classification;AdaptiveRandomForest;Default_FullFeatures;classifier;classifier;classifier;N/A;N/A;N/A;2000;100;2;2100;0,0000;0,0000;0,0000;0,0000;0,0000;0,0000;0;0;0;0
20260614_0639;Generalização_25;classification;AdaptiveRandomForest;Default_FullFeatures;classifier;classifier;classifier;N/A;N/A;N/A;2000;100;3;2200;0,0000;0,0000;0,0000;0,0000;0,0000;0,0000;0;0;0;0
20260614_0639;Generalização_25;classification;AdaptiveRandomForest;Default_FullFeatures;classifier;classifier;classifier;N/A;N/A;N/A;2000;100;4;2300;0,0000;0,0000;0,0000;0,0000;0,0000;0,0000;0;0;0;0
20260614_0639;Generalização_25;classification;AdaptiveRandomForest;Default_FullFeatures;classifier;classifier;classifier;N/A;N/A;N/A;2000;100;5;2400;0,0000;0,0000;0,0000;0,0000;0,0000;0,0000;0;0;0;0
20260614_0639;Generalização_25;classification;AdaptiveRandomForest;Default_FullFeatures;classifier;classifier;classifier;N/A;N/A;N/A;2000;100;6;2500;0,0000;0,0000;0,0000;0,0000;0,0000;0,0000;0;0;0;0
20260614_0639;Generalização_25;classification;AdaptiveRandomForest;Default_FullFeatures;classifier;classifier;classifier;N/A;N/A;N/A;2000;100;7;2600;0,0000;0,0000;0,0000;0,0000;0,0000;0,0000;0;0;0;0
20260614_0639;Generalização_25;classification;AdaptiveRandomForest;Default_FullFeatures;classifier;classifier;classifier;N/A;N/A;N/A;2000;100;8;2700;0,0000;0,0000;0,0000;0,0000;0,0000;0,0000;0;0;0;0
20260614_0639;Generalização_25;classification;AdaptiveRandomForest;Default_FullFeatures;classifier;classifier;classifier;N/A;N/A;N/A;2000;100;9;2800;0,0000;0,0000;0,0000;0,0000;0,0000;0,0000;0;0;0;0
20260614_0639;Generalização_25;classification;AdaptiveRandomForest;Default_FullFeatures;classifier;classifier;classifier;N/A;N/A;N/A;2000;100;10;2900;0,0000;0,0000;0,0000;0,0000;0,0000;0,0000;0;0;0;0
20260614_0639;Generalização_25;classification;AdaptiveRandomForest;Default_FullFeatures;classifier;classifier;classifier;N/A;N/A;N/A;2000;100;11;3000;0,0000;0,0000;0,0000;0,0000;0,0000;0,0000;0;0;0;0
20260614_0639;Generalização_25;classification;AdaptiveRandomForest;Default_FullFeatures;classifier;classifier;classifier;N/A;N/A;N/A;2000;100;12;3100;0,0000;0,0000;0,0000;0,0000;0,0000;0,0000;0;0;0;0
20260614_0639;Generalização_25;classification;AdaptiveRandomForest;Default_FullFeatures;classifier;classifier;classifier;N/A;N/A;N/A;2000;100;13;3200;0,0000;0,0000;0,0000;0,0000;0,0000;0,0000;0;0;0;0
20260614_0639;Generalização_25;classification;AdaptiveRandomForest;Default_FullFeatures;classifier;classifier;classifier;N/A;N/A;N/A;2000;100;14;3300;0,0000;0,0000;0,0000;0,0000;0,0000;0,0000;0;0;0;0
20260614_0639;Generalização_25;classification;AdaptiveRandomForest;Default_FullFeatures;classifier;classifier;classifier;N/A;N/A;N/A;2000;100;15;3400;0,0000;0,0000;0,0000;0,0000;0,0000;0,0000;0;0;0;0
20260614_0639;Generalização_25;classification;AdaptiveRandomForest;Default_FullFeatures;classifier;classifier;classifier;N/A;N/A;N/A;2000;100;16;3500;0,0000;0,0000;0,0000;0,0000;0,0000;0,0000;0;0;0;0
20260614_0639;Generalização_25;classification;AdaptiveRandomForest;Default_FullFeatures;classifier;classifier;classifier;N/A;N/A;N/A;2000;100;17;3600;0,0000;0,0000;0,0000;0,0000;0,0000;0,0000;0;0;0;0
20260614_0639;Generalização_25;classification;AdaptiveRandomForest;Default_FullFeatures;classifier;classifier;classifier;N/A;N/A;N/A;2000;100;18;3700;0,0000;0,0000;0,0000;0,0000;0,0000;0,0000;0;0;0;0
20260614_0639;Generalização_25;classification;AdaptiveRandomForest;Default_FullFeatures;classifier;classifier;classifier;N/A;N/A;N/A;2000;100;19;3800;85,7143;0,0000;87,5000;0,0000;84,0000;0,0000;3;0;4;0
20260614_0639;Generalização_25;classification;AdaptiveRandomForest;Default_FullFeatures;classifier;classifier;classifier;N/A;N/A;N/A;2000;100;20;3900;0,0000;0,0000;0,0000;0,0000;0,0000;0,0000;2;1;0;0
20260614_0639;Generalização_25;classification;AdaptiveRandomForest;Default_FullFeatures;classifier;classifier;classifier;N/A;N/A;N/A;2000;100;21;4000;0,0000;0,0000;0,0000;0,0000;0,0000;0,0000;1;1;0;0
20260614_0639;Generalização_25;classification;AdaptiveRandomForest;Default_FullFeatures;classifier;classifier;classifier;N/A;N/A;N/A;2000;100;22;4100;0,0000;0,0000;0,0000;0,0000;0,0000;0,0000;0;0;0;0
20260614_0639;Generalização_25;classification;AdaptiveRandomForest;Default_FullFeatures;classifier;classifier;classifier;N/A;N/A;N/A;2000;100;23;4200;0,0000;0,0000;0,0000;0,0000;0,0000;0,0000;0;0;0;0
20260614_0639;Generalização_25;classification;AdaptiveRandomForest;Default_FullFeatures;classifier;classifier;classifier;N/A;N/A;N/A;2000;100;24;4300;0,0000;0,0000;0,0000;0,0000;0,0000;0,0000;0;0;0;0
20260614_0639;Generalização_25;classification;AdaptiveRandomForest;Default_FullFeatures;classifier;classifier;classifier;N/A;N/A;N/A;2000;100;25;4400;0,0000;0,0000;0,0000;0,0000;0,0000;0,0000;0;0;0;0
20260614_0639;Generalização_25;classification;AdaptiveRandomForest;Default_FullFeatures;classifier;classifier;classifier;N/A;N/A;N/A;2000;100;26;4500;0,0000;0,0000;0,0000;0,0000;0,0000;0,0000;0;0;0;0
20260614_0639;Generalização_25;classification;AdaptiveRandomForest;Default_FullFeatures;classifier;classifier;classifier;N/A;N/A;N/A;2000;100;27;4600;0,0000;0,0000;0,0000;0,0000;0,0000;0,0000;2;0;0;0
20260614_0639;Generalização_25;classification;AdaptiveRandomForest;Default_FullFeatures;classifier;classifier;classifier;N/A;N/A;N/A;2000;100;28;4700;0,0000;0,0000;0,0000;0,0000;0,0000;0,0000;0;0;0;0
20260614_0639;Generalização_25;classification;AdaptiveRandomForest;Default_FullFeatures;classifier;classifier;classifier;N/A;N/A;N/A;2000;100;29;4800;0,0000;0,0000;0,0000;0,0000;0,0000;0,0000;0;0;0;0
20260614_0639;Generalização_25;classification;AdaptiveRandomForest;Default_FullFeatures;classifier;classifier;classifier;N/A;N/A;N/A;2000;100;30;4900;0,0000;0,0000;0,0000;0,0000;0,0000;0,0000;0;0;0;0
20260614_0639;Generalização_25;classification;AdaptiveRandomForest;Default_FullFeatures;classifier;classifier;classifier;N/A;N/A;N/A;2000;100;31;5000;0,0000;0,0000;0,0000;0,0000;0,0000;0,0000;0;0;0;0
20260614_0639;Generalização_25;classification;AdaptiveRandomForest;Default_FullFeatures;classifier;classifier;classifier;N/A;N/A;N/A;2000;100;32;5100;0,0000;0,0000;0,0000;0,0000;0,0000;0,0000;0;0;0;0
20260614_0639;Generalização_25;classification;AdaptiveRandomForest;Default_FullFeatures;classifier;classifier;classifier;N/A;N/A;N/A;2000;100;33;5200;0,0000;0,0000;0,0000;0,0000;0,0000;0,0000;0;0;0;0
20260614_0639;Generalização_25;classification;AdaptiveRandomForest;Default_FullFeatures;classifier;classifier;classifier;N/A;N/A;N/A;2000;100;34;5300;0,0000;0,0000;0,0000;0,0000;0,0000;0,0000;0;0;0;0
20260614_0639;Generalização_25;classification;AdaptiveRandomForest;Default_FullFeatures;classifier;classifier;classifier;N/A;N/A;N/A;2000;100;35;5400;0,0000;0,0000;0,0000;0,0000;0,0000;0,0000;0;0;0;0
20260614_0639;Generalização_25;classification;AdaptiveRandomForest;Default_FullFeatures;classifier;classifier;classifier;N/A;N/A;N/A;2000;100;36;5500;0,0000;0,0000;0,0000;0,0000;0,0000;0,0000;0;0;0;0
20260614_0639;Generalização_25;classification;AdaptiveRandomForest;Default_FullFeatures;classifier;classifier;classifier;N/A;N/A;N/A;2000;100;37;5600;0,0000;0,0000;0,0000;0,0000;0,0000;0,0000;0;0;0;0
20260614_0639;Generalização_25;classification;AdaptiveRandomForest;Default_FullFeatures;classifier;classifier;classifier;N/A;N/A;N/A;2000;100;38;5700;0,0000;0,0000;0,0000;0,0000;0,0000;0,0000;0;0;0;0
20260614_0639;Generalização_25;classification;AdaptiveRandomForest;Default_FullFeatures;classifier;classifier;classifier;N/A;N/A;N/A;2000;100;39;5800;0,0000;0,0000;0,0000;0,0000;0,0000;0,0000;0;0;0;0
20260614_0639;Generalização_25;classification;AdaptiveRandomForest;Default_FullFeatures;classifier;classifier;classifier;N/A;N/A;N/A;2000;100;40;5900;0,0000;0,0000;0,0000;0,0000;0,0000;0,0000;0;0;0;0
20260614_0639;Generalização_25;classification;AdaptiveRandomForest;Default_FullFeatures;classifier;classifier;classifier;N/A;N/A;N/A;2000;100;41;6000;0,0000;0,0000;0,0000;0,0000;0,0000;0,0000;0;0;0;0
20260614_0639;Generalização_25;classification;AdaptiveRandomForest;Default_FullFeatures;classifier;classifier;classifier;N/A;N/A;N/A;2000;100;42;6100;0,0000;0,0000;0,0000;0,0000;0,0000;0,0000;0;0;0;0
20260614_0639;Generalização_25;classification;AdaptiveRandomForest;Default_FullFeatures;classifier;classifier;classifier;N/A;N/A;N/A;2000;100;43;6200;0,0000;0,0000;0,0000;0,0000;0,0000;0,0000;0;0;0;0
20260614_0639;Generalização_25;classification;AdaptiveRandomForest;Default_FullFeatures;classifier;classifier;classifier;N/A;N/A;N/A;2000;100;44;6300;0,0000;0,0000;0,0000;0,0000;0,0000;0,0000;0;0;0;0
20260614_0639;Generalização_25;classification;AdaptiveRandomForest;Default_FullFeatures;classifier;classifier;classifier;N/A;N/A;N/A;2000;100;45;6400;0,0000;0,0000;0,0000;0,0000;0,0000;0,0000;0;0;0;0
20260614_0639;Generalização_25;classification;AdaptiveRandomForest;Default_FullFeatures;classifier;classifier;classifier;N/A;N/A;N/A;2000;100;46;6500;0,0000;0,0000;0,0000;0,0000;0,0000;0,0000;0;0;0;0
20260614_0639;Generalização_25;classification;AdaptiveRandomForest;Default_FullFeatures;classifier;classifier;classifier;N/A;N/A;N/A;2000;100;47;6600;0,0000;0,0000;0,0000;0,0000;0,0000;0,0000;0;0;0;0
20260614_0639;Generalização_25;classification;AdaptiveRandomForest;Default_FullFeatures;classifier;classifier;classifier;N/A;N/A;N/A;2000;100;48;6700;0,0000;0,0000;0,0000;0,0000;0,0000;0,0000;0;0;0;0
20260614_0639;Generalização_25;classification;AdaptiveRandomForest;Default_FullFeatures;classifier;classifier;classifier;N/A;N/A;N/A;2000;100;49;6800;0,0000;0,0000;0,0000;0,0000;0,0000;0,0000;0;0;0;0
20260614_0639;Generalização_25;classification;AdaptiveRandomForest;Default_FullFeatures;classifier;classifier;classifier;N/A;N/A;N/A;2000;100;50;6900;0,0000;0,0000;0,0000;0,0000;0,0000;0,0000;0;0;0;0
20260614_0639;Generalização_25;classification;AdaptiveRandomForest;Default_FullFeatures;classifier;classifier;classifier;N/A;N/A;N/A;2000;100;51;7000;0,0000;0,0000;0,0000;0,0000;0,0000;0,0000;0;0;0;0
20260614_0639;Generalização_25;classification;AdaptiveRandomForest;Default_FullFeatures;classifier;classifier;classifier;N/A;N/A;N/A;2000;100;52;7100;0,0000;0,0000;0,0000;0,0000;0,0000;0,0000;0;0;0;0
20260614_0639;Generalização_25;classification;AdaptiveRandomForest;Default_FullFeatures;classifier;classifier;classifier;N/A;N/A;N/A;2000;100;53;7200;0,0000;0,0000;0,0000;0,0000;0,0000;0,0000;0;0;0;0
20260614_0639;Generalização_25;classification;AdaptiveRandomForest;Default_FullFeatures;classifier;classifier;classifier;N/A;N/A;N/A;2000;100;54;7300;0,0000;0,0000;0,0000;0,0000;0,0000;0,0000;0;0;0;0
20260614_0639;Generalização_25;classification;AdaptiveRandomForest;Default_FullFeatures;classifier;classifier;classifier;N/A;N/A;N/A;2000;100;55;7400;0,0000;0,0000;0,0000;0,0000;0,0000;0,0000;0;0;0;0
20260614_0639;Generalização_25;classification;AdaptiveRandomForest;Default_FullFeatures;classifier;classifier;classifier;N/A;N/A;N/A;2000;100;56;7500;0,0000;0,0000;0,0000;0,0000;0,0000;0,0000;0;0;0;0
20260614_0639;Generalização_25;classification;AdaptiveRandomForest;Default_FullFeatures;classifier;classifier;classifier;N/A;N/A;N/A;2000;100;57;7600;93,6170;0,0000;100,0000;0,0000;88,0000;0,0000;0;0;3;0
20260614_0639;Generalização_25;classification;AdaptiveRandomForest;Default_FullFeatures;classifier;classifier;classifier;N/A;N/A;N/A;2000;100;58;7700;0,0000;0,0000;0,0000;0,0000;0,0000;0,0000;0;0;0;0
20260614_0639;Generalização_25;classification;AdaptiveRandomForest;Default_FullFeatures;classifier;classifier;classifier;N/A;N/A;N/A;2000;100;59;7800;0,0000;0,0000;0,0000;0,0000;0,0000;0,0000;0;0;0;0
20260614_0639;Generalização_25;classification;AdaptiveRandomForest;Default_FullFeatures;classifier;classifier;classifier;N/A;N/A;N/A;2000;100;60;7900;0,0000;0,0000;0,0000;0,0000;0,0000;0,0000;0;0;0;0
20260614_0639;Generalização_25;classification;AdaptiveRandomForest;Default_FullFeatures;classifier;classifier;classifier;N/A;N/A;N/A;2000;100;61;8000;0,0000;0,0000;0,0000;0,0000;0,0000;0,0000;0;0;0;0
20260614_0639;Generalização_25;classification;AdaptiveRandomForest;Default_FullFeatures;classifier;classifier;classifier;N/A;N/A;N/A;2000;100;62;8100;0,0000;0,0000;0,0000;0,0000;0,0000;0,0000;0;0;0;0
20260614_0639;Generalização_25;classification;AdaptiveRandomForest;Default_FullFeatures;classifier;classifier;classifier;N/A;N/A;N/A;2000;100;63;8200;0,0000;0,0000;0,0000;0,0000;0,0000;0,0000;0;0;0;0
20260614_0639;Generalização_25;classification;AdaptiveRandomForest;Default_FullFeatures;classifier;classifier;classifier;N/A;N/A;N/A;2000;100;64;8300;0,0000;0,0000;0,0000;0,0000;0,0000;0,0000;0;0;0;0
20260614_0639;Generalização_25;classification;AdaptiveRandomForest;Default_FullFeatures;classifier;classifier;classifier;N/A;N/A;N/A;2000;100;65;8400;0,0000;0,0000;0,0000;0,0000;0,0000;0,0000;0;0;0;0
20260614_0639;Generalização_25;classification;AdaptiveRandomForest;Default_FullFeatures;classifier;classifier;classifier;N/A;N/A;N/A;2000;100;66;8500;0,0000;0,0000;0,0000;0,0000;0,0000;0,0000;0;0;0;0
20260614_0639;Generalização_25;classification;AdaptiveRandomForest;Default_FullFeatures;classifier;classifier;classifier;N/A;N/A;N/A;2000;100;67;8600;0,0000;0,0000;0,0000;0,0000;0,0000;0,0000;0;0;0;0
20260614_0639;Generalização_25;classification;AdaptiveRandomForest;Default_FullFeatures;classifier;classifier;classifier;N/A;N/A;N/A;2000;100;68;8700;0,0000;0,0000;0,0000;0,0000;0,0000;0,0000;0;0;0;0
20260614_0639;Generalização_25;classification;AdaptiveRandomForest;Default_FullFeatures;classifier;classifier;classifier;N/A;N/A;N/A;2000;100;69;8800;0,0000;0,0000;0,0000;0,0000;0,0000;0,0000;0;0;0;0
20260614_0639;Generalização_25;classification;AdaptiveRandomForest;Default_FullFeatures;classifier;classifier;classifier;N/A;N/A;N/A;2000;100;70;8900;0,0000;0,0000;0,0000;0,0000;0,0000;0,0000;0;0;0;0
20260614_0639;Generalização_25;classification;AdaptiveRandomForest;Default_FullFeatures;classifier;classifier;classifier;N/A;N/A;N/A;2000;100;71;9000;0,0000;0,0000;0,0000;0,0000;0,0000;0,0000;0;0;0;0
20260614_0639;Generalização_25;classification;AdaptiveRandomForest;Default_FullFeatures;classifier;classifier;classifier;N/A;N/A;N/A;2000;100;72;9100;0,0000;0,0000;0,0000;0,0000;0,0000;0,0000;0;0;0;0
20260614_0639;Generalização_25;classification;AdaptiveRandomForest;Default_FullFeatures;classifier;classifier;classifier;N/A;N/A;N/A;2000;100;73;9200;0,0000;0,0000;0,0000;0,0000;0,0000;0,0000;0;0;0;0
20260614_0639;Generalização_25;classification;AdaptiveRandomForest;Default_FullFeatures;classifier;classifier;classifier;N/A;N/A;N/A;2000;100;74;9300;0,0000;0,0000;0,0000;0,0000;0,0000;0,0000;0;0;0;0
20260614_0639;Generalização_25;classification;AdaptiveRandomForest;Default_FullFeatures;classifier;classifier;classifier;N/A;N/A;N/A;2000;100;75;9400;0,0000;0,0000;0,0000;0,0000;0,0000;0,0000;0;0;0;0
20260614_0639;Generalização_25;classification;AdaptiveRandomForest;Default_FullFeatures;classifier;classifier;classifier;N/A;N/A;N/A;2000;100;76;9500;0,0000;0,0000;0,0000;0,0000;0,0000;0,0000;0;0;0;0
20260614_0639;Generalização_25;classification;AdaptiveRandomForest;Default_FullFeatures;classifier;classifier;classifier;N/A;N/A;N/A;2000;100;77;9600;0,0000;0,0000;0,0000;0,0000;0,0000;0,0000;0;0;0;0
20260614_0639;Generalização_25;classification;AdaptiveRandomForest;Default_FullFeatures;classifier;classifier;classifier;N/A;N/A;N/A;2000;100;78;9700;0,0000;0,0000;0,0000;0,0000;0,0000;0,0000;0;0;0;0
20260614_0639;Generalização_25;classification;AdaptiveRandomForest;Default_FullFeatures;classifier;classifier;classifier;N/A;N/A;N/A;2000;100;79;9800;0,0000;0,0000;0,0000;0,0000;0,0000;0,0000;0;0;0;0
20260614_0639;Generalização_25;classification;AdaptiveRandomForest;Default_FullFeatures;classifier;classifier;classifier;N/A;N/A;N/A;2000;100;80;9900;0,0000;0,0000;0,0000;0,0000;0,0000;0,0000;0;0;0;0
20260614_0639;Generalização_25;classification;AdaptiveRandomForest;Default_FullFeatures;classifier;classifier;classifier;N/A;N/A;N/A;2000;100;81;10000;0,0000;0,0000;0,0000;0,0000;0,0000;0,0000;0;0;0;0
20260614_0639;Generalização_25;classification;AdaptiveRandomForest;Default_FullFeatures;classifier;classifier;classifier;N/A;N/A;N/A;2000;100;82;10100;0,0000;0,0000;0,0000;0,0000;0,0000;0,0000;0;0;0;0
20260614_0639;Generalização_25;classification;AdaptiveRandomForest;Default_FullFeatures;classifier;classifier;classifier;N/A;N/A;N/A;2000;100;83;10200;0,0000;0,0000;0,0000;0,0000;0,0000;0,0000;0;0;0;0
20260614_0639;Generalização_25;classification;AdaptiveRandomForest;Default_FullFeatures;classifier;classifier;classifier;N/A;N/A;N/A;2000;100;84;10300;0,0000;0,0000;0,0000;0,0000;0,0000;0,0000;0;0;0;0
20260614_0639;Generalização_25;classification;AdaptiveRandomForest;Default_FullFeatures;classifier;classifier;classifier;N/A;N/A;N/A;2000;100;85;10400;0,0000;0,0000;0,0000;0,0000;0,0000;0,0000;0;0;0;0
20260614_0639;Generalização_25;classification;AdaptiveRandomForest;Default_FullFeatures;classifier;classifier;classifier;N/A;N/A;N/A;2000;100;86;10500;0,0000;0,0000;0,0000;0,0000;0,0000;0,0000;0;0;0;0
20260614_0639;Generalização_25;classification;AdaptiveRandomForest;Default_FullFeatures;classifier;classifier;classifier;N/A;N/A;N/A;2000;100;87;10600;0,0000;0,0000;0,0000;0,0000;0,0000;0,0000;0;0;0;0
20260614_0639;Generalização_25;classification;AdaptiveRandomForest;Default_FullFeatures;classifier;classifier;classifier;N/A;N/A;N/A;2000;100;88;10700;0,0000;0,0000;0,0000;0,0000;0,0000;0,0000;0;0;0;0
20260614_0639;Generalização_25;classification;AdaptiveRandomForest;Default_FullFeatures;classifier;classifier;classifier;N/A;N/A;N/A;2000;100;89;10800;0,0000;0,0000;0,0000;0,0000;0,0000;0,0000;0;0;0;0
20260614_0639;Generalização_25;classification;AdaptiveRandomForest;Default_FullFeatures;classifier;classifier;classifier;N/A;N/A;N/A;2000;100;90;10900;0,0000;0,0000;0,0000;0,0000;0,0000;0,0000;0;0;0;0
20260614_0639;Generalização_25;classification;AdaptiveRandomForest;Default_FullFeatures;classifier;classifier;classifier;N/A;N/A;N/A;2000;100;91;11000;0,0000;0,0000;0,0000;0,0000;0,0000;0,0000;0;0;0;0
20260614_0639;Generalização_25;classification;AdaptiveRandomForest;Default_FullFeatures;classifier;classifier;classifier;N/A;N/A;N/A;2000;100;92;11100;0,0000;0,0000;0,0000;0,0000;0,0000;0,0000;0;0;0;0
20260614_0639;Generalização_25;classification;AdaptiveRandomForest;Default_FullFeatures;classifier;classifier;classifier;N/A;N/A;N/A;2000;100;93;11200;0,0000;0,0000;0,0000;0,0000;0,0000;0,0000;0;0;0;0
20260614_0639;Generalização_25;classification;AdaptiveRandomForest;Default_FullFeatures;classifier;classifier;classifier;N/A;N/A;N/A;2000;100;94;11300;100,0000;0,0000;100,0000;0,0000;100,0000;0,0000;0;0;0;0
20260614_0639;Generalização_25;classification;AdaptiveRandomForest;Default_FullFeatures;classifier;classifier;classifier;N/A;N/A;N/A;2000;100;95;11400;97,6744;0,0000;100,0000;0,0000;95,4545;0,0000;0;0;1;0
20260614_0639;Generalização_25;classification;AdaptiveRandomForest;Default_FullFeatures;classifier;classifier;classifier;N/A;N/A;N/A;2000;100;96;11500;0,0000;0,0000;0,0000;0,0000;0,0000;0,0000;0;0;0;0
20260614_0639;Generalização_25;classification;AdaptiveRandomForest;Default_FullFeatures;classifier;classifier;classifier;N/A;N/A;N/A;2000;100;97;11600;0,0000;0,0000;0,0000;0,0000;0,0000;0,0000;0;0;0;0
20260614_0639;Generalização_25;classification;AdaptiveRandomForest;Default_FullFeatures;classifier;classifier;classifier;N/A;N/A;N/A;2000;100;98;11700;0,0000;0,0000;0,0000;0,0000;0,0000;0,0000;0;0;0;0
20260614_0639;Generalização_25;classification;AdaptiveRandomForest;Default_FullFeatures;classifier;classifier;classifier;N/A;N/A;N/A;2000;100;99;11800;0,0000;0,0000;0,0000;0,0000;0,0000;0,0000;0;0;0;0
20260614_0639;Generalização_25;classification;AdaptiveRandomForest;Default_FullFeatures;classifier;classifier;classifier;N/A;N/A;N/A;2000;100;100;11900;0,0000;0,0000;0,0000;0,0000;0,0000;0,0000;0;0;0;0
20260614_0639;Generalização_25;classification;AdaptiveRandomForest;Default_FullFeatures;classifier;classifier;classifier;N/A;N/A;N/A;2000;100;101;12000;0,0000;0,0000;0,0000;0,0000;0,0000;0,0000;0;0;0;0
20260614_0639;Generalização_25;classification;AdaptiveRandomForest;Default_FullFeatures;classifier;classifier;classifier;N/A;N/A;N/A;2000;100;102;12100;0,0000;0,0000;0,0000;0,0000;0,0000;0,0000;0;0;0;0
20260614_0639;Generalização_25;classification;AdaptiveRandomForest;Default_FullFeatures;classifier;classifier;classifier;N/A;N/A;N/A;2000;100;103;12200;0,0000;0,0000;0,0000;0,0000;0,0000;0,0000;0;0;0;0
20260614_0639;Generalização_25;classification;AdaptiveRandomForest;Default_FullFeatures;classifier;classifier;classifier;N/A;N/A;N/A;2000;100;104;12300;0,0000;0,0000;0,0000;0,0000;0,0000;0,0000;0;0;0;0
20260614_0639;Generalização_25;classification;AdaptiveRandomForest;Default_FullFeatures;classifier;classifier;classifier;N/A;N/A;N/A;2000;100;105;12400;0,0000;0,0000;0,0000;0,0000;0,0000;0,0000;0;0;0;0
20260614_0639;Generalização_25;classification;AdaptiveRandomForest;Default_FullFeatures;classifier;classifier;classifier;N/A;N/A;N/A;2000;100;106;12500;0,0000;0,0000;0,0000;0,0000;0,0000;0,0000;0;0;0;0
20260614_0639;Generalização_25;classification;AdaptiveRandomForest;Default_FullFeatures;classifier;classifier;classifier;N/A;N/A;N/A;2000;100;107;12600;0,0000;0,0000;0,0000;0,0000;0,0000;0,0000;0;0;0;0
20260614_0639;Generalização_25;classification;AdaptiveRandomForest;Default_FullFeatures;classifier;classifier;classifier;N/A;N/A;N/A;2000;100;108;12700;0,0000;0,0000;0,0000;0,0000;0,0000;0,0000;0;0;0;0
20260614_0639;Generalização_25;classification;AdaptiveRandomForest;Default_FullFeatures;classifier;classifier;classifier;N/A;N/A;N/A;2000;100;109;12800;0,0000;0,0000;0,0000;0,0000;0,0000;0,0000;0;0;0;0
20260614_0639;Generalização_25;classification;AdaptiveRandomForest;Default_FullFeatures;classifier;classifier;classifier;N/A;N/A;N/A;2000;100;110;12900;0,0000;0,0000;0,0000;0,0000;0,0000;0,0000;0;0;0;0
20260614_0639;Generalização_25;classification;AdaptiveRandomForest;Default_FullFeatures;classifier;classifier;classifier;N/A;N/A;N/A;2000;100;111;13000;0,0000;0,0000;0,0000;0,0000;0,0000;0,0000;0;0;0;0
20260614_0639;Generalização_25;classification;AdaptiveRandomForest;Default_FullFeatures;classifier;classifier;classifier;N/A;N/A;N/A;2000;100;112;13100;0,0000;0,0000;0,0000;0,0000;0,0000;0,0000;0;0;0;0
20260614_0639;Generalização_25;classification;AdaptiveRandomForest;Default_FullFeatures;classifier;classifier;classifier;N/A;N/A;N/A;2000;100;113;13200;0,0000;0,0000;0,0000;0,0000;0,0000;0,0000;0;0;0;0
20260614_0639;Generalização_25;classification;AdaptiveRandomForest;Default_FullFeatures;classifier;classifier;classifier;N/A;N/A;N/A;2000;100;114;13300;0,0000;0,0000;0,0000;0,0000;0,0000;0,0000;0;0;0;0
20260614_0639;Generalização_25;classification;AdaptiveRandomForest;Default_FullFeatures;classifier;classifier;classifier;N/A;N/A;N/A;2000;100;115;13400;0,0000;0,0000;0,0000;0,0000;0,0000;0,0000;0;0;0;0
20260614_0639;Generalização_25;classification;AdaptiveRandomForest;Default_FullFeatures;classifier;classifier;classifier;N/A;N/A;N/A;2000;100;116;13500;0,0000;0,0000;0,0000;0,0000;0,0000;0,0000;0;0;0;0
20260614_0639;Generalização_25;classification;AdaptiveRandomForest;Default_FullFeatures;classifier;classifier;classifier;N/A;N/A;N/A;2000;100;117;13600;0,0000;0,0000;0,0000;0,0000;0,0000;0,0000;0;0;0;0
20260614_0639;Generalização_25;classification;AdaptiveRandomForest;Default_FullFeatures;classifier;classifier;classifier;N/A;N/A;N/A;2000;100;118;13700;0,0000;0,0000;0,0000;0,0000;0,0000;0,0000;0;0;0;0
20260614_0639;Generalização_25;classification;AdaptiveRandomForest;Default_FullFeatures;classifier;classifier;classifier;N/A;N/A;N/A;2000;100;119;13800;0,0000;0,0000;0,0000;0,0000;0,0000;0,0000;0;0;0;0
20260614_0639;Generalização_25;classification;AdaptiveRandomForest;Default_FullFeatures;classifier;classifier;classifier;N/A;N/A;N/A;2000;100;120;13900;0,0000;0,0000;0,0000;0,0000;0,0000;0,0000;0;0;0;0
20260614_0639;Generalização_25;classification;AdaptiveRandomForest;Default_FullFeatures;classifier;classifier;classifier;N/A;N/A;N/A;2000;100;121;14000;0,0000;0,0000;0,0000;0,0000;0,0000;0,0000;0;0;0;0
20260614_0639;Generalização_25;classification;AdaptiveRandomForest;Default_FullFeatures;classifier;classifier;classifier;N/A;N/A;N/A;2000;100;122;14100;0,0000;0,0000;0,0000;0,0000;0,0000;0,0000;0;0;0;0
20260614_0639;Generalização_25;classification;AdaptiveRandomForest;Default_FullFeatures;classifier;classifier;classifier;N/A;N/A;N/A;2000;100;123;14200;0,0000;0,0000;0,0000;0,0000;0,0000;0,0000;0;0;0;0
20260614_0639;Generalização_25;classification;AdaptiveRandomForest;Default_FullFeatures;classifier;classifier;classifier;N/A;N/A;N/A;2000;100;124;14300;0,0000;0,0000;0,0000;0,0000;0,0000;0,0000;0;0;0;0
20260614_0639;Generalização_25;classification;AdaptiveRandomForest;Default_FullFeatures;classifier;classifier;classifier;N/A;N/A;N/A;2000;100;125;14400;0,0000;0,0000;0,0000;0,0000;0,0000;0,0000;0;0;0;0
20260614_0639;Generalização_25;classification;AdaptiveRandomForest;Default_FullFeatures;classifier;classifier;classifier;N/A;N/A;N/A;2000;100;126;14500;0,0000;0,0000;0,0000;0,0000;0,0000;0,0000;0;0;0;0
20260614_0639;Generalização_25;classification;AdaptiveRandomForest;Default_FullFeatures;classifier;classifier;classifier;N/A;N/A;N/A;2000;100;127;14600;0,0000;0,0000;0,0000;0,0000;0,0000;0,0000;0;0;0;0
20260614_0639;Generalização_25;classification;AdaptiveRandomForest;Default_FullFeatures;classifier;classifier;classifier;N/A;N/A;N/A;2000;100;128;14700;0,0000;0,0000;0,0000;0,0000;0,0000;0,0000;0;0;0;0
20260614_0639;Generalização_25;classification;AdaptiveRandomForest;Default_FullFeatures;classifier;classifier;classifier;N/A;N/A;N/A;2000;100;129;14800;0,0000;0,0000;0,0000;0,0000;0,0000;0,0000;0;0;0;0
20260614_0639;Generalização_25;classification;AdaptiveRandomForest;Default_FullFeatures;classifier;classifier;classifier;N/A;N/A;N/A;2000;100;130;14900;0,0000;0,0000;0,0000;0,0000;0,0000;0,0000;0;0;0;0
20260614_0639;Generalização_25;classification;AdaptiveRandomForest;Default_FullFeatures;classifier;classifier;classifier;N/A;N/A;N/A;2000;100;131;15000;0,0000;0,0000;0,0000;0,0000;0,0000;0,0000;0;0;0;0
20260614_0639;Generalização_200;classification;AdaptiveRandomForest;Default_FullFeatures;classifier;classifier;classifier;N/A;N/A;N/A;2000;100;1;2000;0,0000;0,0000;0,0000;0,0000;0,0000;0,0000;0;0;0;0
20260614_0639;Generalização_200;classification;AdaptiveRandomForest;Default_FullFeatures;classifier;classifier;classifier;N/A;N/A;N/A;2000;100;2;2100;0,0000;0,0000;0,0000;0,0000;0,0000;0,0000;0;0;0;0
20260614_0639;Generalização_200;classification;AdaptiveRandomForest;Default_FullFeatures;classifier;classifier;classifier;N/A;N/A;N/A;2000;100;3;2200;0,0000;0,0000;0,0000;0,0000;0,0000;0,0000;0;0;0;0
20260614_0639;Generalização_200;classification;AdaptiveRandomForest;Default_FullFeatures;classifier;classifier;classifier;N/A;N/A;N/A;2000;100;4;2300;0,0000;0,0000;0,0000;0,0000;0,0000;0,0000;0;0;0;0
20260614_0639;Generalização_200;classification;AdaptiveRandomForest;Default_FullFeatures;classifier;classifier;classifier;N/A;N/A;N/A;2000;100;5;2400;0,0000;0,0000;0,0000;0,0000;0,0000;0,0000;0;0;0;0
20260614_0639;Generalização_200;classification;AdaptiveRandomForest;Default_FullFeatures;classifier;classifier;classifier;N/A;N/A;N/A;2000;100;6;2500;0,0000;0,0000;0,0000;0,0000;0,0000;0,0000;0;0;0;0
20260614_0639;Generalização_200;classification;AdaptiveRandomForest;Default_FullFeatures;classifier;classifier;classifier;N/A;N/A;N/A;2000;100;7;2600;0,0000;0,0000;0,0000;0,0000;0,0000;0,0000;0;0;0;0
20260614_0639;Generalização_200;classification;AdaptiveRandomForest;Default_FullFeatures;classifier;classifier;classifier;N/A;N/A;N/A;2000;100;8;2700;0,0000;0,0000;0,0000;0,0000;0,0000;0,0000;0;0;0;0
20260614_0639;Generalização_200;classification;AdaptiveRandomForest;Default_FullFeatures;classifier;classifier;classifier;N/A;N/A;N/A;2000;100;9;2800;0,0000;0,0000;0,0000;0,0000;0,0000;0,0000;0;0;0;0
20260614_0639;Generalização_200;classification;AdaptiveRandomForest;Default_FullFeatures;classifier;classifier;classifier;N/A;N/A;N/A;2000;100;10;2900;0,0000;0,0000;0,0000;0,0000;0,0000;0,0000;0;0;0;0
20260614_0639;Generalização_200;classification;AdaptiveRandomForest;Default_FullFeatures;classifier;classifier;classifier;N/A;N/A;N/A;2000;100;11;3000;0,0000;0,0000;0,0000;0,0000;0,0000;0,0000;0;0;0;0
20260614_0639;Generalização_200;classification;AdaptiveRandomForest;Default_FullFeatures;classifier;classifier;classifier;N/A;N/A;N/A;2000;100;12;3100;0,0000;0,0000;0,0000;0,0000;0,0000;0,0000;0;0;0;0
20260614_0639;Generalização_200;classification;AdaptiveRandomForest;Default_FullFeatures;classifier;classifier;classifier;N/A;N/A;N/A;2000;100;13;3200;0,0000;0,0000;0,0000;0,0000;0,0000;0,0000;0;0;0;0
20260614_0639;Generalização_200;classification;AdaptiveRandomForest;Default_FullFeatures;classifier;classifier;classifier;N/A;N/A;N/A;2000;100;14;3300;0,0000;0,0000;0,0000;0,0000;0,0000;0,0000;0;0;0;0
20260614_0639;Generalização_200;classification;AdaptiveRandomForest;Default_FullFeatures;classifier;classifier;classifier;N/A;N/A;N/A;2000;100;15;3400;0,0000;0,0000;0,0000;0,0000;0,0000;0,0000;0;0;0;0
20260614_0639;Generalização_200;classification;AdaptiveRandomForest;Default_FullFeatures;classifier;classifier;classifier;N/A;N/A;N/A;2000;100;16;3500;0,0000;0,0000;0,0000;0,0000;0,0000;0,0000;0;0;0;0
20260614_0639;Generalização_200;classification;AdaptiveRandomForest;Default_FullFeatures;classifier;classifier;classifier;N/A;N/A;N/A;2000;100;17;3600;0,0000;0,0000;0,0000;0,0000;0,0000;0,0000;0;0;0;0
20260614_0639;Generalização_200;classification;AdaptiveRandomForest;Default_FullFeatures;classifier;classifier;classifier;N/A;N/A;N/A;2000;100;18;3700;0,0000;0,0000;0,0000;0,0000;0,0000;0,0000;0;0;0;0
20260614_0639;Generalização_200;classification;AdaptiveRandomForest;Default_FullFeatures;classifier;classifier;classifier;N/A;N/A;N/A;2000;100;19;3800;95,7447;0,0000;100,0000;0,0000;91,8367;0,0000;0;0;4;0
20260614_0639;Generalização_200;classification;AdaptiveRandomForest;Default_FullFeatures;classifier;classifier;classifier;N/A;N/A;N/A;2000;100;20;3900;95,8744;0,2336;93,1625;0,4426;98,7500;0,0000;6;1;1;0
20260614_0639;Generalização_200;classification;AdaptiveRandomForest;Default_FullFeatures;classifier;classifier;classifier;N/A;N/A;N/A;2000;100;21;4000;94,1176;0,0000;88,8889;0,0000;100,0000;0,0000;6;0;0;0
20260614_0639;Generalização_200;classification;AdaptiveRandomForest;Default_FullFeatures;classifier;classifier;classifier;N/A;N/A;N/A;2000;100;22;4100;0,0000;0,0000;0,0000;0,0000;0,0000;0,0000;1;0;0;0
20260614_0639;Generalização_200;classification;AdaptiveRandomForest;Default_FullFeatures;classifier;classifier;classifier;N/A;N/A;N/A;2000;100;23;4200;0,0000;0,0000;0,0000;0,0000;0,0000;0,0000;2;1;0;0
20260614_0639;Generalização_200;classification;AdaptiveRandomForest;Default_FullFeatures;classifier;classifier;classifier;N/A;N/A;N/A;2000;100;24;4300;0,0000;0,0000;0,0000;0,0000;0,0000;0,0000;1;1;0;0
20260614_0639;Generalização_200;classification;AdaptiveRandomForest;Default_FullFeatures;classifier;classifier;classifier;N/A;N/A;N/A;2000;100;25;4400;0,0000;0,0000;0,0000;0,0000;0,0000;0,0000;1;0;0;0
20260614_0639;Generalização_200;classification;AdaptiveRandomForest;Default_FullFeatures;classifier;classifier;classifier;N/A;N/A;N/A;2000;100;26;4500;0,0000;0,0000;0,0000;0,0000;0,0000;0,0000;1;0;0;0
20260614_0639;Generalização_200;classification;AdaptiveRandomForest;Default_FullFeatures;classifier;classifier;classifier;N/A;N/A;N/A;2000;100;27;4600;0,0000;0,0000;0,0000;0,0000;0,0000;0,0000;1;1;0;0
20260614_0639;Generalização_200;classification;AdaptiveRandomForest;Default_FullFeatures;classifier;classifier;classifier;N/A;N/A;N/A;2000;100;28;4700;0,0000;0,0000;0,0000;0,0000;0,0000;0,0000;0;0;0;0
20260614_0639;Generalização_200;classification;AdaptiveRandomForest;Default_FullFeatures;classifier;classifier;classifier;N/A;N/A;N/A;2000;100;29;4800;0,0000;0,0000;0,0000;0,0000;0,0000;0,0000;3;1;0;0
20260614_0639;Generalização_200;classification;AdaptiveRandomForest;Default_FullFeatures;classifier;classifier;classifier;N/A;N/A;N/A;2000;100;30;4900;0,0000;0,0000;0,0000;0,0000;0,0000;0,0000;0;0;0;0
20260614_0639;Generalização_200;classification;AdaptiveRandomForest;Default_FullFeatures;classifier;classifier;classifier;N/A;N/A;N/A;2000;100;31;5000;0,0000;0,0000;0,0000;0,0000;0,0000;0,0000;0;0;0;0
20260614_0639;Generalização_200;classification;AdaptiveRandomForest;Default_FullFeatures;classifier;classifier;classifier;N/A;N/A;N/A;2000;100;32;5100;0,0000;0,0000;0,0000;0,0000;0,0000;0,0000;0;0;0;0
20260614_0639;Generalização_200;classification;AdaptiveRandomForest;Default_FullFeatures;classifier;classifier;classifier;N/A;N/A;N/A;2000;100;33;5200;0,0000;0,0000;0,0000;0,0000;0,0000;0,0000;0;0;0;0
20260614_0639;Generalização_200;classification;AdaptiveRandomForest;Default_FullFeatures;classifier;classifier;classifier;N/A;N/A;N/A;2000;100;34;5300;0,0000;0,0000;0,0000;0,0000;0,0000;0,0000;0;0;0;0
20260614_0639;Generalização_200;classification;AdaptiveRandomForest;Default_FullFeatures;classifier;classifier;classifier;N/A;N/A;N/A;2000;100;35;5400;0,0000;0,0000;0,0000;0,0000;0,0000;0,0000;0;0;0;0
20260614_0639;Generalização_200;classification;AdaptiveRandomForest;Default_FullFeatures;classifier;classifier;classifier;N/A;N/A;N/A;2000;100;36;5500;0,0000;0,0000;0,0000;0,0000;0,0000;0,0000;0;0;0;0
20260614_0639;Generalização_200;classification;AdaptiveRandomForest;Default_FullFeatures;classifier;classifier;classifier;N/A;N/A;N/A;2000;100;37;5600;0,0000;0,0000;0,0000;0,0000;0,0000;0,0000;0;0;0;0
20260614_0639;Generalização_200;classification;AdaptiveRandomForest;Default_FullFeatures;classifier;classifier;classifier;N/A;N/A;N/A;2000;100;38;5700;0,0000;0,0000;0,0000;0,0000;0,0000;0,0000;0;0;0;0
20260614_0639;Generalização_200;classification;AdaptiveRandomForest;Default_FullFeatures;classifier;classifier;classifier;N/A;N/A;N/A;2000;100;39;5800;0,0000;0,0000;0,0000;0,0000;0,0000;0,0000;0;0;0;0
20260614_0639;Generalização_200;classification;AdaptiveRandomForest;Default_FullFeatures;classifier;classifier;classifier;N/A;N/A;N/A;2000;100;40;5900;0,0000;0,0000;0,0000;0,0000;0,0000;0,0000;0;0;0;0
20260614_0639;Generalização_200;classification;AdaptiveRandomForest;Default_FullFeatures;classifier;classifier;classifier;N/A;N/A;N/A;2000;100;41;6000;0,0000;0,0000;0,0000;0,0000;0,0000;0,0000;0;0;0;0
20260614_0639;Generalização_200;classification;AdaptiveRandomForest;Default_FullFeatures;classifier;classifier;classifier;N/A;N/A;N/A;2000;100;42;6100;0,0000;0,0000;0,0000;0,0000;0,0000;0,0000;0;0;0;0
20260614_0639;Generalização_200;classification;AdaptiveRandomForest;Default_FullFeatures;classifier;classifier;classifier;N/A;N/A;N/A;2000;100;43;6200;0,0000;0,0000;0,0000;0,0000;0,0000;0,0000;0;0;0;0
20260614_0639;Generalização_200;classification;AdaptiveRandomForest;Default_FullFeatures;classifier;classifier;classifier;N/A;N/A;N/A;2000;100;44;6300;0,0000;0,0000;0,0000;0,0000;0,0000;0,0000;0;0;0;0
20260614_0639;Generalização_200;classification;AdaptiveRandomForest;Default_FullFeatures;classifier;classifier;classifier;N/A;N/A;N/A;2000;100;45;6400;0,0000;0,0000;0,0000;0,0000;0,0000;0,0000;0;0;0;0
20260614_0639;Generalização_200;classification;AdaptiveRandomForest;Default_FullFeatures;classifier;classifier;classifier;N/A;N/A;N/A;2000;100;46;6500;0,0000;0,0000;0,0000;0,0000;0,0000;0,0000;0;0;0;0
20260614_0639;Generalização_200;classification;AdaptiveRandomForest;Default_FullFeatures;classifier;classifier;classifier;N/A;N/A;N/A;2000;100;47;6600;0,0000;0,0000;0,0000;0,0000;0,0000;0,0000;0;0;0;0
20260614_0639;Generalização_200;classification;AdaptiveRandomForest;Default_FullFeatures;classifier;classifier;classifier;N/A;N/A;N/A;2000;100;48;6700;0,0000;0,0000;0,0000;0,0000;0,0000;0,0000;0;0;0;0
20260614_0639;Generalização_200;classification;AdaptiveRandomForest;Default_FullFeatures;classifier;classifier;classifier;N/A;N/A;N/A;2000;100;49;6800;0,0000;0,0000;0,0000;0,0000;0,0000;0,0000;0;0;0;0
20260614_0639;Generalização_200;classification;AdaptiveRandomForest;Default_FullFeatures;classifier;classifier;classifier;N/A;N/A;N/A;2000;100;50;6900;0,0000;0,0000;0,0000;0,0000;0,0000;0,0000;0;0;0;0
20260614_0639;Generalização_200;classification;AdaptiveRandomForest;Default_FullFeatures;classifier;classifier;classifier;N/A;N/A;N/A;2000;100;51;7000;0,0000;0,0000;0,0000;0,0000;0,0000;0,0000;0;0;0;0
20260614_0639;Generalização_200;classification;AdaptiveRandomForest;Default_FullFeatures;classifier;classifier;classifier;N/A;N/A;N/A;2000;100;52;7100;0,0000;0,0000;0,0000;0,0000;0,0000;0,0000;0;0;0;0
20260614_0639;Generalização_200;classification;AdaptiveRandomForest;Default_FullFeatures;classifier;classifier;classifier;N/A;N/A;N/A;2000;100;53;7200;0,0000;0,0000;0,0000;0,0000;0,0000;0,0000;0;0;0;0
20260614_0639;Generalização_200;classification;AdaptiveRandomForest;Default_FullFeatures;classifier;classifier;classifier;N/A;N/A;N/A;2000;100;54;7300;0,0000;0,0000;0,0000;0,0000;0,0000;0,0000;0;0;0;0
20260614_0639;Generalização_200;classification;AdaptiveRandomForest;Default_FullFeatures;classifier;classifier;classifier;N/A;N/A;N/A;2000;100;55;7400;0,0000;0,0000;0,0000;0,0000;0,0000;0,0000;0;0;0;0
20260614_0639;Generalização_200;classification;AdaptiveRandomForest;Default_FullFeatures;classifier;classifier;classifier;N/A;N/A;N/A;2000;100;56;7500;0,0000;0,0000;0,0000;0,0000;0,0000;0,0000;0;0;0;0
20260614_0639;Generalização_200;classification;AdaptiveRandomForest;Default_FullFeatures;classifier;classifier;classifier;N/A;N/A;N/A;2000;100;57;7600;0,0000;0,0000;0,0000;0,0000;0,0000;0,0000;0;0;0;0
20260614_0639;Generalização_200;classification;AdaptiveRandomForest;Default_FullFeatures;classifier;classifier;classifier;N/A;N/A;N/A;2000;100;58;7700;0,0000;0,0000;0,0000;0,0000;0,0000;0,0000;0;0;1;0
20260614_0639;Generalização_200;classification;AdaptiveRandomForest;Default_FullFeatures;classifier;classifier;classifier;N/A;N/A;N/A;2000;100;59;7800;97,7499;0,2564;100,0000;0,0000;95,6000;0,4899;0;0;5;1
20260614_0639;Generalização_200;classification;AdaptiveRandomForest;Default_FullFeatures;classifier;classifier;classifier;N/A;N/A;N/A;2000;100;60;7900;100,0000;0,0000;100,0000;0,0000;100,0000;0,0000;0;0;0;0
20260614_0639;Generalização_200;classification;AdaptiveRandomForest;Default_FullFeatures;classifier;classifier;classifier;N/A;N/A;N/A;2000;100;61;8000;0,0000;0,0000;0,0000;0,0000;0,0000;0,0000;0;0;0;0
20260614_0639;Generalização_200;classification;AdaptiveRandomForest;Default_FullFeatures;classifier;classifier;classifier;N/A;N/A;N/A;2000;100;62;8100;0,0000;0,0000;0,0000;0,0000;0,0000;0,0000;0;0;0;0
20260614_0639;Generalização_200;classification;AdaptiveRandomForest;Default_FullFeatures;classifier;classifier;classifier;N/A;N/A;N/A;2000;100;63;8200;0,0000;0,0000;0,0000;0,0000;0,0000;0,0000;0;0;0;0
20260614_0639;Generalização_200;classification;AdaptiveRandomForest;Default_FullFeatures;classifier;classifier;classifier;N/A;N/A;N/A;2000;100;64;8300;0,0000;0,0000;0,0000;0,0000;0,0000;0,0000;0;0;0;0
20260614_0639;Generalização_200;classification;AdaptiveRandomForest;Default_FullFeatures;classifier;classifier;classifier;N/A;N/A;N/A;2000;100;65;8400;0,0000;0,0000;0,0000;0,0000;0,0000;0,0000;0;0;0;0
20260614_0639;Generalização_200;classification;AdaptiveRandomForest;Default_FullFeatures;classifier;classifier;classifier;N/A;N/A;N/A;2000;100;66;8500;0,0000;0,0000;0,0000;0,0000;0,0000;0,0000;0;0;0;0
20260614_0639;Generalização_200;classification;AdaptiveRandomForest;Default_FullFeatures;classifier;classifier;classifier;N/A;N/A;N/A;2000;100;67;8600;0,0000;0,0000;0,0000;0,0000;0,0000;0,0000;0;0;0;0
20260614_0639;Generalização_200;classification;AdaptiveRandomForest;Default_FullFeatures;classifier;classifier;classifier;N/A;N/A;N/A;2000;100;68;8700;0,0000;0,0000;0,0000;0,0000;0,0000;0,0000;0;0;0;0
20260614_0639;Generalização_200;classification;AdaptiveRandomForest;Default_FullFeatures;classifier;classifier;classifier;N/A;N/A;N/A;2000;100;69;8800;0,0000;0,0000;0,0000;0,0000;0,0000;0,0000;0;0;0;0
20260614_0639;Generalização_200;classification;AdaptiveRandomForest;Default_FullFeatures;classifier;classifier;classifier;N/A;N/A;N/A;2000;100;70;8900;0,0000;0,0000;0,0000;0,0000;0,0000;0,0000;0;0;0;0
20260614_0639;Generalização_200;classification;AdaptiveRandomForest;Default_FullFeatures;classifier;classifier;classifier;N/A;N/A;N/A;2000;100;71;9000;0,0000;0,0000;0,0000;0,0000;0,0000;0,0000;0;0;0;0
20260614_0639;Generalização_200;classification;AdaptiveRandomForest;Default_FullFeatures;classifier;classifier;classifier;N/A;N/A;N/A;2000;100;72;9100;0,0000;0,0000;0,0000;0,0000;0,0000;0,0000;0;0;0;0
20260614_0639;Generalização_200;classification;AdaptiveRandomForest;Default_FullFeatures;classifier;classifier;classifier;N/A;N/A;N/A;2000;100;73;9200;0,0000;0,0000;0,0000;0,0000;0,0000;0,0000;0;0;0;0
20260614_0639;Generalização_200;classification;AdaptiveRandomForest;Default_FullFeatures;classifier;classifier;classifier;N/A;N/A;N/A;2000;100;74;9300;0,0000;0,0000;0,0000;0,0000;0,0000;0,0000;0;0;0;0
20260614_0639;Generalização_200;classification;AdaptiveRandomForest;Default_FullFeatures;classifier;classifier;classifier;N/A;N/A;N/A;2000;100;75;9400;0,0000;0,0000;0,0000;0,0000;0,0000;0,0000;0;0;0;0
20260614_0639;Generalização_200;classification;AdaptiveRandomForest;Default_FullFeatures;classifier;classifier;classifier;N/A;N/A;N/A;2000;100;76;9500;0,0000;0,0000;0,0000;0,0000;0,0000;0,0000;0;0;0;0
20260614_0639;Generalização_200;classification;AdaptiveRandomForest;Default_FullFeatures;classifier;classifier;classifier;N/A;N/A;N/A;2000;100;77;9600;0,0000;0,0000;0,0000;0,0000;0,0000;0,0000;0;0;0;0
20260614_0639;Generalização_200;classification;AdaptiveRandomForest;Default_FullFeatures;classifier;classifier;classifier;N/A;N/A;N/A;2000;100;78;9700;0,0000;0,0000;0,0000;0,0000;0,0000;0,0000;0;0;0;0
20260614_0639;Generalização_200;classification;AdaptiveRandomForest;Default_FullFeatures;classifier;classifier;classifier;N/A;N/A;N/A;2000;100;79;9800;0,0000;0,0000;0,0000;0,0000;0,0000;0,0000;0;0;0;0
20260614_0639;Generalização_200;classification;AdaptiveRandomForest;Default_FullFeatures;classifier;classifier;classifier;N/A;N/A;N/A;2000;100;80;9900;0,0000;0,0000;0,0000;0,0000;0,0000;0,0000;0;0;0;0
20260614_0639;Generalização_200;classification;AdaptiveRandomForest;Default_FullFeatures;classifier;classifier;classifier;N/A;N/A;N/A;2000;100;81;10000;0,0000;0,0000;0,0000;0,0000;0,0000;0,0000;0;0;0;0
20260614_0639;Generalização_200;classification;AdaptiveRandomForest;Default_FullFeatures;classifier;classifier;classifier;N/A;N/A;N/A;2000;100;82;10100;0,0000;0,0000;0,0000;0,0000;0,0000;0,0000;0;0;0;0
20260614_0639;Generalização_200;classification;AdaptiveRandomForest;Default_FullFeatures;classifier;classifier;classifier;N/A;N/A;N/A;2000;100;83;10200;0,0000;0,0000;0,0000;0,0000;0,0000;0,0000;0;0;0;0
20260614_0639;Generalização_200;classification;AdaptiveRandomForest;Default_FullFeatures;classifier;classifier;classifier;N/A;N/A;N/A;2000;100;84;10300;0,0000;0,0000;0,0000;0,0000;0,0000;0,0000;0;0;0;0
20260614_0639;Generalização_200;classification;AdaptiveRandomForest;Default_FullFeatures;classifier;classifier;classifier;N/A;N/A;N/A;2000;100;85;10400;0,0000;0,0000;0,0000;0,0000;0,0000;0,0000;0;0;0;0
20260614_0639;Generalização_200;classification;AdaptiveRandomForest;Default_FullFeatures;classifier;classifier;classifier;N/A;N/A;N/A;2000;100;86;10500;0,0000;0,0000;0,0000;0,0000;0,0000;0,0000;0;0;0;0
20260614_0639;Generalização_200;classification;AdaptiveRandomForest;Default_FullFeatures;classifier;classifier;classifier;N/A;N/A;N/A;2000;100;87;10600;0,0000;0,0000;0,0000;0,0000;0,0000;0,0000;0;0;0;0
20260614_0639;Generalização_200;classification;AdaptiveRandomForest;Default_FullFeatures;classifier;classifier;classifier;N/A;N/A;N/A;2000;100;88;10700;0,0000;0,0000;0,0000;0,0000;0,0000;0,0000;0;0;0;0
20260614_0639;Generalização_200;classification;AdaptiveRandomForest;Default_FullFeatures;classifier;classifier;classifier;N/A;N/A;N/A;2000;100;89;10800;0,0000;0,0000;0,0000;0,0000;0,0000;0,0000;0;0;0;0
20260614_0639;Generalização_200;classification;AdaptiveRandomForest;Default_FullFeatures;classifier;classifier;classifier;N/A;N/A;N/A;2000;100;90;10900;0,0000;0,0000;0,0000;0,0000;0,0000;0,0000;0;0;0;0
20260614_0639;Generalização_200;classification;AdaptiveRandomForest;Default_FullFeatures;classifier;classifier;classifier;N/A;N/A;N/A;2000;100;91;11000;0,0000;0,0000;0,0000;0,0000;0,0000;0,0000;0;0;0;0
20260614_0639;Generalização_200;classification;AdaptiveRandomForest;Default_FullFeatures;classifier;classifier;classifier;N/A;N/A;N/A;2000;100;92;11100;0,0000;0,0000;0,0000;0,0000;0,0000;0,0000;0;0;0;0
20260614_0639;Generalização_200;classification;AdaptiveRandomForest;Default_FullFeatures;classifier;classifier;classifier;N/A;N/A;N/A;2000;100;93;11200;0,0000;0,0000;0,0000;0,0000;0,0000;0,0000;0;0;0;0
20260614_0639;Generalização_200;classification;AdaptiveRandomForest;Default_FullFeatures;classifier;classifier;classifier;N/A;N/A;N/A;2000;100;94;11300;0,0000;0,0000;0,0000;0,0000;0,0000;0,0000;0;0;0;0
20260614_0639;Generalização_200;classification;AdaptiveRandomForest;Default_FullFeatures;classifier;classifier;classifier;N/A;N/A;N/A;2000;100;95;11400;0,0000;0,0000;0,0000;0,0000;0,0000;0,0000;0;0;0;0
20260614_0639;Generalização_200;classification;AdaptiveRandomForest;Default_FullFeatures;classifier;classifier;classifier;N/A;N/A;N/A;2000;100;96;11500;0,0000;0,0000;0,0000;0,0000;0,0000;0,0000;0;0;0;0
20260614_0639;Generalização_200;classification;AdaptiveRandomForest;Default_FullFeatures;classifier;classifier;classifier;N/A;N/A;N/A;2000;100;97;11600;0,0000;0,0000;0,0000;0,0000;0,0000;0,0000;0;0;0;0
20260614_0639;Generalização_200;classification;AdaptiveRandomForest;Default_FullFeatures;classifier;classifier;classifier;N/A;N/A;N/A;2000;100;98;11700;97,3280;0,5154;100,0000;0,0000;94,8000;0,9798;0;0;3;1
20260614_0639;Generalização_200;classification;AdaptiveRandomForest;Default_FullFeatures;classifier;classifier;classifier;N/A;N/A;N/A;2000;100;99;11800;96,5510;0,2734;100,0000;0,0000;93,3333;0,5103;0;0;7;1
20260614_0639;Generalização_200;classification;AdaptiveRandomForest;Default_FullFeatures;classifier;classifier;classifier;N/A;N/A;N/A;2000;100;100;11900;95,3415;0,4937;99,1304;1,0650;91,8367;0,0000;1;1;4;0
20260614_0639;Generalização_200;classification;AdaptiveRandomForest;Default_FullFeatures;classifier;classifier;classifier;N/A;N/A;N/A;2000;100;101;12000;0,0000;0,0000;0,0000;0,0000;0,0000;0,0000;1;1;0;0
20260614_0639;Generalização_200;classification;AdaptiveRandomForest;Default_FullFeatures;classifier;classifier;classifier;N/A;N/A;N/A;2000;100;102;12100;0,0000;0,0000;0,0000;0,0000;0,0000;0,0000;1;0;0;0
20260614_0639;Generalização_200;classification;AdaptiveRandomForest;Default_FullFeatures;classifier;classifier;classifier;N/A;N/A;N/A;2000;100;103;12200;0,0000;0,0000;0,0000;0,0000;0,0000;0,0000;0;0;0;0
20260614_0639;Generalização_200;classification;AdaptiveRandomForest;Default_FullFeatures;classifier;classifier;classifier;N/A;N/A;N/A;2000;100;104;12300;0,0000;0,0000;0,0000;0,0000;0,0000;0,0000;0;0;0;0
20260614_0639;Generalização_200;classification;AdaptiveRandomForest;Default_FullFeatures;classifier;classifier;classifier;N/A;N/A;N/A;2000;100;105;12400;0,0000;0,0000;0,0000;0,0000;0,0000;0,0000;0;0;0;0
20260614_0639;Generalização_200;classification;AdaptiveRandomForest;Default_FullFeatures;classifier;classifier;classifier;N/A;N/A;N/A;2000;100;106;12500;0,0000;0,0000;0,0000;0,0000;0,0000;0,0000;0;0;0;0
20260614_0639;Generalização_200;classification;AdaptiveRandomForest;Default_FullFeatures;classifier;classifier;classifier;N/A;N/A;N/A;2000;100;107;12600;0,0000;0,0000;0,0000;0,0000;0,0000;0,0000;0;0;0;0
20260614_0639;Generalização_200;classification;AdaptiveRandomForest;Default_FullFeatures;classifier;classifier;classifier;N/A;N/A;N/A;2000;100;108;12700;0,0000;0,0000;0,0000;0,0000;0,0000;0,0000;0;0;0;0
20260614_0639;Generalização_200;classification;AdaptiveRandomForest;Default_FullFeatures;classifier;classifier;classifier;N/A;N/A;N/A;2000;100;109;12800;0,0000;0,0000;0,0000;0,0000;0,0000;0,0000;0;0;0;0
20260614_0639;Generalização_200;classification;AdaptiveRandomForest;Default_FullFeatures;classifier;classifier;classifier;N/A;N/A;N/A;2000;100;110;12900;0,0000;0,0000;0,0000;0,0000;0,0000;0,0000;0;0;0;0
20260614_0639;Generalização_200;classification;AdaptiveRandomForest;Default_FullFeatures;classifier;classifier;classifier;N/A;N/A;N/A;2000;100;111;13000;0,0000;0,0000;0,0000;0,0000;0,0000;0,0000;0;0;0;0
20260614_0639;Generalização_200;classification;AdaptiveRandomForest;Default_FullFeatures;classifier;classifier;classifier;N/A;N/A;N/A;2000;100;112;13100;0,0000;0,0000;0,0000;0,0000;0,0000;0,0000;0;0;0;0
20260614_0639;Generalização_200;classification;AdaptiveRandomForest;Default_FullFeatures;classifier;classifier;classifier;N/A;N/A;N/A;2000;100;113;13200;0,0000;0,0000;0,0000;0,0000;0,0000;0,0000;0;0;0;0
20260614_0639;Generalização_200;classification;AdaptiveRandomForest;Default_FullFeatures;classifier;classifier;classifier;N/A;N/A;N/A;2000;100;114;13300;0,0000;0,0000;0,0000;0,0000;0,0000;0,0000;0;0;0;0
20260614_0639;Generalização_200;classification;AdaptiveRandomForest;Default_FullFeatures;classifier;classifier;classifier;N/A;N/A;N/A;2000;100;115;13400;0,0000;0,0000;0,0000;0,0000;0,0000;0,0000;0;0;0;0
20260614_0639;Generalização_200;classification;AdaptiveRandomForest;Default_FullFeatures;classifier;classifier;classifier;N/A;N/A;N/A;2000;100;116;13500;0,0000;0,0000;0,0000;0,0000;0,0000;0,0000;0;0;0;0
20260614_0639;Generalização_200;classification;AdaptiveRandomForest;Default_FullFeatures;classifier;classifier;classifier;N/A;N/A;N/A;2000;100;117;13600;0,0000;0,0000;0,0000;0,0000;0,0000;0,0000;0;0;0;0
20260614_0639;Generalização_200;classification;AdaptiveRandomForest;Default_FullFeatures;classifier;classifier;classifier;N/A;N/A;N/A;2000;100;118;13700;0,0000;0,0000;0,0000;0,0000;0,0000;0,0000;0;0;0;0
20260614_0639;Generalização_200;classification;AdaptiveRandomForest;Default_FullFeatures;classifier;classifier;classifier;N/A;N/A;N/A;2000;100;119;13800;0,0000;0,0000;0,0000;0,0000;0,0000;0,0000;0;0;0;0
20260614_0639;Generalização_200;classification;AdaptiveRandomForest;Default_FullFeatures;classifier;classifier;classifier;N/A;N/A;N/A;2000;100;120;13900;0,0000;0,0000;0,0000;0,0000;0,0000;0,0000;0;0;0;0
20260614_0639;Generalização_200;classification;AdaptiveRandomForest;Default_FullFeatures;classifier;classifier;classifier;N/A;N/A;N/A;2000;100;121;14000;0,0000;0,0000;0,0000;0,0000;0,0000;0,0000;0;0;0;0
20260614_0639;Generalização_200;classification;AdaptiveRandomForest;Default_FullFeatures;classifier;classifier;classifier;N/A;N/A;N/A;2000;100;122;14100;0,0000;0,0000;0,0000;0,0000;0,0000;0,0000;0;0;0;0
20260614_0639;Generalização_200;classification;AdaptiveRandomForest;Default_FullFeatures;classifier;classifier;classifier;N/A;N/A;N/A;2000;100;123;14200;0,0000;0,0000;0,0000;0,0000;0,0000;0,0000;0;0;0;0
20260614_0639;Generalização_200;classification;AdaptiveRandomForest;Default_FullFeatures;classifier;classifier;classifier;N/A;N/A;N/A;2000;100;124;14300;0,0000;0,0000;0,0000;0,0000;0,0000;0,0000;0;0;0;0
20260614_0639;Generalização_200;classification;AdaptiveRandomForest;Default_FullFeatures;classifier;classifier;classifier;N/A;N/A;N/A;2000;100;125;14400;0,0000;0,0000;0,0000;0,0000;0,0000;0,0000;0;0;0;0
20260614_0639;Generalização_200;classification;AdaptiveRandomForest;Default_FullFeatures;classifier;classifier;classifier;N/A;N/A;N/A;2000;100;126;14500;0,0000;0,0000;0,0000;0,0000;0,0000;0,0000;0;0;0;0
20260614_0639;Generalização_200;classification;AdaptiveRandomForest;Default_FullFeatures;classifier;classifier;classifier;N/A;N/A;N/A;2000;100;127;14600;0,0000;0,0000;0,0000;0,0000;0,0000;0,0000;0;0;0;0
20260614_0639;Generalização_200;classification;AdaptiveRandomForest;Default_FullFeatures;classifier;classifier;classifier;N/A;N/A;N/A;2000;100;128;14700;0,0000;0,0000;0,0000;0,0000;0,0000;0,0000;0;0;0;0
20260614_0639;Generalização_200;classification;AdaptiveRandomForest;Default_FullFeatures;classifier;classifier;classifier;N/A;N/A;N/A;2000;100;129;14800;0,0000;0,0000;0,0000;0,0000;0,0000;0,0000;0;0;0;0
20260614_0639;Generalização_200;classification;AdaptiveRandomForest;Default_FullFeatures;classifier;classifier;classifier;N/A;N/A;N/A;2000;100;130;14900;0,0000;0,0000;0,0000;0,0000;0,0000;0,0000;0;0;0;0
20260614_0639;Generalização_200;classification;AdaptiveRandomForest;Default_FullFeatures;classifier;classifier;classifier;N/A;N/A;N/A;2000;100;131;15000;0,0000;0,0000;0,0000;0,0000;0,0000;0,0000;0;0;0;0
20260614_0639;Generalização_200;classification;AdaptiveRandomForest;Default_FullFeatures;classifier;classifier;classifier;N/A;N/A;N/A;2000;100;132;15100;0,0000;0,0000;0,0000;0,0000;0,0000;0,0000;0;0;0;0
20260614_0639;Generalização_200;classification;AdaptiveRandomForest;Default_FullFeatures;classifier;classifier;classifier;N/A;N/A;N/A;2000;100;133;15200;0,0000;0,0000;0,0000;0,0000;0,0000;0,0000;0;0;0;0
20260614_0639;Generalização_200;classification;AdaptiveRandomForest;Default_FullFeatures;classifier;classifier;classifier;N/A;N/A;N/A;2000;100;134;15300;0,0000;0,0000;0,0000;0,0000;0,0000;0,0000;0;0;0;0
20260614_0639;Generalização_200;classification;AdaptiveRandomForest;Default_FullFeatures;classifier;classifier;classifier;N/A;N/A;N/A;2000;100;135;15400;0,0000;0,0000;0,0000;0,0000;0,0000;0,0000;0;0;0;0
20260614_0639;Generalização_200;classification;AdaptiveRandomForest;Default_FullFeatures;classifier;classifier;classifier;N/A;N/A;N/A;2000;100;136;15500;0,0000;0,0000;0,0000;0,0000;0,0000;0,0000;0;0;0;0
20260614_0639;Generalização_1000;classification;AdaptiveRandomForest;Default_FullFeatures;classifier;classifier;classifier;N/A;N/A;N/A;2000;100;1;2000;0,0000;0,0000;0,0000;0,0000;0,0000;0,0000;0;0;0;0
20260614_0639;Generalização_1000;classification;AdaptiveRandomForest;Default_FullFeatures;classifier;classifier;classifier;N/A;N/A;N/A;2000;100;2;2100;0,0000;0,0000;0,0000;0,0000;0,0000;0,0000;0;0;0;0
20260614_0639;Generalização_1000;classification;AdaptiveRandomForest;Default_FullFeatures;classifier;classifier;classifier;N/A;N/A;N/A;2000;100;3;2200;0,0000;0,0000;0,0000;0,0000;0,0000;0,0000;0;0;0;0
20260614_0639;Generalização_1000;classification;AdaptiveRandomForest;Default_FullFeatures;classifier;classifier;classifier;N/A;N/A;N/A;2000;100;4;2300;0,0000;0,0000;0,0000;0,0000;0,0000;0,0000;0;0;0;0
20260614_0639;Generalização_1000;classification;AdaptiveRandomForest;Default_FullFeatures;classifier;classifier;classifier;N/A;N/A;N/A;2000;100;5;2400;0,0000;0,0000;0,0000;0,0000;0,0000;0,0000;0;0;0;0
20260614_0639;Generalização_1000;classification;AdaptiveRandomForest;Default_FullFeatures;classifier;classifier;classifier;N/A;N/A;N/A;2000;100;6;2500;0,0000;0,0000;0,0000;0,0000;0,0000;0,0000;0;0;0;0
20260614_0639;Generalização_1000;classification;AdaptiveRandomForest;Default_FullFeatures;classifier;classifier;classifier;N/A;N/A;N/A;2000;100;7;2600;0,0000;0,0000;0,0000;0,0000;0,0000;0,0000;0;0;0;0
20260614_0639;Generalização_1000;classification;AdaptiveRandomForest;Default_FullFeatures;classifier;classifier;classifier;N/A;N/A;N/A;2000;100;8;2700;0,0000;0,0000;0,0000;0,0000;0,0000;0,0000;0;0;0;0
20260614_0639;Generalização_1000;classification;AdaptiveRandomForest;Default_FullFeatures;classifier;classifier;classifier;N/A;N/A;N/A;2000;100;9;2800;0,0000;0,0000;0,0000;0,0000;0,0000;0,0000;0;0;0;0
20260614_0639;Generalização_1000;classification;AdaptiveRandomForest;Default_FullFeatures;classifier;classifier;classifier;N/A;N/A;N/A;2000;100;10;2900;0,0000;0,0000;0,0000;0,0000;0,0000;0,0000;0;0;0;0
20260614_0639;Generalização_1000;classification;AdaptiveRandomForest;Default_FullFeatures;classifier;classifier;classifier;N/A;N/A;N/A;2000;100;11;3000;0,0000;0,0000;0,0000;0,0000;0,0000;0,0000;0;0;0;0
20260614_0639;Generalização_1000;classification;AdaptiveRandomForest;Default_FullFeatures;classifier;classifier;classifier;N/A;N/A;N/A;2000;100;12;3100;0,0000;0,0000;0,0000;0,0000;0,0000;0,0000;0;0;0;0
20260614_0639;Generalização_1000;classification;AdaptiveRandomForest;Default_FullFeatures;classifier;classifier;classifier;N/A;N/A;N/A;2000;100;13;3200;0,0000;0,0000;0,0000;0,0000;0,0000;0,0000;0;0;0;0
20260614_0639;Generalização_1000;classification;AdaptiveRandomForest;Default_FullFeatures;classifier;classifier;classifier;N/A;N/A;N/A;2000;100;14;3300;0,0000;0,0000;0,0000;0,0000;0,0000;0,0000;0;0;0;0
20260614_0639;Generalização_1000;classification;AdaptiveRandomForest;Default_FullFeatures;classifier;classifier;classifier;N/A;N/A;N/A;2000;100;15;3400;0,0000;0,0000;0,0000;0,0000;0,0000;0,0000;0;0;0;0
20260614_0639;Generalização_1000;classification;AdaptiveRandomForest;Default_FullFeatures;classifier;classifier;classifier;N/A;N/A;N/A;2000;100;16;3500;0,0000;0,0000;0,0000;0,0000;0,0000;0,0000;0;0;0;0
20260614_0639;Generalização_1000;classification;AdaptiveRandomForest;Default_FullFeatures;classifier;classifier;classifier;N/A;N/A;N/A;2000;100;17;3600;0,0000;0,0000;0,0000;0,0000;0,0000;0,0000;0;0;0;0
20260614_0639;Generalização_1000;classification;AdaptiveRandomForest;Default_FullFeatures;classifier;classifier;classifier;N/A;N/A;N/A;2000;100;18;3700;0,0000;0,0000;0,0000;0,0000;0,0000;0,0000;0;0;0;0
20260614_0639;Generalização_1000;classification;AdaptiveRandomForest;Default_FullFeatures;classifier;classifier;classifier;N/A;N/A;N/A;2000;100;19;3800;95,7447;0,0000;100,0000;0,0000;91,8367;0,0000;0;0;4;0
20260614_0639;Generalização_1000;classification;AdaptiveRandomForest;Default_FullFeatures;classifier;classifier;classifier;N/A;N/A;N/A;2000;100;20;3900;95,8744;0,2336;93,1625;0,4426;98,7500;0,0000;6;1;1;0
20260614_0639;Generalização_1000;classification;AdaptiveRandomForest;Default_FullFeatures;classifier;classifier;classifier;N/A;N/A;N/A;2000;100;21;4000;100,0000;0,0000;100,0000;0,0000;100,0000;0,0000;0;0;0;0
20260614_0639;Generalização_1000;classification;AdaptiveRandomForest;Default_FullFeatures;classifier;classifier;classifier;N/A;N/A;N/A;2000;100;22;4100;98,4615;0,0000;96,9697;0,0000;100,0000;0,0000;3;0;0;0
20260614_0639;Generalização_1000;classification;AdaptiveRandomForest;Default_FullFeatures;classifier;classifier;classifier;N/A;N/A;N/A;2000;100;23;4200;98,8863;0,3820;98,9878;0,0076;98,7879;0,7559;1;0;2;1
20260614_0639;Generalização_1000;classification;AdaptiveRandomForest;Default_FullFeatures;classifier;classifier;classifier;N/A;N/A;N/A;2000;100;24;4300;93,7774;0,3492;89,7557;0,5856;98,1818;0,6061;8;1;2;1
20260614_0639;Generalização_1000;classification;AdaptiveRandomForest;Default_FullFeatures;classifier;classifier;classifier;N/A;N/A;N/A;2000;100;25;4400;90,1010;0,9897;93,5065;2,1208;86,9565;0,0000;2;1;3;0
20260614_0639;Generalização_1000;classification;AdaptiveRandomForest;Default_FullFeatures;classifier;classifier;classifier;N/A;N/A;N/A;2000;100;26;4500;92,3077;0,0000;100,0000;0,0000;85,7143;0,0000;0;0;2;0
20260614_0639;Generalização_1000;classification;AdaptiveRandomForest;Default_FullFeatures;classifier;classifier;classifier;N/A;N/A;N/A;2000;100;27;4600;98,8095;0,0000;100,0000;0,0000;97,6471;0,0000;0;0;2;0
20260614_0639;Generalização_1000;classification;AdaptiveRandomForest;Default_FullFeatures;classifier;classifier;classifier;N/A;N/A;N/A;2000;100;28;4700;87,0805;2,5408;78,0882;2,6368;98,4615;3,0769;4;1;1;1
20260614_0639;Generalização_1000;classification;AdaptiveRandomForest;Default_FullFeatures;classifier;classifier;classifier;N/A;N/A;N/A;2000;100;29;4800;100,0000;0,0000;100,0000;0,0000;100,0000;0,0000;0;0;0;0
20260614_0639;Generalização_1000;classification;AdaptiveRandomForest;Default_FullFeatures;classifier;classifier;classifier;N/A;N/A;N/A;2000;100;30;4900;0,0000;0,0000;0,0000;0,0000;0,0000;0,0000;0;0;0;0
20260614_0639;Generalização_1000;classification;AdaptiveRandomForest;Default_FullFeatures;classifier;classifier;classifier;N/A;N/A;N/A;2000;100;31;5000;0,0000;0,0000;0,0000;0,0000;0,0000;0,0000;2;1;0;0
20260614_0639;Generalização_1000;classification;AdaptiveRandomForest;Default_FullFeatures;classifier;classifier;classifier;N/A;N/A;N/A;2000;100;32;5100;0,0000;0,0000;0,0000;0,0000;0,0000;0,0000;0;0;0;0
20260614_0639;Generalização_1000;classification;AdaptiveRandomForest;Default_FullFeatures;classifier;classifier;classifier;N/A;N/A;N/A;2000;100;33;5200;0,0000;0,0000;0,0000;0,0000;0,0000;0,0000;0;0;0;0
20260614_0639;Generalização_1000;classification;AdaptiveRandomForest;Default_FullFeatures;classifier;classifier;classifier;N/A;N/A;N/A;2000;100;34;5300;0,0000;0,0000;0,0000;0,0000;0,0000;0,0000;0;0;0;0
20260614_0639;Generalização_1000;classification;AdaptiveRandomForest;Default_FullFeatures;classifier;classifier;classifier;N/A;N/A;N/A;2000;100;35;5400;0,0000;0,0000;0,0000;0,0000;0,0000;0,0000;0;0;0;0
20260614_0639;Generalização_1000;classification;AdaptiveRandomForest;Default_FullFeatures;classifier;classifier;classifier;N/A;N/A;N/A;2000;100;36;5500;0,0000;0,0000;0,0000;0,0000;0,0000;0,0000;0;0;0;0
20260614_0639;Generalização_1000;classification;AdaptiveRandomForest;Default_FullFeatures;classifier;classifier;classifier;N/A;N/A;N/A;2000;100;37;5600;0,0000;0,0000;0,0000;0,0000;0,0000;0,0000;4;1;0;0
20260614_0639;Generalização_1000;classification;AdaptiveRandomForest;Default_FullFeatures;classifier;classifier;classifier;N/A;N/A;N/A;2000;100;38;5700;0,0000;0,0000;0,0000;0,0000;0,0000;0,0000;1;0;0;0
20260614_0639;Generalização_1000;classification;AdaptiveRandomForest;Default_FullFeatures;classifier;classifier;classifier;N/A;N/A;N/A;2000;100;39;5800;0,0000;0,0000;0,0000;0,0000;0,0000;0,0000;0;0;0;0
20260614_0639;Generalização_1000;classification;AdaptiveRandomForest;Default_FullFeatures;classifier;classifier;classifier;N/A;N/A;N/A;2000;100;40;5900;0,0000;0,0000;0,0000;0,0000;0,0000;0,0000;0;0;0;0
20260614_0639;Generalização_1000;classification;AdaptiveRandomForest;Default_FullFeatures;classifier;classifier;classifier;N/A;N/A;N/A;2000;100;41;6000;0,0000;0,0000;0,0000;0,0000;0,0000;0,0000;0;0;0;0
20260614_0639;Generalização_1000;classification;AdaptiveRandomForest;Default_FullFeatures;classifier;classifier;classifier;N/A;N/A;N/A;2000;100;42;6100;0,0000;0,0000;0,0000;0,0000;0,0000;0,0000;0;0;0;0
20260614_0639;Generalização_1000;classification;AdaptiveRandomForest;Default_FullFeatures;classifier;classifier;classifier;N/A;N/A;N/A;2000;100;43;6200;0,0000;0,0000;0,0000;0,0000;0,0000;0,0000;0;0;0;0
20260614_0639;Generalização_1000;classification;AdaptiveRandomForest;Default_FullFeatures;classifier;classifier;classifier;N/A;N/A;N/A;2000;100;44;6300;0,0000;0,0000;0,0000;0,0000;0,0000;0,0000;0;0;0;0
20260614_0639;Generalização_1000;classification;AdaptiveRandomForest;Default_FullFeatures;classifier;classifier;classifier;N/A;N/A;N/A;2000;100;45;6400;0,0000;0,0000;0,0000;0,0000;0,0000;0,0000;0;0;0;0
20260614_0639;Generalização_1000;classification;AdaptiveRandomForest;Default_FullFeatures;classifier;classifier;classifier;N/A;N/A;N/A;2000;100;46;6500;0,0000;0,0000;0,0000;0,0000;0,0000;0,0000;0;0;0;0
20260614_0639;Generalização_1000;classification;AdaptiveRandomForest;Default_FullFeatures;classifier;classifier;classifier;N/A;N/A;N/A;2000;100;47;6600;0,0000;0,0000;0,0000;0,0000;0,0000;0,0000;0;0;0;0
20260614_0639;Generalização_1000;classification;AdaptiveRandomForest;Default_FullFeatures;classifier;classifier;classifier;N/A;N/A;N/A;2000;100;48;6700;0,0000;0,0000;0,0000;0,0000;0,0000;0,0000;0;0;0;0
20260614_0639;Generalização_1000;classification;AdaptiveRandomForest;Default_FullFeatures;classifier;classifier;classifier;N/A;N/A;N/A;2000;100;49;6800;0,0000;0,0000;0,0000;0,0000;0,0000;0,0000;0;0;0;0
20260614_0639;Generalização_1000;classification;AdaptiveRandomForest;Default_FullFeatures;classifier;classifier;classifier;N/A;N/A;N/A;2000;100;50;6900;0,0000;0,0000;0,0000;0,0000;0,0000;0,0000;0;0;0;0
20260614_0639;Generalização_1000;classification;AdaptiveRandomForest;Default_FullFeatures;classifier;classifier;classifier;N/A;N/A;N/A;2000;100;51;7000;0,0000;0,0000;0,0000;0,0000;0,0000;0,0000;0;0;0;0
20260614_0639;Generalização_1000;classification;AdaptiveRandomForest;Default_FullFeatures;classifier;classifier;classifier;N/A;N/A;N/A;2000;100;52;7100;0,0000;0,0000;0,0000;0,0000;0,0000;0,0000;0;0;0;0
20260614_0639;Generalização_1000;classification;AdaptiveRandomForest;Default_FullFeatures;classifier;classifier;classifier;N/A;N/A;N/A;2000;100;53;7200;0,0000;0,0000;0,0000;0,0000;0,0000;0,0000;0;0;0;0
20260614_0639;Generalização_1000;classification;AdaptiveRandomForest;Default_FullFeatures;classifier;classifier;classifier;N/A;N/A;N/A;2000;100;54;7300;0,0000;0,0000;0,0000;0,0000;0,0000;0,0000;0;0;0;0
20260614_0639;Generalização_1000;classification;AdaptiveRandomForest;Default_FullFeatures;classifier;classifier;classifier;N/A;N/A;N/A;2000;100;55;7400;0,0000;0,0000;0,0000;0,0000;0,0000;0,0000;0;0;0;0
20260614_0639;Generalização_1000;classification;AdaptiveRandomForest;Default_FullFeatures;classifier;classifier;classifier;N/A;N/A;N/A;2000;100;56;7500;0,0000;0,0000;0,0000;0,0000;0,0000;0,0000;0;0;0;0
20260614_0639;Generalização_1000;classification;AdaptiveRandomForest;Default_FullFeatures;classifier;classifier;classifier;N/A;N/A;N/A;2000;100;57;7600;0,0000;0,0000;0,0000;0,0000;0,0000;0,0000;0;0;0;0
20260614_0639;Generalização_1000;classification;AdaptiveRandomForest;Default_FullFeatures;classifier;classifier;classifier;N/A;N/A;N/A;2000;100;58;7700;0,0000;0,0000;0,0000;0,0000;0,0000;0,0000;0;0;0;0
20260614_0639;Generalização_1000;classification;AdaptiveRandomForest;Default_FullFeatures;classifier;classifier;classifier;N/A;N/A;N/A;2000;100;59;7800;0,0000;0,0000;0,0000;0,0000;0,0000;0,0000;0;0;0;0
20260614_0639;Generalização_1000;classification;AdaptiveRandomForest;Default_FullFeatures;classifier;classifier;classifier;N/A;N/A;N/A;2000;100;60;7900;0,0000;0,0000;0,0000;0,0000;0,0000;0,0000;0;0;0;0
20260614_0639;Generalização_1000;classification;AdaptiveRandomForest;Default_FullFeatures;classifier;classifier;classifier;N/A;N/A;N/A;2000;100;61;8000;0,0000;0,0000;0,0000;0,0000;0,0000;0,0000;0;0;0;0
20260614_0639;Generalização_1000;classification;AdaptiveRandomForest;Default_FullFeatures;classifier;classifier;classifier;N/A;N/A;N/A;2000;100;62;8100;0,0000;0,0000;0,0000;0,0000;0,0000;0,0000;0;0;0;0
20260614_0639;Generalização_1000;classification;AdaptiveRandomForest;Default_FullFeatures;classifier;classifier;classifier;N/A;N/A;N/A;2000;100;63;8200;0,0000;0,0000;0,0000;0,0000;0,0000;0,0000;0;0;0;0
20260614_0639;Generalização_1000;classification;AdaptiveRandomForest;Default_FullFeatures;classifier;classifier;classifier;N/A;N/A;N/A;2000;100;64;8300;0,0000;0,0000;0,0000;0,0000;0,0000;0,0000;0;0;0;0
20260614_0639;Generalização_1000;classification;AdaptiveRandomForest;Default_FullFeatures;classifier;classifier;classifier;N/A;N/A;N/A;2000;100;65;8400;0,0000;0,0000;0,0000;0,0000;0,0000;0,0000;0;0;0;0
20260614_0639;Generalização_1000;classification;AdaptiveRandomForest;Default_FullFeatures;classifier;classifier;classifier;N/A;N/A;N/A;2000;100;66;8500;0,0000;0,0000;0,0000;0,0000;0,0000;0,0000;0;0;1;0
20260614_0639;Generalização_1000;classification;AdaptiveRandomForest;Default_FullFeatures;classifier;classifier;classifier;N/A;N/A;N/A;2000;100;67;8600;98,5797;0,2051;100,0000;0,0000;97,2000;0,4000;0;0;3;1
20260614_0639;Generalização_1000;classification;AdaptiveRandomForest;Default_FullFeatures;classifier;classifier;classifier;N/A;N/A;N/A;2000;100;68;8700;100,0000;0,0000;100,0000;0,0000;100,0000;0,0000;0;0;0;0
20260614_0639;Generalização_1000;classification;AdaptiveRandomForest;Default_FullFeatures;classifier;classifier;classifier;N/A;N/A;N/A;2000;100;69;8800;100,0000;0,0000;100,0000;0,0000;100,0000;0,0000;0;0;0;0
20260614_0639;Generalização_1000;classification;AdaptiveRandomForest;Default_FullFeatures;classifier;classifier;classifier;N/A;N/A;N/A;2000;100;70;8900;100,0000;0,0000;100,0000;0,0000;100,0000;0,0000;0;0;0;0
20260614_0639;Generalização_1000;classification;AdaptiveRandomForest;Default_FullFeatures;classifier;classifier;classifier;N/A;N/A;N/A;2000;100;71;9000;100,0000;0,0000;100,0000;0,0000;100,0000;0,0000;0;0;0;0
20260614_0639;Generalização_1000;classification;AdaptiveRandomForest;Default_FullFeatures;classifier;classifier;classifier;N/A;N/A;N/A;2000;100;72;9100;100,0000;0,0000;100,0000;0,0000;100,0000;0,0000;0;0;0;0
20260614_0639;Generalização_1000;classification;AdaptiveRandomForest;Default_FullFeatures;classifier;classifier;classifier;N/A;N/A;N/A;2000;100;73;9200;100,0000;0,0000;100,0000;0,0000;100,0000;0,0000;0;0;0;0
20260614_0639;Generalização_1000;classification;AdaptiveRandomForest;Default_FullFeatures;classifier;classifier;classifier;N/A;N/A;N/A;2000;100;74;9300;100,0000;0,0000;100,0000;0,0000;100,0000;0,0000;0;0;0;0
20260614_0639;Generalização_1000;classification;AdaptiveRandomForest;Default_FullFeatures;classifier;classifier;classifier;N/A;N/A;N/A;2000;100;75;9400;100,0000;0,0000;100,0000;0,0000;100,0000;0,0000;0;0;0;0
20260614_0639;Generalização_1000;classification;AdaptiveRandomForest;Default_FullFeatures;classifier;classifier;classifier;N/A;N/A;N/A;2000;100;76;9500;100,0000;0,0000;100,0000;0,0000;100,0000;0,0000;0;0;0;0
20260614_0639;Generalização_1000;classification;AdaptiveRandomForest;Default_FullFeatures;classifier;classifier;classifier;N/A;N/A;N/A;2000;100;77;9600;0,0000;0,0000;0,0000;0,0000;0,0000;0,0000;0;0;0;0
20260614_0639;Generalização_1000;classification;AdaptiveRandomForest;Default_FullFeatures;classifier;classifier;classifier;N/A;N/A;N/A;2000;100;78;9700;0,0000;0,0000;0,0000;0,0000;0,0000;0,0000;0;0;0;0
20260614_0639;Generalização_1000;classification;AdaptiveRandomForest;Default_FullFeatures;classifier;classifier;classifier;N/A;N/A;N/A;2000;100;79;9800;0,0000;0,0000;0,0000;0,0000;0,0000;0,0000;0;0;0;0
20260614_0639;Generalização_1000;classification;AdaptiveRandomForest;Default_FullFeatures;classifier;classifier;classifier;N/A;N/A;N/A;2000;100;80;9900;0,0000;0,0000;0,0000;0,0000;0,0000;0,0000;0;0;0;0
20260614_0639;Generalização_1000;classification;AdaptiveRandomForest;Default_FullFeatures;classifier;classifier;classifier;N/A;N/A;N/A;2000;100;81;10000;0,0000;0,0000;0,0000;0,0000;0,0000;0,0000;0;0;0;0
20260614_0639;Generalização_1000;classification;AdaptiveRandomForest;Default_FullFeatures;classifier;classifier;classifier;N/A;N/A;N/A;2000;100;82;10100;0,0000;0,0000;0,0000;0,0000;0,0000;0,0000;0;0;0;0
20260614_0639;Generalização_1000;classification;AdaptiveRandomForest;Default_FullFeatures;classifier;classifier;classifier;N/A;N/A;N/A;2000;100;83;10200;0,0000;0,0000;0,0000;0,0000;0,0000;0,0000;0;0;0;0
20260614_0639;Generalização_1000;classification;AdaptiveRandomForest;Default_FullFeatures;classifier;classifier;classifier;N/A;N/A;N/A;2000;100;84;10300;0,0000;0,0000;0,0000;0,0000;0,0000;0,0000;0;0;0;0
20260614_0639;Generalização_1000;classification;AdaptiveRandomForest;Default_FullFeatures;classifier;classifier;classifier;N/A;N/A;N/A;2000;100;85;10400;0,0000;0,0000;0,0000;0,0000;0,0000;0,0000;0;0;0;0
20260614_0639;Generalização_1000;classification;AdaptiveRandomForest;Default_FullFeatures;classifier;classifier;classifier;N/A;N/A;N/A;2000;100;86;10500;0,0000;0,0000;0,0000;0,0000;0,0000;0,0000;0;0;0;0
20260614_0639;Generalização_1000;classification;AdaptiveRandomForest;Default_FullFeatures;classifier;classifier;classifier;N/A;N/A;N/A;2000;100;87;10600;0,0000;0,0000;0,0000;0,0000;0,0000;0,0000;0;0;0;0
20260614_0639;Generalização_1000;classification;AdaptiveRandomForest;Default_FullFeatures;classifier;classifier;classifier;N/A;N/A;N/A;2000;100;88;10700;0,0000;0,0000;0,0000;0,0000;0,0000;0,0000;0;0;0;0
20260614_0639;Generalização_1000;classification;AdaptiveRandomForest;Default_FullFeatures;classifier;classifier;classifier;N/A;N/A;N/A;2000;100;89;10800;0,0000;0,0000;0,0000;0,0000;0,0000;0,0000;0;0;0;0
20260614_0639;Generalização_1000;classification;AdaptiveRandomForest;Default_FullFeatures;classifier;classifier;classifier;N/A;N/A;N/A;2000;100;90;10900;0,0000;0,0000;0,0000;0,0000;0,0000;0,0000;0;0;0;0
20260614_0639;Generalização_1000;classification;AdaptiveRandomForest;Default_FullFeatures;classifier;classifier;classifier;N/A;N/A;N/A;2000;100;91;11000;0,0000;0,0000;0,0000;0,0000;0,0000;0,0000;0;0;0;0
20260614_0639;Generalização_1000;classification;AdaptiveRandomForest;Default_FullFeatures;classifier;classifier;classifier;N/A;N/A;N/A;2000;100;92;11100;0,0000;0,0000;0,0000;0,0000;0,0000;0,0000;0;0;0;0
20260614_0639;Generalização_1000;classification;AdaptiveRandomForest;Default_FullFeatures;classifier;classifier;classifier;N/A;N/A;N/A;2000;100;93;11200;0,0000;0,0000;0,0000;0,0000;0,0000;0,0000;0;0;0;0
20260614_0639;Generalização_1000;classification;AdaptiveRandomForest;Default_FullFeatures;classifier;classifier;classifier;N/A;N/A;N/A;2000;100;94;11300;0,0000;0,0000;0,0000;0,0000;0,0000;0,0000;0;0;0;0
20260614_0639;Generalização_1000;classification;AdaptiveRandomForest;Default_FullFeatures;classifier;classifier;classifier;N/A;N/A;N/A;2000;100;95;11400;0,0000;0,0000;0,0000;0,0000;0,0000;0,0000;0;0;0;0
20260614_0639;Generalização_1000;classification;AdaptiveRandomForest;Default_FullFeatures;classifier;classifier;classifier;N/A;N/A;N/A;2000;100;96;11500;0,0000;0,0000;0,0000;0,0000;0,0000;0,0000;0;0;0;0
20260614_0639;Generalização_1000;classification;AdaptiveRandomForest;Default_FullFeatures;classifier;classifier;classifier;N/A;N/A;N/A;2000;100;97;11600;0,0000;0,0000;0,0000;0,0000;0,0000;0,0000;0;0;0;0
20260614_0639;Generalização_1000;classification;AdaptiveRandomForest;Default_FullFeatures;classifier;classifier;classifier;N/A;N/A;N/A;2000;100;98;11700;0,0000;0,0000;0,0000;0,0000;0,0000;0,0000;0;0;0;0
20260614_0639;Generalização_1000;classification;AdaptiveRandomForest;Default_FullFeatures;classifier;classifier;classifier;N/A;N/A;N/A;2000;100;99;11800;0,0000;0,0000;0,0000;0,0000;0,0000;0,0000;0;0;0;0
20260614_0639;Generalização_1000;classification;AdaptiveRandomForest;Default_FullFeatures;classifier;classifier;classifier;N/A;N/A;N/A;2000;100;100;11900;0,0000;0,0000;0,0000;0,0000;0,0000;0,0000;0;0;0;0
20260614_0639;Generalização_1000;classification;AdaptiveRandomForest;Default_FullFeatures;classifier;classifier;classifier;N/A;N/A;N/A;2000;100;101;12000;0,0000;0,0000;0,0000;0,0000;0,0000;0,0000;0;0;0;0
20260614_0639;Generalização_1000;classification;AdaptiveRandomForest;Default_FullFeatures;classifier;classifier;classifier;N/A;N/A;N/A;2000;100;102;12100;0,0000;0,0000;0,0000;0,0000;0,0000;0,0000;0;0;0;0
20260614_0639;Generalização_1000;classification;AdaptiveRandomForest;Default_FullFeatures;classifier;classifier;classifier;N/A;N/A;N/A;2000;100;103;12200;0,0000;0,0000;0,0000;0,0000;0,0000;0,0000;0;0;0;0
20260614_0639;Generalização_1000;classification;AdaptiveRandomForest;Default_FullFeatures;classifier;classifier;classifier;N/A;N/A;N/A;2000;100;104;12300;0,0000;0,0000;0,0000;0,0000;0,0000;0,0000;0;0;0;0
20260614_0639;Generalização_1000;classification;AdaptiveRandomForest;Default_FullFeatures;classifier;classifier;classifier;N/A;N/A;N/A;2000;100;105;12400;0,0000;0,0000;0,0000;0,0000;0,0000;0,0000;0;0;0;0
20260614_0639;Generalização_1000;classification;AdaptiveRandomForest;Default_FullFeatures;classifier;classifier;classifier;N/A;N/A;N/A;2000;100;106;12500;0,0000;0,0000;0,0000;0,0000;0,0000;0,0000;0;0;0;0
20260614_0639;Generalização_1000;classification;AdaptiveRandomForest;Default_FullFeatures;classifier;classifier;classifier;N/A;N/A;N/A;2000;100;107;12600;0,0000;0,0000;0,0000;0,0000;0,0000;0,0000;0;0;0;0
20260614_0639;Generalização_1000;classification;AdaptiveRandomForest;Default_FullFeatures;classifier;classifier;classifier;N/A;N/A;N/A;2000;100;108;12700;0,0000;0,0000;0,0000;0,0000;0,0000;0,0000;0;0;0;0
20260614_0639;Generalização_1000;classification;AdaptiveRandomForest;Default_FullFeatures;classifier;classifier;classifier;N/A;N/A;N/A;2000;100;109;12800;0,0000;0,0000;0,0000;0,0000;0,0000;0,0000;0;0;0;0
20260614_0639;Generalização_1000;classification;AdaptiveRandomForest;Default_FullFeatures;classifier;classifier;classifier;N/A;N/A;N/A;2000;100;110;12900;0,0000;0,0000;0,0000;0,0000;0,0000;0,0000;0;0;0;0
20260614_0639;Generalização_1000;classification;AdaptiveRandomForest;Default_FullFeatures;classifier;classifier;classifier;N/A;N/A;N/A;2000;100;111;13000;0,0000;0,0000;0,0000;0,0000;0,0000;0,0000;0;0;0;0
20260614_0639;Generalização_1000;classification;AdaptiveRandomForest;Default_FullFeatures;classifier;classifier;classifier;N/A;N/A;N/A;2000;100;112;13100;0,0000;0,0000;0,0000;0,0000;0,0000;0,0000;0;0;0;0
20260614_0639;Generalização_1000;classification;AdaptiveRandomForest;Default_FullFeatures;classifier;classifier;classifier;N/A;N/A;N/A;2000;100;113;13200;0,0000;0,0000;0,0000;0,0000;0,0000;0,0000;0;0;0;0
20260614_0639;Generalização_1000;classification;AdaptiveRandomForest;Default_FullFeatures;classifier;classifier;classifier;N/A;N/A;N/A;2000;100;114;13300;97,1524;0,5501;100,0000;0,0000;94,4681;1,0423;0;0;3;1
20260614_0639;Generalização_1000;classification;AdaptiveRandomForest;Default_FullFeatures;classifier;classifier;classifier;N/A;N/A;N/A;2000;100;115;13400;97,4077;0,2209;100,0000;0,0000;94,9474;0,4211;0;0;5;1
20260614_0639;Generalização_1000;classification;AdaptiveRandomForest;Default_FullFeatures;classifier;classifier;classifier;N/A;N/A;N/A;2000;100;116;13500;97,7402;0,3997;95,7848;0,6381;99,7802;0,4396;4;1;1;1
20260614_0639;Generalização_1000;classification;AdaptiveRandomForest;Default_FullFeatures;classifier;classifier;classifier;N/A;N/A;N/A;2000;100;117;13600;97,4815;0,5926;96,7647;0,5882;98,2090;0,5970;3;1;2;1
20260614_0639;Generalização_1000;classification;AdaptiveRandomForest;Default_FullFeatures;classifier;classifier;classifier;N/A;N/A;N/A;2000;100;118;13700;99,3571;0,2162;98,9339;0,0046;99,7849;0,4301;1;0;1;1
20260614_0639;Generalização_1000;classification;AdaptiveRandomForest;Default_FullFeatures;classifier;classifier;classifier;N/A;N/A;N/A;2000;100;119;13800;99,3960;0,2030;98,9980;0,0040;99,7980;0,4040;1;0;1;1
20260614_0639;Generalização_1000;classification;AdaptiveRandomForest;Default_FullFeatures;classifier;classifier;classifier;N/A;N/A;N/A;2000;100;120;13900;98,8717;0,5972;99,3878;0,8163;98,3673;0,8163;1;1;2;1
20260614_0639;Generalização_1000;classification;AdaptiveRandomForest;Default_FullFeatures;classifier;classifier;classifier;N/A;N/A;N/A;2000;100;121;14000;99,4924;0,0000;100,0000;0,0000;98,9899;0,0000;0;0;1;0
20260614_0639;Generalização_1000;classification;AdaptiveRandomForest;Default_FullFeatures;classifier;classifier;classifier;N/A;N/A;N/A;2000;100;122;14100;99,7970;0,2487;100,0000;0,0000;99,5960;0,4948;0;0;1;1
20260614_0639;Generalização_1000;classification;AdaptiveRandomForest;Default_FullFeatures;classifier;classifier;classifier;N/A;N/A;N/A;2000;100;123;14200;99,6923;0,2512;100,0000;0,0000;99,3878;0,4999;0;0;1;1
20260614_0639;Generalização_1000;classification;AdaptiveRandomForest;Default_FullFeatures;classifier;classifier;classifier;N/A;N/A;N/A;2000;100;124;14300;96,4589;0,4660;93,1640;0,8710;100,0000;0,0000;4;1;0;0
20260614_0639;Generalização_1000;classification;AdaptiveRandomForest;Default_FullFeatures;classifier;classifier;classifier;N/A;N/A;N/A;2000;100;125;14400;0,0000;0,0000;0,0000;0,0000;0,0000;0,0000;3;1;0;0
20260614_0639;Generalização_1000;classification;AdaptiveRandomForest;Default_FullFeatures;classifier;classifier;classifier;N/A;N/A;N/A;2000;100;126;14500;0,0000;0,0000;0,0000;0,0000;0,0000;0,0000;1;0;0;0
20260614_0639;Generalização_1000;classification;AdaptiveRandomForest;Default_FullFeatures;classifier;classifier;classifier;N/A;N/A;N/A;2000;100;127;14600;0,0000;0,0000;0,0000;0,0000;0,0000;0,0000;0;0;0;0
20260614_0639;Generalização_1000;classification;AdaptiveRandomForest;Default_FullFeatures;classifier;classifier;classifier;N/A;N/A;N/A;2000;100;128;14700;0,0000;0,0000;0,0000;0,0000;0,0000;0,0000;1;0;0;0
20260614_0639;Generalização_1000;classification;AdaptiveRandomForest;Default_FullFeatures;classifier;classifier;classifier;N/A;N/A;N/A;2000;100;129;14800;0,0000;0,0000;0,0000;0,0000;0,0000;0,0000;0;0;0;0
20260614_0639;Generalização_1000;classification;AdaptiveRandomForest;Default_FullFeatures;classifier;classifier;classifier;N/A;N/A;N/A;2000;100;130;14900;0,0000;0,0000;0,0000;0,0000;0,0000;0,0000;1;1;0;0
20260614_0639;Generalização_1000;classification;AdaptiveRandomForest;Default_FullFeatures;classifier;classifier;classifier;N/A;N/A;N/A;2000;100;131;15000;0,0000;0,0000;0,0000;0,0000;0,0000;0,0000;0;0;0;0
20260614_0639;Generalização_1000;classification;AdaptiveRandomForest;Default_FullFeatures;classifier;classifier;classifier;N/A;N/A;N/A;2000;100;132;15100;0,0000;0,0000;0,0000;0,0000;0,0000;0,0000;0;0;0;0
20260614_0639;Generalização_1000;classification;AdaptiveRandomForest;Default_FullFeatures;classifier;classifier;classifier;N/A;N/A;N/A;2000;100;133;15200;0,0000;0,0000;0,0000;0,0000;0,0000;0,0000;0;0;0;0
20260614_0639;Generalização_1000;classification;AdaptiveRandomForest;Default_FullFeatures;classifier;classifier;classifier;N/A;N/A;N/A;2000;100;134;15300;0,0000;0,0000;0,0000;0,0000;0,0000;0,0000;0;0;0;0
20260614_0639;Generalização_1000;classification;AdaptiveRandomForest;Default_FullFeatures;classifier;classifier;classifier;N/A;N/A;N/A;2000;100;135;15400;0,0000;0,0000;0,0000;0,0000;0,0000;0,0000;0;0;0;0
20260614_0639;Generalização_1000;classification;AdaptiveRandomForest;Default_FullFeatures;classifier;classifier;classifier;N/A;N/A;N/A;2000;100;136;15500;0,0000;0,0000;0,0000;0,0000;0,0000;0,0000;0;0;0;0
20260614_0639;Generalização_1000;classification;AdaptiveRandomForest;Default_FullFeatures;classifier;classifier;classifier;N/A;N/A;N/A;2000;100;137;15600;0,0000;0,0000;0,0000;0,0000;0,0000;0,0000;0;0;0;0
20260614_0639;Generalização_1000;classification;AdaptiveRandomForest;Default_FullFeatures;classifier;classifier;classifier;N/A;N/A;N/A;2000;100;138;15700;0,0000;0,0000;0,0000;0,0000;0,0000;0,0000;0;0;0;0
20260614_0639;Generalização_1000;classification;AdaptiveRandomForest;Default_FullFeatures;classifier;classifier;classifier;N/A;N/A;N/A;2000;100;139;15800;0,0000;0,0000;0,0000;0,0000;0,0000;0,0000;0;0;0;0
20260614_0639;Generalização_1000;classification;AdaptiveRandomForest;Default_FullFeatures;classifier;classifier;classifier;N/A;N/A;N/A;2000;100;140;15900;0,0000;0,0000;0,0000;0,0000;0,0000;0,0000;0;0;0;0
20260614_0639;Generalização_1000;classification;AdaptiveRandomForest;Default_FullFeatures;classifier;classifier;classifier;N/A;N/A;N/A;2000;100;141;16000;0,0000;0,0000;0,0000;0,0000;0,0000;0,0000;0;0;0;0
20260614_0639;Generalização_1000;classification;AdaptiveRandomForest;Default_FullFeatures;classifier;classifier;classifier;N/A;N/A;N/A;2000;100;142;16100;0,0000;0,0000;0,0000;0,0000;0,0000;0,0000;0;0;0;0
20260614_0639;Generalização_1000;classification;AdaptiveRandomForest;Default_FullFeatures;classifier;classifier;classifier;N/A;N/A;N/A;2000;100;143;16200;0,0000;0,0000;0,0000;0,0000;0,0000;0,0000;0;0;0;0
20260614_0639;Generalização_1000;classification;AdaptiveRandomForest;Default_FullFeatures;classifier;classifier;classifier;N/A;N/A;N/A;2000;100;144;16300;0,0000;0,0000;0,0000;0,0000;0,0000;0,0000;0;0;0;0
20260614_0639;Generalização_1000;classification;AdaptiveRandomForest;Default_FullFeatures;classifier;classifier;classifier;N/A;N/A;N/A;2000;100;145;16400;0,0000;0,0000;0,0000;0,0000;0,0000;0,0000;0;0;0;0
20260614_0639;Generalização_1000;classification;AdaptiveRandomForest;Default_FullFeatures;classifier;classifier;classifier;N/A;N/A;N/A;2000;100;146;16500;0,0000;0,0000;0,0000;0,0000;0,0000;0,0000;0;0;0;0
20260614_0639;Generalização_1000;classification;AdaptiveRandomForest;Default_FullFeatures;classifier;classifier;classifier;N/A;N/A;N/A;2000;100;147;16600;0,0000;0,0000;0,0000;0,0000;0,0000;0,0000;0;0;0;0
20260614_0639;Generalização_1000;classification;AdaptiveRandomForest;Default_FullFeatures;classifier;classifier;classifier;N/A;N/A;N/A;2000;100;148;16700;0,0000;0,0000;0,0000;0,0000;0,0000;0,0000;0;0;0;0
20260614_0639;Generalização_1000;classification;AdaptiveRandomForest;Default_FullFeatures;classifier;classifier;classifier;N/A;N/A;N/A;2000;100;149;16800;0,0000;0,0000;0,0000;0,0000;0,0000;0,0000;0;0;0;0
20260614_0639;Generalização_1000;classification;AdaptiveRandomForest;Default_FullFeatures;classifier;classifier;classifier;N/A;N/A;N/A;2000;100;150;16900;0,0000;0,0000;0,0000;0,0000;0,0000;0,0000;0;0;0;0
20260614_0639;Generalização_1000;classification;AdaptiveRandomForest;Default_FullFeatures;classifier;classifier;classifier;N/A;N/A;N/A;2000;100;151;17000;0,0000;0,0000;0,0000;0,0000;0,0000;0,0000;0;0;0;0
20260614_0639;Generalização_1000;classification;AdaptiveRandomForest;Default_FullFeatures;classifier;classifier;classifier;N/A;N/A;N/A;2000;100;152;17100;0,0000;0,0000;0,0000;0,0000;0,0000;0,0000;0;0;0;0
20260614_0639;Generalização_1000;classification;AdaptiveRandomForest;Default_FullFeatures;classifier;classifier;classifier;N/A;N/A;N/A;2000;100;153;17200;0,0000;0,0000;0,0000;0,0000;0,0000;0,0000;0;0;0;0
20260614_0639;Generalização_1000;classification;AdaptiveRandomForest;Default_FullFeatures;classifier;classifier;classifier;N/A;N/A;N/A;2000;100;154;17300;0,0000;0,0000;0,0000;0,0000;0,0000;0,0000;0;0;0;0
20260614_0639;Generalização_1000;classification;AdaptiveRandomForest;Default_FullFeatures;classifier;classifier;classifier;N/A;N/A;N/A;2000;100;155;17400;0,0000;0,0000;0,0000;0,0000;0,0000;0,0000;0;0;0;0
20260614_0639;Generalização_1000;classification;AdaptiveRandomForest;Default_FullFeatures;classifier;classifier;classifier;N/A;N/A;N/A;2000;100;156;17500;0,0000;0,0000;0,0000;0,0000;0,0000;0,0000;0;0;0;0
20260614_0639;Generalização_1000;classification;AdaptiveRandomForest;Default_FullFeatures;classifier;classifier;classifier;N/A;N/A;N/A;2000;100;157;17600;0,0000;0,0000;0,0000;0,0000;0,0000;0,0000;0;0;0;0
20260614_0639;Generalização_1000;classification;AdaptiveRandomForest;Default_FullFeatures;classifier;classifier;classifier;N/A;N/A;N/A;2000;100;158;17700;0,0000;0,0000;0,0000;0,0000;0,0000;0,0000;0;0;0;0
20260614_0639;Generalização_1000;classification;AdaptiveRandomForest;Default_FullFeatures;classifier;classifier;classifier;N/A;N/A;N/A;2000;100;159;17800;0,0000;0,0000;0,0000;0,0000;0,0000;0,0000;0;0;0;0
20260614_0639;Generalização_1000;classification;AdaptiveRandomForest;Default_FullFeatures;classifier;classifier;classifier;N/A;N/A;N/A;2000;100;160;17900;0,0000;0,0000;0,0000;0,0000;0,0000;0,0000;0;0;0;0
20260614_0639;Adaptação_25;classification;AdaptiveRandomForest;Default_FullFeatures;classifier;classifier;classifier;N/A;N/A;N/A;2000;100;1;2000;0,0000;0,0000;0,0000;0,0000;0,0000;0,0000;0;0;0;0
20260614_0639;Adaptação_25;classification;AdaptiveRandomForest;Default_FullFeatures;classifier;classifier;classifier;N/A;N/A;N/A;2000;100;2;2100;0,0000;0,0000;0,0000;0,0000;0,0000;0,0000;0;0;0;0
20260614_0639;Adaptação_25;classification;AdaptiveRandomForest;Default_FullFeatures;classifier;classifier;classifier;N/A;N/A;N/A;2000;100;3;2200;0,0000;0,0000;0,0000;0,0000;0,0000;0,0000;0;0;0;0
20260614_0639;Adaptação_25;classification;AdaptiveRandomForest;Default_FullFeatures;classifier;classifier;classifier;N/A;N/A;N/A;2000;100;4;2300;0,0000;0,0000;0,0000;0,0000;0,0000;0,0000;0;0;0;0
20260614_0639;Adaptação_25;classification;AdaptiveRandomForest;Default_FullFeatures;classifier;classifier;classifier;N/A;N/A;N/A;2000;100;5;2400;0,0000;0,0000;0,0000;0,0000;0,0000;0,0000;0;0;0;0
20260614_0639;Adaptação_25;classification;AdaptiveRandomForest;Default_FullFeatures;classifier;classifier;classifier;N/A;N/A;N/A;2000;100;6;2500;0,0000;0,0000;0,0000;0,0000;0,0000;0,0000;0;0;0;0
20260614_0639;Adaptação_25;classification;AdaptiveRandomForest;Default_FullFeatures;classifier;classifier;classifier;N/A;N/A;N/A;2000;100;7;2600;0,0000;0,0000;0,0000;0,0000;0,0000;0,0000;0;0;0;0
20260614_0639;Adaptação_25;classification;AdaptiveRandomForest;Default_FullFeatures;classifier;classifier;classifier;N/A;N/A;N/A;2000;100;8;2700;0,0000;0,0000;0,0000;0,0000;0,0000;0,0000;0;0;0;0
20260614_0639;Adaptação_25;classification;AdaptiveRandomForest;Default_FullFeatures;classifier;classifier;classifier;N/A;N/A;N/A;2000;100;9;2800;0,0000;0,0000;0,0000;0,0000;0,0000;0,0000;0;0;0;0
20260614_0639;Adaptação_25;classification;AdaptiveRandomForest;Default_FullFeatures;classifier;classifier;classifier;N/A;N/A;N/A;2000;100;10;2900;0,0000;0,0000;0,0000;0,0000;0,0000;0,0000;0;0;0;0
20260614_0639;Adaptação_25;classification;AdaptiveRandomForest;Default_FullFeatures;classifier;classifier;classifier;N/A;N/A;N/A;2000;100;11;3000;0,0000;0,0000;0,0000;0,0000;0,0000;0,0000;0;0;0;0
20260614_0639;Adaptação_25;classification;AdaptiveRandomForest;Default_FullFeatures;classifier;classifier;classifier;N/A;N/A;N/A;2000;100;12;3100;0,0000;0,0000;0,0000;0,0000;0,0000;0,0000;0;0;0;0
20260614_0639;Adaptação_25;classification;AdaptiveRandomForest;Default_FullFeatures;classifier;classifier;classifier;N/A;N/A;N/A;2000;100;13;3200;0,0000;0,0000;0,0000;0,0000;0,0000;0,0000;0;0;0;0
20260614_0639;Adaptação_25;classification;AdaptiveRandomForest;Default_FullFeatures;classifier;classifier;classifier;N/A;N/A;N/A;2000;100;14;3300;0,0000;0,0000;0,0000;0,0000;0,0000;0,0000;0;0;0;0
20260614_0639;Adaptação_25;classification;AdaptiveRandomForest;Default_FullFeatures;classifier;classifier;classifier;N/A;N/A;N/A;2000;100;15;3400;0,0000;0,0000;0,0000;0,0000;0,0000;0,0000;0;0;0;0
20260614_0639;Adaptação_25;classification;AdaptiveRandomForest;Default_FullFeatures;classifier;classifier;classifier;N/A;N/A;N/A;2000;100;16;3500;0,0000;0,0000;0,0000;0,0000;0,0000;0,0000;0;0;0;0
20260614_0639;Adaptação_25;classification;AdaptiveRandomForest;Default_FullFeatures;classifier;classifier;classifier;N/A;N/A;N/A;2000;100;17;3600;0,0000;0,0000;0,0000;0,0000;0,0000;0,0000;0;0;0;0
20260614_0639;Adaptação_25;classification;AdaptiveRandomForest;Default_FullFeatures;classifier;classifier;classifier;N/A;N/A;N/A;2000;100;18;3700;0,0000;0,0000;0,0000;0,0000;0,0000;0,0000;0;0;0;0
20260614_0639;Adaptação_25;classification;AdaptiveRandomForest;Default_FullFeatures;classifier;classifier;classifier;N/A;N/A;N/A;2000;100;19;3800;85,7143;0,0000;87,5000;0,0000;84,0000;0,0000;3;0;4;0
20260614_0639;Adaptação_25;classification;AdaptiveRandomForest;Default_FullFeatures;classifier;classifier;classifier;N/A;N/A;N/A;2000;100;20;3900;0,0000;0,0000;0,0000;0,0000;0,0000;0,0000;2;1;0;0
20260614_0639;Adaptação_25;classification;AdaptiveRandomForest;Default_FullFeatures;classifier;classifier;classifier;N/A;N/A;N/A;2000;100;21;4000;0,0000;0,0000;0,0000;0,0000;0,0000;0,0000;1;1;0;0
20260614_0639;Adaptação_25;classification;AdaptiveRandomForest;Default_FullFeatures;classifier;classifier;classifier;N/A;N/A;N/A;2000;100;22;4100;0,0000;0,0000;0,0000;0,0000;0,0000;0,0000;0;0;0;0
20260614_0639;Adaptação_25;classification;AdaptiveRandomForest;Default_FullFeatures;classifier;classifier;classifier;N/A;N/A;N/A;2000;100;23;4200;0,0000;0,0000;0,0000;0,0000;0,0000;0,0000;0;0;0;0
20260614_0639;Adaptação_25;classification;AdaptiveRandomForest;Default_FullFeatures;classifier;classifier;classifier;N/A;N/A;N/A;2000;100;24;4300;0,0000;0,0000;0,0000;0,0000;0,0000;0,0000;0;0;0;0
20260614_0639;Adaptação_25;classification;AdaptiveRandomForest;Default_FullFeatures;classifier;classifier;classifier;N/A;N/A;N/A;2000;100;25;4400;0,0000;0,0000;0,0000;0,0000;0,0000;0,0000;0;0;0;0
20260614_0639;Adaptação_25;classification;AdaptiveRandomForest;Default_FullFeatures;classifier;classifier;classifier;N/A;N/A;N/A;2000;100;26;4500;0,0000;0,0000;0,0000;0,0000;0,0000;0,0000;0;0;0;0
20260614_0639;Adaptação_25;classification;AdaptiveRandomForest;Default_FullFeatures;classifier;classifier;classifier;N/A;N/A;N/A;2000;100;27;4600;0,0000;0,0000;0,0000;0,0000;0,0000;0,0000;2;0;0;0
20260614_0639;Adaptação_25;classification;AdaptiveRandomForest;Default_FullFeatures;classifier;classifier;classifier;N/A;N/A;N/A;2000;100;28;4700;0,0000;0,0000;0,0000;0,0000;0,0000;0,0000;0;0;0;0
20260614_0639;Adaptação_25;classification;AdaptiveRandomForest;Default_FullFeatures;classifier;classifier;classifier;N/A;N/A;N/A;2000;100;29;4800;0,0000;0,0000;0,0000;0,0000;0,0000;0,0000;0;0;0;0
20260614_0639;Adaptação_25;classification;AdaptiveRandomForest;Default_FullFeatures;classifier;classifier;classifier;N/A;N/A;N/A;2000;100;30;4900;0,0000;0,0000;0,0000;0,0000;0,0000;0,0000;0;0;0;0
20260614_0639;Adaptação_25;classification;AdaptiveRandomForest;Default_FullFeatures;classifier;classifier;classifier;N/A;N/A;N/A;2000;100;31;5000;0,0000;0,0000;0,0000;0,0000;0,0000;0,0000;0;0;0;0
20260614_0639;Adaptação_25;classification;AdaptiveRandomForest;Default_FullFeatures;classifier;classifier;classifier;N/A;N/A;N/A;2000;100;32;5100;0,0000;0,0000;0,0000;0,0000;0,0000;0,0000;0;0;0;0
20260614_0639;Adaptação_25;classification;AdaptiveRandomForest;Default_FullFeatures;classifier;classifier;classifier;N/A;N/A;N/A;2000;100;33;5200;0,0000;0,0000;0,0000;0,0000;0,0000;0,0000;0;0;0;0
20260614_0639;Adaptação_25;classification;AdaptiveRandomForest;Default_FullFeatures;classifier;classifier;classifier;N/A;N/A;N/A;2000;100;34;5300;0,0000;0,0000;0,0000;0,0000;0,0000;0,0000;0;0;0;0
20260614_0639;Adaptação_25;classification;AdaptiveRandomForest;Default_FullFeatures;classifier;classifier;classifier;N/A;N/A;N/A;2000;100;35;5400;0,0000;0,0000;0,0000;0,0000;0,0000;0,0000;0;0;0;0
20260614_0639;Adaptação_25;classification;AdaptiveRandomForest;Default_FullFeatures;classifier;classifier;classifier;N/A;N/A;N/A;2000;100;36;5500;0,0000;0,0000;0,0000;0,0000;0,0000;0,0000;0;0;0;0
20260614_0639;Adaptação_25;classification;AdaptiveRandomForest;Default_FullFeatures;classifier;classifier;classifier;N/A;N/A;N/A;2000;100;37;5600;0,0000;0,0000;0,0000;0,0000;0,0000;0,0000;0;0;0;0
20260614_0639;Adaptação_25;classification;AdaptiveRandomForest;Default_FullFeatures;classifier;classifier;classifier;N/A;N/A;N/A;2000;100;38;5700;0,0000;0,0000;0,0000;0,0000;0,0000;0,0000;0;0;0;0
20260614_0639;Adaptação_25;classification;AdaptiveRandomForest;Default_FullFeatures;classifier;classifier;classifier;N/A;N/A;N/A;2000;100;39;5800;0,0000;0,0000;0,0000;0,0000;0,0000;0,0000;0;0;0;0
20260614_0639;Adaptação_25;classification;AdaptiveRandomForest;Default_FullFeatures;classifier;classifier;classifier;N/A;N/A;N/A;2000;100;40;5900;0,0000;0,0000;0,0000;0,0000;0,0000;0,0000;0;0;0;0
20260614_0639;Adaptação_25;classification;AdaptiveRandomForest;Default_FullFeatures;classifier;classifier;classifier;N/A;N/A;N/A;2000;100;41;6000;0,0000;0,0000;0,0000;0,0000;0,0000;0,0000;0;0;0;0
20260614_0639;Adaptação_25;classification;AdaptiveRandomForest;Default_FullFeatures;classifier;classifier;classifier;N/A;N/A;N/A;2000;100;42;6100;0,0000;0,0000;0,0000;0,0000;0,0000;0,0000;0;0;0;0
20260614_0639;Adaptação_25;classification;AdaptiveRandomForest;Default_FullFeatures;classifier;classifier;classifier;N/A;N/A;N/A;2000;100;43;6200;0,0000;0,0000;0,0000;0,0000;0,0000;0,0000;0;0;0;0
20260614_0639;Adaptação_25;classification;AdaptiveRandomForest;Default_FullFeatures;classifier;classifier;classifier;N/A;N/A;N/A;2000;100;44;6300;0,0000;0,0000;0,0000;0,0000;0,0000;0,0000;0;0;0;0
20260614_0639;Adaptação_25;classification;AdaptiveRandomForest;Default_FullFeatures;classifier;classifier;classifier;N/A;N/A;N/A;2000;100;45;6400;0,0000;0,0000;0,0000;0,0000;0,0000;0,0000;0;0;0;0
20260614_0639;Adaptação_25;classification;AdaptiveRandomForest;Default_FullFeatures;classifier;classifier;classifier;N/A;N/A;N/A;2000;100;46;6500;0,0000;0,0000;0,0000;0,0000;0,0000;0,0000;0;0;0;0
20260614_0639;Adaptação_25;classification;AdaptiveRandomForest;Default_FullFeatures;classifier;classifier;classifier;N/A;N/A;N/A;2000;100;47;6600;0,0000;0,0000;0,0000;0,0000;0,0000;0,0000;0;0;0;0
20260614_0639;Adaptação_25;classification;AdaptiveRandomForest;Default_FullFeatures;classifier;classifier;classifier;N/A;N/A;N/A;2000;100;48;6700;0,0000;0,0000;0,0000;0,0000;0,0000;0,0000;0;0;0;0
20260614_0639;Adaptação_25;classification;AdaptiveRandomForest;Default_FullFeatures;classifier;classifier;classifier;N/A;N/A;N/A;2000;100;49;6800;0,0000;0,0000;0,0000;0,0000;0,0000;0,0000;0;0;0;0
20260614_0639;Adaptação_25;classification;AdaptiveRandomForest;Default_FullFeatures;classifier;classifier;classifier;N/A;N/A;N/A;2000;100;50;6900;0,0000;0,0000;0,0000;0,0000;0,0000;0,0000;0;0;0;0
20260614_0639;Adaptação_25;classification;AdaptiveRandomForest;Default_FullFeatures;classifier;classifier;classifier;N/A;N/A;N/A;2000;100;51;7000;0,0000;0,0000;0,0000;0,0000;0,0000;0,0000;0;0;0;0
20260614_0639;Adaptação_25;classification;AdaptiveRandomForest;Default_FullFeatures;classifier;classifier;classifier;N/A;N/A;N/A;2000;100;52;7100;0,0000;0,0000;0,0000;0,0000;0,0000;0,0000;0;0;0;0
20260614_0639;Adaptação_25;classification;AdaptiveRandomForest;Default_FullFeatures;classifier;classifier;classifier;N/A;N/A;N/A;2000;100;53;7200;0,0000;0,0000;0,0000;0,0000;0,0000;0,0000;0;0;0;0
20260614_0639;Adaptação_25;classification;AdaptiveRandomForest;Default_FullFeatures;classifier;classifier;classifier;N/A;N/A;N/A;2000;100;54;7300;0,0000;0,0000;0,0000;0,0000;0,0000;0,0000;0;0;0;0
20260614_0639;Adaptação_25;classification;AdaptiveRandomForest;Default_FullFeatures;classifier;classifier;classifier;N/A;N/A;N/A;2000;100;55;7400;0,0000;0,0000;0,0000;0,0000;0,0000;0,0000;0;0;0;0
20260614_0639;Adaptação_25;classification;AdaptiveRandomForest;Default_FullFeatures;classifier;classifier;classifier;N/A;N/A;N/A;2000;100;56;7500;0,0000;0,0000;0,0000;0,0000;0,0000;0,0000;0;0;0;0
20260614_0639;Adaptação_25;classification;AdaptiveRandomForest;Default_FullFeatures;classifier;classifier;classifier;N/A;N/A;N/A;2000;100;57;7600;70,8873;2,4217;80,3302;3,6935;63,4783;2,1300;4;1;9;1
20260614_0639;Adaptação_25;classification;AdaptiveRandomForest;Default_FullFeatures;classifier;classifier;classifier;N/A;N/A;N/A;2000;100;58;7700;0,0000;0,0000;0,0000;0,0000;0,0000;0,0000;0;0;0;0
20260614_0639;Adaptação_25;classification;AdaptiveRandomForest;Default_FullFeatures;classifier;classifier;classifier;N/A;N/A;N/A;2000;100;59;7800;0,0000;0,0000;0,0000;0,0000;0,0000;0,0000;0;0;0;0
20260614_0639;Adaptação_25;classification;AdaptiveRandomForest;Default_FullFeatures;classifier;classifier;classifier;N/A;N/A;N/A;2000;100;60;7900;0,0000;0,0000;0,0000;0,0000;0,0000;0,0000;0;0;0;0
20260614_0639;Adaptação_25;classification;AdaptiveRandomForest;Default_FullFeatures;classifier;classifier;classifier;N/A;N/A;N/A;2000;100;61;8000;0,0000;0,0000;0,0000;0,0000;0,0000;0,0000;0;0;0;0
20260614_0639;Adaptação_25;classification;AdaptiveRandomForest;Default_FullFeatures;classifier;classifier;classifier;N/A;N/A;N/A;2000;100;62;8100;0,0000;0,0000;0,0000;0,0000;0,0000;0,0000;0;0;0;0
20260614_0639;Adaptação_25;classification;AdaptiveRandomForest;Default_FullFeatures;classifier;classifier;classifier;N/A;N/A;N/A;2000;100;63;8200;0,0000;0,0000;0,0000;0,0000;0,0000;0,0000;0;0;0;0
20260614_0639;Adaptação_25;classification;AdaptiveRandomForest;Default_FullFeatures;classifier;classifier;classifier;N/A;N/A;N/A;2000;100;64;8300;0,0000;0,0000;0,0000;0,0000;0,0000;0,0000;0;0;0;0
20260614_0639;Adaptação_25;classification;AdaptiveRandomForest;Default_FullFeatures;classifier;classifier;classifier;N/A;N/A;N/A;2000;100;65;8400;0,0000;0,0000;0,0000;0,0000;0,0000;0,0000;0;0;0;0
20260614_0639;Adaptação_25;classification;AdaptiveRandomForest;Default_FullFeatures;classifier;classifier;classifier;N/A;N/A;N/A;2000;100;66;8500;0,0000;0,0000;0,0000;0,0000;0,0000;0,0000;0;0;0;0
20260614_0639;Adaptação_25;classification;AdaptiveRandomForest;Default_FullFeatures;classifier;classifier;classifier;N/A;N/A;N/A;2000;100;67;8600;0,0000;0,0000;0,0000;0,0000;0,0000;0,0000;0;0;0;0
20260614_0639;Adaptação_25;classification;AdaptiveRandomForest;Default_FullFeatures;classifier;classifier;classifier;N/A;N/A;N/A;2000;100;68;8700;0,0000;0,0000;0,0000;0,0000;0,0000;0,0000;0;0;0;0
20260614_0639;Adaptação_25;classification;AdaptiveRandomForest;Default_FullFeatures;classifier;classifier;classifier;N/A;N/A;N/A;2000;100;69;8800;0,0000;0,0000;0,0000;0,0000;0,0000;0,0000;0;0;0;0
20260614_0639;Adaptação_25;classification;AdaptiveRandomForest;Default_FullFeatures;classifier;classifier;classifier;N/A;N/A;N/A;2000;100;70;8900;0,0000;0,0000;0,0000;0,0000;0,0000;0,0000;0;0;0;0
20260614_0639;Adaptação_25;classification;AdaptiveRandomForest;Default_FullFeatures;classifier;classifier;classifier;N/A;N/A;N/A;2000;100;71;9000;0,0000;0,0000;0,0000;0,0000;0,0000;0,0000;0;0;0;0
20260614_0639;Adaptação_25;classification;AdaptiveRandomForest;Default_FullFeatures;classifier;classifier;classifier;N/A;N/A;N/A;2000;100;72;9100;0,0000;0,0000;0,0000;0,0000;0,0000;0,0000;0;0;0;0
20260614_0639;Adaptação_25;classification;AdaptiveRandomForest;Default_FullFeatures;classifier;classifier;classifier;N/A;N/A;N/A;2000;100;73;9200;0,0000;0,0000;0,0000;0,0000;0,0000;0,0000;0;0;0;0
20260614_0639;Adaptação_25;classification;AdaptiveRandomForest;Default_FullFeatures;classifier;classifier;classifier;N/A;N/A;N/A;2000;100;74;9300;0,0000;0,0000;0,0000;0,0000;0,0000;0,0000;0;0;0;0
20260614_0639;Adaptação_25;classification;AdaptiveRandomForest;Default_FullFeatures;classifier;classifier;classifier;N/A;N/A;N/A;2000;100;75;9400;0,0000;0,0000;0,0000;0,0000;0,0000;0,0000;0;0;0;0
20260614_0639;Adaptação_25;classification;AdaptiveRandomForest;Default_FullFeatures;classifier;classifier;classifier;N/A;N/A;N/A;2000;100;76;9500;0,0000;0,0000;0,0000;0,0000;0,0000;0,0000;0;0;0;0
20260614_0639;Adaptação_25;classification;AdaptiveRandomForest;Default_FullFeatures;classifier;classifier;classifier;N/A;N/A;N/A;2000;100;77;9600;0,0000;0,0000;0,0000;0,0000;0,0000;0,0000;0;0;0;0
20260614_0639;Adaptação_25;classification;AdaptiveRandomForest;Default_FullFeatures;classifier;classifier;classifier;N/A;N/A;N/A;2000;100;78;9700;0,0000;0,0000;0,0000;0,0000;0,0000;0,0000;0;0;0;0
20260614_0639;Adaptação_25;classification;AdaptiveRandomForest;Default_FullFeatures;classifier;classifier;classifier;N/A;N/A;N/A;2000;100;79;9800;0,0000;0,0000;0,0000;0,0000;0,0000;0,0000;0;0;0;0
20260614_0639;Adaptação_25;classification;AdaptiveRandomForest;Default_FullFeatures;classifier;classifier;classifier;N/A;N/A;N/A;2000;100;80;9900;0,0000;0,0000;0,0000;0,0000;0,0000;0,0000;0;0;0;0
20260614_0639;Adaptação_25;classification;AdaptiveRandomForest;Default_FullFeatures;classifier;classifier;classifier;N/A;N/A;N/A;2000;100;81;10000;0,0000;0,0000;0,0000;0,0000;0,0000;0,0000;0;0;0;0
20260614_0639;Adaptação_25;classification;AdaptiveRandomForest;Default_FullFeatures;classifier;classifier;classifier;N/A;N/A;N/A;2000;100;82;10100;0,0000;0,0000;0,0000;0,0000;0,0000;0,0000;0;0;0;0
20260614_0639;Adaptação_25;classification;AdaptiveRandomForest;Default_FullFeatures;classifier;classifier;classifier;N/A;N/A;N/A;2000;100;83;10200;0,0000;0,0000;0,0000;0,0000;0,0000;0,0000;0;0;0;0
20260614_0639;Adaptação_25;classification;AdaptiveRandomForest;Default_FullFeatures;classifier;classifier;classifier;N/A;N/A;N/A;2000;100;84;10300;0,0000;0,0000;0,0000;0,0000;0,0000;0,0000;0;0;0;0
20260614_0639;Adaptação_25;classification;AdaptiveRandomForest;Default_FullFeatures;classifier;classifier;classifier;N/A;N/A;N/A;2000;100;85;10400;0,0000;0,0000;0,0000;0,0000;0,0000;0,0000;0;0;0;0
20260614_0639;Adaptação_25;classification;AdaptiveRandomForest;Default_FullFeatures;classifier;classifier;classifier;N/A;N/A;N/A;2000;100;86;10500;0,0000;0,0000;0,0000;0,0000;0,0000;0,0000;0;0;0;0
20260614_0639;Adaptação_25;classification;AdaptiveRandomForest;Default_FullFeatures;classifier;classifier;classifier;N/A;N/A;N/A;2000;100;87;10600;0,0000;0,0000;0,0000;0,0000;0,0000;0,0000;0;0;0;0
20260614_0639;Adaptação_25;classification;AdaptiveRandomForest;Default_FullFeatures;classifier;classifier;classifier;N/A;N/A;N/A;2000;100;88;10700;0,0000;0,0000;0,0000;0,0000;0,0000;0,0000;0;0;0;0
20260614_0639;Adaptação_25;classification;AdaptiveRandomForest;Default_FullFeatures;classifier;classifier;classifier;N/A;N/A;N/A;2000;100;89;10800;0,0000;0,0000;0,0000;0,0000;0,0000;0,0000;0;0;0;0
20260614_0639;Adaptação_25;classification;AdaptiveRandomForest;Default_FullFeatures;classifier;classifier;classifier;N/A;N/A;N/A;2000;100;90;10900;0,0000;0,0000;0,0000;0,0000;0,0000;0,0000;0;0;0;0
20260614_0639;Adaptação_25;classification;AdaptiveRandomForest;Default_FullFeatures;classifier;classifier;classifier;N/A;N/A;N/A;2000;100;91;11000;0,0000;0,0000;0,0000;0,0000;0,0000;0,0000;0;0;0;0
20260614_0639;Adaptação_25;classification;AdaptiveRandomForest;Default_FullFeatures;classifier;classifier;classifier;N/A;N/A;N/A;2000;100;92;11100;0,0000;0,0000;0,0000;0,0000;0,0000;0,0000;0;0;0;0
20260614_0639;Adaptação_25;classification;AdaptiveRandomForest;Default_FullFeatures;classifier;classifier;classifier;N/A;N/A;N/A;2000;100;93;11200;0,0000;0,0000;0,0000;0,0000;0,0000;0,0000;0;0;0;0
20260614_0639;Adaptação_25;classification;AdaptiveRandomForest;Default_FullFeatures;classifier;classifier;classifier;N/A;N/A;N/A;2000;100;94;11300;100,0000;0,0000;100,0000;0,0000;100,0000;0,0000;0;0;0;0
20260614_0639;Adaptação_25;classification;AdaptiveRandomForest;Default_FullFeatures;classifier;classifier;classifier;N/A;N/A;N/A;2000;100;95;11400;97,6744;0,0000;100,0000;0,0000;95,4545;0,0000;0;0;1;0
20260614_0639;Adaptação_25;classification;AdaptiveRandomForest;Default_FullFeatures;classifier;classifier;classifier;N/A;N/A;N/A;2000;100;96;11500;0,0000;0,0000;0,0000;0,0000;0,0000;0,0000;0;0;0;0
20260614_0639;Adaptação_25;classification;AdaptiveRandomForest;Default_FullFeatures;classifier;classifier;classifier;N/A;N/A;N/A;2000;100;97;11600;0,0000;0,0000;0,0000;0,0000;0,0000;0,0000;0;0;0;0
20260614_0639;Adaptação_25;classification;AdaptiveRandomForest;Default_FullFeatures;classifier;classifier;classifier;N/A;N/A;N/A;2000;100;98;11700;0,0000;0,0000;0,0000;0,0000;0,0000;0,0000;0;0;0;0
20260614_0639;Adaptação_25;classification;AdaptiveRandomForest;Default_FullFeatures;classifier;classifier;classifier;N/A;N/A;N/A;2000;100;99;11800;0,0000;0,0000;0,0000;0,0000;0,0000;0,0000;0;0;0;0
20260614_0639;Adaptação_25;classification;AdaptiveRandomForest;Default_FullFeatures;classifier;classifier;classifier;N/A;N/A;N/A;2000;100;100;11900;0,0000;0,0000;0,0000;0,0000;0,0000;0,0000;0;0;0;0
20260614_0639;Adaptação_25;classification;AdaptiveRandomForest;Default_FullFeatures;classifier;classifier;classifier;N/A;N/A;N/A;2000;100;101;12000;0,0000;0,0000;0,0000;0,0000;0,0000;0,0000;0;0;0;0
20260614_0639;Adaptação_25;classification;AdaptiveRandomForest;Default_FullFeatures;classifier;classifier;classifier;N/A;N/A;N/A;2000;100;102;12100;0,0000;0,0000;0,0000;0,0000;0,0000;0,0000;0;0;0;0
20260614_0639;Adaptação_25;classification;AdaptiveRandomForest;Default_FullFeatures;classifier;classifier;classifier;N/A;N/A;N/A;2000;100;103;12200;0,0000;0,0000;0,0000;0,0000;0,0000;0,0000;0;0;0;0
20260614_0639;Adaptação_25;classification;AdaptiveRandomForest;Default_FullFeatures;classifier;classifier;classifier;N/A;N/A;N/A;2000;100;104;12300;0,0000;0,0000;0,0000;0,0000;0,0000;0,0000;0;0;0;0
20260614_0639;Adaptação_25;classification;AdaptiveRandomForest;Default_FullFeatures;classifier;classifier;classifier;N/A;N/A;N/A;2000;100;105;12400;0,0000;0,0000;0,0000;0,0000;0,0000;0,0000;0;0;0;0
20260614_0639;Adaptação_25;classification;AdaptiveRandomForest;Default_FullFeatures;classifier;classifier;classifier;N/A;N/A;N/A;2000;100;106;12500;0,0000;0,0000;0,0000;0,0000;0,0000;0,0000;0;0;0;0
20260614_0639;Adaptação_25;classification;AdaptiveRandomForest;Default_FullFeatures;classifier;classifier;classifier;N/A;N/A;N/A;2000;100;107;12600;0,0000;0,0000;0,0000;0,0000;0,0000;0,0000;0;0;0;0
20260614_0639;Adaptação_25;classification;AdaptiveRandomForest;Default_FullFeatures;classifier;classifier;classifier;N/A;N/A;N/A;2000;100;108;12700;0,0000;0,0000;0,0000;0,0000;0,0000;0,0000;0;0;0;0
20260614_0639;Adaptação_25;classification;AdaptiveRandomForest;Default_FullFeatures;classifier;classifier;classifier;N/A;N/A;N/A;2000;100;109;12800;0,0000;0,0000;0,0000;0,0000;0,0000;0,0000;0;0;0;0
20260614_0639;Adaptação_25;classification;AdaptiveRandomForest;Default_FullFeatures;classifier;classifier;classifier;N/A;N/A;N/A;2000;100;110;12900;0,0000;0,0000;0,0000;0,0000;0,0000;0,0000;0;0;0;0
20260614_0639;Adaptação_25;classification;AdaptiveRandomForest;Default_FullFeatures;classifier;classifier;classifier;N/A;N/A;N/A;2000;100;111;13000;0,0000;0,0000;0,0000;0,0000;0,0000;0,0000;0;0;0;0
20260614_0639;Adaptação_25;classification;AdaptiveRandomForest;Default_FullFeatures;classifier;classifier;classifier;N/A;N/A;N/A;2000;100;112;13100;0,0000;0,0000;0,0000;0,0000;0,0000;0,0000;0;0;0;0
20260614_0639;Adaptação_25;classification;AdaptiveRandomForest;Default_FullFeatures;classifier;classifier;classifier;N/A;N/A;N/A;2000;100;113;13200;0,0000;0,0000;0,0000;0,0000;0,0000;0,0000;0;0;0;0
20260614_0639;Adaptação_25;classification;AdaptiveRandomForest;Default_FullFeatures;classifier;classifier;classifier;N/A;N/A;N/A;2000;100;114;13300;0,0000;0,0000;0,0000;0,0000;0,0000;0,0000;0;0;0;0
20260614_0639;Adaptação_25;classification;AdaptiveRandomForest;Default_FullFeatures;classifier;classifier;classifier;N/A;N/A;N/A;2000;100;115;13400;0,0000;0,0000;0,0000;0,0000;0,0000;0,0000;0;0;0;0
20260614_0639;Adaptação_25;classification;AdaptiveRandomForest;Default_FullFeatures;classifier;classifier;classifier;N/A;N/A;N/A;2000;100;116;13500;0,0000;0,0000;0,0000;0,0000;0,0000;0,0000;0;0;0;0
20260614_0639;Adaptação_25;classification;AdaptiveRandomForest;Default_FullFeatures;classifier;classifier;classifier;N/A;N/A;N/A;2000;100;117;13600;0,0000;0,0000;0,0000;0,0000;0,0000;0,0000;0;0;0;0
20260614_0639;Adaptação_25;classification;AdaptiveRandomForest;Default_FullFeatures;classifier;classifier;classifier;N/A;N/A;N/A;2000;100;118;13700;0,0000;0,0000;0,0000;0,0000;0,0000;0,0000;0;0;0;0
20260614_0639;Adaptação_25;classification;AdaptiveRandomForest;Default_FullFeatures;classifier;classifier;classifier;N/A;N/A;N/A;2000;100;119;13800;0,0000;0,0000;0,0000;0,0000;0,0000;0,0000;0;0;0;0
20260614_0639;Adaptação_25;classification;AdaptiveRandomForest;Default_FullFeatures;classifier;classifier;classifier;N/A;N/A;N/A;2000;100;120;13900;0,0000;0,0000;0,0000;0,0000;0,0000;0,0000;0;0;0;0
20260614_0639;Adaptação_25;classification;AdaptiveRandomForest;Default_FullFeatures;classifier;classifier;classifier;N/A;N/A;N/A;2000;100;121;14000;0,0000;0,0000;0,0000;0,0000;0,0000;0,0000;0;0;0;0
20260614_0639;Adaptação_25;classification;AdaptiveRandomForest;Default_FullFeatures;classifier;classifier;classifier;N/A;N/A;N/A;2000;100;122;14100;0,0000;0,0000;0,0000;0,0000;0,0000;0,0000;0;0;0;0
20260614_0639;Adaptação_25;classification;AdaptiveRandomForest;Default_FullFeatures;classifier;classifier;classifier;N/A;N/A;N/A;2000;100;123;14200;0,0000;0,0000;0,0000;0,0000;0,0000;0,0000;0;0;0;0
20260614_0639;Adaptação_25;classification;AdaptiveRandomForest;Default_FullFeatures;classifier;classifier;classifier;N/A;N/A;N/A;2000;100;124;14300;0,0000;0,0000;0,0000;0,0000;0,0000;0,0000;0;0;0;0
20260614_0639;Adaptação_25;classification;AdaptiveRandomForest;Default_FullFeatures;classifier;classifier;classifier;N/A;N/A;N/A;2000;100;125;14400;0,0000;0,0000;0,0000;0,0000;0,0000;0,0000;0;0;0;0
20260614_0639;Adaptação_25;classification;AdaptiveRandomForest;Default_FullFeatures;classifier;classifier;classifier;N/A;N/A;N/A;2000;100;126;14500;0,0000;0,0000;0,0000;0,0000;0,0000;0,0000;0;0;0;0
20260614_0639;Adaptação_25;classification;AdaptiveRandomForest;Default_FullFeatures;classifier;classifier;classifier;N/A;N/A;N/A;2000;100;127;14600;0,0000;0,0000;0,0000;0,0000;0,0000;0,0000;0;0;0;0
20260614_0639;Adaptação_25;classification;AdaptiveRandomForest;Default_FullFeatures;classifier;classifier;classifier;N/A;N/A;N/A;2000;100;128;14700;0,0000;0,0000;0,0000;0,0000;0,0000;0,0000;0;0;0;0
20260614_0639;Adaptação_25;classification;AdaptiveRandomForest;Default_FullFeatures;classifier;classifier;classifier;N/A;N/A;N/A;2000;100;129;14800;0,0000;0,0000;0,0000;0,0000;0,0000;0,0000;0;0;0;0
20260614_0639;Adaptação_25;classification;AdaptiveRandomForest;Default_FullFeatures;classifier;classifier;classifier;N/A;N/A;N/A;2000;100;130;14900;0,0000;0,0000;0,0000;0,0000;0,0000;0,0000;0;0;0;0
20260614_0639;Adaptação_25;classification;AdaptiveRandomForest;Default_FullFeatures;classifier;classifier;classifier;N/A;N/A;N/A;2000;100;131;15000;0,0000;0,0000;0,0000;0,0000;0,0000;0,0000;0;0;0;0
20260614_0639;Adaptação_200;classification;AdaptiveRandomForest;Default_FullFeatures;classifier;classifier;classifier;N/A;N/A;N/A;2000;100;1;2000;0,0000;0,0000;0,0000;0,0000;0,0000;0,0000;0;0;0;0
20260614_0639;Adaptação_200;classification;AdaptiveRandomForest;Default_FullFeatures;classifier;classifier;classifier;N/A;N/A;N/A;2000;100;2;2100;0,0000;0,0000;0,0000;0,0000;0,0000;0,0000;0;0;0;0
20260614_0639;Adaptação_200;classification;AdaptiveRandomForest;Default_FullFeatures;classifier;classifier;classifier;N/A;N/A;N/A;2000;100;3;2200;0,0000;0,0000;0,0000;0,0000;0,0000;0,0000;0;0;0;0
20260614_0639;Adaptação_200;classification;AdaptiveRandomForest;Default_FullFeatures;classifier;classifier;classifier;N/A;N/A;N/A;2000;100;4;2300;0,0000;0,0000;0,0000;0,0000;0,0000;0,0000;0;0;0;0
20260614_0639;Adaptação_200;classification;AdaptiveRandomForest;Default_FullFeatures;classifier;classifier;classifier;N/A;N/A;N/A;2000;100;5;2400;0,0000;0,0000;0,0000;0,0000;0,0000;0,0000;0;0;0;0
20260614_0639;Adaptação_200;classification;AdaptiveRandomForest;Default_FullFeatures;classifier;classifier;classifier;N/A;N/A;N/A;2000;100;6;2500;0,0000;0,0000;0,0000;0,0000;0,0000;0,0000;0;0;0;0
20260614_0639;Adaptação_200;classification;AdaptiveRandomForest;Default_FullFeatures;classifier;classifier;classifier;N/A;N/A;N/A;2000;100;7;2600;0,0000;0,0000;0,0000;0,0000;0,0000;0,0000;0;0;0;0
20260614_0639;Adaptação_200;classification;AdaptiveRandomForest;Default_FullFeatures;classifier;classifier;classifier;N/A;N/A;N/A;2000;100;8;2700;0,0000;0,0000;0,0000;0,0000;0,0000;0,0000;0;0;0;0
20260614_0639;Adaptação_200;classification;AdaptiveRandomForest;Default_FullFeatures;classifier;classifier;classifier;N/A;N/A;N/A;2000;100;9;2800;0,0000;0,0000;0,0000;0,0000;0,0000;0,0000;0;0;0;0
20260614_0639;Adaptação_200;classification;AdaptiveRandomForest;Default_FullFeatures;classifier;classifier;classifier;N/A;N/A;N/A;2000;100;10;2900;0,0000;0,0000;0,0000;0,0000;0,0000;0,0000;0;0;0;0
20260614_0639;Adaptação_200;classification;AdaptiveRandomForest;Default_FullFeatures;classifier;classifier;classifier;N/A;N/A;N/A;2000;100;11;3000;0,0000;0,0000;0,0000;0,0000;0,0000;0,0000;0;0;0;0
20260614_0639;Adaptação_200;classification;AdaptiveRandomForest;Default_FullFeatures;classifier;classifier;classifier;N/A;N/A;N/A;2000;100;12;3100;0,0000;0,0000;0,0000;0,0000;0,0000;0,0000;0;0;0;0
20260614_0639;Adaptação_200;classification;AdaptiveRandomForest;Default_FullFeatures;classifier;classifier;classifier;N/A;N/A;N/A;2000;100;13;3200;0,0000;0,0000;0,0000;0,0000;0,0000;0,0000;0;0;0;0
20260614_0639;Adaptação_200;classification;AdaptiveRandomForest;Default_FullFeatures;classifier;classifier;classifier;N/A;N/A;N/A;2000;100;14;3300;0,0000;0,0000;0,0000;0,0000;0,0000;0,0000;0;0;0;0
20260614_0639;Adaptação_200;classification;AdaptiveRandomForest;Default_FullFeatures;classifier;classifier;classifier;N/A;N/A;N/A;2000;100;15;3400;0,0000;0,0000;0,0000;0,0000;0,0000;0,0000;0;0;0;0
20260614_0639;Adaptação_200;classification;AdaptiveRandomForest;Default_FullFeatures;classifier;classifier;classifier;N/A;N/A;N/A;2000;100;16;3500;0,0000;0,0000;0,0000;0,0000;0,0000;0,0000;0;0;0;0
20260614_0639;Adaptação_200;classification;AdaptiveRandomForest;Default_FullFeatures;classifier;classifier;classifier;N/A;N/A;N/A;2000;100;17;3600;0,0000;0,0000;0,0000;0,0000;0,0000;0,0000;0;0;0;0
20260614_0639;Adaptação_200;classification;AdaptiveRandomForest;Default_FullFeatures;classifier;classifier;classifier;N/A;N/A;N/A;2000;100;18;3700;0,0000;0,0000;0,0000;0,0000;0,0000;0,0000;0;0;0;0
20260614_0639;Adaptação_200;classification;AdaptiveRandomForest;Default_FullFeatures;classifier;classifier;classifier;N/A;N/A;N/A;2000;100;19;3800;95,7447;0,0000;100,0000;0,0000;91,8367;0,0000;0;0;4;0
20260614_0639;Adaptação_200;classification;AdaptiveRandomForest;Default_FullFeatures;classifier;classifier;classifier;N/A;N/A;N/A;2000;100;20;3900;95,8744;0,2336;93,1625;0,4426;98,7500;0,0000;6;1;1;0
20260614_0639;Adaptação_200;classification;AdaptiveRandomForest;Default_FullFeatures;classifier;classifier;classifier;N/A;N/A;N/A;2000;100;21;4000;94,1176;0,0000;88,8889;0,0000;100,0000;0,0000;6;0;0;0
20260614_0639;Adaptação_200;classification;AdaptiveRandomForest;Default_FullFeatures;classifier;classifier;classifier;N/A;N/A;N/A;2000;100;22;4100;0,0000;0,0000;0,0000;0,0000;0,0000;0,0000;1;0;0;0
20260614_0639;Adaptação_200;classification;AdaptiveRandomForest;Default_FullFeatures;classifier;classifier;classifier;N/A;N/A;N/A;2000;100;23;4200;0,0000;0,0000;0,0000;0,0000;0,0000;0,0000;2;1;0;0
20260614_0639;Adaptação_200;classification;AdaptiveRandomForest;Default_FullFeatures;classifier;classifier;classifier;N/A;N/A;N/A;2000;100;24;4300;0,0000;0,0000;0,0000;0,0000;0,0000;0,0000;1;1;0;0
20260614_0639;Adaptação_200;classification;AdaptiveRandomForest;Default_FullFeatures;classifier;classifier;classifier;N/A;N/A;N/A;2000;100;25;4400;0,0000;0,0000;0,0000;0,0000;0,0000;0,0000;1;0;0;0
20260614_0639;Adaptação_200;classification;AdaptiveRandomForest;Default_FullFeatures;classifier;classifier;classifier;N/A;N/A;N/A;2000;100;26;4500;0,0000;0,0000;0,0000;0,0000;0,0000;0,0000;1;0;0;0
20260614_0639;Adaptação_200;classification;AdaptiveRandomForest;Default_FullFeatures;classifier;classifier;classifier;N/A;N/A;N/A;2000;100;27;4600;0,0000;0,0000;0,0000;0,0000;0,0000;0,0000;1;1;0;0
20260614_0639;Adaptação_200;classification;AdaptiveRandomForest;Default_FullFeatures;classifier;classifier;classifier;N/A;N/A;N/A;2000;100;28;4700;0,0000;0,0000;0,0000;0,0000;0,0000;0,0000;0;0;0;0
20260614_0639;Adaptação_200;classification;AdaptiveRandomForest;Default_FullFeatures;classifier;classifier;classifier;N/A;N/A;N/A;2000;100;29;4800;0,0000;0,0000;0,0000;0,0000;0,0000;0,0000;3;1;0;0
20260614_0639;Adaptação_200;classification;AdaptiveRandomForest;Default_FullFeatures;classifier;classifier;classifier;N/A;N/A;N/A;2000;100;30;4900;0,0000;0,0000;0,0000;0,0000;0,0000;0,0000;0;0;0;0
20260614_0639;Adaptação_200;classification;AdaptiveRandomForest;Default_FullFeatures;classifier;classifier;classifier;N/A;N/A;N/A;2000;100;31;5000;0,0000;0,0000;0,0000;0,0000;0,0000;0,0000;0;0;0;0
20260614_0639;Adaptação_200;classification;AdaptiveRandomForest;Default_FullFeatures;classifier;classifier;classifier;N/A;N/A;N/A;2000;100;32;5100;0,0000;0,0000;0,0000;0,0000;0,0000;0,0000;0;0;0;0
20260614_0639;Adaptação_200;classification;AdaptiveRandomForest;Default_FullFeatures;classifier;classifier;classifier;N/A;N/A;N/A;2000;100;33;5200;0,0000;0,0000;0,0000;0,0000;0,0000;0,0000;0;0;0;0
20260614_0639;Adaptação_200;classification;AdaptiveRandomForest;Default_FullFeatures;classifier;classifier;classifier;N/A;N/A;N/A;2000;100;34;5300;0,0000;0,0000;0,0000;0,0000;0,0000;0,0000;0;0;0;0
20260614_0639;Adaptação_200;classification;AdaptiveRandomForest;Default_FullFeatures;classifier;classifier;classifier;N/A;N/A;N/A;2000;100;35;5400;0,0000;0,0000;0,0000;0,0000;0,0000;0,0000;0;0;0;0
20260614_0639;Adaptação_200;classification;AdaptiveRandomForest;Default_FullFeatures;classifier;classifier;classifier;N/A;N/A;N/A;2000;100;36;5500;0,0000;0,0000;0,0000;0,0000;0,0000;0,0000;0;0;0;0
20260614_0639;Adaptação_200;classification;AdaptiveRandomForest;Default_FullFeatures;classifier;classifier;classifier;N/A;N/A;N/A;2000;100;37;5600;0,0000;0,0000;0,0000;0,0000;0,0000;0,0000;0;0;0;0
20260614_0639;Adaptação_200;classification;AdaptiveRandomForest;Default_FullFeatures;classifier;classifier;classifier;N/A;N/A;N/A;2000;100;38;5700;0,0000;0,0000;0,0000;0,0000;0,0000;0,0000;0;0;0;0
20260614_0639;Adaptação_200;classification;AdaptiveRandomForest;Default_FullFeatures;classifier;classifier;classifier;N/A;N/A;N/A;2000;100;39;5800;0,0000;0,0000;0,0000;0,0000;0,0000;0,0000;0;0;0;0
20260614_0639;Adaptação_200;classification;AdaptiveRandomForest;Default_FullFeatures;classifier;classifier;classifier;N/A;N/A;N/A;2000;100;40;5900;0,0000;0,0000;0,0000;0,0000;0,0000;0,0000;0;0;0;0
20260614_0639;Adaptação_200;classification;AdaptiveRandomForest;Default_FullFeatures;classifier;classifier;classifier;N/A;N/A;N/A;2000;100;41;6000;0,0000;0,0000;0,0000;0,0000;0,0000;0,0000;0;0;0;0
20260614_0639;Adaptação_200;classification;AdaptiveRandomForest;Default_FullFeatures;classifier;classifier;classifier;N/A;N/A;N/A;2000;100;42;6100;0,0000;0,0000;0,0000;0,0000;0,0000;0,0000;0;0;0;0
20260614_0639;Adaptação_200;classification;AdaptiveRandomForest;Default_FullFeatures;classifier;classifier;classifier;N/A;N/A;N/A;2000;100;43;6200;0,0000;0,0000;0,0000;0,0000;0,0000;0,0000;0;0;0;0
20260614_0639;Adaptação_200;classification;AdaptiveRandomForest;Default_FullFeatures;classifier;classifier;classifier;N/A;N/A;N/A;2000;100;44;6300;0,0000;0,0000;0,0000;0,0000;0,0000;0,0000;0;0;0;0
20260614_0639;Adaptação_200;classification;AdaptiveRandomForest;Default_FullFeatures;classifier;classifier;classifier;N/A;N/A;N/A;2000;100;45;6400;0,0000;0,0000;0,0000;0,0000;0,0000;0,0000;0;0;0;0
20260614_0639;Adaptação_200;classification;AdaptiveRandomForest;Default_FullFeatures;classifier;classifier;classifier;N/A;N/A;N/A;2000;100;46;6500;0,0000;0,0000;0,0000;0,0000;0,0000;0,0000;0;0;0;0
20260614_0639;Adaptação_200;classification;AdaptiveRandomForest;Default_FullFeatures;classifier;classifier;classifier;N/A;N/A;N/A;2000;100;47;6600;0,0000;0,0000;0,0000;0,0000;0,0000;0,0000;0;0;0;0
20260614_0639;Adaptação_200;classification;AdaptiveRandomForest;Default_FullFeatures;classifier;classifier;classifier;N/A;N/A;N/A;2000;100;48;6700;0,0000;0,0000;0,0000;0,0000;0,0000;0,0000;0;0;0;0
20260614_0639;Adaptação_200;classification;AdaptiveRandomForest;Default_FullFeatures;classifier;classifier;classifier;N/A;N/A;N/A;2000;100;49;6800;0,0000;0,0000;0,0000;0,0000;0,0000;0,0000;0;0;0;0
20260614_0639;Adaptação_200;classification;AdaptiveRandomForest;Default_FullFeatures;classifier;classifier;classifier;N/A;N/A;N/A;2000;100;50;6900;0,0000;0,0000;0,0000;0,0000;0,0000;0,0000;0;0;0;0
20260614_0639;Adaptação_200;classification;AdaptiveRandomForest;Default_FullFeatures;classifier;classifier;classifier;N/A;N/A;N/A;2000;100;51;7000;0,0000;0,0000;0,0000;0,0000;0,0000;0,0000;0;0;0;0
20260614_0639;Adaptação_200;classification;AdaptiveRandomForest;Default_FullFeatures;classifier;classifier;classifier;N/A;N/A;N/A;2000;100;52;7100;0,0000;0,0000;0,0000;0,0000;0,0000;0,0000;0;0;0;0
20260614_0639;Adaptação_200;classification;AdaptiveRandomForest;Default_FullFeatures;classifier;classifier;classifier;N/A;N/A;N/A;2000;100;53;7200;0,0000;0,0000;0,0000;0,0000;0,0000;0,0000;0;0;0;0
20260614_0639;Adaptação_200;classification;AdaptiveRandomForest;Default_FullFeatures;classifier;classifier;classifier;N/A;N/A;N/A;2000;100;54;7300;0,0000;0,0000;0,0000;0,0000;0,0000;0,0000;0;0;0;0
20260614_0639;Adaptação_200;classification;AdaptiveRandomForest;Default_FullFeatures;classifier;classifier;classifier;N/A;N/A;N/A;2000;100;55;7400;0,0000;0,0000;0,0000;0,0000;0,0000;0,0000;0;0;0;0
20260614_0639;Adaptação_200;classification;AdaptiveRandomForest;Default_FullFeatures;classifier;classifier;classifier;N/A;N/A;N/A;2000;100;56;7500;0,0000;0,0000;0,0000;0,0000;0,0000;0,0000;0;0;0;0
20260614_0639;Adaptação_200;classification;AdaptiveRandomForest;Default_FullFeatures;classifier;classifier;classifier;N/A;N/A;N/A;2000;100;57;7600;0,0000;0,0000;0,0000;0,0000;0,0000;0,0000;0;0;0;0
20260614_0639;Adaptação_200;classification;AdaptiveRandomForest;Default_FullFeatures;classifier;classifier;classifier;N/A;N/A;N/A;2000;100;58;7700;0,0000;0,0000;0,0000;0,0000;0,0000;0,0000;0;0;1;0
20260614_0639;Adaptação_200;classification;AdaptiveRandomForest;Default_FullFeatures;classifier;classifier;classifier;N/A;N/A;N/A;2000;100;59;7800;93,4333;0,2302;98,8610;0,0052;88,5714;0,4082;1;0;12;1
20260614_0639;Adaptação_200;classification;AdaptiveRandomForest;Default_FullFeatures;classifier;classifier;classifier;N/A;N/A;N/A;2000;100;60;7900;99,5980;0,2010;99,2000;0,4000;100,0000;0,0000;1;1;0;0
20260614_0639;Adaptação_200;classification;AdaptiveRandomForest;Default_FullFeatures;classifier;classifier;classifier;N/A;N/A;N/A;2000;100;61;8000;0,0000;0,0000;0,0000;0,0000;0,0000;0,0000;3;1;0;0
20260614_0639;Adaptação_200;classification;AdaptiveRandomForest;Default_FullFeatures;classifier;classifier;classifier;N/A;N/A;N/A;2000;100;62;8100;0,0000;0,0000;0,0000;0,0000;0,0000;0,0000;0;0;0;0
20260614_0639;Adaptação_200;classification;AdaptiveRandomForest;Default_FullFeatures;classifier;classifier;classifier;N/A;N/A;N/A;2000;100;63;8200;0,0000;0,0000;0,0000;0,0000;0,0000;0,0000;1;1;0;0
20260614_0639;Adaptação_200;classification;AdaptiveRandomForest;Default_FullFeatures;classifier;classifier;classifier;N/A;N/A;N/A;2000;100;64;8300;0,0000;0,0000;0,0000;0,0000;0,0000;0,0000;0;0;0;0
20260614_0639;Adaptação_200;classification;AdaptiveRandomForest;Default_FullFeatures;classifier;classifier;classifier;N/A;N/A;N/A;2000;100;65;8400;0,0000;0,0000;0,0000;0,0000;0,0000;0,0000;0;0;0;0
20260614_0639;Adaptação_200;classification;AdaptiveRandomForest;Default_FullFeatures;classifier;classifier;classifier;N/A;N/A;N/A;2000;100;66;8500;0,0000;0,0000;0,0000;0,0000;0,0000;0,0000;0;0;0;0
20260614_0639;Adaptação_200;classification;AdaptiveRandomForest;Default_FullFeatures;classifier;classifier;classifier;N/A;N/A;N/A;2000;100;67;8600;0,0000;0,0000;0,0000;0,0000;0,0000;0,0000;0;0;0;0
20260614_0639;Adaptação_200;classification;AdaptiveRandomForest;Default_FullFeatures;classifier;classifier;classifier;N/A;N/A;N/A;2000;100;68;8700;0,0000;0,0000;0,0000;0,0000;0,0000;0,0000;0;0;0;0
20260614_0639;Adaptação_200;classification;AdaptiveRandomForest;Default_FullFeatures;classifier;classifier;classifier;N/A;N/A;N/A;2000;100;69;8800;0,0000;0,0000;0,0000;0,0000;0,0000;0,0000;0;0;0;0
20260614_0639;Adaptação_200;classification;AdaptiveRandomForest;Default_FullFeatures;classifier;classifier;classifier;N/A;N/A;N/A;2000;100;70;8900;0,0000;0,0000;0,0000;0,0000;0,0000;0,0000;0;0;0;0
20260614_0639;Adaptação_200;classification;AdaptiveRandomForest;Default_FullFeatures;classifier;classifier;classifier;N/A;N/A;N/A;2000;100;71;9000;0,0000;0,0000;0,0000;0,0000;0,0000;0,0000;0;0;0;0
20260614_0639;Adaptação_200;classification;AdaptiveRandomForest;Default_FullFeatures;classifier;classifier;classifier;N/A;N/A;N/A;2000;100;72;9100;0,0000;0,0000;0,0000;0,0000;0,0000;0,0000;0;0;0;0
20260614_0639;Adaptação_200;classification;AdaptiveRandomForest;Default_FullFeatures;classifier;classifier;classifier;N/A;N/A;N/A;2000;100;73;9200;0,0000;0,0000;0,0000;0,0000;0,0000;0,0000;0;0;0;0
20260614_0639;Adaptação_200;classification;AdaptiveRandomForest;Default_FullFeatures;classifier;classifier;classifier;N/A;N/A;N/A;2000;100;74;9300;0,0000;0,0000;0,0000;0,0000;0,0000;0,0000;0;0;0;0
20260614_0639;Adaptação_200;classification;AdaptiveRandomForest;Default_FullFeatures;classifier;classifier;classifier;N/A;N/A;N/A;2000;100;75;9400;0,0000;0,0000;0,0000;0,0000;0,0000;0,0000;0;0;0;0
20260614_0639;Adaptação_200;classification;AdaptiveRandomForest;Default_FullFeatures;classifier;classifier;classifier;N/A;N/A;N/A;2000;100;76;9500;0,0000;0,0000;0,0000;0,0000;0,0000;0,0000;0;0;0;0
20260614_0639;Adaptação_200;classification;AdaptiveRandomForest;Default_FullFeatures;classifier;classifier;classifier;N/A;N/A;N/A;2000;100;77;9600;0,0000;0,0000;0,0000;0,0000;0,0000;0,0000;0;0;0;0
20260614_0639;Adaptação_200;classification;AdaptiveRandomForest;Default_FullFeatures;classifier;classifier;classifier;N/A;N/A;N/A;2000;100;78;9700;0,0000;0,0000;0,0000;0,0000;0,0000;0,0000;0;0;0;0
20260614_0639;Adaptação_200;classification;AdaptiveRandomForest;Default_FullFeatures;classifier;classifier;classifier;N/A;N/A;N/A;2000;100;79;9800;0,0000;0,0000;0,0000;0,0000;0,0000;0,0000;0;0;0;0
20260614_0639;Adaptação_200;classification;AdaptiveRandomForest;Default_FullFeatures;classifier;classifier;classifier;N/A;N/A;N/A;2000;100;80;9900;0,0000;0,0000;0,0000;0,0000;0,0000;0,0000;0;0;0;0
20260614_0639;Adaptação_200;classification;AdaptiveRandomForest;Default_FullFeatures;classifier;classifier;classifier;N/A;N/A;N/A;2000;100;81;10000;0,0000;0,0000;0,0000;0,0000;0,0000;0,0000;0;0;0;0
20260614_0639;Adaptação_200;classification;AdaptiveRandomForest;Default_FullFeatures;classifier;classifier;classifier;N/A;N/A;N/A;2000;100;82;10100;0,0000;0,0000;0,0000;0,0000;0,0000;0,0000;0;0;0;0
20260614_0639;Adaptação_200;classification;AdaptiveRandomForest;Default_FullFeatures;classifier;classifier;classifier;N/A;N/A;N/A;2000;100;83;10200;0,0000;0,0000;0,0000;0,0000;0,0000;0,0000;0;0;0;0
20260614_0639;Adaptação_200;classification;AdaptiveRandomForest;Default_FullFeatures;classifier;classifier;classifier;N/A;N/A;N/A;2000;100;84;10300;0,0000;0,0000;0,0000;0,0000;0,0000;0,0000;0;0;0;0
20260614_0639;Adaptação_200;classification;AdaptiveRandomForest;Default_FullFeatures;classifier;classifier;classifier;N/A;N/A;N/A;2000;100;85;10400;0,0000;0,0000;0,0000;0,0000;0,0000;0,0000;0;0;0;0
20260614_0639;Adaptação_200;classification;AdaptiveRandomForest;Default_FullFeatures;classifier;classifier;classifier;N/A;N/A;N/A;2000;100;86;10500;0,0000;0,0000;0,0000;0,0000;0,0000;0,0000;0;0;0;0
20260614_0639;Adaptação_200;classification;AdaptiveRandomForest;Default_FullFeatures;classifier;classifier;classifier;N/A;N/A;N/A;2000;100;87;10600;0,0000;0,0000;0,0000;0,0000;0,0000;0,0000;0;0;0;0
20260614_0639;Adaptação_200;classification;AdaptiveRandomForest;Default_FullFeatures;classifier;classifier;classifier;N/A;N/A;N/A;2000;100;88;10700;0,0000;0,0000;0,0000;0,0000;0,0000;0,0000;0;0;0;0
20260614_0639;Adaptação_200;classification;AdaptiveRandomForest;Default_FullFeatures;classifier;classifier;classifier;N/A;N/A;N/A;2000;100;89;10800;0,0000;0,0000;0,0000;0,0000;0,0000;0,0000;0;0;0;0
20260614_0639;Adaptação_200;classification;AdaptiveRandomForest;Default_FullFeatures;classifier;classifier;classifier;N/A;N/A;N/A;2000;100;90;10900;0,0000;0,0000;0,0000;0,0000;0,0000;0,0000;0;0;0;0
20260614_0639;Adaptação_200;classification;AdaptiveRandomForest;Default_FullFeatures;classifier;classifier;classifier;N/A;N/A;N/A;2000;100;91;11000;0,0000;0,0000;0,0000;0,0000;0,0000;0,0000;0;0;0;0
20260614_0639;Adaptação_200;classification;AdaptiveRandomForest;Default_FullFeatures;classifier;classifier;classifier;N/A;N/A;N/A;2000;100;92;11100;0,0000;0,0000;0,0000;0,0000;0,0000;0,0000;0;0;0;0
20260614_0639;Adaptação_200;classification;AdaptiveRandomForest;Default_FullFeatures;classifier;classifier;classifier;N/A;N/A;N/A;2000;100;93;11200;0,0000;0,0000;0,0000;0,0000;0,0000;0,0000;0;0;0;0
20260614_0639;Adaptação_200;classification;AdaptiveRandomForest;Default_FullFeatures;classifier;classifier;classifier;N/A;N/A;N/A;2000;100;94;11300;0,0000;0,0000;0,0000;0,0000;0,0000;0,0000;0;0;0;0
20260614_0639;Adaptação_200;classification;AdaptiveRandomForest;Default_FullFeatures;classifier;classifier;classifier;N/A;N/A;N/A;2000;100;95;11400;0,0000;0,0000;0,0000;0,0000;0,0000;0,0000;0;0;0;0
20260614_0639;Adaptação_200;classification;AdaptiveRandomForest;Default_FullFeatures;classifier;classifier;classifier;N/A;N/A;N/A;2000;100;96;11500;0,0000;0,0000;0,0000;0,0000;0,0000;0,0000;0;0;0;0
20260614_0639;Adaptação_200;classification;AdaptiveRandomForest;Default_FullFeatures;classifier;classifier;classifier;N/A;N/A;N/A;2000;100;97;11600;0,0000;0,0000;0,0000;0,0000;0,0000;0,0000;0;0;0;0
20260614_0639;Adaptação_200;classification;AdaptiveRandomForest;Default_FullFeatures;classifier;classifier;classifier;N/A;N/A;N/A;2000;100;98;11700;97,9592;0,0000;100,0000;0,0000;96,0000;0,0000;0;0;2;0
20260614_0639;Adaptação_200;classification;AdaptiveRandomForest;Default_FullFeatures;classifier;classifier;classifier;N/A;N/A;N/A;2000;100;99;11800;99,4753;0,3329;100,0000;0,0000;98,9583;0,6588;0;0;1;1
20260614_0639;Adaptação_200;classification;AdaptiveRandomForest;Default_FullFeatures;classifier;classifier;classifier;N/A;N/A;N/A;2000;100;100;11900;98,9691;0,0000;100,0000;0,0000;97,9592;0,0000;0;0;1;0
20260614_0639;Adaptação_200;classification;AdaptiveRandomForest;Default_FullFeatures;classifier;classifier;classifier;N/A;N/A;N/A;2000;100;101;12000;0,0000;0,0000;0,0000;0,0000;0,0000;0,0000;0;0;0;0
20260614_0639;Adaptação_200;classification;AdaptiveRandomForest;Default_FullFeatures;classifier;classifier;classifier;N/A;N/A;N/A;2000;100;102;12100;0,0000;0,0000;0,0000;0,0000;0,0000;0,0000;1;1;0;0
20260614_0639;Adaptação_200;classification;AdaptiveRandomForest;Default_FullFeatures;classifier;classifier;classifier;N/A;N/A;N/A;2000;100;103;12200;0,0000;0,0000;0,0000;0,0000;0,0000;0,0000;0;0;0;0
20260614_0639;Adaptação_200;classification;AdaptiveRandomForest;Default_FullFeatures;classifier;classifier;classifier;N/A;N/A;N/A;2000;100;104;12300;0,0000;0,0000;0,0000;0,0000;0,0000;0,0000;0;0;0;0
20260614_0639;Adaptação_200;classification;AdaptiveRandomForest;Default_FullFeatures;classifier;classifier;classifier;N/A;N/A;N/A;2000;100;105;12400;0,0000;0,0000;0,0000;0,0000;0,0000;0,0000;0;0;0;0
20260614_0639;Adaptação_200;classification;AdaptiveRandomForest;Default_FullFeatures;classifier;classifier;classifier;N/A;N/A;N/A;2000;100;106;12500;0,0000;0,0000;0,0000;0,0000;0,0000;0,0000;0;0;0;0
20260614_0639;Adaptação_200;classification;AdaptiveRandomForest;Default_FullFeatures;classifier;classifier;classifier;N/A;N/A;N/A;2000;100;107;12600;0,0000;0,0000;0,0000;0,0000;0,0000;0,0000;0;0;0;0
20260614_0639;Adaptação_200;classification;AdaptiveRandomForest;Default_FullFeatures;classifier;classifier;classifier;N/A;N/A;N/A;2000;100;108;12700;0,0000;0,0000;0,0000;0,0000;0,0000;0,0000;0;0;0;0
20260614_0639;Adaptação_200;classification;AdaptiveRandomForest;Default_FullFeatures;classifier;classifier;classifier;N/A;N/A;N/A;2000;100;109;12800;0,0000;0,0000;0,0000;0,0000;0,0000;0,0000;0;0;0;0
20260614_0639;Adaptação_200;classification;AdaptiveRandomForest;Default_FullFeatures;classifier;classifier;classifier;N/A;N/A;N/A;2000;100;110;12900;0,0000;0,0000;0,0000;0,0000;0,0000;0,0000;0;0;0;0
20260614_0639;Adaptação_200;classification;AdaptiveRandomForest;Default_FullFeatures;classifier;classifier;classifier;N/A;N/A;N/A;2000;100;111;13000;0,0000;0,0000;0,0000;0,0000;0,0000;0,0000;0;0;0;0
20260614_0639;Adaptação_200;classification;AdaptiveRandomForest;Default_FullFeatures;classifier;classifier;classifier;N/A;N/A;N/A;2000;100;112;13100;0,0000;0,0000;0,0000;0,0000;0,0000;0,0000;0;0;0;0
20260614_0639;Adaptação_200;classification;AdaptiveRandomForest;Default_FullFeatures;classifier;classifier;classifier;N/A;N/A;N/A;2000;100;113;13200;0,0000;0,0000;0,0000;0,0000;0,0000;0,0000;0;0;0;0
20260614_0639;Adaptação_200;classification;AdaptiveRandomForest;Default_FullFeatures;classifier;classifier;classifier;N/A;N/A;N/A;2000;100;114;13300;0,0000;0,0000;0,0000;0,0000;0,0000;0,0000;0;0;0;0
20260614_0639;Adaptação_200;classification;AdaptiveRandomForest;Default_FullFeatures;classifier;classifier;classifier;N/A;N/A;N/A;2000;100;115;13400;0,0000;0,0000;0,0000;0,0000;0,0000;0,0000;0;0;0;0
20260614_0639;Adaptação_200;classification;AdaptiveRandomForest;Default_FullFeatures;classifier;classifier;classifier;N/A;N/A;N/A;2000;100;116;13500;0,0000;0,0000;0,0000;0,0000;0,0000;0,0000;0;0;0;0
20260614_0639;Adaptação_200;classification;AdaptiveRandomForest;Default_FullFeatures;classifier;classifier;classifier;N/A;N/A;N/A;2000;100;117;13600;0,0000;0,0000;0,0000;0,0000;0,0000;0,0000;0;0;0;0
20260614_0639;Adaptação_200;classification;AdaptiveRandomForest;Default_FullFeatures;classifier;classifier;classifier;N/A;N/A;N/A;2000;100;118;13700;0,0000;0,0000;0,0000;0,0000;0,0000;0,0000;0;0;0;0
20260614_0639;Adaptação_200;classification;AdaptiveRandomForest;Default_FullFeatures;classifier;classifier;classifier;N/A;N/A;N/A;2000;100;119;13800;0,0000;0,0000;0,0000;0,0000;0,0000;0,0000;0;0;0;0
20260614_0639;Adaptação_200;classification;AdaptiveRandomForest;Default_FullFeatures;classifier;classifier;classifier;N/A;N/A;N/A;2000;100;120;13900;0,0000;0,0000;0,0000;0,0000;0,0000;0,0000;0;0;0;0
20260614_0639;Adaptação_200;classification;AdaptiveRandomForest;Default_FullFeatures;classifier;classifier;classifier;N/A;N/A;N/A;2000;100;121;14000;0,0000;0,0000;0,0000;0,0000;0,0000;0,0000;0;0;0;0
20260614_0639;Adaptação_200;classification;AdaptiveRandomForest;Default_FullFeatures;classifier;classifier;classifier;N/A;N/A;N/A;2000;100;122;14100;0,0000;0,0000;0,0000;0,0000;0,0000;0,0000;0;0;0;0
20260614_0639;Adaptação_200;classification;AdaptiveRandomForest;Default_FullFeatures;classifier;classifier;classifier;N/A;N/A;N/A;2000;100;123;14200;0,0000;0,0000;0,0000;0,0000;0,0000;0,0000;0;0;0;0
20260614_0639;Adaptação_200;classification;AdaptiveRandomForest;Default_FullFeatures;classifier;classifier;classifier;N/A;N/A;N/A;2000;100;124;14300;0,0000;0,0000;0,0000;0,0000;0,0000;0,0000;0;0;0;0
20260614_0639;Adaptação_200;classification;AdaptiveRandomForest;Default_FullFeatures;classifier;classifier;classifier;N/A;N/A;N/A;2000;100;125;14400;0,0000;0,0000;0,0000;0,0000;0,0000;0,0000;0;0;0;0
20260614_0639;Adaptação_200;classification;AdaptiveRandomForest;Default_FullFeatures;classifier;classifier;classifier;N/A;N/A;N/A;2000;100;126;14500;0,0000;0,0000;0,0000;0,0000;0,0000;0,0000;0;0;0;0
20260614_0639;Adaptação_200;classification;AdaptiveRandomForest;Default_FullFeatures;classifier;classifier;classifier;N/A;N/A;N/A;2000;100;127;14600;0,0000;0,0000;0,0000;0,0000;0,0000;0,0000;0;0;0;0
20260614_0639;Adaptação_200;classification;AdaptiveRandomForest;Default_FullFeatures;classifier;classifier;classifier;N/A;N/A;N/A;2000;100;128;14700;0,0000;0,0000;0,0000;0,0000;0,0000;0,0000;0;0;0;0
20260614_0639;Adaptação_200;classification;AdaptiveRandomForest;Default_FullFeatures;classifier;classifier;classifier;N/A;N/A;N/A;2000;100;129;14800;0,0000;0,0000;0,0000;0,0000;0,0000;0,0000;0;0;0;0
20260614_0639;Adaptação_200;classification;AdaptiveRandomForest;Default_FullFeatures;classifier;classifier;classifier;N/A;N/A;N/A;2000;100;130;14900;0,0000;0,0000;0,0000;0,0000;0,0000;0,0000;0;0;0;0
20260614_0639;Adaptação_200;classification;AdaptiveRandomForest;Default_FullFeatures;classifier;classifier;classifier;N/A;N/A;N/A;2000;100;131;15000;0,0000;0,0000;0,0000;0,0000;0,0000;0,0000;0;0;0;0
20260614_0639;Adaptação_200;classification;AdaptiveRandomForest;Default_FullFeatures;classifier;classifier;classifier;N/A;N/A;N/A;2000;100;132;15100;0,0000;0,0000;0,0000;0,0000;0,0000;0,0000;0;0;0;0
20260614_0639;Adaptação_200;classification;AdaptiveRandomForest;Default_FullFeatures;classifier;classifier;classifier;N/A;N/A;N/A;2000;100;133;15200;0,0000;0,0000;0,0000;0,0000;0,0000;0,0000;0;0;0;0
20260614_0639;Adaptação_200;classification;AdaptiveRandomForest;Default_FullFeatures;classifier;classifier;classifier;N/A;N/A;N/A;2000;100;134;15300;0,0000;0,0000;0,0000;0,0000;0,0000;0,0000;0;0;0;0
20260614_0639;Adaptação_200;classification;AdaptiveRandomForest;Default_FullFeatures;classifier;classifier;classifier;N/A;N/A;N/A;2000;100;135;15400;0,0000;0,0000;0,0000;0,0000;0,0000;0,0000;0;0;0;0
20260614_0639;Adaptação_200;classification;AdaptiveRandomForest;Default_FullFeatures;classifier;classifier;classifier;N/A;N/A;N/A;2000;100;136;15500;0,0000;0,0000;0,0000;0,0000;0,0000;0,0000;0;0;0;0
20260614_0639;Adaptação_1000;classification;AdaptiveRandomForest;Default_FullFeatures;classifier;classifier;classifier;N/A;N/A;N/A;2000;100;1;2000;0,0000;0,0000;0,0000;0,0000;0,0000;0,0000;0;0;0;0
20260614_0639;Adaptação_1000;classification;AdaptiveRandomForest;Default_FullFeatures;classifier;classifier;classifier;N/A;N/A;N/A;2000;100;2;2100;0,0000;0,0000;0,0000;0,0000;0,0000;0,0000;0;0;0;0
20260614_0639;Adaptação_1000;classification;AdaptiveRandomForest;Default_FullFeatures;classifier;classifier;classifier;N/A;N/A;N/A;2000;100;3;2200;0,0000;0,0000;0,0000;0,0000;0,0000;0,0000;0;0;0;0
20260614_0639;Adaptação_1000;classification;AdaptiveRandomForest;Default_FullFeatures;classifier;classifier;classifier;N/A;N/A;N/A;2000;100;4;2300;0,0000;0,0000;0,0000;0,0000;0,0000;0,0000;0;0;0;0
20260614_0639;Adaptação_1000;classification;AdaptiveRandomForest;Default_FullFeatures;classifier;classifier;classifier;N/A;N/A;N/A;2000;100;5;2400;0,0000;0,0000;0,0000;0,0000;0,0000;0,0000;0;0;0;0
20260614_0639;Adaptação_1000;classification;AdaptiveRandomForest;Default_FullFeatures;classifier;classifier;classifier;N/A;N/A;N/A;2000;100;6;2500;0,0000;0,0000;0,0000;0,0000;0,0000;0,0000;0;0;0;0
20260614_0639;Adaptação_1000;classification;AdaptiveRandomForest;Default_FullFeatures;classifier;classifier;classifier;N/A;N/A;N/A;2000;100;7;2600;0,0000;0,0000;0,0000;0,0000;0,0000;0,0000;0;0;0;0
20260614_0639;Adaptação_1000;classification;AdaptiveRandomForest;Default_FullFeatures;classifier;classifier;classifier;N/A;N/A;N/A;2000;100;8;2700;0,0000;0,0000;0,0000;0,0000;0,0000;0,0000;0;0;0;0
20260614_0639;Adaptação_1000;classification;AdaptiveRandomForest;Default_FullFeatures;classifier;classifier;classifier;N/A;N/A;N/A;2000;100;9;2800;0,0000;0,0000;0,0000;0,0000;0,0000;0,0000;0;0;0;0
20260614_0639;Adaptação_1000;classification;AdaptiveRandomForest;Default_FullFeatures;classifier;classifier;classifier;N/A;N/A;N/A;2000;100;10;2900;0,0000;0,0000;0,0000;0,0000;0,0000;0,0000;0;0;0;0
20260614_0639;Adaptação_1000;classification;AdaptiveRandomForest;Default_FullFeatures;classifier;classifier;classifier;N/A;N/A;N/A;2000;100;11;3000;0,0000;0,0000;0,0000;0,0000;0,0000;0,0000;0;0;0;0
20260614_0639;Adaptação_1000;classification;AdaptiveRandomForest;Default_FullFeatures;classifier;classifier;classifier;N/A;N/A;N/A;2000;100;12;3100;0,0000;0,0000;0,0000;0,0000;0,0000;0,0000;0;0;0;0
20260614_0639;Adaptação_1000;classification;AdaptiveRandomForest;Default_FullFeatures;classifier;classifier;classifier;N/A;N/A;N/A;2000;100;13;3200;0,0000;0,0000;0,0000;0,0000;0,0000;0,0000;0;0;0;0
20260614_0639;Adaptação_1000;classification;AdaptiveRandomForest;Default_FullFeatures;classifier;classifier;classifier;N/A;N/A;N/A;2000;100;14;3300;0,0000;0,0000;0,0000;0,0000;0,0000;0,0000;0;0;0;0
20260614_0639;Adaptação_1000;classification;AdaptiveRandomForest;Default_FullFeatures;classifier;classifier;classifier;N/A;N/A;N/A;2000;100;15;3400;0,0000;0,0000;0,0000;0,0000;0,0000;0,0000;0;0;0;0
20260614_0639;Adaptação_1000;classification;AdaptiveRandomForest;Default_FullFeatures;classifier;classifier;classifier;N/A;N/A;N/A;2000;100;16;3500;0,0000;0,0000;0,0000;0,0000;0,0000;0,0000;0;0;0;0
20260614_0639;Adaptação_1000;classification;AdaptiveRandomForest;Default_FullFeatures;classifier;classifier;classifier;N/A;N/A;N/A;2000;100;17;3600;0,0000;0,0000;0,0000;0,0000;0,0000;0,0000;0;0;0;0
20260614_0639;Adaptação_1000;classification;AdaptiveRandomForest;Default_FullFeatures;classifier;classifier;classifier;N/A;N/A;N/A;2000;100;18;3700;0,0000;0,0000;0,0000;0,0000;0,0000;0,0000;0;0;0;0
20260614_0639;Adaptação_1000;classification;AdaptiveRandomForest;Default_FullFeatures;classifier;classifier;classifier;N/A;N/A;N/A;2000;100;19;3800;95,7447;0,0000;100,0000;0,0000;91,8367;0,0000;0;0;4;0
20260614_0639;Adaptação_1000;classification;AdaptiveRandomForest;Default_FullFeatures;classifier;classifier;classifier;N/A;N/A;N/A;2000;100;20;3900;95,8744;0,2336;93,1625;0,4426;98,7500;0,0000;6;1;1;0
20260614_0639;Adaptação_1000;classification;AdaptiveRandomForest;Default_FullFeatures;classifier;classifier;classifier;N/A;N/A;N/A;2000;100;21;4000;100,0000;0,0000;100,0000;0,0000;100,0000;0,0000;0;0;0;0
20260614_0639;Adaptação_1000;classification;AdaptiveRandomForest;Default_FullFeatures;classifier;classifier;classifier;N/A;N/A;N/A;2000;100;22;4100;98,4615;0,0000;96,9697;0,0000;100,0000;0,0000;3;0;0;0
20260614_0639;Adaptação_1000;classification;AdaptiveRandomForest;Default_FullFeatures;classifier;classifier;classifier;N/A;N/A;N/A;2000;100;23;4200;98,8863;0,3820;98,9878;0,0076;98,7879;0,7559;1;0;2;1
20260614_0639;Adaptação_1000;classification;AdaptiveRandomForest;Default_FullFeatures;classifier;classifier;classifier;N/A;N/A;N/A;2000;100;24;4300;93,7774;0,3492;89,7557;0,5856;98,1818;0,6061;8;1;2;1
20260614_0639;Adaptação_1000;classification;AdaptiveRandomForest;Default_FullFeatures;classifier;classifier;classifier;N/A;N/A;N/A;2000;100;25;4400;90,1010;0,9897;93,5065;2,1208;86,9565;0,0000;2;1;3;0
20260614_0639;Adaptação_1000;classification;AdaptiveRandomForest;Default_FullFeatures;classifier;classifier;classifier;N/A;N/A;N/A;2000;100;26;4500;92,3077;0,0000;100,0000;0,0000;85,7143;0,0000;0;0;2;0
20260614_0639;Adaptação_1000;classification;AdaptiveRandomForest;Default_FullFeatures;classifier;classifier;classifier;N/A;N/A;N/A;2000;100;27;4600;98,8095;0,0000;100,0000;0,0000;97,6471;0,0000;0;0;2;0
20260614_0639;Adaptação_1000;classification;AdaptiveRandomForest;Default_FullFeatures;classifier;classifier;classifier;N/A;N/A;N/A;2000;100;28;4700;89,0575;1,1954;80,2941;1,9118;100,0000;0,0000;4;1;0;0
20260614_0639;Adaptação_1000;classification;AdaptiveRandomForest;Default_FullFeatures;classifier;classifier;classifier;N/A;N/A;N/A;2000;100;29;4800;100,0000;0,0000;100,0000;0,0000;100,0000;0,0000;0;0;0;0
20260614_0639;Adaptação_1000;classification;AdaptiveRandomForest;Default_FullFeatures;classifier;classifier;classifier;N/A;N/A;N/A;2000;100;30;4900;0,0000;0,0000;0,0000;0,0000;0,0000;0,0000;0;0;0;0
20260614_0639;Adaptação_1000;classification;AdaptiveRandomForest;Default_FullFeatures;classifier;classifier;classifier;N/A;N/A;N/A;2000;100;31;5000;0,0000;0,0000;0,0000;0,0000;0,0000;0,0000;2;1;0;0
20260614_0639;Adaptação_1000;classification;AdaptiveRandomForest;Default_FullFeatures;classifier;classifier;classifier;N/A;N/A;N/A;2000;100;32;5100;0,0000;0,0000;0,0000;0,0000;0,0000;0,0000;0;0;0;0
20260614_0639;Adaptação_1000;classification;AdaptiveRandomForest;Default_FullFeatures;classifier;classifier;classifier;N/A;N/A;N/A;2000;100;33;5200;0,0000;0,0000;0,0000;0,0000;0,0000;0,0000;0;0;0;0
20260614_0639;Adaptação_1000;classification;AdaptiveRandomForest;Default_FullFeatures;classifier;classifier;classifier;N/A;N/A;N/A;2000;100;34;5300;0,0000;0,0000;0,0000;0,0000;0,0000;0,0000;0;0;0;0
20260614_0639;Adaptação_1000;classification;AdaptiveRandomForest;Default_FullFeatures;classifier;classifier;classifier;N/A;N/A;N/A;2000;100;35;5400;0,0000;0,0000;0,0000;0,0000;0,0000;0,0000;0;0;0;0
20260614_0639;Adaptação_1000;classification;AdaptiveRandomForest;Default_FullFeatures;classifier;classifier;classifier;N/A;N/A;N/A;2000;100;36;5500;0,0000;0,0000;0,0000;0,0000;0,0000;0,0000;0;0;0;0
20260614_0639;Adaptação_1000;classification;AdaptiveRandomForest;Default_FullFeatures;classifier;classifier;classifier;N/A;N/A;N/A;2000;100;37;5600;0,0000;0,0000;0,0000;0,0000;0,0000;0,0000;4;1;0;0
20260614_0639;Adaptação_1000;classification;AdaptiveRandomForest;Default_FullFeatures;classifier;classifier;classifier;N/A;N/A;N/A;2000;100;38;5700;0,0000;0,0000;0,0000;0,0000;0,0000;0,0000;1;0;0;0
20260614_0639;Adaptação_1000;classification;AdaptiveRandomForest;Default_FullFeatures;classifier;classifier;classifier;N/A;N/A;N/A;2000;100;39;5800;0,0000;0,0000;0,0000;0,0000;0,0000;0,0000;0;0;0;0
20260614_0639;Adaptação_1000;classification;AdaptiveRandomForest;Default_FullFeatures;classifier;classifier;classifier;N/A;N/A;N/A;2000;100;40;5900;0,0000;0,0000;0,0000;0,0000;0,0000;0,0000;0;0;0;0
20260614_0639;Adaptação_1000;classification;AdaptiveRandomForest;Default_FullFeatures;classifier;classifier;classifier;N/A;N/A;N/A;2000;100;41;6000;0,0000;0,0000;0,0000;0,0000;0,0000;0,0000;0;0;0;0
20260614_0639;Adaptação_1000;classification;AdaptiveRandomForest;Default_FullFeatures;classifier;classifier;classifier;N/A;N/A;N/A;2000;100;42;6100;0,0000;0,0000;0,0000;0,0000;0,0000;0,0000;0;0;0;0
20260614_0639;Adaptação_1000;classification;AdaptiveRandomForest;Default_FullFeatures;classifier;classifier;classifier;N/A;N/A;N/A;2000;100;43;6200;0,0000;0,0000;0,0000;0,0000;0,0000;0,0000;0;0;0;0
20260614_0639;Adaptação_1000;classification;AdaptiveRandomForest;Default_FullFeatures;classifier;classifier;classifier;N/A;N/A;N/A;2000;100;44;6300;0,0000;0,0000;0,0000;0,0000;0,0000;0,0000;0;0;0;0
20260614_0639;Adaptação_1000;classification;AdaptiveRandomForest;Default_FullFeatures;classifier;classifier;classifier;N/A;N/A;N/A;2000;100;45;6400;0,0000;0,0000;0,0000;0,0000;0,0000;0,0000;0;0;0;0
20260614_0639;Adaptação_1000;classification;AdaptiveRandomForest;Default_FullFeatures;classifier;classifier;classifier;N/A;N/A;N/A;2000;100;46;6500;0,0000;0,0000;0,0000;0,0000;0,0000;0,0000;0;0;0;0
20260614_0639;Adaptação_1000;classification;AdaptiveRandomForest;Default_FullFeatures;classifier;classifier;classifier;N/A;N/A;N/A;2000;100;47;6600;0,0000;0,0000;0,0000;0,0000;0,0000;0,0000;0;0;0;0
20260614_0639;Adaptação_1000;classification;AdaptiveRandomForest;Default_FullFeatures;classifier;classifier;classifier;N/A;N/A;N/A;2000;100;48;6700;0,0000;0,0000;0,0000;0,0000;0,0000;0,0000;0;0;0;0
20260614_0639;Adaptação_1000;classification;AdaptiveRandomForest;Default_FullFeatures;classifier;classifier;classifier;N/A;N/A;N/A;2000;100;49;6800;0,0000;0,0000;0,0000;0,0000;0,0000;0,0000;0;0;0;0
20260614_0639;Adaptação_1000;classification;AdaptiveRandomForest;Default_FullFeatures;classifier;classifier;classifier;N/A;N/A;N/A;2000;100;50;6900;0,0000;0,0000;0,0000;0,0000;0,0000;0,0000;0;0;0;0
20260614_0639;Adaptação_1000;classification;AdaptiveRandomForest;Default_FullFeatures;classifier;classifier;classifier;N/A;N/A;N/A;2000;100;51;7000;0,0000;0,0000;0,0000;0,0000;0,0000;0,0000;0;0;0;0
20260614_0639;Adaptação_1000;classification;AdaptiveRandomForest;Default_FullFeatures;classifier;classifier;classifier;N/A;N/A;N/A;2000;100;52;7100;0,0000;0,0000;0,0000;0,0000;0,0000;0,0000;0;0;0;0
20260614_0639;Adaptação_1000;classification;AdaptiveRandomForest;Default_FullFeatures;classifier;classifier;classifier;N/A;N/A;N/A;2000;100;53;7200;0,0000;0,0000;0,0000;0,0000;0,0000;0,0000;0;0;0;0
20260614_0639;Adaptação_1000;classification;AdaptiveRandomForest;Default_FullFeatures;classifier;classifier;classifier;N/A;N/A;N/A;2000;100;54;7300;0,0000;0,0000;0,0000;0,0000;0,0000;0,0000;0;0;0;0
20260614_0639;Adaptação_1000;classification;AdaptiveRandomForest;Default_FullFeatures;classifier;classifier;classifier;N/A;N/A;N/A;2000;100;55;7400;0,0000;0,0000;0,0000;0,0000;0,0000;0,0000;0;0;0;0
20260614_0639;Adaptação_1000;classification;AdaptiveRandomForest;Default_FullFeatures;classifier;classifier;classifier;N/A;N/A;N/A;2000;100;56;7500;0,0000;0,0000;0,0000;0,0000;0,0000;0,0000;0;0;0;0
20260614_0639;Adaptação_1000;classification;AdaptiveRandomForest;Default_FullFeatures;classifier;classifier;classifier;N/A;N/A;N/A;2000;100;57;7600;0,0000;0,0000;0,0000;0,0000;0,0000;0,0000;0;0;0;0
20260614_0639;Adaptação_1000;classification;AdaptiveRandomForest;Default_FullFeatures;classifier;classifier;classifier;N/A;N/A;N/A;2000;100;58;7700;0,0000;0,0000;0,0000;0,0000;0,0000;0,0000;0;0;0;0
20260614_0639;Adaptação_1000;classification;AdaptiveRandomForest;Default_FullFeatures;classifier;classifier;classifier;N/A;N/A;N/A;2000;100;59;7800;0,0000;0,0000;0,0000;0,0000;0,0000;0,0000;0;0;0;0
20260614_0639;Adaptação_1000;classification;AdaptiveRandomForest;Default_FullFeatures;classifier;classifier;classifier;N/A;N/A;N/A;2000;100;60;7900;0,0000;0,0000;0,0000;0,0000;0,0000;0,0000;0;0;0;0
20260614_0639;Adaptação_1000;classification;AdaptiveRandomForest;Default_FullFeatures;classifier;classifier;classifier;N/A;N/A;N/A;2000;100;61;8000;0,0000;0,0000;0,0000;0,0000;0,0000;0,0000;0;0;0;0
20260614_0639;Adaptação_1000;classification;AdaptiveRandomForest;Default_FullFeatures;classifier;classifier;classifier;N/A;N/A;N/A;2000;100;62;8100;0,0000;0,0000;0,0000;0,0000;0,0000;0,0000;0;0;0;0
20260614_0639;Adaptação_1000;classification;AdaptiveRandomForest;Default_FullFeatures;classifier;classifier;classifier;N/A;N/A;N/A;2000;100;63;8200;0,0000;0,0000;0,0000;0,0000;0,0000;0,0000;0;0;0;0
20260614_0639;Adaptação_1000;classification;AdaptiveRandomForest;Default_FullFeatures;classifier;classifier;classifier;N/A;N/A;N/A;2000;100;64;8300;0,0000;0,0000;0,0000;0,0000;0,0000;0,0000;0;0;0;0
20260614_0639;Adaptação_1000;classification;AdaptiveRandomForest;Default_FullFeatures;classifier;classifier;classifier;N/A;N/A;N/A;2000;100;65;8400;0,0000;0,0000;0,0000;0,0000;0,0000;0,0000;0;0;0;0
20260614_0639;Adaptação_1000;classification;AdaptiveRandomForest;Default_FullFeatures;classifier;classifier;classifier;N/A;N/A;N/A;2000;100;66;8500;0,0000;0,0000;0,0000;0,0000;0,0000;0,0000;0;0;1;0
20260614_0639;Adaptação_1000;classification;AdaptiveRandomForest;Default_FullFeatures;classifier;classifier;classifier;N/A;N/A;N/A;2000;100;67;8600;96,0757;0,2702;100,0000;0,0000;92,4490;0,4999;0;0;8;1
20260614_0639;Adaptação_1000;classification;AdaptiveRandomForest;Default_FullFeatures;classifier;classifier;classifier;N/A;N/A;N/A;2000;100;68;8700;100,0000;0,0000;100,0000;0,0000;100,0000;0,0000;0;0;0;0
20260614_0639;Adaptação_1000;classification;AdaptiveRandomForest;Default_FullFeatures;classifier;classifier;classifier;N/A;N/A;N/A;2000;100;69;8800;99,8995;0,2010;100,0000;0,0000;99,8000;0,4000;0;0;1;1
20260614_0639;Adaptação_1000;classification;AdaptiveRandomForest;Default_FullFeatures;classifier;classifier;classifier;N/A;N/A;N/A;2000;100;70;8900;99,8995;0,2010;100,0000;0,0000;99,8000;0,4000;0;0;1;1
20260614_0639;Adaptação_1000;classification;AdaptiveRandomForest;Default_FullFeatures;classifier;classifier;classifier;N/A;N/A;N/A;2000;100;71;9000;100,0000;0,0000;100,0000;0,0000;100,0000;0,0000;0;0;0;0
20260614_0639;Adaptação_1000;classification;AdaptiveRandomForest;Default_FullFeatures;classifier;classifier;classifier;N/A;N/A;N/A;2000;100;72;9100;100,0000;0,0000;100,0000;0,0000;100,0000;0,0000;0;0;0;0
20260614_0639;Adaptação_1000;classification;AdaptiveRandomForest;Default_FullFeatures;classifier;classifier;classifier;N/A;N/A;N/A;2000;100;73;9200;100,0000;0,0000;100,0000;0,0000;100,0000;0,0000;0;0;0;0
20260614_0639;Adaptação_1000;classification;AdaptiveRandomForest;Default_FullFeatures;classifier;classifier;classifier;N/A;N/A;N/A;2000;100;74;9300;100,0000;0,0000;100,0000;0,0000;100,0000;0,0000;0;0;0;0
20260614_0639;Adaptação_1000;classification;AdaptiveRandomForest;Default_FullFeatures;classifier;classifier;classifier;N/A;N/A;N/A;2000;100;75;9400;100,0000;0,0000;100,0000;0,0000;100,0000;0,0000;0;0;0;0
20260614_0639;Adaptação_1000;classification;AdaptiveRandomForest;Default_FullFeatures;classifier;classifier;classifier;N/A;N/A;N/A;2000;100;76;9500;99,4975;0,0000;99,0000;0,0000;100,0000;0,0000;1;0;0;0
20260614_0639;Adaptação_1000;classification;AdaptiveRandomForest;Default_FullFeatures;classifier;classifier;classifier;N/A;N/A;N/A;2000;100;77;9600;0,0000;0,0000;0,0000;0,0000;0,0000;0,0000;6;1;0;0
20260614_0639;Adaptação_1000;classification;AdaptiveRandomForest;Default_FullFeatures;classifier;classifier;classifier;N/A;N/A;N/A;2000;100;78;9700;0,0000;0,0000;0,0000;0,0000;0,0000;0,0000;0;0;0;0
20260614_0639;Adaptação_1000;classification;AdaptiveRandomForest;Default_FullFeatures;classifier;classifier;classifier;N/A;N/A;N/A;2000;100;79;9800;0,0000;0,0000;0,0000;0,0000;0,0000;0,0000;0;0;0;0
20260614_0639;Adaptação_1000;classification;AdaptiveRandomForest;Default_FullFeatures;classifier;classifier;classifier;N/A;N/A;N/A;2000;100;80;9900;0,0000;0,0000;0,0000;0,0000;0,0000;0,0000;0;0;0;0
20260614_0639;Adaptação_1000;classification;AdaptiveRandomForest;Default_FullFeatures;classifier;classifier;classifier;N/A;N/A;N/A;2000;100;81;10000;0,0000;0,0000;0,0000;0,0000;0,0000;0,0000;0;0;0;0
20260614_0639;Adaptação_1000;classification;AdaptiveRandomForest;Default_FullFeatures;classifier;classifier;classifier;N/A;N/A;N/A;2000;100;82;10100;0,0000;0,0000;0,0000;0,0000;0,0000;0,0000;0;0;0;0
20260614_0639;Adaptação_1000;classification;AdaptiveRandomForest;Default_FullFeatures;classifier;classifier;classifier;N/A;N/A;N/A;2000;100;83;10200;0,0000;0,0000;0,0000;0,0000;0,0000;0,0000;0;0;0;0
20260614_0639;Adaptação_1000;classification;AdaptiveRandomForest;Default_FullFeatures;classifier;classifier;classifier;N/A;N/A;N/A;2000;100;84;10300;0,0000;0,0000;0,0000;0,0000;0,0000;0,0000;0;0;0;0
20260614_0639;Adaptação_1000;classification;AdaptiveRandomForest;Default_FullFeatures;classifier;classifier;classifier;N/A;N/A;N/A;2000;100;85;10400;0,0000;0,0000;0,0000;0,0000;0,0000;0,0000;0;0;0;0
20260614_0639;Adaptação_1000;classification;AdaptiveRandomForest;Default_FullFeatures;classifier;classifier;classifier;N/A;N/A;N/A;2000;100;86;10500;0,0000;0,0000;0,0000;0,0000;0,0000;0,0000;0;0;0;0
20260614_0639;Adaptação_1000;classification;AdaptiveRandomForest;Default_FullFeatures;classifier;classifier;classifier;N/A;N/A;N/A;2000;100;87;10600;0,0000;0,0000;0,0000;0,0000;0,0000;0,0000;0;0;0;0
20260614_0639;Adaptação_1000;classification;AdaptiveRandomForest;Default_FullFeatures;classifier;classifier;classifier;N/A;N/A;N/A;2000;100;88;10700;0,0000;0,0000;0,0000;0,0000;0,0000;0,0000;0;0;0;0
20260614_0639;Adaptação_1000;classification;AdaptiveRandomForest;Default_FullFeatures;classifier;classifier;classifier;N/A;N/A;N/A;2000;100;89;10800;0,0000;0,0000;0,0000;0,0000;0,0000;0,0000;0;0;0;0
20260614_0639;Adaptação_1000;classification;AdaptiveRandomForest;Default_FullFeatures;classifier;classifier;classifier;N/A;N/A;N/A;2000;100;90;10900;0,0000;0,0000;0,0000;0,0000;0,0000;0,0000;0;0;0;0
20260614_0639;Adaptação_1000;classification;AdaptiveRandomForest;Default_FullFeatures;classifier;classifier;classifier;N/A;N/A;N/A;2000;100;91;11000;0,0000;0,0000;0,0000;0,0000;0,0000;0,0000;0;0;0;0
20260614_0639;Adaptação_1000;classification;AdaptiveRandomForest;Default_FullFeatures;classifier;classifier;classifier;N/A;N/A;N/A;2000;100;92;11100;0,0000;0,0000;0,0000;0,0000;0,0000;0,0000;0;0;0;0
20260614_0639;Adaptação_1000;classification;AdaptiveRandomForest;Default_FullFeatures;classifier;classifier;classifier;N/A;N/A;N/A;2000;100;93;11200;0,0000;0,0000;0,0000;0,0000;0,0000;0,0000;0;0;0;0
20260614_0639;Adaptação_1000;classification;AdaptiveRandomForest;Default_FullFeatures;classifier;classifier;classifier;N/A;N/A;N/A;2000;100;94;11300;0,0000;0,0000;0,0000;0,0000;0,0000;0,0000;0;0;0;0
20260614_0639;Adaptação_1000;classification;AdaptiveRandomForest;Default_FullFeatures;classifier;classifier;classifier;N/A;N/A;N/A;2000;100;95;11400;0,0000;0,0000;0,0000;0,0000;0,0000;0,0000;0;0;0;0
20260614_0639;Adaptação_1000;classification;AdaptiveRandomForest;Default_FullFeatures;classifier;classifier;classifier;N/A;N/A;N/A;2000;100;96;11500;0,0000;0,0000;0,0000;0,0000;0,0000;0,0000;0;0;0;0
20260614_0639;Adaptação_1000;classification;AdaptiveRandomForest;Default_FullFeatures;classifier;classifier;classifier;N/A;N/A;N/A;2000;100;97;11600;0,0000;0,0000;0,0000;0,0000;0,0000;0,0000;0;0;0;0
20260614_0639;Adaptação_1000;classification;AdaptiveRandomForest;Default_FullFeatures;classifier;classifier;classifier;N/A;N/A;N/A;2000;100;98;11700;0,0000;0,0000;0,0000;0,0000;0,0000;0,0000;0;0;0;0
20260614_0639;Adaptação_1000;classification;AdaptiveRandomForest;Default_FullFeatures;classifier;classifier;classifier;N/A;N/A;N/A;2000;100;99;11800;0,0000;0,0000;0,0000;0,0000;0,0000;0,0000;0;0;0;0
20260614_0639;Adaptação_1000;classification;AdaptiveRandomForest;Default_FullFeatures;classifier;classifier;classifier;N/A;N/A;N/A;2000;100;100;11900;0,0000;0,0000;0,0000;0,0000;0,0000;0,0000;0;0;0;0
20260614_0639;Adaptação_1000;classification;AdaptiveRandomForest;Default_FullFeatures;classifier;classifier;classifier;N/A;N/A;N/A;2000;100;101;12000;0,0000;0,0000;0,0000;0,0000;0,0000;0,0000;0;0;0;0
20260614_0639;Adaptação_1000;classification;AdaptiveRandomForest;Default_FullFeatures;classifier;classifier;classifier;N/A;N/A;N/A;2000;100;102;12100;0,0000;0,0000;0,0000;0,0000;0,0000;0,0000;0;0;0;0
20260614_0639;Adaptação_1000;classification;AdaptiveRandomForest;Default_FullFeatures;classifier;classifier;classifier;N/A;N/A;N/A;2000;100;103;12200;0,0000;0,0000;0,0000;0,0000;0,0000;0,0000;0;0;0;0
20260614_0639;Adaptação_1000;classification;AdaptiveRandomForest;Default_FullFeatures;classifier;classifier;classifier;N/A;N/A;N/A;2000;100;104;12300;0,0000;0,0000;0,0000;0,0000;0,0000;0,0000;0;0;0;0
20260614_0639;Adaptação_1000;classification;AdaptiveRandomForest;Default_FullFeatures;classifier;classifier;classifier;N/A;N/A;N/A;2000;100;105;12400;0,0000;0,0000;0,0000;0,0000;0,0000;0,0000;0;0;0;0
20260614_0639;Adaptação_1000;classification;AdaptiveRandomForest;Default_FullFeatures;classifier;classifier;classifier;N/A;N/A;N/A;2000;100;106;12500;0,0000;0,0000;0,0000;0,0000;0,0000;0,0000;0;0;0;0
20260614_0639;Adaptação_1000;classification;AdaptiveRandomForest;Default_FullFeatures;classifier;classifier;classifier;N/A;N/A;N/A;2000;100;107;12600;0,0000;0,0000;0,0000;0,0000;0,0000;0,0000;0;0;0;0
20260614_0639;Adaptação_1000;classification;AdaptiveRandomForest;Default_FullFeatures;classifier;classifier;classifier;N/A;N/A;N/A;2000;100;108;12700;0,0000;0,0000;0,0000;0,0000;0,0000;0,0000;0;0;0;0
20260614_0639;Adaptação_1000;classification;AdaptiveRandomForest;Default_FullFeatures;classifier;classifier;classifier;N/A;N/A;N/A;2000;100;109;12800;0,0000;0,0000;0,0000;0,0000;0,0000;0,0000;0;0;0;0
20260614_0639;Adaptação_1000;classification;AdaptiveRandomForest;Default_FullFeatures;classifier;classifier;classifier;N/A;N/A;N/A;2000;100;110;12900;0,0000;0,0000;0,0000;0,0000;0,0000;0,0000;0;0;0;0
20260614_0639;Adaptação_1000;classification;AdaptiveRandomForest;Default_FullFeatures;classifier;classifier;classifier;N/A;N/A;N/A;2000;100;111;13000;0,0000;0,0000;0,0000;0,0000;0,0000;0,0000;0;0;0;0
20260614_0639;Adaptação_1000;classification;AdaptiveRandomForest;Default_FullFeatures;classifier;classifier;classifier;N/A;N/A;N/A;2000;100;112;13100;0,0000;0,0000;0,0000;0,0000;0,0000;0,0000;0;0;0;0
20260614_0639;Adaptação_1000;classification;AdaptiveRandomForest;Default_FullFeatures;classifier;classifier;classifier;N/A;N/A;N/A;2000;100;113;13200;0,0000;0,0000;0,0000;0,0000;0,0000;0,0000;0;0;0;0
20260614_0639;Adaptação_1000;classification;AdaptiveRandomForest;Default_FullFeatures;classifier;classifier;classifier;N/A;N/A;N/A;2000;100;114;13300;96,9229;0,8482;100,0000;0,0000;94,0426;1,5922;0;0;3;1
20260614_0639;Adaptação_1000;classification;AdaptiveRandomForest;Default_FullFeatures;classifier;classifier;classifier;N/A;N/A;N/A;2000;100;115;13400;96,9612;0,4487;100,0000;0,0000;94,1053;0,8421;0;0;6;1
20260614_0639;Adaptação_1000;classification;AdaptiveRandomForest;Default_FullFeatures;classifier;classifier;classifier;N/A;N/A;N/A;2000;100;116;13500;97,8745;0,4323;99,5531;0,5474;96,2637;1,1207;1;1;4;2
20260614_0639;Adaptação_1000;classification;AdaptiveRandomForest;Default_FullFeatures;classifier;classifier;classifier;N/A;N/A;N/A;2000;100;117;13600;99,2481;0,0000;100,0000;0,0000;98,5075;0,0000;0;0;1;0
20260614_0639;Adaptação_1000;classification;AdaptiveRandomForest;Default_FullFeatures;classifier;classifier;classifier;N/A;N/A;N/A;2000;100;118;13700;99,2409;0,2677;100,0000;0,0000;98,4946;0,5268;0;0;2;1
20260614_0639;Adaptação_1000;classification;AdaptiveRandomForest;Default_FullFeatures;classifier;classifier;classifier;N/A;N/A;N/A;2000;100;119;13800;99,8985;0,2030;100,0000;0,0000;99,7980;0,4040;0;0;1;1
20260614_0639;Adaptação_1000;classification;AdaptiveRandomForest;Default_FullFeatures;classifier;classifier;classifier;N/A;N/A;N/A;2000;100;120;13900;99,8974;0,2051;100,0000;0,0000;99,7959;0,4082;0;0;1;1
20260614_0639;Adaptação_1000;classification;AdaptiveRandomForest;Default_FullFeatures;classifier;classifier;classifier;N/A;N/A;N/A;2000;100;121;14000;99,4924;0,0000;100,0000;0,0000;98,9899;0,0000;0;0;1;0
20260614_0639;Adaptação_1000;classification;AdaptiveRandomForest;Default_FullFeatures;classifier;classifier;classifier;N/A;N/A;N/A;2000;100;122;14100;100,0000;0,0000;100,0000;0,0000;100,0000;0,0000;0;0;0;0
20260614_0639;Adaptação_1000;classification;AdaptiveRandomForest;Default_FullFeatures;classifier;classifier;classifier;N/A;N/A;N/A;2000;100;123;14200;100,0000;0,0000;100,0000;0,0000;100,0000;0,0000;0;0;0;0
20260614_0639;Adaptação_1000;classification;AdaptiveRandomForest;Default_FullFeatures;classifier;classifier;classifier;N/A;N/A;N/A;2000;100;124;14300;98,1980;0,3960;96,4627;0,7686;100,0000;0,0000;2;1;0;0
20260614_0639;Adaptação_1000;classification;AdaptiveRandomForest;Default_FullFeatures;classifier;classifier;classifier;N/A;N/A;N/A;2000;100;125;14400;0,0000;0,0000;0,0000;0,0000;0,0000;0,0000;1;1;0;0
20260614_0639;Adaptação_1000;classification;AdaptiveRandomForest;Default_FullFeatures;classifier;classifier;classifier;N/A;N/A;N/A;2000;100;126;14500;0,0000;0,0000;0,0000;0,0000;0,0000;0,0000;1;0;0;0
20260614_0639;Adaptação_1000;classification;AdaptiveRandomForest;Default_FullFeatures;classifier;classifier;classifier;N/A;N/A;N/A;2000;100;127;14600;0,0000;0,0000;0,0000;0,0000;0,0000;0,0000;0;0;0;0
20260614_0639;Adaptação_1000;classification;AdaptiveRandomForest;Default_FullFeatures;classifier;classifier;classifier;N/A;N/A;N/A;2000;100;128;14700;0,0000;0,0000;0,0000;0,0000;0,0000;0,0000;0;0;0;0
20260614_0639;Adaptação_1000;classification;AdaptiveRandomForest;Default_FullFeatures;classifier;classifier;classifier;N/A;N/A;N/A;2000;100;129;14800;0,0000;0,0000;0,0000;0,0000;0,0000;0,0000;0;0;0;0
20260614_0639;Adaptação_1000;classification;AdaptiveRandomForest;Default_FullFeatures;classifier;classifier;classifier;N/A;N/A;N/A;2000;100;130;14900;0,0000;0,0000;0,0000;0,0000;0,0000;0,0000;0;0;0;0
20260614_0639;Adaptação_1000;classification;AdaptiveRandomForest;Default_FullFeatures;classifier;classifier;classifier;N/A;N/A;N/A;2000;100;131;15000;0,0000;0,0000;0,0000;0,0000;0,0000;0,0000;0;0;0;0
20260614_0639;Adaptação_1000;classification;AdaptiveRandomForest;Default_FullFeatures;classifier;classifier;classifier;N/A;N/A;N/A;2000;100;132;15100;0,0000;0,0000;0,0000;0,0000;0,0000;0,0000;0;0;0;0
20260614_0639;Adaptação_1000;classification;AdaptiveRandomForest;Default_FullFeatures;classifier;classifier;classifier;N/A;N/A;N/A;2000;100;133;15200;0,0000;0,0000;0,0000;0,0000;0,0000;0,0000;0;0;0;0
20260614_0639;Adaptação_1000;classification;AdaptiveRandomForest;Default_FullFeatures;classifier;classifier;classifier;N/A;N/A;N/A;2000;100;134;15300;0,0000;0,0000;0,0000;0,0000;0,0000;0,0000;0;0;0;0
20260614_0639;Adaptação_1000;classification;AdaptiveRandomForest;Default_FullFeatures;classifier;classifier;classifier;N/A;N/A;N/A;2000;100;135;15400;0,0000;0,0000;0,0000;0,0000;0,0000;0,0000;0;0;0;0
20260614_0639;Adaptação_1000;classification;AdaptiveRandomForest;Default_FullFeatures;classifier;classifier;classifier;N/A;N/A;N/A;2000;100;136;15500;0,0000;0,0000;0,0000;0,0000;0,0000;0,0000;0;0;0;0
20260614_0639;Adaptação_1000;classification;AdaptiveRandomForest;Default_FullFeatures;classifier;classifier;classifier;N/A;N/A;N/A;2000;100;137;15600;0,0000;0,0000;0,0000;0,0000;0,0000;0,0000;0;0;0;0
20260614_0639;Adaptação_1000;classification;AdaptiveRandomForest;Default_FullFeatures;classifier;classifier;classifier;N/A;N/A;N/A;2000;100;138;15700;0,0000;0,0000;0,0000;0,0000;0,0000;0,0000;0;0;0;0
20260614_0639;Adaptação_1000;classification;AdaptiveRandomForest;Default_FullFeatures;classifier;classifier;classifier;N/A;N/A;N/A;2000;100;139;15800;0,0000;0,0000;0,0000;0,0000;0,0000;0,0000;0;0;0;0
20260614_0639;Adaptação_1000;classification;AdaptiveRandomForest;Default_FullFeatures;classifier;classifier;classifier;N/A;N/A;N/A;2000;100;140;15900;0,0000;0,0000;0,0000;0,0000;0,0000;0,0000;0;0;0;0
20260614_0639;Adaptação_1000;classification;AdaptiveRandomForest;Default_FullFeatures;classifier;classifier;classifier;N/A;N/A;N/A;2000;100;141;16000;0,0000;0,0000;0,0000;0,0000;0,0000;0,0000;0;0;0;0
20260614_0639;Adaptação_1000;classification;AdaptiveRandomForest;Default_FullFeatures;classifier;classifier;classifier;N/A;N/A;N/A;2000;100;142;16100;0,0000;0,0000;0,0000;0,0000;0,0000;0,0000;0;0;0;0
20260614_0639;Adaptação_1000;classification;AdaptiveRandomForest;Default_FullFeatures;classifier;classifier;classifier;N/A;N/A;N/A;2000;100;143;16200;0,0000;0,0000;0,0000;0,0000;0,0000;0,0000;0;0;0;0
20260614_0639;Adaptação_1000;classification;AdaptiveRandomForest;Default_FullFeatures;classifier;classifier;classifier;N/A;N/A;N/A;2000;100;144;16300;0,0000;0,0000;0,0000;0,0000;0,0000;0,0000;0;0;0;0
20260614_0639;Adaptação_1000;classification;AdaptiveRandomForest;Default_FullFeatures;classifier;classifier;classifier;N/A;N/A;N/A;2000;100;145;16400;0,0000;0,0000;0,0000;0,0000;0,0000;0,0000;0;0;0;0
20260614_0639;Adaptação_1000;classification;AdaptiveRandomForest;Default_FullFeatures;classifier;classifier;classifier;N/A;N/A;N/A;2000;100;146;16500;0,0000;0,0000;0,0000;0,0000;0,0000;0,0000;0;0;0;0
20260614_0639;Adaptação_1000;classification;AdaptiveRandomForest;Default_FullFeatures;classifier;classifier;classifier;N/A;N/A;N/A;2000;100;147;16600;0,0000;0,0000;0,0000;0,0000;0,0000;0,0000;0;0;0;0
20260614_0639;Adaptação_1000;classification;AdaptiveRandomForest;Default_FullFeatures;classifier;classifier;classifier;N/A;N/A;N/A;2000;100;148;16700;0,0000;0,0000;0,0000;0,0000;0,0000;0,0000;0;0;0;0
20260614_0639;Adaptação_1000;classification;AdaptiveRandomForest;Default_FullFeatures;classifier;classifier;classifier;N/A;N/A;N/A;2000;100;149;16800;0,0000;0,0000;0,0000;0,0000;0,0000;0,0000;0;0;0;0
20260614_0639;Adaptação_1000;classification;AdaptiveRandomForest;Default_FullFeatures;classifier;classifier;classifier;N/A;N/A;N/A;2000;100;150;16900;0,0000;0,0000;0,0000;0,0000;0,0000;0,0000;0;0;0;0
20260614_0639;Adaptação_1000;classification;AdaptiveRandomForest;Default_FullFeatures;classifier;classifier;classifier;N/A;N/A;N/A;2000;100;151;17000;0,0000;0,0000;0,0000;0,0000;0,0000;0,0000;0;0;0;0
20260614_0639;Adaptação_1000;classification;AdaptiveRandomForest;Default_FullFeatures;classifier;classifier;classifier;N/A;N/A;N/A;2000;100;152;17100;0,0000;0,0000;0,0000;0,0000;0,0000;0,0000;0;0;0;0
20260614_0639;Adaptação_1000;classification;AdaptiveRandomForest;Default_FullFeatures;classifier;classifier;classifier;N/A;N/A;N/A;2000;100;153;17200;0,0000;0,0000;0,0000;0,0000;0,0000;0,0000;0;0;0;0
20260614_0639;Adaptação_1000;classification;AdaptiveRandomForest;Default_FullFeatures;classifier;classifier;classifier;N/A;N/A;N/A;2000;100;154;17300;0,0000;0,0000;0,0000;0,0000;0,0000;0,0000;0;0;0;0
20260614_0639;Adaptação_1000;classification;AdaptiveRandomForest;Default_FullFeatures;classifier;classifier;classifier;N/A;N/A;N/A;2000;100;155;17400;0,0000;0,0000;0,0000;0,0000;0,0000;0,0000;0;0;0;0
20260614_0639;Adaptação_1000;classification;AdaptiveRandomForest;Default_FullFeatures;classifier;classifier;classifier;N/A;N/A;N/A;2000;100;156;17500;0,0000;0,0000;0,0000;0,0000;0,0000;0,0000;0;0;0;0
20260614_0639;Adaptação_1000;classification;AdaptiveRandomForest;Default_FullFeatures;classifier;classifier;classifier;N/A;N/A;N/A;2000;100;157;17600;0,0000;0,0000;0,0000;0,0000;0,0000;0,0000;0;0;0;0
20260614_0639;Adaptação_1000;classification;AdaptiveRandomForest;Default_FullFeatures;classifier;classifier;classifier;N/A;N/A;N/A;2000;100;158;17700;0,0000;0,0000;0,0000;0,0000;0,0000;0,0000;0;0;0;0
20260614_0639;Adaptação_1000;classification;AdaptiveRandomForest;Default_FullFeatures;classifier;classifier;classifier;N/A;N/A;N/A;2000;100;159;17800;0,0000;0,0000;0,0000;0,0000;0,0000;0,0000;0;0;0;0
20260614_0639;Adaptação_1000;classification;AdaptiveRandomForest;Default_FullFeatures;classifier;classifier;classifier;N/A;N/A;N/A;2000;100;160;17900;0,0000;0,0000;0,0000;0,0000;0,0000;0,0000;0;0;0;0
20260614_0639;Recorrência_25;classification;AdaptiveRandomForest;Default_FullFeatures;classifier;classifier;classifier;N/A;N/A;N/A;2000;100;1;2000;0,0000;0,0000;0,0000;0,0000;0,0000;0,0000;0;0;0;0
20260614_0639;Recorrência_25;classification;AdaptiveRandomForest;Default_FullFeatures;classifier;classifier;classifier;N/A;N/A;N/A;2000;100;2;2100;0,0000;0,0000;0,0000;0,0000;0,0000;0,0000;0;0;0;0
20260614_0639;Recorrência_25;classification;AdaptiveRandomForest;Default_FullFeatures;classifier;classifier;classifier;N/A;N/A;N/A;2000;100;3;2200;86,2319;1,4493;89,3939;3,0303;83,3333;0,0000;2;1;2;0
20260614_0639;Recorrência_25;classification;AdaptiveRandomForest;Default_FullFeatures;classifier;classifier;classifier;N/A;N/A;N/A;2000;100;4;2300;0,0000;0,0000;0,0000;0,0000;0,0000;0,0000;1;0;0;0
20260614_0639;Recorrência_25;classification;AdaptiveRandomForest;Default_FullFeatures;classifier;classifier;classifier;N/A;N/A;N/A;2000;100;5;2400;0,0000;0,0000;0,0000;0,0000;0,0000;0,0000;1;1;0;0
20260614_0639;Recorrência_25;classification;AdaptiveRandomForest;Default_FullFeatures;classifier;classifier;classifier;N/A;N/A;N/A;2000;100;6;2500;0,0000;0,0000;0,0000;0,0000;0,0000;0,0000;0;0;0;0
20260614_0639;Recorrência_25;classification;AdaptiveRandomForest;Default_FullFeatures;classifier;classifier;classifier;N/A;N/A;N/A;2000;100;7;2600;0,0000;0,0000;0,0000;0,0000;0,0000;0,0000;0;0;0;0
20260614_0639;Recorrência_25;classification;AdaptiveRandomForest;Default_FullFeatures;classifier;classifier;classifier;N/A;N/A;N/A;2000;100;8;2700;0,0000;0,0000;0,0000;0,0000;0,0000;0,0000;0;0;0;0
20260614_0639;Recorrência_25;classification;AdaptiveRandomForest;Default_FullFeatures;classifier;classifier;classifier;N/A;N/A;N/A;2000;100;9;2800;0,0000;0,0000;0,0000;0,0000;0,0000;0,0000;0;0;0;0
20260614_0639;Recorrência_25;classification;AdaptiveRandomForest;Default_FullFeatures;classifier;classifier;classifier;N/A;N/A;N/A;2000;100;10;2900;0,0000;0,0000;0,0000;0,0000;0,0000;0,0000;0;0;0;0
20260614_0639;Recorrência_25;classification;AdaptiveRandomForest;Default_FullFeatures;classifier;classifier;classifier;N/A;N/A;N/A;2000;100;11;3000;0,0000;0,0000;0,0000;0,0000;0,0000;0,0000;0;0;0;0
20260614_0639;Recorrência_25;classification;AdaptiveRandomForest;Default_FullFeatures;classifier;classifier;classifier;N/A;N/A;N/A;2000;100;12;3100;0,0000;0,0000;0,0000;0,0000;0,0000;0,0000;0;0;0;0
20260614_0639;Recorrência_25;classification;AdaptiveRandomForest;Default_FullFeatures;classifier;classifier;classifier;N/A;N/A;N/A;2000;100;13;3200;0,0000;0,0000;0,0000;0,0000;0,0000;0,0000;0;0;0;0
20260614_0639;Recorrência_25;classification;AdaptiveRandomForest;Default_FullFeatures;classifier;classifier;classifier;N/A;N/A;N/A;2000;100;14;3300;0,0000;0,0000;0,0000;0,0000;0,0000;0,0000;0;0;0;0
20260614_0639;Recorrência_25;classification;AdaptiveRandomForest;Default_FullFeatures;classifier;classifier;classifier;N/A;N/A;N/A;2000;100;15;3400;0,0000;0,0000;0,0000;0,0000;0,0000;0,0000;0;0;0;0
20260614_0639;Recorrência_25;classification;AdaptiveRandomForest;Default_FullFeatures;classifier;classifier;classifier;N/A;N/A;N/A;2000;100;16;3500;0,0000;0,0000;0,0000;0,0000;0,0000;0,0000;0;0;0;0
20260614_0639;Recorrência_25;classification;AdaptiveRandomForest;Default_FullFeatures;classifier;classifier;classifier;N/A;N/A;N/A;2000;100;17;3600;0,0000;0,0000;0,0000;0,0000;0,0000;0,0000;0;0;0;0
20260614_0639;Recorrência_25;classification;AdaptiveRandomForest;Default_FullFeatures;classifier;classifier;classifier;N/A;N/A;N/A;2000;100;18;3700;0,0000;0,0000;0,0000;0,0000;0,0000;0,0000;0;0;0;0
20260614_0639;Recorrência_25;classification;AdaptiveRandomForest;Default_FullFeatures;classifier;classifier;classifier;N/A;N/A;N/A;2000;100;19;3800;0,0000;0,0000;0,0000;0,0000;0,0000;0,0000;0;0;0;0
20260614_0639;Recorrência_25;classification;AdaptiveRandomForest;Default_FullFeatures;classifier;classifier;classifier;N/A;N/A;N/A;2000;100;20;3900;0,0000;0,0000;0,0000;0,0000;0,0000;0,0000;0;0;0;0
20260614_0639;Recorrência_25;classification;AdaptiveRandomForest;Default_FullFeatures;classifier;classifier;classifier;N/A;N/A;N/A;2000;100;21;4000;0,0000;0,0000;0,0000;0,0000;0,0000;0,0000;0;0;0;0
20260614_0639;Recorrência_25;classification;AdaptiveRandomForest;Default_FullFeatures;classifier;classifier;classifier;N/A;N/A;N/A;2000;100;22;4100;0,0000;0,0000;0,0000;0,0000;0,0000;0,0000;0;0;0;0
20260614_0639;Recorrência_25;classification;AdaptiveRandomForest;Default_FullFeatures;classifier;classifier;classifier;N/A;N/A;N/A;2000;100;23;4200;0,0000;0,0000;0,0000;0,0000;0,0000;0,0000;0;0;0;0
20260614_0639;Recorrência_25;classification;AdaptiveRandomForest;Default_FullFeatures;classifier;classifier;classifier;N/A;N/A;N/A;2000;100;24;4300;33,3333;0,0000;100,0000;0,0000;20,0000;0,0000;0;0;4;0
20260614_0639;Recorrência_25;classification;AdaptiveRandomForest;Default_FullFeatures;classifier;classifier;classifier;N/A;N/A;N/A;2000;100;25;4400;78,1176;3,7647;72,0000;6,0000;85,7143;0,0000;3;1;1;0
20260614_0639;Recorrência_25;classification;AdaptiveRandomForest;Default_FullFeatures;classifier;classifier;classifier;N/A;N/A;N/A;2000;100;26;4500;0,0000;0,0000;0,0000;0,0000;0,0000;0,0000;0;0;0;0
20260614_0639;Recorrência_25;classification;AdaptiveRandomForest;Default_FullFeatures;classifier;classifier;classifier;N/A;N/A;N/A;2000;100;27;4600;0,0000;0,0000;0,0000;0,0000;0,0000;0,0000;2;1;0;0
20260614_0639;Recorrência_25;classification;AdaptiveRandomForest;Default_FullFeatures;classifier;classifier;classifier;N/A;N/A;N/A;2000;100;28;4700;0,0000;0,0000;0,0000;0,0000;0,0000;0,0000;0;0;0;0
20260614_0639;Recorrência_25;classification;AdaptiveRandomForest;Default_FullFeatures;classifier;classifier;classifier;N/A;N/A;N/A;2000;100;29;4800;0,0000;0,0000;0,0000;0,0000;0,0000;0,0000;0;0;0;0
20260614_0639;Recorrência_25;classification;AdaptiveRandomForest;Default_FullFeatures;classifier;classifier;classifier;N/A;N/A;N/A;2000;100;30;4900;0,0000;0,0000;0,0000;0,0000;0,0000;0,0000;0;0;0;0
20260614_0639;Recorrência_25;classification;AdaptiveRandomForest;Default_FullFeatures;classifier;classifier;classifier;N/A;N/A;N/A;2000;100;31;5000;0,0000;0,0000;0,0000;0,0000;0,0000;0,0000;0;0;0;0
20260614_0639;Recorrência_25;classification;AdaptiveRandomForest;Default_FullFeatures;classifier;classifier;classifier;N/A;N/A;N/A;2000;100;32;5100;0,0000;0,0000;0,0000;0,0000;0,0000;0,0000;0;0;0;0
20260614_0639;Recorrência_25;classification;AdaptiveRandomForest;Default_FullFeatures;classifier;classifier;classifier;N/A;N/A;N/A;2000;100;33;5200;0,0000;0,0000;0,0000;0,0000;0,0000;0,0000;0;0;0;0
20260614_0639;Recorrência_25;classification;AdaptiveRandomForest;Default_FullFeatures;classifier;classifier;classifier;N/A;N/A;N/A;2000;100;34;5300;0,0000;0,0000;0,0000;0,0000;0,0000;0,0000;0;0;0;0
20260614_0639;Recorrência_25;classification;AdaptiveRandomForest;Default_FullFeatures;classifier;classifier;classifier;N/A;N/A;N/A;2000;100;35;5400;0,0000;0,0000;0,0000;0,0000;0,0000;0,0000;0;0;0;0
20260614_0639;Recorrência_25;classification;AdaptiveRandomForest;Default_FullFeatures;classifier;classifier;classifier;N/A;N/A;N/A;2000;100;36;5500;0,0000;0,0000;0,0000;0,0000;0,0000;0,0000;0;0;0;0
20260614_0639;Recorrência_25;classification;AdaptiveRandomForest;Default_FullFeatures;classifier;classifier;classifier;N/A;N/A;N/A;2000;100;37;5600;0,0000;0,0000;0,0000;0,0000;0,0000;0,0000;0;0;0;0
20260614_0639;Recorrência_25;classification;AdaptiveRandomForest;Default_FullFeatures;classifier;classifier;classifier;N/A;N/A;N/A;2000;100;38;5700;0,0000;0,0000;0,0000;0,0000;0,0000;0,0000;0;0;0;0
20260614_0639;Recorrência_25;classification;AdaptiveRandomForest;Default_FullFeatures;classifier;classifier;classifier;N/A;N/A;N/A;2000;100;39;5800;0,0000;0,0000;0,0000;0,0000;0,0000;0,0000;0;0;0;0
20260614_0639;Recorrência_25;classification;AdaptiveRandomForest;Default_FullFeatures;classifier;classifier;classifier;N/A;N/A;N/A;2000;100;40;5900;0,0000;0,0000;0,0000;0,0000;0,0000;0,0000;0;0;0;0
20260614_0639;Recorrência_25;classification;AdaptiveRandomForest;Default_FullFeatures;classifier;classifier;classifier;N/A;N/A;N/A;2000;100;41;6000;0,0000;0,0000;0,0000;0,0000;0,0000;0,0000;0;0;0;0
20260614_0639;Recorrência_25;classification;AdaptiveRandomForest;Default_FullFeatures;classifier;classifier;classifier;N/A;N/A;N/A;2000;100;42;6100;0,0000;0,0000;0,0000;0,0000;0,0000;0,0000;0;0;0;0
20260614_0639;Recorrência_25;classification;AdaptiveRandomForest;Default_FullFeatures;classifier;classifier;classifier;N/A;N/A;N/A;2000;100;43;6200;0,0000;0,0000;0,0000;0,0000;0,0000;0,0000;0;0;0;0
20260614_0639;Recorrência_25;classification;AdaptiveRandomForest;Default_FullFeatures;classifier;classifier;classifier;N/A;N/A;N/A;2000;100;44;6300;0,0000;0,0000;0,0000;0,0000;0,0000;0,0000;0;0;0;0
20260614_0639;Recorrência_25;classification;AdaptiveRandomForest;Default_FullFeatures;classifier;classifier;classifier;N/A;N/A;N/A;2000;100;45;6400;0,0000;0,0000;0,0000;0,0000;0,0000;0,0000;0;0;0;0
20260614_0639;Recorrência_25;classification;AdaptiveRandomForest;Default_FullFeatures;classifier;classifier;classifier;N/A;N/A;N/A;2000;100;46;6500;85,7143;0,0000;100,0000;0,0000;75,0000;0,0000;0;0;3;0
20260614_0639;Recorrência_25;classification;AdaptiveRandomForest;Default_FullFeatures;classifier;classifier;classifier;N/A;N/A;N/A;2000;100;47;6600;0,0000;0,0000;0,0000;0,0000;0,0000;0,0000;0;0;0;0
20260614_0639;Recorrência_25;classification;AdaptiveRandomForest;Default_FullFeatures;classifier;classifier;classifier;N/A;N/A;N/A;2000;100;48;6700;0,0000;0,0000;0,0000;0,0000;0,0000;0,0000;0;0;0;0
20260614_0639;Recorrência_25;classification;AdaptiveRandomForest;Default_FullFeatures;classifier;classifier;classifier;N/A;N/A;N/A;2000;100;49;6800;0,0000;0,0000;0,0000;0,0000;0,0000;0,0000;0;0;0;0
20260614_0639;Recorrência_25;classification;AdaptiveRandomForest;Default_FullFeatures;classifier;classifier;classifier;N/A;N/A;N/A;2000;100;50;6900;0,0000;0,0000;0,0000;0,0000;0,0000;0,0000;0;0;0;0
20260614_0639;Recorrência_25;classification;AdaptiveRandomForest;Default_FullFeatures;classifier;classifier;classifier;N/A;N/A;N/A;2000;100;51;7000;0,0000;0,0000;0,0000;0,0000;0,0000;0,0000;0;0;0;0
20260614_0639;Recorrência_25;classification;AdaptiveRandomForest;Default_FullFeatures;classifier;classifier;classifier;N/A;N/A;N/A;2000;100;52;7100;0,0000;0,0000;0,0000;0,0000;0,0000;0,0000;0;0;0;0
20260614_0639;Recorrência_25;classification;AdaptiveRandomForest;Default_FullFeatures;classifier;classifier;classifier;N/A;N/A;N/A;2000;100;53;7200;0,0000;0,0000;0,0000;0,0000;0,0000;0,0000;0;0;0;0
20260614_0639;Recorrência_25;classification;AdaptiveRandomForest;Default_FullFeatures;classifier;classifier;classifier;N/A;N/A;N/A;2000;100;54;7300;0,0000;0,0000;0,0000;0,0000;0,0000;0,0000;0;0;0;0
20260614_0639;Recorrência_25;classification;AdaptiveRandomForest;Default_FullFeatures;classifier;classifier;classifier;N/A;N/A;N/A;2000;100;55;7400;0,0000;0,0000;0,0000;0,0000;0,0000;0,0000;0;0;0;0
20260614_0639;Recorrência_25;classification;AdaptiveRandomForest;Default_FullFeatures;classifier;classifier;classifier;N/A;N/A;N/A;2000;100;56;7500;0,0000;0,0000;0,0000;0,0000;0,0000;0,0000;0;0;0;0
20260614_0639;Recorrência_25;classification;AdaptiveRandomForest;Default_FullFeatures;classifier;classifier;classifier;N/A;N/A;N/A;2000;100;57;7600;0,0000;0,0000;0,0000;0,0000;0,0000;0,0000;0;0;0;0
20260614_0639;Recorrência_25;classification;AdaptiveRandomForest;Default_FullFeatures;classifier;classifier;classifier;N/A;N/A;N/A;2000;100;58;7700;0,0000;0,0000;0,0000;0,0000;0,0000;0,0000;0;0;0;0
20260614_0639;Recorrência_25;classification;AdaptiveRandomForest;Default_FullFeatures;classifier;classifier;classifier;N/A;N/A;N/A;2000;100;59;7800;0,0000;0,0000;0,0000;0,0000;0,0000;0,0000;0;0;0;0
20260614_0639;Recorrência_25;classification;AdaptiveRandomForest;Default_FullFeatures;classifier;classifier;classifier;N/A;N/A;N/A;2000;100;60;7900;0,0000;0,0000;0,0000;0,0000;0,0000;0,0000;0;0;0;0
20260614_0639;Recorrência_25;classification;AdaptiveRandomForest;Default_FullFeatures;classifier;classifier;classifier;N/A;N/A;N/A;2000;100;61;8000;0,0000;0,0000;0,0000;0,0000;0,0000;0,0000;0;0;0;0
20260614_0639;Recorrência_25;classification;AdaptiveRandomForest;Default_FullFeatures;classifier;classifier;classifier;N/A;N/A;N/A;2000;100;62;8100;0,0000;0,0000;0,0000;0,0000;0,0000;0,0000;0;0;0;0
20260614_0639;Recorrência_25;classification;AdaptiveRandomForest;Default_FullFeatures;classifier;classifier;classifier;N/A;N/A;N/A;2000;100;63;8200;0,0000;0,0000;0,0000;0,0000;0,0000;0,0000;0;0;0;0
20260614_0639;Recorrência_25;classification;AdaptiveRandomForest;Default_FullFeatures;classifier;classifier;classifier;N/A;N/A;N/A;2000;100;64;8300;0,0000;0,0000;0,0000;0,0000;0,0000;0,0000;0;0;0;0
20260614_0639;Recorrência_25;classification;AdaptiveRandomForest;Default_FullFeatures;classifier;classifier;classifier;N/A;N/A;N/A;2000;100;65;8400;0,0000;0,0000;0,0000;0,0000;0,0000;0,0000;0;0;0;0
20260614_0639;Recorrência_25;classification;AdaptiveRandomForest;Default_FullFeatures;classifier;classifier;classifier;N/A;N/A;N/A;2000;100;66;8500;0,0000;0,0000;0,0000;0,0000;0,0000;0,0000;0;0;0;0
20260614_0639;Recorrência_25;classification;AdaptiveRandomForest;Default_FullFeatures;classifier;classifier;classifier;N/A;N/A;N/A;2000;100;67;8600;0,0000;0,0000;0,0000;0,0000;0,0000;0,0000;0;0;0;0
20260614_0639;Recorrência_25;classification;AdaptiveRandomForest;Default_FullFeatures;classifier;classifier;classifier;N/A;N/A;N/A;2000;100;68;8700;80,7619;7,3869;100,0000;0,0000;68,3333;9,7183;0;0;4;2
20260614_0639;Recorrência_25;classification;AdaptiveRandomForest;Default_FullFeatures;classifier;classifier;classifier;N/A;N/A;N/A;2000;100;69;8800;0,0000;0,0000;0,0000;0,0000;0,0000;0,0000;0;0;0;0
20260614_0639;Recorrência_25;classification;AdaptiveRandomForest;Default_FullFeatures;classifier;classifier;classifier;N/A;N/A;N/A;2000;100;70;8900;0,0000;0,0000;0,0000;0,0000;0,0000;0,0000;0;0;0;0
20260614_0639;Recorrência_25;classification;AdaptiveRandomForest;Default_FullFeatures;classifier;classifier;classifier;N/A;N/A;N/A;2000;100;71;9000;0,0000;0,0000;0,0000;0,0000;0,0000;0,0000;0;0;0;0
20260614_0639;Recorrência_25;classification;AdaptiveRandomForest;Default_FullFeatures;classifier;classifier;classifier;N/A;N/A;N/A;2000;100;72;9100;0,0000;0,0000;0,0000;0,0000;0,0000;0,0000;0;0;0;0
20260614_0639;Recorrência_25;classification;AdaptiveRandomForest;Default_FullFeatures;classifier;classifier;classifier;N/A;N/A;N/A;2000;100;73;9200;0,0000;0,0000;0,0000;0,0000;0,0000;0,0000;0;0;0;0
20260614_0639;Recorrência_25;classification;AdaptiveRandomForest;Default_FullFeatures;classifier;classifier;classifier;N/A;N/A;N/A;2000;100;74;9300;0,0000;0,0000;0,0000;0,0000;0,0000;0,0000;0;0;0;0
20260614_0639;Recorrência_25;classification;AdaptiveRandomForest;Default_FullFeatures;classifier;classifier;classifier;N/A;N/A;N/A;2000;100;75;9400;0,0000;0,0000;0,0000;0,0000;0,0000;0,0000;0;0;0;0
20260614_0639;Recorrência_25;classification;AdaptiveRandomForest;Default_FullFeatures;classifier;classifier;classifier;N/A;N/A;N/A;2000;100;76;9500;0,0000;0,0000;0,0000;0,0000;0,0000;0,0000;0;0;0;0
20260614_0639;Recorrência_25;classification;AdaptiveRandomForest;Default_FullFeatures;classifier;classifier;classifier;N/A;N/A;N/A;2000;100;77;9600;0,0000;0,0000;0,0000;0,0000;0,0000;0,0000;0;0;0;0
20260614_0639;Recorrência_25;classification;AdaptiveRandomForest;Default_FullFeatures;classifier;classifier;classifier;N/A;N/A;N/A;2000;100;78;9700;0,0000;0,0000;0,0000;0,0000;0,0000;0,0000;0;0;0;0
20260614_0639;Recorrência_25;classification;AdaptiveRandomForest;Default_FullFeatures;classifier;classifier;classifier;N/A;N/A;N/A;2000;100;79;9800;0,0000;0,0000;0,0000;0,0000;0,0000;0,0000;0;0;0;0
20260614_0639;Recorrência_25;classification;AdaptiveRandomForest;Default_FullFeatures;classifier;classifier;classifier;N/A;N/A;N/A;2000;100;80;9900;0,0000;0,0000;0,0000;0,0000;0,0000;0,0000;0;0;0;0
20260614_0639;Recorrência_25;classification;AdaptiveRandomForest;Default_FullFeatures;classifier;classifier;classifier;N/A;N/A;N/A;2000;100;81;10000;0,0000;0,0000;0,0000;0,0000;0,0000;0,0000;0;0;0;0
20260614_0639;Recorrência_25;classification;AdaptiveRandomForest;Default_FullFeatures;classifier;classifier;classifier;N/A;N/A;N/A;2000;100;82;10100;0,0000;0,0000;0,0000;0,0000;0,0000;0,0000;0;0;0;0
20260614_0639;Recorrência_25;classification;AdaptiveRandomForest;Default_FullFeatures;classifier;classifier;classifier;N/A;N/A;N/A;2000;100;83;10200;0,0000;0,0000;0,0000;0,0000;0,0000;0,0000;0;0;0;0
20260614_0639;Recorrência_25;classification;AdaptiveRandomForest;Default_FullFeatures;classifier;classifier;classifier;N/A;N/A;N/A;2000;100;84;10300;0,0000;0,0000;0,0000;0,0000;0,0000;0,0000;0;0;0;0
20260614_0639;Recorrência_25;classification;AdaptiveRandomForest;Default_FullFeatures;classifier;classifier;classifier;N/A;N/A;N/A;2000;100;85;10400;0,0000;0,0000;0,0000;0,0000;0,0000;0,0000;0;0;0;0
20260614_0639;Recorrência_25;classification;AdaptiveRandomForest;Default_FullFeatures;classifier;classifier;classifier;N/A;N/A;N/A;2000;100;86;10500;0,0000;0,0000;0,0000;0,0000;0,0000;0,0000;0;0;0;0
20260614_0639;Recorrência_25;classification;AdaptiveRandomForest;Default_FullFeatures;classifier;classifier;classifier;N/A;N/A;N/A;2000;100;87;10600;0,0000;0,0000;0,0000;0,0000;0,0000;0,0000;0;0;0;0
20260614_0639;Recorrência_25;classification;AdaptiveRandomForest;Default_FullFeatures;classifier;classifier;classifier;N/A;N/A;N/A;2000;100;88;10700;0,0000;0,0000;0,0000;0,0000;0,0000;0,0000;0;0;0;0
20260614_0639;Recorrência_25;classification;AdaptiveRandomForest;Default_FullFeatures;classifier;classifier;classifier;N/A;N/A;N/A;2000;100;89;10800;64,7619;3,8095;100,0000;0,0000;48,0000;4,0000;0;0;6;1
20260614_0639;Recorrência_25;classification;AdaptiveRandomForest;Default_FullFeatures;classifier;classifier;classifier;N/A;N/A;N/A;2000;100;90;10900;0,0000;0,0000;0,0000;0,0000;0,0000;0,0000;0;0;0;0
20260614_0639;Recorrência_25;classification;AdaptiveRandomForest;Default_FullFeatures;classifier;classifier;classifier;N/A;N/A;N/A;2000;100;91;11000;0,0000;0,0000;0,0000;0,0000;0,0000;0,0000;0;0;0;0
20260614_0639;Recorrência_25;classification;AdaptiveRandomForest;Default_FullFeatures;classifier;classifier;classifier;N/A;N/A;N/A;2000;100;92;11100;0,0000;0,0000;0,0000;0,0000;0,0000;0,0000;0;0;0;0
20260614_0639;Recorrência_25;classification;AdaptiveRandomForest;Default_FullFeatures;classifier;classifier;classifier;N/A;N/A;N/A;2000;100;93;11200;0,0000;0,0000;0,0000;0,0000;0,0000;0,0000;0;0;0;0
20260614_0639;Recorrência_25;classification;AdaptiveRandomForest;Default_FullFeatures;classifier;classifier;classifier;N/A;N/A;N/A;2000;100;94;11300;0,0000;0,0000;0,0000;0,0000;0,0000;0,0000;0;0;0;0
20260614_0639;Recorrência_25;classification;AdaptiveRandomForest;Default_FullFeatures;classifier;classifier;classifier;N/A;N/A;N/A;2000;100;95;11400;0,0000;0,0000;0,0000;0,0000;0,0000;0,0000;0;0;0;0
20260614_0639;Recorrência_25;classification;AdaptiveRandomForest;Default_FullFeatures;classifier;classifier;classifier;N/A;N/A;N/A;2000;100;96;11500;0,0000;0,0000;0,0000;0,0000;0,0000;0,0000;0;0;0;0
20260614_0639;Recorrência_25;classification;AdaptiveRandomForest;Default_FullFeatures;classifier;classifier;classifier;N/A;N/A;N/A;2000;100;97;11600;0,0000;0,0000;0,0000;0,0000;0,0000;0,0000;0;0;0;0
20260614_0639;Recorrência_25;classification;AdaptiveRandomForest;Default_FullFeatures;classifier;classifier;classifier;N/A;N/A;N/A;2000;100;98;11700;0,0000;0,0000;0,0000;0,0000;0,0000;0,0000;0;0;0;0
20260614_0639;Recorrência_25;classification;AdaptiveRandomForest;Default_FullFeatures;classifier;classifier;classifier;N/A;N/A;N/A;2000;100;99;11800;0,0000;0,0000;0,0000;0,0000;0,0000;0,0000;0;0;0;0
20260614_0639;Recorrência_25;classification;AdaptiveRandomForest;Default_FullFeatures;classifier;classifier;classifier;N/A;N/A;N/A;2000;100;100;11900;0,0000;0,0000;0,0000;0,0000;0,0000;0,0000;0;0;0;0
20260614_0639;Recorrência_25;classification;AdaptiveRandomForest;Default_FullFeatures;classifier;classifier;classifier;N/A;N/A;N/A;2000;100;101;12000;0,0000;0,0000;0,0000;0,0000;0,0000;0,0000;0;0;0;0
20260614_0639;Recorrência_25;classification;AdaptiveRandomForest;Default_FullFeatures;classifier;classifier;classifier;N/A;N/A;N/A;2000;100;102;12100;0,0000;0,0000;0,0000;0,0000;0,0000;0,0000;0;0;0;0
20260614_0639;Recorrência_25;classification;AdaptiveRandomForest;Default_FullFeatures;classifier;classifier;classifier;N/A;N/A;N/A;2000;100;103;12200;0,0000;0,0000;0,0000;0,0000;0,0000;0,0000;0;0;0;0
20260614_0639;Recorrência_25;classification;AdaptiveRandomForest;Default_FullFeatures;classifier;classifier;classifier;N/A;N/A;N/A;2000;100;104;12300;0,0000;0,0000;0,0000;0,0000;0,0000;0,0000;0;0;0;0
20260614_0639;Recorrência_25;classification;AdaptiveRandomForest;Default_FullFeatures;classifier;classifier;classifier;N/A;N/A;N/A;2000;100;105;12400;0,0000;0,0000;0,0000;0,0000;0,0000;0,0000;0;0;0;0
20260614_0639;Recorrência_25;classification;AdaptiveRandomForest;Default_FullFeatures;classifier;classifier;classifier;N/A;N/A;N/A;2000;100;106;12500;0,0000;0,0000;0,0000;0,0000;0,0000;0,0000;0;0;0;0
20260614_0639;Recorrência_25;classification;AdaptiveRandomForest;Default_FullFeatures;classifier;classifier;classifier;N/A;N/A;N/A;2000;100;107;12600;0,0000;0,0000;0,0000;0,0000;0,0000;0,0000;0;0;0;0
20260614_0639;Recorrência_25;classification;AdaptiveRandomForest;Default_FullFeatures;classifier;classifier;classifier;N/A;N/A;N/A;2000;100;108;12700;0,0000;0,0000;0,0000;0,0000;0,0000;0,0000;0;0;0;0
20260614_0639;Recorrência_25;classification;AdaptiveRandomForest;Default_FullFeatures;classifier;classifier;classifier;N/A;N/A;N/A;2000;100;109;12800;0,0000;0,0000;0,0000;0,0000;0,0000;0,0000;0;0;0;0
20260614_0639;Recorrência_25;classification;AdaptiveRandomForest;Default_FullFeatures;classifier;classifier;classifier;N/A;N/A;N/A;2000;100;110;12900;0,0000;0,0000;0,0000;0,0000;0,0000;0,0000;0;0;0;0
20260614_0639;Recorrência_25;classification;AdaptiveRandomForest;Default_FullFeatures;classifier;classifier;classifier;N/A;N/A;N/A;2000;100;111;13000;95,6522;0,0000;100,0000;0,0000;91,6667;0,0000;0;0;1;0
20260614_0639;Recorrência_25;classification;AdaptiveRandomForest;Default_FullFeatures;classifier;classifier;classifier;N/A;N/A;N/A;2000;100;112;13100;0,0000;0,0000;0,0000;0,0000;0,0000;0,0000;0;0;0;0
20260614_0639;Recorrência_25;classification;AdaptiveRandomForest;Default_FullFeatures;classifier;classifier;classifier;N/A;N/A;N/A;2000;100;113;13200;0,0000;0,0000;0,0000;0,0000;0,0000;0,0000;0;0;0;0
20260614_0639;Recorrência_25;classification;AdaptiveRandomForest;Default_FullFeatures;classifier;classifier;classifier;N/A;N/A;N/A;2000;100;114;13300;0,0000;0,0000;0,0000;0,0000;0,0000;0,0000;0;0;0;0
20260614_0639;Recorrência_25;classification;AdaptiveRandomForest;Default_FullFeatures;classifier;classifier;classifier;N/A;N/A;N/A;2000;100;115;13400;0,0000;0,0000;0,0000;0,0000;0,0000;0,0000;0;0;0;0
20260614_0639;Recorrência_25;classification;AdaptiveRandomForest;Default_FullFeatures;classifier;classifier;classifier;N/A;N/A;N/A;2000;100;116;13500;0,0000;0,0000;0,0000;0,0000;0,0000;0,0000;0;0;0;0
20260614_0639;Recorrência_25;classification;AdaptiveRandomForest;Default_FullFeatures;classifier;classifier;classifier;N/A;N/A;N/A;2000;100;117;13600;0,0000;0,0000;0,0000;0,0000;0,0000;0,0000;0;0;0;0
20260614_0639;Recorrência_25;classification;AdaptiveRandomForest;Default_FullFeatures;classifier;classifier;classifier;N/A;N/A;N/A;2000;100;118;13700;0,0000;0,0000;0,0000;0,0000;0,0000;0,0000;0;0;0;0
20260614_0639;Recorrência_25;classification;AdaptiveRandomForest;Default_FullFeatures;classifier;classifier;classifier;N/A;N/A;N/A;2000;100;119;13800;0,0000;0,0000;0,0000;0,0000;0,0000;0,0000;0;0;0;0
20260614_0639;Recorrência_25;classification;AdaptiveRandomForest;Default_FullFeatures;classifier;classifier;classifier;N/A;N/A;N/A;2000;100;120;13900;0,0000;0,0000;0,0000;0,0000;0,0000;0,0000;0;0;0;0
20260614_0639;Recorrência_25;classification;AdaptiveRandomForest;Default_FullFeatures;classifier;classifier;classifier;N/A;N/A;N/A;2000;100;121;14000;0,0000;0,0000;0,0000;0,0000;0,0000;0,0000;0;0;0;0
20260614_0639;Recorrência_25;classification;AdaptiveRandomForest;Default_FullFeatures;classifier;classifier;classifier;N/A;N/A;N/A;2000;100;122;14100;0,0000;0,0000;0,0000;0,0000;0,0000;0,0000;0;0;0;0
20260614_0639;Recorrência_25;classification;AdaptiveRandomForest;Default_FullFeatures;classifier;classifier;classifier;N/A;N/A;N/A;2000;100;123;14200;0,0000;0,0000;0,0000;0,0000;0,0000;0,0000;0;0;0;0
20260614_0639;Recorrência_25;classification;AdaptiveRandomForest;Default_FullFeatures;classifier;classifier;classifier;N/A;N/A;N/A;2000;100;124;14300;0,0000;0,0000;0,0000;0,0000;0,0000;0,0000;0;0;0;0
20260614_0639;Recorrência_25;classification;AdaptiveRandomForest;Default_FullFeatures;classifier;classifier;classifier;N/A;N/A;N/A;2000;100;125;14400;0,0000;0,0000;0,0000;0,0000;0,0000;0,0000;0;0;0;0
20260614_0639;Recorrência_25;classification;AdaptiveRandomForest;Default_FullFeatures;classifier;classifier;classifier;N/A;N/A;N/A;2000;100;126;14500;0,0000;0,0000;0,0000;0,0000;0,0000;0,0000;0;0;0;0
20260614_0639;Recorrência_25;classification;AdaptiveRandomForest;Default_FullFeatures;classifier;classifier;classifier;N/A;N/A;N/A;2000;100;127;14600;0,0000;0,0000;0,0000;0,0000;0,0000;0,0000;0;0;0;0
20260614_0639;Recorrência_25;classification;AdaptiveRandomForest;Default_FullFeatures;classifier;classifier;classifier;N/A;N/A;N/A;2000;100;128;14700;0,0000;0,0000;0,0000;0,0000;0,0000;0,0000;0;0;0;0
20260614_0639;Recorrência_25;classification;AdaptiveRandomForest;Default_FullFeatures;classifier;classifier;classifier;N/A;N/A;N/A;2000;100;129;14800;0,0000;0,0000;0,0000;0,0000;0,0000;0,0000;0;0;0;0
20260614_0639;Recorrência_25;classification;AdaptiveRandomForest;Default_FullFeatures;classifier;classifier;classifier;N/A;N/A;N/A;2000;100;130;14900;0,0000;0,0000;0,0000;0,0000;0,0000;0,0000;0;0;0;0
20260614_0639;Recorrência_25;classification;AdaptiveRandomForest;Default_FullFeatures;classifier;classifier;classifier;N/A;N/A;N/A;2000;100;131;15000;0,0000;0,0000;0,0000;0,0000;0,0000;0,0000;0;0;0;0
20260614_0639;Recorrência_200;classification;AdaptiveRandomForest;Default_FullFeatures;classifier;classifier;classifier;N/A;N/A;N/A;2000;100;1;2000;0,0000;0,0000;0,0000;0,0000;0,0000;0,0000;0;0;0;0
20260614_0639;Recorrência_200;classification;AdaptiveRandomForest;Default_FullFeatures;classifier;classifier;classifier;N/A;N/A;N/A;2000;100;2;2100;0,0000;0,0000;0,0000;0,0000;0,0000;0,0000;0;0;0;0
20260614_0639;Recorrência_200;classification;AdaptiveRandomForest;Default_FullFeatures;classifier;classifier;classifier;N/A;N/A;N/A;2000;100;3;2200;95,4128;0,0000;98,1132;0,0000;92,8571;0,0000;1;0;4;0
20260614_0639;Recorrência_200;classification;AdaptiveRandomForest;Default_FullFeatures;classifier;classifier;classifier;N/A;N/A;N/A;2000;100;4;2300;97,2973;0,0000;94,7368;0,0000;100,0000;0,0000;2;0;0;0
20260614_0639;Recorrência_200;classification;AdaptiveRandomForest;Default_FullFeatures;classifier;classifier;classifier;N/A;N/A;N/A;2000;100;5;2400;0,0000;0,0000;0,0000;0,0000;0,0000;0,0000;2;0;0;0
20260614_0639;Recorrência_200;classification;AdaptiveRandomForest;Default_FullFeatures;classifier;classifier;classifier;N/A;N/A;N/A;2000;100;6;2500;0,0000;0,0000;0,0000;0,0000;0,0000;0,0000;2;1;0;0
20260614_0639;Recorrência_200;classification;AdaptiveRandomForest;Default_FullFeatures;classifier;classifier;classifier;N/A;N/A;N/A;2000;100;7;2600;0,0000;0,0000;0,0000;0,0000;0,0000;0,0000;0;0;0;0
20260614_0639;Recorrência_200;classification;AdaptiveRandomForest;Default_FullFeatures;classifier;classifier;classifier;N/A;N/A;N/A;2000;100;8;2700;0,0000;0,0000;0,0000;0,0000;0,0000;0,0000;0;0;0;0
20260614_0639;Recorrência_200;classification;AdaptiveRandomForest;Default_FullFeatures;classifier;classifier;classifier;N/A;N/A;N/A;2000;100;9;2800;0,0000;0,0000;0,0000;0,0000;0,0000;0,0000;0;0;0;0
20260614_0639;Recorrência_200;classification;AdaptiveRandomForest;Default_FullFeatures;classifier;classifier;classifier;N/A;N/A;N/A;2000;100;10;2900;0,0000;0,0000;0,0000;0,0000;0,0000;0,0000;0;0;0;0
20260614_0639;Recorrência_200;classification;AdaptiveRandomForest;Default_FullFeatures;classifier;classifier;classifier;N/A;N/A;N/A;2000;100;11;3000;0,0000;0,0000;0,0000;0,0000;0,0000;0,0000;0;0;0;0
20260614_0639;Recorrência_200;classification;AdaptiveRandomForest;Default_FullFeatures;classifier;classifier;classifier;N/A;N/A;N/A;2000;100;12;3100;0,0000;0,0000;0,0000;0,0000;0,0000;0,0000;0;0;0;0
20260614_0639;Recorrência_200;classification;AdaptiveRandomForest;Default_FullFeatures;classifier;classifier;classifier;N/A;N/A;N/A;2000;100;13;3200;0,0000;0,0000;0,0000;0,0000;0,0000;0,0000;0;0;0;0
20260614_0639;Recorrência_200;classification;AdaptiveRandomForest;Default_FullFeatures;classifier;classifier;classifier;N/A;N/A;N/A;2000;100;14;3300;0,0000;0,0000;0,0000;0,0000;0,0000;0,0000;0;0;0;0
20260614_0639;Recorrência_200;classification;AdaptiveRandomForest;Default_FullFeatures;classifier;classifier;classifier;N/A;N/A;N/A;2000;100;15;3400;0,0000;0,0000;0,0000;0,0000;0,0000;0,0000;1;0;0;0
20260614_0639;Recorrência_200;classification;AdaptiveRandomForest;Default_FullFeatures;classifier;classifier;classifier;N/A;N/A;N/A;2000;100;16;3500;0,0000;0,0000;0,0000;0,0000;0,0000;0,0000;0;0;0;0
20260614_0639;Recorrência_200;classification;AdaptiveRandomForest;Default_FullFeatures;classifier;classifier;classifier;N/A;N/A;N/A;2000;100;17;3600;0,0000;0,0000;0,0000;0,0000;0,0000;0,0000;0;0;0;0
20260614_0639;Recorrência_200;classification;AdaptiveRandomForest;Default_FullFeatures;classifier;classifier;classifier;N/A;N/A;N/A;2000;100;18;3700;0,0000;0,0000;0,0000;0,0000;0,0000;0,0000;0;0;0;0
20260614_0639;Recorrência_200;classification;AdaptiveRandomForest;Default_FullFeatures;classifier;classifier;classifier;N/A;N/A;N/A;2000;100;19;3800;0,0000;0,0000;0,0000;0,0000;0,0000;0,0000;0;0;0;0
20260614_0639;Recorrência_200;classification;AdaptiveRandomForest;Default_FullFeatures;classifier;classifier;classifier;N/A;N/A;N/A;2000;100;20;3900;0,0000;0,0000;0,0000;0,0000;0,0000;0,0000;0;0;0;0
20260614_0639;Recorrência_200;classification;AdaptiveRandomForest;Default_FullFeatures;classifier;classifier;classifier;N/A;N/A;N/A;2000;100;21;4000;0,0000;0,0000;0,0000;0,0000;0,0000;0,0000;0;0;0;0
20260614_0639;Recorrência_200;classification;AdaptiveRandomForest;Default_FullFeatures;classifier;classifier;classifier;N/A;N/A;N/A;2000;100;22;4100;0,0000;0,0000;0,0000;0,0000;0,0000;0,0000;0;0;0;0
20260614_0639;Recorrência_200;classification;AdaptiveRandomForest;Default_FullFeatures;classifier;classifier;classifier;N/A;N/A;N/A;2000;100;23;4200;0,0000;0,0000;0,0000;0,0000;0,0000;0,0000;0;0;0;0
20260614_0639;Recorrência_200;classification;AdaptiveRandomForest;Default_FullFeatures;classifier;classifier;classifier;N/A;N/A;N/A;2000;100;24;4300;0,0000;0,0000;0,0000;0,0000;0,0000;0,0000;0;0;0;0
20260614_0639;Recorrência_200;classification;AdaptiveRandomForest;Default_FullFeatures;classifier;classifier;classifier;N/A;N/A;N/A;2000;100;25;4400;32,9825;0,7018;95,0000;10,0000;20,0000;0,0000;1;1;12;0
20260614_0639;Recorrência_200;classification;AdaptiveRandomForest;Default_FullFeatures;classifier;classifier;classifier;N/A;N/A;N/A;2000;100;26;4500;91,6766;0,4331;89,2712;0,5201;94,2169;0,4819;10;1;5;1
20260614_0639;Recorrência_200;classification;AdaptiveRandomForest;Default_FullFeatures;classifier;classifier;classifier;N/A;N/A;N/A;2000;100;27;4600;0,0000;0,0000;0,0000;0,0000;0,0000;0,0000;1;1;0;0
20260614_0639;Recorrência_200;classification;AdaptiveRandomForest;Default_FullFeatures;classifier;classifier;classifier;N/A;N/A;N/A;2000;100;28;4700;0,0000;0,0000;0,0000;0,0000;0,0000;0,0000;1;0;0;0
20260614_0639;Recorrência_200;classification;AdaptiveRandomForest;Default_FullFeatures;classifier;classifier;classifier;N/A;N/A;N/A;2000;100;29;4800;0,0000;0,0000;0,0000;0,0000;0,0000;0,0000;5;1;0;0
20260614_0639;Recorrência_200;classification;AdaptiveRandomForest;Default_FullFeatures;classifier;classifier;classifier;N/A;N/A;N/A;2000;100;30;4900;0,0000;0,0000;0,0000;0,0000;0,0000;0,0000;1;0;0;0
20260614_0639;Recorrência_200;classification;AdaptiveRandomForest;Default_FullFeatures;classifier;classifier;classifier;N/A;N/A;N/A;2000;100;31;5000;0,0000;0,0000;0,0000;0,0000;0,0000;0,0000;0;0;0;0
20260614_0639;Recorrência_200;classification;AdaptiveRandomForest;Default_FullFeatures;classifier;classifier;classifier;N/A;N/A;N/A;2000;100;32;5100;0,0000;0,0000;0,0000;0,0000;0,0000;0,0000;0;0;0;0
20260614_0639;Recorrência_200;classification;AdaptiveRandomForest;Default_FullFeatures;classifier;classifier;classifier;N/A;N/A;N/A;2000;100;33;5200;0,0000;0,0000;0,0000;0,0000;0,0000;0,0000;0;0;0;0
20260614_0639;Recorrência_200;classification;AdaptiveRandomForest;Default_FullFeatures;classifier;classifier;classifier;N/A;N/A;N/A;2000;100;34;5300;0,0000;0,0000;0,0000;0,0000;0,0000;0,0000;0;0;0;0
20260614_0639;Recorrência_200;classification;AdaptiveRandomForest;Default_FullFeatures;classifier;classifier;classifier;N/A;N/A;N/A;2000;100;35;5400;0,0000;0,0000;0,0000;0,0000;0,0000;0,0000;0;0;0;0
20260614_0639;Recorrência_200;classification;AdaptiveRandomForest;Default_FullFeatures;classifier;classifier;classifier;N/A;N/A;N/A;2000;100;36;5500;0,0000;0,0000;0,0000;0,0000;0,0000;0,0000;0;0;0;0
20260614_0639;Recorrência_200;classification;AdaptiveRandomForest;Default_FullFeatures;classifier;classifier;classifier;N/A;N/A;N/A;2000;100;37;5600;0,0000;0,0000;0,0000;0,0000;0,0000;0,0000;0;0;0;0
20260614_0639;Recorrência_200;classification;AdaptiveRandomForest;Default_FullFeatures;classifier;classifier;classifier;N/A;N/A;N/A;2000;100;38;5700;0,0000;0,0000;0,0000;0,0000;0,0000;0,0000;0;0;0;0
20260614_0639;Recorrência_200;classification;AdaptiveRandomForest;Default_FullFeatures;classifier;classifier;classifier;N/A;N/A;N/A;2000;100;39;5800;0,0000;0,0000;0,0000;0,0000;0,0000;0,0000;0;0;0;0
20260614_0639;Recorrência_200;classification;AdaptiveRandomForest;Default_FullFeatures;classifier;classifier;classifier;N/A;N/A;N/A;2000;100;40;5900;0,0000;0,0000;0,0000;0,0000;0,0000;0,0000;0;0;0;0
20260614_0639;Recorrência_200;classification;AdaptiveRandomForest;Default_FullFeatures;classifier;classifier;classifier;N/A;N/A;N/A;2000;100;41;6000;0,0000;0,0000;0,0000;0,0000;0,0000;0,0000;0;0;0;0
20260614_0639;Recorrência_200;classification;AdaptiveRandomForest;Default_FullFeatures;classifier;classifier;classifier;N/A;N/A;N/A;2000;100;42;6100;0,0000;0,0000;0,0000;0,0000;0,0000;0,0000;0;0;0;0
20260614_0639;Recorrência_200;classification;AdaptiveRandomForest;Default_FullFeatures;classifier;classifier;classifier;N/A;N/A;N/A;2000;100;43;6200;0,0000;0,0000;0,0000;0,0000;0,0000;0,0000;0;0;0;0
20260614_0639;Recorrência_200;classification;AdaptiveRandomForest;Default_FullFeatures;classifier;classifier;classifier;N/A;N/A;N/A;2000;100;44;6300;0,0000;0,0000;0,0000;0,0000;0,0000;0,0000;0;0;0;0
20260614_0639;Recorrência_200;classification;AdaptiveRandomForest;Default_FullFeatures;classifier;classifier;classifier;N/A;N/A;N/A;2000;100;45;6400;0,0000;0,0000;0,0000;0,0000;0,0000;0,0000;0;0;0;0
20260614_0639;Recorrência_200;classification;AdaptiveRandomForest;Default_FullFeatures;classifier;classifier;classifier;N/A;N/A;N/A;2000;100;46;6500;0,0000;0,0000;0,0000;0,0000;0,0000;0,0000;0;0;0;0
20260614_0639;Recorrência_200;classification;AdaptiveRandomForest;Default_FullFeatures;classifier;classifier;classifier;N/A;N/A;N/A;2000;100;47;6600;0,0000;0,0000;0,0000;0,0000;0,0000;0,0000;0;0;0;0
20260614_0639;Recorrência_200;classification;AdaptiveRandomForest;Default_FullFeatures;classifier;classifier;classifier;N/A;N/A;N/A;2000;100;48;6700;98,3729;0,3378;100,0000;0,0000;96,8000;0,6532;0;0;3;1
20260614_0639;Recorrência_200;classification;AdaptiveRandomForest;Default_FullFeatures;classifier;classifier;classifier;N/A;N/A;N/A;2000;100;49;6800;96,1681;1,1700;92,6435;2,1728;100,0000;0,0000;2;1;0;0
20260614_0639;Recorrência_200;classification;AdaptiveRandomForest;Default_FullFeatures;classifier;classifier;classifier;N/A;N/A;N/A;2000;100;50;6900;0,0000;0,0000;0,0000;0,0000;0,0000;0,0000;1;1;0;0
20260614_0639;Recorrência_200;classification;AdaptiveRandomForest;Default_FullFeatures;classifier;classifier;classifier;N/A;N/A;N/A;2000;100;51;7000;0,0000;0,0000;0,0000;0,0000;0,0000;0,0000;0;0;0;0
20260614_0639;Recorrência_200;classification;AdaptiveRandomForest;Default_FullFeatures;classifier;classifier;classifier;N/A;N/A;N/A;2000;100;52;7100;0,0000;0,0000;0,0000;0,0000;0,0000;0,0000;0;0;0;0
20260614_0639;Recorrência_200;classification;AdaptiveRandomForest;Default_FullFeatures;classifier;classifier;classifier;N/A;N/A;N/A;2000;100;53;7200;0,0000;0,0000;0,0000;0,0000;0,0000;0,0000;0;0;0;0
20260614_0639;Recorrência_200;classification;AdaptiveRandomForest;Default_FullFeatures;classifier;classifier;classifier;N/A;N/A;N/A;2000;100;54;7300;0,0000;0,0000;0,0000;0,0000;0,0000;0,0000;0;0;0;0
20260614_0639;Recorrência_200;classification;AdaptiveRandomForest;Default_FullFeatures;classifier;classifier;classifier;N/A;N/A;N/A;2000;100;55;7400;0,0000;0,0000;0,0000;0,0000;0,0000;0,0000;0;0;0;0
20260614_0639;Recorrência_200;classification;AdaptiveRandomForest;Default_FullFeatures;classifier;classifier;classifier;N/A;N/A;N/A;2000;100;56;7500;0,0000;0,0000;0,0000;0,0000;0,0000;0,0000;0;0;0;0
20260614_0639;Recorrência_200;classification;AdaptiveRandomForest;Default_FullFeatures;classifier;classifier;classifier;N/A;N/A;N/A;2000;100;57;7600;0,0000;0,0000;0,0000;0,0000;0,0000;0,0000;0;0;0;0
20260614_0639;Recorrência_200;classification;AdaptiveRandomForest;Default_FullFeatures;classifier;classifier;classifier;N/A;N/A;N/A;2000;100;58;7700;0,0000;0,0000;0,0000;0,0000;0,0000;0,0000;0;0;0;0
20260614_0639;Recorrência_200;classification;AdaptiveRandomForest;Default_FullFeatures;classifier;classifier;classifier;N/A;N/A;N/A;2000;100;59;7800;0,0000;0,0000;0,0000;0,0000;0,0000;0,0000;0;0;0;0
20260614_0639;Recorrência_200;classification;AdaptiveRandomForest;Default_FullFeatures;classifier;classifier;classifier;N/A;N/A;N/A;2000;100;60;7900;0,0000;0,0000;0,0000;0,0000;0,0000;0,0000;0;0;0;0
20260614_0639;Recorrência_200;classification;AdaptiveRandomForest;Default_FullFeatures;classifier;classifier;classifier;N/A;N/A;N/A;2000;100;61;8000;0,0000;0,0000;0,0000;0,0000;0,0000;0,0000;0;0;0;0
20260614_0639;Recorrência_200;classification;AdaptiveRandomForest;Default_FullFeatures;classifier;classifier;classifier;N/A;N/A;N/A;2000;100;62;8100;0,0000;0,0000;0,0000;0,0000;0,0000;0,0000;0;0;0;0
20260614_0639;Recorrência_200;classification;AdaptiveRandomForest;Default_FullFeatures;classifier;classifier;classifier;N/A;N/A;N/A;2000;100;63;8200;0,0000;0,0000;0,0000;0,0000;0,0000;0,0000;0;0;0;0
20260614_0639;Recorrência_200;classification;AdaptiveRandomForest;Default_FullFeatures;classifier;classifier;classifier;N/A;N/A;N/A;2000;100;64;8300;0,0000;0,0000;0,0000;0,0000;0,0000;0,0000;0;0;0;0
20260614_0639;Recorrência_200;classification;AdaptiveRandomForest;Default_FullFeatures;classifier;classifier;classifier;N/A;N/A;N/A;2000;100;65;8400;0,0000;0,0000;0,0000;0,0000;0,0000;0,0000;0;0;0;0
20260614_0639;Recorrência_200;classification;AdaptiveRandomForest;Default_FullFeatures;classifier;classifier;classifier;N/A;N/A;N/A;2000;100;66;8500;0,0000;0,0000;0,0000;0,0000;0,0000;0,0000;0;0;0;0
20260614_0639;Recorrência_200;classification;AdaptiveRandomForest;Default_FullFeatures;classifier;classifier;classifier;N/A;N/A;N/A;2000;100;67;8600;0,0000;0,0000;0,0000;0,0000;0,0000;0,0000;0;0;0;0
20260614_0639;Recorrência_200;classification;AdaptiveRandomForest;Default_FullFeatures;classifier;classifier;classifier;N/A;N/A;N/A;2000;100;68;8700;0,0000;0,0000;0,0000;0,0000;0,0000;0,0000;0;0;0;0
20260614_0639;Recorrência_200;classification;AdaptiveRandomForest;Default_FullFeatures;classifier;classifier;classifier;N/A;N/A;N/A;2000;100;69;8800;0,0000;0,0000;0,0000;0,0000;0,0000;0,0000;0;0;0;0
20260614_0639;Recorrência_200;classification;AdaptiveRandomForest;Default_FullFeatures;classifier;classifier;classifier;N/A;N/A;N/A;2000;100;70;8900;88,2353;0,0000;100,0000;0,0000;78,9474;0,0000;0;0;4;0
20260614_0639;Recorrência_200;classification;AdaptiveRandomForest;Default_FullFeatures;classifier;classifier;classifier;N/A;N/A;N/A;2000;100;71;9000;99,2366;0,0000;100,0000;0,0000;98,4848;0,0000;0;0;1;0
20260614_0639;Recorrência_200;classification;AdaptiveRandomForest;Default_FullFeatures;classifier;classifier;classifier;N/A;N/A;N/A;2000;100;72;9100;0,0000;0,0000;0,0000;0,0000;0,0000;0,0000;0;0;0;0
20260614_0639;Recorrência_200;classification;AdaptiveRandomForest;Default_FullFeatures;classifier;classifier;classifier;N/A;N/A;N/A;2000;100;73;9200;0,0000;0,0000;0,0000;0,0000;0,0000;0,0000;0;0;0;0
20260614_0639;Recorrência_200;classification;AdaptiveRandomForest;Default_FullFeatures;classifier;classifier;classifier;N/A;N/A;N/A;2000;100;74;9300;0,0000;0,0000;0,0000;0,0000;0,0000;0,0000;0;0;0;0
20260614_0639;Recorrência_200;classification;AdaptiveRandomForest;Default_FullFeatures;classifier;classifier;classifier;N/A;N/A;N/A;2000;100;75;9400;0,0000;0,0000;0,0000;0,0000;0,0000;0,0000;0;0;0;0
20260614_0639;Recorrência_200;classification;AdaptiveRandomForest;Default_FullFeatures;classifier;classifier;classifier;N/A;N/A;N/A;2000;100;76;9500;0,0000;0,0000;0,0000;0,0000;0,0000;0,0000;0;0;0;0
20260614_0639;Recorrência_200;classification;AdaptiveRandomForest;Default_FullFeatures;classifier;classifier;classifier;N/A;N/A;N/A;2000;100;77;9600;0,0000;0,0000;0,0000;0,0000;0,0000;0,0000;0;0;0;0
20260614_0639;Recorrência_200;classification;AdaptiveRandomForest;Default_FullFeatures;classifier;classifier;classifier;N/A;N/A;N/A;2000;100;78;9700;0,0000;0,0000;0,0000;0,0000;0,0000;0,0000;0;0;0;0
20260614_0639;Recorrência_200;classification;AdaptiveRandomForest;Default_FullFeatures;classifier;classifier;classifier;N/A;N/A;N/A;2000;100;79;9800;0,0000;0,0000;0,0000;0,0000;0,0000;0,0000;0;0;0;0
20260614_0639;Recorrência_200;classification;AdaptiveRandomForest;Default_FullFeatures;classifier;classifier;classifier;N/A;N/A;N/A;2000;100;80;9900;0,0000;0,0000;0,0000;0,0000;0,0000;0,0000;0;0;0;0
20260614_0639;Recorrência_200;classification;AdaptiveRandomForest;Default_FullFeatures;classifier;classifier;classifier;N/A;N/A;N/A;2000;100;81;10000;0,0000;0,0000;0,0000;0,0000;0,0000;0,0000;0;0;0;0
20260614_0639;Recorrência_200;classification;AdaptiveRandomForest;Default_FullFeatures;classifier;classifier;classifier;N/A;N/A;N/A;2000;100;82;10100;0,0000;0,0000;0,0000;0,0000;0,0000;0,0000;0;0;0;0
20260614_0639;Recorrência_200;classification;AdaptiveRandomForest;Default_FullFeatures;classifier;classifier;classifier;N/A;N/A;N/A;2000;100;83;10200;0,0000;0,0000;0,0000;0,0000;0,0000;0,0000;0;0;0;0
20260614_0639;Recorrência_200;classification;AdaptiveRandomForest;Default_FullFeatures;classifier;classifier;classifier;N/A;N/A;N/A;2000;100;84;10300;0,0000;0,0000;0,0000;0,0000;0,0000;0,0000;0;0;0;0
20260614_0639;Recorrência_200;classification;AdaptiveRandomForest;Default_FullFeatures;classifier;classifier;classifier;N/A;N/A;N/A;2000;100;85;10400;0,0000;0,0000;0,0000;0,0000;0,0000;0,0000;0;0;0;0
20260614_0639;Recorrência_200;classification;AdaptiveRandomForest;Default_FullFeatures;classifier;classifier;classifier;N/A;N/A;N/A;2000;100;86;10500;0,0000;0,0000;0,0000;0,0000;0,0000;0,0000;0;0;0;0
20260614_0639;Recorrência_200;classification;AdaptiveRandomForest;Default_FullFeatures;classifier;classifier;classifier;N/A;N/A;N/A;2000;100;87;10600;0,0000;0,0000;0,0000;0,0000;0,0000;0,0000;0;0;0;0
20260614_0639;Recorrência_200;classification;AdaptiveRandomForest;Default_FullFeatures;classifier;classifier;classifier;N/A;N/A;N/A;2000;100;88;10700;0,0000;0,0000;0,0000;0,0000;0,0000;0,0000;0;0;0;0
20260614_0639;Recorrência_200;classification;AdaptiveRandomForest;Default_FullFeatures;classifier;classifier;classifier;N/A;N/A;N/A;2000;100;89;10800;0,0000;0,0000;0,0000;0,0000;0,0000;0,0000;0;0;0;0
20260614_0639;Recorrência_200;classification;AdaptiveRandomForest;Default_FullFeatures;classifier;classifier;classifier;N/A;N/A;N/A;2000;100;90;10900;0,0000;0,0000;0,0000;0,0000;0,0000;0,0000;0;0;0;0
20260614_0639;Recorrência_200;classification;AdaptiveRandomForest;Default_FullFeatures;classifier;classifier;classifier;N/A;N/A;N/A;2000;100;91;11000;0,0000;0,0000;0,0000;0,0000;0,0000;0,0000;0;0;0;0
20260614_0639;Recorrência_200;classification;AdaptiveRandomForest;Default_FullFeatures;classifier;classifier;classifier;N/A;N/A;N/A;2000;100;92;11100;0,0000;0,0000;0,0000;0,0000;0,0000;0,0000;0;0;0;0
20260614_0639;Recorrência_200;classification;AdaptiveRandomForest;Default_FullFeatures;classifier;classifier;classifier;N/A;N/A;N/A;2000;100;93;11200;94,7949;0,5439;100,0000;0,0000;90,1099;0,9829;0;0;9;1
20260614_0639;Recorrência_200;classification;AdaptiveRandomForest;Default_FullFeatures;classifier;classifier;classifier;N/A;N/A;N/A;2000;100;94;11300;100,0000;0,0000;100,0000;0,0000;100,0000;0,0000;0;0;0;0
20260614_0639;Recorrência_200;classification;AdaptiveRandomForest;Default_FullFeatures;classifier;classifier;classifier;N/A;N/A;N/A;2000;100;95;11400;0,0000;0,0000;0,0000;0,0000;0,0000;0,0000;1;1;0;0
20260614_0639;Recorrência_200;classification;AdaptiveRandomForest;Default_FullFeatures;classifier;classifier;classifier;N/A;N/A;N/A;2000;100;96;11500;0,0000;0,0000;0,0000;0,0000;0,0000;0,0000;0;0;0;0
20260614_0639;Recorrência_200;classification;AdaptiveRandomForest;Default_FullFeatures;classifier;classifier;classifier;N/A;N/A;N/A;2000;100;97;11600;0,0000;0,0000;0,0000;0,0000;0,0000;0,0000;0;0;0;0
20260614_0639;Recorrência_200;classification;AdaptiveRandomForest;Default_FullFeatures;classifier;classifier;classifier;N/A;N/A;N/A;2000;100;98;11700;0,0000;0,0000;0,0000;0,0000;0,0000;0,0000;0;0;0;0
20260614_0639;Recorrência_200;classification;AdaptiveRandomForest;Default_FullFeatures;classifier;classifier;classifier;N/A;N/A;N/A;2000;100;99;11800;0,0000;0,0000;0,0000;0,0000;0,0000;0,0000;0;0;0;0
20260614_0639;Recorrência_200;classification;AdaptiveRandomForest;Default_FullFeatures;classifier;classifier;classifier;N/A;N/A;N/A;2000;100;100;11900;0,0000;0,0000;0,0000;0,0000;0,0000;0,0000;0;0;0;0
20260614_0639;Recorrência_200;classification;AdaptiveRandomForest;Default_FullFeatures;classifier;classifier;classifier;N/A;N/A;N/A;2000;100;101;12000;0,0000;0,0000;0,0000;0,0000;0,0000;0,0000;0;0;0;0
20260614_0639;Recorrência_200;classification;AdaptiveRandomForest;Default_FullFeatures;classifier;classifier;classifier;N/A;N/A;N/A;2000;100;102;12100;0,0000;0,0000;0,0000;0,0000;0,0000;0,0000;0;0;0;0
20260614_0639;Recorrência_200;classification;AdaptiveRandomForest;Default_FullFeatures;classifier;classifier;classifier;N/A;N/A;N/A;2000;100;103;12200;0,0000;0,0000;0,0000;0,0000;0,0000;0,0000;0;0;0;0
20260614_0639;Recorrência_200;classification;AdaptiveRandomForest;Default_FullFeatures;classifier;classifier;classifier;N/A;N/A;N/A;2000;100;104;12300;0,0000;0,0000;0,0000;0,0000;0,0000;0,0000;0;0;0;0
20260614_0639;Recorrência_200;classification;AdaptiveRandomForest;Default_FullFeatures;classifier;classifier;classifier;N/A;N/A;N/A;2000;100;105;12400;0,0000;0,0000;0,0000;0,0000;0,0000;0,0000;0;0;0;0
20260614_0639;Recorrência_200;classification;AdaptiveRandomForest;Default_FullFeatures;classifier;classifier;classifier;N/A;N/A;N/A;2000;100;106;12500;0,0000;0,0000;0,0000;0,0000;0,0000;0,0000;0;0;0;0
20260614_0639;Recorrência_200;classification;AdaptiveRandomForest;Default_FullFeatures;classifier;classifier;classifier;N/A;N/A;N/A;2000;100;107;12600;0,0000;0,0000;0,0000;0,0000;0,0000;0,0000;0;0;0;0
20260614_0639;Recorrência_200;classification;AdaptiveRandomForest;Default_FullFeatures;classifier;classifier;classifier;N/A;N/A;N/A;2000;100;108;12700;0,0000;0,0000;0,0000;0,0000;0,0000;0,0000;0;0;0;0
20260614_0639;Recorrência_200;classification;AdaptiveRandomForest;Default_FullFeatures;classifier;classifier;classifier;N/A;N/A;N/A;2000;100;109;12800;0,0000;0,0000;0,0000;0,0000;0,0000;0,0000;0;0;0;0
20260614_0639;Recorrência_200;classification;AdaptiveRandomForest;Default_FullFeatures;classifier;classifier;classifier;N/A;N/A;N/A;2000;100;110;12900;0,0000;0,0000;0,0000;0,0000;0,0000;0,0000;0;0;0;0
20260614_0639;Recorrência_200;classification;AdaptiveRandomForest;Default_FullFeatures;classifier;classifier;classifier;N/A;N/A;N/A;2000;100;111;13000;0,0000;0,0000;0,0000;0,0000;0,0000;0,0000;0;0;0;0
20260614_0639;Recorrência_200;classification;AdaptiveRandomForest;Default_FullFeatures;classifier;classifier;classifier;N/A;N/A;N/A;2000;100;112;13100;0,0000;0,0000;0,0000;0,0000;0,0000;0,0000;0;0;0;0
20260614_0639;Recorrência_200;classification;AdaptiveRandomForest;Default_FullFeatures;classifier;classifier;classifier;N/A;N/A;N/A;2000;100;113;13200;0,0000;0,0000;0,0000;0,0000;0,0000;0,0000;0;0;0;0
20260614_0639;Recorrência_200;classification;AdaptiveRandomForest;Default_FullFeatures;classifier;classifier;classifier;N/A;N/A;N/A;2000;100;114;13300;0,0000;0,0000;0,0000;0,0000;0,0000;0,0000;0;0;0;0
20260614_0639;Recorrência_200;classification;AdaptiveRandomForest;Default_FullFeatures;classifier;classifier;classifier;N/A;N/A;N/A;2000;100;115;13400;99,3814;0,5050;100,0000;0,0000;98,7755;0,9998;0;0;1;1
20260614_0639;Recorrência_200;classification;AdaptiveRandomForest;Default_FullFeatures;classifier;classifier;classifier;N/A;N/A;N/A;2000;100;116;13500;100,0000;0,0000;100,0000;0,0000;100,0000;0,0000;0;0;0;0
20260614_0639;Recorrência_200;classification;AdaptiveRandomForest;Default_FullFeatures;classifier;classifier;classifier;N/A;N/A;N/A;2000;100;117;13600;0,0000;0,0000;0,0000;0,0000;0,0000;0,0000;0;0;0;0
20260614_0639;Recorrência_200;classification;AdaptiveRandomForest;Default_FullFeatures;classifier;classifier;classifier;N/A;N/A;N/A;2000;100;118;13700;0,0000;0,0000;0,0000;0,0000;0,0000;0,0000;0;0;0;0
20260614_0639;Recorrência_200;classification;AdaptiveRandomForest;Default_FullFeatures;classifier;classifier;classifier;N/A;N/A;N/A;2000;100;119;13800;0,0000;0,0000;0,0000;0,0000;0,0000;0,0000;0;0;0;0
20260614_0639;Recorrência_200;classification;AdaptiveRandomForest;Default_FullFeatures;classifier;classifier;classifier;N/A;N/A;N/A;2000;100;120;13900;0,0000;0,0000;0,0000;0,0000;0,0000;0,0000;0;0;0;0
20260614_0639;Recorrência_200;classification;AdaptiveRandomForest;Default_FullFeatures;classifier;classifier;classifier;N/A;N/A;N/A;2000;100;121;14000;0,0000;0,0000;0,0000;0,0000;0,0000;0,0000;0;0;0;0
20260614_0639;Recorrência_200;classification;AdaptiveRandomForest;Default_FullFeatures;classifier;classifier;classifier;N/A;N/A;N/A;2000;100;122;14100;0,0000;0,0000;0,0000;0,0000;0,0000;0,0000;0;0;0;0
20260614_0639;Recorrência_200;classification;AdaptiveRandomForest;Default_FullFeatures;classifier;classifier;classifier;N/A;N/A;N/A;2000;100;123;14200;0,0000;0,0000;0,0000;0,0000;0,0000;0,0000;0;0;0;0
20260614_0639;Recorrência_200;classification;AdaptiveRandomForest;Default_FullFeatures;classifier;classifier;classifier;N/A;N/A;N/A;2000;100;124;14300;0,0000;0,0000;0,0000;0,0000;0,0000;0,0000;0;0;0;0
20260614_0639;Recorrência_200;classification;AdaptiveRandomForest;Default_FullFeatures;classifier;classifier;classifier;N/A;N/A;N/A;2000;100;125;14400;0,0000;0,0000;0,0000;0,0000;0,0000;0,0000;0;0;0;0
20260614_0639;Recorrência_200;classification;AdaptiveRandomForest;Default_FullFeatures;classifier;classifier;classifier;N/A;N/A;N/A;2000;100;126;14500;0,0000;0,0000;0,0000;0,0000;0,0000;0,0000;0;0;0;0
20260614_0639;Recorrência_200;classification;AdaptiveRandomForest;Default_FullFeatures;classifier;classifier;classifier;N/A;N/A;N/A;2000;100;127;14600;0,0000;0,0000;0,0000;0,0000;0,0000;0,0000;0;0;0;0
20260614_0639;Recorrência_200;classification;AdaptiveRandomForest;Default_FullFeatures;classifier;classifier;classifier;N/A;N/A;N/A;2000;100;128;14700;0,0000;0,0000;0,0000;0,0000;0,0000;0,0000;0;0;0;0
20260614_0639;Recorrência_200;classification;AdaptiveRandomForest;Default_FullFeatures;classifier;classifier;classifier;N/A;N/A;N/A;2000;100;129;14800;0,0000;0,0000;0,0000;0,0000;0,0000;0,0000;0;0;0;0
20260614_0639;Recorrência_200;classification;AdaptiveRandomForest;Default_FullFeatures;classifier;classifier;classifier;N/A;N/A;N/A;2000;100;130;14900;0,0000;0,0000;0,0000;0,0000;0,0000;0,0000;0;0;0;0
20260614_0639;Recorrência_200;classification;AdaptiveRandomForest;Default_FullFeatures;classifier;classifier;classifier;N/A;N/A;N/A;2000;100;131;15000;0,0000;0,0000;0,0000;0,0000;0,0000;0,0000;0;0;0;0
20260614_0639;Recorrência_200;classification;AdaptiveRandomForest;Default_FullFeatures;classifier;classifier;classifier;N/A;N/A;N/A;2000;100;132;15100;0,0000;0,0000;0,0000;0,0000;0,0000;0,0000;0;0;0;0
20260614_0639;Recorrência_200;classification;AdaptiveRandomForest;Default_FullFeatures;classifier;classifier;classifier;N/A;N/A;N/A;2000;100;133;15200;0,0000;0,0000;0,0000;0,0000;0,0000;0,0000;0;0;0;0
20260614_0639;Recorrência_200;classification;AdaptiveRandomForest;Default_FullFeatures;classifier;classifier;classifier;N/A;N/A;N/A;2000;100;134;15300;0,0000;0,0000;0,0000;0,0000;0,0000;0,0000;0;0;0;0
20260614_0639;Recorrência_200;classification;AdaptiveRandomForest;Default_FullFeatures;classifier;classifier;classifier;N/A;N/A;N/A;2000;100;135;15400;0,0000;0,0000;0,0000;0,0000;0,0000;0,0000;0;0;0;0
20260614_0639;Recorrência_200;classification;AdaptiveRandomForest;Default_FullFeatures;classifier;classifier;classifier;N/A;N/A;N/A;2000;100;136;15500;0,0000;0,0000;0,0000;0,0000;0,0000;0,0000;0;0;0;0
20260614_0639;Recorrência_1000;classification;AdaptiveRandomForest;Default_FullFeatures;classifier;classifier;classifier;N/A;N/A;N/A;2000;100;1;2000;0,0000;0,0000;0,0000;0,0000;0,0000;0,0000;0;0;0;0
20260614_0639;Recorrência_1000;classification;AdaptiveRandomForest;Default_FullFeatures;classifier;classifier;classifier;N/A;N/A;N/A;2000;100;2;2100;0,0000;0,0000;0,0000;0,0000;0,0000;0,0000;0;0;0;0
20260614_0639;Recorrência_1000;classification;AdaptiveRandomForest;Default_FullFeatures;classifier;classifier;classifier;N/A;N/A;N/A;2000;100;3;2200;95,4128;0,0000;98,1132;0,0000;92,8571;0,0000;1;0;4;0
20260614_0639;Recorrência_1000;classification;AdaptiveRandomForest;Default_FullFeatures;classifier;classifier;classifier;N/A;N/A;N/A;2000;100;4;2300;98,3059;0,6901;96,6771;1,3243;100,0000;0,0000;3;2;0;0
20260614_0639;Recorrência_1000;classification;AdaptiveRandomForest;Default_FullFeatures;classifier;classifier;classifier;N/A;N/A;N/A;2000;100;5;2400;99,4924;0,0000;98,9899;0,0000;100,0000;0,0000;1;0;0;0
20260614_0639;Recorrência_1000;classification;AdaptiveRandomForest;Default_FullFeatures;classifier;classifier;classifier;N/A;N/A;N/A;2000;100;6;2500;98,4615;0,0000;96,9697;0,0000;100,0000;0,0000;3;0;0;0
20260614_0639;Recorrência_1000;classification;AdaptiveRandomForest;Default_FullFeatures;classifier;classifier;classifier;N/A;N/A;N/A;2000;100;7;2600;98,8760;0,2072;100,0000;0,0000;97,7778;0,4040;0;0;3;1
20260614_0639;Recorrência_1000;classification;AdaptiveRandomForest;Default_FullFeatures;classifier;classifier;classifier;N/A;N/A;N/A;2000;100;8;2700;94,0046;0,7537;90,3277;0,8496;98,0000;1,0000;5;1;1;1
20260614_0639;Recorrência_1000;classification;AdaptiveRandomForest;Default_FullFeatures;classifier;classifier;classifier;N/A;N/A;N/A;2000;100;9;2800;0,0000;0,0000;0,0000;0,0000;0,0000;0,0000;3;1;0;0
20260614_0639;Recorrência_1000;classification;AdaptiveRandomForest;Default_FullFeatures;classifier;classifier;classifier;N/A;N/A;N/A;2000;100;10;2900;0,0000;0,0000;0,0000;0,0000;0,0000;0,0000;2;1;0;0
20260614_0639;Recorrência_1000;classification;AdaptiveRandomForest;Default_FullFeatures;classifier;classifier;classifier;N/A;N/A;N/A;2000;100;11;3000;0,0000;0,0000;0,0000;0,0000;0,0000;0,0000;0;0;0;0
20260614_0639;Recorrência_1000;classification;AdaptiveRandomForest;Default_FullFeatures;classifier;classifier;classifier;N/A;N/A;N/A;2000;100;12;3100;0,0000;0,0000;0,0000;0,0000;0,0000;0,0000;0;0;0;0
20260614_0639;Recorrência_1000;classification;AdaptiveRandomForest;Default_FullFeatures;classifier;classifier;classifier;N/A;N/A;N/A;2000;100;13;3200;0,0000;0,0000;0,0000;0,0000;0,0000;0,0000;0;0;0;0
20260614_0639;Recorrência_1000;classification;AdaptiveRandomForest;Default_FullFeatures;classifier;classifier;classifier;N/A;N/A;N/A;2000;100;14;3300;0,0000;0,0000;0,0000;0,0000;0,0000;0,0000;0;0;0;0
20260614_0639;Recorrência_1000;classification;AdaptiveRandomForest;Default_FullFeatures;classifier;classifier;classifier;N/A;N/A;N/A;2000;100;15;3400;0,0000;0,0000;0,0000;0,0000;0,0000;0,0000;0;0;0;0
20260614_0639;Recorrência_1000;classification;AdaptiveRandomForest;Default_FullFeatures;classifier;classifier;classifier;N/A;N/A;N/A;2000;100;16;3500;0,0000;0,0000;0,0000;0,0000;0,0000;0,0000;0;0;0;0
20260614_0639;Recorrência_1000;classification;AdaptiveRandomForest;Default_FullFeatures;classifier;classifier;classifier;N/A;N/A;N/A;2000;100;17;3600;0,0000;0,0000;0,0000;0,0000;0,0000;0,0000;0;0;0;0
20260614_0639;Recorrência_1000;classification;AdaptiveRandomForest;Default_FullFeatures;classifier;classifier;classifier;N/A;N/A;N/A;2000;100;18;3700;0,0000;0,0000;0,0000;0,0000;0,0000;0,0000;1;1;0;0
20260614_0639;Recorrência_1000;classification;AdaptiveRandomForest;Default_FullFeatures;classifier;classifier;classifier;N/A;N/A;N/A;2000;100;19;3800;0,0000;0,0000;0,0000;0,0000;0,0000;0,0000;2;1;0;0
20260614_0639;Recorrência_1000;classification;AdaptiveRandomForest;Default_FullFeatures;classifier;classifier;classifier;N/A;N/A;N/A;2000;100;20;3900;0,0000;0,0000;0,0000;0,0000;0,0000;0,0000;0;0;0;0
20260614_0639;Recorrência_1000;classification;AdaptiveRandomForest;Default_FullFeatures;classifier;classifier;classifier;N/A;N/A;N/A;2000;100;21;4000;0,0000;0,0000;0,0000;0,0000;0,0000;0,0000;1;1;0;0
20260614_0639;Recorrência_1000;classification;AdaptiveRandomForest;Default_FullFeatures;classifier;classifier;classifier;N/A;N/A;N/A;2000;100;22;4100;0,0000;0,0000;0,0000;0,0000;0,0000;0,0000;0;0;0;0
20260614_0639;Recorrência_1000;classification;AdaptiveRandomForest;Default_FullFeatures;classifier;classifier;classifier;N/A;N/A;N/A;2000;100;23;4200;0,0000;0,0000;0,0000;0,0000;0,0000;0,0000;0;0;0;0
20260614_0639;Recorrência_1000;classification;AdaptiveRandomForest;Default_FullFeatures;classifier;classifier;classifier;N/A;N/A;N/A;2000;100;24;4300;0,0000;0,0000;0,0000;0,0000;0,0000;0,0000;0;0;0;0
20260614_0639;Recorrência_1000;classification;AdaptiveRandomForest;Default_FullFeatures;classifier;classifier;classifier;N/A;N/A;N/A;2000;100;25;4400;0,0000;0,0000;0,0000;0,0000;0,0000;0,0000;0;0;0;0
20260614_0639;Recorrência_1000;classification;AdaptiveRandomForest;Default_FullFeatures;classifier;classifier;classifier;N/A;N/A;N/A;2000;100;26;4500;0,0000;0,0000;0,0000;0,0000;0,0000;0,0000;0;0;0;0
20260614_0639;Recorrência_1000;classification;AdaptiveRandomForest;Default_FullFeatures;classifier;classifier;classifier;N/A;N/A;N/A;2000;100;27;4600;0,0000;0,0000;0,0000;0,0000;0,0000;0,0000;0;0;0;0
20260614_0639;Recorrência_1000;classification;AdaptiveRandomForest;Default_FullFeatures;classifier;classifier;classifier;N/A;N/A;N/A;2000;100;28;4700;0,0000;0,0000;0,0000;0,0000;0,0000;0,0000;0;0;0;0
20260614_0639;Recorrência_1000;classification;AdaptiveRandomForest;Default_FullFeatures;classifier;classifier;classifier;N/A;N/A;N/A;2000;100;29;4800;38,1754;4,0276;96,0000;8,0000;24,0000;3,2660;1;1;12;1
20260614_0639;Recorrência_1000;classification;AdaptiveRandomForest;Default_FullFeatures;classifier;classifier;classifier;N/A;N/A;N/A;2000;100;30;4900;98,0575;0,7657;100,0000;0,0000;96,2000;1,4697;0;0;4;2
20260614_0639;Recorrência_1000;classification;AdaptiveRandomForest;Default_FullFeatures;classifier;classifier;classifier;N/A;N/A;N/A;2000;100;31;5000;100,0000;0,0000;100,0000;0,0000;100,0000;0,0000;0;0;0;0
20260614_0639;Recorrência_1000;classification;AdaptiveRandomForest;Default_FullFeatures;classifier;classifier;classifier;N/A;N/A;N/A;2000;100;32;5100;99,7990;0,2462;100,0000;0,0000;99,6000;0,4899;0;0;1;1
20260614_0639;Recorrência_1000;classification;AdaptiveRandomForest;Default_FullFeatures;classifier;classifier;classifier;N/A;N/A;N/A;2000;100;33;5200;100,0000;0,0000;100,0000;0,0000;100,0000;0,0000;0;0;0;0
20260614_0639;Recorrência_1000;classification;AdaptiveRandomForest;Default_FullFeatures;classifier;classifier;classifier;N/A;N/A;N/A;2000;100;34;5300;96,0653;0,2231;92,4295;0,4145;100,0000;0,0000;7;1;0;0
20260614_0639;Recorrência_1000;classification;AdaptiveRandomForest;Default_FullFeatures;classifier;classifier;classifier;N/A;N/A;N/A;2000;100;35;5400;0,0000;0,0000;0,0000;0,0000;0,0000;0,0000;1;1;0;0
20260614_0639;Recorrência_1000;classification;AdaptiveRandomForest;Default_FullFeatures;classifier;classifier;classifier;N/A;N/A;N/A;2000;100;36;5500;0,0000;0,0000;0,0000;0,0000;0,0000;0,0000;1;1;0;0
20260614_0639;Recorrência_1000;classification;AdaptiveRandomForest;Default_FullFeatures;classifier;classifier;classifier;N/A;N/A;N/A;2000;100;37;5600;0,0000;0,0000;0,0000;0,0000;0,0000;0,0000;4;1;0;0
20260614_0639;Recorrência_1000;classification;AdaptiveRandomForest;Default_FullFeatures;classifier;classifier;classifier;N/A;N/A;N/A;2000;100;38;5700;0,0000;0,0000;0,0000;0,0000;0,0000;0,0000;0;0;0;0
20260614_0639;Recorrência_1000;classification;AdaptiveRandomForest;Default_FullFeatures;classifier;classifier;classifier;N/A;N/A;N/A;2000;100;39;5800;0,0000;0,0000;0,0000;0,0000;0,0000;0,0000;0;0;0;0
20260614_0639;Recorrência_1000;classification;AdaptiveRandomForest;Default_FullFeatures;classifier;classifier;classifier;N/A;N/A;N/A;2000;100;40;5900;0,0000;0,0000;0,0000;0,0000;0,0000;0,0000;0;0;0;0
20260614_0639;Recorrência_1000;classification;AdaptiveRandomForest;Default_FullFeatures;classifier;classifier;classifier;N/A;N/A;N/A;2000;100;41;6000;0,0000;0,0000;0,0000;0,0000;0,0000;0,0000;0;0;0;0
20260614_0639;Recorrência_1000;classification;AdaptiveRandomForest;Default_FullFeatures;classifier;classifier;classifier;N/A;N/A;N/A;2000;100;42;6100;0,0000;0,0000;0,0000;0,0000;0,0000;0,0000;0;0;0;0
20260614_0639;Recorrência_1000;classification;AdaptiveRandomForest;Default_FullFeatures;classifier;classifier;classifier;N/A;N/A;N/A;2000;100;43;6200;0,0000;0,0000;0,0000;0,0000;0,0000;0,0000;0;0;0;0
20260614_0639;Recorrência_1000;classification;AdaptiveRandomForest;Default_FullFeatures;classifier;classifier;classifier;N/A;N/A;N/A;2000;100;44;6300;0,0000;0,0000;0,0000;0,0000;0,0000;0,0000;0;0;0;0
20260614_0639;Recorrência_1000;classification;AdaptiveRandomForest;Default_FullFeatures;classifier;classifier;classifier;N/A;N/A;N/A;2000;100;45;6400;0,0000;0,0000;0,0000;0,0000;0,0000;0,0000;0;0;0;0
20260614_0639;Recorrência_1000;classification;AdaptiveRandomForest;Default_FullFeatures;classifier;classifier;classifier;N/A;N/A;N/A;2000;100;46;6500;0,0000;0,0000;0,0000;0,0000;0,0000;0,0000;0;0;0;0
20260614_0639;Recorrência_1000;classification;AdaptiveRandomForest;Default_FullFeatures;classifier;classifier;classifier;N/A;N/A;N/A;2000;100;47;6600;0,0000;0,0000;0,0000;0,0000;0,0000;0,0000;0;0;0;0
20260614_0639;Recorrência_1000;classification;AdaptiveRandomForest;Default_FullFeatures;classifier;classifier;classifier;N/A;N/A;N/A;2000;100;48;6700;0,0000;0,0000;0,0000;0,0000;0,0000;0,0000;0;0;0;0
20260614_0639;Recorrência_1000;classification;AdaptiveRandomForest;Default_FullFeatures;classifier;classifier;classifier;N/A;N/A;N/A;2000;100;49;6800;0,0000;0,0000;0,0000;0,0000;0,0000;0,0000;0;0;0;0
20260614_0639;Recorrência_1000;classification;AdaptiveRandomForest;Default_FullFeatures;classifier;classifier;classifier;N/A;N/A;N/A;2000;100;50;6900;0,0000;0,0000;0,0000;0,0000;0,0000;0,0000;0;0;0;0
20260614_0639;Recorrência_1000;classification;AdaptiveRandomForest;Default_FullFeatures;classifier;classifier;classifier;N/A;N/A;N/A;2000;100;51;7000;0,0000;0,0000;0,0000;0,0000;0,0000;0,0000;0;0;0;0
20260614_0639;Recorrência_1000;classification;AdaptiveRandomForest;Default_FullFeatures;classifier;classifier;classifier;N/A;N/A;N/A;2000;100;52;7100;0,0000;0,0000;0,0000;0,0000;0,0000;0,0000;0;0;0;0
20260614_0639;Recorrência_1000;classification;AdaptiveRandomForest;Default_FullFeatures;classifier;classifier;classifier;N/A;N/A;N/A;2000;100;53;7200;0,0000;0,0000;0,0000;0,0000;0,0000;0,0000;0;0;0;0
20260614_0639;Recorrência_1000;classification;AdaptiveRandomForest;Default_FullFeatures;classifier;classifier;classifier;N/A;N/A;N/A;2000;100;54;7300;0,0000;0,0000;0,0000;0,0000;0,0000;0,0000;0;0;0;0
20260614_0639;Recorrência_1000;classification;AdaptiveRandomForest;Default_FullFeatures;classifier;classifier;classifier;N/A;N/A;N/A;2000;100;55;7400;0,0000;0,0000;0,0000;0,0000;0,0000;0,0000;0;0;0;0
20260614_0639;Recorrência_1000;classification;AdaptiveRandomForest;Default_FullFeatures;classifier;classifier;classifier;N/A;N/A;N/A;2000;100;56;7500;98,6486;0,0000;100,0000;0,0000;97,3333;0,0000;0;0;2;0
20260614_0639;Recorrência_1000;classification;AdaptiveRandomForest;Default_FullFeatures;classifier;classifier;classifier;N/A;N/A;N/A;2000;100;57;7600;100,0000;0,0000;100,0000;0,0000;100,0000;0,0000;0;0;0;0
20260614_0639;Recorrência_1000;classification;AdaptiveRandomForest;Default_FullFeatures;classifier;classifier;classifier;N/A;N/A;N/A;2000;100;58;7700;99,8995;0,2010;100,0000;0,0000;99,8000;0,4000;0;0;1;1
20260614_0639;Recorrência_1000;classification;AdaptiveRandomForest;Default_FullFeatures;classifier;classifier;classifier;N/A;N/A;N/A;2000;100;59;7800;100,0000;0,0000;100,0000;0,0000;100,0000;0,0000;0;0;0;0
20260614_0639;Recorrência_1000;classification;AdaptiveRandomForest;Default_FullFeatures;classifier;classifier;classifier;N/A;N/A;N/A;2000;100;60;7900;100,0000;0,0000;100,0000;0,0000;100,0000;0,0000;0;0;0;0
20260614_0639;Recorrência_1000;classification;AdaptiveRandomForest;Default_FullFeatures;classifier;classifier;classifier;N/A;N/A;N/A;2000;100;61;8000;98,4314;0,7843;96,9231;1,5385;100,0000;0,0000;1;1;0;0
20260614_0639;Recorrência_1000;classification;AdaptiveRandomForest;Default_FullFeatures;classifier;classifier;classifier;N/A;N/A;N/A;2000;100;62;8100;0,0000;0,0000;0,0000;0,0000;0,0000;0,0000;0;0;0;0
20260614_0639;Recorrência_1000;classification;AdaptiveRandomForest;Default_FullFeatures;classifier;classifier;classifier;N/A;N/A;N/A;2000;100;63;8200;0,0000;0,0000;0,0000;0,0000;0,0000;0,0000;0;0;0;0
20260614_0639;Recorrência_1000;classification;AdaptiveRandomForest;Default_FullFeatures;classifier;classifier;classifier;N/A;N/A;N/A;2000;100;64;8300;0,0000;0,0000;0,0000;0,0000;0,0000;0,0000;0;0;0;0
20260614_0639;Recorrência_1000;classification;AdaptiveRandomForest;Default_FullFeatures;classifier;classifier;classifier;N/A;N/A;N/A;2000;100;65;8400;0,0000;0,0000;0,0000;0,0000;0,0000;0,0000;0;0;0;0
20260614_0639;Recorrência_1000;classification;AdaptiveRandomForest;Default_FullFeatures;classifier;classifier;classifier;N/A;N/A;N/A;2000;100;66;8500;0,0000;0,0000;0,0000;0,0000;0,0000;0,0000;0;0;0;0
20260614_0639;Recorrência_1000;classification;AdaptiveRandomForest;Default_FullFeatures;classifier;classifier;classifier;N/A;N/A;N/A;2000;100;67;8600;0,0000;0,0000;0,0000;0,0000;0,0000;0,0000;0;0;0;0
20260614_0639;Recorrência_1000;classification;AdaptiveRandomForest;Default_FullFeatures;classifier;classifier;classifier;N/A;N/A;N/A;2000;100;68;8700;0,0000;0,0000;0,0000;0,0000;0,0000;0,0000;0;0;0;0
20260614_0639;Recorrência_1000;classification;AdaptiveRandomForest;Default_FullFeatures;classifier;classifier;classifier;N/A;N/A;N/A;2000;100;69;8800;0,0000;0,0000;0,0000;0,0000;0,0000;0,0000;0;0;0;0
20260614_0639;Recorrência_1000;classification;AdaptiveRandomForest;Default_FullFeatures;classifier;classifier;classifier;N/A;N/A;N/A;2000;100;70;8900;0,0000;0,0000;0,0000;0,0000;0,0000;0,0000;0;0;0;0
20260614_0639;Recorrência_1000;classification;AdaptiveRandomForest;Default_FullFeatures;classifier;classifier;classifier;N/A;N/A;N/A;2000;100;71;9000;0,0000;0,0000;0,0000;0,0000;0,0000;0,0000;0;0;0;0
20260614_0639;Recorrência_1000;classification;AdaptiveRandomForest;Default_FullFeatures;classifier;classifier;classifier;N/A;N/A;N/A;2000;100;72;9100;0,0000;0,0000;0,0000;0,0000;0,0000;0,0000;0;0;0;0
20260614_0639;Recorrência_1000;classification;AdaptiveRandomForest;Default_FullFeatures;classifier;classifier;classifier;N/A;N/A;N/A;2000;100;73;9200;0,0000;0,0000;0,0000;0,0000;0,0000;0,0000;0;0;0;0
20260614_0639;Recorrência_1000;classification;AdaptiveRandomForest;Default_FullFeatures;classifier;classifier;classifier;N/A;N/A;N/A;2000;100;74;9300;0,0000;0,0000;0,0000;0,0000;0,0000;0,0000;0;0;0;0
20260614_0639;Recorrência_1000;classification;AdaptiveRandomForest;Default_FullFeatures;classifier;classifier;classifier;N/A;N/A;N/A;2000;100;75;9400;0,0000;0,0000;0,0000;0,0000;0,0000;0,0000;0;0;0;0
20260614_0639;Recorrência_1000;classification;AdaptiveRandomForest;Default_FullFeatures;classifier;classifier;classifier;N/A;N/A;N/A;2000;100;76;9500;0,0000;0,0000;0,0000;0,0000;0,0000;0,0000;0;0;0;0
20260614_0639;Recorrência_1000;classification;AdaptiveRandomForest;Default_FullFeatures;classifier;classifier;classifier;N/A;N/A;N/A;2000;100;77;9600;0,0000;0,0000;0,0000;0,0000;0,0000;0,0000;0;0;0;0
20260614_0639;Recorrência_1000;classification;AdaptiveRandomForest;Default_FullFeatures;classifier;classifier;classifier;N/A;N/A;N/A;2000;100;78;9700;0,0000;0,0000;0,0000;0,0000;0,0000;0,0000;0;0;0;0
20260614_0639;Recorrência_1000;classification;AdaptiveRandomForest;Default_FullFeatures;classifier;classifier;classifier;N/A;N/A;N/A;2000;100;79;9800;0,0000;0,0000;0,0000;0,0000;0,0000;0,0000;0;0;0;0
20260614_0639;Recorrência_1000;classification;AdaptiveRandomForest;Default_FullFeatures;classifier;classifier;classifier;N/A;N/A;N/A;2000;100;80;9900;0,0000;0,0000;0,0000;0,0000;0,0000;0,0000;0;0;0;0
20260614_0639;Recorrência_1000;classification;AdaptiveRandomForest;Default_FullFeatures;classifier;classifier;classifier;N/A;N/A;N/A;2000;100;81;10000;0,0000;0,0000;0,0000;0,0000;0,0000;0,0000;0;0;0;0
20260614_0639;Recorrência_1000;classification;AdaptiveRandomForest;Default_FullFeatures;classifier;classifier;classifier;N/A;N/A;N/A;2000;100;82;10100;77,3160;2,2511;100,0000;0,0000;63,0769;3,0769;0;0;5;1
20260614_0639;Recorrência_1000;classification;AdaptiveRandomForest;Default_FullFeatures;classifier;classifier;classifier;N/A;N/A;N/A;2000;100;83;10200;95,7466;0,8145;100,0000;0,0000;91,8519;1,4815;0;0;3;1
20260614_0639;Recorrência_1000;classification;AdaptiveRandomForest;Default_FullFeatures;classifier;classifier;classifier;N/A;N/A;N/A;2000;100;84;10300;96,9231;3,7684;100,0000;0,0000;94,2857;6,9985;0;0;1;1
20260614_0639;Recorrência_1000;classification;AdaptiveRandomForest;Default_FullFeatures;classifier;classifier;classifier;N/A;N/A;N/A;2000;100;85;10400;98,6842;0,0000;100,0000;0,0000;97,4026;0,0000;0;0;2;0
20260614_0639;Recorrência_1000;classification;AdaptiveRandomForest;Default_FullFeatures;classifier;classifier;classifier;N/A;N/A;N/A;2000;100;86;10500;97,9592;0,0000;100,0000;0,0000;96,0000;0,0000;0;0;1;0
20260614_0639;Recorrência_1000;classification;AdaptiveRandomForest;Default_FullFeatures;classifier;classifier;classifier;N/A;N/A;N/A;2000;100;87;10600;100,0000;0,0000;100,0000;0,0000;100,0000;0,0000;0;0;0;0
20260614_0639;Recorrência_1000;classification;AdaptiveRandomForest;Default_FullFeatures;classifier;classifier;classifier;N/A;N/A;N/A;2000;100;88;10700;0,0000;0,0000;0,0000;0,0000;0,0000;0,0000;0;0;0;0
20260614_0639;Recorrência_1000;classification;AdaptiveRandomForest;Default_FullFeatures;classifier;classifier;classifier;N/A;N/A;N/A;2000;100;89;10800;0,0000;0,0000;0,0000;0,0000;0,0000;0,0000;0;0;0;0
20260614_0639;Recorrência_1000;classification;AdaptiveRandomForest;Default_FullFeatures;classifier;classifier;classifier;N/A;N/A;N/A;2000;100;90;10900;0,0000;0,0000;0,0000;0,0000;0,0000;0,0000;0;0;0;0
20260614_0639;Recorrência_1000;classification;AdaptiveRandomForest;Default_FullFeatures;classifier;classifier;classifier;N/A;N/A;N/A;2000;100;91;11000;0,0000;0,0000;0,0000;0,0000;0,0000;0,0000;0;0;0;0
20260614_0639;Recorrência_1000;classification;AdaptiveRandomForest;Default_FullFeatures;classifier;classifier;classifier;N/A;N/A;N/A;2000;100;92;11100;0,0000;0,0000;0,0000;0,0000;0,0000;0,0000;0;0;0;0
20260614_0639;Recorrência_1000;classification;AdaptiveRandomForest;Default_FullFeatures;classifier;classifier;classifier;N/A;N/A;N/A;2000;100;93;11200;0,0000;0,0000;0,0000;0,0000;0,0000;0,0000;0;0;0;0
20260614_0639;Recorrência_1000;classification;AdaptiveRandomForest;Default_FullFeatures;classifier;classifier;classifier;N/A;N/A;N/A;2000;100;94;11300;0,0000;0,0000;0,0000;0,0000;0,0000;0,0000;0;0;0;0
20260614_0639;Recorrência_1000;classification;AdaptiveRandomForest;Default_FullFeatures;classifier;classifier;classifier;N/A;N/A;N/A;2000;100;95;11400;0,0000;0,0000;0,0000;0,0000;0,0000;0,0000;0;0;0;0
20260614_0639;Recorrência_1000;classification;AdaptiveRandomForest;Default_FullFeatures;classifier;classifier;classifier;N/A;N/A;N/A;2000;100;96;11500;0,0000;0,0000;0,0000;0,0000;0,0000;0,0000;0;0;0;0
20260614_0639;Recorrência_1000;classification;AdaptiveRandomForest;Default_FullFeatures;classifier;classifier;classifier;N/A;N/A;N/A;2000;100;97;11600;0,0000;0,0000;0,0000;0,0000;0,0000;0,0000;0;0;0;0
20260614_0639;Recorrência_1000;classification;AdaptiveRandomForest;Default_FullFeatures;classifier;classifier;classifier;N/A;N/A;N/A;2000;100;98;11700;0,0000;0,0000;0,0000;0,0000;0,0000;0,0000;1;0;0;0
20260614_0639;Recorrência_1000;classification;AdaptiveRandomForest;Default_FullFeatures;classifier;classifier;classifier;N/A;N/A;N/A;2000;100;99;11800;0,0000;0,0000;0,0000;0,0000;0,0000;0,0000;0;0;0;0
20260614_0639;Recorrência_1000;classification;AdaptiveRandomForest;Default_FullFeatures;classifier;classifier;classifier;N/A;N/A;N/A;2000;100;100;11900;0,0000;0,0000;0,0000;0,0000;0,0000;0,0000;1;1;0;0
20260614_0639;Recorrência_1000;classification;AdaptiveRandomForest;Default_FullFeatures;classifier;classifier;classifier;N/A;N/A;N/A;2000;100;101;12000;0,0000;0,0000;0,0000;0,0000;0,0000;0,0000;0;0;0;0
20260614_0639;Recorrência_1000;classification;AdaptiveRandomForest;Default_FullFeatures;classifier;classifier;classifier;N/A;N/A;N/A;2000;100;102;12100;0,0000;0,0000;0,0000;0,0000;0,0000;0,0000;0;0;0;0
20260614_0639;Recorrência_1000;classification;AdaptiveRandomForest;Default_FullFeatures;classifier;classifier;classifier;N/A;N/A;N/A;2000;100;103;12200;0,0000;0,0000;0,0000;0,0000;0,0000;0,0000;0;0;0;0
20260614_0639;Recorrência_1000;classification;AdaptiveRandomForest;Default_FullFeatures;classifier;classifier;classifier;N/A;N/A;N/A;2000;100;104;12300;0,0000;0,0000;0,0000;0,0000;0,0000;0,0000;0;0;0;0
20260614_0639;Recorrência_1000;classification;AdaptiveRandomForest;Default_FullFeatures;classifier;classifier;classifier;N/A;N/A;N/A;2000;100;105;12400;0,0000;0,0000;0,0000;0,0000;0,0000;0,0000;0;0;0;0
20260614_0639;Recorrência_1000;classification;AdaptiveRandomForest;Default_FullFeatures;classifier;classifier;classifier;N/A;N/A;N/A;2000;100;106;12500;0,0000;0,0000;0,0000;0,0000;0,0000;0,0000;0;0;0;0
20260614_0639;Recorrência_1000;classification;AdaptiveRandomForest;Default_FullFeatures;classifier;classifier;classifier;N/A;N/A;N/A;2000;100;107;12600;0,0000;0,0000;0,0000;0,0000;0,0000;0,0000;1;1;0;0
20260614_0639;Recorrência_1000;classification;AdaptiveRandomForest;Default_FullFeatures;classifier;classifier;classifier;N/A;N/A;N/A;2000;100;108;12700;0,0000;0,0000;0,0000;0,0000;0,0000;0,0000;0;0;0;0
20260614_0639;Recorrência_1000;classification;AdaptiveRandomForest;Default_FullFeatures;classifier;classifier;classifier;N/A;N/A;N/A;2000;100;109;12800;93,1916;0,3067;100,0000;0,0000;87,2527;0,5383;0;0;12;1
20260614_0639;Recorrência_1000;classification;AdaptiveRandomForest;Default_FullFeatures;classifier;classifier;classifier;N/A;N/A;N/A;2000;100;110;12900;100,0000;0,0000;100,0000;0,0000;100,0000;0,0000;0;0;0;0
20260614_0639;Recorrência_1000;classification;AdaptiveRandomForest;Default_FullFeatures;classifier;classifier;classifier;N/A;N/A;N/A;2000;100;111;13000;100,0000;0,0000;100,0000;0,0000;100,0000;0,0000;0;0;0;0
20260614_0639;Recorrência_1000;classification;AdaptiveRandomForest;Default_FullFeatures;classifier;classifier;classifier;N/A;N/A;N/A;2000;100;112;13100;100,0000;0,0000;100,0000;0,0000;100,0000;0,0000;0;0;0;0
20260614_0639;Recorrência_1000;classification;AdaptiveRandomForest;Default_FullFeatures;classifier;classifier;classifier;N/A;N/A;N/A;2000;100;113;13200;100,0000;0,0000;100,0000;0,0000;100,0000;0,0000;0;0;0;0
20260614_0639;Recorrência_1000;classification;AdaptiveRandomForest;Default_FullFeatures;classifier;classifier;classifier;N/A;N/A;N/A;2000;100;114;13300;85,1587;4,6027;74,4306;6,9200;100,0000;0,0000;4;2;0;0
20260614_0639;Recorrência_1000;classification;AdaptiveRandomForest;Default_FullFeatures;classifier;classifier;classifier;N/A;N/A;N/A;2000;100;115;13400;0,0000;0,0000;0,0000;0,0000;0,0000;0,0000;1;1;0;0
20260614_0639;Recorrência_1000;classification;AdaptiveRandomForest;Default_FullFeatures;classifier;classifier;classifier;N/A;N/A;N/A;2000;100;116;13500;0,0000;0,0000;0,0000;0,0000;0,0000;0,0000;0;0;0;0
20260614_0639;Recorrência_1000;classification;AdaptiveRandomForest;Default_FullFeatures;classifier;classifier;classifier;N/A;N/A;N/A;2000;100;117;13600;0,0000;0,0000;0,0000;0,0000;0,0000;0,0000;0;0;0;0
20260614_0639;Recorrência_1000;classification;AdaptiveRandomForest;Default_FullFeatures;classifier;classifier;classifier;N/A;N/A;N/A;2000;100;118;13700;0,0000;0,0000;0,0000;0,0000;0,0000;0,0000;0;0;0;0
20260614_0639;Recorrência_1000;classification;AdaptiveRandomForest;Default_FullFeatures;classifier;classifier;classifier;N/A;N/A;N/A;2000;100;119;13800;0,0000;0,0000;0,0000;0,0000;0,0000;0,0000;0;0;0;0
20260614_0639;Recorrência_1000;classification;AdaptiveRandomForest;Default_FullFeatures;classifier;classifier;classifier;N/A;N/A;N/A;2000;100;120;13900;0,0000;0,0000;0,0000;0,0000;0,0000;0,0000;0;0;0;0
20260614_0639;Recorrência_1000;classification;AdaptiveRandomForest;Default_FullFeatures;classifier;classifier;classifier;N/A;N/A;N/A;2000;100;121;14000;0,0000;0,0000;0,0000;0,0000;0,0000;0,0000;0;0;0;0
20260614_0639;Recorrência_1000;classification;AdaptiveRandomForest;Default_FullFeatures;classifier;classifier;classifier;N/A;N/A;N/A;2000;100;122;14100;0,0000;0,0000;0,0000;0,0000;0,0000;0,0000;0;0;0;0
20260614_0639;Recorrência_1000;classification;AdaptiveRandomForest;Default_FullFeatures;classifier;classifier;classifier;N/A;N/A;N/A;2000;100;123;14200;0,0000;0,0000;0,0000;0,0000;0,0000;0,0000;0;0;0;0
20260614_0639;Recorrência_1000;classification;AdaptiveRandomForest;Default_FullFeatures;classifier;classifier;classifier;N/A;N/A;N/A;2000;100;124;14300;0,0000;0,0000;0,0000;0,0000;0,0000;0,0000;0;0;0;0
20260614_0639;Recorrência_1000;classification;AdaptiveRandomForest;Default_FullFeatures;classifier;classifier;classifier;N/A;N/A;N/A;2000;100;125;14400;0,0000;0,0000;0,0000;0,0000;0,0000;0,0000;0;0;0;0
20260614_0639;Recorrência_1000;classification;AdaptiveRandomForest;Default_FullFeatures;classifier;classifier;classifier;N/A;N/A;N/A;2000;100;126;14500;0,0000;0,0000;0,0000;0,0000;0,0000;0,0000;0;0;0;0
20260614_0639;Recorrência_1000;classification;AdaptiveRandomForest;Default_FullFeatures;classifier;classifier;classifier;N/A;N/A;N/A;2000;100;127;14600;0,0000;0,0000;0,0000;0,0000;0,0000;0,0000;0;0;0;0
20260614_0639;Recorrência_1000;classification;AdaptiveRandomForest;Default_FullFeatures;classifier;classifier;classifier;N/A;N/A;N/A;2000;100;128;14700;0,0000;0,0000;0,0000;0,0000;0,0000;0,0000;0;0;0;0
20260614_0639;Recorrência_1000;classification;AdaptiveRandomForest;Default_FullFeatures;classifier;classifier;classifier;N/A;N/A;N/A;2000;100;129;14800;0,0000;0,0000;0,0000;0,0000;0,0000;0,0000;0;0;0;0
20260614_0639;Recorrência_1000;classification;AdaptiveRandomForest;Default_FullFeatures;classifier;classifier;classifier;N/A;N/A;N/A;2000;100;130;14900;0,0000;0,0000;0,0000;0,0000;0,0000;0,0000;0;0;0;0
20260614_0639;Recorrência_1000;classification;AdaptiveRandomForest;Default_FullFeatures;classifier;classifier;classifier;N/A;N/A;N/A;2000;100;131;15000;0,0000;0,0000;0,0000;0,0000;0,0000;0,0000;0;0;0;0
20260614_0639;Recorrência_1000;classification;AdaptiveRandomForest;Default_FullFeatures;classifier;classifier;classifier;N/A;N/A;N/A;2000;100;132;15100;0,0000;0,0000;0,0000;0,0000;0,0000;0,0000;0;0;0;0
20260614_0639;Recorrência_1000;classification;AdaptiveRandomForest;Default_FullFeatures;classifier;classifier;classifier;N/A;N/A;N/A;2000;100;133;15200;0,0000;0,0000;0,0000;0,0000;0,0000;0,0000;0;0;0;0
20260614_0639;Recorrência_1000;classification;AdaptiveRandomForest;Default_FullFeatures;classifier;classifier;classifier;N/A;N/A;N/A;2000;100;134;15300;0,0000;0,0000;0,0000;0,0000;0,0000;0,0000;0;0;0;0
20260614_0639;Recorrência_1000;classification;AdaptiveRandomForest;Default_FullFeatures;classifier;classifier;classifier;N/A;N/A;N/A;2000;100;135;15400;100,0000;0,0000;100,0000;0,0000;100,0000;0,0000;0;0;0;0
20260614_0639;Recorrência_1000;classification;AdaptiveRandomForest;Default_FullFeatures;classifier;classifier;classifier;N/A;N/A;N/A;2000;100;136;15500;100,0000;0,0000;100,0000;0,0000;100,0000;0,0000;0;0;0;0
20260614_0639;Recorrência_1000;classification;AdaptiveRandomForest;Default_FullFeatures;classifier;classifier;classifier;N/A;N/A;N/A;2000;100;137;15600;100,0000;0,0000;100,0000;0,0000;100,0000;0,0000;0;0;0;0
20260614_0639;Recorrência_1000;classification;AdaptiveRandomForest;Default_FullFeatures;classifier;classifier;classifier;N/A;N/A;N/A;2000;100;138;15700;100,0000;0,0000;100,0000;0,0000;100,0000;0,0000;0;0;0;0
20260614_0639;Recorrência_1000;classification;AdaptiveRandomForest;Default_FullFeatures;classifier;classifier;classifier;N/A;N/A;N/A;2000;100;139;15800;100,0000;0,0000;100,0000;0,0000;100,0000;0,0000;0;0;0;0
20260614_0639;Recorrência_1000;classification;AdaptiveRandomForest;Default_FullFeatures;classifier;classifier;classifier;N/A;N/A;N/A;2000;100;140;15900;100,0000;0,0000;100,0000;0,0000;100,0000;0,0000;0;0;0;0
20260614_0639;Recorrência_1000;classification;AdaptiveRandomForest;Default_FullFeatures;classifier;classifier;classifier;N/A;N/A;N/A;2000;100;141;16000;0,0000;0,0000;0,0000;0,0000;0,0000;0,0000;0;0;0;0
20260614_0639;Recorrência_1000;classification;AdaptiveRandomForest;Default_FullFeatures;classifier;classifier;classifier;N/A;N/A;N/A;2000;100;142;16100;0,0000;0,0000;0,0000;0,0000;0,0000;0,0000;0;0;0;0
20260614_0639;Recorrência_1000;classification;AdaptiveRandomForest;Default_FullFeatures;classifier;classifier;classifier;N/A;N/A;N/A;2000;100;143;16200;0,0000;0,0000;0,0000;0,0000;0,0000;0,0000;0;0;0;0
20260614_0639;Recorrência_1000;classification;AdaptiveRandomForest;Default_FullFeatures;classifier;classifier;classifier;N/A;N/A;N/A;2000;100;144;16300;0,0000;0,0000;0,0000;0,0000;0,0000;0,0000;0;0;0;0
20260614_0639;Recorrência_1000;classification;AdaptiveRandomForest;Default_FullFeatures;classifier;classifier;classifier;N/A;N/A;N/A;2000;100;145;16400;0,0000;0,0000;0,0000;0,0000;0,0000;0,0000;0;0;0;0
20260614_0639;Recorrência_1000;classification;AdaptiveRandomForest;Default_FullFeatures;classifier;classifier;classifier;N/A;N/A;N/A;2000;100;146;16500;0,0000;0,0000;0,0000;0,0000;0,0000;0,0000;0;0;0;0
20260614_0639;Recorrência_1000;classification;AdaptiveRandomForest;Default_FullFeatures;classifier;classifier;classifier;N/A;N/A;N/A;2000;100;147;16600;0,0000;0,0000;0,0000;0,0000;0,0000;0,0000;0;0;0;0
20260614_0639;Recorrência_1000;classification;AdaptiveRandomForest;Default_FullFeatures;classifier;classifier;classifier;N/A;N/A;N/A;2000;100;148;16700;0,0000;0,0000;0,0000;0,0000;0,0000;0,0000;0;0;0;0
20260614_0639;Recorrência_1000;classification;AdaptiveRandomForest;Default_FullFeatures;classifier;classifier;classifier;N/A;N/A;N/A;2000;100;149;16800;0,0000;0,0000;0,0000;0,0000;0,0000;0,0000;0;0;0;0
20260614_0639;Recorrência_1000;classification;AdaptiveRandomForest;Default_FullFeatures;classifier;classifier;classifier;N/A;N/A;N/A;2000;100;150;16900;0,0000;0,0000;0,0000;0,0000;0,0000;0,0000;0;0;0;0
20260614_0639;Recorrência_1000;classification;AdaptiveRandomForest;Default_FullFeatures;classifier;classifier;classifier;N/A;N/A;N/A;2000;100;151;17000;0,0000;0,0000;0,0000;0,0000;0,0000;0,0000;0;0;0;0
20260614_0639;Recorrência_1000;classification;AdaptiveRandomForest;Default_FullFeatures;classifier;classifier;classifier;N/A;N/A;N/A;2000;100;152;17100;0,0000;0,0000;0,0000;0,0000;0,0000;0,0000;0;0;0;0
20260614_0639;Recorrência_1000;classification;AdaptiveRandomForest;Default_FullFeatures;classifier;classifier;classifier;N/A;N/A;N/A;2000;100;153;17200;0,0000;0,0000;0,0000;0,0000;0,0000;0,0000;0;0;0;0
20260614_0639;Recorrência_1000;classification;AdaptiveRandomForest;Default_FullFeatures;classifier;classifier;classifier;N/A;N/A;N/A;2000;100;154;17300;0,0000;0,0000;0,0000;0,0000;0,0000;0,0000;0;0;0;0
20260614_0639;Recorrência_1000;classification;AdaptiveRandomForest;Default_FullFeatures;classifier;classifier;classifier;N/A;N/A;N/A;2000;100;155;17400;0,0000;0,0000;0,0000;0,0000;0,0000;0,0000;0;0;0;0
20260614_0639;Recorrência_1000;classification;AdaptiveRandomForest;Default_FullFeatures;classifier;classifier;classifier;N/A;N/A;N/A;2000;100;156;17500;0,0000;0,0000;0,0000;0,0000;0,0000;0,0000;0;0;0;0
20260614_0639;Recorrência_1000;classification;AdaptiveRandomForest;Default_FullFeatures;classifier;classifier;classifier;N/A;N/A;N/A;2000;100;157;17600;0,0000;0,0000;0,0000;0,0000;0,0000;0,0000;0;0;0;0
20260614_0639;Recorrência_1000;classification;AdaptiveRandomForest;Default_FullFeatures;classifier;classifier;classifier;N/A;N/A;N/A;2000;100;158;17700;0,0000;0,0000;0,0000;0,0000;0,0000;0,0000;0;0;0;0
20260614_0639;Recorrência_1000;classification;AdaptiveRandomForest;Default_FullFeatures;classifier;classifier;classifier;N/A;N/A;N/A;2000;100;159;17800;0,0000;0,0000;0,0000;0,0000;0,0000;0,0000;0;0;0;0
20260614_0639;Recorrência_1000;classification;AdaptiveRandomForest;Default_FullFeatures;classifier;classifier;classifier;N/A;N/A;N/A;2000;100;160;17900;0,0000;0,0000;0,0000;0,0000;0,0000;0,0000;0;0;0;0
