Exec_ID;Dataset;Task_Type;Model;Scenario;Strategy;Threshold_Strategy;Decision_Strategy;Decision_Window;Persistence_K;Persistence_N;Warmup;Window_Size;Window_Index;Instance;F1_avg;F1_std;Prec_avg;Prec_std;Rec_avg;Rec_std;FP_avg;FP_std;FN_avg;FN_std
20260611_1518;Consistência_25;classification;AdaptiveRandomForest;Otimizado_33Features;classifier;classifier;classifier;N/A;N/A;N/A;2000;100;1;2000;0,0000;0,0000;0,0000;0,0000;0,0000;0,0000;0;0;0;0
20260611_1518;Consistência_25;classification;AdaptiveRandomForest;Otimizado_33Features;classifier;classifier;classifier;N/A;N/A;N/A;2000;100;2;2100;0,0000;0,0000;0,0000;0,0000;0,0000;0,0000;0;0;0;0
20260611_1518;Consistência_25;classification;AdaptiveRandomForest;Otimizado_33Features;classifier;classifier;classifier;N/A;N/A;N/A;2000;100;3;2200;0,0000;0,0000;0,0000;0,0000;0,0000;0,0000;0;0;0;0
20260611_1518;Consistência_25;classification;AdaptiveRandomForest;Otimizado_33Features;classifier;classifier;classifier;N/A;N/A;N/A;2000;100;4;2300;0,0000;0,0000;0,0000;0,0000;0,0000;0,0000;0;0;0;0
20260611_1518;Consistência_25;classification;AdaptiveRandomForest;Otimizado_33Features;classifier;classifier;classifier;N/A;N/A;N/A;2000;100;5;2400;0,0000;0,0000;0,0000;0,0000;0,0000;0,0000;0;0;0;0
20260611_1518;Consistência_25;classification;AdaptiveRandomForest;Otimizado_33Features;classifier;classifier;classifier;N/A;N/A;N/A;2000;100;6;2500;0,0000;0,0000;0,0000;0,0000;0,0000;0,0000;0;0;0;0
20260611_1518;Consistência_25;classification;AdaptiveRandomForest;Otimizado_33Features;classifier;classifier;classifier;N/A;N/A;N/A;2000;100;7;2600;0,0000;0,0000;0,0000;0,0000;0,0000;0,0000;0;0;0;0
20260611_1518;Consistência_25;classification;AdaptiveRandomForest;Otimizado_33Features;classifier;classifier;classifier;N/A;N/A;N/A;2000;100;8;2700;0,0000;0,0000;0,0000;0,0000;0,0000;0,0000;0;0;0;0
20260611_1518;Consistência_25;classification;AdaptiveRandomForest;Otimizado_33Features;classifier;classifier;classifier;N/A;N/A;N/A;2000;100;9;2800;0,0000;0,0000;0,0000;0,0000;0,0000;0,0000;0;0;0;0
20260611_1518;Consistência_25;classification;AdaptiveRandomForest;Otimizado_33Features;classifier;classifier;classifier;N/A;N/A;N/A;2000;100;10;2900;0,0000;0,0000;0,0000;0,0000;0,0000;0,0000;0;0;0;0
20260611_1518;Consistência_25;classification;AdaptiveRandomForest;Otimizado_33Features;classifier;classifier;classifier;N/A;N/A;N/A;2000;100;11;3000;0,0000;0,0000;0,0000;0,0000;0,0000;0,0000;0;0;0;0
20260611_1518;Consistência_25;classification;AdaptiveRandomForest;Otimizado_33Features;classifier;classifier;classifier;N/A;N/A;N/A;2000;100;12;3100;0,0000;0,0000;0,0000;0,0000;0,0000;0,0000;0;0;0;0
20260611_1518;Consistência_25;classification;AdaptiveRandomForest;Otimizado_33Features;classifier;classifier;classifier;N/A;N/A;N/A;2000;100;13;3200;0,0000;0,0000;0,0000;0,0000;0,0000;0,0000;0;0;0;0
20260611_1518;Consistência_25;classification;AdaptiveRandomForest;Otimizado_33Features;classifier;classifier;classifier;N/A;N/A;N/A;2000;100;14;3300;0,0000;0,0000;0,0000;0,0000;0,0000;0,0000;0;0;0;0
20260611_1518;Consistência_25;classification;AdaptiveRandomForest;Otimizado_33Features;classifier;classifier;classifier;N/A;N/A;N/A;2000;100;15;3400;0,0000;0,0000;0,0000;0,0000;0,0000;0,0000;0;0;0;0
20260611_1518;Consistência_25;classification;AdaptiveRandomForest;Otimizado_33Features;classifier;classifier;classifier;N/A;N/A;N/A;2000;100;16;3500;0,0000;0,0000;0,0000;0,0000;0,0000;0,0000;0;0;0;0
20260611_1518;Consistência_25;classification;AdaptiveRandomForest;Otimizado_33Features;classifier;classifier;classifier;N/A;N/A;N/A;2000;100;17;3600;0,0000;0,0000;0,0000;0,0000;0,0000;0,0000;0;0;0;0
20260611_1518;Consistência_25;classification;AdaptiveRandomForest;Otimizado_33Features;classifier;classifier;classifier;N/A;N/A;N/A;2000;100;18;3700;0,0000;0,0000;0,0000;0,0000;0,0000;0,0000;0;0;0;0
20260611_1518;Consistência_25;classification;AdaptiveRandomForest;Otimizado_33Features;classifier;classifier;classifier;N/A;N/A;N/A;2000;100;19;3800;90,4327;1,0779;99,0909;1,8182;83,2000;1,6000;1;1;5;1
20260611_1518;Consistência_25;classification;AdaptiveRandomForest;Otimizado_33Features;classifier;classifier;classifier;N/A;N/A;N/A;2000;100;20;3900;0,0000;0,0000;0,0000;0,0000;0,0000;0,0000;2;1;0;0
20260611_1518;Consistência_25;classification;AdaptiveRandomForest;Otimizado_33Features;classifier;classifier;classifier;N/A;N/A;N/A;2000;100;21;4000;0,0000;0,0000;0,0000;0,0000;0,0000;0,0000;0;0;0;0
20260611_1518;Consistência_25;classification;AdaptiveRandomForest;Otimizado_33Features;classifier;classifier;classifier;N/A;N/A;N/A;2000;100;22;4100;0,0000;0,0000;0,0000;0,0000;0,0000;0,0000;0;0;0;0
20260611_1518;Consistência_25;classification;AdaptiveRandomForest;Otimizado_33Features;classifier;classifier;classifier;N/A;N/A;N/A;2000;100;23;4200;0,0000;0,0000;0,0000;0,0000;0,0000;0,0000;0;0;0;0
20260611_1518;Consistência_25;classification;AdaptiveRandomForest;Otimizado_33Features;classifier;classifier;classifier;N/A;N/A;N/A;2000;100;24;4300;0,0000;0,0000;0,0000;0,0000;0,0000;0,0000;0;0;0;0
20260611_1518;Consistência_25;classification;AdaptiveRandomForest;Otimizado_33Features;classifier;classifier;classifier;N/A;N/A;N/A;2000;100;25;4400;0,0000;0,0000;0,0000;0,0000;0,0000;0,0000;0;0;0;0
20260611_1518;Consistência_25;classification;AdaptiveRandomForest;Otimizado_33Features;classifier;classifier;classifier;N/A;N/A;N/A;2000;100;26;4500;0,0000;0,0000;0,0000;0,0000;0,0000;0,0000;0;0;0;0
20260611_1518;Consistência_25;classification;AdaptiveRandomForest;Otimizado_33Features;classifier;classifier;classifier;N/A;N/A;N/A;2000;100;27;4600;0,0000;0,0000;0,0000;0,0000;0,0000;0,0000;0;0;0;0
20260611_1518;Consistência_25;classification;AdaptiveRandomForest;Otimizado_33Features;classifier;classifier;classifier;N/A;N/A;N/A;2000;100;28;4700;0,0000;0,0000;0,0000;0,0000;0,0000;0,0000;0;0;0;0
20260611_1518;Consistência_25;classification;AdaptiveRandomForest;Otimizado_33Features;classifier;classifier;classifier;N/A;N/A;N/A;2000;100;29;4800;0,0000;0,0000;0,0000;0,0000;0,0000;0,0000;0;0;0;0
20260611_1518;Consistência_25;classification;AdaptiveRandomForest;Otimizado_33Features;classifier;classifier;classifier;N/A;N/A;N/A;2000;100;30;4900;0,0000;0,0000;0,0000;0,0000;0,0000;0,0000;0;0;0;0
20260611_1518;Consistência_25;classification;AdaptiveRandomForest;Otimizado_33Features;classifier;classifier;classifier;N/A;N/A;N/A;2000;100;31;5000;0,0000;0,0000;0,0000;0,0000;0,0000;0,0000;0;0;0;0
20260611_1518;Consistência_25;classification;AdaptiveRandomForest;Otimizado_33Features;classifier;classifier;classifier;N/A;N/A;N/A;2000;100;32;5100;0,0000;0,0000;0,0000;0,0000;0,0000;0,0000;0;0;0;0
20260611_1518;Consistência_25;classification;AdaptiveRandomForest;Otimizado_33Features;classifier;classifier;classifier;N/A;N/A;N/A;2000;100;33;5200;0,0000;0,0000;0,0000;0,0000;0,0000;0,0000;0;0;0;0
20260611_1518;Consistência_25;classification;AdaptiveRandomForest;Otimizado_33Features;classifier;classifier;classifier;N/A;N/A;N/A;2000;100;34;5300;0,0000;0,0000;0,0000;0,0000;0,0000;0,0000;0;0;0;0
20260611_1518;Consistência_25;classification;AdaptiveRandomForest;Otimizado_33Features;classifier;classifier;classifier;N/A;N/A;N/A;2000;100;35;5400;0,0000;0,0000;0,0000;0,0000;0,0000;0,0000;0;0;0;0
20260611_1518;Consistência_25;classification;AdaptiveRandomForest;Otimizado_33Features;classifier;classifier;classifier;N/A;N/A;N/A;2000;100;36;5500;0,0000;0,0000;0,0000;0,0000;0,0000;0,0000;0;0;0;0
20260611_1518;Consistência_25;classification;AdaptiveRandomForest;Otimizado_33Features;classifier;classifier;classifier;N/A;N/A;N/A;2000;100;37;5600;0,0000;0,0000;0,0000;0,0000;0,0000;0,0000;0;0;0;0
20260611_1518;Consistência_25;classification;AdaptiveRandomForest;Otimizado_33Features;classifier;classifier;classifier;N/A;N/A;N/A;2000;100;38;5700;0,0000;0,0000;0,0000;0,0000;0,0000;0,0000;0;0;0;0
20260611_1518;Consistência_25;classification;AdaptiveRandomForest;Otimizado_33Features;classifier;classifier;classifier;N/A;N/A;N/A;2000;100;39;5800;0,0000;0,0000;0,0000;0,0000;0,0000;0,0000;0;0;0;0
20260611_1518;Consistência_25;classification;AdaptiveRandomForest;Otimizado_33Features;classifier;classifier;classifier;N/A;N/A;N/A;2000;100;40;5900;0,0000;0,0000;0,0000;0,0000;0,0000;0,0000;0;0;0;0
20260611_1518;Consistência_25;classification;AdaptiveRandomForest;Otimizado_33Features;classifier;classifier;classifier;N/A;N/A;N/A;2000;100;41;6000;0,0000;0,0000;0,0000;0,0000;0,0000;0,0000;0;0;0;0
20260611_1518;Consistência_25;classification;AdaptiveRandomForest;Otimizado_33Features;classifier;classifier;classifier;N/A;N/A;N/A;2000;100;42;6100;0,0000;0,0000;0,0000;0,0000;0,0000;0,0000;0;0;0;0
20260611_1518;Consistência_25;classification;AdaptiveRandomForest;Otimizado_33Features;classifier;classifier;classifier;N/A;N/A;N/A;2000;100;43;6200;0,0000;0,0000;0,0000;0,0000;0,0000;0,0000;0;0;0;0
20260611_1518;Consistência_25;classification;AdaptiveRandomForest;Otimizado_33Features;classifier;classifier;classifier;N/A;N/A;N/A;2000;100;44;6300;0,0000;0,0000;0,0000;0,0000;0,0000;0,0000;0;0;0;0
20260611_1518;Consistência_25;classification;AdaptiveRandomForest;Otimizado_33Features;classifier;classifier;classifier;N/A;N/A;N/A;2000;100;45;6400;0,0000;0,0000;0,0000;0,0000;0,0000;0,0000;0;0;0;0
20260611_1518;Consistência_25;classification;AdaptiveRandomForest;Otimizado_33Features;classifier;classifier;classifier;N/A;N/A;N/A;2000;100;46;6500;0,0000;0,0000;0,0000;0,0000;0,0000;0,0000;0;0;0;0
20260611_1518;Consistência_25;classification;AdaptiveRandomForest;Otimizado_33Features;classifier;classifier;classifier;N/A;N/A;N/A;2000;100;47;6600;0,0000;0,0000;0,0000;0,0000;0,0000;0,0000;0;0;0;0
20260611_1518;Consistência_25;classification;AdaptiveRandomForest;Otimizado_33Features;classifier;classifier;classifier;N/A;N/A;N/A;2000;100;48;6700;0,0000;0,0000;0,0000;0,0000;0,0000;0,0000;0;0;0;0
20260611_1518;Consistência_25;classification;AdaptiveRandomForest;Otimizado_33Features;classifier;classifier;classifier;N/A;N/A;N/A;2000;100;49;6800;0,0000;0,0000;0,0000;0,0000;0,0000;0,0000;0;0;0;0
20260611_1518;Consistência_25;classification;AdaptiveRandomForest;Otimizado_33Features;classifier;classifier;classifier;N/A;N/A;N/A;2000;100;50;6900;0,0000;0,0000;0,0000;0,0000;0,0000;0,0000;0;0;0;0
20260611_1518;Consistência_25;classification;AdaptiveRandomForest;Otimizado_33Features;classifier;classifier;classifier;N/A;N/A;N/A;2000;100;51;7000;0,0000;0,0000;0,0000;0,0000;0,0000;0,0000;0;0;0;0
20260611_1518;Consistência_25;classification;AdaptiveRandomForest;Otimizado_33Features;classifier;classifier;classifier;N/A;N/A;N/A;2000;100;52;7100;0,0000;0,0000;0,0000;0,0000;0,0000;0,0000;0;0;0;0
20260611_1518;Consistência_25;classification;AdaptiveRandomForest;Otimizado_33Features;classifier;classifier;classifier;N/A;N/A;N/A;2000;100;53;7200;0,0000;0,0000;0,0000;0,0000;0,0000;0,0000;0;0;0;0
20260611_1518;Consistência_25;classification;AdaptiveRandomForest;Otimizado_33Features;classifier;classifier;classifier;N/A;N/A;N/A;2000;100;54;7300;0,0000;0,0000;0,0000;0,0000;0,0000;0,0000;0;0;0;0
20260611_1518;Consistência_25;classification;AdaptiveRandomForest;Otimizado_33Features;classifier;classifier;classifier;N/A;N/A;N/A;2000;100;55;7400;0,0000;0,0000;0,0000;0,0000;0,0000;0,0000;0;0;0;0
20260611_1518;Consistência_25;classification;AdaptiveRandomForest;Otimizado_33Features;classifier;classifier;classifier;N/A;N/A;N/A;2000;100;56;7500;0,0000;0,0000;0,0000;0,0000;0,0000;0,0000;0;0;0;0
20260611_1518;Consistência_25;classification;AdaptiveRandomForest;Otimizado_33Features;classifier;classifier;classifier;N/A;N/A;N/A;2000;100;57;7600;97,3131;0,9293;100,0000;0,0000;94,7826;1,7391;0;0;2;1
20260611_1518;Consistência_25;classification;AdaptiveRandomForest;Otimizado_33Features;classifier;classifier;classifier;N/A;N/A;N/A;2000;100;58;7700;0,0000;0,0000;0,0000;0,0000;0,0000;0,0000;0;0;0;0
20260611_1518;Consistência_25;classification;AdaptiveRandomForest;Otimizado_33Features;classifier;classifier;classifier;N/A;N/A;N/A;2000;100;59;7800;0,0000;0,0000;0,0000;0,0000;0,0000;0,0000;0;0;0;0
20260611_1518;Consistência_25;classification;AdaptiveRandomForest;Otimizado_33Features;classifier;classifier;classifier;N/A;N/A;N/A;2000;100;60;7900;0,0000;0,0000;0,0000;0,0000;0,0000;0,0000;0;0;0;0
20260611_1518;Consistência_25;classification;AdaptiveRandomForest;Otimizado_33Features;classifier;classifier;classifier;N/A;N/A;N/A;2000;100;61;8000;0,0000;0,0000;0,0000;0,0000;0,0000;0,0000;0;0;0;0
20260611_1518;Consistência_25;classification;AdaptiveRandomForest;Otimizado_33Features;classifier;classifier;classifier;N/A;N/A;N/A;2000;100;62;8100;0,0000;0,0000;0,0000;0,0000;0,0000;0,0000;0;0;0;0
20260611_1518;Consistência_25;classification;AdaptiveRandomForest;Otimizado_33Features;classifier;classifier;classifier;N/A;N/A;N/A;2000;100;63;8200;0,0000;0,0000;0,0000;0,0000;0,0000;0,0000;0;0;0;0
20260611_1518;Consistência_25;classification;AdaptiveRandomForest;Otimizado_33Features;classifier;classifier;classifier;N/A;N/A;N/A;2000;100;64;8300;0,0000;0,0000;0,0000;0,0000;0,0000;0,0000;0;0;0;0
20260611_1518;Consistência_25;classification;AdaptiveRandomForest;Otimizado_33Features;classifier;classifier;classifier;N/A;N/A;N/A;2000;100;65;8400;0,0000;0,0000;0,0000;0,0000;0,0000;0,0000;0;0;0;0
20260611_1518;Consistência_25;classification;AdaptiveRandomForest;Otimizado_33Features;classifier;classifier;classifier;N/A;N/A;N/A;2000;100;66;8500;0,0000;0,0000;0,0000;0,0000;0,0000;0,0000;0;0;0;0
20260611_1518;Consistência_25;classification;AdaptiveRandomForest;Otimizado_33Features;classifier;classifier;classifier;N/A;N/A;N/A;2000;100;67;8600;0,0000;0,0000;0,0000;0,0000;0,0000;0,0000;0;0;0;0
20260611_1518;Consistência_25;classification;AdaptiveRandomForest;Otimizado_33Features;classifier;classifier;classifier;N/A;N/A;N/A;2000;100;68;8700;0,0000;0,0000;0,0000;0,0000;0,0000;0,0000;0;0;0;0
20260611_1518;Consistência_25;classification;AdaptiveRandomForest;Otimizado_33Features;classifier;classifier;classifier;N/A;N/A;N/A;2000;100;69;8800;0,0000;0,0000;0,0000;0,0000;0,0000;0,0000;0;0;0;0
20260611_1518;Consistência_25;classification;AdaptiveRandomForest;Otimizado_33Features;classifier;classifier;classifier;N/A;N/A;N/A;2000;100;70;8900;0,0000;0,0000;0,0000;0,0000;0,0000;0,0000;0;0;0;0
20260611_1518;Consistência_25;classification;AdaptiveRandomForest;Otimizado_33Features;classifier;classifier;classifier;N/A;N/A;N/A;2000;100;71;9000;0,0000;0,0000;0,0000;0,0000;0,0000;0,0000;0;0;0;0
20260611_1518;Consistência_25;classification;AdaptiveRandomForest;Otimizado_33Features;classifier;classifier;classifier;N/A;N/A;N/A;2000;100;72;9100;0,0000;0,0000;0,0000;0,0000;0,0000;0,0000;0;0;0;0
20260611_1518;Consistência_25;classification;AdaptiveRandomForest;Otimizado_33Features;classifier;classifier;classifier;N/A;N/A;N/A;2000;100;73;9200;0,0000;0,0000;0,0000;0,0000;0,0000;0,0000;0;0;0;0
20260611_1518;Consistência_25;classification;AdaptiveRandomForest;Otimizado_33Features;classifier;classifier;classifier;N/A;N/A;N/A;2000;100;74;9300;0,0000;0,0000;0,0000;0,0000;0,0000;0,0000;0;0;0;0
20260611_1518;Consistência_25;classification;AdaptiveRandomForest;Otimizado_33Features;classifier;classifier;classifier;N/A;N/A;N/A;2000;100;75;9400;0,0000;0,0000;0,0000;0,0000;0,0000;0,0000;0;0;0;0
20260611_1518;Consistência_25;classification;AdaptiveRandomForest;Otimizado_33Features;classifier;classifier;classifier;N/A;N/A;N/A;2000;100;76;9500;0,0000;0,0000;0,0000;0,0000;0,0000;0,0000;0;0;0;0
20260611_1518;Consistência_25;classification;AdaptiveRandomForest;Otimizado_33Features;classifier;classifier;classifier;N/A;N/A;N/A;2000;100;77;9600;0,0000;0,0000;0,0000;0,0000;0,0000;0,0000;0;0;0;0
20260611_1518;Consistência_25;classification;AdaptiveRandomForest;Otimizado_33Features;classifier;classifier;classifier;N/A;N/A;N/A;2000;100;78;9700;0,0000;0,0000;0,0000;0,0000;0,0000;0,0000;0;0;0;0
20260611_1518;Consistência_25;classification;AdaptiveRandomForest;Otimizado_33Features;classifier;classifier;classifier;N/A;N/A;N/A;2000;100;79;9800;0,0000;0,0000;0,0000;0,0000;0,0000;0,0000;0;0;0;0
20260611_1518;Consistência_25;classification;AdaptiveRandomForest;Otimizado_33Features;classifier;classifier;classifier;N/A;N/A;N/A;2000;100;80;9900;0,0000;0,0000;0,0000;0,0000;0,0000;0,0000;0;0;0;0
20260611_1518;Consistência_25;classification;AdaptiveRandomForest;Otimizado_33Features;classifier;classifier;classifier;N/A;N/A;N/A;2000;100;81;10000;0,0000;0,0000;0,0000;0,0000;0,0000;0,0000;0;0;0;0
20260611_1518;Consistência_25;classification;AdaptiveRandomForest;Otimizado_33Features;classifier;classifier;classifier;N/A;N/A;N/A;2000;100;82;10100;0,0000;0,0000;0,0000;0,0000;0,0000;0,0000;0;0;0;0
20260611_1518;Consistência_25;classification;AdaptiveRandomForest;Otimizado_33Features;classifier;classifier;classifier;N/A;N/A;N/A;2000;100;83;10200;0,0000;0,0000;0,0000;0,0000;0,0000;0,0000;0;0;0;0
20260611_1518;Consistência_25;classification;AdaptiveRandomForest;Otimizado_33Features;classifier;classifier;classifier;N/A;N/A;N/A;2000;100;84;10300;0,0000;0,0000;0,0000;0,0000;0,0000;0,0000;0;0;0;0
20260611_1518;Consistência_25;classification;AdaptiveRandomForest;Otimizado_33Features;classifier;classifier;classifier;N/A;N/A;N/A;2000;100;85;10400;0,0000;0,0000;0,0000;0,0000;0,0000;0,0000;0;0;0;0
20260611_1518;Consistência_25;classification;AdaptiveRandomForest;Otimizado_33Features;classifier;classifier;classifier;N/A;N/A;N/A;2000;100;86;10500;0,0000;0,0000;0,0000;0,0000;0,0000;0,0000;0;0;0;0
20260611_1518;Consistência_25;classification;AdaptiveRandomForest;Otimizado_33Features;classifier;classifier;classifier;N/A;N/A;N/A;2000;100;87;10600;0,0000;0,0000;0,0000;0,0000;0,0000;0,0000;0;0;0;0
20260611_1518;Consistência_25;classification;AdaptiveRandomForest;Otimizado_33Features;classifier;classifier;classifier;N/A;N/A;N/A;2000;100;88;10700;0,0000;0,0000;0,0000;0,0000;0,0000;0,0000;0;0;0;0
20260611_1518;Consistência_25;classification;AdaptiveRandomForest;Otimizado_33Features;classifier;classifier;classifier;N/A;N/A;N/A;2000;100;89;10800;0,0000;0,0000;0,0000;0,0000;0,0000;0,0000;0;0;0;0
20260611_1518;Consistência_25;classification;AdaptiveRandomForest;Otimizado_33Features;classifier;classifier;classifier;N/A;N/A;N/A;2000;100;90;10900;0,0000;0,0000;0,0000;0,0000;0,0000;0,0000;0;0;0;0
20260611_1518;Consistência_25;classification;AdaptiveRandomForest;Otimizado_33Features;classifier;classifier;classifier;N/A;N/A;N/A;2000;100;91;11000;0,0000;0,0000;0,0000;0,0000;0,0000;0,0000;0;0;0;0
20260611_1518;Consistência_25;classification;AdaptiveRandomForest;Otimizado_33Features;classifier;classifier;classifier;N/A;N/A;N/A;2000;100;92;11100;0,0000;0,0000;0,0000;0,0000;0,0000;0,0000;0;0;0;0
20260611_1518;Consistência_25;classification;AdaptiveRandomForest;Otimizado_33Features;classifier;classifier;classifier;N/A;N/A;N/A;2000;100;93;11200;0,0000;0,0000;0,0000;0,0000;0,0000;0,0000;0;0;0;0
20260611_1518;Consistência_25;classification;AdaptiveRandomForest;Otimizado_33Features;classifier;classifier;classifier;N/A;N/A;N/A;2000;100;94;11300;100,0000;0,0000;100,0000;0,0000;100,0000;0,0000;0;0;0;0
20260611_1518;Consistência_25;classification;AdaptiveRandomForest;Otimizado_33Features;classifier;classifier;classifier;N/A;N/A;N/A;2000;100;95;11400;97,7778;0,0000;100,0000;0,0000;95,6522;0,0000;0;0;1;0
20260611_1518;Consistência_25;classification;AdaptiveRandomForest;Otimizado_33Features;classifier;classifier;classifier;N/A;N/A;N/A;2000;100;96;11500;0,0000;0,0000;0,0000;0,0000;0,0000;0,0000;0;0;0;0
20260611_1518;Consistência_25;classification;AdaptiveRandomForest;Otimizado_33Features;classifier;classifier;classifier;N/A;N/A;N/A;2000;100;97;11600;0,0000;0,0000;0,0000;0,0000;0,0000;0,0000;0;0;0;0
20260611_1518;Consistência_25;classification;AdaptiveRandomForest;Otimizado_33Features;classifier;classifier;classifier;N/A;N/A;N/A;2000;100;98;11700;0,0000;0,0000;0,0000;0,0000;0,0000;0,0000;0;0;0;0
20260611_1518;Consistência_25;classification;AdaptiveRandomForest;Otimizado_33Features;classifier;classifier;classifier;N/A;N/A;N/A;2000;100;99;11800;0,0000;0,0000;0,0000;0,0000;0,0000;0,0000;0;0;0;0
20260611_1518;Consistência_25;classification;AdaptiveRandomForest;Otimizado_33Features;classifier;classifier;classifier;N/A;N/A;N/A;2000;100;100;11900;0,0000;0,0000;0,0000;0,0000;0,0000;0,0000;0;0;0;0
20260611_1518;Consistência_25;classification;AdaptiveRandomForest;Otimizado_33Features;classifier;classifier;classifier;N/A;N/A;N/A;2000;100;101;12000;0,0000;0,0000;0,0000;0,0000;0,0000;0,0000;0;0;0;0
20260611_1518;Consistência_25;classification;AdaptiveRandomForest;Otimizado_33Features;classifier;classifier;classifier;N/A;N/A;N/A;2000;100;102;12100;0,0000;0,0000;0,0000;0,0000;0,0000;0,0000;0;0;0;0
20260611_1518;Consistência_25;classification;AdaptiveRandomForest;Otimizado_33Features;classifier;classifier;classifier;N/A;N/A;N/A;2000;100;103;12200;0,0000;0,0000;0,0000;0,0000;0,0000;0,0000;0;0;0;0
20260611_1518;Consistência_25;classification;AdaptiveRandomForest;Otimizado_33Features;classifier;classifier;classifier;N/A;N/A;N/A;2000;100;104;12300;0,0000;0,0000;0,0000;0,0000;0,0000;0,0000;0;0;0;0
20260611_1518;Consistência_25;classification;AdaptiveRandomForest;Otimizado_33Features;classifier;classifier;classifier;N/A;N/A;N/A;2000;100;105;12400;0,0000;0,0000;0,0000;0,0000;0,0000;0,0000;0;0;0;0
20260611_1518;Consistência_25;classification;AdaptiveRandomForest;Otimizado_33Features;classifier;classifier;classifier;N/A;N/A;N/A;2000;100;106;12500;0,0000;0,0000;0,0000;0,0000;0,0000;0,0000;0;0;0;0
20260611_1518;Consistência_25;classification;AdaptiveRandomForest;Otimizado_33Features;classifier;classifier;classifier;N/A;N/A;N/A;2000;100;107;12600;0,0000;0,0000;0,0000;0,0000;0,0000;0,0000;0;0;0;0
20260611_1518;Consistência_25;classification;AdaptiveRandomForest;Otimizado_33Features;classifier;classifier;classifier;N/A;N/A;N/A;2000;100;108;12700;0,0000;0,0000;0,0000;0,0000;0,0000;0,0000;0;0;0;0
20260611_1518;Consistência_25;classification;AdaptiveRandomForest;Otimizado_33Features;classifier;classifier;classifier;N/A;N/A;N/A;2000;100;109;12800;0,0000;0,0000;0,0000;0,0000;0,0000;0,0000;0;0;0;0
20260611_1518;Consistência_25;classification;AdaptiveRandomForest;Otimizado_33Features;classifier;classifier;classifier;N/A;N/A;N/A;2000;100;110;12900;0,0000;0,0000;0,0000;0,0000;0,0000;0,0000;0;0;0;0
20260611_1518;Consistência_25;classification;AdaptiveRandomForest;Otimizado_33Features;classifier;classifier;classifier;N/A;N/A;N/A;2000;100;111;13000;0,0000;0,0000;0,0000;0,0000;0,0000;0,0000;0;0;0;0
20260611_1518;Consistência_25;classification;AdaptiveRandomForest;Otimizado_33Features;classifier;classifier;classifier;N/A;N/A;N/A;2000;100;112;13100;0,0000;0,0000;0,0000;0,0000;0,0000;0,0000;0;0;0;0
20260611_1518;Consistência_25;classification;AdaptiveRandomForest;Otimizado_33Features;classifier;classifier;classifier;N/A;N/A;N/A;2000;100;113;13200;0,0000;0,0000;0,0000;0,0000;0,0000;0,0000;0;0;0;0
20260611_1518;Consistência_25;classification;AdaptiveRandomForest;Otimizado_33Features;classifier;classifier;classifier;N/A;N/A;N/A;2000;100;114;13300;0,0000;0,0000;0,0000;0,0000;0,0000;0,0000;0;0;0;0
20260611_1518;Consistência_25;classification;AdaptiveRandomForest;Otimizado_33Features;classifier;classifier;classifier;N/A;N/A;N/A;2000;100;115;13400;0,0000;0,0000;0,0000;0,0000;0,0000;0,0000;0;0;0;0
20260611_1518;Consistência_25;classification;AdaptiveRandomForest;Otimizado_33Features;classifier;classifier;classifier;N/A;N/A;N/A;2000;100;116;13500;0,0000;0,0000;0,0000;0,0000;0,0000;0,0000;0;0;0;0
20260611_1518;Consistência_25;classification;AdaptiveRandomForest;Otimizado_33Features;classifier;classifier;classifier;N/A;N/A;N/A;2000;100;117;13600;0,0000;0,0000;0,0000;0,0000;0,0000;0,0000;0;0;0;0
20260611_1518;Consistência_25;classification;AdaptiveRandomForest;Otimizado_33Features;classifier;classifier;classifier;N/A;N/A;N/A;2000;100;118;13700;0,0000;0,0000;0,0000;0,0000;0,0000;0,0000;0;0;0;0
20260611_1518;Consistência_25;classification;AdaptiveRandomForest;Otimizado_33Features;classifier;classifier;classifier;N/A;N/A;N/A;2000;100;119;13800;0,0000;0,0000;0,0000;0,0000;0,0000;0,0000;0;0;0;0
20260611_1518;Consistência_25;classification;AdaptiveRandomForest;Otimizado_33Features;classifier;classifier;classifier;N/A;N/A;N/A;2000;100;120;13900;0,0000;0,0000;0,0000;0,0000;0,0000;0,0000;0;0;0;0
20260611_1518;Consistência_25;classification;AdaptiveRandomForest;Otimizado_33Features;classifier;classifier;classifier;N/A;N/A;N/A;2000;100;121;14000;0,0000;0,0000;0,0000;0,0000;0,0000;0,0000;0;0;0;0
20260611_1518;Consistência_25;classification;AdaptiveRandomForest;Otimizado_33Features;classifier;classifier;classifier;N/A;N/A;N/A;2000;100;122;14100;0,0000;0,0000;0,0000;0,0000;0,0000;0,0000;0;0;0;0
20260611_1518;Consistência_25;classification;AdaptiveRandomForest;Otimizado_33Features;classifier;classifier;classifier;N/A;N/A;N/A;2000;100;123;14200;0,0000;0,0000;0,0000;0,0000;0,0000;0,0000;0;0;0;0
20260611_1518;Consistência_25;classification;AdaptiveRandomForest;Otimizado_33Features;classifier;classifier;classifier;N/A;N/A;N/A;2000;100;124;14300;0,0000;0,0000;0,0000;0,0000;0,0000;0,0000;0;0;0;0
20260611_1518;Consistência_25;classification;AdaptiveRandomForest;Otimizado_33Features;classifier;classifier;classifier;N/A;N/A;N/A;2000;100;125;14400;0,0000;0,0000;0,0000;0,0000;0,0000;0,0000;0;0;0;0
20260611_1518;Consistência_25;classification;AdaptiveRandomForest;Otimizado_33Features;classifier;classifier;classifier;N/A;N/A;N/A;2000;100;126;14500;0,0000;0,0000;0,0000;0,0000;0,0000;0,0000;0;0;0;0
20260611_1518;Consistência_25;classification;AdaptiveRandomForest;Otimizado_33Features;classifier;classifier;classifier;N/A;N/A;N/A;2000;100;127;14600;0,0000;0,0000;0,0000;0,0000;0,0000;0,0000;0;0;0;0
20260611_1518;Consistência_25;classification;AdaptiveRandomForest;Otimizado_33Features;classifier;classifier;classifier;N/A;N/A;N/A;2000;100;128;14700;0,0000;0,0000;0,0000;0,0000;0,0000;0,0000;0;0;0;0
20260611_1518;Consistência_25;classification;AdaptiveRandomForest;Otimizado_33Features;classifier;classifier;classifier;N/A;N/A;N/A;2000;100;129;14800;0,0000;0,0000;0,0000;0,0000;0,0000;0,0000;0;0;0;0
20260611_1518;Consistência_25;classification;AdaptiveRandomForest;Otimizado_33Features;classifier;classifier;classifier;N/A;N/A;N/A;2000;100;130;14900;0,0000;0,0000;0,0000;0,0000;0,0000;0,0000;0;0;0;0
20260611_1518;Consistência_25;classification;AdaptiveRandomForest;Otimizado_33Features;classifier;classifier;classifier;N/A;N/A;N/A;2000;100;131;15000;0,0000;0,0000;0,0000;0,0000;0,0000;0,0000;0;0;0;0
20260611_1518;Consistência_200;classification;AdaptiveRandomForest;Otimizado_33Features;classifier;classifier;classifier;N/A;N/A;N/A;2000;100;1;2000;0,0000;0,0000;0,0000;0,0000;0,0000;0,0000;0;0;0;0
20260611_1518;Consistência_200;classification;AdaptiveRandomForest;Otimizado_33Features;classifier;classifier;classifier;N/A;N/A;N/A;2000;100;2;2100;0,0000;0,0000;0,0000;0,0000;0,0000;0,0000;0;0;0;0
20260611_1518;Consistência_200;classification;AdaptiveRandomForest;Otimizado_33Features;classifier;classifier;classifier;N/A;N/A;N/A;2000;100;3;2200;0,0000;0,0000;0,0000;0,0000;0,0000;0,0000;0;0;0;0
20260611_1518;Consistência_200;classification;AdaptiveRandomForest;Otimizado_33Features;classifier;classifier;classifier;N/A;N/A;N/A;2000;100;4;2300;0,0000;0,0000;0,0000;0,0000;0,0000;0,0000;0;0;0;0
20260611_1518;Consistência_200;classification;AdaptiveRandomForest;Otimizado_33Features;classifier;classifier;classifier;N/A;N/A;N/A;2000;100;5;2400;0,0000;0,0000;0,0000;0,0000;0,0000;0,0000;0;0;0;0
20260611_1518;Consistência_200;classification;AdaptiveRandomForest;Otimizado_33Features;classifier;classifier;classifier;N/A;N/A;N/A;2000;100;6;2500;0,0000;0,0000;0,0000;0,0000;0,0000;0,0000;0;0;0;0
20260611_1518;Consistência_200;classification;AdaptiveRandomForest;Otimizado_33Features;classifier;classifier;classifier;N/A;N/A;N/A;2000;100;7;2600;0,0000;0,0000;0,0000;0,0000;0,0000;0,0000;0;0;0;0
20260611_1518;Consistência_200;classification;AdaptiveRandomForest;Otimizado_33Features;classifier;classifier;classifier;N/A;N/A;N/A;2000;100;8;2700;0,0000;0,0000;0,0000;0,0000;0,0000;0,0000;0;0;0;0
20260611_1518;Consistência_200;classification;AdaptiveRandomForest;Otimizado_33Features;classifier;classifier;classifier;N/A;N/A;N/A;2000;100;9;2800;0,0000;0,0000;0,0000;0,0000;0,0000;0,0000;0;0;0;0
20260611_1518;Consistência_200;classification;AdaptiveRandomForest;Otimizado_33Features;classifier;classifier;classifier;N/A;N/A;N/A;2000;100;10;2900;0,0000;0,0000;0,0000;0,0000;0,0000;0,0000;0;0;0;0
20260611_1518;Consistência_200;classification;AdaptiveRandomForest;Otimizado_33Features;classifier;classifier;classifier;N/A;N/A;N/A;2000;100;11;3000;0,0000;0,0000;0,0000;0,0000;0,0000;0,0000;0;0;0;0
20260611_1518;Consistência_200;classification;AdaptiveRandomForest;Otimizado_33Features;classifier;classifier;classifier;N/A;N/A;N/A;2000;100;12;3100;0,0000;0,0000;0,0000;0,0000;0,0000;0,0000;0;0;0;0
20260611_1518;Consistência_200;classification;AdaptiveRandomForest;Otimizado_33Features;classifier;classifier;classifier;N/A;N/A;N/A;2000;100;13;3200;0,0000;0,0000;0,0000;0,0000;0,0000;0,0000;0;0;0;0
20260611_1518;Consistência_200;classification;AdaptiveRandomForest;Otimizado_33Features;classifier;classifier;classifier;N/A;N/A;N/A;2000;100;14;3300;0,0000;0,0000;0,0000;0,0000;0,0000;0,0000;0;0;0;0
20260611_1518;Consistência_200;classification;AdaptiveRandomForest;Otimizado_33Features;classifier;classifier;classifier;N/A;N/A;N/A;2000;100;15;3400;0,0000;0,0000;0,0000;0,0000;0,0000;0,0000;0;0;0;0
20260611_1518;Consistência_200;classification;AdaptiveRandomForest;Otimizado_33Features;classifier;classifier;classifier;N/A;N/A;N/A;2000;100;16;3500;0,0000;0,0000;0,0000;0,0000;0,0000;0,0000;0;0;0;0
20260611_1518;Consistência_200;classification;AdaptiveRandomForest;Otimizado_33Features;classifier;classifier;classifier;N/A;N/A;N/A;2000;100;17;3600;0,0000;0,0000;0,0000;0,0000;0,0000;0,0000;0;0;0;0
20260611_1518;Consistência_200;classification;AdaptiveRandomForest;Otimizado_33Features;classifier;classifier;classifier;N/A;N/A;N/A;2000;100;18;3700;0,0000;0,0000;0,0000;0,0000;0,0000;0,0000;0;0;0;0
20260611_1518;Consistência_200;classification;AdaptiveRandomForest;Otimizado_33Features;classifier;classifier;classifier;N/A;N/A;N/A;2000;100;19;3800;94,5129;0,4479;97,8164;0,0193;91,4286;0,8163;1;0;5;1
20260611_1518;Consistência_200;classification;AdaptiveRandomForest;Otimizado_33Features;classifier;classifier;classifier;N/A;N/A;N/A;2000;100;20;3900;98,1595;0,0000;96,3855;0,0000;100,0000;0,0000;3;0;0;0
20260611_1518;Consistência_200;classification;AdaptiveRandomForest;Otimizado_33Features;classifier;classifier;classifier;N/A;N/A;N/A;2000;100;21;4000;97,1676;0,3958;94,4941;0,7529;100,0000;0,0000;3;1;0;0
20260611_1518;Consistência_200;classification;AdaptiveRandomForest;Otimizado_33Features;classifier;classifier;classifier;N/A;N/A;N/A;2000;100;22;4100;0,0000;0,0000;0,0000;0,0000;0,0000;0,0000;0;0;0;0
20260611_1518;Consistência_200;classification;AdaptiveRandomForest;Otimizado_33Features;classifier;classifier;classifier;N/A;N/A;N/A;2000;100;23;4200;0,0000;0,0000;0,0000;0,0000;0,0000;0,0000;0;0;0;0
20260611_1518;Consistência_200;classification;AdaptiveRandomForest;Otimizado_33Features;classifier;classifier;classifier;N/A;N/A;N/A;2000;100;24;4300;0,0000;0,0000;0,0000;0,0000;0,0000;0,0000;0;0;0;0
20260611_1518;Consistência_200;classification;AdaptiveRandomForest;Otimizado_33Features;classifier;classifier;classifier;N/A;N/A;N/A;2000;100;25;4400;0,0000;0,0000;0,0000;0,0000;0,0000;0,0000;0;0;0;0
20260611_1518;Consistência_200;classification;AdaptiveRandomForest;Otimizado_33Features;classifier;classifier;classifier;N/A;N/A;N/A;2000;100;26;4500;0,0000;0,0000;0,0000;0,0000;0,0000;0,0000;0;0;0;0
20260611_1518;Consistência_200;classification;AdaptiveRandomForest;Otimizado_33Features;classifier;classifier;classifier;N/A;N/A;N/A;2000;100;27;4600;0,0000;0,0000;0,0000;0,0000;0,0000;0,0000;0;0;0;0
20260611_1518;Consistência_200;classification;AdaptiveRandomForest;Otimizado_33Features;classifier;classifier;classifier;N/A;N/A;N/A;2000;100;28;4700;0,0000;0,0000;0,0000;0,0000;0,0000;0,0000;0;0;0;0
20260611_1518;Consistência_200;classification;AdaptiveRandomForest;Otimizado_33Features;classifier;classifier;classifier;N/A;N/A;N/A;2000;100;29;4800;0,0000;0,0000;0,0000;0,0000;0,0000;0,0000;2;1;0;0
20260611_1518;Consistência_200;classification;AdaptiveRandomForest;Otimizado_33Features;classifier;classifier;classifier;N/A;N/A;N/A;2000;100;30;4900;0,0000;0,0000;0,0000;0,0000;0,0000;0,0000;0;0;0;0
20260611_1518;Consistência_200;classification;AdaptiveRandomForest;Otimizado_33Features;classifier;classifier;classifier;N/A;N/A;N/A;2000;100;31;5000;0,0000;0,0000;0,0000;0,0000;0,0000;0,0000;0;0;0;0
20260611_1518;Consistência_200;classification;AdaptiveRandomForest;Otimizado_33Features;classifier;classifier;classifier;N/A;N/A;N/A;2000;100;32;5100;0,0000;0,0000;0,0000;0,0000;0,0000;0,0000;0;0;0;0
20260611_1518;Consistência_200;classification;AdaptiveRandomForest;Otimizado_33Features;classifier;classifier;classifier;N/A;N/A;N/A;2000;100;33;5200;0,0000;0,0000;0,0000;0,0000;0,0000;0,0000;0;0;0;0
20260611_1518;Consistência_200;classification;AdaptiveRandomForest;Otimizado_33Features;classifier;classifier;classifier;N/A;N/A;N/A;2000;100;34;5300;0,0000;0,0000;0,0000;0,0000;0,0000;0,0000;0;0;0;0
20260611_1518;Consistência_200;classification;AdaptiveRandomForest;Otimizado_33Features;classifier;classifier;classifier;N/A;N/A;N/A;2000;100;35;5400;0,0000;0,0000;0,0000;0,0000;0,0000;0,0000;0;0;0;0
20260611_1518;Consistência_200;classification;AdaptiveRandomForest;Otimizado_33Features;classifier;classifier;classifier;N/A;N/A;N/A;2000;100;36;5500;0,0000;0,0000;0,0000;0,0000;0,0000;0,0000;0;0;0;0
20260611_1518;Consistência_200;classification;AdaptiveRandomForest;Otimizado_33Features;classifier;classifier;classifier;N/A;N/A;N/A;2000;100;37;5600;0,0000;0,0000;0,0000;0,0000;0,0000;0,0000;0;0;0;0
20260611_1518;Consistência_200;classification;AdaptiveRandomForest;Otimizado_33Features;classifier;classifier;classifier;N/A;N/A;N/A;2000;100;38;5700;0,0000;0,0000;0,0000;0,0000;0,0000;0,0000;0;0;0;0
20260611_1518;Consistência_200;classification;AdaptiveRandomForest;Otimizado_33Features;classifier;classifier;classifier;N/A;N/A;N/A;2000;100;39;5800;0,0000;0,0000;0,0000;0,0000;0,0000;0,0000;0;0;0;0
20260611_1518;Consistência_200;classification;AdaptiveRandomForest;Otimizado_33Features;classifier;classifier;classifier;N/A;N/A;N/A;2000;100;40;5900;0,0000;0,0000;0,0000;0,0000;0,0000;0,0000;0;0;0;0
20260611_1518;Consistência_200;classification;AdaptiveRandomForest;Otimizado_33Features;classifier;classifier;classifier;N/A;N/A;N/A;2000;100;41;6000;0,0000;0,0000;0,0000;0,0000;0,0000;0,0000;0;0;0;0
20260611_1518;Consistência_200;classification;AdaptiveRandomForest;Otimizado_33Features;classifier;classifier;classifier;N/A;N/A;N/A;2000;100;42;6100;0,0000;0,0000;0,0000;0,0000;0,0000;0,0000;0;0;0;0
20260611_1518;Consistência_200;classification;AdaptiveRandomForest;Otimizado_33Features;classifier;classifier;classifier;N/A;N/A;N/A;2000;100;43;6200;0,0000;0,0000;0,0000;0,0000;0,0000;0,0000;0;0;0;0
20260611_1518;Consistência_200;classification;AdaptiveRandomForest;Otimizado_33Features;classifier;classifier;classifier;N/A;N/A;N/A;2000;100;44;6300;0,0000;0,0000;0,0000;0,0000;0,0000;0,0000;0;0;0;0
20260611_1518;Consistência_200;classification;AdaptiveRandomForest;Otimizado_33Features;classifier;classifier;classifier;N/A;N/A;N/A;2000;100;45;6400;0,0000;0,0000;0,0000;0,0000;0,0000;0,0000;0;0;0;0
20260611_1518;Consistência_200;classification;AdaptiveRandomForest;Otimizado_33Features;classifier;classifier;classifier;N/A;N/A;N/A;2000;100;46;6500;0,0000;0,0000;0,0000;0,0000;0,0000;0,0000;0;0;0;0
20260611_1518;Consistência_200;classification;AdaptiveRandomForest;Otimizado_33Features;classifier;classifier;classifier;N/A;N/A;N/A;2000;100;47;6600;0,0000;0,0000;0,0000;0,0000;0,0000;0,0000;0;0;0;0
20260611_1518;Consistência_200;classification;AdaptiveRandomForest;Otimizado_33Features;classifier;classifier;classifier;N/A;N/A;N/A;2000;100;48;6700;0,0000;0,0000;0,0000;0,0000;0,0000;0,0000;0;0;0;0
20260611_1518;Consistência_200;classification;AdaptiveRandomForest;Otimizado_33Features;classifier;classifier;classifier;N/A;N/A;N/A;2000;100;49;6800;0,0000;0,0000;0,0000;0,0000;0,0000;0,0000;0;0;0;0
20260611_1518;Consistência_200;classification;AdaptiveRandomForest;Otimizado_33Features;classifier;classifier;classifier;N/A;N/A;N/A;2000;100;50;6900;0,0000;0,0000;0,0000;0,0000;0,0000;0,0000;0;0;0;0
20260611_1518;Consistência_200;classification;AdaptiveRandomForest;Otimizado_33Features;classifier;classifier;classifier;N/A;N/A;N/A;2000;100;51;7000;0,0000;0,0000;0,0000;0,0000;0,0000;0,0000;0;0;0;0
20260611_1518;Consistência_200;classification;AdaptiveRandomForest;Otimizado_33Features;classifier;classifier;classifier;N/A;N/A;N/A;2000;100;52;7100;0,0000;0,0000;0,0000;0,0000;0,0000;0,0000;0;0;0;0
20260611_1518;Consistência_200;classification;AdaptiveRandomForest;Otimizado_33Features;classifier;classifier;classifier;N/A;N/A;N/A;2000;100;53;7200;0,0000;0,0000;0,0000;0,0000;0,0000;0,0000;0;0;0;0
20260611_1518;Consistência_200;classification;AdaptiveRandomForest;Otimizado_33Features;classifier;classifier;classifier;N/A;N/A;N/A;2000;100;54;7300;0,0000;0,0000;0,0000;0,0000;0,0000;0,0000;0;0;0;0
20260611_1518;Consistência_200;classification;AdaptiveRandomForest;Otimizado_33Features;classifier;classifier;classifier;N/A;N/A;N/A;2000;100;55;7400;0,0000;0,0000;0,0000;0,0000;0,0000;0,0000;0;0;0;0
20260611_1518;Consistência_200;classification;AdaptiveRandomForest;Otimizado_33Features;classifier;classifier;classifier;N/A;N/A;N/A;2000;100;56;7500;0,0000;0,0000;0,0000;0,0000;0,0000;0,0000;0;0;0;0
20260611_1518;Consistência_200;classification;AdaptiveRandomForest;Otimizado_33Features;classifier;classifier;classifier;N/A;N/A;N/A;2000;100;57;7600;0,0000;0,0000;0,0000;0,0000;0,0000;0,0000;0;0;0;0
20260611_1518;Consistência_200;classification;AdaptiveRandomForest;Otimizado_33Features;classifier;classifier;classifier;N/A;N/A;N/A;2000;100;58;7700;100,0000;0,0000;100,0000;0,0000;100,0000;0,0000;0;0;0;0
20260611_1518;Consistência_200;classification;AdaptiveRandomForest;Otimizado_33Features;classifier;classifier;classifier;N/A;N/A;N/A;2000;100;59;7800;99,3898;0,2051;100,0000;0,0000;98,7879;0,4040;0;0;2;1
20260611_1518;Consistência_200;classification;AdaptiveRandomForest;Otimizado_33Features;classifier;classifier;classifier;N/A;N/A;N/A;2000;100;60;7900;99,4709;0,0000;100,0000;0,0000;98,9474;0,0000;0;0;1;0
20260611_1518;Consistência_200;classification;AdaptiveRandomForest;Otimizado_33Features;classifier;classifier;classifier;N/A;N/A;N/A;2000;100;61;8000;0,0000;0,0000;0,0000;0,0000;0,0000;0,0000;0;0;0;0
20260611_1518;Consistência_200;classification;AdaptiveRandomForest;Otimizado_33Features;classifier;classifier;classifier;N/A;N/A;N/A;2000;100;62;8100;0,0000;0,0000;0,0000;0,0000;0,0000;0,0000;0;0;0;0
20260611_1518;Consistência_200;classification;AdaptiveRandomForest;Otimizado_33Features;classifier;classifier;classifier;N/A;N/A;N/A;2000;100;63;8200;0,0000;0,0000;0,0000;0,0000;0,0000;0,0000;0;0;0;0
20260611_1518;Consistência_200;classification;AdaptiveRandomForest;Otimizado_33Features;classifier;classifier;classifier;N/A;N/A;N/A;2000;100;64;8300;0,0000;0,0000;0,0000;0,0000;0,0000;0,0000;0;0;0;0
20260611_1518;Consistência_200;classification;AdaptiveRandomForest;Otimizado_33Features;classifier;classifier;classifier;N/A;N/A;N/A;2000;100;65;8400;0,0000;0,0000;0,0000;0,0000;0,0000;0,0000;0;0;0;0
20260611_1518;Consistência_200;classification;AdaptiveRandomForest;Otimizado_33Features;classifier;classifier;classifier;N/A;N/A;N/A;2000;100;66;8500;0,0000;0,0000;0,0000;0,0000;0,0000;0,0000;0;0;0;0
20260611_1518;Consistência_200;classification;AdaptiveRandomForest;Otimizado_33Features;classifier;classifier;classifier;N/A;N/A;N/A;2000;100;67;8600;0,0000;0,0000;0,0000;0,0000;0,0000;0,0000;0;0;0;0
20260611_1518;Consistência_200;classification;AdaptiveRandomForest;Otimizado_33Features;classifier;classifier;classifier;N/A;N/A;N/A;2000;100;68;8700;0,0000;0,0000;0,0000;0,0000;0,0000;0,0000;0;0;0;0
20260611_1518;Consistência_200;classification;AdaptiveRandomForest;Otimizado_33Features;classifier;classifier;classifier;N/A;N/A;N/A;2000;100;69;8800;0,0000;0,0000;0,0000;0,0000;0,0000;0,0000;0;0;0;0
20260611_1518;Consistência_200;classification;AdaptiveRandomForest;Otimizado_33Features;classifier;classifier;classifier;N/A;N/A;N/A;2000;100;70;8900;0,0000;0,0000;0,0000;0,0000;0,0000;0,0000;0;0;0;0
20260611_1518;Consistência_200;classification;AdaptiveRandomForest;Otimizado_33Features;classifier;classifier;classifier;N/A;N/A;N/A;2000;100;71;9000;0,0000;0,0000;0,0000;0,0000;0,0000;0,0000;0;0;0;0
20260611_1518;Consistência_200;classification;AdaptiveRandomForest;Otimizado_33Features;classifier;classifier;classifier;N/A;N/A;N/A;2000;100;72;9100;0,0000;0,0000;0,0000;0,0000;0,0000;0,0000;0;0;0;0
20260611_1518;Consistência_200;classification;AdaptiveRandomForest;Otimizado_33Features;classifier;classifier;classifier;N/A;N/A;N/A;2000;100;73;9200;0,0000;0,0000;0,0000;0,0000;0,0000;0,0000;0;0;0;0
20260611_1518;Consistência_200;classification;AdaptiveRandomForest;Otimizado_33Features;classifier;classifier;classifier;N/A;N/A;N/A;2000;100;74;9300;0,0000;0,0000;0,0000;0,0000;0,0000;0,0000;0;0;0;0
20260611_1518;Consistência_200;classification;AdaptiveRandomForest;Otimizado_33Features;classifier;classifier;classifier;N/A;N/A;N/A;2000;100;75;9400;0,0000;0,0000;0,0000;0,0000;0,0000;0,0000;0;0;0;0
20260611_1518;Consistência_200;classification;AdaptiveRandomForest;Otimizado_33Features;classifier;classifier;classifier;N/A;N/A;N/A;2000;100;76;9500;0,0000;0,0000;0,0000;0,0000;0,0000;0,0000;0;0;0;0
20260611_1518;Consistência_200;classification;AdaptiveRandomForest;Otimizado_33Features;classifier;classifier;classifier;N/A;N/A;N/A;2000;100;77;9600;0,0000;0,0000;0,0000;0,0000;0,0000;0,0000;0;0;0;0
20260611_1518;Consistência_200;classification;AdaptiveRandomForest;Otimizado_33Features;classifier;classifier;classifier;N/A;N/A;N/A;2000;100;78;9700;0,0000;0,0000;0,0000;0,0000;0,0000;0,0000;0;0;0;0
20260611_1518;Consistência_200;classification;AdaptiveRandomForest;Otimizado_33Features;classifier;classifier;classifier;N/A;N/A;N/A;2000;100;79;9800;0,0000;0,0000;0,0000;0,0000;0,0000;0,0000;0;0;0;0
20260611_1518;Consistência_200;classification;AdaptiveRandomForest;Otimizado_33Features;classifier;classifier;classifier;N/A;N/A;N/A;2000;100;80;9900;0,0000;0,0000;0,0000;0,0000;0,0000;0,0000;0;0;0;0
20260611_1518;Consistência_200;classification;AdaptiveRandomForest;Otimizado_33Features;classifier;classifier;classifier;N/A;N/A;N/A;2000;100;81;10000;0,0000;0,0000;0,0000;0,0000;0,0000;0,0000;0;0;0;0
20260611_1518;Consistência_200;classification;AdaptiveRandomForest;Otimizado_33Features;classifier;classifier;classifier;N/A;N/A;N/A;2000;100;82;10100;0,0000;0,0000;0,0000;0,0000;0,0000;0,0000;0;0;0;0
20260611_1518;Consistência_200;classification;AdaptiveRandomForest;Otimizado_33Features;classifier;classifier;classifier;N/A;N/A;N/A;2000;100;83;10200;0,0000;0,0000;0,0000;0,0000;0,0000;0,0000;0;0;0;0
20260611_1518;Consistência_200;classification;AdaptiveRandomForest;Otimizado_33Features;classifier;classifier;classifier;N/A;N/A;N/A;2000;100;84;10300;0,0000;0,0000;0,0000;0,0000;0,0000;0,0000;0;0;0;0
20260611_1518;Consistência_200;classification;AdaptiveRandomForest;Otimizado_33Features;classifier;classifier;classifier;N/A;N/A;N/A;2000;100;85;10400;0,0000;0,0000;0,0000;0,0000;0,0000;0,0000;0;0;0;0
20260611_1518;Consistência_200;classification;AdaptiveRandomForest;Otimizado_33Features;classifier;classifier;classifier;N/A;N/A;N/A;2000;100;86;10500;0,0000;0,0000;0,0000;0,0000;0,0000;0,0000;0;0;0;0
20260611_1518;Consistência_200;classification;AdaptiveRandomForest;Otimizado_33Features;classifier;classifier;classifier;N/A;N/A;N/A;2000;100;87;10600;0,0000;0,0000;0,0000;0,0000;0,0000;0,0000;0;0;0;0
20260611_1518;Consistência_200;classification;AdaptiveRandomForest;Otimizado_33Features;classifier;classifier;classifier;N/A;N/A;N/A;2000;100;88;10700;0,0000;0,0000;0,0000;0,0000;0,0000;0,0000;0;0;0;0
20260611_1518;Consistência_200;classification;AdaptiveRandomForest;Otimizado_33Features;classifier;classifier;classifier;N/A;N/A;N/A;2000;100;89;10800;0,0000;0,0000;0,0000;0,0000;0,0000;0,0000;0;0;0;0
20260611_1518;Consistência_200;classification;AdaptiveRandomForest;Otimizado_33Features;classifier;classifier;classifier;N/A;N/A;N/A;2000;100;90;10900;0,0000;0,0000;0,0000;0,0000;0,0000;0,0000;0;0;0;0
20260611_1518;Consistência_200;classification;AdaptiveRandomForest;Otimizado_33Features;classifier;classifier;classifier;N/A;N/A;N/A;2000;100;91;11000;0,0000;0,0000;0,0000;0,0000;0,0000;0,0000;0;0;0;0
20260611_1518;Consistência_200;classification;AdaptiveRandomForest;Otimizado_33Features;classifier;classifier;classifier;N/A;N/A;N/A;2000;100;92;11100;0,0000;0,0000;0,0000;0,0000;0,0000;0,0000;0;0;0;0
20260611_1518;Consistência_200;classification;AdaptiveRandomForest;Otimizado_33Features;classifier;classifier;classifier;N/A;N/A;N/A;2000;100;93;11200;0,0000;0,0000;0,0000;0,0000;0,0000;0,0000;0;0;0;0
20260611_1518;Consistência_200;classification;AdaptiveRandomForest;Otimizado_33Features;classifier;classifier;classifier;N/A;N/A;N/A;2000;100;94;11300;0,0000;0,0000;0,0000;0,0000;0,0000;0,0000;0;0;0;0
20260611_1518;Consistência_200;classification;AdaptiveRandomForest;Otimizado_33Features;classifier;classifier;classifier;N/A;N/A;N/A;2000;100;95;11400;0,0000;0,0000;0,0000;0,0000;0,0000;0,0000;0;0;0;0
20260611_1518;Consistência_200;classification;AdaptiveRandomForest;Otimizado_33Features;classifier;classifier;classifier;N/A;N/A;N/A;2000;100;96;11500;0,0000;0,0000;0,0000;0,0000;0,0000;0,0000;0;0;0;0
20260611_1518;Consistência_200;classification;AdaptiveRandomForest;Otimizado_33Features;classifier;classifier;classifier;N/A;N/A;N/A;2000;100;97;11600;0,0000;0,0000;0,0000;0,0000;0,0000;0,0000;0;0;0;0
20260611_1518;Consistência_200;classification;AdaptiveRandomForest;Otimizado_33Features;classifier;classifier;classifier;N/A;N/A;N/A;2000;100;98;11700;98,9899;0,0000;100,0000;0,0000;98,0000;0,0000;0;0;1;0
20260611_1518;Consistência_200;classification;AdaptiveRandomForest;Otimizado_33Features;classifier;classifier;classifier;N/A;N/A;N/A;2000;100;99;11800;93,5428;0,7679;100,0000;0,0000;87,8788;1,3552;0;0;8;1
20260611_1518;Consistência_200;classification;AdaptiveRandomForest;Otimizado_33Features;classifier;classifier;classifier;N/A;N/A;N/A;2000;100;100;11900;89,9612;4,1591;96,1569;5,2637;85,0000;7,5000;1;1;3;2
20260611_1518;Consistência_200;classification;AdaptiveRandomForest;Otimizado_33Features;classifier;classifier;classifier;N/A;N/A;N/A;2000;100;101;12000;0,0000;0,0000;0,0000;0,0000;0,0000;0,0000;1;1;0;0
20260611_1518;Consistência_200;classification;AdaptiveRandomForest;Otimizado_33Features;classifier;classifier;classifier;N/A;N/A;N/A;2000;100;102;12100;0,0000;0,0000;0,0000;0,0000;0,0000;0,0000;0;0;0;0
20260611_1518;Consistência_200;classification;AdaptiveRandomForest;Otimizado_33Features;classifier;classifier;classifier;N/A;N/A;N/A;2000;100;103;12200;0,0000;0,0000;0,0000;0,0000;0,0000;0,0000;0;0;0;0
20260611_1518;Consistência_200;classification;AdaptiveRandomForest;Otimizado_33Features;classifier;classifier;classifier;N/A;N/A;N/A;2000;100;104;12300;0,0000;0,0000;0,0000;0,0000;0,0000;0,0000;0;0;0;0
20260611_1518;Consistência_200;classification;AdaptiveRandomForest;Otimizado_33Features;classifier;classifier;classifier;N/A;N/A;N/A;2000;100;105;12400;0,0000;0,0000;0,0000;0,0000;0,0000;0,0000;0;0;0;0
20260611_1518;Consistência_200;classification;AdaptiveRandomForest;Otimizado_33Features;classifier;classifier;classifier;N/A;N/A;N/A;2000;100;106;12500;0,0000;0,0000;0,0000;0,0000;0,0000;0,0000;0;0;0;0
20260611_1518;Consistência_200;classification;AdaptiveRandomForest;Otimizado_33Features;classifier;classifier;classifier;N/A;N/A;N/A;2000;100;107;12600;0,0000;0,0000;0,0000;0,0000;0,0000;0,0000;0;0;0;0
20260611_1518;Consistência_200;classification;AdaptiveRandomForest;Otimizado_33Features;classifier;classifier;classifier;N/A;N/A;N/A;2000;100;108;12700;0,0000;0,0000;0,0000;0,0000;0,0000;0,0000;0;0;0;0
20260611_1518;Consistência_200;classification;AdaptiveRandomForest;Otimizado_33Features;classifier;classifier;classifier;N/A;N/A;N/A;2000;100;109;12800;0,0000;0,0000;0,0000;0,0000;0,0000;0,0000;0;0;0;0
20260611_1518;Consistência_200;classification;AdaptiveRandomForest;Otimizado_33Features;classifier;classifier;classifier;N/A;N/A;N/A;2000;100;110;12900;0,0000;0,0000;0,0000;0,0000;0,0000;0,0000;0;0;0;0
20260611_1518;Consistência_200;classification;AdaptiveRandomForest;Otimizado_33Features;classifier;classifier;classifier;N/A;N/A;N/A;2000;100;111;13000;0,0000;0,0000;0,0000;0,0000;0,0000;0,0000;0;0;0;0
20260611_1518;Consistência_200;classification;AdaptiveRandomForest;Otimizado_33Features;classifier;classifier;classifier;N/A;N/A;N/A;2000;100;112;13100;0,0000;0,0000;0,0000;0,0000;0,0000;0,0000;0;0;0;0
20260611_1518;Consistência_200;classification;AdaptiveRandomForest;Otimizado_33Features;classifier;classifier;classifier;N/A;N/A;N/A;2000;100;113;13200;0,0000;0,0000;0,0000;0,0000;0,0000;0,0000;0;0;0;0
20260611_1518;Consistência_200;classification;AdaptiveRandomForest;Otimizado_33Features;classifier;classifier;classifier;N/A;N/A;N/A;2000;100;114;13300;0,0000;0,0000;0,0000;0,0000;0,0000;0,0000;0;0;0;0
20260611_1518;Consistência_200;classification;AdaptiveRandomForest;Otimizado_33Features;classifier;classifier;classifier;N/A;N/A;N/A;2000;100;115;13400;0,0000;0,0000;0,0000;0,0000;0,0000;0,0000;0;0;0;0
20260611_1518;Consistência_200;classification;AdaptiveRandomForest;Otimizado_33Features;classifier;classifier;classifier;N/A;N/A;N/A;2000;100;116;13500;0,0000;0,0000;0,0000;0,0000;0,0000;0,0000;0;0;0;0
20260611_1518;Consistência_200;classification;AdaptiveRandomForest;Otimizado_33Features;classifier;classifier;classifier;N/A;N/A;N/A;2000;100;117;13600;0,0000;0,0000;0,0000;0,0000;0,0000;0,0000;0;0;0;0
20260611_1518;Consistência_200;classification;AdaptiveRandomForest;Otimizado_33Features;classifier;classifier;classifier;N/A;N/A;N/A;2000;100;118;13700;0,0000;0,0000;0,0000;0,0000;0,0000;0,0000;0;0;0;0
20260611_1518;Consistência_200;classification;AdaptiveRandomForest;Otimizado_33Features;classifier;classifier;classifier;N/A;N/A;N/A;2000;100;119;13800;0,0000;0,0000;0,0000;0,0000;0,0000;0,0000;0;0;0;0
20260611_1518;Consistência_200;classification;AdaptiveRandomForest;Otimizado_33Features;classifier;classifier;classifier;N/A;N/A;N/A;2000;100;120;13900;0,0000;0,0000;0,0000;0,0000;0,0000;0,0000;0;0;0;0
20260611_1518;Consistência_200;classification;AdaptiveRandomForest;Otimizado_33Features;classifier;classifier;classifier;N/A;N/A;N/A;2000;100;121;14000;0,0000;0,0000;0,0000;0,0000;0,0000;0,0000;0;0;0;0
20260611_1518;Consistência_200;classification;AdaptiveRandomForest;Otimizado_33Features;classifier;classifier;classifier;N/A;N/A;N/A;2000;100;122;14100;0,0000;0,0000;0,0000;0,0000;0,0000;0,0000;0;0;0;0
20260611_1518;Consistência_200;classification;AdaptiveRandomForest;Otimizado_33Features;classifier;classifier;classifier;N/A;N/A;N/A;2000;100;123;14200;0,0000;0,0000;0,0000;0,0000;0,0000;0,0000;0;0;0;0
20260611_1518;Consistência_200;classification;AdaptiveRandomForest;Otimizado_33Features;classifier;classifier;classifier;N/A;N/A;N/A;2000;100;124;14300;0,0000;0,0000;0,0000;0,0000;0,0000;0,0000;0;0;0;0
20260611_1518;Consistência_200;classification;AdaptiveRandomForest;Otimizado_33Features;classifier;classifier;classifier;N/A;N/A;N/A;2000;100;125;14400;0,0000;0,0000;0,0000;0,0000;0,0000;0,0000;0;0;0;0
20260611_1518;Consistência_200;classification;AdaptiveRandomForest;Otimizado_33Features;classifier;classifier;classifier;N/A;N/A;N/A;2000;100;126;14500;0,0000;0,0000;0,0000;0,0000;0,0000;0,0000;0;0;0;0
20260611_1518;Consistência_200;classification;AdaptiveRandomForest;Otimizado_33Features;classifier;classifier;classifier;N/A;N/A;N/A;2000;100;127;14600;0,0000;0,0000;0,0000;0,0000;0,0000;0,0000;0;0;0;0
20260611_1518;Consistência_200;classification;AdaptiveRandomForest;Otimizado_33Features;classifier;classifier;classifier;N/A;N/A;N/A;2000;100;128;14700;0,0000;0,0000;0,0000;0,0000;0,0000;0,0000;0;0;0;0
20260611_1518;Consistência_200;classification;AdaptiveRandomForest;Otimizado_33Features;classifier;classifier;classifier;N/A;N/A;N/A;2000;100;129;14800;0,0000;0,0000;0,0000;0,0000;0,0000;0,0000;0;0;0;0
20260611_1518;Consistência_200;classification;AdaptiveRandomForest;Otimizado_33Features;classifier;classifier;classifier;N/A;N/A;N/A;2000;100;130;14900;0,0000;0,0000;0,0000;0,0000;0,0000;0,0000;0;0;0;0
20260611_1518;Consistência_200;classification;AdaptiveRandomForest;Otimizado_33Features;classifier;classifier;classifier;N/A;N/A;N/A;2000;100;131;15000;0,0000;0,0000;0,0000;0,0000;0,0000;0,0000;0;0;0;0
20260611_1518;Consistência_200;classification;AdaptiveRandomForest;Otimizado_33Features;classifier;classifier;classifier;N/A;N/A;N/A;2000;100;132;15100;0,0000;0,0000;0,0000;0,0000;0,0000;0,0000;0;0;0;0
20260611_1518;Consistência_200;classification;AdaptiveRandomForest;Otimizado_33Features;classifier;classifier;classifier;N/A;N/A;N/A;2000;100;133;15200;0,0000;0,0000;0,0000;0,0000;0,0000;0,0000;0;0;0;0
20260611_1518;Consistência_200;classification;AdaptiveRandomForest;Otimizado_33Features;classifier;classifier;classifier;N/A;N/A;N/A;2000;100;134;15300;0,0000;0,0000;0,0000;0,0000;0,0000;0,0000;0;0;0;0
20260611_1518;Consistência_200;classification;AdaptiveRandomForest;Otimizado_33Features;classifier;classifier;classifier;N/A;N/A;N/A;2000;100;135;15400;0,0000;0,0000;0,0000;0,0000;0,0000;0,0000;0;0;0;0
20260611_1518;Consistência_200;classification;AdaptiveRandomForest;Otimizado_33Features;classifier;classifier;classifier;N/A;N/A;N/A;2000;100;136;15500;0,0000;0,0000;0,0000;0,0000;0,0000;0,0000;0;0;0;0
20260611_1518;Consistência_1000;classification;AdaptiveRandomForest;Otimizado_33Features;classifier;classifier;classifier;N/A;N/A;N/A;2000;100;1;2000;0,0000;0,0000;0,0000;0,0000;0,0000;0,0000;0;0;0;0
20260611_1518;Consistência_1000;classification;AdaptiveRandomForest;Otimizado_33Features;classifier;classifier;classifier;N/A;N/A;N/A;2000;100;2;2100;0,0000;0,0000;0,0000;0,0000;0,0000;0,0000;0;0;0;0
20260611_1518;Consistência_1000;classification;AdaptiveRandomForest;Otimizado_33Features;classifier;classifier;classifier;N/A;N/A;N/A;2000;100;3;2200;0,0000;0,0000;0,0000;0,0000;0,0000;0,0000;0;0;0;0
20260611_1518;Consistência_1000;classification;AdaptiveRandomForest;Otimizado_33Features;classifier;classifier;classifier;N/A;N/A;N/A;2000;100;4;2300;0,0000;0,0000;0,0000;0,0000;0,0000;0,0000;0;0;0;0
20260611_1518;Consistência_1000;classification;AdaptiveRandomForest;Otimizado_33Features;classifier;classifier;classifier;N/A;N/A;N/A;2000;100;5;2400;0,0000;0,0000;0,0000;0,0000;0,0000;0,0000;0;0;0;0
20260611_1518;Consistência_1000;classification;AdaptiveRandomForest;Otimizado_33Features;classifier;classifier;classifier;N/A;N/A;N/A;2000;100;6;2500;0,0000;0,0000;0,0000;0,0000;0,0000;0,0000;0;0;0;0
20260611_1518;Consistência_1000;classification;AdaptiveRandomForest;Otimizado_33Features;classifier;classifier;classifier;N/A;N/A;N/A;2000;100;7;2600;0,0000;0,0000;0,0000;0,0000;0,0000;0,0000;0;0;0;0
20260611_1518;Consistência_1000;classification;AdaptiveRandomForest;Otimizado_33Features;classifier;classifier;classifier;N/A;N/A;N/A;2000;100;8;2700;0,0000;0,0000;0,0000;0,0000;0,0000;0,0000;0;0;0;0
20260611_1518;Consistência_1000;classification;AdaptiveRandomForest;Otimizado_33Features;classifier;classifier;classifier;N/A;N/A;N/A;2000;100;9;2800;0,0000;0,0000;0,0000;0,0000;0,0000;0,0000;0;0;0;0
20260611_1518;Consistência_1000;classification;AdaptiveRandomForest;Otimizado_33Features;classifier;classifier;classifier;N/A;N/A;N/A;2000;100;10;2900;0,0000;0,0000;0,0000;0,0000;0,0000;0,0000;0;0;0;0
20260611_1518;Consistência_1000;classification;AdaptiveRandomForest;Otimizado_33Features;classifier;classifier;classifier;N/A;N/A;N/A;2000;100;11;3000;0,0000;0,0000;0,0000;0,0000;0,0000;0,0000;0;0;0;0
20260611_1518;Consistência_1000;classification;AdaptiveRandomForest;Otimizado_33Features;classifier;classifier;classifier;N/A;N/A;N/A;2000;100;12;3100;0,0000;0,0000;0,0000;0,0000;0,0000;0,0000;0;0;0;0
20260611_1518;Consistência_1000;classification;AdaptiveRandomForest;Otimizado_33Features;classifier;classifier;classifier;N/A;N/A;N/A;2000;100;13;3200;0,0000;0,0000;0,0000;0,0000;0,0000;0,0000;0;0;0;0
20260611_1518;Consistência_1000;classification;AdaptiveRandomForest;Otimizado_33Features;classifier;classifier;classifier;N/A;N/A;N/A;2000;100;14;3300;0,0000;0,0000;0,0000;0,0000;0,0000;0,0000;0;0;0;0
20260611_1518;Consistência_1000;classification;AdaptiveRandomForest;Otimizado_33Features;classifier;classifier;classifier;N/A;N/A;N/A;2000;100;15;3400;0,0000;0,0000;0,0000;0,0000;0,0000;0,0000;0;0;0;0
20260611_1518;Consistência_1000;classification;AdaptiveRandomForest;Otimizado_33Features;classifier;classifier;classifier;N/A;N/A;N/A;2000;100;16;3500;0,0000;0,0000;0,0000;0,0000;0,0000;0,0000;0;0;0;0
20260611_1518;Consistência_1000;classification;AdaptiveRandomForest;Otimizado_33Features;classifier;classifier;classifier;N/A;N/A;N/A;2000;100;17;3600;0,0000;0,0000;0,0000;0,0000;0,0000;0,0000;0;0;0;0
20260611_1518;Consistência_1000;classification;AdaptiveRandomForest;Otimizado_33Features;classifier;classifier;classifier;N/A;N/A;N/A;2000;100;18;3700;0,0000;0,0000;0,0000;0,0000;0,0000;0,0000;0;0;0;0
20260611_1518;Consistência_1000;classification;AdaptiveRandomForest;Otimizado_33Features;classifier;classifier;classifier;N/A;N/A;N/A;2000;100;19;3800;95,7447;0,0000;100,0000;0,0000;91,8367;0,0000;0;0;4;0
20260611_1518;Consistência_1000;classification;AdaptiveRandomForest;Otimizado_33Features;classifier;classifier;classifier;N/A;N/A;N/A;2000;100;20;3900;96,2143;0,2544;94,0333;0,0287;98,5000;0,5000;5;0;2;1
20260611_1518;Consistência_1000;classification;AdaptiveRandomForest;Otimizado_33Features;classifier;classifier;classifier;N/A;N/A;N/A;2000;100;21;4000;99,6923;0,2512;100,0000;0,0000;99,3878;0,4999;0;0;1;1
20260611_1518;Consistência_1000;classification;AdaptiveRandomForest;Otimizado_33Features;classifier;classifier;classifier;N/A;N/A;N/A;2000;100;22;4100;97,9592;0,0000;96,0000;0,0000;100,0000;0,0000;4;0;0;0
20260611_1518;Consistência_1000;classification;AdaptiveRandomForest;Otimizado_33Features;classifier;classifier;classifier;N/A;N/A;N/A;2000;100;23;4200;100,0000;0,0000;100,0000;0,0000;100,0000;0,0000;0;0;0;0
20260611_1518;Consistência_1000;classification;AdaptiveRandomForest;Otimizado_33Features;classifier;classifier;classifier;N/A;N/A;N/A;2000;100;24;4300;95,3112;0,5618;92,3416;1,0596;98,4848;0,0000;6;1;1;0
20260611_1518;Consistência_1000;classification;AdaptiveRandomForest;Otimizado_33Features;classifier;classifier;classifier;N/A;N/A;N/A;2000;100;25;4400;92,9275;0,8116;94,6245;1,6601;91,3043;0,0000;2;1;2;0
20260611_1518;Consistência_1000;classification;AdaptiveRandomForest;Otimizado_33Features;classifier;classifier;classifier;N/A;N/A;N/A;2000;100;26;4500;92,1801;3,7108;100,0000;0,0000;85,7143;6,3888;0;0;2;1
20260611_1518;Consistência_1000;classification;AdaptiveRandomForest;Otimizado_33Features;classifier;classifier;classifier;N/A;N/A;N/A;2000;100;27;4600;99,2913;0,2339;99,7647;0,4706;98,8235;0,0000;1;1;1;0
20260611_1518;Consistência_1000;classification;AdaptiveRandomForest;Otimizado_33Features;classifier;classifier;classifier;N/A;N/A;N/A;2000;100;28;4700;86,6667;0,0000;76,4706;0,0000;100,0000;0,0000;4;0;0;0
20260611_1518;Consistência_1000;classification;AdaptiveRandomForest;Otimizado_33Features;classifier;classifier;classifier;N/A;N/A;N/A;2000;100;29;4800;100,0000;0,0000;100,0000;0,0000;100,0000;0,0000;0;0;0;0
20260611_1518;Consistência_1000;classification;AdaptiveRandomForest;Otimizado_33Features;classifier;classifier;classifier;N/A;N/A;N/A;2000;100;30;4900;0,0000;0,0000;0,0000;0,0000;0,0000;0,0000;0;0;0;0
20260611_1518;Consistência_1000;classification;AdaptiveRandomForest;Otimizado_33Features;classifier;classifier;classifier;N/A;N/A;N/A;2000;100;31;5000;0,0000;0,0000;0,0000;0,0000;0,0000;0,0000;2;1;0;0
20260611_1518;Consistência_1000;classification;AdaptiveRandomForest;Otimizado_33Features;classifier;classifier;classifier;N/A;N/A;N/A;2000;100;32;5100;0,0000;0,0000;0,0000;0,0000;0,0000;0,0000;0;0;0;0
20260611_1518;Consistência_1000;classification;AdaptiveRandomForest;Otimizado_33Features;classifier;classifier;classifier;N/A;N/A;N/A;2000;100;33;5200;0,0000;0,0000;0,0000;0,0000;0,0000;0,0000;0;0;0;0
20260611_1518;Consistência_1000;classification;AdaptiveRandomForest;Otimizado_33Features;classifier;classifier;classifier;N/A;N/A;N/A;2000;100;34;5300;0,0000;0,0000;0,0000;0,0000;0,0000;0,0000;0;0;0;0
20260611_1518;Consistência_1000;classification;AdaptiveRandomForest;Otimizado_33Features;classifier;classifier;classifier;N/A;N/A;N/A;2000;100;35;5400;0,0000;0,0000;0,0000;0,0000;0,0000;0,0000;0;0;0;0
20260611_1518;Consistência_1000;classification;AdaptiveRandomForest;Otimizado_33Features;classifier;classifier;classifier;N/A;N/A;N/A;2000;100;36;5500;0,0000;0,0000;0,0000;0,0000;0,0000;0,0000;0;0;0;0
20260611_1518;Consistência_1000;classification;AdaptiveRandomForest;Otimizado_33Features;classifier;classifier;classifier;N/A;N/A;N/A;2000;100;37;5600;0,0000;0,0000;0,0000;0,0000;0,0000;0,0000;1;0;0;0
20260611_1518;Consistência_1000;classification;AdaptiveRandomForest;Otimizado_33Features;classifier;classifier;classifier;N/A;N/A;N/A;2000;100;38;5700;0,0000;0,0000;0,0000;0,0000;0,0000;0,0000;1;1;0;0
20260611_1518;Consistência_1000;classification;AdaptiveRandomForest;Otimizado_33Features;classifier;classifier;classifier;N/A;N/A;N/A;2000;100;39;5800;0,0000;0,0000;0,0000;0,0000;0,0000;0,0000;0;0;0;0
20260611_1518;Consistência_1000;classification;AdaptiveRandomForest;Otimizado_33Features;classifier;classifier;classifier;N/A;N/A;N/A;2000;100;40;5900;0,0000;0,0000;0,0000;0,0000;0,0000;0,0000;1;1;0;0
20260611_1518;Consistência_1000;classification;AdaptiveRandomForest;Otimizado_33Features;classifier;classifier;classifier;N/A;N/A;N/A;2000;100;41;6000;0,0000;0,0000;0,0000;0,0000;0,0000;0,0000;0;0;0;0
20260611_1518;Consistência_1000;classification;AdaptiveRandomForest;Otimizado_33Features;classifier;classifier;classifier;N/A;N/A;N/A;2000;100;42;6100;0,0000;0,0000;0,0000;0,0000;0,0000;0,0000;0;0;0;0
20260611_1518;Consistência_1000;classification;AdaptiveRandomForest;Otimizado_33Features;classifier;classifier;classifier;N/A;N/A;N/A;2000;100;43;6200;0,0000;0,0000;0,0000;0,0000;0,0000;0,0000;0;0;0;0
20260611_1518;Consistência_1000;classification;AdaptiveRandomForest;Otimizado_33Features;classifier;classifier;classifier;N/A;N/A;N/A;2000;100;44;6300;0,0000;0,0000;0,0000;0,0000;0,0000;0,0000;0;0;0;0
20260611_1518;Consistência_1000;classification;AdaptiveRandomForest;Otimizado_33Features;classifier;classifier;classifier;N/A;N/A;N/A;2000;100;45;6400;0,0000;0,0000;0,0000;0,0000;0,0000;0,0000;0;0;0;0
20260611_1518;Consistência_1000;classification;AdaptiveRandomForest;Otimizado_33Features;classifier;classifier;classifier;N/A;N/A;N/A;2000;100;46;6500;0,0000;0,0000;0,0000;0,0000;0,0000;0,0000;0;0;0;0
20260611_1518;Consistência_1000;classification;AdaptiveRandomForest;Otimizado_33Features;classifier;classifier;classifier;N/A;N/A;N/A;2000;100;47;6600;0,0000;0,0000;0,0000;0,0000;0,0000;0,0000;0;0;0;0
20260611_1518;Consistência_1000;classification;AdaptiveRandomForest;Otimizado_33Features;classifier;classifier;classifier;N/A;N/A;N/A;2000;100;48;6700;0,0000;0,0000;0,0000;0,0000;0,0000;0,0000;0;0;0;0
20260611_1518;Consistência_1000;classification;AdaptiveRandomForest;Otimizado_33Features;classifier;classifier;classifier;N/A;N/A;N/A;2000;100;49;6800;0,0000;0,0000;0,0000;0,0000;0,0000;0,0000;0;0;0;0
20260611_1518;Consistência_1000;classification;AdaptiveRandomForest;Otimizado_33Features;classifier;classifier;classifier;N/A;N/A;N/A;2000;100;50;6900;0,0000;0,0000;0,0000;0,0000;0,0000;0,0000;0;0;0;0
20260611_1518;Consistência_1000;classification;AdaptiveRandomForest;Otimizado_33Features;classifier;classifier;classifier;N/A;N/A;N/A;2000;100;51;7000;0,0000;0,0000;0,0000;0,0000;0,0000;0,0000;0;0;0;0
20260611_1518;Consistência_1000;classification;AdaptiveRandomForest;Otimizado_33Features;classifier;classifier;classifier;N/A;N/A;N/A;2000;100;52;7100;0,0000;0,0000;0,0000;0,0000;0,0000;0,0000;0;0;0;0
20260611_1518;Consistência_1000;classification;AdaptiveRandomForest;Otimizado_33Features;classifier;classifier;classifier;N/A;N/A;N/A;2000;100;53;7200;0,0000;0,0000;0,0000;0,0000;0,0000;0,0000;0;0;0;0
20260611_1518;Consistência_1000;classification;AdaptiveRandomForest;Otimizado_33Features;classifier;classifier;classifier;N/A;N/A;N/A;2000;100;54;7300;0,0000;0,0000;0,0000;0,0000;0,0000;0,0000;0;0;0;0
20260611_1518;Consistência_1000;classification;AdaptiveRandomForest;Otimizado_33Features;classifier;classifier;classifier;N/A;N/A;N/A;2000;100;55;7400;0,0000;0,0000;0,0000;0,0000;0,0000;0,0000;0;0;0;0
20260611_1518;Consistência_1000;classification;AdaptiveRandomForest;Otimizado_33Features;classifier;classifier;classifier;N/A;N/A;N/A;2000;100;56;7500;0,0000;0,0000;0,0000;0,0000;0,0000;0,0000;0;0;0;0
20260611_1518;Consistência_1000;classification;AdaptiveRandomForest;Otimizado_33Features;classifier;classifier;classifier;N/A;N/A;N/A;2000;100;57;7600;0,0000;0,0000;0,0000;0,0000;0,0000;0,0000;0;0;0;0
20260611_1518;Consistência_1000;classification;AdaptiveRandomForest;Otimizado_33Features;classifier;classifier;classifier;N/A;N/A;N/A;2000;100;58;7700;0,0000;0,0000;0,0000;0,0000;0,0000;0,0000;0;0;0;0
20260611_1518;Consistência_1000;classification;AdaptiveRandomForest;Otimizado_33Features;classifier;classifier;classifier;N/A;N/A;N/A;2000;100;59;7800;0,0000;0,0000;0,0000;0,0000;0,0000;0,0000;0;0;0;0
20260611_1518;Consistência_1000;classification;AdaptiveRandomForest;Otimizado_33Features;classifier;classifier;classifier;N/A;N/A;N/A;2000;100;60;7900;0,0000;0,0000;0,0000;0,0000;0,0000;0,0000;0;0;0;0
20260611_1518;Consistência_1000;classification;AdaptiveRandomForest;Otimizado_33Features;classifier;classifier;classifier;N/A;N/A;N/A;2000;100;61;8000;0,0000;0,0000;0,0000;0,0000;0,0000;0,0000;0;0;0;0
20260611_1518;Consistência_1000;classification;AdaptiveRandomForest;Otimizado_33Features;classifier;classifier;classifier;N/A;N/A;N/A;2000;100;62;8100;0,0000;0,0000;0,0000;0,0000;0,0000;0,0000;0;0;0;0
20260611_1518;Consistência_1000;classification;AdaptiveRandomForest;Otimizado_33Features;classifier;classifier;classifier;N/A;N/A;N/A;2000;100;63;8200;0,0000;0,0000;0,0000;0,0000;0,0000;0,0000;0;0;0;0
20260611_1518;Consistência_1000;classification;AdaptiveRandomForest;Otimizado_33Features;classifier;classifier;classifier;N/A;N/A;N/A;2000;100;64;8300;0,0000;0,0000;0,0000;0,0000;0,0000;0,0000;0;0;0;0
20260611_1518;Consistência_1000;classification;AdaptiveRandomForest;Otimizado_33Features;classifier;classifier;classifier;N/A;N/A;N/A;2000;100;65;8400;0,0000;0,0000;0,0000;0,0000;0,0000;0,0000;0;0;0;0
20260611_1518;Consistência_1000;classification;AdaptiveRandomForest;Otimizado_33Features;classifier;classifier;classifier;N/A;N/A;N/A;2000;100;66;8500;100,0000;0,0000;100,0000;0,0000;100,0000;0,0000;0;0;0;0
20260611_1518;Consistência_1000;classification;AdaptiveRandomForest;Otimizado_33Features;classifier;classifier;classifier;N/A;N/A;N/A;2000;100;67;8600;98,3240;0,0000;100,0000;0,0000;96,7033;0,0000;0;0;3;0
20260611_1518;Consistência_1000;classification;AdaptiveRandomForest;Otimizado_33Features;classifier;classifier;classifier;N/A;N/A;N/A;2000;100;68;8700;96,4777;0,5227;100,0000;0,0000;93,2000;0,9798;0;0;7;1
20260611_1518;Consistência_1000;classification;AdaptiveRandomForest;Otimizado_33Features;classifier;classifier;classifier;N/A;N/A;N/A;2000;100;69;8800;98,3871;0,0000;100,0000;0,0000;96,8254;0,0000;0;0;2;0
20260611_1518;Consistência_1000;classification;AdaptiveRandomForest;Otimizado_33Features;classifier;classifier;classifier;N/A;N/A;N/A;2000;100;70;8900;98,7621;0,2285;100,0000;0,0000;97,5556;0,4444;0;0;3;1
20260611_1518;Consistência_1000;classification;AdaptiveRandomForest;Otimizado_33Features;classifier;classifier;classifier;N/A;N/A;N/A;2000;100;71;9000;100,0000;0,0000;100,0000;0,0000;100,0000;0,0000;0;0;0;0
20260611_1518;Consistência_1000;classification;AdaptiveRandomForest;Otimizado_33Features;classifier;classifier;classifier;N/A;N/A;N/A;2000;100;72;9100;99,8995;0,2010;100,0000;0,0000;99,8000;0,4000;0;0;1;1
20260611_1518;Consistência_1000;classification;AdaptiveRandomForest;Otimizado_33Features;classifier;classifier;classifier;N/A;N/A;N/A;2000;100;73;9200;99,2714;0,4169;100,0000;0,0000;98,5567;0,8247;0;0;2;1
20260611_1518;Consistência_1000;classification;AdaptiveRandomForest;Otimizado_33Features;classifier;classifier;classifier;N/A;N/A;N/A;2000;100;74;9300;100,0000;0,0000;100,0000;0,0000;100,0000;0,0000;0;0;0;0
20260611_1518;Consistência_1000;classification;AdaptiveRandomForest;Otimizado_33Features;classifier;classifier;classifier;N/A;N/A;N/A;2000;100;75;9400;100,0000;0,0000;100,0000;0,0000;100,0000;0,0000;0;0;0;0
20260611_1518;Consistência_1000;classification;AdaptiveRandomForest;Otimizado_33Features;classifier;classifier;classifier;N/A;N/A;N/A;2000;100;76;9500;100,0000;0,0000;100,0000;0,0000;100,0000;0,0000;0;0;0;0
20260611_1518;Consistência_1000;classification;AdaptiveRandomForest;Otimizado_33Features;classifier;classifier;classifier;N/A;N/A;N/A;2000;100;77;9600;0,0000;0,0000;0,0000;0,0000;0,0000;0,0000;0;0;0;0
20260611_1518;Consistência_1000;classification;AdaptiveRandomForest;Otimizado_33Features;classifier;classifier;classifier;N/A;N/A;N/A;2000;100;78;9700;0,0000;0,0000;0,0000;0,0000;0,0000;0,0000;0;0;0;0
20260611_1518;Consistência_1000;classification;AdaptiveRandomForest;Otimizado_33Features;classifier;classifier;classifier;N/A;N/A;N/A;2000;100;79;9800;0,0000;0,0000;0,0000;0,0000;0,0000;0,0000;0;0;0;0
20260611_1518;Consistência_1000;classification;AdaptiveRandomForest;Otimizado_33Features;classifier;classifier;classifier;N/A;N/A;N/A;2000;100;80;9900;0,0000;0,0000;0,0000;0,0000;0,0000;0,0000;0;0;0;0
20260611_1518;Consistência_1000;classification;AdaptiveRandomForest;Otimizado_33Features;classifier;classifier;classifier;N/A;N/A;N/A;2000;100;81;10000;0,0000;0,0000;0,0000;0,0000;0,0000;0,0000;0;0;0;0
20260611_1518;Consistência_1000;classification;AdaptiveRandomForest;Otimizado_33Features;classifier;classifier;classifier;N/A;N/A;N/A;2000;100;82;10100;0,0000;0,0000;0,0000;0,0000;0,0000;0,0000;1;0;0;0
20260611_1518;Consistência_1000;classification;AdaptiveRandomForest;Otimizado_33Features;classifier;classifier;classifier;N/A;N/A;N/A;2000;100;83;10200;0,0000;0,0000;0,0000;0,0000;0,0000;0,0000;2;1;0;0
20260611_1518;Consistência_1000;classification;AdaptiveRandomForest;Otimizado_33Features;classifier;classifier;classifier;N/A;N/A;N/A;2000;100;84;10300;0,0000;0,0000;0,0000;0,0000;0,0000;0,0000;0;0;0;0
20260611_1518;Consistência_1000;classification;AdaptiveRandomForest;Otimizado_33Features;classifier;classifier;classifier;N/A;N/A;N/A;2000;100;85;10400;0,0000;0,0000;0,0000;0,0000;0,0000;0,0000;0;0;0;0
20260611_1518;Consistência_1000;classification;AdaptiveRandomForest;Otimizado_33Features;classifier;classifier;classifier;N/A;N/A;N/A;2000;100;86;10500;0,0000;0,0000;0,0000;0,0000;0,0000;0,0000;0;0;0;0
20260611_1518;Consistência_1000;classification;AdaptiveRandomForest;Otimizado_33Features;classifier;classifier;classifier;N/A;N/A;N/A;2000;100;87;10600;0,0000;0,0000;0,0000;0,0000;0,0000;0,0000;0;0;0;0
20260611_1518;Consistência_1000;classification;AdaptiveRandomForest;Otimizado_33Features;classifier;classifier;classifier;N/A;N/A;N/A;2000;100;88;10700;0,0000;0,0000;0,0000;0,0000;0,0000;0,0000;1;0;0;0
20260611_1518;Consistência_1000;classification;AdaptiveRandomForest;Otimizado_33Features;classifier;classifier;classifier;N/A;N/A;N/A;2000;100;89;10800;0,0000;0,0000;0,0000;0,0000;0,0000;0,0000;0;0;0;0
20260611_1518;Consistência_1000;classification;AdaptiveRandomForest;Otimizado_33Features;classifier;classifier;classifier;N/A;N/A;N/A;2000;100;90;10900;0,0000;0,0000;0,0000;0,0000;0,0000;0,0000;0;0;0;0
20260611_1518;Consistência_1000;classification;AdaptiveRandomForest;Otimizado_33Features;classifier;classifier;classifier;N/A;N/A;N/A;2000;100;91;11000;0,0000;0,0000;0,0000;0,0000;0,0000;0,0000;0;0;0;0
20260611_1518;Consistência_1000;classification;AdaptiveRandomForest;Otimizado_33Features;classifier;classifier;classifier;N/A;N/A;N/A;2000;100;92;11100;0,0000;0,0000;0,0000;0,0000;0,0000;0,0000;0;0;0;0
20260611_1518;Consistência_1000;classification;AdaptiveRandomForest;Otimizado_33Features;classifier;classifier;classifier;N/A;N/A;N/A;2000;100;93;11200;0,0000;0,0000;0,0000;0,0000;0,0000;0,0000;0;0;0;0
20260611_1518;Consistência_1000;classification;AdaptiveRandomForest;Otimizado_33Features;classifier;classifier;classifier;N/A;N/A;N/A;2000;100;94;11300;0,0000;0,0000;0,0000;0,0000;0,0000;0,0000;0;0;0;0
20260611_1518;Consistência_1000;classification;AdaptiveRandomForest;Otimizado_33Features;classifier;classifier;classifier;N/A;N/A;N/A;2000;100;95;11400;0,0000;0,0000;0,0000;0,0000;0,0000;0,0000;0;0;0;0
20260611_1518;Consistência_1000;classification;AdaptiveRandomForest;Otimizado_33Features;classifier;classifier;classifier;N/A;N/A;N/A;2000;100;96;11500;0,0000;0,0000;0,0000;0,0000;0,0000;0,0000;0;0;0;0
20260611_1518;Consistência_1000;classification;AdaptiveRandomForest;Otimizado_33Features;classifier;classifier;classifier;N/A;N/A;N/A;2000;100;97;11600;0,0000;0,0000;0,0000;0,0000;0,0000;0,0000;1;0;0;0
20260611_1518;Consistência_1000;classification;AdaptiveRandomForest;Otimizado_33Features;classifier;classifier;classifier;N/A;N/A;N/A;2000;100;98;11700;0,0000;0,0000;0,0000;0,0000;0,0000;0,0000;1;0;0;0
20260611_1518;Consistência_1000;classification;AdaptiveRandomForest;Otimizado_33Features;classifier;classifier;classifier;N/A;N/A;N/A;2000;100;99;11800;0,0000;0,0000;0,0000;0,0000;0,0000;0,0000;0;0;0;0
20260611_1518;Consistência_1000;classification;AdaptiveRandomForest;Otimizado_33Features;classifier;classifier;classifier;N/A;N/A;N/A;2000;100;100;11900;0,0000;0,0000;0,0000;0,0000;0,0000;0,0000;0;0;0;0
20260611_1518;Consistência_1000;classification;AdaptiveRandomForest;Otimizado_33Features;classifier;classifier;classifier;N/A;N/A;N/A;2000;100;101;12000;0,0000;0,0000;0,0000;0,0000;0,0000;0,0000;0;0;0;0
20260611_1518;Consistência_1000;classification;AdaptiveRandomForest;Otimizado_33Features;classifier;classifier;classifier;N/A;N/A;N/A;2000;100;102;12100;0,0000;0,0000;0,0000;0,0000;0,0000;0,0000;0;0;0;0
20260611_1518;Consistência_1000;classification;AdaptiveRandomForest;Otimizado_33Features;classifier;classifier;classifier;N/A;N/A;N/A;2000;100;103;12200;0,0000;0,0000;0,0000;0,0000;0,0000;0,0000;0;0;0;0
20260611_1518;Consistência_1000;classification;AdaptiveRandomForest;Otimizado_33Features;classifier;classifier;classifier;N/A;N/A;N/A;2000;100;104;12300;0,0000;0,0000;0,0000;0,0000;0,0000;0,0000;0;0;0;0
20260611_1518;Consistência_1000;classification;AdaptiveRandomForest;Otimizado_33Features;classifier;classifier;classifier;N/A;N/A;N/A;2000;100;105;12400;0,0000;0,0000;0,0000;0,0000;0,0000;0,0000;0;0;0;0
20260611_1518;Consistência_1000;classification;AdaptiveRandomForest;Otimizado_33Features;classifier;classifier;classifier;N/A;N/A;N/A;2000;100;106;12500;0,0000;0,0000;0,0000;0,0000;0,0000;0,0000;0;0;0;0
20260611_1518;Consistência_1000;classification;AdaptiveRandomForest;Otimizado_33Features;classifier;classifier;classifier;N/A;N/A;N/A;2000;100;107;12600;0,0000;0,0000;0,0000;0,0000;0,0000;0,0000;0;0;0;0
20260611_1518;Consistência_1000;classification;AdaptiveRandomForest;Otimizado_33Features;classifier;classifier;classifier;N/A;N/A;N/A;2000;100;108;12700;0,0000;0,0000;0,0000;0,0000;0,0000;0,0000;0;0;0;0
20260611_1518;Consistência_1000;classification;AdaptiveRandomForest;Otimizado_33Features;classifier;classifier;classifier;N/A;N/A;N/A;2000;100;109;12800;0,0000;0,0000;0,0000;0,0000;0,0000;0,0000;0;0;0;0
20260611_1518;Consistência_1000;classification;AdaptiveRandomForest;Otimizado_33Features;classifier;classifier;classifier;N/A;N/A;N/A;2000;100;110;12900;0,0000;0,0000;0,0000;0,0000;0,0000;0,0000;0;0;0;0
20260611_1518;Consistência_1000;classification;AdaptiveRandomForest;Otimizado_33Features;classifier;classifier;classifier;N/A;N/A;N/A;2000;100;111;13000;0,0000;0,0000;0,0000;0,0000;0,0000;0,0000;0;0;0;0
20260611_1518;Consistência_1000;classification;AdaptiveRandomForest;Otimizado_33Features;classifier;classifier;classifier;N/A;N/A;N/A;2000;100;112;13100;0,0000;0,0000;0,0000;0,0000;0,0000;0,0000;1;1;0;0
20260611_1518;Consistência_1000;classification;AdaptiveRandomForest;Otimizado_33Features;classifier;classifier;classifier;N/A;N/A;N/A;2000;100;113;13200;0,0000;0,0000;0,0000;0,0000;0,0000;0,0000;0;0;0;0
20260611_1518;Consistência_1000;classification;AdaptiveRandomForest;Otimizado_33Features;classifier;classifier;classifier;N/A;N/A;N/A;2000;100;114;13300;99,0099;0,0000;100,0000;0,0000;98,0392;0,0000;0;0;1;0
20260611_1518;Consistência_1000;classification;AdaptiveRandomForest;Otimizado_33Features;classifier;classifier;classifier;N/A;N/A;N/A;2000;100;115;13400;100,0000;0,0000;100,0000;0,0000;100,0000;0,0000;0;0;0;0
20260611_1518;Consistência_1000;classification;AdaptiveRandomForest;Otimizado_33Features;classifier;classifier;classifier;N/A;N/A;N/A;2000;100;116;13500;99,4975;0,0000;100,0000;0,0000;99,0000;0,0000;0;0;1;0
20260611_1518;Consistência_1000;classification;AdaptiveRandomForest;Otimizado_33Features;classifier;classifier;classifier;N/A;N/A;N/A;2000;100;117;13600;99,4326;0,2837;100,0000;0,0000;98,8732;0,5634;0;0;1;1
20260611_1518;Consistência_1000;classification;AdaptiveRandomForest;Otimizado_33Features;classifier;classifier;classifier;N/A;N/A;N/A;2000;100;118;13700;100,0000;0,0000;100,0000;0,0000;100,0000;0,0000;0;0;0;0
20260611_1518;Consistência_1000;classification;AdaptiveRandomForest;Otimizado_33Features;classifier;classifier;classifier;N/A;N/A;N/A;2000;100;119;13800;98,6119;0,2648;100,0000;0,0000;97,2632;0,5157;0;0;3;1
20260611_1518;Consistência_1000;classification;AdaptiveRandomForest;Otimizado_33Features;classifier;classifier;classifier;N/A;N/A;N/A;2000;100;120;13900;100,0000;0,0000;100,0000;0,0000;100,0000;0,0000;0;0;0;0
20260611_1518;Consistência_1000;classification;AdaptiveRandomForest;Otimizado_33Features;classifier;classifier;classifier;N/A;N/A;N/A;2000;100;121;14000;100,0000;0,0000;100,0000;0,0000;100,0000;0,0000;0;0;0;0
20260611_1518;Consistência_1000;classification;AdaptiveRandomForest;Otimizado_33Features;classifier;classifier;classifier;N/A;N/A;N/A;2000;100;122;14100;100,0000;0,0000;100,0000;0,0000;100,0000;0,0000;0;0;0;0
20260611_1518;Consistência_1000;classification;AdaptiveRandomForest;Otimizado_33Features;classifier;classifier;classifier;N/A;N/A;N/A;2000;100;123;14200;100,0000;0,0000;100,0000;0,0000;100,0000;0,0000;0;0;0;0
20260611_1518;Consistência_1000;classification;AdaptiveRandomForest;Otimizado_33Features;classifier;classifier;classifier;N/A;N/A;N/A;2000;100;124;14300;100,0000;0,0000;100,0000;0,0000;100,0000;0,0000;0;0;0;0
20260611_1518;Consistência_1000;classification;AdaptiveRandomForest;Otimizado_33Features;classifier;classifier;classifier;N/A;N/A;N/A;2000;100;125;14400;0,0000;0,0000;0,0000;0,0000;0,0000;0,0000;0;0;0;0
20260611_1518;Consistência_1000;classification;AdaptiveRandomForest;Otimizado_33Features;classifier;classifier;classifier;N/A;N/A;N/A;2000;100;126;14500;0,0000;0,0000;0,0000;0,0000;0,0000;0,0000;0;0;0;0
20260611_1518;Consistência_1000;classification;AdaptiveRandomForest;Otimizado_33Features;classifier;classifier;classifier;N/A;N/A;N/A;2000;100;127;14600;0,0000;0,0000;0,0000;0,0000;0,0000;0,0000;0;0;0;0
20260611_1518;Consistência_1000;classification;AdaptiveRandomForest;Otimizado_33Features;classifier;classifier;classifier;N/A;N/A;N/A;2000;100;128;14700;0,0000;0,0000;0,0000;0,0000;0,0000;0,0000;0;0;0;0
20260611_1518;Consistência_1000;classification;AdaptiveRandomForest;Otimizado_33Features;classifier;classifier;classifier;N/A;N/A;N/A;2000;100;129;14800;0,0000;0,0000;0,0000;0,0000;0,0000;0,0000;1;0;0;0
20260611_1518;Consistência_1000;classification;AdaptiveRandomForest;Otimizado_33Features;classifier;classifier;classifier;N/A;N/A;N/A;2000;100;130;14900;0,0000;0,0000;0,0000;0,0000;0,0000;0,0000;0;0;0;0
20260611_1518;Consistência_1000;classification;AdaptiveRandomForest;Otimizado_33Features;classifier;classifier;classifier;N/A;N/A;N/A;2000;100;131;15000;0,0000;0,0000;0,0000;0,0000;0,0000;0,0000;0;0;0;0
20260611_1518;Consistência_1000;classification;AdaptiveRandomForest;Otimizado_33Features;classifier;classifier;classifier;N/A;N/A;N/A;2000;100;132;15100;0,0000;0,0000;0,0000;0,0000;0,0000;0,0000;0;0;0;0
20260611_1518;Consistência_1000;classification;AdaptiveRandomForest;Otimizado_33Features;classifier;classifier;classifier;N/A;N/A;N/A;2000;100;133;15200;0,0000;0,0000;0,0000;0,0000;0,0000;0,0000;0;0;0;0
20260611_1518;Consistência_1000;classification;AdaptiveRandomForest;Otimizado_33Features;classifier;classifier;classifier;N/A;N/A;N/A;2000;100;134;15300;0,0000;0,0000;0,0000;0,0000;0,0000;0,0000;0;0;0;0
20260611_1518;Consistência_1000;classification;AdaptiveRandomForest;Otimizado_33Features;classifier;classifier;classifier;N/A;N/A;N/A;2000;100;135;15400;0,0000;0,0000;0,0000;0,0000;0,0000;0,0000;0;0;0;0
20260611_1518;Consistência_1000;classification;AdaptiveRandomForest;Otimizado_33Features;classifier;classifier;classifier;N/A;N/A;N/A;2000;100;136;15500;0,0000;0,0000;0,0000;0,0000;0,0000;0,0000;0;0;0;0
20260611_1518;Consistência_1000;classification;AdaptiveRandomForest;Otimizado_33Features;classifier;classifier;classifier;N/A;N/A;N/A;2000;100;137;15600;0,0000;0,0000;0,0000;0,0000;0,0000;0,0000;0;0;0;0
20260611_1518;Consistência_1000;classification;AdaptiveRandomForest;Otimizado_33Features;classifier;classifier;classifier;N/A;N/A;N/A;2000;100;138;15700;0,0000;0,0000;0,0000;0,0000;0,0000;0,0000;0;0;0;0
20260611_1518;Consistência_1000;classification;AdaptiveRandomForest;Otimizado_33Features;classifier;classifier;classifier;N/A;N/A;N/A;2000;100;139;15800;0,0000;0,0000;0,0000;0,0000;0,0000;0,0000;0;0;0;0
20260611_1518;Consistência_1000;classification;AdaptiveRandomForest;Otimizado_33Features;classifier;classifier;classifier;N/A;N/A;N/A;2000;100;140;15900;0,0000;0,0000;0,0000;0,0000;0,0000;0,0000;0;0;0;0
20260611_1518;Consistência_1000;classification;AdaptiveRandomForest;Otimizado_33Features;classifier;classifier;classifier;N/A;N/A;N/A;2000;100;141;16000;0,0000;0,0000;0,0000;0,0000;0,0000;0,0000;0;0;0;0
20260611_1518;Consistência_1000;classification;AdaptiveRandomForest;Otimizado_33Features;classifier;classifier;classifier;N/A;N/A;N/A;2000;100;142;16100;0,0000;0,0000;0,0000;0,0000;0,0000;0,0000;0;0;0;0
20260611_1518;Consistência_1000;classification;AdaptiveRandomForest;Otimizado_33Features;classifier;classifier;classifier;N/A;N/A;N/A;2000;100;143;16200;0,0000;0,0000;0,0000;0,0000;0,0000;0,0000;0;0;0;0
20260611_1518;Consistência_1000;classification;AdaptiveRandomForest;Otimizado_33Features;classifier;classifier;classifier;N/A;N/A;N/A;2000;100;144;16300;0,0000;0,0000;0,0000;0,0000;0,0000;0,0000;0;0;0;0
20260611_1518;Consistência_1000;classification;AdaptiveRandomForest;Otimizado_33Features;classifier;classifier;classifier;N/A;N/A;N/A;2000;100;145;16400;0,0000;0,0000;0,0000;0,0000;0,0000;0,0000;0;0;0;0
20260611_1518;Consistência_1000;classification;AdaptiveRandomForest;Otimizado_33Features;classifier;classifier;classifier;N/A;N/A;N/A;2000;100;146;16500;0,0000;0,0000;0,0000;0,0000;0,0000;0,0000;0;0;0;0
20260611_1518;Consistência_1000;classification;AdaptiveRandomForest;Otimizado_33Features;classifier;classifier;classifier;N/A;N/A;N/A;2000;100;147;16600;0,0000;0,0000;0,0000;0,0000;0,0000;0,0000;0;0;0;0
20260611_1518;Consistência_1000;classification;AdaptiveRandomForest;Otimizado_33Features;classifier;classifier;classifier;N/A;N/A;N/A;2000;100;148;16700;0,0000;0,0000;0,0000;0,0000;0,0000;0,0000;0;0;0;0
20260611_1518;Consistência_1000;classification;AdaptiveRandomForest;Otimizado_33Features;classifier;classifier;classifier;N/A;N/A;N/A;2000;100;149;16800;0,0000;0,0000;0,0000;0,0000;0,0000;0,0000;0;0;0;0
20260611_1518;Consistência_1000;classification;AdaptiveRandomForest;Otimizado_33Features;classifier;classifier;classifier;N/A;N/A;N/A;2000;100;150;16900;0,0000;0,0000;0,0000;0,0000;0,0000;0,0000;0;0;0;0
20260611_1518;Consistência_1000;classification;AdaptiveRandomForest;Otimizado_33Features;classifier;classifier;classifier;N/A;N/A;N/A;2000;100;151;17000;0,0000;0,0000;0,0000;0,0000;0,0000;0,0000;0;0;0;0
20260611_1518;Consistência_1000;classification;AdaptiveRandomForest;Otimizado_33Features;classifier;classifier;classifier;N/A;N/A;N/A;2000;100;152;17100;0,0000;0,0000;0,0000;0,0000;0,0000;0,0000;0;0;0;0
20260611_1518;Consistência_1000;classification;AdaptiveRandomForest;Otimizado_33Features;classifier;classifier;classifier;N/A;N/A;N/A;2000;100;153;17200;0,0000;0,0000;0,0000;0,0000;0,0000;0,0000;0;0;0;0
20260611_1518;Consistência_1000;classification;AdaptiveRandomForest;Otimizado_33Features;classifier;classifier;classifier;N/A;N/A;N/A;2000;100;154;17300;0,0000;0,0000;0,0000;0,0000;0,0000;0,0000;0;0;0;0
20260611_1518;Consistência_1000;classification;AdaptiveRandomForest;Otimizado_33Features;classifier;classifier;classifier;N/A;N/A;N/A;2000;100;155;17400;0,0000;0,0000;0,0000;0,0000;0,0000;0,0000;0;0;0;0
20260611_1518;Consistência_1000;classification;AdaptiveRandomForest;Otimizado_33Features;classifier;classifier;classifier;N/A;N/A;N/A;2000;100;156;17500;0,0000;0,0000;0,0000;0,0000;0,0000;0,0000;0;0;0;0
20260611_1518;Consistência_1000;classification;AdaptiveRandomForest;Otimizado_33Features;classifier;classifier;classifier;N/A;N/A;N/A;2000;100;157;17600;0,0000;0,0000;0,0000;0,0000;0,0000;0,0000;0;0;0;0
20260611_1518;Consistência_1000;classification;AdaptiveRandomForest;Otimizado_33Features;classifier;classifier;classifier;N/A;N/A;N/A;2000;100;158;17700;0,0000;0,0000;0,0000;0,0000;0,0000;0,0000;0;0;0;0
20260611_1518;Consistência_1000;classification;AdaptiveRandomForest;Otimizado_33Features;classifier;classifier;classifier;N/A;N/A;N/A;2000;100;159;17800;0,0000;0,0000;0,0000;0,0000;0,0000;0,0000;0;0;0;0
20260611_1518;Consistência_1000;classification;AdaptiveRandomForest;Otimizado_33Features;classifier;classifier;classifier;N/A;N/A;N/A;2000;100;160;17900;0,0000;0,0000;0,0000;0,0000;0,0000;0,0000;0;0;0;0
20260611_1518;Generalização_25;classification;AdaptiveRandomForest;Otimizado_33Features;classifier;classifier;classifier;N/A;N/A;N/A;2000;100;1;2000;0,0000;0,0000;0,0000;0,0000;0,0000;0,0000;0;0;0;0
20260611_1518;Generalização_25;classification;AdaptiveRandomForest;Otimizado_33Features;classifier;classifier;classifier;N/A;N/A;N/A;2000;100;2;2100;0,0000;0,0000;0,0000;0,0000;0,0000;0,0000;0;0;0;0
20260611_1518;Generalização_25;classification;AdaptiveRandomForest;Otimizado_33Features;classifier;classifier;classifier;N/A;N/A;N/A;2000;100;3;2200;0,0000;0,0000;0,0000;0,0000;0,0000;0,0000;0;0;0;0
20260611_1518;Generalização_25;classification;AdaptiveRandomForest;Otimizado_33Features;classifier;classifier;classifier;N/A;N/A;N/A;2000;100;4;2300;0,0000;0,0000;0,0000;0,0000;0,0000;0,0000;0;0;0;0
20260611_1518;Generalização_25;classification;AdaptiveRandomForest;Otimizado_33Features;classifier;classifier;classifier;N/A;N/A;N/A;2000;100;5;2400;0,0000;0,0000;0,0000;0,0000;0,0000;0,0000;0;0;0;0
20260611_1518;Generalização_25;classification;AdaptiveRandomForest;Otimizado_33Features;classifier;classifier;classifier;N/A;N/A;N/A;2000;100;6;2500;0,0000;0,0000;0,0000;0,0000;0,0000;0,0000;0;0;0;0
20260611_1518;Generalização_25;classification;AdaptiveRandomForest;Otimizado_33Features;classifier;classifier;classifier;N/A;N/A;N/A;2000;100;7;2600;0,0000;0,0000;0,0000;0,0000;0,0000;0,0000;0;0;0;0
20260611_1518;Generalização_25;classification;AdaptiveRandomForest;Otimizado_33Features;classifier;classifier;classifier;N/A;N/A;N/A;2000;100;8;2700;0,0000;0,0000;0,0000;0,0000;0,0000;0,0000;0;0;0;0
20260611_1518;Generalização_25;classification;AdaptiveRandomForest;Otimizado_33Features;classifier;classifier;classifier;N/A;N/A;N/A;2000;100;9;2800;0,0000;0,0000;0,0000;0,0000;0,0000;0,0000;0;0;0;0
20260611_1518;Generalização_25;classification;AdaptiveRandomForest;Otimizado_33Features;classifier;classifier;classifier;N/A;N/A;N/A;2000;100;10;2900;0,0000;0,0000;0,0000;0,0000;0,0000;0,0000;0;0;0;0
20260611_1518;Generalização_25;classification;AdaptiveRandomForest;Otimizado_33Features;classifier;classifier;classifier;N/A;N/A;N/A;2000;100;11;3000;0,0000;0,0000;0,0000;0,0000;0,0000;0,0000;0;0;0;0
20260611_1518;Generalização_25;classification;AdaptiveRandomForest;Otimizado_33Features;classifier;classifier;classifier;N/A;N/A;N/A;2000;100;12;3100;0,0000;0,0000;0,0000;0,0000;0,0000;0,0000;0;0;0;0
20260611_1518;Generalização_25;classification;AdaptiveRandomForest;Otimizado_33Features;classifier;classifier;classifier;N/A;N/A;N/A;2000;100;13;3200;0,0000;0,0000;0,0000;0,0000;0,0000;0,0000;0;0;0;0
20260611_1518;Generalização_25;classification;AdaptiveRandomForest;Otimizado_33Features;classifier;classifier;classifier;N/A;N/A;N/A;2000;100;14;3300;0,0000;0,0000;0,0000;0,0000;0,0000;0,0000;0;0;0;0
20260611_1518;Generalização_25;classification;AdaptiveRandomForest;Otimizado_33Features;classifier;classifier;classifier;N/A;N/A;N/A;2000;100;15;3400;0,0000;0,0000;0,0000;0,0000;0,0000;0,0000;0;0;0;0
20260611_1518;Generalização_25;classification;AdaptiveRandomForest;Otimizado_33Features;classifier;classifier;classifier;N/A;N/A;N/A;2000;100;16;3500;0,0000;0,0000;0,0000;0,0000;0,0000;0,0000;0;0;0;0
20260611_1518;Generalização_25;classification;AdaptiveRandomForest;Otimizado_33Features;classifier;classifier;classifier;N/A;N/A;N/A;2000;100;17;3600;0,0000;0,0000;0,0000;0,0000;0,0000;0,0000;0;0;0;0
20260611_1518;Generalização_25;classification;AdaptiveRandomForest;Otimizado_33Features;classifier;classifier;classifier;N/A;N/A;N/A;2000;100;18;3700;0,0000;0,0000;0,0000;0,0000;0,0000;0,0000;0;0;0;0
20260611_1518;Generalização_25;classification;AdaptiveRandomForest;Otimizado_33Features;classifier;classifier;classifier;N/A;N/A;N/A;2000;100;19;3800;91,3043;0,0000;100,0000;0,0000;84,0000;0,0000;0;0;4;0
20260611_1518;Generalização_25;classification;AdaptiveRandomForest;Otimizado_33Features;classifier;classifier;classifier;N/A;N/A;N/A;2000;100;20;3900;0,0000;0,0000;0,0000;0,0000;0,0000;0,0000;2;1;0;0
20260611_1518;Generalização_25;classification;AdaptiveRandomForest;Otimizado_33Features;classifier;classifier;classifier;N/A;N/A;N/A;2000;100;21;4000;0,0000;0,0000;0,0000;0,0000;0,0000;0,0000;0;0;0;0
20260611_1518;Generalização_25;classification;AdaptiveRandomForest;Otimizado_33Features;classifier;classifier;classifier;N/A;N/A;N/A;2000;100;22;4100;0,0000;0,0000;0,0000;0,0000;0,0000;0,0000;0;0;0;0
20260611_1518;Generalização_25;classification;AdaptiveRandomForest;Otimizado_33Features;classifier;classifier;classifier;N/A;N/A;N/A;2000;100;23;4200;0,0000;0,0000;0,0000;0,0000;0,0000;0,0000;0;0;0;0
20260611_1518;Generalização_25;classification;AdaptiveRandomForest;Otimizado_33Features;classifier;classifier;classifier;N/A;N/A;N/A;2000;100;24;4300;0,0000;0,0000;0,0000;0,0000;0,0000;0,0000;0;0;0;0
20260611_1518;Generalização_25;classification;AdaptiveRandomForest;Otimizado_33Features;classifier;classifier;classifier;N/A;N/A;N/A;2000;100;25;4400;0,0000;0,0000;0,0000;0,0000;0,0000;0,0000;0;0;0;0
20260611_1518;Generalização_25;classification;AdaptiveRandomForest;Otimizado_33Features;classifier;classifier;classifier;N/A;N/A;N/A;2000;100;26;4500;0,0000;0,0000;0,0000;0,0000;0,0000;0,0000;0;0;0;0
20260611_1518;Generalização_25;classification;AdaptiveRandomForest;Otimizado_33Features;classifier;classifier;classifier;N/A;N/A;N/A;2000;100;27;4600;0,0000;0,0000;0,0000;0,0000;0,0000;0,0000;1;1;0;0
20260611_1518;Generalização_25;classification;AdaptiveRandomForest;Otimizado_33Features;classifier;classifier;classifier;N/A;N/A;N/A;2000;100;28;4700;0,0000;0,0000;0,0000;0,0000;0,0000;0,0000;0;0;0;0
20260611_1518;Generalização_25;classification;AdaptiveRandomForest;Otimizado_33Features;classifier;classifier;classifier;N/A;N/A;N/A;2000;100;29;4800;0,0000;0,0000;0,0000;0,0000;0,0000;0,0000;0;0;0;0
20260611_1518;Generalização_25;classification;AdaptiveRandomForest;Otimizado_33Features;classifier;classifier;classifier;N/A;N/A;N/A;2000;100;30;4900;0,0000;0,0000;0,0000;0,0000;0,0000;0,0000;0;0;0;0
20260611_1518;Generalização_25;classification;AdaptiveRandomForest;Otimizado_33Features;classifier;classifier;classifier;N/A;N/A;N/A;2000;100;31;5000;0,0000;0,0000;0,0000;0,0000;0,0000;0,0000;0;0;0;0
20260611_1518;Generalização_25;classification;AdaptiveRandomForest;Otimizado_33Features;classifier;classifier;classifier;N/A;N/A;N/A;2000;100;32;5100;0,0000;0,0000;0,0000;0,0000;0,0000;0,0000;0;0;0;0
20260611_1518;Generalização_25;classification;AdaptiveRandomForest;Otimizado_33Features;classifier;classifier;classifier;N/A;N/A;N/A;2000;100;33;5200;0,0000;0,0000;0,0000;0,0000;0,0000;0,0000;0;0;0;0
20260611_1518;Generalização_25;classification;AdaptiveRandomForest;Otimizado_33Features;classifier;classifier;classifier;N/A;N/A;N/A;2000;100;34;5300;0,0000;0,0000;0,0000;0,0000;0,0000;0,0000;0;0;0;0
20260611_1518;Generalização_25;classification;AdaptiveRandomForest;Otimizado_33Features;classifier;classifier;classifier;N/A;N/A;N/A;2000;100;35;5400;0,0000;0,0000;0,0000;0,0000;0,0000;0,0000;0;0;0;0
20260611_1518;Generalização_25;classification;AdaptiveRandomForest;Otimizado_33Features;classifier;classifier;classifier;N/A;N/A;N/A;2000;100;36;5500;0,0000;0,0000;0,0000;0,0000;0,0000;0,0000;0;0;0;0
20260611_1518;Generalização_25;classification;AdaptiveRandomForest;Otimizado_33Features;classifier;classifier;classifier;N/A;N/A;N/A;2000;100;37;5600;0,0000;0,0000;0,0000;0,0000;0,0000;0,0000;0;0;0;0
20260611_1518;Generalização_25;classification;AdaptiveRandomForest;Otimizado_33Features;classifier;classifier;classifier;N/A;N/A;N/A;2000;100;38;5700;0,0000;0,0000;0,0000;0,0000;0,0000;0,0000;0;0;0;0
20260611_1518;Generalização_25;classification;AdaptiveRandomForest;Otimizado_33Features;classifier;classifier;classifier;N/A;N/A;N/A;2000;100;39;5800;0,0000;0,0000;0,0000;0,0000;0,0000;0,0000;0;0;0;0
20260611_1518;Generalização_25;classification;AdaptiveRandomForest;Otimizado_33Features;classifier;classifier;classifier;N/A;N/A;N/A;2000;100;40;5900;0,0000;0,0000;0,0000;0,0000;0,0000;0,0000;0;0;0;0
20260611_1518;Generalização_25;classification;AdaptiveRandomForest;Otimizado_33Features;classifier;classifier;classifier;N/A;N/A;N/A;2000;100;41;6000;0,0000;0,0000;0,0000;0,0000;0,0000;0,0000;0;0;0;0
20260611_1518;Generalização_25;classification;AdaptiveRandomForest;Otimizado_33Features;classifier;classifier;classifier;N/A;N/A;N/A;2000;100;42;6100;0,0000;0,0000;0,0000;0,0000;0,0000;0,0000;0;0;0;0
20260611_1518;Generalização_25;classification;AdaptiveRandomForest;Otimizado_33Features;classifier;classifier;classifier;N/A;N/A;N/A;2000;100;43;6200;0,0000;0,0000;0,0000;0,0000;0,0000;0,0000;0;0;0;0
20260611_1518;Generalização_25;classification;AdaptiveRandomForest;Otimizado_33Features;classifier;classifier;classifier;N/A;N/A;N/A;2000;100;44;6300;0,0000;0,0000;0,0000;0,0000;0,0000;0,0000;0;0;0;0
20260611_1518;Generalização_25;classification;AdaptiveRandomForest;Otimizado_33Features;classifier;classifier;classifier;N/A;N/A;N/A;2000;100;45;6400;0,0000;0,0000;0,0000;0,0000;0,0000;0,0000;0;0;0;0
20260611_1518;Generalização_25;classification;AdaptiveRandomForest;Otimizado_33Features;classifier;classifier;classifier;N/A;N/A;N/A;2000;100;46;6500;0,0000;0,0000;0,0000;0,0000;0,0000;0,0000;0;0;0;0
20260611_1518;Generalização_25;classification;AdaptiveRandomForest;Otimizado_33Features;classifier;classifier;classifier;N/A;N/A;N/A;2000;100;47;6600;0,0000;0,0000;0,0000;0,0000;0,0000;0,0000;0;0;0;0
20260611_1518;Generalização_25;classification;AdaptiveRandomForest;Otimizado_33Features;classifier;classifier;classifier;N/A;N/A;N/A;2000;100;48;6700;0,0000;0,0000;0,0000;0,0000;0,0000;0,0000;0;0;0;0
20260611_1518;Generalização_25;classification;AdaptiveRandomForest;Otimizado_33Features;classifier;classifier;classifier;N/A;N/A;N/A;2000;100;49;6800;0,0000;0,0000;0,0000;0,0000;0,0000;0,0000;0;0;0;0
20260611_1518;Generalização_25;classification;AdaptiveRandomForest;Otimizado_33Features;classifier;classifier;classifier;N/A;N/A;N/A;2000;100;50;6900;0,0000;0,0000;0,0000;0,0000;0,0000;0,0000;0;0;0;0
20260611_1518;Generalização_25;classification;AdaptiveRandomForest;Otimizado_33Features;classifier;classifier;classifier;N/A;N/A;N/A;2000;100;51;7000;0,0000;0,0000;0,0000;0,0000;0,0000;0,0000;0;0;0;0
20260611_1518;Generalização_25;classification;AdaptiveRandomForest;Otimizado_33Features;classifier;classifier;classifier;N/A;N/A;N/A;2000;100;52;7100;0,0000;0,0000;0,0000;0,0000;0,0000;0,0000;0;0;0;0
20260611_1518;Generalização_25;classification;AdaptiveRandomForest;Otimizado_33Features;classifier;classifier;classifier;N/A;N/A;N/A;2000;100;53;7200;0,0000;0,0000;0,0000;0,0000;0,0000;0,0000;0;0;0;0
20260611_1518;Generalização_25;classification;AdaptiveRandomForest;Otimizado_33Features;classifier;classifier;classifier;N/A;N/A;N/A;2000;100;54;7300;0,0000;0,0000;0,0000;0,0000;0,0000;0,0000;0;0;0;0
20260611_1518;Generalização_25;classification;AdaptiveRandomForest;Otimizado_33Features;classifier;classifier;classifier;N/A;N/A;N/A;2000;100;55;7400;0,0000;0,0000;0,0000;0,0000;0,0000;0,0000;0;0;0;0
20260611_1518;Generalização_25;classification;AdaptiveRandomForest;Otimizado_33Features;classifier;classifier;classifier;N/A;N/A;N/A;2000;100;56;7500;0,0000;0,0000;0,0000;0,0000;0,0000;0,0000;0;0;0;0
20260611_1518;Generalização_25;classification;AdaptiveRandomForest;Otimizado_33Features;classifier;classifier;classifier;N/A;N/A;N/A;2000;100;57;7600;97,1088;1,0414;100,0000;0,0000;94,4000;1,9596;0;0;2;1
20260611_1518;Generalização_25;classification;AdaptiveRandomForest;Otimizado_33Features;classifier;classifier;classifier;N/A;N/A;N/A;2000;100;58;7700;0,0000;0,0000;0,0000;0,0000;0,0000;0,0000;0;0;0;0
20260611_1518;Generalização_25;classification;AdaptiveRandomForest;Otimizado_33Features;classifier;classifier;classifier;N/A;N/A;N/A;2000;100;59;7800;0,0000;0,0000;0,0000;0,0000;0,0000;0,0000;0;0;0;0
20260611_1518;Generalização_25;classification;AdaptiveRandomForest;Otimizado_33Features;classifier;classifier;classifier;N/A;N/A;N/A;2000;100;60;7900;0,0000;0,0000;0,0000;0,0000;0,0000;0,0000;0;0;0;0
20260611_1518;Generalização_25;classification;AdaptiveRandomForest;Otimizado_33Features;classifier;classifier;classifier;N/A;N/A;N/A;2000;100;61;8000;0,0000;0,0000;0,0000;0,0000;0,0000;0,0000;0;0;0;0
20260611_1518;Generalização_25;classification;AdaptiveRandomForest;Otimizado_33Features;classifier;classifier;classifier;N/A;N/A;N/A;2000;100;62;8100;0,0000;0,0000;0,0000;0,0000;0,0000;0,0000;0;0;0;0
20260611_1518;Generalização_25;classification;AdaptiveRandomForest;Otimizado_33Features;classifier;classifier;classifier;N/A;N/A;N/A;2000;100;63;8200;0,0000;0,0000;0,0000;0,0000;0,0000;0,0000;0;0;0;0
20260611_1518;Generalização_25;classification;AdaptiveRandomForest;Otimizado_33Features;classifier;classifier;classifier;N/A;N/A;N/A;2000;100;64;8300;0,0000;0,0000;0,0000;0,0000;0,0000;0,0000;0;0;0;0
20260611_1518;Generalização_25;classification;AdaptiveRandomForest;Otimizado_33Features;classifier;classifier;classifier;N/A;N/A;N/A;2000;100;65;8400;0,0000;0,0000;0,0000;0,0000;0,0000;0,0000;0;0;0;0
20260611_1518;Generalização_25;classification;AdaptiveRandomForest;Otimizado_33Features;classifier;classifier;classifier;N/A;N/A;N/A;2000;100;66;8500;0,0000;0,0000;0,0000;0,0000;0,0000;0,0000;0;0;0;0
20260611_1518;Generalização_25;classification;AdaptiveRandomForest;Otimizado_33Features;classifier;classifier;classifier;N/A;N/A;N/A;2000;100;67;8600;0,0000;0,0000;0,0000;0,0000;0,0000;0,0000;0;0;0;0
20260611_1518;Generalização_25;classification;AdaptiveRandomForest;Otimizado_33Features;classifier;classifier;classifier;N/A;N/A;N/A;2000;100;68;8700;0,0000;0,0000;0,0000;0,0000;0,0000;0,0000;0;0;0;0
20260611_1518;Generalização_25;classification;AdaptiveRandomForest;Otimizado_33Features;classifier;classifier;classifier;N/A;N/A;N/A;2000;100;69;8800;0,0000;0,0000;0,0000;0,0000;0,0000;0,0000;0;0;0;0
20260611_1518;Generalização_25;classification;AdaptiveRandomForest;Otimizado_33Features;classifier;classifier;classifier;N/A;N/A;N/A;2000;100;70;8900;0,0000;0,0000;0,0000;0,0000;0,0000;0,0000;0;0;0;0
20260611_1518;Generalização_25;classification;AdaptiveRandomForest;Otimizado_33Features;classifier;classifier;classifier;N/A;N/A;N/A;2000;100;71;9000;0,0000;0,0000;0,0000;0,0000;0,0000;0,0000;0;0;0;0
20260611_1518;Generalização_25;classification;AdaptiveRandomForest;Otimizado_33Features;classifier;classifier;classifier;N/A;N/A;N/A;2000;100;72;9100;0,0000;0,0000;0,0000;0,0000;0,0000;0,0000;0;0;0;0
20260611_1518;Generalização_25;classification;AdaptiveRandomForest;Otimizado_33Features;classifier;classifier;classifier;N/A;N/A;N/A;2000;100;73;9200;0,0000;0,0000;0,0000;0,0000;0,0000;0,0000;0;0;0;0
20260611_1518;Generalização_25;classification;AdaptiveRandomForest;Otimizado_33Features;classifier;classifier;classifier;N/A;N/A;N/A;2000;100;74;9300;0,0000;0,0000;0,0000;0,0000;0,0000;0,0000;0;0;0;0
20260611_1518;Generalização_25;classification;AdaptiveRandomForest;Otimizado_33Features;classifier;classifier;classifier;N/A;N/A;N/A;2000;100;75;9400;0,0000;0,0000;0,0000;0,0000;0,0000;0,0000;0;0;0;0
20260611_1518;Generalização_25;classification;AdaptiveRandomForest;Otimizado_33Features;classifier;classifier;classifier;N/A;N/A;N/A;2000;100;76;9500;0,0000;0,0000;0,0000;0,0000;0,0000;0,0000;0;0;0;0
20260611_1518;Generalização_25;classification;AdaptiveRandomForest;Otimizado_33Features;classifier;classifier;classifier;N/A;N/A;N/A;2000;100;77;9600;0,0000;0,0000;0,0000;0,0000;0,0000;0,0000;0;0;0;0
20260611_1518;Generalização_25;classification;AdaptiveRandomForest;Otimizado_33Features;classifier;classifier;classifier;N/A;N/A;N/A;2000;100;78;9700;0,0000;0,0000;0,0000;0,0000;0,0000;0,0000;0;0;0;0
20260611_1518;Generalização_25;classification;AdaptiveRandomForest;Otimizado_33Features;classifier;classifier;classifier;N/A;N/A;N/A;2000;100;79;9800;0,0000;0,0000;0,0000;0,0000;0,0000;0,0000;0;0;0;0
20260611_1518;Generalização_25;classification;AdaptiveRandomForest;Otimizado_33Features;classifier;classifier;classifier;N/A;N/A;N/A;2000;100;80;9900;0,0000;0,0000;0,0000;0,0000;0,0000;0,0000;0;0;0;0
20260611_1518;Generalização_25;classification;AdaptiveRandomForest;Otimizado_33Features;classifier;classifier;classifier;N/A;N/A;N/A;2000;100;81;10000;0,0000;0,0000;0,0000;0,0000;0,0000;0,0000;0;0;0;0
20260611_1518;Generalização_25;classification;AdaptiveRandomForest;Otimizado_33Features;classifier;classifier;classifier;N/A;N/A;N/A;2000;100;82;10100;0,0000;0,0000;0,0000;0,0000;0,0000;0,0000;0;0;0;0
20260611_1518;Generalização_25;classification;AdaptiveRandomForest;Otimizado_33Features;classifier;classifier;classifier;N/A;N/A;N/A;2000;100;83;10200;0,0000;0,0000;0,0000;0,0000;0,0000;0,0000;0;0;0;0
20260611_1518;Generalização_25;classification;AdaptiveRandomForest;Otimizado_33Features;classifier;classifier;classifier;N/A;N/A;N/A;2000;100;84;10300;0,0000;0,0000;0,0000;0,0000;0,0000;0,0000;0;0;0;0
20260611_1518;Generalização_25;classification;AdaptiveRandomForest;Otimizado_33Features;classifier;classifier;classifier;N/A;N/A;N/A;2000;100;85;10400;0,0000;0,0000;0,0000;0,0000;0,0000;0,0000;0;0;0;0
20260611_1518;Generalização_25;classification;AdaptiveRandomForest;Otimizado_33Features;classifier;classifier;classifier;N/A;N/A;N/A;2000;100;86;10500;0,0000;0,0000;0,0000;0,0000;0,0000;0,0000;0;0;0;0
20260611_1518;Generalização_25;classification;AdaptiveRandomForest;Otimizado_33Features;classifier;classifier;classifier;N/A;N/A;N/A;2000;100;87;10600;0,0000;0,0000;0,0000;0,0000;0,0000;0,0000;0;0;0;0
20260611_1518;Generalização_25;classification;AdaptiveRandomForest;Otimizado_33Features;classifier;classifier;classifier;N/A;N/A;N/A;2000;100;88;10700;0,0000;0,0000;0,0000;0,0000;0,0000;0,0000;0;0;0;0
20260611_1518;Generalização_25;classification;AdaptiveRandomForest;Otimizado_33Features;classifier;classifier;classifier;N/A;N/A;N/A;2000;100;89;10800;0,0000;0,0000;0,0000;0,0000;0,0000;0,0000;0;0;0;0
20260611_1518;Generalização_25;classification;AdaptiveRandomForest;Otimizado_33Features;classifier;classifier;classifier;N/A;N/A;N/A;2000;100;90;10900;0,0000;0,0000;0,0000;0,0000;0,0000;0,0000;0;0;0;0
20260611_1518;Generalização_25;classification;AdaptiveRandomForest;Otimizado_33Features;classifier;classifier;classifier;N/A;N/A;N/A;2000;100;91;11000;0,0000;0,0000;0,0000;0,0000;0,0000;0,0000;0;0;0;0
20260611_1518;Generalização_25;classification;AdaptiveRandomForest;Otimizado_33Features;classifier;classifier;classifier;N/A;N/A;N/A;2000;100;92;11100;0,0000;0,0000;0,0000;0,0000;0,0000;0,0000;0;0;0;0
20260611_1518;Generalização_25;classification;AdaptiveRandomForest;Otimizado_33Features;classifier;classifier;classifier;N/A;N/A;N/A;2000;100;93;11200;0,0000;0,0000;0,0000;0,0000;0,0000;0,0000;0;0;0;0
20260611_1518;Generalização_25;classification;AdaptiveRandomForest;Otimizado_33Features;classifier;classifier;classifier;N/A;N/A;N/A;2000;100;94;11300;100,0000;0,0000;100,0000;0,0000;100,0000;0,0000;0;0;0;0
20260611_1518;Generalização_25;classification;AdaptiveRandomForest;Otimizado_33Features;classifier;classifier;classifier;N/A;N/A;N/A;2000;100;95;11400;97,6744;0,0000;100,0000;0,0000;95,4545;0,0000;0;0;1;0
20260611_1518;Generalização_25;classification;AdaptiveRandomForest;Otimizado_33Features;classifier;classifier;classifier;N/A;N/A;N/A;2000;100;96;11500;0,0000;0,0000;0,0000;0,0000;0,0000;0,0000;0;0;0;0
20260611_1518;Generalização_25;classification;AdaptiveRandomForest;Otimizado_33Features;classifier;classifier;classifier;N/A;N/A;N/A;2000;100;97;11600;0,0000;0,0000;0,0000;0,0000;0,0000;0,0000;0;0;0;0
20260611_1518;Generalização_25;classification;AdaptiveRandomForest;Otimizado_33Features;classifier;classifier;classifier;N/A;N/A;N/A;2000;100;98;11700;0,0000;0,0000;0,0000;0,0000;0,0000;0,0000;0;0;0;0
20260611_1518;Generalização_25;classification;AdaptiveRandomForest;Otimizado_33Features;classifier;classifier;classifier;N/A;N/A;N/A;2000;100;99;11800;0,0000;0,0000;0,0000;0,0000;0,0000;0,0000;0;0;0;0
20260611_1518;Generalização_25;classification;AdaptiveRandomForest;Otimizado_33Features;classifier;classifier;classifier;N/A;N/A;N/A;2000;100;100;11900;0,0000;0,0000;0,0000;0,0000;0,0000;0,0000;0;0;0;0
20260611_1518;Generalização_25;classification;AdaptiveRandomForest;Otimizado_33Features;classifier;classifier;classifier;N/A;N/A;N/A;2000;100;101;12000;0,0000;0,0000;0,0000;0,0000;0,0000;0,0000;0;0;0;0
20260611_1518;Generalização_25;classification;AdaptiveRandomForest;Otimizado_33Features;classifier;classifier;classifier;N/A;N/A;N/A;2000;100;102;12100;0,0000;0,0000;0,0000;0,0000;0,0000;0,0000;0;0;0;0
20260611_1518;Generalização_25;classification;AdaptiveRandomForest;Otimizado_33Features;classifier;classifier;classifier;N/A;N/A;N/A;2000;100;103;12200;0,0000;0,0000;0,0000;0,0000;0,0000;0,0000;0;0;0;0
20260611_1518;Generalização_25;classification;AdaptiveRandomForest;Otimizado_33Features;classifier;classifier;classifier;N/A;N/A;N/A;2000;100;104;12300;0,0000;0,0000;0,0000;0,0000;0,0000;0,0000;0;0;0;0
20260611_1518;Generalização_25;classification;AdaptiveRandomForest;Otimizado_33Features;classifier;classifier;classifier;N/A;N/A;N/A;2000;100;105;12400;0,0000;0,0000;0,0000;0,0000;0,0000;0,0000;0;0;0;0
20260611_1518;Generalização_25;classification;AdaptiveRandomForest;Otimizado_33Features;classifier;classifier;classifier;N/A;N/A;N/A;2000;100;106;12500;0,0000;0,0000;0,0000;0,0000;0,0000;0,0000;0;0;0;0
20260611_1518;Generalização_25;classification;AdaptiveRandomForest;Otimizado_33Features;classifier;classifier;classifier;N/A;N/A;N/A;2000;100;107;12600;0,0000;0,0000;0,0000;0,0000;0,0000;0,0000;0;0;0;0
20260611_1518;Generalização_25;classification;AdaptiveRandomForest;Otimizado_33Features;classifier;classifier;classifier;N/A;N/A;N/A;2000;100;108;12700;0,0000;0,0000;0,0000;0,0000;0,0000;0,0000;0;0;0;0
20260611_1518;Generalização_25;classification;AdaptiveRandomForest;Otimizado_33Features;classifier;classifier;classifier;N/A;N/A;N/A;2000;100;109;12800;0,0000;0,0000;0,0000;0,0000;0,0000;0,0000;0;0;0;0
20260611_1518;Generalização_25;classification;AdaptiveRandomForest;Otimizado_33Features;classifier;classifier;classifier;N/A;N/A;N/A;2000;100;110;12900;0,0000;0,0000;0,0000;0,0000;0,0000;0,0000;0;0;0;0
20260611_1518;Generalização_25;classification;AdaptiveRandomForest;Otimizado_33Features;classifier;classifier;classifier;N/A;N/A;N/A;2000;100;111;13000;0,0000;0,0000;0,0000;0,0000;0,0000;0,0000;0;0;0;0
20260611_1518;Generalização_25;classification;AdaptiveRandomForest;Otimizado_33Features;classifier;classifier;classifier;N/A;N/A;N/A;2000;100;112;13100;0,0000;0,0000;0,0000;0,0000;0,0000;0,0000;0;0;0;0
20260611_1518;Generalização_25;classification;AdaptiveRandomForest;Otimizado_33Features;classifier;classifier;classifier;N/A;N/A;N/A;2000;100;113;13200;0,0000;0,0000;0,0000;0,0000;0,0000;0,0000;0;0;0;0
20260611_1518;Generalização_25;classification;AdaptiveRandomForest;Otimizado_33Features;classifier;classifier;classifier;N/A;N/A;N/A;2000;100;114;13300;0,0000;0,0000;0,0000;0,0000;0,0000;0,0000;0;0;0;0
20260611_1518;Generalização_25;classification;AdaptiveRandomForest;Otimizado_33Features;classifier;classifier;classifier;N/A;N/A;N/A;2000;100;115;13400;0,0000;0,0000;0,0000;0,0000;0,0000;0,0000;0;0;0;0
20260611_1518;Generalização_25;classification;AdaptiveRandomForest;Otimizado_33Features;classifier;classifier;classifier;N/A;N/A;N/A;2000;100;116;13500;0,0000;0,0000;0,0000;0,0000;0,0000;0,0000;0;0;0;0
20260611_1518;Generalização_25;classification;AdaptiveRandomForest;Otimizado_33Features;classifier;classifier;classifier;N/A;N/A;N/A;2000;100;117;13600;0,0000;0,0000;0,0000;0,0000;0,0000;0,0000;0;0;0;0
20260611_1518;Generalização_25;classification;AdaptiveRandomForest;Otimizado_33Features;classifier;classifier;classifier;N/A;N/A;N/A;2000;100;118;13700;0,0000;0,0000;0,0000;0,0000;0,0000;0,0000;0;0;0;0
20260611_1518;Generalização_25;classification;AdaptiveRandomForest;Otimizado_33Features;classifier;classifier;classifier;N/A;N/A;N/A;2000;100;119;13800;0,0000;0,0000;0,0000;0,0000;0,0000;0,0000;0;0;0;0
20260611_1518;Generalização_25;classification;AdaptiveRandomForest;Otimizado_33Features;classifier;classifier;classifier;N/A;N/A;N/A;2000;100;120;13900;0,0000;0,0000;0,0000;0,0000;0,0000;0,0000;0;0;0;0
20260611_1518;Generalização_25;classification;AdaptiveRandomForest;Otimizado_33Features;classifier;classifier;classifier;N/A;N/A;N/A;2000;100;121;14000;0,0000;0,0000;0,0000;0,0000;0,0000;0,0000;0;0;0;0
20260611_1518;Generalização_25;classification;AdaptiveRandomForest;Otimizado_33Features;classifier;classifier;classifier;N/A;N/A;N/A;2000;100;122;14100;0,0000;0,0000;0,0000;0,0000;0,0000;0,0000;0;0;0;0
20260611_1518;Generalização_25;classification;AdaptiveRandomForest;Otimizado_33Features;classifier;classifier;classifier;N/A;N/A;N/A;2000;100;123;14200;0,0000;0,0000;0,0000;0,0000;0,0000;0,0000;0;0;0;0
20260611_1518;Generalização_25;classification;AdaptiveRandomForest;Otimizado_33Features;classifier;classifier;classifier;N/A;N/A;N/A;2000;100;124;14300;0,0000;0,0000;0,0000;0,0000;0,0000;0,0000;0;0;0;0
20260611_1518;Generalização_25;classification;AdaptiveRandomForest;Otimizado_33Features;classifier;classifier;classifier;N/A;N/A;N/A;2000;100;125;14400;0,0000;0,0000;0,0000;0,0000;0,0000;0,0000;0;0;0;0
20260611_1518;Generalização_25;classification;AdaptiveRandomForest;Otimizado_33Features;classifier;classifier;classifier;N/A;N/A;N/A;2000;100;126;14500;0,0000;0,0000;0,0000;0,0000;0,0000;0,0000;0;0;0;0
20260611_1518;Generalização_25;classification;AdaptiveRandomForest;Otimizado_33Features;classifier;classifier;classifier;N/A;N/A;N/A;2000;100;127;14600;0,0000;0,0000;0,0000;0,0000;0,0000;0,0000;0;0;0;0
20260611_1518;Generalização_25;classification;AdaptiveRandomForest;Otimizado_33Features;classifier;classifier;classifier;N/A;N/A;N/A;2000;100;128;14700;0,0000;0,0000;0,0000;0,0000;0,0000;0,0000;0;0;0;0
20260611_1518;Generalização_25;classification;AdaptiveRandomForest;Otimizado_33Features;classifier;classifier;classifier;N/A;N/A;N/A;2000;100;129;14800;0,0000;0,0000;0,0000;0,0000;0,0000;0,0000;0;0;0;0
20260611_1518;Generalização_25;classification;AdaptiveRandomForest;Otimizado_33Features;classifier;classifier;classifier;N/A;N/A;N/A;2000;100;130;14900;0,0000;0,0000;0,0000;0,0000;0,0000;0,0000;0;0;0;0
20260611_1518;Generalização_25;classification;AdaptiveRandomForest;Otimizado_33Features;classifier;classifier;classifier;N/A;N/A;N/A;2000;100;131;15000;0,0000;0,0000;0,0000;0,0000;0,0000;0,0000;0;0;0;0
20260612_0942;Adaptação_25;classification;AdaptiveRandomForest;Otimizado_33Features;classifier;classifier;classifier;N/A;N/A;N/A;2000;100;1;2000;0,0000;0,0000;0,0000;0,0000;0,0000;0,0000;0;0;0;0
20260612_0942;Adaptação_25;classification;AdaptiveRandomForest;Otimizado_33Features;classifier;classifier;classifier;N/A;N/A;N/A;2000;100;2;2100;0,0000;0,0000;0,0000;0,0000;0,0000;0,0000;0;0;0;0
20260612_0942;Adaptação_25;classification;AdaptiveRandomForest;Otimizado_33Features;classifier;classifier;classifier;N/A;N/A;N/A;2000;100;3;2200;0,0000;0,0000;0,0000;0,0000;0,0000;0,0000;0;0;0;0
20260612_0942;Adaptação_25;classification;AdaptiveRandomForest;Otimizado_33Features;classifier;classifier;classifier;N/A;N/A;N/A;2000;100;4;2300;0,0000;0,0000;0,0000;0,0000;0,0000;0,0000;0;0;0;0
20260612_0942;Adaptação_25;classification;AdaptiveRandomForest;Otimizado_33Features;classifier;classifier;classifier;N/A;N/A;N/A;2000;100;5;2400;0,0000;0,0000;0,0000;0,0000;0,0000;0,0000;0;0;0;0
20260612_0942;Adaptação_25;classification;AdaptiveRandomForest;Otimizado_33Features;classifier;classifier;classifier;N/A;N/A;N/A;2000;100;6;2500;0,0000;0,0000;0,0000;0,0000;0,0000;0,0000;0;0;0;0
20260612_0942;Adaptação_25;classification;AdaptiveRandomForest;Otimizado_33Features;classifier;classifier;classifier;N/A;N/A;N/A;2000;100;7;2600;0,0000;0,0000;0,0000;0,0000;0,0000;0,0000;0;0;0;0
20260612_0942;Adaptação_25;classification;AdaptiveRandomForest;Otimizado_33Features;classifier;classifier;classifier;N/A;N/A;N/A;2000;100;8;2700;0,0000;0,0000;0,0000;0,0000;0,0000;0,0000;0;0;0;0
20260612_0942;Adaptação_25;classification;AdaptiveRandomForest;Otimizado_33Features;classifier;classifier;classifier;N/A;N/A;N/A;2000;100;9;2800;0,0000;0,0000;0,0000;0,0000;0,0000;0,0000;0;0;0;0
20260612_0942;Adaptação_25;classification;AdaptiveRandomForest;Otimizado_33Features;classifier;classifier;classifier;N/A;N/A;N/A;2000;100;10;2900;0,0000;0,0000;0,0000;0,0000;0,0000;0,0000;0;0;0;0
20260612_0942;Adaptação_25;classification;AdaptiveRandomForest;Otimizado_33Features;classifier;classifier;classifier;N/A;N/A;N/A;2000;100;11;3000;0,0000;0,0000;0,0000;0,0000;0,0000;0,0000;0;0;0;0
20260612_0942;Adaptação_25;classification;AdaptiveRandomForest;Otimizado_33Features;classifier;classifier;classifier;N/A;N/A;N/A;2000;100;12;3100;0,0000;0,0000;0,0000;0,0000;0,0000;0,0000;0;0;0;0
20260612_0942;Adaptação_25;classification;AdaptiveRandomForest;Otimizado_33Features;classifier;classifier;classifier;N/A;N/A;N/A;2000;100;13;3200;0,0000;0,0000;0,0000;0,0000;0,0000;0,0000;0;0;0;0
20260612_0942;Adaptação_25;classification;AdaptiveRandomForest;Otimizado_33Features;classifier;classifier;classifier;N/A;N/A;N/A;2000;100;14;3300;0,0000;0,0000;0,0000;0,0000;0,0000;0,0000;0;0;0;0
20260612_0942;Adaptação_25;classification;AdaptiveRandomForest;Otimizado_33Features;classifier;classifier;classifier;N/A;N/A;N/A;2000;100;15;3400;0,0000;0,0000;0,0000;0,0000;0,0000;0,0000;0;0;0;0
20260612_0942;Adaptação_25;classification;AdaptiveRandomForest;Otimizado_33Features;classifier;classifier;classifier;N/A;N/A;N/A;2000;100;16;3500;0,0000;0,0000;0,0000;0,0000;0,0000;0,0000;0;0;0;0
20260612_0942;Adaptação_25;classification;AdaptiveRandomForest;Otimizado_33Features;classifier;classifier;classifier;N/A;N/A;N/A;2000;100;17;3600;0,0000;0,0000;0,0000;0,0000;0,0000;0,0000;0;0;0;0
20260612_0942;Adaptação_25;classification;AdaptiveRandomForest;Otimizado_33Features;classifier;classifier;classifier;N/A;N/A;N/A;2000;100;18;3700;0,0000;0,0000;0,0000;0,0000;0,0000;0,0000;0;0;0;0
20260612_0942;Adaptação_25;classification;AdaptiveRandomForest;Otimizado_33Features;classifier;classifier;classifier;N/A;N/A;N/A;2000;100;19;3800;86,0714;0,7143;88,2609;1,5217;84,0000;0,0000;3;1;4;0
20260612_0942;Adaptação_25;classification;AdaptiveRandomForest;Otimizado_33Features;classifier;classifier;classifier;N/A;N/A;N/A;2000;100;20;3900;0,0000;0,0000;0,0000;0,0000;0,0000;0,0000;1;0;0;0
20260612_0942;Adaptação_25;classification;AdaptiveRandomForest;Otimizado_33Features;classifier;classifier;classifier;N/A;N/A;N/A;2000;100;21;4000;0,0000;0,0000;0,0000;0,0000;0,0000;0,0000;0;0;0;0
20260612_0942;Adaptação_25;classification;AdaptiveRandomForest;Otimizado_33Features;classifier;classifier;classifier;N/A;N/A;N/A;2000;100;22;4100;0,0000;0,0000;0,0000;0,0000;0,0000;0,0000;0;0;0;0
20260612_0942;Adaptação_25;classification;AdaptiveRandomForest;Otimizado_33Features;classifier;classifier;classifier;N/A;N/A;N/A;2000;100;23;4200;0,0000;0,0000;0,0000;0,0000;0,0000;0,0000;0;0;0;0
20260612_0942;Adaptação_25;classification;AdaptiveRandomForest;Otimizado_33Features;classifier;classifier;classifier;N/A;N/A;N/A;2000;100;24;4300;0,0000;0,0000;0,0000;0,0000;0,0000;0,0000;0;0;0;0
20260612_0942;Adaptação_25;classification;AdaptiveRandomForest;Otimizado_33Features;classifier;classifier;classifier;N/A;N/A;N/A;2000;100;25;4400;0,0000;0,0000;0,0000;0,0000;0,0000;0,0000;0;0;0;0
20260612_0942;Adaptação_25;classification;AdaptiveRandomForest;Otimizado_33Features;classifier;classifier;classifier;N/A;N/A;N/A;2000;100;26;4500;0,0000;0,0000;0,0000;0,0000;0,0000;0,0000;0;0;0;0
20260612_0942;Adaptação_25;classification;AdaptiveRandomForest;Otimizado_33Features;classifier;classifier;classifier;N/A;N/A;N/A;2000;100;27;4600;0,0000;0,0000;0,0000;0,0000;0,0000;0,0000;1;1;0;0
20260612_0942;Adaptação_25;classification;AdaptiveRandomForest;Otimizado_33Features;classifier;classifier;classifier;N/A;N/A;N/A;2000;100;28;4700;0,0000;0,0000;0,0000;0,0000;0,0000;0,0000;0;0;0;0
20260612_0942;Adaptação_25;classification;AdaptiveRandomForest;Otimizado_33Features;classifier;classifier;classifier;N/A;N/A;N/A;2000;100;29;4800;0,0000;0,0000;0,0000;0,0000;0,0000;0,0000;0;0;0;0
20260612_0942;Adaptação_25;classification;AdaptiveRandomForest;Otimizado_33Features;classifier;classifier;classifier;N/A;N/A;N/A;2000;100;30;4900;0,0000;0,0000;0,0000;0,0000;0,0000;0,0000;0;0;0;0
20260612_0942;Adaptação_25;classification;AdaptiveRandomForest;Otimizado_33Features;classifier;classifier;classifier;N/A;N/A;N/A;2000;100;31;5000;0,0000;0,0000;0,0000;0,0000;0,0000;0,0000;0;0;0;0
20260612_0942;Adaptação_25;classification;AdaptiveRandomForest;Otimizado_33Features;classifier;classifier;classifier;N/A;N/A;N/A;2000;100;32;5100;0,0000;0,0000;0,0000;0,0000;0,0000;0,0000;0;0;0;0
20260612_0942;Adaptação_25;classification;AdaptiveRandomForest;Otimizado_33Features;classifier;classifier;classifier;N/A;N/A;N/A;2000;100;33;5200;0,0000;0,0000;0,0000;0,0000;0,0000;0,0000;0;0;0;0
20260612_0942;Adaptação_25;classification;AdaptiveRandomForest;Otimizado_33Features;classifier;classifier;classifier;N/A;N/A;N/A;2000;100;34;5300;0,0000;0,0000;0,0000;0,0000;0,0000;0,0000;0;0;0;0
20260612_0942;Adaptação_25;classification;AdaptiveRandomForest;Otimizado_33Features;classifier;classifier;classifier;N/A;N/A;N/A;2000;100;35;5400;0,0000;0,0000;0,0000;0,0000;0,0000;0,0000;0;0;0;0
20260612_0942;Adaptação_25;classification;AdaptiveRandomForest;Otimizado_33Features;classifier;classifier;classifier;N/A;N/A;N/A;2000;100;36;5500;0,0000;0,0000;0,0000;0,0000;0,0000;0,0000;0;0;0;0
20260612_0942;Adaptação_25;classification;AdaptiveRandomForest;Otimizado_33Features;classifier;classifier;classifier;N/A;N/A;N/A;2000;100;37;5600;0,0000;0,0000;0,0000;0,0000;0,0000;0,0000;0;0;0;0
20260612_0942;Adaptação_25;classification;AdaptiveRandomForest;Otimizado_33Features;classifier;classifier;classifier;N/A;N/A;N/A;2000;100;38;5700;0,0000;0,0000;0,0000;0,0000;0,0000;0,0000;0;0;0;0
20260612_0942;Adaptação_25;classification;AdaptiveRandomForest;Otimizado_33Features;classifier;classifier;classifier;N/A;N/A;N/A;2000;100;39;5800;0,0000;0,0000;0,0000;0,0000;0,0000;0,0000;0;0;0;0
20260612_0942;Adaptação_25;classification;AdaptiveRandomForest;Otimizado_33Features;classifier;classifier;classifier;N/A;N/A;N/A;2000;100;40;5900;0,0000;0,0000;0,0000;0,0000;0,0000;0,0000;0;0;0;0
20260612_0942;Adaptação_25;classification;AdaptiveRandomForest;Otimizado_33Features;classifier;classifier;classifier;N/A;N/A;N/A;2000;100;41;6000;0,0000;0,0000;0,0000;0,0000;0,0000;0,0000;0;0;0;0
20260612_0942;Adaptação_25;classification;AdaptiveRandomForest;Otimizado_33Features;classifier;classifier;classifier;N/A;N/A;N/A;2000;100;42;6100;0,0000;0,0000;0,0000;0,0000;0,0000;0,0000;0;0;0;0
20260612_0942;Adaptação_25;classification;AdaptiveRandomForest;Otimizado_33Features;classifier;classifier;classifier;N/A;N/A;N/A;2000;100;43;6200;0,0000;0,0000;0,0000;0,0000;0,0000;0,0000;0;0;0;0
20260612_0942;Adaptação_25;classification;AdaptiveRandomForest;Otimizado_33Features;classifier;classifier;classifier;N/A;N/A;N/A;2000;100;44;6300;0,0000;0,0000;0,0000;0,0000;0,0000;0,0000;0;0;0;0
20260612_0942;Adaptação_25;classification;AdaptiveRandomForest;Otimizado_33Features;classifier;classifier;classifier;N/A;N/A;N/A;2000;100;45;6400;0,0000;0,0000;0,0000;0,0000;0,0000;0,0000;0;0;0;0
20260612_0942;Adaptação_25;classification;AdaptiveRandomForest;Otimizado_33Features;classifier;classifier;classifier;N/A;N/A;N/A;2000;100;46;6500;0,0000;0,0000;0,0000;0,0000;0,0000;0,0000;0;0;0;0
20260612_0942;Adaptação_25;classification;AdaptiveRandomForest;Otimizado_33Features;classifier;classifier;classifier;N/A;N/A;N/A;2000;100;47;6600;0,0000;0,0000;0,0000;0,0000;0,0000;0,0000;0;0;0;0
20260612_0942;Adaptação_25;classification;AdaptiveRandomForest;Otimizado_33Features;classifier;classifier;classifier;N/A;N/A;N/A;2000;100;48;6700;0,0000;0,0000;0,0000;0,0000;0,0000;0,0000;0;0;0;0
20260612_0942;Adaptação_25;classification;AdaptiveRandomForest;Otimizado_33Features;classifier;classifier;classifier;N/A;N/A;N/A;2000;100;49;6800;0,0000;0,0000;0,0000;0,0000;0,0000;0,0000;0;0;0;0
20260612_0942;Adaptação_25;classification;AdaptiveRandomForest;Otimizado_33Features;classifier;classifier;classifier;N/A;N/A;N/A;2000;100;50;6900;0,0000;0,0000;0,0000;0,0000;0,0000;0,0000;0;0;0;0
20260612_0942;Adaptação_25;classification;AdaptiveRandomForest;Otimizado_33Features;classifier;classifier;classifier;N/A;N/A;N/A;2000;100;51;7000;0,0000;0,0000;0,0000;0,0000;0,0000;0,0000;0;0;0;0
20260612_0942;Adaptação_25;classification;AdaptiveRandomForest;Otimizado_33Features;classifier;classifier;classifier;N/A;N/A;N/A;2000;100;52;7100;0,0000;0,0000;0,0000;0,0000;0,0000;0,0000;0;0;0;0
20260612_0942;Adaptação_25;classification;AdaptiveRandomForest;Otimizado_33Features;classifier;classifier;classifier;N/A;N/A;N/A;2000;100;53;7200;0,0000;0,0000;0,0000;0,0000;0,0000;0,0000;0;0;0;0
20260612_0942;Adaptação_25;classification;AdaptiveRandomForest;Otimizado_33Features;classifier;classifier;classifier;N/A;N/A;N/A;2000;100;54;7300;0,0000;0,0000;0,0000;0,0000;0,0000;0,0000;0;0;0;0
20260612_0942;Adaptação_25;classification;AdaptiveRandomForest;Otimizado_33Features;classifier;classifier;classifier;N/A;N/A;N/A;2000;100;55;7400;0,0000;0,0000;0,0000;0,0000;0,0000;0,0000;0;0;0;0
20260612_0942;Adaptação_25;classification;AdaptiveRandomForest;Otimizado_33Features;classifier;classifier;classifier;N/A;N/A;N/A;2000;100;56;7500;0,0000;0,0000;0,0000;0,0000;0,0000;0,0000;0;0;0;0
20260612_0942;Adaptação_25;classification;AdaptiveRandomForest;Otimizado_33Features;classifier;classifier;classifier;N/A;N/A;N/A;2000;100;57;7600;73,8408;5,9405;94,4966;2,8485;60,8696;7,2753;1;1;9;2
20260612_0942;Adaptação_25;classification;AdaptiveRandomForest;Otimizado_33Features;classifier;classifier;classifier;N/A;N/A;N/A;2000;100;58;7700;0,0000;0,0000;0,0000;0,0000;0,0000;0,0000;0;0;0;0
20260612_0942;Adaptação_25;classification;AdaptiveRandomForest;Otimizado_33Features;classifier;classifier;classifier;N/A;N/A;N/A;2000;100;59;7800;0,0000;0,0000;0,0000;0,0000;0,0000;0,0000;0;0;0;0
20260612_0942;Adaptação_25;classification;AdaptiveRandomForest;Otimizado_33Features;classifier;classifier;classifier;N/A;N/A;N/A;2000;100;60;7900;0,0000;0,0000;0,0000;0,0000;0,0000;0,0000;0;0;0;0
20260612_0942;Adaptação_25;classification;AdaptiveRandomForest;Otimizado_33Features;classifier;classifier;classifier;N/A;N/A;N/A;2000;100;61;8000;0,0000;0,0000;0,0000;0,0000;0,0000;0,0000;0;0;0;0
20260612_0942;Adaptação_25;classification;AdaptiveRandomForest;Otimizado_33Features;classifier;classifier;classifier;N/A;N/A;N/A;2000;100;62;8100;0,0000;0,0000;0,0000;0,0000;0,0000;0,0000;0;0;0;0
20260612_0942;Adaptação_25;classification;AdaptiveRandomForest;Otimizado_33Features;classifier;classifier;classifier;N/A;N/A;N/A;2000;100;63;8200;0,0000;0,0000;0,0000;0,0000;0,0000;0,0000;0;0;0;0
20260612_0942;Adaptação_25;classification;AdaptiveRandomForest;Otimizado_33Features;classifier;classifier;classifier;N/A;N/A;N/A;2000;100;64;8300;0,0000;0,0000;0,0000;0,0000;0,0000;0,0000;0;0;0;0
20260612_0942;Adaptação_25;classification;AdaptiveRandomForest;Otimizado_33Features;classifier;classifier;classifier;N/A;N/A;N/A;2000;100;65;8400;0,0000;0,0000;0,0000;0,0000;0,0000;0,0000;0;0;0;0
20260612_0942;Adaptação_25;classification;AdaptiveRandomForest;Otimizado_33Features;classifier;classifier;classifier;N/A;N/A;N/A;2000;100;66;8500;0,0000;0,0000;0,0000;0,0000;0,0000;0,0000;0;0;0;0
20260612_0942;Adaptação_25;classification;AdaptiveRandomForest;Otimizado_33Features;classifier;classifier;classifier;N/A;N/A;N/A;2000;100;67;8600;0,0000;0,0000;0,0000;0,0000;0,0000;0,0000;0;0;0;0
20260612_0942;Adaptação_25;classification;AdaptiveRandomForest;Otimizado_33Features;classifier;classifier;classifier;N/A;N/A;N/A;2000;100;68;8700;0,0000;0,0000;0,0000;0,0000;0,0000;0,0000;0;0;0;0
20260612_0942;Adaptação_25;classification;AdaptiveRandomForest;Otimizado_33Features;classifier;classifier;classifier;N/A;N/A;N/A;2000;100;69;8800;0,0000;0,0000;0,0000;0,0000;0,0000;0,0000;0;0;0;0
20260612_0942;Adaptação_25;classification;AdaptiveRandomForest;Otimizado_33Features;classifier;classifier;classifier;N/A;N/A;N/A;2000;100;70;8900;0,0000;0,0000;0,0000;0,0000;0,0000;0,0000;0;0;0;0
20260612_0942;Adaptação_25;classification;AdaptiveRandomForest;Otimizado_33Features;classifier;classifier;classifier;N/A;N/A;N/A;2000;100;71;9000;0,0000;0,0000;0,0000;0,0000;0,0000;0,0000;0;0;0;0
20260612_0942;Adaptação_25;classification;AdaptiveRandomForest;Otimizado_33Features;classifier;classifier;classifier;N/A;N/A;N/A;2000;100;72;9100;0,0000;0,0000;0,0000;0,0000;0,0000;0,0000;0;0;0;0
20260612_0942;Adaptação_25;classification;AdaptiveRandomForest;Otimizado_33Features;classifier;classifier;classifier;N/A;N/A;N/A;2000;100;73;9200;0,0000;0,0000;0,0000;0,0000;0,0000;0,0000;0;0;0;0
20260612_0942;Adaptação_25;classification;AdaptiveRandomForest;Otimizado_33Features;classifier;classifier;classifier;N/A;N/A;N/A;2000;100;74;9300;0,0000;0,0000;0,0000;0,0000;0,0000;0,0000;0;0;0;0
20260612_0942;Adaptação_25;classification;AdaptiveRandomForest;Otimizado_33Features;classifier;classifier;classifier;N/A;N/A;N/A;2000;100;75;9400;0,0000;0,0000;0,0000;0,0000;0,0000;0,0000;0;0;0;0
20260612_0942;Adaptação_25;classification;AdaptiveRandomForest;Otimizado_33Features;classifier;classifier;classifier;N/A;N/A;N/A;2000;100;76;9500;0,0000;0,0000;0,0000;0,0000;0,0000;0,0000;0;0;0;0
20260612_0942;Adaptação_25;classification;AdaptiveRandomForest;Otimizado_33Features;classifier;classifier;classifier;N/A;N/A;N/A;2000;100;77;9600;0,0000;0,0000;0,0000;0,0000;0,0000;0,0000;0;0;0;0
20260612_0942;Adaptação_25;classification;AdaptiveRandomForest;Otimizado_33Features;classifier;classifier;classifier;N/A;N/A;N/A;2000;100;78;9700;0,0000;0,0000;0,0000;0,0000;0,0000;0,0000;0;0;0;0
20260612_0942;Adaptação_25;classification;AdaptiveRandomForest;Otimizado_33Features;classifier;classifier;classifier;N/A;N/A;N/A;2000;100;79;9800;0,0000;0,0000;0,0000;0,0000;0,0000;0,0000;0;0;0;0
20260612_0942;Adaptação_25;classification;AdaptiveRandomForest;Otimizado_33Features;classifier;classifier;classifier;N/A;N/A;N/A;2000;100;80;9900;0,0000;0,0000;0,0000;0,0000;0,0000;0,0000;0;0;0;0
20260612_0942;Adaptação_25;classification;AdaptiveRandomForest;Otimizado_33Features;classifier;classifier;classifier;N/A;N/A;N/A;2000;100;81;10000;0,0000;0,0000;0,0000;0,0000;0,0000;0,0000;0;0;0;0
20260612_0942;Adaptação_25;classification;AdaptiveRandomForest;Otimizado_33Features;classifier;classifier;classifier;N/A;N/A;N/A;2000;100;82;10100;0,0000;0,0000;0,0000;0,0000;0,0000;0,0000;0;0;0;0
20260612_0942;Adaptação_25;classification;AdaptiveRandomForest;Otimizado_33Features;classifier;classifier;classifier;N/A;N/A;N/A;2000;100;83;10200;0,0000;0,0000;0,0000;0,0000;0,0000;0,0000;0;0;0;0
20260612_0942;Adaptação_25;classification;AdaptiveRandomForest;Otimizado_33Features;classifier;classifier;classifier;N/A;N/A;N/A;2000;100;84;10300;0,0000;0,0000;0,0000;0,0000;0,0000;0,0000;0;0;0;0
20260612_0942;Adaptação_25;classification;AdaptiveRandomForest;Otimizado_33Features;classifier;classifier;classifier;N/A;N/A;N/A;2000;100;85;10400;0,0000;0,0000;0,0000;0,0000;0,0000;0,0000;0;0;0;0
20260612_0942;Adaptação_25;classification;AdaptiveRandomForest;Otimizado_33Features;classifier;classifier;classifier;N/A;N/A;N/A;2000;100;86;10500;0,0000;0,0000;0,0000;0,0000;0,0000;0,0000;0;0;0;0
20260612_0942;Adaptação_25;classification;AdaptiveRandomForest;Otimizado_33Features;classifier;classifier;classifier;N/A;N/A;N/A;2000;100;87;10600;0,0000;0,0000;0,0000;0,0000;0,0000;0,0000;0;0;0;0
20260612_0942;Adaptação_25;classification;AdaptiveRandomForest;Otimizado_33Features;classifier;classifier;classifier;N/A;N/A;N/A;2000;100;88;10700;0,0000;0,0000;0,0000;0,0000;0,0000;0,0000;0;0;0;0
20260612_0942;Adaptação_25;classification;AdaptiveRandomForest;Otimizado_33Features;classifier;classifier;classifier;N/A;N/A;N/A;2000;100;89;10800;0,0000;0,0000;0,0000;0,0000;0,0000;0,0000;0;0;0;0
20260612_0942;Adaptação_25;classification;AdaptiveRandomForest;Otimizado_33Features;classifier;classifier;classifier;N/A;N/A;N/A;2000;100;90;10900;0,0000;0,0000;0,0000;0,0000;0,0000;0,0000;0;0;0;0
20260612_0942;Adaptação_25;classification;AdaptiveRandomForest;Otimizado_33Features;classifier;classifier;classifier;N/A;N/A;N/A;2000;100;91;11000;0,0000;0,0000;0,0000;0,0000;0,0000;0,0000;0;0;0;0
20260612_0942;Adaptação_25;classification;AdaptiveRandomForest;Otimizado_33Features;classifier;classifier;classifier;N/A;N/A;N/A;2000;100;92;11100;0,0000;0,0000;0,0000;0,0000;0,0000;0,0000;0;0;0;0
20260612_0942;Adaptação_25;classification;AdaptiveRandomForest;Otimizado_33Features;classifier;classifier;classifier;N/A;N/A;N/A;2000;100;93;11200;0,0000;0,0000;0,0000;0,0000;0,0000;0,0000;0;0;0;0
20260612_0942;Adaptação_25;classification;AdaptiveRandomForest;Otimizado_33Features;classifier;classifier;classifier;N/A;N/A;N/A;2000;100;94;11300;100,0000;0,0000;100,0000;0,0000;100,0000;0,0000;0;0;0;0
20260612_0942;Adaptação_25;classification;AdaptiveRandomForest;Otimizado_33Features;classifier;classifier;classifier;N/A;N/A;N/A;2000;100;95;11400;97,6744;0,0000;100,0000;0,0000;95,4545;0,0000;0;0;1;0
20260612_0942;Adaptação_25;classification;AdaptiveRandomForest;Otimizado_33Features;classifier;classifier;classifier;N/A;N/A;N/A;2000;100;96;11500;0,0000;0,0000;0,0000;0,0000;0,0000;0,0000;0;0;0;0
20260612_0942;Adaptação_25;classification;AdaptiveRandomForest;Otimizado_33Features;classifier;classifier;classifier;N/A;N/A;N/A;2000;100;97;11600;0,0000;0,0000;0,0000;0,0000;0,0000;0,0000;0;0;0;0
20260612_0942;Adaptação_25;classification;AdaptiveRandomForest;Otimizado_33Features;classifier;classifier;classifier;N/A;N/A;N/A;2000;100;98;11700;0,0000;0,0000;0,0000;0,0000;0,0000;0,0000;0;0;0;0
20260612_0942;Adaptação_25;classification;AdaptiveRandomForest;Otimizado_33Features;classifier;classifier;classifier;N/A;N/A;N/A;2000;100;99;11800;0,0000;0,0000;0,0000;0,0000;0,0000;0,0000;0;0;0;0
20260612_0942;Adaptação_25;classification;AdaptiveRandomForest;Otimizado_33Features;classifier;classifier;classifier;N/A;N/A;N/A;2000;100;100;11900;0,0000;0,0000;0,0000;0,0000;0,0000;0,0000;0;0;0;0
20260612_0942;Adaptação_25;classification;AdaptiveRandomForest;Otimizado_33Features;classifier;classifier;classifier;N/A;N/A;N/A;2000;100;101;12000;0,0000;0,0000;0,0000;0,0000;0,0000;0,0000;0;0;0;0
20260612_0942;Adaptação_25;classification;AdaptiveRandomForest;Otimizado_33Features;classifier;classifier;classifier;N/A;N/A;N/A;2000;100;102;12100;0,0000;0,0000;0,0000;0,0000;0,0000;0,0000;0;0;0;0
20260612_0942;Adaptação_25;classification;AdaptiveRandomForest;Otimizado_33Features;classifier;classifier;classifier;N/A;N/A;N/A;2000;100;103;12200;0,0000;0,0000;0,0000;0,0000;0,0000;0,0000;0;0;0;0
20260612_0942;Adaptação_25;classification;AdaptiveRandomForest;Otimizado_33Features;classifier;classifier;classifier;N/A;N/A;N/A;2000;100;104;12300;0,0000;0,0000;0,0000;0,0000;0,0000;0,0000;0;0;0;0
20260612_0942;Adaptação_25;classification;AdaptiveRandomForest;Otimizado_33Features;classifier;classifier;classifier;N/A;N/A;N/A;2000;100;105;12400;0,0000;0,0000;0,0000;0,0000;0,0000;0,0000;0;0;0;0
20260612_0942;Adaptação_25;classification;AdaptiveRandomForest;Otimizado_33Features;classifier;classifier;classifier;N/A;N/A;N/A;2000;100;106;12500;0,0000;0,0000;0,0000;0,0000;0,0000;0,0000;0;0;0;0
20260612_0942;Adaptação_25;classification;AdaptiveRandomForest;Otimizado_33Features;classifier;classifier;classifier;N/A;N/A;N/A;2000;100;107;12600;0,0000;0,0000;0,0000;0,0000;0,0000;0,0000;0;0;0;0
20260612_0942;Adaptação_25;classification;AdaptiveRandomForest;Otimizado_33Features;classifier;classifier;classifier;N/A;N/A;N/A;2000;100;108;12700;0,0000;0,0000;0,0000;0,0000;0,0000;0,0000;0;0;0;0
20260612_0942;Adaptação_25;classification;AdaptiveRandomForest;Otimizado_33Features;classifier;classifier;classifier;N/A;N/A;N/A;2000;100;109;12800;0,0000;0,0000;0,0000;0,0000;0,0000;0,0000;0;0;0;0
20260612_0942;Adaptação_25;classification;AdaptiveRandomForest;Otimizado_33Features;classifier;classifier;classifier;N/A;N/A;N/A;2000;100;110;12900;0,0000;0,0000;0,0000;0,0000;0,0000;0,0000;0;0;0;0
20260612_0942;Adaptação_25;classification;AdaptiveRandomForest;Otimizado_33Features;classifier;classifier;classifier;N/A;N/A;N/A;2000;100;111;13000;0,0000;0,0000;0,0000;0,0000;0,0000;0,0000;0;0;0;0
20260612_0942;Adaptação_25;classification;AdaptiveRandomForest;Otimizado_33Features;classifier;classifier;classifier;N/A;N/A;N/A;2000;100;112;13100;0,0000;0,0000;0,0000;0,0000;0,0000;0,0000;0;0;0;0
20260612_0942;Adaptação_25;classification;AdaptiveRandomForest;Otimizado_33Features;classifier;classifier;classifier;N/A;N/A;N/A;2000;100;113;13200;0,0000;0,0000;0,0000;0,0000;0,0000;0,0000;0;0;0;0
20260612_0942;Adaptação_25;classification;AdaptiveRandomForest;Otimizado_33Features;classifier;classifier;classifier;N/A;N/A;N/A;2000;100;114;13300;0,0000;0,0000;0,0000;0,0000;0,0000;0,0000;0;0;0;0
20260612_0942;Adaptação_25;classification;AdaptiveRandomForest;Otimizado_33Features;classifier;classifier;classifier;N/A;N/A;N/A;2000;100;115;13400;0,0000;0,0000;0,0000;0,0000;0,0000;0,0000;0;0;0;0
20260612_0942;Adaptação_25;classification;AdaptiveRandomForest;Otimizado_33Features;classifier;classifier;classifier;N/A;N/A;N/A;2000;100;116;13500;0,0000;0,0000;0,0000;0,0000;0,0000;0,0000;0;0;0;0
20260612_0942;Adaptação_25;classification;AdaptiveRandomForest;Otimizado_33Features;classifier;classifier;classifier;N/A;N/A;N/A;2000;100;117;13600;0,0000;0,0000;0,0000;0,0000;0,0000;0,0000;0;0;0;0
20260612_0942;Adaptação_25;classification;AdaptiveRandomForest;Otimizado_33Features;classifier;classifier;classifier;N/A;N/A;N/A;2000;100;118;13700;0,0000;0,0000;0,0000;0,0000;0,0000;0,0000;0;0;0;0
20260612_0942;Adaptação_25;classification;AdaptiveRandomForest;Otimizado_33Features;classifier;classifier;classifier;N/A;N/A;N/A;2000;100;119;13800;0,0000;0,0000;0,0000;0,0000;0,0000;0,0000;0;0;0;0
20260612_0942;Adaptação_25;classification;AdaptiveRandomForest;Otimizado_33Features;classifier;classifier;classifier;N/A;N/A;N/A;2000;100;120;13900;0,0000;0,0000;0,0000;0,0000;0,0000;0,0000;0;0;0;0
20260612_0942;Adaptação_25;classification;AdaptiveRandomForest;Otimizado_33Features;classifier;classifier;classifier;N/A;N/A;N/A;2000;100;121;14000;0,0000;0,0000;0,0000;0,0000;0,0000;0,0000;0;0;0;0
20260612_0942;Adaptação_25;classification;AdaptiveRandomForest;Otimizado_33Features;classifier;classifier;classifier;N/A;N/A;N/A;2000;100;122;14100;0,0000;0,0000;0,0000;0,0000;0,0000;0,0000;0;0;0;0
20260612_0942;Adaptação_25;classification;AdaptiveRandomForest;Otimizado_33Features;classifier;classifier;classifier;N/A;N/A;N/A;2000;100;123;14200;0,0000;0,0000;0,0000;0,0000;0,0000;0,0000;0;0;0;0
20260612_0942;Adaptação_25;classification;AdaptiveRandomForest;Otimizado_33Features;classifier;classifier;classifier;N/A;N/A;N/A;2000;100;124;14300;0,0000;0,0000;0,0000;0,0000;0,0000;0,0000;0;0;0;0
20260612_0942;Adaptação_25;classification;AdaptiveRandomForest;Otimizado_33Features;classifier;classifier;classifier;N/A;N/A;N/A;2000;100;125;14400;0,0000;0,0000;0,0000;0,0000;0,0000;0,0000;0;0;0;0
20260612_0942;Adaptação_25;classification;AdaptiveRandomForest;Otimizado_33Features;classifier;classifier;classifier;N/A;N/A;N/A;2000;100;126;14500;0,0000;0,0000;0,0000;0,0000;0,0000;0,0000;0;0;0;0
20260612_0942;Adaptação_25;classification;AdaptiveRandomForest;Otimizado_33Features;classifier;classifier;classifier;N/A;N/A;N/A;2000;100;127;14600;0,0000;0,0000;0,0000;0,0000;0,0000;0,0000;0;0;0;0
20260612_0942;Adaptação_25;classification;AdaptiveRandomForest;Otimizado_33Features;classifier;classifier;classifier;N/A;N/A;N/A;2000;100;128;14700;0,0000;0,0000;0,0000;0,0000;0,0000;0,0000;0;0;0;0
20260612_0942;Adaptação_25;classification;AdaptiveRandomForest;Otimizado_33Features;classifier;classifier;classifier;N/A;N/A;N/A;2000;100;129;14800;0,0000;0,0000;0,0000;0,0000;0,0000;0,0000;0;0;0;0
20260612_0942;Adaptação_25;classification;AdaptiveRandomForest;Otimizado_33Features;classifier;classifier;classifier;N/A;N/A;N/A;2000;100;130;14900;0,0000;0,0000;0,0000;0,0000;0,0000;0,0000;0;0;0;0
20260612_0942;Adaptação_25;classification;AdaptiveRandomForest;Otimizado_33Features;classifier;classifier;classifier;N/A;N/A;N/A;2000;100;131;15000;0,0000;0,0000;0,0000;0,0000;0,0000;0,0000;0;0;0;0
20260612_0942;Adaptação_200;classification;AdaptiveRandomForest;Otimizado_33Features;classifier;classifier;classifier;N/A;N/A;N/A;2000;100;1;2000;0,0000;0,0000;0,0000;0,0000;0,0000;0,0000;0;0;0;0
20260612_0942;Adaptação_200;classification;AdaptiveRandomForest;Otimizado_33Features;classifier;classifier;classifier;N/A;N/A;N/A;2000;100;2;2100;0,0000;0,0000;0,0000;0,0000;0,0000;0,0000;0;0;0;0
20260612_0942;Adaptação_200;classification;AdaptiveRandomForest;Otimizado_33Features;classifier;classifier;classifier;N/A;N/A;N/A;2000;100;3;2200;0,0000;0,0000;0,0000;0,0000;0,0000;0,0000;0;0;0;0
20260612_0942;Adaptação_200;classification;AdaptiveRandomForest;Otimizado_33Features;classifier;classifier;classifier;N/A;N/A;N/A;2000;100;4;2300;0,0000;0,0000;0,0000;0,0000;0,0000;0,0000;0;0;0;0
20260612_0942;Adaptação_200;classification;AdaptiveRandomForest;Otimizado_33Features;classifier;classifier;classifier;N/A;N/A;N/A;2000;100;5;2400;0,0000;0,0000;0,0000;0,0000;0,0000;0,0000;0;0;0;0
20260612_0942;Adaptação_200;classification;AdaptiveRandomForest;Otimizado_33Features;classifier;classifier;classifier;N/A;N/A;N/A;2000;100;6;2500;0,0000;0,0000;0,0000;0,0000;0,0000;0,0000;0;0;0;0
20260612_0942;Adaptação_200;classification;AdaptiveRandomForest;Otimizado_33Features;classifier;classifier;classifier;N/A;N/A;N/A;2000;100;7;2600;0,0000;0,0000;0,0000;0,0000;0,0000;0,0000;0;0;0;0
20260612_0942;Adaptação_200;classification;AdaptiveRandomForest;Otimizado_33Features;classifier;classifier;classifier;N/A;N/A;N/A;2000;100;8;2700;0,0000;0,0000;0,0000;0,0000;0,0000;0,0000;0;0;0;0
20260612_0942;Adaptação_200;classification;AdaptiveRandomForest;Otimizado_33Features;classifier;classifier;classifier;N/A;N/A;N/A;2000;100;9;2800;0,0000;0,0000;0,0000;0,0000;0,0000;0,0000;0;0;0;0
20260612_0942;Adaptação_200;classification;AdaptiveRandomForest;Otimizado_33Features;classifier;classifier;classifier;N/A;N/A;N/A;2000;100;10;2900;0,0000;0,0000;0,0000;0,0000;0,0000;0,0000;0;0;0;0
20260612_0942;Adaptação_200;classification;AdaptiveRandomForest;Otimizado_33Features;classifier;classifier;classifier;N/A;N/A;N/A;2000;100;11;3000;0,0000;0,0000;0,0000;0,0000;0,0000;0,0000;0;0;0;0
20260612_0942;Adaptação_200;classification;AdaptiveRandomForest;Otimizado_33Features;classifier;classifier;classifier;N/A;N/A;N/A;2000;100;12;3100;0,0000;0,0000;0,0000;0,0000;0,0000;0,0000;0;0;0;0
20260612_0942;Adaptação_200;classification;AdaptiveRandomForest;Otimizado_33Features;classifier;classifier;classifier;N/A;N/A;N/A;2000;100;13;3200;0,0000;0,0000;0,0000;0,0000;0,0000;0,0000;0;0;0;0
20260612_0942;Adaptação_200;classification;AdaptiveRandomForest;Otimizado_33Features;classifier;classifier;classifier;N/A;N/A;N/A;2000;100;14;3300;0,0000;0,0000;0,0000;0,0000;0,0000;0,0000;0;0;0;0
20260612_0942;Adaptação_200;classification;AdaptiveRandomForest;Otimizado_33Features;classifier;classifier;classifier;N/A;N/A;N/A;2000;100;15;3400;0,0000;0,0000;0,0000;0,0000;0,0000;0,0000;0;0;0;0
20260612_0942;Adaptação_200;classification;AdaptiveRandomForest;Otimizado_33Features;classifier;classifier;classifier;N/A;N/A;N/A;2000;100;16;3500;0,0000;0,0000;0,0000;0,0000;0,0000;0,0000;0;0;0;0
20260612_0942;Adaptação_200;classification;AdaptiveRandomForest;Otimizado_33Features;classifier;classifier;classifier;N/A;N/A;N/A;2000;100;17;3600;0,0000;0,0000;0,0000;0,0000;0,0000;0,0000;0;0;0;0
20260612_0942;Adaptação_200;classification;AdaptiveRandomForest;Otimizado_33Features;classifier;classifier;classifier;N/A;N/A;N/A;2000;100;18;3700;0,0000;0,0000;0,0000;0,0000;0,0000;0,0000;0;0;0;0
20260612_0942;Adaptação_200;classification;AdaptiveRandomForest;Otimizado_33Features;classifier;classifier;classifier;N/A;N/A;N/A;2000;100;19;3800;95,7447;0,0000;100,0000;0,0000;91,8367;0,0000;0;0;4;0
20260612_0942;Adaptação_200;classification;AdaptiveRandomForest;Otimizado_33Features;classifier;classifier;classifier;N/A;N/A;N/A;2000;100;20;3900;99,0108;0,3005;98,0428;0,5901;100,0000;0,0000;2;1;0;0
20260612_0942;Adaptação_200;classification;AdaptiveRandomForest;Otimizado_33Features;classifier;classifier;classifier;N/A;N/A;N/A;2000;100;21;4000;97,5634;0,4847;95,2471;0,9222;100,0000;0,0000;3;1;0;0
20260612_0942;Adaptação_200;classification;AdaptiveRandomForest;Otimizado_33Features;classifier;classifier;classifier;N/A;N/A;N/A;2000;100;22;4100;0,0000;0,0000;0,0000;0,0000;0,0000;0,0000;0;0;0;0
20260612_0942;Adaptação_200;classification;AdaptiveRandomForest;Otimizado_33Features;classifier;classifier;classifier;N/A;N/A;N/A;2000;100;23;4200;0,0000;0,0000;0,0000;0,0000;0,0000;0,0000;1;0;0;0
20260612_0942;Adaptação_200;classification;AdaptiveRandomForest;Otimizado_33Features;classifier;classifier;classifier;N/A;N/A;N/A;2000;100;24;4300;0,0000;0,0000;0,0000;0,0000;0,0000;0,0000;0;0;0;0
20260612_0942;Adaptação_200;classification;AdaptiveRandomForest;Otimizado_33Features;classifier;classifier;classifier;N/A;N/A;N/A;2000;100;25;4400;0,0000;0,0000;0,0000;0,0000;0,0000;0,0000;0;0;0;0
20260612_0942;Adaptação_200;classification;AdaptiveRandomForest;Otimizado_33Features;classifier;classifier;classifier;N/A;N/A;N/A;2000;100;26;4500;0,0000;0,0000;0,0000;0,0000;0,0000;0,0000;0;0;0;0
20260612_0942;Adaptação_200;classification;AdaptiveRandomForest;Otimizado_33Features;classifier;classifier;classifier;N/A;N/A;N/A;2000;100;27;4600;0,0000;0,0000;0,0000;0,0000;0,0000;0,0000;0;0;0;0
20260612_0942;Adaptação_200;classification;AdaptiveRandomForest;Otimizado_33Features;classifier;classifier;classifier;N/A;N/A;N/A;2000;100;28;4700;0,0000;0,0000;0,0000;0,0000;0,0000;0,0000;0;0;0;0
20260612_0942;Adaptação_200;classification;AdaptiveRandomForest;Otimizado_33Features;classifier;classifier;classifier;N/A;N/A;N/A;2000;100;29;4800;0,0000;0,0000;0,0000;0,0000;0,0000;0,0000;1;1;0;0
20260612_0942;Adaptação_200;classification;AdaptiveRandomForest;Otimizado_33Features;classifier;classifier;classifier;N/A;N/A;N/A;2000;100;30;4900;0,0000;0,0000;0,0000;0,0000;0,0000;0,0000;0;0;0;0
20260612_0942;Adaptação_200;classification;AdaptiveRandomForest;Otimizado_33Features;classifier;classifier;classifier;N/A;N/A;N/A;2000;100;31;5000;0,0000;0,0000;0,0000;0,0000;0,0000;0,0000;0;0;0;0
20260612_0942;Adaptação_200;classification;AdaptiveRandomForest;Otimizado_33Features;classifier;classifier;classifier;N/A;N/A;N/A;2000;100;32;5100;0,0000;0,0000;0,0000;0,0000;0,0000;0,0000;0;0;0;0
20260612_0942;Adaptação_200;classification;AdaptiveRandomForest;Otimizado_33Features;classifier;classifier;classifier;N/A;N/A;N/A;2000;100;33;5200;0,0000;0,0000;0,0000;0,0000;0,0000;0,0000;0;0;0;0
20260612_0942;Adaptação_200;classification;AdaptiveRandomForest;Otimizado_33Features;classifier;classifier;classifier;N/A;N/A;N/A;2000;100;34;5300;0,0000;0,0000;0,0000;0,0000;0,0000;0,0000;0;0;0;0
20260612_0942;Adaptação_200;classification;AdaptiveRandomForest;Otimizado_33Features;classifier;classifier;classifier;N/A;N/A;N/A;2000;100;35;5400;0,0000;0,0000;0,0000;0,0000;0,0000;0,0000;0;0;0;0
20260612_0942;Adaptação_200;classification;AdaptiveRandomForest;Otimizado_33Features;classifier;classifier;classifier;N/A;N/A;N/A;2000;100;36;5500;0,0000;0,0000;0,0000;0,0000;0,0000;0,0000;0;0;0;0
20260612_0942;Adaptação_200;classification;AdaptiveRandomForest;Otimizado_33Features;classifier;classifier;classifier;N/A;N/A;N/A;2000;100;37;5600;0,0000;0,0000;0,0000;0,0000;0,0000;0,0000;0;0;0;0
20260612_0942;Adaptação_200;classification;AdaptiveRandomForest;Otimizado_33Features;classifier;classifier;classifier;N/A;N/A;N/A;2000;100;38;5700;0,0000;0,0000;0,0000;0,0000;0,0000;0,0000;0;0;0;0
20260612_0942;Adaptação_200;classification;AdaptiveRandomForest;Otimizado_33Features;classifier;classifier;classifier;N/A;N/A;N/A;2000;100;39;5800;0,0000;0,0000;0,0000;0,0000;0,0000;0,0000;0;0;0;0
20260612_0942;Adaptação_200;classification;AdaptiveRandomForest;Otimizado_33Features;classifier;classifier;classifier;N/A;N/A;N/A;2000;100;40;5900;0,0000;0,0000;0,0000;0,0000;0,0000;0,0000;0;0;0;0
20260612_0942;Adaptação_200;classification;AdaptiveRandomForest;Otimizado_33Features;classifier;classifier;classifier;N/A;N/A;N/A;2000;100;41;6000;0,0000;0,0000;0,0000;0,0000;0,0000;0,0000;0;0;0;0
20260612_0942;Adaptação_200;classification;AdaptiveRandomForest;Otimizado_33Features;classifier;classifier;classifier;N/A;N/A;N/A;2000;100;42;6100;0,0000;0,0000;0,0000;0,0000;0,0000;0,0000;0;0;0;0
20260612_0942;Adaptação_200;classification;AdaptiveRandomForest;Otimizado_33Features;classifier;classifier;classifier;N/A;N/A;N/A;2000;100;43;6200;0,0000;0,0000;0,0000;0,0000;0,0000;0,0000;0;0;0;0
20260612_0942;Adaptação_200;classification;AdaptiveRandomForest;Otimizado_33Features;classifier;classifier;classifier;N/A;N/A;N/A;2000;100;44;6300;0,0000;0,0000;0,0000;0,0000;0,0000;0,0000;0;0;0;0
20260612_0942;Adaptação_200;classification;AdaptiveRandomForest;Otimizado_33Features;classifier;classifier;classifier;N/A;N/A;N/A;2000;100;45;6400;0,0000;0,0000;0,0000;0,0000;0,0000;0,0000;0;0;0;0
20260612_0942;Adaptação_200;classification;AdaptiveRandomForest;Otimizado_33Features;classifier;classifier;classifier;N/A;N/A;N/A;2000;100;46;6500;0,0000;0,0000;0,0000;0,0000;0,0000;0,0000;0;0;0;0
20260612_0942;Adaptação_200;classification;AdaptiveRandomForest;Otimizado_33Features;classifier;classifier;classifier;N/A;N/A;N/A;2000;100;47;6600;0,0000;0,0000;0,0000;0,0000;0,0000;0,0000;0;0;0;0
20260612_0942;Adaptação_200;classification;AdaptiveRandomForest;Otimizado_33Features;classifier;classifier;classifier;N/A;N/A;N/A;2000;100;48;6700;0,0000;0,0000;0,0000;0,0000;0,0000;0,0000;0;0;0;0
20260612_0942;Adaptação_200;classification;AdaptiveRandomForest;Otimizado_33Features;classifier;classifier;classifier;N/A;N/A;N/A;2000;100;49;6800;0,0000;0,0000;0,0000;0,0000;0,0000;0,0000;0;0;0;0
20260612_0942;Adaptação_200;classification;AdaptiveRandomForest;Otimizado_33Features;classifier;classifier;classifier;N/A;N/A;N/A;2000;100;50;6900;0,0000;0,0000;0,0000;0,0000;0,0000;0,0000;0;0;0;0
20260612_0942;Adaptação_200;classification;AdaptiveRandomForest;Otimizado_33Features;classifier;classifier;classifier;N/A;N/A;N/A;2000;100;51;7000;0,0000;0,0000;0,0000;0,0000;0,0000;0,0000;0;0;0;0
20260612_0942;Adaptação_200;classification;AdaptiveRandomForest;Otimizado_33Features;classifier;classifier;classifier;N/A;N/A;N/A;2000;100;52;7100;0,0000;0,0000;0,0000;0,0000;0,0000;0,0000;0;0;0;0
20260612_0942;Adaptação_200;classification;AdaptiveRandomForest;Otimizado_33Features;classifier;classifier;classifier;N/A;N/A;N/A;2000;100;53;7200;0,0000;0,0000;0,0000;0,0000;0,0000;0,0000;0;0;0;0
20260612_0942;Adaptação_200;classification;AdaptiveRandomForest;Otimizado_33Features;classifier;classifier;classifier;N/A;N/A;N/A;2000;100;54;7300;0,0000;0,0000;0,0000;0,0000;0,0000;0,0000;0;0;0;0
20260612_0942;Adaptação_200;classification;AdaptiveRandomForest;Otimizado_33Features;classifier;classifier;classifier;N/A;N/A;N/A;2000;100;55;7400;0,0000;0,0000;0,0000;0,0000;0,0000;0,0000;0;0;0;0
20260612_0942;Adaptação_200;classification;AdaptiveRandomForest;Otimizado_33Features;classifier;classifier;classifier;N/A;N/A;N/A;2000;100;56;7500;0,0000;0,0000;0,0000;0,0000;0,0000;0,0000;0;0;0;0
20260612_0942;Adaptação_200;classification;AdaptiveRandomForest;Otimizado_33Features;classifier;classifier;classifier;N/A;N/A;N/A;2000;100;57;7600;0,0000;0,0000;0,0000;0,0000;0,0000;0,0000;0;0;0;0
20260612_0942;Adaptação_200;classification;AdaptiveRandomForest;Otimizado_33Features;classifier;classifier;classifier;N/A;N/A;N/A;2000;100;58;7700;0,0000;0,0000;0,0000;0,0000;0,0000;0,0000;0;0;1;0
20260612_0942;Adaptação_200;classification;AdaptiveRandomForest;Otimizado_33Features;classifier;classifier;classifier;N/A;N/A;N/A;2000;100;59;7800;93,9377;0,4289;100,0000;0,0000;88,5714;0,7636;0;0;12;1
20260612_0942;Adaptação_200;classification;AdaptiveRandomForest;Otimizado_33Features;classifier;classifier;classifier;N/A;N/A;N/A;2000;100;60;7900;99,4975;0,0000;99,0000;0,0000;100,0000;0,0000;1;0;0;0
20260612_0942;Adaptação_200;classification;AdaptiveRandomForest;Otimizado_33Features;classifier;classifier;classifier;N/A;N/A;N/A;2000;100;61;8000;0,0000;0,0000;0,0000;0,0000;0,0000;0,0000;3;1;0;0
20260612_0942;Adaptação_200;classification;AdaptiveRandomForest;Otimizado_33Features;classifier;classifier;classifier;N/A;N/A;N/A;2000;100;62;8100;0,0000;0,0000;0,0000;0,0000;0,0000;0,0000;0;0;0;0
20260612_0942;Adaptação_200;classification;AdaptiveRandomForest;Otimizado_33Features;classifier;classifier;classifier;N/A;N/A;N/A;2000;100;63;8200;0,0000;0,0000;0,0000;0,0000;0,0000;0,0000;0;0;0;0
20260612_0942;Adaptação_200;classification;AdaptiveRandomForest;Otimizado_33Features;classifier;classifier;classifier;N/A;N/A;N/A;2000;100;64;8300;0,0000;0,0000;0,0000;0,0000;0,0000;0,0000;0;0;0;0
20260612_0942;Adaptação_200;classification;AdaptiveRandomForest;Otimizado_33Features;classifier;classifier;classifier;N/A;N/A;N/A;2000;100;65;8400;0,0000;0,0000;0,0000;0,0000;0,0000;0,0000;0;0;0;0
20260612_0942;Adaptação_200;classification;AdaptiveRandomForest;Otimizado_33Features;classifier;classifier;classifier;N/A;N/A;N/A;2000;100;66;8500;0,0000;0,0000;0,0000;0,0000;0,0000;0,0000;0;0;0;0
20260612_0942;Adaptação_200;classification;AdaptiveRandomForest;Otimizado_33Features;classifier;classifier;classifier;N/A;N/A;N/A;2000;100;67;8600;0,0000;0,0000;0,0000;0,0000;0,0000;0,0000;0;0;0;0
20260612_0942;Adaptação_200;classification;AdaptiveRandomForest;Otimizado_33Features;classifier;classifier;classifier;N/A;N/A;N/A;2000;100;68;8700;0,0000;0,0000;0,0000;0,0000;0,0000;0,0000;0;0;0;0
20260612_0942;Adaptação_200;classification;AdaptiveRandomForest;Otimizado_33Features;classifier;classifier;classifier;N/A;N/A;N/A;2000;100;69;8800;0,0000;0,0000;0,0000;0,0000;0,0000;0,0000;0;0;0;0
20260612_0942;Adaptação_200;classification;AdaptiveRandomForest;Otimizado_33Features;classifier;classifier;classifier;N/A;N/A;N/A;2000;100;70;8900;0,0000;0,0000;0,0000;0,0000;0,0000;0,0000;0;0;0;0
20260612_0942;Adaptação_200;classification;AdaptiveRandomForest;Otimizado_33Features;classifier;classifier;classifier;N/A;N/A;N/A;2000;100;71;9000;0,0000;0,0000;0,0000;0,0000;0,0000;0,0000;0;0;0;0
20260612_0942;Adaptação_200;classification;AdaptiveRandomForest;Otimizado_33Features;classifier;classifier;classifier;N/A;N/A;N/A;2000;100;72;9100;0,0000;0,0000;0,0000;0,0000;0,0000;0,0000;0;0;0;0
20260612_0942;Adaptação_200;classification;AdaptiveRandomForest;Otimizado_33Features;classifier;classifier;classifier;N/A;N/A;N/A;2000;100;73;9200;0,0000;0,0000;0,0000;0,0000;0,0000;0,0000;0;0;0;0
20260612_0942;Adaptação_200;classification;AdaptiveRandomForest;Otimizado_33Features;classifier;classifier;classifier;N/A;N/A;N/A;2000;100;74;9300;0,0000;0,0000;0,0000;0,0000;0,0000;0,0000;0;0;0;0
20260612_0942;Adaptação_200;classification;AdaptiveRandomForest;Otimizado_33Features;classifier;classifier;classifier;N/A;N/A;N/A;2000;100;75;9400;0,0000;0,0000;0,0000;0,0000;0,0000;0,0000;0;0;0;0
20260612_0942;Adaptação_200;classification;AdaptiveRandomForest;Otimizado_33Features;classifier;classifier;classifier;N/A;N/A;N/A;2000;100;76;9500;0,0000;0,0000;0,0000;0,0000;0,0000;0,0000;0;0;0;0
20260612_0942;Adaptação_200;classification;AdaptiveRandomForest;Otimizado_33Features;classifier;classifier;classifier;N/A;N/A;N/A;2000;100;77;9600;0,0000;0,0000;0,0000;0,0000;0,0000;0,0000;0;0;0;0
20260612_0942;Adaptação_200;classification;AdaptiveRandomForest;Otimizado_33Features;classifier;classifier;classifier;N/A;N/A;N/A;2000;100;78;9700;0,0000;0,0000;0,0000;0,0000;0,0000;0,0000;0;0;0;0
20260612_0942;Adaptação_200;classification;AdaptiveRandomForest;Otimizado_33Features;classifier;classifier;classifier;N/A;N/A;N/A;2000;100;79;9800;0,0000;0,0000;0,0000;0,0000;0,0000;0,0000;0;0;0;0
20260612_0942;Adaptação_200;classification;AdaptiveRandomForest;Otimizado_33Features;classifier;classifier;classifier;N/A;N/A;N/A;2000;100;80;9900;0,0000;0,0000;0,0000;0,0000;0,0000;0,0000;0;0;0;0
20260612_0942;Adaptação_200;classification;AdaptiveRandomForest;Otimizado_33Features;classifier;classifier;classifier;N/A;N/A;N/A;2000;100;81;10000;0,0000;0,0000;0,0000;0,0000;0,0000;0,0000;0;0;0;0
20260612_0942;Adaptação_200;classification;AdaptiveRandomForest;Otimizado_33Features;classifier;classifier;classifier;N/A;N/A;N/A;2000;100;82;10100;0,0000;0,0000;0,0000;0,0000;0,0000;0,0000;0;0;0;0
20260612_0942;Adaptação_200;classification;AdaptiveRandomForest;Otimizado_33Features;classifier;classifier;classifier;N/A;N/A;N/A;2000;100;83;10200;0,0000;0,0000;0,0000;0,0000;0,0000;0,0000;0;0;0;0
20260612_0942;Adaptação_200;classification;AdaptiveRandomForest;Otimizado_33Features;classifier;classifier;classifier;N/A;N/A;N/A;2000;100;84;10300;0,0000;0,0000;0,0000;0,0000;0,0000;0,0000;0;0;0;0
20260612_0942;Adaptação_200;classification;AdaptiveRandomForest;Otimizado_33Features;classifier;classifier;classifier;N/A;N/A;N/A;2000;100;85;10400;0,0000;0,0000;0,0000;0,0000;0,0000;0,0000;0;0;0;0
20260612_0942;Adaptação_200;classification;AdaptiveRandomForest;Otimizado_33Features;classifier;classifier;classifier;N/A;N/A;N/A;2000;100;86;10500;0,0000;0,0000;0,0000;0,0000;0,0000;0,0000;0;0;0;0
20260612_0942;Adaptação_200;classification;AdaptiveRandomForest;Otimizado_33Features;classifier;classifier;classifier;N/A;N/A;N/A;2000;100;87;10600;0,0000;0,0000;0,0000;0,0000;0,0000;0,0000;0;0;0;0
20260612_0942;Adaptação_200;classification;AdaptiveRandomForest;Otimizado_33Features;classifier;classifier;classifier;N/A;N/A;N/A;2000;100;88;10700;0,0000;0,0000;0,0000;0,0000;0,0000;0,0000;0;0;0;0
20260612_0942;Adaptação_200;classification;AdaptiveRandomForest;Otimizado_33Features;classifier;classifier;classifier;N/A;N/A;N/A;2000;100;89;10800;0,0000;0,0000;0,0000;0,0000;0,0000;0,0000;0;0;0;0
20260612_0942;Adaptação_200;classification;AdaptiveRandomForest;Otimizado_33Features;classifier;classifier;classifier;N/A;N/A;N/A;2000;100;90;10900;0,0000;0,0000;0,0000;0,0000;0,0000;0,0000;0;0;0;0
20260612_0942;Adaptação_200;classification;AdaptiveRandomForest;Otimizado_33Features;classifier;classifier;classifier;N/A;N/A;N/A;2000;100;91;11000;0,0000;0,0000;0,0000;0,0000;0,0000;0,0000;0;0;0;0
20260612_0942;Adaptação_200;classification;AdaptiveRandomForest;Otimizado_33Features;classifier;classifier;classifier;N/A;N/A;N/A;2000;100;92;11100;0,0000;0,0000;0,0000;0,0000;0,0000;0,0000;0;0;0;0
20260612_0942;Adaptação_200;classification;AdaptiveRandomForest;Otimizado_33Features;classifier;classifier;classifier;N/A;N/A;N/A;2000;100;93;11200;0,0000;0,0000;0,0000;0,0000;0,0000;0,0000;0;0;0;0
20260612_0942;Adaptação_200;classification;AdaptiveRandomForest;Otimizado_33Features;classifier;classifier;classifier;N/A;N/A;N/A;2000;100;94;11300;0,0000;0,0000;0,0000;0,0000;0,0000;0,0000;0;0;0;0
20260612_0942;Adaptação_200;classification;AdaptiveRandomForest;Otimizado_33Features;classifier;classifier;classifier;N/A;N/A;N/A;2000;100;95;11400;0,0000;0,0000;0,0000;0,0000;0,0000;0,0000;0;0;0;0
20260612_0942;Adaptação_200;classification;AdaptiveRandomForest;Otimizado_33Features;classifier;classifier;classifier;N/A;N/A;N/A;2000;100;96;11500;0,0000;0,0000;0,0000;0,0000;0,0000;0,0000;0;0;0;0
20260612_0942;Adaptação_200;classification;AdaptiveRandomForest;Otimizado_33Features;classifier;classifier;classifier;N/A;N/A;N/A;2000;100;97;11600;0,0000;0,0000;0,0000;0,0000;0,0000;0,0000;0;0;0;0
20260612_0942;Adaptação_200;classification;AdaptiveRandomForest;Otimizado_33Features;classifier;classifier;classifier;N/A;N/A;N/A;2000;100;98;11700;98,7838;0,4123;100,0000;0,0000;97,6000;0,8000;0;0;2;1
20260612_0942;Adaptação_200;classification;AdaptiveRandomForest;Otimizado_33Features;classifier;classifier;classifier;N/A;N/A;N/A;2000;100;99;11800;99,6859;0,2565;100,0000;0,0000;99,3750;0,5103;0;0;1;1
20260612_0942;Adaptação_200;classification;AdaptiveRandomForest;Otimizado_33Features;classifier;classifier;classifier;N/A;N/A;N/A;2000;100;100;11900;98,9691;0,0000;100,0000;0,0000;97,9592;0,0000;0;0;1;0
20260612_0942;Adaptação_200;classification;AdaptiveRandomForest;Otimizado_33Features;classifier;classifier;classifier;N/A;N/A;N/A;2000;100;101;12000;0,0000;0,0000;0,0000;0,0000;0,0000;0,0000;0;0;0;0
20260612_0942;Adaptação_200;classification;AdaptiveRandomForest;Otimizado_33Features;classifier;classifier;classifier;N/A;N/A;N/A;2000;100;102;12100;0,0000;0,0000;0,0000;0,0000;0,0000;0,0000;0;0;0;0
20260612_0942;Adaptação_200;classification;AdaptiveRandomForest;Otimizado_33Features;classifier;classifier;classifier;N/A;N/A;N/A;2000;100;103;12200;0,0000;0,0000;0,0000;0,0000;0,0000;0,0000;0;0;0;0
20260612_0942;Adaptação_200;classification;AdaptiveRandomForest;Otimizado_33Features;classifier;classifier;classifier;N/A;N/A;N/A;2000;100;104;12300;0,0000;0,0000;0,0000;0,0000;0,0000;0,0000;0;0;0;0
20260612_0942;Adaptação_200;classification;AdaptiveRandomForest;Otimizado_33Features;classifier;classifier;classifier;N/A;N/A;N/A;2000;100;105;12400;0,0000;0,0000;0,0000;0,0000;0,0000;0,0000;0;0;0;0
20260612_0942;Adaptação_200;classification;AdaptiveRandomForest;Otimizado_33Features;classifier;classifier;classifier;N/A;N/A;N/A;2000;100;106;12500;0,0000;0,0000;0,0000;0,0000;0,0000;0,0000;0;0;0;0
20260612_0942;Adaptação_200;classification;AdaptiveRandomForest;Otimizado_33Features;classifier;classifier;classifier;N/A;N/A;N/A;2000;100;107;12600;0,0000;0,0000;0,0000;0,0000;0,0000;0,0000;0;0;0;0
20260612_0942;Adaptação_200;classification;AdaptiveRandomForest;Otimizado_33Features;classifier;classifier;classifier;N/A;N/A;N/A;2000;100;108;12700;0,0000;0,0000;0,0000;0,0000;0,0000;0,0000;0;0;0;0
20260612_0942;Adaptação_200;classification;AdaptiveRandomForest;Otimizado_33Features;classifier;classifier;classifier;N/A;N/A;N/A;2000;100;109;12800;0,0000;0,0000;0,0000;0,0000;0,0000;0,0000;0;0;0;0
20260612_0942;Adaptação_200;classification;AdaptiveRandomForest;Otimizado_33Features;classifier;classifier;classifier;N/A;N/A;N/A;2000;100;110;12900;0,0000;0,0000;0,0000;0,0000;0,0000;0,0000;0;0;0;0
20260612_0942;Adaptação_200;classification;AdaptiveRandomForest;Otimizado_33Features;classifier;classifier;classifier;N/A;N/A;N/A;2000;100;111;13000;0,0000;0,0000;0,0000;0,0000;0,0000;0,0000;0;0;0;0
20260612_0942;Adaptação_200;classification;AdaptiveRandomForest;Otimizado_33Features;classifier;classifier;classifier;N/A;N/A;N/A;2000;100;112;13100;0,0000;0,0000;0,0000;0,0000;0,0000;0,0000;0;0;0;0
20260612_0942;Adaptação_200;classification;AdaptiveRandomForest;Otimizado_33Features;classifier;classifier;classifier;N/A;N/A;N/A;2000;100;113;13200;0,0000;0,0000;0,0000;0,0000;0,0000;0,0000;0;0;0;0
20260612_0942;Adaptação_200;classification;AdaptiveRandomForest;Otimizado_33Features;classifier;classifier;classifier;N/A;N/A;N/A;2000;100;114;13300;0,0000;0,0000;0,0000;0,0000;0,0000;0,0000;0;0;0;0
20260612_0942;Adaptação_200;classification;AdaptiveRandomForest;Otimizado_33Features;classifier;classifier;classifier;N/A;N/A;N/A;2000;100;115;13400;0,0000;0,0000;0,0000;0,0000;0,0000;0,0000;0;0;0;0
20260612_0942;Adaptação_200;classification;AdaptiveRandomForest;Otimizado_33Features;classifier;classifier;classifier;N/A;N/A;N/A;2000;100;116;13500;0,0000;0,0000;0,0000;0,0000;0,0000;0,0000;0;0;0;0
20260612_0942;Adaptação_200;classification;AdaptiveRandomForest;Otimizado_33Features;classifier;classifier;classifier;N/A;N/A;N/A;2000;100;117;13600;0,0000;0,0000;0,0000;0,0000;0,0000;0,0000;0;0;0;0
20260612_0942;Adaptação_200;classification;AdaptiveRandomForest;Otimizado_33Features;classifier;classifier;classifier;N/A;N/A;N/A;2000;100;118;13700;0,0000;0,0000;0,0000;0,0000;0,0000;0,0000;0;0;0;0
20260612_0942;Adaptação_200;classification;AdaptiveRandomForest;Otimizado_33Features;classifier;classifier;classifier;N/A;N/A;N/A;2000;100;119;13800;0,0000;0,0000;0,0000;0,0000;0,0000;0,0000;0;0;0;0
20260612_0942;Adaptação_200;classification;AdaptiveRandomForest;Otimizado_33Features;classifier;classifier;classifier;N/A;N/A;N/A;2000;100;120;13900;0,0000;0,0000;0,0000;0,0000;0,0000;0,0000;0;0;0;0
20260612_0942;Adaptação_200;classification;AdaptiveRandomForest;Otimizado_33Features;classifier;classifier;classifier;N/A;N/A;N/A;2000;100;121;14000;0,0000;0,0000;0,0000;0,0000;0,0000;0,0000;0;0;0;0
20260612_0942;Adaptação_200;classification;AdaptiveRandomForest;Otimizado_33Features;classifier;classifier;classifier;N/A;N/A;N/A;2000;100;122;14100;0,0000;0,0000;0,0000;0,0000;0,0000;0,0000;0;0;0;0
20260612_0942;Adaptação_200;classification;AdaptiveRandomForest;Otimizado_33Features;classifier;classifier;classifier;N/A;N/A;N/A;2000;100;123;14200;0,0000;0,0000;0,0000;0,0000;0,0000;0,0000;0;0;0;0
20260612_0942;Adaptação_200;classification;AdaptiveRandomForest;Otimizado_33Features;classifier;classifier;classifier;N/A;N/A;N/A;2000;100;124;14300;0,0000;0,0000;0,0000;0,0000;0,0000;0,0000;0;0;0;0
20260612_0942;Adaptação_200;classification;AdaptiveRandomForest;Otimizado_33Features;classifier;classifier;classifier;N/A;N/A;N/A;2000;100;125;14400;0,0000;0,0000;0,0000;0,0000;0,0000;0,0000;0;0;0;0
20260612_0942;Adaptação_200;classification;AdaptiveRandomForest;Otimizado_33Features;classifier;classifier;classifier;N/A;N/A;N/A;2000;100;126;14500;0,0000;0,0000;0,0000;0,0000;0,0000;0,0000;0;0;0;0
20260612_0942;Adaptação_200;classification;AdaptiveRandomForest;Otimizado_33Features;classifier;classifier;classifier;N/A;N/A;N/A;2000;100;127;14600;0,0000;0,0000;0,0000;0,0000;0,0000;0,0000;0;0;0;0
20260612_0942;Adaptação_200;classification;AdaptiveRandomForest;Otimizado_33Features;classifier;classifier;classifier;N/A;N/A;N/A;2000;100;128;14700;0,0000;0,0000;0,0000;0,0000;0,0000;0,0000;0;0;0;0
20260612_0942;Adaptação_200;classification;AdaptiveRandomForest;Otimizado_33Features;classifier;classifier;classifier;N/A;N/A;N/A;2000;100;129;14800;0,0000;0,0000;0,0000;0,0000;0,0000;0,0000;0;0;0;0
20260612_0942;Adaptação_200;classification;AdaptiveRandomForest;Otimizado_33Features;classifier;classifier;classifier;N/A;N/A;N/A;2000;100;130;14900;0,0000;0,0000;0,0000;0,0000;0,0000;0,0000;0;0;0;0
20260612_0942;Adaptação_200;classification;AdaptiveRandomForest;Otimizado_33Features;classifier;classifier;classifier;N/A;N/A;N/A;2000;100;131;15000;0,0000;0,0000;0,0000;0,0000;0,0000;0,0000;0;0;0;0
20260612_0942;Adaptação_200;classification;AdaptiveRandomForest;Otimizado_33Features;classifier;classifier;classifier;N/A;N/A;N/A;2000;100;132;15100;0,0000;0,0000;0,0000;0,0000;0,0000;0,0000;0;0;0;0
20260612_0942;Adaptação_200;classification;AdaptiveRandomForest;Otimizado_33Features;classifier;classifier;classifier;N/A;N/A;N/A;2000;100;133;15200;0,0000;0,0000;0,0000;0,0000;0,0000;0,0000;0;0;0;0
20260612_0942;Adaptação_200;classification;AdaptiveRandomForest;Otimizado_33Features;classifier;classifier;classifier;N/A;N/A;N/A;2000;100;134;15300;0,0000;0,0000;0,0000;0,0000;0,0000;0,0000;0;0;0;0
20260612_0942;Adaptação_200;classification;AdaptiveRandomForest;Otimizado_33Features;classifier;classifier;classifier;N/A;N/A;N/A;2000;100;135;15400;0,0000;0,0000;0,0000;0,0000;0,0000;0,0000;0;0;0;0
20260612_0942;Adaptação_200;classification;AdaptiveRandomForest;Otimizado_33Features;classifier;classifier;classifier;N/A;N/A;N/A;2000;100;136;15500;0,0000;0,0000;0,0000;0,0000;0,0000;0,0000;0;0;0;0
20260612_0942;Adaptação_1000;classification;AdaptiveRandomForest;Otimizado_33Features;classifier;classifier;classifier;N/A;N/A;N/A;2000;100;1;2000;0,0000;0,0000;0,0000;0,0000;0,0000;0,0000;0;0;0;0
20260612_0942;Adaptação_1000;classification;AdaptiveRandomForest;Otimizado_33Features;classifier;classifier;classifier;N/A;N/A;N/A;2000;100;2;2100;0,0000;0,0000;0,0000;0,0000;0,0000;0,0000;0;0;0;0
20260612_0942;Adaptação_1000;classification;AdaptiveRandomForest;Otimizado_33Features;classifier;classifier;classifier;N/A;N/A;N/A;2000;100;3;2200;0,0000;0,0000;0,0000;0,0000;0,0000;0,0000;0;0;0;0
20260612_0942;Adaptação_1000;classification;AdaptiveRandomForest;Otimizado_33Features;classifier;classifier;classifier;N/A;N/A;N/A;2000;100;4;2300;0,0000;0,0000;0,0000;0,0000;0,0000;0,0000;0;0;0;0
20260612_0942;Adaptação_1000;classification;AdaptiveRandomForest;Otimizado_33Features;classifier;classifier;classifier;N/A;N/A;N/A;2000;100;5;2400;0,0000;0,0000;0,0000;0,0000;0,0000;0,0000;0;0;0;0
20260612_0942;Adaptação_1000;classification;AdaptiveRandomForest;Otimizado_33Features;classifier;classifier;classifier;N/A;N/A;N/A;2000;100;6;2500;0,0000;0,0000;0,0000;0,0000;0,0000;0,0000;0;0;0;0
20260612_0942;Adaptação_1000;classification;AdaptiveRandomForest;Otimizado_33Features;classifier;classifier;classifier;N/A;N/A;N/A;2000;100;7;2600;0,0000;0,0000;0,0000;0,0000;0,0000;0,0000;0;0;0;0
20260612_0942;Adaptação_1000;classification;AdaptiveRandomForest;Otimizado_33Features;classifier;classifier;classifier;N/A;N/A;N/A;2000;100;8;2700;0,0000;0,0000;0,0000;0,0000;0,0000;0,0000;0;0;0;0
20260612_0942;Adaptação_1000;classification;AdaptiveRandomForest;Otimizado_33Features;classifier;classifier;classifier;N/A;N/A;N/A;2000;100;9;2800;0,0000;0,0000;0,0000;0,0000;0,0000;0,0000;0;0;0;0
20260612_0942;Adaptação_1000;classification;AdaptiveRandomForest;Otimizado_33Features;classifier;classifier;classifier;N/A;N/A;N/A;2000;100;10;2900;0,0000;0,0000;0,0000;0,0000;0,0000;0,0000;0;0;0;0
20260612_0942;Adaptação_1000;classification;AdaptiveRandomForest;Otimizado_33Features;classifier;classifier;classifier;N/A;N/A;N/A;2000;100;11;3000;0,0000;0,0000;0,0000;0,0000;0,0000;0,0000;0;0;0;0
20260612_0942;Adaptação_1000;classification;AdaptiveRandomForest;Otimizado_33Features;classifier;classifier;classifier;N/A;N/A;N/A;2000;100;12;3100;0,0000;0,0000;0,0000;0,0000;0,0000;0,0000;0;0;0;0
20260612_0942;Adaptação_1000;classification;AdaptiveRandomForest;Otimizado_33Features;classifier;classifier;classifier;N/A;N/A;N/A;2000;100;13;3200;0,0000;0,0000;0,0000;0,0000;0,0000;0,0000;0;0;0;0
20260612_0942;Adaptação_1000;classification;AdaptiveRandomForest;Otimizado_33Features;classifier;classifier;classifier;N/A;N/A;N/A;2000;100;14;3300;0,0000;0,0000;0,0000;0,0000;0,0000;0,0000;0;0;0;0
20260612_0942;Adaptação_1000;classification;AdaptiveRandomForest;Otimizado_33Features;classifier;classifier;classifier;N/A;N/A;N/A;2000;100;15;3400;0,0000;0,0000;0,0000;0,0000;0,0000;0,0000;0;0;0;0
20260612_0942;Adaptação_1000;classification;AdaptiveRandomForest;Otimizado_33Features;classifier;classifier;classifier;N/A;N/A;N/A;2000;100;16;3500;0,0000;0,0000;0,0000;0,0000;0,0000;0,0000;0;0;0;0
20260612_0942;Adaptação_1000;classification;AdaptiveRandomForest;Otimizado_33Features;classifier;classifier;classifier;N/A;N/A;N/A;2000;100;17;3600;0,0000;0,0000;0,0000;0,0000;0,0000;0,0000;0;0;0;0
20260612_0942;Adaptação_1000;classification;AdaptiveRandomForest;Otimizado_33Features;classifier;classifier;classifier;N/A;N/A;N/A;2000;100;18;3700;0,0000;0,0000;0,0000;0,0000;0,0000;0,0000;0;0;0;0
20260612_0942;Adaptação_1000;classification;AdaptiveRandomForest;Otimizado_33Features;classifier;classifier;classifier;N/A;N/A;N/A;2000;100;19;3800;95,7447;0,0000;100,0000;0,0000;91,8367;0,0000;0;0;4;0
20260612_0942;Adaptação_1000;classification;AdaptiveRandomForest;Otimizado_33Features;classifier;classifier;classifier;N/A;N/A;N/A;2000;100;20;3900;97,0581;0,4608;95,2002;0,7118;99,0000;0,9354;4;1;1;1
20260612_0942;Adaptação_1000;classification;AdaptiveRandomForest;Otimizado_33Features;classifier;classifier;classifier;N/A;N/A;N/A;2000;100;21;4000;99,7949;0,2512;100,0000;0,0000;99,5918;0,4999;0;0;1;1
20260612_0942;Adaptação_1000;classification;AdaptiveRandomForest;Otimizado_33Features;classifier;classifier;classifier;N/A;N/A;N/A;2000;100;22;4100;97,9592;0,0000;96,0000;0,0000;100,0000;0,0000;4;0;0;0
20260612_0942;Adaptação_1000;classification;AdaptiveRandomForest;Otimizado_33Features;classifier;classifier;classifier;N/A;N/A;N/A;2000;100;23;4200;100,0000;0,0000;100,0000;0,0000;100,0000;0,0000;0;0;0;0
20260612_0942;Adaptação_1000;classification;AdaptiveRandomForest;Otimizado_33Features;classifier;classifier;classifier;N/A;N/A;N/A;2000;100;24;4300;95,5986;0,9942;92,8951;1,8776;98,4848;0,0000;5;2;1;0
20260612_0942;Adaptação_1000;classification;AdaptiveRandomForest;Otimizado_33Features;classifier;classifier;classifier;N/A;N/A;N/A;2000;100;25;4400;92,1884;0,9441;92,3036;2,8417;92,1739;1,7391;2;1;2;1
20260612_0942;Adaptação_1000;classification;AdaptiveRandomForest;Otimizado_33Features;classifier;classifier;classifier;N/A;N/A;N/A;2000;100;26;4500;91,6239;5,7225;96,6667;4,0825;87,1429;6,9985;1;1;2;1
20260612_0942;Adaptação_1000;classification;AdaptiveRandomForest;Otimizado_33Features;classifier;classifier;classifier;N/A;N/A;N/A;2000;100;27;4600;99,5266;0,2367;100,0000;0,0000;99,0588;0,4706;0;0;1;1
20260612_0942;Adaptação_1000;classification;AdaptiveRandomForest;Otimizado_33Features;classifier;classifier;classifier;N/A;N/A;N/A;2000;100;28;4700;86,7865;3,2827;76,8105;5,2817;100,0000;0,0000;4;2;0;0
20260612_0942;Adaptação_1000;classification;AdaptiveRandomForest;Otimizado_33Features;classifier;classifier;classifier;N/A;N/A;N/A;2000;100;29;4800;100,0000;0,0000;100,0000;0,0000;100,0000;0,0000;0;0;0;0
20260612_0942;Adaptação_1000;classification;AdaptiveRandomForest;Otimizado_33Features;classifier;classifier;classifier;N/A;N/A;N/A;2000;100;30;4900;0,0000;0,0000;0,0000;0,0000;0,0000;0,0000;0;0;0;0
20260612_0942;Adaptação_1000;classification;AdaptiveRandomForest;Otimizado_33Features;classifier;classifier;classifier;N/A;N/A;N/A;2000;100;31;5000;0,0000;0,0000;0,0000;0,0000;0,0000;0,0000;1;0;0;0
20260612_0942;Adaptação_1000;classification;AdaptiveRandomForest;Otimizado_33Features;classifier;classifier;classifier;N/A;N/A;N/A;2000;100;32;5100;0,0000;0,0000;0,0000;0,0000;0,0000;0,0000;1;1;0;0
20260612_0942;Adaptação_1000;classification;AdaptiveRandomForest;Otimizado_33Features;classifier;classifier;classifier;N/A;N/A;N/A;2000;100;33;5200;0,0000;0,0000;0,0000;0,0000;0,0000;0,0000;0;0;0;0
20260612_0942;Adaptação_1000;classification;AdaptiveRandomForest;Otimizado_33Features;classifier;classifier;classifier;N/A;N/A;N/A;2000;100;34;5300;0,0000;0,0000;0,0000;0,0000;0,0000;0,0000;0;0;0;0
20260612_0942;Adaptação_1000;classification;AdaptiveRandomForest;Otimizado_33Features;classifier;classifier;classifier;N/A;N/A;N/A;2000;100;35;5400;0,0000;0,0000;0,0000;0,0000;0,0000;0,0000;1;1;0;0
20260612_0942;Adaptação_1000;classification;AdaptiveRandomForest;Otimizado_33Features;classifier;classifier;classifier;N/A;N/A;N/A;2000;100;36;5500;0,0000;0,0000;0,0000;0,0000;0,0000;0,0000;0;0;0;0
20260612_0942;Adaptação_1000;classification;AdaptiveRandomForest;Otimizado_33Features;classifier;classifier;classifier;N/A;N/A;N/A;2000;100;37;5600;0,0000;0,0000;0,0000;0,0000;0,0000;0,0000;2;1;0;0
20260612_0942;Adaptação_1000;classification;AdaptiveRandomForest;Otimizado_33Features;classifier;classifier;classifier;N/A;N/A;N/A;2000;100;38;5700;0,0000;0,0000;0,0000;0,0000;0,0000;0,0000;1;1;0;0
20260612_0942;Adaptação_1000;classification;AdaptiveRandomForest;Otimizado_33Features;classifier;classifier;classifier;N/A;N/A;N/A;2000;100;39;5800;0,0000;0,0000;0,0000;0,0000;0,0000;0,0000;0;0;0;0
20260612_0942;Adaptação_1000;classification;AdaptiveRandomForest;Otimizado_33Features;classifier;classifier;classifier;N/A;N/A;N/A;2000;100;40;5900;0,0000;0,0000;0,0000;0,0000;0,0000;0,0000;1;1;0;0
20260612_0942;Adaptação_1000;classification;AdaptiveRandomForest;Otimizado_33Features;classifier;classifier;classifier;N/A;N/A;N/A;2000;100;41;6000;0,0000;0,0000;0,0000;0,0000;0,0000;0,0000;0;0;0;0
20260612_0942;Adaptação_1000;classification;AdaptiveRandomForest;Otimizado_33Features;classifier;classifier;classifier;N/A;N/A;N/A;2000;100;42;6100;0,0000;0,0000;0,0000;0,0000;0,0000;0,0000;0;0;0;0
20260612_0942;Adaptação_1000;classification;AdaptiveRandomForest;Otimizado_33Features;classifier;classifier;classifier;N/A;N/A;N/A;2000;100;43;6200;0,0000;0,0000;0,0000;0,0000;0,0000;0,0000;0;0;0;0
20260612_0942;Adaptação_1000;classification;AdaptiveRandomForest;Otimizado_33Features;classifier;classifier;classifier;N/A;N/A;N/A;2000;100;44;6300;0,0000;0,0000;0,0000;0,0000;0,0000;0,0000;0;0;0;0
20260612_0942;Adaptação_1000;classification;AdaptiveRandomForest;Otimizado_33Features;classifier;classifier;classifier;N/A;N/A;N/A;2000;100;45;6400;0,0000;0,0000;0,0000;0,0000;0,0000;0,0000;0;0;0;0
20260612_0942;Adaptação_1000;classification;AdaptiveRandomForest;Otimizado_33Features;classifier;classifier;classifier;N/A;N/A;N/A;2000;100;46;6500;0,0000;0,0000;0,0000;0,0000;0,0000;0,0000;0;0;0;0
20260612_0942;Adaptação_1000;classification;AdaptiveRandomForest;Otimizado_33Features;classifier;classifier;classifier;N/A;N/A;N/A;2000;100;47;6600;0,0000;0,0000;0,0000;0,0000;0,0000;0,0000;0;0;0;0
20260612_0942;Adaptação_1000;classification;AdaptiveRandomForest;Otimizado_33Features;classifier;classifier;classifier;N/A;N/A;N/A;2000;100;48;6700;0,0000;0,0000;0,0000;0,0000;0,0000;0,0000;0;0;0;0
20260612_0942;Adaptação_1000;classification;AdaptiveRandomForest;Otimizado_33Features;classifier;classifier;classifier;N/A;N/A;N/A;2000;100;49;6800;0,0000;0,0000;0,0000;0,0000;0,0000;0,0000;0;0;0;0
20260612_0942;Adaptação_1000;classification;AdaptiveRandomForest;Otimizado_33Features;classifier;classifier;classifier;N/A;N/A;N/A;2000;100;50;6900;0,0000;0,0000;0,0000;0,0000;0,0000;0,0000;0;0;0;0
20260612_0942;Adaptação_1000;classification;AdaptiveRandomForest;Otimizado_33Features;classifier;classifier;classifier;N/A;N/A;N/A;2000;100;51;7000;0,0000;0,0000;0,0000;0,0000;0,0000;0,0000;0;0;0;0
20260612_0942;Adaptação_1000;classification;AdaptiveRandomForest;Otimizado_33Features;classifier;classifier;classifier;N/A;N/A;N/A;2000;100;52;7100;0,0000;0,0000;0,0000;0,0000;0,0000;0,0000;0;0;0;0
20260612_0942;Adaptação_1000;classification;AdaptiveRandomForest;Otimizado_33Features;classifier;classifier;classifier;N/A;N/A;N/A;2000;100;53;7200;0,0000;0,0000;0,0000;0,0000;0,0000;0,0000;0;0;0;0
20260612_0942;Adaptação_1000;classification;AdaptiveRandomForest;Otimizado_33Features;classifier;classifier;classifier;N/A;N/A;N/A;2000;100;54;7300;0,0000;0,0000;0,0000;0,0000;0,0000;0,0000;0;0;0;0
20260612_0942;Adaptação_1000;classification;AdaptiveRandomForest;Otimizado_33Features;classifier;classifier;classifier;N/A;N/A;N/A;2000;100;55;7400;0,0000;0,0000;0,0000;0,0000;0,0000;0,0000;0;0;0;0
20260612_0942;Adaptação_1000;classification;AdaptiveRandomForest;Otimizado_33Features;classifier;classifier;classifier;N/A;N/A;N/A;2000;100;56;7500;0,0000;0,0000;0,0000;0,0000;0,0000;0,0000;0;0;0;0
20260612_0942;Adaptação_1000;classification;AdaptiveRandomForest;Otimizado_33Features;classifier;classifier;classifier;N/A;N/A;N/A;2000;100;57;7600;0,0000;0,0000;0,0000;0,0000;0,0000;0,0000;0;0;0;0
20260612_0942;Adaptação_1000;classification;AdaptiveRandomForest;Otimizado_33Features;classifier;classifier;classifier;N/A;N/A;N/A;2000;100;58;7700;0,0000;0,0000;0,0000;0,0000;0,0000;0,0000;0;0;0;0
20260612_0942;Adaptação_1000;classification;AdaptiveRandomForest;Otimizado_33Features;classifier;classifier;classifier;N/A;N/A;N/A;2000;100;59;7800;0,0000;0,0000;0,0000;0,0000;0,0000;0,0000;0;0;0;0
20260612_0942;Adaptação_1000;classification;AdaptiveRandomForest;Otimizado_33Features;classifier;classifier;classifier;N/A;N/A;N/A;2000;100;60;7900;0,0000;0,0000;0,0000;0,0000;0,0000;0,0000;0;0;0;0
20260612_0942;Adaptação_1000;classification;AdaptiveRandomForest;Otimizado_33Features;classifier;classifier;classifier;N/A;N/A;N/A;2000;100;61;8000;0,0000;0,0000;0,0000;0,0000;0,0000;0,0000;0;0;0;0
20260612_0942;Adaptação_1000;classification;AdaptiveRandomForest;Otimizado_33Features;classifier;classifier;classifier;N/A;N/A;N/A;2000;100;62;8100;0,0000;0,0000;0,0000;0,0000;0,0000;0,0000;0;0;0;0
20260612_0942;Adaptação_1000;classification;AdaptiveRandomForest;Otimizado_33Features;classifier;classifier;classifier;N/A;N/A;N/A;2000;100;63;8200;0,0000;0,0000;0,0000;0,0000;0,0000;0,0000;0;0;0;0
20260612_0942;Adaptação_1000;classification;AdaptiveRandomForest;Otimizado_33Features;classifier;classifier;classifier;N/A;N/A;N/A;2000;100;64;8300;0,0000;0,0000;0,0000;0,0000;0,0000;0,0000;0;0;0;0
20260612_0942;Adaptação_1000;classification;AdaptiveRandomForest;Otimizado_33Features;classifier;classifier;classifier;N/A;N/A;N/A;2000;100;65;8400;0,0000;0,0000;0,0000;0,0000;0,0000;0,0000;0;0;0;0
20260612_0942;Adaptação_1000;classification;AdaptiveRandomForest;Otimizado_33Features;classifier;classifier;classifier;N/A;N/A;N/A;2000;100;66;8500;0,0000;0,0000;0,0000;0,0000;0,0000;0,0000;0;0;1;0
20260612_0942;Adaptação_1000;classification;AdaptiveRandomForest;Otimizado_33Features;classifier;classifier;classifier;N/A;N/A;N/A;2000;100;67;8600;95,1860;0,3545;100,0000;0,0000;90,8163;0,6454;0;0;9;1
20260612_0942;Adaptação_1000;classification;AdaptiveRandomForest;Otimizado_33Features;classifier;classifier;classifier;N/A;N/A;N/A;2000;100;68;8700;100,0000;0,0000;100,0000;0,0000;100,0000;0,0000;0;0;0;0
20260612_0942;Adaptação_1000;classification;AdaptiveRandomForest;Otimizado_33Features;classifier;classifier;classifier;N/A;N/A;N/A;2000;100;69;8800;100,0000;0,0000;100,0000;0,0000;100,0000;0,0000;0;0;0;0
20260612_0942;Adaptação_1000;classification;AdaptiveRandomForest;Otimizado_33Features;classifier;classifier;classifier;N/A;N/A;N/A;2000;100;70;8900;100,0000;0,0000;100,0000;0,0000;100,0000;0,0000;0;0;0;0
20260612_0942;Adaptação_1000;classification;AdaptiveRandomForest;Otimizado_33Features;classifier;classifier;classifier;N/A;N/A;N/A;2000;100;71;9000;100,0000;0,0000;100,0000;0,0000;100,0000;0,0000;0;0;0;0
20260612_0942;Adaptação_1000;classification;AdaptiveRandomForest;Otimizado_33Features;classifier;classifier;classifier;N/A;N/A;N/A;2000;100;72;9100;100,0000;0,0000;100,0000;0,0000;100,0000;0,0000;0;0;0;0
20260612_0942;Adaptação_1000;classification;AdaptiveRandomForest;Otimizado_33Features;classifier;classifier;classifier;N/A;N/A;N/A;2000;100;73;9200;100,0000;0,0000;100,0000;0,0000;100,0000;0,0000;0;0;0;0
20260612_0942;Adaptação_1000;classification;AdaptiveRandomForest;Otimizado_33Features;classifier;classifier;classifier;N/A;N/A;N/A;2000;100;74;9300;100,0000;0,0000;100,0000;0,0000;100,0000;0,0000;0;0;0;0
20260612_0942;Adaptação_1000;classification;AdaptiveRandomForest;Otimizado_33Features;classifier;classifier;classifier;N/A;N/A;N/A;2000;100;75;9400;100,0000;0,0000;100,0000;0,0000;100,0000;0,0000;0;0;0;0
20260612_0942;Adaptação_1000;classification;AdaptiveRandomForest;Otimizado_33Features;classifier;classifier;classifier;N/A;N/A;N/A;2000;100;76;9500;100,0000;0,0000;100,0000;0,0000;100,0000;0,0000;0;0;0;0
20260612_0942;Adaptação_1000;classification;AdaptiveRandomForest;Otimizado_33Features;classifier;classifier;classifier;N/A;N/A;N/A;2000;100;77;9600;0,0000;0,0000;0,0000;0,0000;0,0000;0,0000;2;1;0;0
20260612_0942;Adaptação_1000;classification;AdaptiveRandomForest;Otimizado_33Features;classifier;classifier;classifier;N/A;N/A;N/A;2000;100;78;9700;0,0000;0,0000;0,0000;0,0000;0,0000;0,0000;0;0;0;0
20260612_0942;Adaptação_1000;classification;AdaptiveRandomForest;Otimizado_33Features;classifier;classifier;classifier;N/A;N/A;N/A;2000;100;79;9800;0,0000;0,0000;0,0000;0,0000;0,0000;0,0000;0;0;0;0
20260612_0942;Adaptação_1000;classification;AdaptiveRandomForest;Otimizado_33Features;classifier;classifier;classifier;N/A;N/A;N/A;2000;100;80;9900;0,0000;0,0000;0,0000;0,0000;0,0000;0,0000;0;0;0;0
20260612_0942;Adaptação_1000;classification;AdaptiveRandomForest;Otimizado_33Features;classifier;classifier;classifier;N/A;N/A;N/A;2000;100;81;10000;0,0000;0,0000;0,0000;0,0000;0,0000;0,0000;0;0;0;0
20260612_0942;Adaptação_1000;classification;AdaptiveRandomForest;Otimizado_33Features;classifier;classifier;classifier;N/A;N/A;N/A;2000;100;82;10100;0,0000;0,0000;0,0000;0,0000;0,0000;0,0000;0;0;0;0
20260612_0942;Adaptação_1000;classification;AdaptiveRandomForest;Otimizado_33Features;classifier;classifier;classifier;N/A;N/A;N/A;2000;100;83;10200;0,0000;0,0000;0,0000;0,0000;0,0000;0,0000;1;0;0;0
20260612_0942;Adaptação_1000;classification;AdaptiveRandomForest;Otimizado_33Features;classifier;classifier;classifier;N/A;N/A;N/A;2000;100;84;10300;0,0000;0,0000;0,0000;0,0000;0,0000;0,0000;0;0;0;0
20260612_0942;Adaptação_1000;classification;AdaptiveRandomForest;Otimizado_33Features;classifier;classifier;classifier;N/A;N/A;N/A;2000;100;85;10400;0,0000;0,0000;0,0000;0,0000;0,0000;0,0000;0;0;0;0
20260612_0942;Adaptação_1000;classification;AdaptiveRandomForest;Otimizado_33Features;classifier;classifier;classifier;N/A;N/A;N/A;2000;100;86;10500;0,0000;0,0000;0,0000;0,0000;0,0000;0,0000;0;0;0;0
20260612_0942;Adaptação_1000;classification;AdaptiveRandomForest;Otimizado_33Features;classifier;classifier;classifier;N/A;N/A;N/A;2000;100;87;10600;0,0000;0,0000;0,0000;0,0000;0,0000;0,0000;0;0;0;0
20260612_0942;Adaptação_1000;classification;AdaptiveRandomForest;Otimizado_33Features;classifier;classifier;classifier;N/A;N/A;N/A;2000;100;88;10700;0,0000;0,0000;0,0000;0,0000;0,0000;0,0000;0;0;0;0
20260612_0942;Adaptação_1000;classification;AdaptiveRandomForest;Otimizado_33Features;classifier;classifier;classifier;N/A;N/A;N/A;2000;100;89;10800;0,0000;0,0000;0,0000;0,0000;0,0000;0,0000;0;0;0;0
20260612_0942;Adaptação_1000;classification;AdaptiveRandomForest;Otimizado_33Features;classifier;classifier;classifier;N/A;N/A;N/A;2000;100;90;10900;0,0000;0,0000;0,0000;0,0000;0,0000;0,0000;0;0;0;0
20260612_0942;Adaptação_1000;classification;AdaptiveRandomForest;Otimizado_33Features;classifier;classifier;classifier;N/A;N/A;N/A;2000;100;91;11000;0,0000;0,0000;0,0000;0,0000;0,0000;0,0000;0;0;0;0
20260612_0942;Adaptação_1000;classification;AdaptiveRandomForest;Otimizado_33Features;classifier;classifier;classifier;N/A;N/A;N/A;2000;100;92;11100;0,0000;0,0000;0,0000;0,0000;0,0000;0,0000;0;0;0;0
20260612_0942;Adaptação_1000;classification;AdaptiveRandomForest;Otimizado_33Features;classifier;classifier;classifier;N/A;N/A;N/A;2000;100;93;11200;0,0000;0,0000;0,0000;0,0000;0,0000;0,0000;0;0;0;0
20260612_0942;Adaptação_1000;classification;AdaptiveRandomForest;Otimizado_33Features;classifier;classifier;classifier;N/A;N/A;N/A;2000;100;94;11300;0,0000;0,0000;0,0000;0,0000;0,0000;0,0000;0;0;0;0
20260612_0942;Adaptação_1000;classification;AdaptiveRandomForest;Otimizado_33Features;classifier;classifier;classifier;N/A;N/A;N/A;2000;100;95;11400;0,0000;0,0000;0,0000;0,0000;0,0000;0,0000;0;0;0;0
20260612_0942;Adaptação_1000;classification;AdaptiveRandomForest;Otimizado_33Features;classifier;classifier;classifier;N/A;N/A;N/A;2000;100;96;11500;0,0000;0,0000;0,0000;0,0000;0,0000;0,0000;0;0;0;0
20260612_0942;Adaptação_1000;classification;AdaptiveRandomForest;Otimizado_33Features;classifier;classifier;classifier;N/A;N/A;N/A;2000;100;97;11600;0,0000;0,0000;0,0000;0,0000;0,0000;0,0000;0;0;0;0
20260612_0942;Adaptação_1000;classification;AdaptiveRandomForest;Otimizado_33Features;classifier;classifier;classifier;N/A;N/A;N/A;2000;100;98;11700;0,0000;0,0000;0,0000;0,0000;0,0000;0,0000;0;0;0;0
20260612_0942;Adaptação_1000;classification;AdaptiveRandomForest;Otimizado_33Features;classifier;classifier;classifier;N/A;N/A;N/A;2000;100;99;11800;0,0000;0,0000;0,0000;0,0000;0,0000;0,0000;0;0;0;0
20260612_0942;Adaptação_1000;classification;AdaptiveRandomForest;Otimizado_33Features;classifier;classifier;classifier;N/A;N/A;N/A;2000;100;100;11900;0,0000;0,0000;0,0000;0,0000;0,0000;0,0000;0;0;0;0
20260612_0942;Adaptação_1000;classification;AdaptiveRandomForest;Otimizado_33Features;classifier;classifier;classifier;N/A;N/A;N/A;2000;100;101;12000;0,0000;0,0000;0,0000;0,0000;0,0000;0,0000;0;0;0;0
20260612_0942;Adaptação_1000;classification;AdaptiveRandomForest;Otimizado_33Features;classifier;classifier;classifier;N/A;N/A;N/A;2000;100;102;12100;0,0000;0,0000;0,0000;0,0000;0,0000;0,0000;0;0;0;0
20260612_0942;Adaptação_1000;classification;AdaptiveRandomForest;Otimizado_33Features;classifier;classifier;classifier;N/A;N/A;N/A;2000;100;103;12200;0,0000;0,0000;0,0000;0,0000;0,0000;0,0000;0;0;0;0
20260612_0942;Adaptação_1000;classification;AdaptiveRandomForest;Otimizado_33Features;classifier;classifier;classifier;N/A;N/A;N/A;2000;100;104;12300;0,0000;0,0000;0,0000;0,0000;0,0000;0,0000;0;0;0;0
20260612_0942;Adaptação_1000;classification;AdaptiveRandomForest;Otimizado_33Features;classifier;classifier;classifier;N/A;N/A;N/A;2000;100;105;12400;0,0000;0,0000;0,0000;0,0000;0,0000;0,0000;0;0;0;0
20260612_0942;Adaptação_1000;classification;AdaptiveRandomForest;Otimizado_33Features;classifier;classifier;classifier;N/A;N/A;N/A;2000;100;106;12500;0,0000;0,0000;0,0000;0,0000;0,0000;0,0000;0;0;0;0
20260612_0942;Adaptação_1000;classification;AdaptiveRandomForest;Otimizado_33Features;classifier;classifier;classifier;N/A;N/A;N/A;2000;100;107;12600;0,0000;0,0000;0,0000;0,0000;0,0000;0,0000;0;0;0;0
20260612_0942;Adaptação_1000;classification;AdaptiveRandomForest;Otimizado_33Features;classifier;classifier;classifier;N/A;N/A;N/A;2000;100;108;12700;0,0000;0,0000;0,0000;0,0000;0,0000;0,0000;0;0;0;0
20260612_0942;Adaptação_1000;classification;AdaptiveRandomForest;Otimizado_33Features;classifier;classifier;classifier;N/A;N/A;N/A;2000;100;109;12800;0,0000;0,0000;0,0000;0,0000;0,0000;0,0000;0;0;0;0
20260612_0942;Adaptação_1000;classification;AdaptiveRandomForest;Otimizado_33Features;classifier;classifier;classifier;N/A;N/A;N/A;2000;100;110;12900;0,0000;0,0000;0,0000;0,0000;0,0000;0,0000;0;0;0;0
20260612_0942;Adaptação_1000;classification;AdaptiveRandomForest;Otimizado_33Features;classifier;classifier;classifier;N/A;N/A;N/A;2000;100;111;13000;0,0000;0,0000;0,0000;0,0000;0,0000;0,0000;0;0;0;0
20260612_0942;Adaptação_1000;classification;AdaptiveRandomForest;Otimizado_33Features;classifier;classifier;classifier;N/A;N/A;N/A;2000;100;112;13100;0,0000;0,0000;0,0000;0,0000;0,0000;0,0000;1;1;0;0
20260612_0942;Adaptação_1000;classification;AdaptiveRandomForest;Otimizado_33Features;classifier;classifier;classifier;N/A;N/A;N/A;2000;100;113;13200;0,0000;0,0000;0,0000;0,0000;0,0000;0,0000;0;0;0;0
20260612_0942;Adaptação_1000;classification;AdaptiveRandomForest;Otimizado_33Features;classifier;classifier;classifier;N/A;N/A;N/A;2000;100;114;13300;97,8261;0,0000;100,0000;0,0000;95,7447;0,0000;0;0;2;0
20260612_0942;Adaptação_1000;classification;AdaptiveRandomForest;Otimizado_33Features;classifier;classifier;classifier;N/A;N/A;N/A;2000;100;115;13400;97,4065;0,4151;100,0000;0,0000;94,9474;0,7877;0;0;5;1
20260612_0942;Adaptação_1000;classification;AdaptiveRandomForest;Otimizado_33Features;classifier;classifier;classifier;N/A;N/A;N/A;2000;100;116;13500;96,8206;0,7091;100,0000;0,0000;93,8462;1,3187;0;0;6;2
20260612_0942;Adaptação_1000;classification;AdaptiveRandomForest;Otimizado_33Features;classifier;classifier;classifier;N/A;N/A;N/A;2000;100;117;13600;99,2481;0,0000;100,0000;0,0000;98,5075;0,0000;0;0;1;0
20260612_0942;Adaptação_1000;classification;AdaptiveRandomForest;Otimizado_33Features;classifier;classifier;classifier;N/A;N/A;N/A;2000;100;118;13700;99,0211;0,4108;100,0000;0,0000;98,0645;0,8047;0;0;2;1
20260612_0942;Adaptação_1000;classification;AdaptiveRandomForest;Otimizado_33Features;classifier;classifier;classifier;N/A;N/A;N/A;2000;100;119;13800;100,0000;0,0000;100,0000;0,0000;100,0000;0,0000;0;0;0;0
20260612_0942;Adaptação_1000;classification;AdaptiveRandomForest;Otimizado_33Features;classifier;classifier;classifier;N/A;N/A;N/A;2000;100;120;13900;99,4861;0,3260;100,0000;0,0000;98,9796;0,6454;0;0;1;1
20260612_0942;Adaptação_1000;classification;AdaptiveRandomForest;Otimizado_33Features;classifier;classifier;classifier;N/A;N/A;N/A;2000;100;121;14000;99,8985;0,2030;100,0000;0,0000;99,7980;0,4040;0;0;1;1
20260612_0942;Adaptação_1000;classification;AdaptiveRandomForest;Otimizado_33Features;classifier;classifier;classifier;N/A;N/A;N/A;2000;100;122;14100;100,0000;0,0000;100,0000;0,0000;100,0000;0,0000;0;0;0;0
20260612_0942;Adaptação_1000;classification;AdaptiveRandomForest;Otimizado_33Features;classifier;classifier;classifier;N/A;N/A;N/A;2000;100;123;14200;99,7949;0,2512;100,0000;0,0000;99,5918;0,4999;0;0;1;1
20260612_0942;Adaptação_1000;classification;AdaptiveRandomForest;Otimizado_33Features;classifier;classifier;classifier;N/A;N/A;N/A;2000;100;124;14300;98,2019;0,7345;96,4775;1,4144;100,0000;0,0000;2;1;0;0
20260612_0942;Adaptação_1000;classification;AdaptiveRandomForest;Otimizado_33Features;classifier;classifier;classifier;N/A;N/A;N/A;2000;100;125;14400;0,0000;0,0000;0,0000;0,0000;0,0000;0,0000;1;1;0;0
20260612_0942;Adaptação_1000;classification;AdaptiveRandomForest;Otimizado_33Features;classifier;classifier;classifier;N/A;N/A;N/A;2000;100;126;14500;0,0000;0,0000;0,0000;0,0000;0,0000;0,0000;2;1;0;0
20260612_0942;Adaptação_1000;classification;AdaptiveRandomForest;Otimizado_33Features;classifier;classifier;classifier;N/A;N/A;N/A;2000;100;127;14600;0,0000;0,0000;0,0000;0,0000;0,0000;0,0000;1;0;0;0
20260612_0942;Adaptação_1000;classification;AdaptiveRandomForest;Otimizado_33Features;classifier;classifier;classifier;N/A;N/A;N/A;2000;100;128;14700;0,0000;0,0000;0,0000;0,0000;0,0000;0,0000;0;0;0;0
20260612_0942;Adaptação_1000;classification;AdaptiveRandomForest;Otimizado_33Features;classifier;classifier;classifier;N/A;N/A;N/A;2000;100;129;14800;0,0000;0,0000;0,0000;0,0000;0,0000;0,0000;2;1;0;0
20260612_0942;Adaptação_1000;classification;AdaptiveRandomForest;Otimizado_33Features;classifier;classifier;classifier;N/A;N/A;N/A;2000;100;130;14900;0,0000;0,0000;0,0000;0,0000;0,0000;0,0000;0;0;0;0
20260612_0942;Adaptação_1000;classification;AdaptiveRandomForest;Otimizado_33Features;classifier;classifier;classifier;N/A;N/A;N/A;2000;100;131;15000;0,0000;0,0000;0,0000;0,0000;0,0000;0,0000;0;0;0;0
20260612_0942;Adaptação_1000;classification;AdaptiveRandomForest;Otimizado_33Features;classifier;classifier;classifier;N/A;N/A;N/A;2000;100;132;15100;0,0000;0,0000;0,0000;0,0000;0,0000;0,0000;0;0;0;0
20260612_0942;Adaptação_1000;classification;AdaptiveRandomForest;Otimizado_33Features;classifier;classifier;classifier;N/A;N/A;N/A;2000;100;133;15200;0,0000;0,0000;0,0000;0,0000;0,0000;0,0000;0;0;0;0
20260612_0942;Adaptação_1000;classification;AdaptiveRandomForest;Otimizado_33Features;classifier;classifier;classifier;N/A;N/A;N/A;2000;100;134;15300;0,0000;0,0000;0,0000;0,0000;0,0000;0,0000;1;1;0;0
20260612_0942;Adaptação_1000;classification;AdaptiveRandomForest;Otimizado_33Features;classifier;classifier;classifier;N/A;N/A;N/A;2000;100;135;15400;0,0000;0,0000;0,0000;0,0000;0,0000;0,0000;0;0;0;0
20260612_0942;Adaptação_1000;classification;AdaptiveRandomForest;Otimizado_33Features;classifier;classifier;classifier;N/A;N/A;N/A;2000;100;136;15500;0,0000;0,0000;0,0000;0,0000;0,0000;0,0000;0;0;0;0
20260612_0942;Adaptação_1000;classification;AdaptiveRandomForest;Otimizado_33Features;classifier;classifier;classifier;N/A;N/A;N/A;2000;100;137;15600;0,0000;0,0000;0,0000;0,0000;0,0000;0,0000;0;0;0;0
20260612_0942;Adaptação_1000;classification;AdaptiveRandomForest;Otimizado_33Features;classifier;classifier;classifier;N/A;N/A;N/A;2000;100;138;15700;0,0000;0,0000;0,0000;0,0000;0,0000;0,0000;0;0;0;0
20260612_0942;Adaptação_1000;classification;AdaptiveRandomForest;Otimizado_33Features;classifier;classifier;classifier;N/A;N/A;N/A;2000;100;139;15800;0,0000;0,0000;0,0000;0,0000;0,0000;0,0000;0;0;0;0
20260612_0942;Adaptação_1000;classification;AdaptiveRandomForest;Otimizado_33Features;classifier;classifier;classifier;N/A;N/A;N/A;2000;100;140;15900;0,0000;0,0000;0,0000;0,0000;0,0000;0,0000;0;0;0;0
20260612_0942;Adaptação_1000;classification;AdaptiveRandomForest;Otimizado_33Features;classifier;classifier;classifier;N/A;N/A;N/A;2000;100;141;16000;0,0000;0,0000;0,0000;0,0000;0,0000;0,0000;0;0;0;0
20260612_0942;Adaptação_1000;classification;AdaptiveRandomForest;Otimizado_33Features;classifier;classifier;classifier;N/A;N/A;N/A;2000;100;142;16100;0,0000;0,0000;0,0000;0,0000;0,0000;0,0000;1;1;0;0
20260612_0942;Adaptação_1000;classification;AdaptiveRandomForest;Otimizado_33Features;classifier;classifier;classifier;N/A;N/A;N/A;2000;100;143;16200;0,0000;0,0000;0,0000;0,0000;0,0000;0,0000;0;0;0;0
20260612_0942;Adaptação_1000;classification;AdaptiveRandomForest;Otimizado_33Features;classifier;classifier;classifier;N/A;N/A;N/A;2000;100;144;16300;0,0000;0,0000;0,0000;0,0000;0,0000;0,0000;0;0;0;0
20260612_0942;Adaptação_1000;classification;AdaptiveRandomForest;Otimizado_33Features;classifier;classifier;classifier;N/A;N/A;N/A;2000;100;145;16400;0,0000;0,0000;0,0000;0,0000;0,0000;0,0000;0;0;0;0
20260612_0942;Adaptação_1000;classification;AdaptiveRandomForest;Otimizado_33Features;classifier;classifier;classifier;N/A;N/A;N/A;2000;100;146;16500;0,0000;0,0000;0,0000;0,0000;0,0000;0,0000;0;0;0;0
20260612_0942;Adaptação_1000;classification;AdaptiveRandomForest;Otimizado_33Features;classifier;classifier;classifier;N/A;N/A;N/A;2000;100;147;16600;0,0000;0,0000;0,0000;0,0000;0,0000;0,0000;0;0;0;0
20260612_0942;Adaptação_1000;classification;AdaptiveRandomForest;Otimizado_33Features;classifier;classifier;classifier;N/A;N/A;N/A;2000;100;148;16700;0,0000;0,0000;0,0000;0,0000;0,0000;0,0000;0;0;0;0
20260612_0942;Adaptação_1000;classification;AdaptiveRandomForest;Otimizado_33Features;classifier;classifier;classifier;N/A;N/A;N/A;2000;100;149;16800;0,0000;0,0000;0,0000;0,0000;0,0000;0,0000;0;0;0;0
20260612_0942;Adaptação_1000;classification;AdaptiveRandomForest;Otimizado_33Features;classifier;classifier;classifier;N/A;N/A;N/A;2000;100;150;16900;0,0000;0,0000;0,0000;0,0000;0,0000;0,0000;0;0;0;0
20260612_0942;Adaptação_1000;classification;AdaptiveRandomForest;Otimizado_33Features;classifier;classifier;classifier;N/A;N/A;N/A;2000;100;151;17000;0,0000;0,0000;0,0000;0,0000;0,0000;0,0000;0;0;0;0
20260612_0942;Adaptação_1000;classification;AdaptiveRandomForest;Otimizado_33Features;classifier;classifier;classifier;N/A;N/A;N/A;2000;100;152;17100;0,0000;0,0000;0,0000;0,0000;0,0000;0,0000;0;0;0;0
20260612_0942;Adaptação_1000;classification;AdaptiveRandomForest;Otimizado_33Features;classifier;classifier;classifier;N/A;N/A;N/A;2000;100;153;17200;0,0000;0,0000;0,0000;0,0000;0,0000;0,0000;0;0;0;0
20260612_0942;Adaptação_1000;classification;AdaptiveRandomForest;Otimizado_33Features;classifier;classifier;classifier;N/A;N/A;N/A;2000;100;154;17300;0,0000;0,0000;0,0000;0,0000;0,0000;0,0000;0;0;0;0
20260612_0942;Adaptação_1000;classification;AdaptiveRandomForest;Otimizado_33Features;classifier;classifier;classifier;N/A;N/A;N/A;2000;100;155;17400;0,0000;0,0000;0,0000;0,0000;0,0000;0,0000;0;0;0;0
20260612_0942;Adaptação_1000;classification;AdaptiveRandomForest;Otimizado_33Features;classifier;classifier;classifier;N/A;N/A;N/A;2000;100;156;17500;0,0000;0,0000;0,0000;0,0000;0,0000;0,0000;0;0;0;0
20260612_0942;Adaptação_1000;classification;AdaptiveRandomForest;Otimizado_33Features;classifier;classifier;classifier;N/A;N/A;N/A;2000;100;157;17600;0,0000;0,0000;0,0000;0,0000;0,0000;0,0000;0;0;0;0
20260612_0942;Adaptação_1000;classification;AdaptiveRandomForest;Otimizado_33Features;classifier;classifier;classifier;N/A;N/A;N/A;2000;100;158;17700;0,0000;0,0000;0,0000;0,0000;0,0000;0,0000;0;0;0;0
20260612_0942;Adaptação_1000;classification;AdaptiveRandomForest;Otimizado_33Features;classifier;classifier;classifier;N/A;N/A;N/A;2000;100;159;17800;0,0000;0,0000;0,0000;0,0000;0,0000;0,0000;0;0;0;0
20260612_0942;Adaptação_1000;classification;AdaptiveRandomForest;Otimizado_33Features;classifier;classifier;classifier;N/A;N/A;N/A;2000;100;160;17900;0,0000;0,0000;0,0000;0,0000;0,0000;0,0000;0;0;0;0
20260613_0945;Recorrência_25;classification;AdaptiveRandomForest;Otimizado_33Features;classifier;classifier;classifier;N/A;N/A;N/A;2000;100;1;2000;0,0000;0,0000;0,0000;0,0000;0,0000;0,0000;0;0;0;0
20260613_0945;Recorrência_25;classification;AdaptiveRandomForest;Otimizado_33Features;classifier;classifier;classifier;N/A;N/A;N/A;2000;100;2;2100;0,0000;0,0000;0,0000;0,0000;0,0000;0,0000;0;0;0;0
20260613_0945;Recorrência_25;classification;AdaptiveRandomForest;Otimizado_33Features;classifier;classifier;classifier;N/A;N/A;N/A;2000;100;3;2200;90,9091;0,0000;100,0000;0,0000;83,3333;0,0000;0;0;2;0
20260613_0945;Recorrência_25;classification;AdaptiveRandomForest;Otimizado_33Features;classifier;classifier;classifier;N/A;N/A;N/A;2000;100;4;2300;0,0000;0,0000;0,0000;0,0000;0,0000;0,0000;0;0;0;0
20260613_0945;Recorrência_25;classification;AdaptiveRandomForest;Otimizado_33Features;classifier;classifier;classifier;N/A;N/A;N/A;2000;100;5;2400;0,0000;0,0000;0,0000;0,0000;0,0000;0,0000;0;0;0;0
20260613_0945;Recorrência_25;classification;AdaptiveRandomForest;Otimizado_33Features;classifier;classifier;classifier;N/A;N/A;N/A;2000;100;6;2500;0,0000;0,0000;0,0000;0,0000;0,0000;0,0000;0;0;0;0
20260613_0945;Recorrência_25;classification;AdaptiveRandomForest;Otimizado_33Features;classifier;classifier;classifier;N/A;N/A;N/A;2000;100;7;2600;0,0000;0,0000;0,0000;0,0000;0,0000;0,0000;0;0;0;0
20260613_0945;Recorrência_25;classification;AdaptiveRandomForest;Otimizado_33Features;classifier;classifier;classifier;N/A;N/A;N/A;2000;100;8;2700;0,0000;0,0000;0,0000;0,0000;0,0000;0,0000;0;0;0;0
20260613_0945;Recorrência_25;classification;AdaptiveRandomForest;Otimizado_33Features;classifier;classifier;classifier;N/A;N/A;N/A;2000;100;9;2800;0,0000;0,0000;0,0000;0,0000;0,0000;0,0000;0;0;0;0
20260613_0945;Recorrência_25;classification;AdaptiveRandomForest;Otimizado_33Features;classifier;classifier;classifier;N/A;N/A;N/A;2000;100;10;2900;0,0000;0,0000;0,0000;0,0000;0,0000;0,0000;0;0;0;0
20260613_0945;Recorrência_25;classification;AdaptiveRandomForest;Otimizado_33Features;classifier;classifier;classifier;N/A;N/A;N/A;2000;100;11;3000;0,0000;0,0000;0,0000;0,0000;0,0000;0,0000;0;0;0;0
20260613_0945;Recorrência_25;classification;AdaptiveRandomForest;Otimizado_33Features;classifier;classifier;classifier;N/A;N/A;N/A;2000;100;12;3100;0,0000;0,0000;0,0000;0,0000;0,0000;0,0000;0;0;0;0
20260613_0945;Recorrência_25;classification;AdaptiveRandomForest;Otimizado_33Features;classifier;classifier;classifier;N/A;N/A;N/A;2000;100;13;3200;0,0000;0,0000;0,0000;0,0000;0,0000;0,0000;0;0;0;0
20260613_0945;Recorrência_25;classification;AdaptiveRandomForest;Otimizado_33Features;classifier;classifier;classifier;N/A;N/A;N/A;2000;100;14;3300;0,0000;0,0000;0,0000;0,0000;0,0000;0,0000;0;0;0;0
20260613_0945;Recorrência_25;classification;AdaptiveRandomForest;Otimizado_33Features;classifier;classifier;classifier;N/A;N/A;N/A;2000;100;15;3400;0,0000;0,0000;0,0000;0,0000;0,0000;0,0000;0;0;0;0
20260613_0945;Recorrência_25;classification;AdaptiveRandomForest;Otimizado_33Features;classifier;classifier;classifier;N/A;N/A;N/A;2000;100;16;3500;0,0000;0,0000;0,0000;0,0000;0,0000;0,0000;0;0;0;0
20260613_0945;Recorrência_25;classification;AdaptiveRandomForest;Otimizado_33Features;classifier;classifier;classifier;N/A;N/A;N/A;2000;100;17;3600;0,0000;0,0000;0,0000;0,0000;0,0000;0,0000;0;0;0;0
20260613_0945;Recorrência_25;classification;AdaptiveRandomForest;Otimizado_33Features;classifier;classifier;classifier;N/A;N/A;N/A;2000;100;18;3700;0,0000;0,0000;0,0000;0,0000;0,0000;0,0000;0;0;0;0
20260613_0945;Recorrência_25;classification;AdaptiveRandomForest;Otimizado_33Features;classifier;classifier;classifier;N/A;N/A;N/A;2000;100;19;3800;0,0000;0,0000;0,0000;0,0000;0,0000;0,0000;0;0;0;0
20260613_0945;Recorrência_25;classification;AdaptiveRandomForest;Otimizado_33Features;classifier;classifier;classifier;N/A;N/A;N/A;2000;100;20;3900;0,0000;0,0000;0,0000;0,0000;0,0000;0,0000;0;0;0;0
20260613_0945;Recorrência_25;classification;AdaptiveRandomForest;Otimizado_33Features;classifier;classifier;classifier;N/A;N/A;N/A;2000;100;21;4000;0,0000;0,0000;0,0000;0,0000;0,0000;0,0000;0;0;0;0
20260613_0945;Recorrência_25;classification;AdaptiveRandomForest;Otimizado_33Features;classifier;classifier;classifier;N/A;N/A;N/A;2000;100;22;4100;0,0000;0,0000;0,0000;0,0000;0,0000;0,0000;0;0;0;0
20260613_0945;Recorrência_25;classification;AdaptiveRandomForest;Otimizado_33Features;classifier;classifier;classifier;N/A;N/A;N/A;2000;100;23;4200;0,0000;0,0000;0,0000;0,0000;0,0000;0,0000;0;0;0;0
20260613_0945;Recorrência_25;classification;AdaptiveRandomForest;Otimizado_33Features;classifier;classifier;classifier;N/A;N/A;N/A;2000;100;24;4300;0,0000;0,0000;0,0000;0,0000;0,0000;0,0000;0;0;5;0
20260613_0945;Recorrência_25;classification;AdaptiveRandomForest;Otimizado_33Features;classifier;classifier;classifier;N/A;N/A;N/A;2000;100;25;4400;71,9814;4,6019;85,3333;7,4833;62,8571;6,9985;1;1;3;1
20260613_0945;Recorrência_25;classification;AdaptiveRandomForest;Otimizado_33Features;classifier;classifier;classifier;N/A;N/A;N/A;2000;100;26;4500;0,0000;0,0000;0,0000;0,0000;0,0000;0,0000;0;0;0;0
20260613_0945;Recorrência_25;classification;AdaptiveRandomForest;Otimizado_33Features;classifier;classifier;classifier;N/A;N/A;N/A;2000;100;27;4600;0,0000;0,0000;0,0000;0,0000;0,0000;0,0000;0;0;0;0
20260613_0945;Recorrência_25;classification;AdaptiveRandomForest;Otimizado_33Features;classifier;classifier;classifier;N/A;N/A;N/A;2000;100;28;4700;0,0000;0,0000;0,0000;0,0000;0,0000;0,0000;0;0;0;0
20260613_0945;Recorrência_25;classification;AdaptiveRandomForest;Otimizado_33Features;classifier;classifier;classifier;N/A;N/A;N/A;2000;100;29;4800;0,0000;0,0000;0,0000;0,0000;0,0000;0,0000;0;0;0;0
20260613_0945;Recorrência_25;classification;AdaptiveRandomForest;Otimizado_33Features;classifier;classifier;classifier;N/A;N/A;N/A;2000;100;30;4900;0,0000;0,0000;0,0000;0,0000;0,0000;0,0000;0;0;0;0
20260613_0945;Recorrência_25;classification;AdaptiveRandomForest;Otimizado_33Features;classifier;classifier;classifier;N/A;N/A;N/A;2000;100;31;5000;0,0000;0,0000;0,0000;0,0000;0,0000;0,0000;0;0;0;0
20260613_0945;Recorrência_25;classification;AdaptiveRandomForest;Otimizado_33Features;classifier;classifier;classifier;N/A;N/A;N/A;2000;100;32;5100;0,0000;0,0000;0,0000;0,0000;0,0000;0,0000;0;0;0;0
20260613_0945;Recorrência_25;classification;AdaptiveRandomForest;Otimizado_33Features;classifier;classifier;classifier;N/A;N/A;N/A;2000;100;33;5200;0,0000;0,0000;0,0000;0,0000;0,0000;0,0000;0;0;0;0
20260613_0945;Recorrência_25;classification;AdaptiveRandomForest;Otimizado_33Features;classifier;classifier;classifier;N/A;N/A;N/A;2000;100;34;5300;0,0000;0,0000;0,0000;0,0000;0,0000;0,0000;0;0;0;0
20260613_0945;Recorrência_25;classification;AdaptiveRandomForest;Otimizado_33Features;classifier;classifier;classifier;N/A;N/A;N/A;2000;100;35;5400;0,0000;0,0000;0,0000;0,0000;0,0000;0,0000;0;0;0;0
20260613_0945;Recorrência_25;classification;AdaptiveRandomForest;Otimizado_33Features;classifier;classifier;classifier;N/A;N/A;N/A;2000;100;36;5500;0,0000;0,0000;0,0000;0,0000;0,0000;0,0000;0;0;0;0
20260613_0945;Recorrência_25;classification;AdaptiveRandomForest;Otimizado_33Features;classifier;classifier;classifier;N/A;N/A;N/A;2000;100;37;5600;0,0000;0,0000;0,0000;0,0000;0,0000;0,0000;0;0;0;0
20260613_0945;Recorrência_25;classification;AdaptiveRandomForest;Otimizado_33Features;classifier;classifier;classifier;N/A;N/A;N/A;2000;100;38;5700;0,0000;0,0000;0,0000;0,0000;0,0000;0,0000;0;0;0;0
20260613_0945;Recorrência_25;classification;AdaptiveRandomForest;Otimizado_33Features;classifier;classifier;classifier;N/A;N/A;N/A;2000;100;39;5800;0,0000;0,0000;0,0000;0,0000;0,0000;0,0000;0;0;0;0
20260613_0945;Recorrência_25;classification;AdaptiveRandomForest;Otimizado_33Features;classifier;classifier;classifier;N/A;N/A;N/A;2000;100;40;5900;0,0000;0,0000;0,0000;0,0000;0,0000;0,0000;0;0;0;0
20260613_0945;Recorrência_25;classification;AdaptiveRandomForest;Otimizado_33Features;classifier;classifier;classifier;N/A;N/A;N/A;2000;100;41;6000;0,0000;0,0000;0,0000;0,0000;0,0000;0,0000;0;0;0;0
20260613_0945;Recorrência_25;classification;AdaptiveRandomForest;Otimizado_33Features;classifier;classifier;classifier;N/A;N/A;N/A;2000;100;42;6100;0,0000;0,0000;0,0000;0,0000;0,0000;0,0000;0;0;0;0
20260613_0945;Recorrência_25;classification;AdaptiveRandomForest;Otimizado_33Features;classifier;classifier;classifier;N/A;N/A;N/A;2000;100;43;6200;0,0000;0,0000;0,0000;0,0000;0,0000;0,0000;0;0;0;0
20260613_0945;Recorrência_25;classification;AdaptiveRandomForest;Otimizado_33Features;classifier;classifier;classifier;N/A;N/A;N/A;2000;100;44;6300;0,0000;0,0000;0,0000;0,0000;0,0000;0,0000;0;0;0;0
20260613_0945;Recorrência_25;classification;AdaptiveRandomForest;Otimizado_33Features;classifier;classifier;classifier;N/A;N/A;N/A;2000;100;45;6400;0,0000;0,0000;0,0000;0,0000;0,0000;0,0000;0;0;0;0
20260613_0945;Recorrência_25;classification;AdaptiveRandomForest;Otimizado_33Features;classifier;classifier;classifier;N/A;N/A;N/A;2000;100;46;6500;96,5217;1,7391;100,0000;0,0000;93,3333;3,3333;0;0;1;1
20260613_0945;Recorrência_25;classification;AdaptiveRandomForest;Otimizado_33Features;classifier;classifier;classifier;N/A;N/A;N/A;2000;100;47;6600;0,0000;0,0000;0,0000;0,0000;0,0000;0,0000;0;0;0;0
20260613_0945;Recorrência_25;classification;AdaptiveRandomForest;Otimizado_33Features;classifier;classifier;classifier;N/A;N/A;N/A;2000;100;48;6700;0,0000;0,0000;0,0000;0,0000;0,0000;0,0000;0;0;0;0
20260613_0945;Recorrência_25;classification;AdaptiveRandomForest;Otimizado_33Features;classifier;classifier;classifier;N/A;N/A;N/A;2000;100;49;6800;0,0000;0,0000;0,0000;0,0000;0,0000;0,0000;0;0;0;0
20260613_0945;Recorrência_25;classification;AdaptiveRandomForest;Otimizado_33Features;classifier;classifier;classifier;N/A;N/A;N/A;2000;100;50;6900;0,0000;0,0000;0,0000;0,0000;0,0000;0,0000;0;0;0;0
20260613_0945;Recorrência_25;classification;AdaptiveRandomForest;Otimizado_33Features;classifier;classifier;classifier;N/A;N/A;N/A;2000;100;51;7000;0,0000;0,0000;0,0000;0,0000;0,0000;0,0000;0;0;0;0
20260613_0945;Recorrência_25;classification;AdaptiveRandomForest;Otimizado_33Features;classifier;classifier;classifier;N/A;N/A;N/A;2000;100;52;7100;0,0000;0,0000;0,0000;0,0000;0,0000;0,0000;0;0;0;0
20260613_0945;Recorrência_25;classification;AdaptiveRandomForest;Otimizado_33Features;classifier;classifier;classifier;N/A;N/A;N/A;2000;100;53;7200;0,0000;0,0000;0,0000;0,0000;0,0000;0,0000;0;0;0;0
20260613_0945;Recorrência_25;classification;AdaptiveRandomForest;Otimizado_33Features;classifier;classifier;classifier;N/A;N/A;N/A;2000;100;54;7300;0,0000;0,0000;0,0000;0,0000;0,0000;0,0000;0;0;0;0
20260613_0945;Recorrência_25;classification;AdaptiveRandomForest;Otimizado_33Features;classifier;classifier;classifier;N/A;N/A;N/A;2000;100;55;7400;0,0000;0,0000;0,0000;0,0000;0,0000;0,0000;0;0;0;0
20260613_0945;Recorrência_25;classification;AdaptiveRandomForest;Otimizado_33Features;classifier;classifier;classifier;N/A;N/A;N/A;2000;100;56;7500;0,0000;0,0000;0,0000;0,0000;0,0000;0,0000;0;0;0;0
20260613_0945;Recorrência_25;classification;AdaptiveRandomForest;Otimizado_33Features;classifier;classifier;classifier;N/A;N/A;N/A;2000;100;57;7600;0,0000;0,0000;0,0000;0,0000;0,0000;0,0000;0;0;0;0
20260613_0945;Recorrência_25;classification;AdaptiveRandomForest;Otimizado_33Features;classifier;classifier;classifier;N/A;N/A;N/A;2000;100;58;7700;0,0000;0,0000;0,0000;0,0000;0,0000;0,0000;0;0;0;0
20260613_0945;Recorrência_25;classification;AdaptiveRandomForest;Otimizado_33Features;classifier;classifier;classifier;N/A;N/A;N/A;2000;100;59;7800;0,0000;0,0000;0,0000;0,0000;0,0000;0,0000;0;0;0;0
20260613_0945;Recorrência_25;classification;AdaptiveRandomForest;Otimizado_33Features;classifier;classifier;classifier;N/A;N/A;N/A;2000;100;60;7900;0,0000;0,0000;0,0000;0,0000;0,0000;0,0000;0;0;0;0
20260613_0945;Recorrência_25;classification;AdaptiveRandomForest;Otimizado_33Features;classifier;classifier;classifier;N/A;N/A;N/A;2000;100;61;8000;0,0000;0,0000;0,0000;0,0000;0,0000;0,0000;0;0;0;0
20260613_0945;Recorrência_25;classification;AdaptiveRandomForest;Otimizado_33Features;classifier;classifier;classifier;N/A;N/A;N/A;2000;100;62;8100;0,0000;0,0000;0,0000;0,0000;0,0000;0,0000;0;0;0;0
20260613_0945;Recorrência_25;classification;AdaptiveRandomForest;Otimizado_33Features;classifier;classifier;classifier;N/A;N/A;N/A;2000;100;63;8200;0,0000;0,0000;0,0000;0,0000;0,0000;0,0000;0;0;0;0
20260613_0945;Recorrência_25;classification;AdaptiveRandomForest;Otimizado_33Features;classifier;classifier;classifier;N/A;N/A;N/A;2000;100;64;8300;0,0000;0,0000;0,0000;0,0000;0,0000;0,0000;0;0;0;0
20260613_0945;Recorrência_25;classification;AdaptiveRandomForest;Otimizado_33Features;classifier;classifier;classifier;N/A;N/A;N/A;2000;100;65;8400;0,0000;0,0000;0,0000;0,0000;0,0000;0,0000;0;0;0;0
20260613_0945;Recorrência_25;classification;AdaptiveRandomForest;Otimizado_33Features;classifier;classifier;classifier;N/A;N/A;N/A;2000;100;66;8500;0,0000;0,0000;0,0000;0,0000;0,0000;0,0000;0;0;0;0
20260613_0945;Recorrência_25;classification;AdaptiveRandomForest;Otimizado_33Features;classifier;classifier;classifier;N/A;N/A;N/A;2000;100;67;8600;0,0000;0,0000;0,0000;0,0000;0,0000;0,0000;0;0;0;0
20260613_0945;Recorrência_25;classification;AdaptiveRandomForest;Otimizado_33Features;classifier;classifier;classifier;N/A;N/A;N/A;2000;100;68;8700;95,6522;0,0000;100,0000;0,0000;91,6667;0,0000;0;0;1;0
20260613_0945;Recorrência_25;classification;AdaptiveRandomForest;Otimizado_33Features;classifier;classifier;classifier;N/A;N/A;N/A;2000;100;69;8800;0,0000;0,0000;0,0000;0,0000;0,0000;0,0000;0;0;0;0
20260613_0945;Recorrência_25;classification;AdaptiveRandomForest;Otimizado_33Features;classifier;classifier;classifier;N/A;N/A;N/A;2000;100;70;8900;0,0000;0,0000;0,0000;0,0000;0,0000;0,0000;0;0;0;0
20260613_0945;Recorrência_25;classification;AdaptiveRandomForest;Otimizado_33Features;classifier;classifier;classifier;N/A;N/A;N/A;2000;100;71;9000;0,0000;0,0000;0,0000;0,0000;0,0000;0,0000;0;0;0;0
20260613_0945;Recorrência_25;classification;AdaptiveRandomForest;Otimizado_33Features;classifier;classifier;classifier;N/A;N/A;N/A;2000;100;72;9100;0,0000;0,0000;0,0000;0,0000;0,0000;0,0000;0;0;0;0
20260613_0945;Recorrência_25;classification;AdaptiveRandomForest;Otimizado_33Features;classifier;classifier;classifier;N/A;N/A;N/A;2000;100;73;9200;0,0000;0,0000;0,0000;0,0000;0,0000;0,0000;0;0;0;0
20260613_0945;Recorrência_25;classification;AdaptiveRandomForest;Otimizado_33Features;classifier;classifier;classifier;N/A;N/A;N/A;2000;100;74;9300;0,0000;0,0000;0,0000;0,0000;0,0000;0,0000;0;0;0;0
20260613_0945;Recorrência_25;classification;AdaptiveRandomForest;Otimizado_33Features;classifier;classifier;classifier;N/A;N/A;N/A;2000;100;75;9400;0,0000;0,0000;0,0000;0,0000;0,0000;0,0000;0;0;0;0
20260613_0945;Recorrência_25;classification;AdaptiveRandomForest;Otimizado_33Features;classifier;classifier;classifier;N/A;N/A;N/A;2000;100;76;9500;0,0000;0,0000;0,0000;0,0000;0,0000;0,0000;0;0;0;0
20260613_0945;Recorrência_25;classification;AdaptiveRandomForest;Otimizado_33Features;classifier;classifier;classifier;N/A;N/A;N/A;2000;100;77;9600;0,0000;0,0000;0,0000;0,0000;0,0000;0,0000;0;0;0;0
20260613_0945;Recorrência_25;classification;AdaptiveRandomForest;Otimizado_33Features;classifier;classifier;classifier;N/A;N/A;N/A;2000;100;78;9700;0,0000;0,0000;0,0000;0,0000;0,0000;0,0000;0;0;0;0
20260613_0945;Recorrência_25;classification;AdaptiveRandomForest;Otimizado_33Features;classifier;classifier;classifier;N/A;N/A;N/A;2000;100;79;9800;0,0000;0,0000;0,0000;0,0000;0,0000;0,0000;0;0;0;0
20260613_0945;Recorrência_25;classification;AdaptiveRandomForest;Otimizado_33Features;classifier;classifier;classifier;N/A;N/A;N/A;2000;100;80;9900;0,0000;0,0000;0,0000;0,0000;0,0000;0,0000;0;0;0;0
20260613_0945;Recorrência_25;classification;AdaptiveRandomForest;Otimizado_33Features;classifier;classifier;classifier;N/A;N/A;N/A;2000;100;81;10000;0,0000;0,0000;0,0000;0,0000;0,0000;0,0000;0;0;0;0
20260613_0945;Recorrência_25;classification;AdaptiveRandomForest;Otimizado_33Features;classifier;classifier;classifier;N/A;N/A;N/A;2000;100;82;10100;0,0000;0,0000;0,0000;0,0000;0,0000;0,0000;0;0;0;0
20260613_0945;Recorrência_25;classification;AdaptiveRandomForest;Otimizado_33Features;classifier;classifier;classifier;N/A;N/A;N/A;2000;100;83;10200;0,0000;0,0000;0,0000;0,0000;0,0000;0,0000;0;0;0;0
20260613_0945;Recorrência_25;classification;AdaptiveRandomForest;Otimizado_33Features;classifier;classifier;classifier;N/A;N/A;N/A;2000;100;84;10300;0,0000;0,0000;0,0000;0,0000;0,0000;0,0000;0;0;0;0
20260613_0945;Recorrência_25;classification;AdaptiveRandomForest;Otimizado_33Features;classifier;classifier;classifier;N/A;N/A;N/A;2000;100;85;10400;0,0000;0,0000;0,0000;0,0000;0,0000;0,0000;0;0;0;0
20260613_0945;Recorrência_25;classification;AdaptiveRandomForest;Otimizado_33Features;classifier;classifier;classifier;N/A;N/A;N/A;2000;100;86;10500;0,0000;0,0000;0,0000;0,0000;0,0000;0,0000;0;0;0;0
20260613_0945;Recorrência_25;classification;AdaptiveRandomForest;Otimizado_33Features;classifier;classifier;classifier;N/A;N/A;N/A;2000;100;87;10600;0,0000;0,0000;0,0000;0,0000;0,0000;0,0000;0;0;0;0
20260613_0945;Recorrência_25;classification;AdaptiveRandomForest;Otimizado_33Features;classifier;classifier;classifier;N/A;N/A;N/A;2000;100;88;10700;0,0000;0,0000;0,0000;0,0000;0,0000;0,0000;0;0;0;0
20260613_0945;Recorrência_25;classification;AdaptiveRandomForest;Otimizado_33Features;classifier;classifier;classifier;N/A;N/A;N/A;2000;100;89;10800;96,8421;2,5784;100,0000;0,0000;94,0000;4,8990;0;0;1;1
20260613_0945;Recorrência_25;classification;AdaptiveRandomForest;Otimizado_33Features;classifier;classifier;classifier;N/A;N/A;N/A;2000;100;90;10900;0,0000;0,0000;0,0000;0,0000;0,0000;0,0000;0;0;0;0
20260613_0945;Recorrência_25;classification;AdaptiveRandomForest;Otimizado_33Features;classifier;classifier;classifier;N/A;N/A;N/A;2000;100;91;11000;0,0000;0,0000;0,0000;0,0000;0,0000;0,0000;0;0;0;0
20260613_0945;Recorrência_25;classification;AdaptiveRandomForest;Otimizado_33Features;classifier;classifier;classifier;N/A;N/A;N/A;2000;100;92;11100;0,0000;0,0000;0,0000;0,0000;0,0000;0,0000;0;0;0;0
20260613_0945;Recorrência_25;classification;AdaptiveRandomForest;Otimizado_33Features;classifier;classifier;classifier;N/A;N/A;N/A;2000;100;93;11200;0,0000;0,0000;0,0000;0,0000;0,0000;0,0000;1;1;0;0
20260613_0945;Recorrência_25;classification;AdaptiveRandomForest;Otimizado_33Features;classifier;classifier;classifier;N/A;N/A;N/A;2000;100;94;11300;0,0000;0,0000;0,0000;0,0000;0,0000;0,0000;0;0;0;0
20260613_0945;Recorrência_25;classification;AdaptiveRandomForest;Otimizado_33Features;classifier;classifier;classifier;N/A;N/A;N/A;2000;100;95;11400;0,0000;0,0000;0,0000;0,0000;0,0000;0,0000;0;0;0;0
20260613_0945;Recorrência_25;classification;AdaptiveRandomForest;Otimizado_33Features;classifier;classifier;classifier;N/A;N/A;N/A;2000;100;96;11500;0,0000;0,0000;0,0000;0,0000;0,0000;0,0000;0;0;0;0
20260613_0945;Recorrência_25;classification;AdaptiveRandomForest;Otimizado_33Features;classifier;classifier;classifier;N/A;N/A;N/A;2000;100;97;11600;0,0000;0,0000;0,0000;0,0000;0,0000;0,0000;0;0;0;0
20260613_0945;Recorrência_25;classification;AdaptiveRandomForest;Otimizado_33Features;classifier;classifier;classifier;N/A;N/A;N/A;2000;100;98;11700;0,0000;0,0000;0,0000;0,0000;0,0000;0,0000;0;0;0;0
20260613_0945;Recorrência_25;classification;AdaptiveRandomForest;Otimizado_33Features;classifier;classifier;classifier;N/A;N/A;N/A;2000;100;99;11800;0,0000;0,0000;0,0000;0,0000;0,0000;0,0000;0;0;0;0
20260613_0945;Recorrência_25;classification;AdaptiveRandomForest;Otimizado_33Features;classifier;classifier;classifier;N/A;N/A;N/A;2000;100;100;11900;0,0000;0,0000;0,0000;0,0000;0,0000;0,0000;0;0;0;0
20260613_0945;Recorrência_25;classification;AdaptiveRandomForest;Otimizado_33Features;classifier;classifier;classifier;N/A;N/A;N/A;2000;100;101;12000;0,0000;0,0000;0,0000;0,0000;0,0000;0,0000;0;0;0;0
20260613_0945;Recorrência_25;classification;AdaptiveRandomForest;Otimizado_33Features;classifier;classifier;classifier;N/A;N/A;N/A;2000;100;102;12100;0,0000;0,0000;0,0000;0,0000;0,0000;0,0000;0;0;0;0
20260613_0945;Recorrência_25;classification;AdaptiveRandomForest;Otimizado_33Features;classifier;classifier;classifier;N/A;N/A;N/A;2000;100;103;12200;0,0000;0,0000;0,0000;0,0000;0,0000;0,0000;0;0;0;0
20260613_0945;Recorrência_25;classification;AdaptiveRandomForest;Otimizado_33Features;classifier;classifier;classifier;N/A;N/A;N/A;2000;100;104;12300;0,0000;0,0000;0,0000;0,0000;0,0000;0,0000;0;0;0;0
20260613_0945;Recorrência_25;classification;AdaptiveRandomForest;Otimizado_33Features;classifier;classifier;classifier;N/A;N/A;N/A;2000;100;105;12400;0,0000;0,0000;0,0000;0,0000;0,0000;0,0000;0;0;0;0
20260613_0945;Recorrência_25;classification;AdaptiveRandomForest;Otimizado_33Features;classifier;classifier;classifier;N/A;N/A;N/A;2000;100;106;12500;0,0000;0,0000;0,0000;0,0000;0,0000;0,0000;0;0;0;0
20260613_0945;Recorrência_25;classification;AdaptiveRandomForest;Otimizado_33Features;classifier;classifier;classifier;N/A;N/A;N/A;2000;100;107;12600;0,0000;0,0000;0,0000;0,0000;0,0000;0,0000;0;0;0;0
20260613_0945;Recorrência_25;classification;AdaptiveRandomForest;Otimizado_33Features;classifier;classifier;classifier;N/A;N/A;N/A;2000;100;108;12700;0,0000;0,0000;0,0000;0,0000;0,0000;0,0000;0;0;0;0
20260613_0945;Recorrência_25;classification;AdaptiveRandomForest;Otimizado_33Features;classifier;classifier;classifier;N/A;N/A;N/A;2000;100;109;12800;0,0000;0,0000;0,0000;0,0000;0,0000;0,0000;0;0;0;0
20260613_0945;Recorrência_25;classification;AdaptiveRandomForest;Otimizado_33Features;classifier;classifier;classifier;N/A;N/A;N/A;2000;100;110;12900;0,0000;0,0000;0,0000;0,0000;0,0000;0,0000;0;0;0;0
20260613_0945;Recorrência_25;classification;AdaptiveRandomForest;Otimizado_33Features;classifier;classifier;classifier;N/A;N/A;N/A;2000;100;111;13000;94,7036;1,8972;100,0000;0,0000;90,0000;3,3333;0;0;2;1
20260613_0945;Recorrência_25;classification;AdaptiveRandomForest;Otimizado_33Features;classifier;classifier;classifier;N/A;N/A;N/A;2000;100;112;13100;0,0000;0,0000;0,0000;0,0000;0,0000;0,0000;0;0;0;0
20260613_0945;Recorrência_25;classification;AdaptiveRandomForest;Otimizado_33Features;classifier;classifier;classifier;N/A;N/A;N/A;2000;100;113;13200;0,0000;0,0000;0,0000;0,0000;0,0000;0,0000;0;0;0;0
20260613_0945;Recorrência_25;classification;AdaptiveRandomForest;Otimizado_33Features;classifier;classifier;classifier;N/A;N/A;N/A;2000;100;114;13300;0,0000;0,0000;0,0000;0,0000;0,0000;0,0000;0;0;0;0
20260613_0945;Recorrência_25;classification;AdaptiveRandomForest;Otimizado_33Features;classifier;classifier;classifier;N/A;N/A;N/A;2000;100;115;13400;0,0000;0,0000;0,0000;0,0000;0,0000;0,0000;0;0;0;0
20260613_0945;Recorrência_25;classification;AdaptiveRandomForest;Otimizado_33Features;classifier;classifier;classifier;N/A;N/A;N/A;2000;100;116;13500;0,0000;0,0000;0,0000;0,0000;0,0000;0,0000;0;0;0;0
20260613_0945;Recorrência_25;classification;AdaptiveRandomForest;Otimizado_33Features;classifier;classifier;classifier;N/A;N/A;N/A;2000;100;117;13600;0,0000;0,0000;0,0000;0,0000;0,0000;0,0000;0;0;0;0
20260613_0945;Recorrência_25;classification;AdaptiveRandomForest;Otimizado_33Features;classifier;classifier;classifier;N/A;N/A;N/A;2000;100;118;13700;0,0000;0,0000;0,0000;0,0000;0,0000;0,0000;0;0;0;0
20260613_0945;Recorrência_25;classification;AdaptiveRandomForest;Otimizado_33Features;classifier;classifier;classifier;N/A;N/A;N/A;2000;100;119;13800;0,0000;0,0000;0,0000;0,0000;0,0000;0,0000;0;0;0;0
20260613_0945;Recorrência_25;classification;AdaptiveRandomForest;Otimizado_33Features;classifier;classifier;classifier;N/A;N/A;N/A;2000;100;120;13900;0,0000;0,0000;0,0000;0,0000;0,0000;0,0000;0;0;0;0
20260613_0945;Recorrência_25;classification;AdaptiveRandomForest;Otimizado_33Features;classifier;classifier;classifier;N/A;N/A;N/A;2000;100;121;14000;0,0000;0,0000;0,0000;0,0000;0,0000;0,0000;0;0;0;0
20260613_0945;Recorrência_25;classification;AdaptiveRandomForest;Otimizado_33Features;classifier;classifier;classifier;N/A;N/A;N/A;2000;100;122;14100;0,0000;0,0000;0,0000;0,0000;0,0000;0,0000;0;0;0;0
20260613_0945;Recorrência_25;classification;AdaptiveRandomForest;Otimizado_33Features;classifier;classifier;classifier;N/A;N/A;N/A;2000;100;123;14200;0,0000;0,0000;0,0000;0,0000;0,0000;0,0000;0;0;0;0
20260613_0945;Recorrência_25;classification;AdaptiveRandomForest;Otimizado_33Features;classifier;classifier;classifier;N/A;N/A;N/A;2000;100;124;14300;0,0000;0,0000;0,0000;0,0000;0,0000;0,0000;0;0;0;0
20260613_0945;Recorrência_25;classification;AdaptiveRandomForest;Otimizado_33Features;classifier;classifier;classifier;N/A;N/A;N/A;2000;100;125;14400;0,0000;0,0000;0,0000;0,0000;0,0000;0,0000;0;0;0;0
20260613_0945;Recorrência_25;classification;AdaptiveRandomForest;Otimizado_33Features;classifier;classifier;classifier;N/A;N/A;N/A;2000;100;126;14500;0,0000;0,0000;0,0000;0,0000;0,0000;0,0000;0;0;0;0
20260613_0945;Recorrência_25;classification;AdaptiveRandomForest;Otimizado_33Features;classifier;classifier;classifier;N/A;N/A;N/A;2000;100;127;14600;0,0000;0,0000;0,0000;0,0000;0,0000;0,0000;0;0;0;0
20260613_0945;Recorrência_25;classification;AdaptiveRandomForest;Otimizado_33Features;classifier;classifier;classifier;N/A;N/A;N/A;2000;100;128;14700;0,0000;0,0000;0,0000;0,0000;0,0000;0,0000;0;0;0;0
20260613_0945;Recorrência_25;classification;AdaptiveRandomForest;Otimizado_33Features;classifier;classifier;classifier;N/A;N/A;N/A;2000;100;129;14800;0,0000;0,0000;0,0000;0,0000;0,0000;0,0000;0;0;0;0
20260613_0945;Recorrência_25;classification;AdaptiveRandomForest;Otimizado_33Features;classifier;classifier;classifier;N/A;N/A;N/A;2000;100;130;14900;0,0000;0,0000;0,0000;0,0000;0,0000;0,0000;0;0;0;0
20260613_0945;Recorrência_25;classification;AdaptiveRandomForest;Otimizado_33Features;classifier;classifier;classifier;N/A;N/A;N/A;2000;100;131;15000;0,0000;0,0000;0,0000;0,0000;0,0000;0,0000;0;0;0;0
20260613_0945;Recorrência_200;classification;AdaptiveRandomForest;Otimizado_33Features;classifier;classifier;classifier;N/A;N/A;N/A;2000;100;1;2000;0,0000;0,0000;0,0000;0,0000;0,0000;0,0000;0;0;0;0
20260613_0945;Recorrência_200;classification;AdaptiveRandomForest;Otimizado_33Features;classifier;classifier;classifier;N/A;N/A;N/A;2000;100;2;2100;0,0000;0,0000;0,0000;0,0000;0,0000;0,0000;0;0;0;0
20260613_0945;Recorrência_200;classification;AdaptiveRandomForest;Otimizado_33Features;classifier;classifier;classifier;N/A;N/A;N/A;2000;100;3;2200;95,4128;0,0000;98,1132;0,0000;92,8571;0,0000;1;0;4;0
20260613_0945;Recorrência_200;classification;AdaptiveRandomForest;Otimizado_33Features;classifier;classifier;classifier;N/A;N/A;N/A;2000;100;4;2300;96,7784;0,6355;93,7652;1,1900;100,0000;0,0000;3;1;0;0
20260613_0945;Recorrência_200;classification;AdaptiveRandomForest;Otimizado_33Features;classifier;classifier;classifier;N/A;N/A;N/A;2000;100;5;2400;0,0000;0,0000;0,0000;0,0000;0,0000;0,0000;1;0;0;0
20260613_0945;Recorrência_200;classification;AdaptiveRandomForest;Otimizado_33Features;classifier;classifier;classifier;N/A;N/A;N/A;2000;100;6;2500;0,0000;0,0000;0,0000;0,0000;0,0000;0,0000;0;0;0;0
20260613_0945;Recorrência_200;classification;AdaptiveRandomForest;Otimizado_33Features;classifier;classifier;classifier;N/A;N/A;N/A;2000;100;7;2600;0,0000;0,0000;0,0000;0,0000;0,0000;0,0000;0;0;0;0
20260613_0945;Recorrência_200;classification;AdaptiveRandomForest;Otimizado_33Features;classifier;classifier;classifier;N/A;N/A;N/A;2000;100;8;2700;0,0000;0,0000;0,0000;0,0000;0,0000;0,0000;0;0;0;0
20260613_0945;Recorrência_200;classification;AdaptiveRandomForest;Otimizado_33Features;classifier;classifier;classifier;N/A;N/A;N/A;2000;100;9;2800;0,0000;0,0000;0,0000;0,0000;0,0000;0,0000;0;0;0;0
20260613_0945;Recorrência_200;classification;AdaptiveRandomForest;Otimizado_33Features;classifier;classifier;classifier;N/A;N/A;N/A;2000;100;10;2900;0,0000;0,0000;0,0000;0,0000;0,0000;0,0000;0;0;0;0
20260613_0945;Recorrência_200;classification;AdaptiveRandomForest;Otimizado_33Features;classifier;classifier;classifier;N/A;N/A;N/A;2000;100;11;3000;0,0000;0,0000;0,0000;0,0000;0,0000;0,0000;0;0;0;0
20260613_0945;Recorrência_200;classification;AdaptiveRandomForest;Otimizado_33Features;classifier;classifier;classifier;N/A;N/A;N/A;2000;100;12;3100;0,0000;0,0000;0,0000;0,0000;0,0000;0,0000;1;0;0;0
20260613_0945;Recorrência_200;classification;AdaptiveRandomForest;Otimizado_33Features;classifier;classifier;classifier;N/A;N/A;N/A;2000;100;13;3200;0,0000;0,0000;0,0000;0,0000;0,0000;0,0000;0;0;0;0
20260613_0945;Recorrência_200;classification;AdaptiveRandomForest;Otimizado_33Features;classifier;classifier;classifier;N/A;N/A;N/A;2000;100;14;3300;0,0000;0,0000;0,0000;0,0000;0,0000;0,0000;0;0;0;0
20260613_0945;Recorrência_200;classification;AdaptiveRandomForest;Otimizado_33Features;classifier;classifier;classifier;N/A;N/A;N/A;2000;100;15;3400;0,0000;0,0000;0,0000;0,0000;0,0000;0,0000;0;0;0;0
20260613_0945;Recorrência_200;classification;AdaptiveRandomForest;Otimizado_33Features;classifier;classifier;classifier;N/A;N/A;N/A;2000;100;16;3500;0,0000;0,0000;0,0000;0,0000;0,0000;0,0000;0;0;0;0
20260613_0945;Recorrência_200;classification;AdaptiveRandomForest;Otimizado_33Features;classifier;classifier;classifier;N/A;N/A;N/A;2000;100;17;3600;0,0000;0,0000;0,0000;0,0000;0,0000;0,0000;0;0;0;0
20260613_0945;Recorrência_200;classification;AdaptiveRandomForest;Otimizado_33Features;classifier;classifier;classifier;N/A;N/A;N/A;2000;100;18;3700;0,0000;0,0000;0,0000;0,0000;0,0000;0,0000;0;0;0;0
20260613_0945;Recorrência_200;classification;AdaptiveRandomForest;Otimizado_33Features;classifier;classifier;classifier;N/A;N/A;N/A;2000;100;19;3800;0,0000;0,0000;0,0000;0,0000;0,0000;0,0000;0;0;0;0
20260613_0945;Recorrência_200;classification;AdaptiveRandomForest;Otimizado_33Features;classifier;classifier;classifier;N/A;N/A;N/A;2000;100;20;3900;0,0000;0,0000;0,0000;0,0000;0,0000;0,0000;0;0;0;0
20260613_0945;Recorrência_200;classification;AdaptiveRandomForest;Otimizado_33Features;classifier;classifier;classifier;N/A;N/A;N/A;2000;100;21;4000;0,0000;0,0000;0,0000;0,0000;0,0000;0,0000;0;0;0;0
20260613_0945;Recorrência_200;classification;AdaptiveRandomForest;Otimizado_33Features;classifier;classifier;classifier;N/A;N/A;N/A;2000;100;22;4100;0,0000;0,0000;0,0000;0,0000;0,0000;0,0000;0;0;0;0
20260613_0945;Recorrência_200;classification;AdaptiveRandomForest;Otimizado_33Features;classifier;classifier;classifier;N/A;N/A;N/A;2000;100;23;4200;0,0000;0,0000;0,0000;0,0000;0,0000;0,0000;0;0;0;0
20260613_0945;Recorrência_200;classification;AdaptiveRandomForest;Otimizado_33Features;classifier;classifier;classifier;N/A;N/A;N/A;2000;100;24;4300;0,0000;0,0000;0,0000;0,0000;0,0000;0,0000;0;0;0;0
20260613_0945;Recorrência_200;classification;AdaptiveRandomForest;Otimizado_33Features;classifier;classifier;classifier;N/A;N/A;N/A;2000;100;25;4400;43,5088;6,1928;100,0000;0,0000;28,0000;4,9889;0;0;11;1
20260613_0945;Recorrência_200;classification;AdaptiveRandomForest;Otimizado_33Features;classifier;classifier;classifier;N/A;N/A;N/A;2000;100;26;4500;97,7542;0,8617;96,0544;1,1574;99,5181;0,5902;4;2;1;1
20260613_0945;Recorrência_200;classification;AdaptiveRandomForest;Otimizado_33Features;classifier;classifier;classifier;N/A;N/A;N/A;2000;100;27;4600;0,0000;0,0000;0,0000;0,0000;0,0000;0,0000;0;0;0;0
20260613_0945;Recorrência_200;classification;AdaptiveRandomForest;Otimizado_33Features;classifier;classifier;classifier;N/A;N/A;N/A;2000;100;28;4700;0,0000;0,0000;0,0000;0,0000;0,0000;0,0000;0;0;0;0
20260613_0945;Recorrência_200;classification;AdaptiveRandomForest;Otimizado_33Features;classifier;classifier;classifier;N/A;N/A;N/A;2000;100;29;4800;0,0000;0,0000;0,0000;0,0000;0,0000;0,0000;2;1;0;0
20260613_0945;Recorrência_200;classification;AdaptiveRandomForest;Otimizado_33Features;classifier;classifier;classifier;N/A;N/A;N/A;2000;100;30;4900;0,0000;0,0000;0,0000;0,0000;0,0000;0,0000;0;0;0;0
20260613_0945;Recorrência_200;classification;AdaptiveRandomForest;Otimizado_33Features;classifier;classifier;classifier;N/A;N/A;N/A;2000;100;31;5000;0,0000;0,0000;0,0000;0,0000;0,0000;0,0000;0;0;0;0
20260613_0945;Recorrência_200;classification;AdaptiveRandomForest;Otimizado_33Features;classifier;classifier;classifier;N/A;N/A;N/A;2000;100;32;5100;0,0000;0,0000;0,0000;0,0000;0,0000;0,0000;0;0;0;0
20260613_0945;Recorrência_200;classification;AdaptiveRandomForest;Otimizado_33Features;classifier;classifier;classifier;N/A;N/A;N/A;2000;100;33;5200;0,0000;0,0000;0,0000;0,0000;0,0000;0,0000;0;0;0;0
20260613_0945;Recorrência_200;classification;AdaptiveRandomForest;Otimizado_33Features;classifier;classifier;classifier;N/A;N/A;N/A;2000;100;34;5300;0,0000;0,0000;0,0000;0,0000;0,0000;0,0000;0;0;0;0
20260613_0945;Recorrência_200;classification;AdaptiveRandomForest;Otimizado_33Features;classifier;classifier;classifier;N/A;N/A;N/A;2000;100;35;5400;0,0000;0,0000;0,0000;0,0000;0,0000;0,0000;0;0;0;0
20260613_0945;Recorrência_200;classification;AdaptiveRandomForest;Otimizado_33Features;classifier;classifier;classifier;N/A;N/A;N/A;2000;100;36;5500;0,0000;0,0000;0,0000;0,0000;0,0000;0,0000;0;0;0;0
20260613_0945;Recorrência_200;classification;AdaptiveRandomForest;Otimizado_33Features;classifier;classifier;classifier;N/A;N/A;N/A;2000;100;37;5600;0,0000;0,0000;0,0000;0,0000;0,0000;0,0000;0;0;0;0
20260613_0945;Recorrência_200;classification;AdaptiveRandomForest;Otimizado_33Features;classifier;classifier;classifier;N/A;N/A;N/A;2000;100;38;5700;0,0000;0,0000;0,0000;0,0000;0,0000;0,0000;0;0;0;0
20260613_0945;Recorrência_200;classification;AdaptiveRandomForest;Otimizado_33Features;classifier;classifier;classifier;N/A;N/A;N/A;2000;100;39;5800;0,0000;0,0000;0,0000;0,0000;0,0000;0,0000;0;0;0;0
20260613_0945;Recorrência_200;classification;AdaptiveRandomForest;Otimizado_33Features;classifier;classifier;classifier;N/A;N/A;N/A;2000;100;40;5900;0,0000;0,0000;0,0000;0,0000;0,0000;0,0000;0;0;0;0
20260613_0945;Recorrência_200;classification;AdaptiveRandomForest;Otimizado_33Features;classifier;classifier;classifier;N/A;N/A;N/A;2000;100;41;6000;0,0000;0,0000;0,0000;0,0000;0,0000;0,0000;0;0;0;0
20260613_0945;Recorrência_200;classification;AdaptiveRandomForest;Otimizado_33Features;classifier;classifier;classifier;N/A;N/A;N/A;2000;100;42;6100;0,0000;0,0000;0,0000;0,0000;0,0000;0,0000;0;0;0;0
20260613_0945;Recorrência_200;classification;AdaptiveRandomForest;Otimizado_33Features;classifier;classifier;classifier;N/A;N/A;N/A;2000;100;43;6200;0,0000;0,0000;0,0000;0,0000;0,0000;0,0000;0;0;0;0
20260613_0945;Recorrência_200;classification;AdaptiveRandomForest;Otimizado_33Features;classifier;classifier;classifier;N/A;N/A;N/A;2000;100;44;6300;0,0000;0,0000;0,0000;0,0000;0,0000;0,0000;0;0;0;0
20260613_0945;Recorrência_200;classification;AdaptiveRandomForest;Otimizado_33Features;classifier;classifier;classifier;N/A;N/A;N/A;2000;100;45;6400;0,0000;0,0000;0,0000;0,0000;0,0000;0,0000;0;0;0;0
20260613_0945;Recorrência_200;classification;AdaptiveRandomForest;Otimizado_33Features;classifier;classifier;classifier;N/A;N/A;N/A;2000;100;46;6500;0,0000;0,0000;0,0000;0,0000;0,0000;0,0000;0;0;0;0
20260613_0945;Recorrência_200;classification;AdaptiveRandomForest;Otimizado_33Features;classifier;classifier;classifier;N/A;N/A;N/A;2000;100;47;6600;0,0000;0,0000;0,0000;0,0000;0,0000;0,0000;0;0;0;0
20260613_0945;Recorrência_200;classification;AdaptiveRandomForest;Otimizado_33Features;classifier;classifier;classifier;N/A;N/A;N/A;2000;100;48;6700;99,3289;0,0000;100,0000;0,0000;98,6667;0,0000;0;0;1;0
20260613_0945;Recorrência_200;classification;AdaptiveRandomForest;Otimizado_33Features;classifier;classifier;classifier;N/A;N/A;N/A;2000;100;49;6800;100,0000;0,0000;100,0000;0,0000;100,0000;0,0000;0;0;0;0
20260613_0945;Recorrência_200;classification;AdaptiveRandomForest;Otimizado_33Features;classifier;classifier;classifier;N/A;N/A;N/A;2000;100;50;6900;0,0000;0,0000;0,0000;0,0000;0,0000;0,0000;0;0;0;0
20260613_0945;Recorrência_200;classification;AdaptiveRandomForest;Otimizado_33Features;classifier;classifier;classifier;N/A;N/A;N/A;2000;100;51;7000;0,0000;0,0000;0,0000;0,0000;0,0000;0,0000;0;0;0;0
20260613_0945;Recorrência_200;classification;AdaptiveRandomForest;Otimizado_33Features;classifier;classifier;classifier;N/A;N/A;N/A;2000;100;52;7100;0,0000;0,0000;0,0000;0,0000;0,0000;0,0000;0;0;0;0
20260613_0945;Recorrência_200;classification;AdaptiveRandomForest;Otimizado_33Features;classifier;classifier;classifier;N/A;N/A;N/A;2000;100;53;7200;0,0000;0,0000;0,0000;0,0000;0,0000;0,0000;0;0;0;0
20260613_0945;Recorrência_200;classification;AdaptiveRandomForest;Otimizado_33Features;classifier;classifier;classifier;N/A;N/A;N/A;2000;100;54;7300;0,0000;0,0000;0,0000;0,0000;0,0000;0,0000;0;0;0;0
20260613_0945;Recorrência_200;classification;AdaptiveRandomForest;Otimizado_33Features;classifier;classifier;classifier;N/A;N/A;N/A;2000;100;55;7400;0,0000;0,0000;0,0000;0,0000;0,0000;0,0000;0;0;0;0
20260613_0945;Recorrência_200;classification;AdaptiveRandomForest;Otimizado_33Features;classifier;classifier;classifier;N/A;N/A;N/A;2000;100;56;7500;0,0000;0,0000;0,0000;0,0000;0,0000;0,0000;0;0;0;0
20260613_0945;Recorrência_200;classification;AdaptiveRandomForest;Otimizado_33Features;classifier;classifier;classifier;N/A;N/A;N/A;2000;100;57;7600;0,0000;0,0000;0,0000;0,0000;0,0000;0,0000;0;0;0;0
20260613_0945;Recorrência_200;classification;AdaptiveRandomForest;Otimizado_33Features;classifier;classifier;classifier;N/A;N/A;N/A;2000;100;58;7700;0,0000;0,0000;0,0000;0,0000;0,0000;0,0000;0;0;0;0
20260613_0945;Recorrência_200;classification;AdaptiveRandomForest;Otimizado_33Features;classifier;classifier;classifier;N/A;N/A;N/A;2000;100;59;7800;0,0000;0,0000;0,0000;0,0000;0,0000;0,0000;0;0;0;0
20260613_0945;Recorrência_200;classification;AdaptiveRandomForest;Otimizado_33Features;classifier;classifier;classifier;N/A;N/A;N/A;2000;100;60;7900;0,0000;0,0000;0,0000;0,0000;0,0000;0,0000;0;0;0;0
20260613_0945;Recorrência_200;classification;AdaptiveRandomForest;Otimizado_33Features;classifier;classifier;classifier;N/A;N/A;N/A;2000;100;61;8000;0,0000;0,0000;0,0000;0,0000;0,0000;0,0000;0;0;0;0
20260613_0945;Recorrência_200;classification;AdaptiveRandomForest;Otimizado_33Features;classifier;classifier;classifier;N/A;N/A;N/A;2000;100;62;8100;0,0000;0,0000;0,0000;0,0000;0,0000;0,0000;0;0;0;0
20260613_0945;Recorrência_200;classification;AdaptiveRandomForest;Otimizado_33Features;classifier;classifier;classifier;N/A;N/A;N/A;2000;100;63;8200;0,0000;0,0000;0,0000;0,0000;0,0000;0,0000;0;0;0;0
20260613_0945;Recorrência_200;classification;AdaptiveRandomForest;Otimizado_33Features;classifier;classifier;classifier;N/A;N/A;N/A;2000;100;64;8300;0,0000;0,0000;0,0000;0,0000;0,0000;0,0000;0;0;0;0
20260613_0945;Recorrência_200;classification;AdaptiveRandomForest;Otimizado_33Features;classifier;classifier;classifier;N/A;N/A;N/A;2000;100;65;8400;0,0000;0,0000;0,0000;0,0000;0,0000;0,0000;0;0;0;0
20260613_0945;Recorrência_200;classification;AdaptiveRandomForest;Otimizado_33Features;classifier;classifier;classifier;N/A;N/A;N/A;2000;100;66;8500;0,0000;0,0000;0,0000;0,0000;0,0000;0,0000;0;0;0;0
20260613_0945;Recorrência_200;classification;AdaptiveRandomForest;Otimizado_33Features;classifier;classifier;classifier;N/A;N/A;N/A;2000;100;67;8600;0,0000;0,0000;0,0000;0,0000;0,0000;0,0000;0;0;0;0
20260613_0945;Recorrência_200;classification;AdaptiveRandomForest;Otimizado_33Features;classifier;classifier;classifier;N/A;N/A;N/A;2000;100;68;8700;0,0000;0,0000;0,0000;0,0000;0,0000;0,0000;0;0;0;0
20260613_0945;Recorrência_200;classification;AdaptiveRandomForest;Otimizado_33Features;classifier;classifier;classifier;N/A;N/A;N/A;2000;100;69;8800;0,0000;0,0000;0,0000;0,0000;0,0000;0,0000;0;0;0;0
20260613_0945;Recorrência_200;classification;AdaptiveRandomForest;Otimizado_33Features;classifier;classifier;classifier;N/A;N/A;N/A;2000;100;70;8900;94,9824;2,1875;100,0000;0,0000;90,5263;3,9386;0;0;2;1
20260613_0945;Recorrência_200;classification;AdaptiveRandomForest;Otimizado_33Features;classifier;classifier;classifier;N/A;N/A;N/A;2000;100;71;9000;99,2366;0,0000;100,0000;0,0000;98,4848;0,0000;0;0;1;0
20260613_0945;Recorrência_200;classification;AdaptiveRandomForest;Otimizado_33Features;classifier;classifier;classifier;N/A;N/A;N/A;2000;100;72;9100;0,0000;0,0000;0,0000;0,0000;0,0000;0,0000;0;0;0;0
20260613_0945;Recorrência_200;classification;AdaptiveRandomForest;Otimizado_33Features;classifier;classifier;classifier;N/A;N/A;N/A;2000;100;73;9200;0,0000;0,0000;0,0000;0,0000;0,0000;0,0000;0;0;0;0
20260613_0945;Recorrência_200;classification;AdaptiveRandomForest;Otimizado_33Features;classifier;classifier;classifier;N/A;N/A;N/A;2000;100;74;9300;0,0000;0,0000;0,0000;0,0000;0,0000;0,0000;0;0;0;0
20260613_0945;Recorrência_200;classification;AdaptiveRandomForest;Otimizado_33Features;classifier;classifier;classifier;N/A;N/A;N/A;2000;100;75;9400;0,0000;0,0000;0,0000;0,0000;0,0000;0,0000;0;0;0;0
20260613_0945;Recorrência_200;classification;AdaptiveRandomForest;Otimizado_33Features;classifier;classifier;classifier;N/A;N/A;N/A;2000;100;76;9500;0,0000;0,0000;0,0000;0,0000;0,0000;0,0000;0;0;0;0
20260613_0945;Recorrência_200;classification;AdaptiveRandomForest;Otimizado_33Features;classifier;classifier;classifier;N/A;N/A;N/A;2000;100;77;9600;0,0000;0,0000;0,0000;0,0000;0,0000;0,0000;0;0;0;0
20260613_0945;Recorrência_200;classification;AdaptiveRandomForest;Otimizado_33Features;classifier;classifier;classifier;N/A;N/A;N/A;2000;100;78;9700;0,0000;0,0000;0,0000;0,0000;0,0000;0,0000;0;0;0;0
20260613_0945;Recorrência_200;classification;AdaptiveRandomForest;Otimizado_33Features;classifier;classifier;classifier;N/A;N/A;N/A;2000;100;79;9800;0,0000;0,0000;0,0000;0,0000;0,0000;0,0000;0;0;0;0
20260613_0945;Recorrência_200;classification;AdaptiveRandomForest;Otimizado_33Features;classifier;classifier;classifier;N/A;N/A;N/A;2000;100;80;9900;0,0000;0,0000;0,0000;0,0000;0,0000;0,0000;0;0;0;0
20260613_0945;Recorrência_200;classification;AdaptiveRandomForest;Otimizado_33Features;classifier;classifier;classifier;N/A;N/A;N/A;2000;100;81;10000;0,0000;0,0000;0,0000;0,0000;0,0000;0,0000;0;0;0;0
20260613_0945;Recorrência_200;classification;AdaptiveRandomForest;Otimizado_33Features;classifier;classifier;classifier;N/A;N/A;N/A;2000;100;82;10100;0,0000;0,0000;0,0000;0,0000;0,0000;0,0000;0;0;0;0
20260613_0945;Recorrência_200;classification;AdaptiveRandomForest;Otimizado_33Features;classifier;classifier;classifier;N/A;N/A;N/A;2000;100;83;10200;0,0000;0,0000;0,0000;0,0000;0,0000;0,0000;0;0;0;0
20260613_0945;Recorrência_200;classification;AdaptiveRandomForest;Otimizado_33Features;classifier;classifier;classifier;N/A;N/A;N/A;2000;100;84;10300;0,0000;0,0000;0,0000;0,0000;0,0000;0,0000;0;0;0;0
20260613_0945;Recorrência_200;classification;AdaptiveRandomForest;Otimizado_33Features;classifier;classifier;classifier;N/A;N/A;N/A;2000;100;85;10400;0,0000;0,0000;0,0000;0,0000;0,0000;0,0000;0;0;0;0
20260613_0945;Recorrência_200;classification;AdaptiveRandomForest;Otimizado_33Features;classifier;classifier;classifier;N/A;N/A;N/A;2000;100;86;10500;0,0000;0,0000;0,0000;0,0000;0,0000;0,0000;0;0;0;0
20260613_0945;Recorrência_200;classification;AdaptiveRandomForest;Otimizado_33Features;classifier;classifier;classifier;N/A;N/A;N/A;2000;100;87;10600;0,0000;0,0000;0,0000;0,0000;0,0000;0,0000;0;0;0;0
20260613_0945;Recorrência_200;classification;AdaptiveRandomForest;Otimizado_33Features;classifier;classifier;classifier;N/A;N/A;N/A;2000;100;88;10700;0,0000;0,0000;0,0000;0,0000;0,0000;0,0000;0;0;0;0
20260613_0945;Recorrência_200;classification;AdaptiveRandomForest;Otimizado_33Features;classifier;classifier;classifier;N/A;N/A;N/A;2000;100;89;10800;0,0000;0,0000;0,0000;0,0000;0,0000;0,0000;0;0;0;0
20260613_0945;Recorrência_200;classification;AdaptiveRandomForest;Otimizado_33Features;classifier;classifier;classifier;N/A;N/A;N/A;2000;100;90;10900;0,0000;0,0000;0,0000;0,0000;0,0000;0,0000;0;0;0;0
20260613_0945;Recorrência_200;classification;AdaptiveRandomForest;Otimizado_33Features;classifier;classifier;classifier;N/A;N/A;N/A;2000;100;91;11000;0,0000;0,0000;0,0000;0,0000;0,0000;0,0000;0;0;0;0
20260613_0945;Recorrência_200;classification;AdaptiveRandomForest;Otimizado_33Features;classifier;classifier;classifier;N/A;N/A;N/A;2000;100;92;11100;0,0000;0,0000;0,0000;0,0000;0,0000;0,0000;0;0;0;0
20260613_0945;Recorrência_200;classification;AdaptiveRandomForest;Otimizado_33Features;classifier;classifier;classifier;N/A;N/A;N/A;2000;100;93;11200;99,0006;0,2234;100,0000;0,0000;98,0220;0,4396;0;0;2;1
20260613_0945;Recorrência_200;classification;AdaptiveRandomForest;Otimizado_33Features;classifier;classifier;classifier;N/A;N/A;N/A;2000;100;94;11300;100,0000;0,0000;100,0000;0,0000;100,0000;0,0000;0;0;0;0
20260613_0945;Recorrência_200;classification;AdaptiveRandomForest;Otimizado_33Features;classifier;classifier;classifier;N/A;N/A;N/A;2000;100;95;11400;0,0000;0,0000;0,0000;0,0000;0,0000;0,0000;0;0;0;0
20260613_0945;Recorrência_200;classification;AdaptiveRandomForest;Otimizado_33Features;classifier;classifier;classifier;N/A;N/A;N/A;2000;100;96;11500;0,0000;0,0000;0,0000;0,0000;0,0000;0,0000;0;0;0;0
20260613_0945;Recorrência_200;classification;AdaptiveRandomForest;Otimizado_33Features;classifier;classifier;classifier;N/A;N/A;N/A;2000;100;97;11600;0,0000;0,0000;0,0000;0,0000;0,0000;0,0000;0;0;0;0
20260613_0945;Recorrência_200;classification;AdaptiveRandomForest;Otimizado_33Features;classifier;classifier;classifier;N/A;N/A;N/A;2000;100;98;11700;0,0000;0,0000;0,0000;0,0000;0,0000;0,0000;0;0;0;0
20260613_0945;Recorrência_200;classification;AdaptiveRandomForest;Otimizado_33Features;classifier;classifier;classifier;N/A;N/A;N/A;2000;100;99;11800;0,0000;0,0000;0,0000;0,0000;0,0000;0,0000;0;0;0;0
20260613_0945;Recorrência_200;classification;AdaptiveRandomForest;Otimizado_33Features;classifier;classifier;classifier;N/A;N/A;N/A;2000;100;100;11900;0,0000;0,0000;0,0000;0,0000;0,0000;0,0000;0;0;0;0
20260613_0945;Recorrência_200;classification;AdaptiveRandomForest;Otimizado_33Features;classifier;classifier;classifier;N/A;N/A;N/A;2000;100;101;12000;0,0000;0,0000;0,0000;0,0000;0,0000;0,0000;0;0;0;0
20260613_0945;Recorrência_200;classification;AdaptiveRandomForest;Otimizado_33Features;classifier;classifier;classifier;N/A;N/A;N/A;2000;100;102;12100;0,0000;0,0000;0,0000;0,0000;0,0000;0,0000;0;0;0;0
20260613_0945;Recorrência_200;classification;AdaptiveRandomForest;Otimizado_33Features;classifier;classifier;classifier;N/A;N/A;N/A;2000;100;103;12200;0,0000;0,0000;0,0000;0,0000;0,0000;0,0000;0;0;0;0
20260613_0945;Recorrência_200;classification;AdaptiveRandomForest;Otimizado_33Features;classifier;classifier;classifier;N/A;N/A;N/A;2000;100;104;12300;0,0000;0,0000;0,0000;0,0000;0,0000;0,0000;0;0;0;0
20260613_0945;Recorrência_200;classification;AdaptiveRandomForest;Otimizado_33Features;classifier;classifier;classifier;N/A;N/A;N/A;2000;100;105;12400;0,0000;0,0000;0,0000;0,0000;0,0000;0,0000;0;0;0;0
20260613_0945;Recorrência_200;classification;AdaptiveRandomForest;Otimizado_33Features;classifier;classifier;classifier;N/A;N/A;N/A;2000;100;106;12500;0,0000;0,0000;0,0000;0,0000;0,0000;0,0000;0;0;0;0
20260613_0945;Recorrência_200;classification;AdaptiveRandomForest;Otimizado_33Features;classifier;classifier;classifier;N/A;N/A;N/A;2000;100;107;12600;0,0000;0,0000;0,0000;0,0000;0,0000;0,0000;0;0;0;0
20260613_0945;Recorrência_200;classification;AdaptiveRandomForest;Otimizado_33Features;classifier;classifier;classifier;N/A;N/A;N/A;2000;100;108;12700;0,0000;0,0000;0,0000;0,0000;0,0000;0,0000;0;0;0;0
20260613_0945;Recorrência_200;classification;AdaptiveRandomForest;Otimizado_33Features;classifier;classifier;classifier;N/A;N/A;N/A;2000;100;109;12800;0,0000;0,0000;0,0000;0,0000;0,0000;0,0000;0;0;0;0
20260613_0945;Recorrência_200;classification;AdaptiveRandomForest;Otimizado_33Features;classifier;classifier;classifier;N/A;N/A;N/A;2000;100;110;12900;0,0000;0,0000;0,0000;0,0000;0,0000;0,0000;0;0;0;0
20260613_0945;Recorrência_200;classification;AdaptiveRandomForest;Otimizado_33Features;classifier;classifier;classifier;N/A;N/A;N/A;2000;100;111;13000;0,0000;0,0000;0,0000;0,0000;0,0000;0,0000;0;0;0;0
20260613_0945;Recorrência_200;classification;AdaptiveRandomForest;Otimizado_33Features;classifier;classifier;classifier;N/A;N/A;N/A;2000;100;112;13100;0,0000;0,0000;0,0000;0,0000;0,0000;0,0000;0;0;0;0
20260613_0945;Recorrência_200;classification;AdaptiveRandomForest;Otimizado_33Features;classifier;classifier;classifier;N/A;N/A;N/A;2000;100;113;13200;0,0000;0,0000;0,0000;0,0000;0,0000;0,0000;0;0;0;0
20260613_0945;Recorrência_200;classification;AdaptiveRandomForest;Otimizado_33Features;classifier;classifier;classifier;N/A;N/A;N/A;2000;100;114;13300;0,0000;0,0000;0,0000;0,0000;0,0000;0,0000;0;0;0;0
20260613_0945;Recorrência_200;classification;AdaptiveRandomForest;Otimizado_33Features;classifier;classifier;classifier;N/A;N/A;N/A;2000;100;115;13400;100,0000;0,0000;100,0000;0,0000;100,0000;0,0000;0;0;0;0
20260613_0945;Recorrência_200;classification;AdaptiveRandomForest;Otimizado_33Features;classifier;classifier;classifier;N/A;N/A;N/A;2000;100;116;13500;100,0000;0,0000;100,0000;0,0000;100,0000;0,0000;0;0;0;0
20260613_0945;Recorrência_200;classification;AdaptiveRandomForest;Otimizado_33Features;classifier;classifier;classifier;N/A;N/A;N/A;2000;100;117;13600;0,0000;0,0000;0,0000;0,0000;0,0000;0,0000;0;0;0;0
20260613_0945;Recorrência_200;classification;AdaptiveRandomForest;Otimizado_33Features;classifier;classifier;classifier;N/A;N/A;N/A;2000;100;118;13700;0,0000;0,0000;0,0000;0,0000;0,0000;0,0000;0;0;0;0
20260613_0945;Recorrência_200;classification;AdaptiveRandomForest;Otimizado_33Features;classifier;classifier;classifier;N/A;N/A;N/A;2000;100;119;13800;0,0000;0,0000;0,0000;0,0000;0,0000;0,0000;0;0;0;0
20260613_0945;Recorrência_200;classification;AdaptiveRandomForest;Otimizado_33Features;classifier;classifier;classifier;N/A;N/A;N/A;2000;100;120;13900;0,0000;0,0000;0,0000;0,0000;0,0000;0,0000;0;0;0;0
20260613_0945;Recorrência_200;classification;AdaptiveRandomForest;Otimizado_33Features;classifier;classifier;classifier;N/A;N/A;N/A;2000;100;121;14000;0,0000;0,0000;0,0000;0,0000;0,0000;0,0000;0;0;0;0
20260613_0945;Recorrência_200;classification;AdaptiveRandomForest;Otimizado_33Features;classifier;classifier;classifier;N/A;N/A;N/A;2000;100;122;14100;0,0000;0,0000;0,0000;0,0000;0,0000;0,0000;0;0;0;0
20260613_0945;Recorrência_200;classification;AdaptiveRandomForest;Otimizado_33Features;classifier;classifier;classifier;N/A;N/A;N/A;2000;100;123;14200;0,0000;0,0000;0,0000;0,0000;0,0000;0,0000;0;0;0;0
20260613_0945;Recorrência_200;classification;AdaptiveRandomForest;Otimizado_33Features;classifier;classifier;classifier;N/A;N/A;N/A;2000;100;124;14300;0,0000;0,0000;0,0000;0,0000;0,0000;0,0000;0;0;0;0
20260613_0945;Recorrência_200;classification;AdaptiveRandomForest;Otimizado_33Features;classifier;classifier;classifier;N/A;N/A;N/A;2000;100;125;14400;0,0000;0,0000;0,0000;0,0000;0,0000;0,0000;0;0;0;0
20260613_0945;Recorrência_200;classification;AdaptiveRandomForest;Otimizado_33Features;classifier;classifier;classifier;N/A;N/A;N/A;2000;100;126;14500;0,0000;0,0000;0,0000;0,0000;0,0000;0,0000;0;0;0;0
20260613_0945;Recorrência_200;classification;AdaptiveRandomForest;Otimizado_33Features;classifier;classifier;classifier;N/A;N/A;N/A;2000;100;127;14600;0,0000;0,0000;0,0000;0,0000;0,0000;0,0000;0;0;0;0
20260613_0945;Recorrência_200;classification;AdaptiveRandomForest;Otimizado_33Features;classifier;classifier;classifier;N/A;N/A;N/A;2000;100;128;14700;0,0000;0,0000;0,0000;0,0000;0,0000;0,0000;0;0;0;0
20260613_0945;Recorrência_200;classification;AdaptiveRandomForest;Otimizado_33Features;classifier;classifier;classifier;N/A;N/A;N/A;2000;100;129;14800;0,0000;0,0000;0,0000;0,0000;0,0000;0,0000;0;0;0;0
20260613_0945;Recorrência_200;classification;AdaptiveRandomForest;Otimizado_33Features;classifier;classifier;classifier;N/A;N/A;N/A;2000;100;130;14900;0,0000;0,0000;0,0000;0,0000;0,0000;0,0000;0;0;0;0
20260613_0945;Recorrência_200;classification;AdaptiveRandomForest;Otimizado_33Features;classifier;classifier;classifier;N/A;N/A;N/A;2000;100;131;15000;0,0000;0,0000;0,0000;0,0000;0,0000;0,0000;0;0;0;0
20260613_0945;Recorrência_200;classification;AdaptiveRandomForest;Otimizado_33Features;classifier;classifier;classifier;N/A;N/A;N/A;2000;100;132;15100;0,0000;0,0000;0,0000;0,0000;0,0000;0,0000;0;0;0;0
20260613_0945;Recorrência_200;classification;AdaptiveRandomForest;Otimizado_33Features;classifier;classifier;classifier;N/A;N/A;N/A;2000;100;133;15200;0,0000;0,0000;0,0000;0,0000;0,0000;0,0000;0;0;0;0
20260613_0945;Recorrência_200;classification;AdaptiveRandomForest;Otimizado_33Features;classifier;classifier;classifier;N/A;N/A;N/A;2000;100;134;15300;0,0000;0,0000;0,0000;0,0000;0,0000;0,0000;0;0;0;0
20260613_0945;Recorrência_200;classification;AdaptiveRandomForest;Otimizado_33Features;classifier;classifier;classifier;N/A;N/A;N/A;2000;100;135;15400;0,0000;0,0000;0,0000;0,0000;0,0000;0,0000;0;0;0;0
20260613_0945;Recorrência_200;classification;AdaptiveRandomForest;Otimizado_33Features;classifier;classifier;classifier;N/A;N/A;N/A;2000;100;136;15500;0,0000;0,0000;0,0000;0,0000;0,0000;0,0000;0;0;0;0
20260613_0945;Recorrência_1000;classification;AdaptiveRandomForest;Otimizado_33Features;classifier;classifier;classifier;N/A;N/A;N/A;2000;100;1;2000;0,0000;0,0000;0,0000;0,0000;0,0000;0,0000;0;0;0;0
20260613_0945;Recorrência_1000;classification;AdaptiveRandomForest;Otimizado_33Features;classifier;classifier;classifier;N/A;N/A;N/A;2000;100;2;2100;0,0000;0,0000;0,0000;0,0000;0,0000;0,0000;0;0;0;0
20260613_0945;Recorrência_1000;classification;AdaptiveRandomForest;Otimizado_33Features;classifier;classifier;classifier;N/A;N/A;N/A;2000;100;3;2200;94,2435;0,7324;98,0691;0,0278;90,7143;1,3363;1;0;6;1
20260613_0945;Recorrência_1000;classification;AdaptiveRandomForest;Otimizado_33Features;classifier;classifier;classifier;N/A;N/A;N/A;2000;100;4;2300;99,3910;0,6639;98,7979;1,3042;100,0000;0,0000;1;2;0;0
20260613_0945;Recorrência_1000;classification;AdaptiveRandomForest;Otimizado_33Features;classifier;classifier;classifier;N/A;N/A;N/A;2000;100;5;2400;100,0000;0,0000;100,0000;0,0000;100,0000;0,0000;0;0;0;0
20260613_0945;Recorrência_1000;classification;AdaptiveRandomForest;Otimizado_33Features;classifier;classifier;classifier;N/A;N/A;N/A;2000;100;6;2500;98,4615;0,0000;96,9697;0,0000;100,0000;0,0000;3;0;0;0
20260613_0945;Recorrência_1000;classification;AdaptiveRandomForest;Otimizado_33Features;classifier;classifier;classifier;N/A;N/A;N/A;2000;100;7;2600;99,4903;0,4563;100,0000;0,0000;98,9899;0,9035;0;0;1;1
20260613_0945;Recorrência_1000;classification;AdaptiveRandomForest;Otimizado_33Features;classifier;classifier;classifier;N/A;N/A;N/A;2000;100;8;2700;94,3417;0,4482;89,2929;0,8081;100,0000;0,0000;5;1;0;0
20260613_0945;Recorrência_1000;classification;AdaptiveRandomForest;Otimizado_33Features;classifier;classifier;classifier;N/A;N/A;N/A;2000;100;9;2800;0,0000;0,0000;0,0000;0,0000;0,0000;0,0000;1;0;0;0
20260613_0945;Recorrência_1000;classification;AdaptiveRandomForest;Otimizado_33Features;classifier;classifier;classifier;N/A;N/A;N/A;2000;100;10;2900;0,0000;0,0000;0,0000;0,0000;0,0000;0,0000;1;0;0;0
20260613_0945;Recorrência_1000;classification;AdaptiveRandomForest;Otimizado_33Features;classifier;classifier;classifier;N/A;N/A;N/A;2000;100;11;3000;0,0000;0,0000;0,0000;0,0000;0,0000;0,0000;0;0;0;0
20260613_0945;Recorrência_1000;classification;AdaptiveRandomForest;Otimizado_33Features;classifier;classifier;classifier;N/A;N/A;N/A;2000;100;12;3100;0,0000;0,0000;0,0000;0,0000;0,0000;0,0000;0;0;0;0
20260613_0945;Recorrência_1000;classification;AdaptiveRandomForest;Otimizado_33Features;classifier;classifier;classifier;N/A;N/A;N/A;2000;100;13;3200;0,0000;0,0000;0,0000;0,0000;0,0000;0,0000;0;0;0;0
20260613_0945;Recorrência_1000;classification;AdaptiveRandomForest;Otimizado_33Features;classifier;classifier;classifier;N/A;N/A;N/A;2000;100;14;3300;0,0000;0,0000;0,0000;0,0000;0,0000;0,0000;0;0;0;0
20260613_0945;Recorrência_1000;classification;AdaptiveRandomForest;Otimizado_33Features;classifier;classifier;classifier;N/A;N/A;N/A;2000;100;15;3400;0,0000;0,0000;0,0000;0,0000;0,0000;0,0000;0;0;0;0
20260613_0945;Recorrência_1000;classification;AdaptiveRandomForest;Otimizado_33Features;classifier;classifier;classifier;N/A;N/A;N/A;2000;100;16;3500;0,0000;0,0000;0,0000;0,0000;0,0000;0,0000;0;0;0;0
20260613_0945;Recorrência_1000;classification;AdaptiveRandomForest;Otimizado_33Features;classifier;classifier;classifier;N/A;N/A;N/A;2000;100;17;3600;0,0000;0,0000;0,0000;0,0000;0,0000;0,0000;0;0;0;0
20260613_0945;Recorrência_1000;classification;AdaptiveRandomForest;Otimizado_33Features;classifier;classifier;classifier;N/A;N/A;N/A;2000;100;18;3700;0,0000;0,0000;0,0000;0,0000;0,0000;0,0000;0;0;0;0
20260613_0945;Recorrência_1000;classification;AdaptiveRandomForest;Otimizado_33Features;classifier;classifier;classifier;N/A;N/A;N/A;2000;100;19;3800;0,0000;0,0000;0,0000;0,0000;0,0000;0,0000;1;1;0;0
20260613_0945;Recorrência_1000;classification;AdaptiveRandomForest;Otimizado_33Features;classifier;classifier;classifier;N/A;N/A;N/A;2000;100;20;3900;0,0000;0,0000;0,0000;0,0000;0,0000;0,0000;0;0;0;0
20260613_0945;Recorrência_1000;classification;AdaptiveRandomForest;Otimizado_33Features;classifier;classifier;classifier;N/A;N/A;N/A;2000;100;21;4000;0,0000;0,0000;0,0000;0,0000;0,0000;0,0000;0;0;0;0
20260613_0945;Recorrência_1000;classification;AdaptiveRandomForest;Otimizado_33Features;classifier;classifier;classifier;N/A;N/A;N/A;2000;100;22;4100;0,0000;0,0000;0,0000;0,0000;0,0000;0,0000;0;0;0;0
20260613_0945;Recorrência_1000;classification;AdaptiveRandomForest;Otimizado_33Features;classifier;classifier;classifier;N/A;N/A;N/A;2000;100;23;4200;0,0000;0,0000;0,0000;0,0000;0,0000;0,0000;0;0;0;0
20260613_0945;Recorrência_1000;classification;AdaptiveRandomForest;Otimizado_33Features;classifier;classifier;classifier;N/A;N/A;N/A;2000;100;24;4300;0,0000;0,0000;0,0000;0,0000;0,0000;0,0000;0;0;0;0
20260613_0945;Recorrência_1000;classification;AdaptiveRandomForest;Otimizado_33Features;classifier;classifier;classifier;N/A;N/A;N/A;2000;100;25;4400;0,0000;0,0000;0,0000;0,0000;0,0000;0,0000;0;0;0;0
20260613_0945;Recorrência_1000;classification;AdaptiveRandomForest;Otimizado_33Features;classifier;classifier;classifier;N/A;N/A;N/A;2000;100;26;4500;0,0000;0,0000;0,0000;0,0000;0,0000;0,0000;0;0;0;0
20260613_0945;Recorrência_1000;classification;AdaptiveRandomForest;Otimizado_33Features;classifier;classifier;classifier;N/A;N/A;N/A;2000;100;27;4600;0,0000;0,0000;0,0000;0,0000;0,0000;0,0000;0;0;0;0
20260613_0945;Recorrência_1000;classification;AdaptiveRandomForest;Otimizado_33Features;classifier;classifier;classifier;N/A;N/A;N/A;2000;100;28;4700;0,0000;0,0000;0,0000;0,0000;0,0000;0,0000;0;0;0;0
20260613_0945;Recorrência_1000;classification;AdaptiveRandomForest;Otimizado_33Features;classifier;classifier;classifier;N/A;N/A;N/A;2000;100;29;4800;41,9298;5,2748;100,0000;0,0000;26,6667;4,2164;0;0;11;1
20260613_0945;Recorrência_1000;classification;AdaptiveRandomForest;Otimizado_33Features;classifier;classifier;classifier;N/A;N/A;N/A;2000;100;30;4900;100,0000;0,0000;100,0000;0,0000;100,0000;0,0000;0;0;0;0
20260613_0945;Recorrência_1000;classification;AdaptiveRandomForest;Otimizado_33Features;classifier;classifier;classifier;N/A;N/A;N/A;2000;100;31;5000;100,0000;0,0000;100,0000;0,0000;100,0000;0,0000;0;0;0;0
20260613_0945;Recorrência_1000;classification;AdaptiveRandomForest;Otimizado_33Features;classifier;classifier;classifier;N/A;N/A;N/A;2000;100;32;5100;100,0000;0,0000;100,0000;0,0000;100,0000;0,0000;0;0;0;0
20260613_0945;Recorrência_1000;classification;AdaptiveRandomForest;Otimizado_33Features;classifier;classifier;classifier;N/A;N/A;N/A;2000;100;33;5200;100,0000;0,0000;100,0000;0,0000;100,0000;0,0000;0;0;0;0
20260613_0945;Recorrência_1000;classification;AdaptiveRandomForest;Otimizado_33Features;classifier;classifier;classifier;N/A;N/A;N/A;2000;100;34;5300;97,7626;0,2311;95,6242;0,4437;100,0000;0,0000;4;1;0;0
20260613_0945;Recorrência_1000;classification;AdaptiveRandomForest;Otimizado_33Features;classifier;classifier;classifier;N/A;N/A;N/A;2000;100;35;5400;0,0000;0,0000;0,0000;0,0000;0,0000;0,0000;1;0;0;0
20260613_0945;Recorrência_1000;classification;AdaptiveRandomForest;Otimizado_33Features;classifier;classifier;classifier;N/A;N/A;N/A;2000;100;36;5500;0,0000;0,0000;0,0000;0,0000;0,0000;0,0000;0;0;0;0
20260613_0945;Recorrência_1000;classification;AdaptiveRandomForest;Otimizado_33Features;classifier;classifier;classifier;N/A;N/A;N/A;2000;100;37;5600;0,0000;0,0000;0,0000;0,0000;0,0000;0,0000;2;1;0;0
20260613_0945;Recorrência_1000;classification;AdaptiveRandomForest;Otimizado_33Features;classifier;classifier;classifier;N/A;N/A;N/A;2000;100;38;5700;0,0000;0,0000;0,0000;0,0000;0,0000;0,0000;0;0;0;0
20260613_0945;Recorrência_1000;classification;AdaptiveRandomForest;Otimizado_33Features;classifier;classifier;classifier;N/A;N/A;N/A;2000;100;39;5800;0,0000;0,0000;0,0000;0,0000;0,0000;0,0000;0;0;0;0
20260613_0945;Recorrência_1000;classification;AdaptiveRandomForest;Otimizado_33Features;classifier;classifier;classifier;N/A;N/A;N/A;2000;100;40;5900;0,0000;0,0000;0,0000;0,0000;0,0000;0,0000;0;0;0;0
20260613_0945;Recorrência_1000;classification;AdaptiveRandomForest;Otimizado_33Features;classifier;classifier;classifier;N/A;N/A;N/A;2000;100;41;6000;0,0000;0,0000;0,0000;0,0000;0,0000;0,0000;0;0;0;0
20260613_0945;Recorrência_1000;classification;AdaptiveRandomForest;Otimizado_33Features;classifier;classifier;classifier;N/A;N/A;N/A;2000;100;42;6100;0,0000;0,0000;0,0000;0,0000;0,0000;0,0000;0;0;0;0
20260613_0945;Recorrência_1000;classification;AdaptiveRandomForest;Otimizado_33Features;classifier;classifier;classifier;N/A;N/A;N/A;2000;100;43;6200;0,0000;0,0000;0,0000;0,0000;0,0000;0,0000;0;0;0;0
20260613_0945;Recorrência_1000;classification;AdaptiveRandomForest;Otimizado_33Features;classifier;classifier;classifier;N/A;N/A;N/A;2000;100;44;6300;0,0000;0,0000;0,0000;0,0000;0,0000;0,0000;0;0;0;0
20260613_0945;Recorrência_1000;classification;AdaptiveRandomForest;Otimizado_33Features;classifier;classifier;classifier;N/A;N/A;N/A;2000;100;45;6400;0,0000;0,0000;0,0000;0,0000;0,0000;0,0000;0;0;0;0
20260613_0945;Recorrência_1000;classification;AdaptiveRandomForest;Otimizado_33Features;classifier;classifier;classifier;N/A;N/A;N/A;2000;100;46;6500;0,0000;0,0000;0,0000;0,0000;0,0000;0,0000;0;0;0;0
20260613_0945;Recorrência_1000;classification;AdaptiveRandomForest;Otimizado_33Features;classifier;classifier;classifier;N/A;N/A;N/A;2000;100;47;6600;0,0000;0,0000;0,0000;0,0000;0,0000;0,0000;0;0;0;0
20260613_0945;Recorrência_1000;classification;AdaptiveRandomForest;Otimizado_33Features;classifier;classifier;classifier;N/A;N/A;N/A;2000;100;48;6700;0,0000;0,0000;0,0000;0,0000;0,0000;0,0000;0;0;0;0
20260613_0945;Recorrência_1000;classification;AdaptiveRandomForest;Otimizado_33Features;classifier;classifier;classifier;N/A;N/A;N/A;2000;100;49;6800;0,0000;0,0000;0,0000;0,0000;0,0000;0,0000;0;0;0;0
20260613_0945;Recorrência_1000;classification;AdaptiveRandomForest;Otimizado_33Features;classifier;classifier;classifier;N/A;N/A;N/A;2000;100;50;6900;0,0000;0,0000;0,0000;0,0000;0,0000;0,0000;0;0;0;0
20260613_0945;Recorrência_1000;classification;AdaptiveRandomForest;Otimizado_33Features;classifier;classifier;classifier;N/A;N/A;N/A;2000;100;51;7000;0,0000;0,0000;0,0000;0,0000;0,0000;0,0000;0;0;0;0
20260613_0945;Recorrência_1000;classification;AdaptiveRandomForest;Otimizado_33Features;classifier;classifier;classifier;N/A;N/A;N/A;2000;100;52;7100;0,0000;0,0000;0,0000;0,0000;0,0000;0,0000;0;0;0;0
20260613_0945;Recorrência_1000;classification;AdaptiveRandomForest;Otimizado_33Features;classifier;classifier;classifier;N/A;N/A;N/A;2000;100;53;7200;0,0000;0,0000;0,0000;0,0000;0,0000;0,0000;0;0;0;0
20260613_0945;Recorrência_1000;classification;AdaptiveRandomForest;Otimizado_33Features;classifier;classifier;classifier;N/A;N/A;N/A;2000;100;54;7300;0,0000;0,0000;0,0000;0,0000;0,0000;0,0000;0;0;0;0
20260613_0945;Recorrência_1000;classification;AdaptiveRandomForest;Otimizado_33Features;classifier;classifier;classifier;N/A;N/A;N/A;2000;100;55;7400;0,0000;0,0000;0,0000;0,0000;0,0000;0,0000;0;0;0;0
20260613_0945;Recorrência_1000;classification;AdaptiveRandomForest;Otimizado_33Features;classifier;classifier;classifier;N/A;N/A;N/A;2000;100;56;7500;100,0000;0,0000;100,0000;0,0000;100,0000;0,0000;0;0;0;0
20260613_0945;Recorrência_1000;classification;AdaptiveRandomForest;Otimizado_33Features;classifier;classifier;classifier;N/A;N/A;N/A;2000;100;57;7600;100,0000;0,0000;100,0000;0,0000;100,0000;0,0000;0;0;0;0
20260613_0945;Recorrência_1000;classification;AdaptiveRandomForest;Otimizado_33Features;classifier;classifier;classifier;N/A;N/A;N/A;2000;100;58;7700;100,0000;0,0000;100,0000;0,0000;100,0000;0,0000;0;0;0;0
20260613_0945;Recorrência_1000;classification;AdaptiveRandomForest;Otimizado_33Features;classifier;classifier;classifier;N/A;N/A;N/A;2000;100;59;7800;100,0000;0,0000;100,0000;0,0000;100,0000;0,0000;0;0;0;0
20260613_0945;Recorrência_1000;classification;AdaptiveRandomForest;Otimizado_33Features;classifier;classifier;classifier;N/A;N/A;N/A;2000;100;60;7900;100,0000;0,0000;100,0000;0,0000;100,0000;0,0000;0;0;0;0
20260613_0945;Recorrência_1000;classification;AdaptiveRandomForest;Otimizado_33Features;classifier;classifier;classifier;N/A;N/A;N/A;2000;100;61;8000;100,0000;0,0000;100,0000;0,0000;100,0000;0,0000;0;0;0;0
20260613_0945;Recorrência_1000;classification;AdaptiveRandomForest;Otimizado_33Features;classifier;classifier;classifier;N/A;N/A;N/A;2000;100;62;8100;0,0000;0,0000;0,0000;0,0000;0,0000;0,0000;0;0;0;0
20260613_0945;Recorrência_1000;classification;AdaptiveRandomForest;Otimizado_33Features;classifier;classifier;classifier;N/A;N/A;N/A;2000;100;63;8200;0,0000;0,0000;0,0000;0,0000;0,0000;0,0000;0;0;0;0
20260613_0945;Recorrência_1000;classification;AdaptiveRandomForest;Otimizado_33Features;classifier;classifier;classifier;N/A;N/A;N/A;2000;100;64;8300;0,0000;0,0000;0,0000;0,0000;0,0000;0,0000;0;0;0;0
20260613_0945;Recorrência_1000;classification;AdaptiveRandomForest;Otimizado_33Features;classifier;classifier;classifier;N/A;N/A;N/A;2000;100;65;8400;0,0000;0,0000;0,0000;0,0000;0,0000;0,0000;0;0;0;0
20260613_0945;Recorrência_1000;classification;AdaptiveRandomForest;Otimizado_33Features;classifier;classifier;classifier;N/A;N/A;N/A;2000;100;66;8500;0,0000;0,0000;0,0000;0,0000;0,0000;0,0000;0;0;0;0
20260613_0945;Recorrência_1000;classification;AdaptiveRandomForest;Otimizado_33Features;classifier;classifier;classifier;N/A;N/A;N/A;2000;100;67;8600;0,0000;0,0000;0,0000;0,0000;0,0000;0,0000;0;0;0;0
20260613_0945;Recorrência_1000;classification;AdaptiveRandomForest;Otimizado_33Features;classifier;classifier;classifier;N/A;N/A;N/A;2000;100;68;8700;0,0000;0,0000;0,0000;0,0000;0,0000;0,0000;0;0;0;0
20260613_0945;Recorrência_1000;classification;AdaptiveRandomForest;Otimizado_33Features;classifier;classifier;classifier;N/A;N/A;N/A;2000;100;69;8800;0,0000;0,0000;0,0000;0,0000;0,0000;0,0000;0;0;0;0
20260613_0945;Recorrência_1000;classification;AdaptiveRandomForest;Otimizado_33Features;classifier;classifier;classifier;N/A;N/A;N/A;2000;100;70;8900;0,0000;0,0000;0,0000;0,0000;0,0000;0,0000;0;0;0;0
20260613_0945;Recorrência_1000;classification;AdaptiveRandomForest;Otimizado_33Features;classifier;classifier;classifier;N/A;N/A;N/A;2000;100;71;9000;0,0000;0,0000;0,0000;0,0000;0,0000;0,0000;0;0;0;0
20260613_0945;Recorrência_1000;classification;AdaptiveRandomForest;Otimizado_33Features;classifier;classifier;classifier;N/A;N/A;N/A;2000;100;72;9100;0,0000;0,0000;0,0000;0,0000;0,0000;0,0000;0;0;0;0
20260613_0945;Recorrência_1000;classification;AdaptiveRandomForest;Otimizado_33Features;classifier;classifier;classifier;N/A;N/A;N/A;2000;100;73;9200;0,0000;0,0000;0,0000;0,0000;0,0000;0,0000;0;0;0;0
20260613_0945;Recorrência_1000;classification;AdaptiveRandomForest;Otimizado_33Features;classifier;classifier;classifier;N/A;N/A;N/A;2000;100;74;9300;0,0000;0,0000;0,0000;0,0000;0,0000;0,0000;0;0;0;0
20260613_0945;Recorrência_1000;classification;AdaptiveRandomForest;Otimizado_33Features;classifier;classifier;classifier;N/A;N/A;N/A;2000;100;75;9400;0,0000;0,0000;0,0000;0,0000;0,0000;0,0000;0;0;0;0
20260613_0945;Recorrência_1000;classification;AdaptiveRandomForest;Otimizado_33Features;classifier;classifier;classifier;N/A;N/A;N/A;2000;100;76;9500;0,0000;0,0000;0,0000;0,0000;0,0000;0,0000;0;0;0;0
20260613_0945;Recorrência_1000;classification;AdaptiveRandomForest;Otimizado_33Features;classifier;classifier;classifier;N/A;N/A;N/A;2000;100;77;9600;0,0000;0,0000;0,0000;0,0000;0,0000;0,0000;0;0;0;0
20260613_0945;Recorrência_1000;classification;AdaptiveRandomForest;Otimizado_33Features;classifier;classifier;classifier;N/A;N/A;N/A;2000;100;78;9700;0,0000;0,0000;0,0000;0,0000;0,0000;0,0000;0;0;0;0
20260613_0945;Recorrência_1000;classification;AdaptiveRandomForest;Otimizado_33Features;classifier;classifier;classifier;N/A;N/A;N/A;2000;100;79;9800;0,0000;0,0000;0,0000;0,0000;0,0000;0,0000;0;0;0;0
20260613_0945;Recorrência_1000;classification;AdaptiveRandomForest;Otimizado_33Features;classifier;classifier;classifier;N/A;N/A;N/A;2000;100;80;9900;0,0000;0,0000;0,0000;0,0000;0,0000;0,0000;0;0;0;0
20260613_0945;Recorrência_1000;classification;AdaptiveRandomForest;Otimizado_33Features;classifier;classifier;classifier;N/A;N/A;N/A;2000;100;81;10000;0,0000;0,0000;0,0000;0,0000;0,0000;0,0000;0;0;0;0
20260613_0945;Recorrência_1000;classification;AdaptiveRandomForest;Otimizado_33Features;classifier;classifier;classifier;N/A;N/A;N/A;2000;100;82;10100;85,9289;2,0553;100,0000;0,0000;75,3846;3,0769;0;0;4;1
20260613_0945;Recorrência_1000;classification;AdaptiveRandomForest;Otimizado_33Features;classifier;classifier;classifier;N/A;N/A;N/A;2000;100;83;10200;92,4235;0,8471;100,0000;0,0000;85,9259;1,4815;0;0;4;1
20260613_0945;Recorrência_1000;classification;AdaptiveRandomForest;Otimizado_33Features;classifier;classifier;classifier;N/A;N/A;N/A;2000;100;84;10300;90,5128;3,5897;100,0000;0,0000;82,8571;5,7143;0;0;2;1
20260613_0945;Recorrência_1000;classification;AdaptiveRandomForest;Otimizado_33Features;classifier;classifier;classifier;N/A;N/A;N/A;2000;100;85;10400;98,4158;0,3287;100,0000;0,0000;96,8831;0,6362;0;0;3;1
20260613_0945;Recorrência_1000;classification;AdaptiveRandomForest;Otimizado_33Features;classifier;classifier;classifier;N/A;N/A;N/A;2000;100;86;10500;97,5340;0,8503;100,0000;0,0000;95,2000;1,6000;0;0;2;1
20260613_0945;Recorrência_1000;classification;AdaptiveRandomForest;Otimizado_33Features;classifier;classifier;classifier;N/A;N/A;N/A;2000;100;87;10600;100,0000;0,0000;100,0000;0,0000;100,0000;0,0000;0;0;0;0
20260613_0945;Recorrência_1000;classification;AdaptiveRandomForest;Otimizado_33Features;classifier;classifier;classifier;N/A;N/A;N/A;2000;100;88;10700;0,0000;0,0000;0,0000;0,0000;0,0000;0,0000;0;0;0;0
20260613_0945;Recorrência_1000;classification;AdaptiveRandomForest;Otimizado_33Features;classifier;classifier;classifier;N/A;N/A;N/A;2000;100;89;10800;0,0000;0,0000;0,0000;0,0000;0,0000;0,0000;0;0;0;0
20260613_0945;Recorrência_1000;classification;AdaptiveRandomForest;Otimizado_33Features;classifier;classifier;classifier;N/A;N/A;N/A;2000;100;90;10900;0,0000;0,0000;0,0000;0,0000;0,0000;0,0000;1;1;0;0
20260613_0945;Recorrência_1000;classification;AdaptiveRandomForest;Otimizado_33Features;classifier;classifier;classifier;N/A;N/A;N/A;2000;100;91;11000;0,0000;0,0000;0,0000;0,0000;0,0000;0,0000;0;0;0;0
20260613_0945;Recorrência_1000;classification;AdaptiveRandomForest;Otimizado_33Features;classifier;classifier;classifier;N/A;N/A;N/A;2000;100;92;11100;0,0000;0,0000;0,0000;0,0000;0,0000;0,0000;0;0;0;0
20260613_0945;Recorrência_1000;classification;AdaptiveRandomForest;Otimizado_33Features;classifier;classifier;classifier;N/A;N/A;N/A;2000;100;93;11200;0,0000;0,0000;0,0000;0,0000;0,0000;0,0000;0;0;0;0
20260613_0945;Recorrência_1000;classification;AdaptiveRandomForest;Otimizado_33Features;classifier;classifier;classifier;N/A;N/A;N/A;2000;100;94;11300;0,0000;0,0000;0,0000;0,0000;0,0000;0,0000;0;0;0;0
20260613_0945;Recorrência_1000;classification;AdaptiveRandomForest;Otimizado_33Features;classifier;classifier;classifier;N/A;N/A;N/A;2000;100;95;11400;0,0000;0,0000;0,0000;0,0000;0,0000;0,0000;0;0;0;0
20260613_0945;Recorrência_1000;classification;AdaptiveRandomForest;Otimizado_33Features;classifier;classifier;classifier;N/A;N/A;N/A;2000;100;96;11500;0,0000;0,0000;0,0000;0,0000;0,0000;0,0000;0;0;0;0
20260613_0945;Recorrência_1000;classification;AdaptiveRandomForest;Otimizado_33Features;classifier;classifier;classifier;N/A;N/A;N/A;2000;100;97;11600;0,0000;0,0000;0,0000;0,0000;0,0000;0,0000;1;1;0;0
20260613_0945;Recorrência_1000;classification;AdaptiveRandomForest;Otimizado_33Features;classifier;classifier;classifier;N/A;N/A;N/A;2000;100;98;11700;0,0000;0,0000;0,0000;0,0000;0,0000;0,0000;1;0;0;0
20260613_0945;Recorrência_1000;classification;AdaptiveRandomForest;Otimizado_33Features;classifier;classifier;classifier;N/A;N/A;N/A;2000;100;99;11800;0,0000;0,0000;0,0000;0,0000;0,0000;0,0000;0;0;0;0
20260613_0945;Recorrência_1000;classification;AdaptiveRandomForest;Otimizado_33Features;classifier;classifier;classifier;N/A;N/A;N/A;2000;100;100;11900;0,0000;0,0000;0,0000;0,0000;0,0000;0,0000;0;0;0;0
20260613_0945;Recorrência_1000;classification;AdaptiveRandomForest;Otimizado_33Features;classifier;classifier;classifier;N/A;N/A;N/A;2000;100;101;12000;0,0000;0,0000;0,0000;0,0000;0,0000;0,0000;0;0;0;0
20260613_0945;Recorrência_1000;classification;AdaptiveRandomForest;Otimizado_33Features;classifier;classifier;classifier;N/A;N/A;N/A;2000;100;102;12100;0,0000;0,0000;0,0000;0,0000;0,0000;0,0000;0;0;0;0
20260613_0945;Recorrência_1000;classification;AdaptiveRandomForest;Otimizado_33Features;classifier;classifier;classifier;N/A;N/A;N/A;2000;100;103;12200;0,0000;0,0000;0,0000;0,0000;0,0000;0,0000;0;0;0;0
20260613_0945;Recorrência_1000;classification;AdaptiveRandomForest;Otimizado_33Features;classifier;classifier;classifier;N/A;N/A;N/A;2000;100;104;12300;0,0000;0,0000;0,0000;0,0000;0,0000;0,0000;0;0;0;0
20260613_0945;Recorrência_1000;classification;AdaptiveRandomForest;Otimizado_33Features;classifier;classifier;classifier;N/A;N/A;N/A;2000;100;105;12400;0,0000;0,0000;0,0000;0,0000;0,0000;0,0000;0;0;0;0
20260613_0945;Recorrência_1000;classification;AdaptiveRandomForest;Otimizado_33Features;classifier;classifier;classifier;N/A;N/A;N/A;2000;100;106;12500;0,0000;0,0000;0,0000;0,0000;0,0000;0,0000;0;0;0;0
20260613_0945;Recorrência_1000;classification;AdaptiveRandomForest;Otimizado_33Features;classifier;classifier;classifier;N/A;N/A;N/A;2000;100;107;12600;0,0000;0,0000;0,0000;0,0000;0,0000;0,0000;0;0;0;0
20260613_0945;Recorrência_1000;classification;AdaptiveRandomForest;Otimizado_33Features;classifier;classifier;classifier;N/A;N/A;N/A;2000;100;108;12700;0,0000;0,0000;0,0000;0,0000;0,0000;0,0000;0;0;0;0
20260613_0945;Recorrência_1000;classification;AdaptiveRandomForest;Otimizado_33Features;classifier;classifier;classifier;N/A;N/A;N/A;2000;100;109;12800;98,2072;0,5605;100,0000;0,0000;96,4835;1,0767;0;0;4;1
20260613_0945;Recorrência_1000;classification;AdaptiveRandomForest;Otimizado_33Features;classifier;classifier;classifier;N/A;N/A;N/A;2000;100;110;12900;100,0000;0,0000;100,0000;0,0000;100,0000;0,0000;0;0;0;0
20260613_0945;Recorrência_1000;classification;AdaptiveRandomForest;Otimizado_33Features;classifier;classifier;classifier;N/A;N/A;N/A;2000;100;111;13000;100,0000;0,0000;100,0000;0,0000;100,0000;0,0000;0;0;0;0
20260613_0945;Recorrência_1000;classification;AdaptiveRandomForest;Otimizado_33Features;classifier;classifier;classifier;N/A;N/A;N/A;2000;100;112;13100;100,0000;0,0000;100,0000;0,0000;100,0000;0,0000;0;0;0;0
20260613_0945;Recorrência_1000;classification;AdaptiveRandomForest;Otimizado_33Features;classifier;classifier;classifier;N/A;N/A;N/A;2000;100;113;13200;100,0000;0,0000;100,0000;0,0000;100,0000;0,0000;0;0;0;0
20260613_0945;Recorrência_1000;classification;AdaptiveRandomForest;Otimizado_33Features;classifier;classifier;classifier;N/A;N/A;N/A;2000;100;114;13300;98,9474;2,1053;98,0000;4,0000;100,0000;0,0000;1;1;0;0
20260613_0945;Recorrência_1000;classification;AdaptiveRandomForest;Otimizado_33Features;classifier;classifier;classifier;N/A;N/A;N/A;2000;100;115;13400;0,0000;0,0000;0,0000;0,0000;0,0000;0,0000;0;0;0;0
20260613_0945;Recorrência_1000;classification;AdaptiveRandomForest;Otimizado_33Features;classifier;classifier;classifier;N/A;N/A;N/A;2000;100;116;13500;0,0000;0,0000;0,0000;0,0000;0,0000;0,0000;0;0;0;0
20260613_0945;Recorrência_1000;classification;AdaptiveRandomForest;Otimizado_33Features;classifier;classifier;classifier;N/A;N/A;N/A;2000;100;117;13600;0,0000;0,0000;0,0000;0,0000;0,0000;0,0000;1;1;0;0
20260613_0945;Recorrência_1000;classification;AdaptiveRandomForest;Otimizado_33Features;classifier;classifier;classifier;N/A;N/A;N/A;2000;100;118;13700;0,0000;0,0000;0,0000;0,0000;0,0000;0,0000;0;0;0;0
20260613_0945;Recorrência_1000;classification;AdaptiveRandomForest;Otimizado_33Features;classifier;classifier;classifier;N/A;N/A;N/A;2000;100;119;13800;0,0000;0,0000;0,0000;0,0000;0,0000;0,0000;0;0;0;0
20260613_0945;Recorrência_1000;classification;AdaptiveRandomForest;Otimizado_33Features;classifier;classifier;classifier;N/A;N/A;N/A;2000;100;120;13900;0,0000;0,0000;0,0000;0,0000;0,0000;0,0000;0;0;0;0
20260613_0945;Recorrência_1000;classification;AdaptiveRandomForest;Otimizado_33Features;classifier;classifier;classifier;N/A;N/A;N/A;2000;100;121;14000;0,0000;0,0000;0,0000;0,0000;0,0000;0,0000;0;0;0;0
20260613_0945;Recorrência_1000;classification;AdaptiveRandomForest;Otimizado_33Features;classifier;classifier;classifier;N/A;N/A;N/A;2000;100;122;14100;0,0000;0,0000;0,0000;0,0000;0,0000;0,0000;0;0;0;0
20260613_0945;Recorrência_1000;classification;AdaptiveRandomForest;Otimizado_33Features;classifier;classifier;classifier;N/A;N/A;N/A;2000;100;123;14200;0,0000;0,0000;0,0000;0,0000;0,0000;0,0000;0;0;0;0
20260613_0945;Recorrência_1000;classification;AdaptiveRandomForest;Otimizado_33Features;classifier;classifier;classifier;N/A;N/A;N/A;2000;100;124;14300;0,0000;0,0000;0,0000;0,0000;0,0000;0,0000;0;0;0;0
20260613_0945;Recorrência_1000;classification;AdaptiveRandomForest;Otimizado_33Features;classifier;classifier;classifier;N/A;N/A;N/A;2000;100;125;14400;0,0000;0,0000;0,0000;0,0000;0,0000;0,0000;0;0;0;0
20260613_0945;Recorrência_1000;classification;AdaptiveRandomForest;Otimizado_33Features;classifier;classifier;classifier;N/A;N/A;N/A;2000;100;126;14500;0,0000;0,0000;0,0000;0,0000;0,0000;0,0000;0;0;0;0
20260613_0945;Recorrência_1000;classification;AdaptiveRandomForest;Otimizado_33Features;classifier;classifier;classifier;N/A;N/A;N/A;2000;100;127;14600;0,0000;0,0000;0,0000;0,0000;0,0000;0,0000;0;0;0;0
20260613_0945;Recorrência_1000;classification;AdaptiveRandomForest;Otimizado_33Features;classifier;classifier;classifier;N/A;N/A;N/A;2000;100;128;14700;0,0000;0,0000;0,0000;0,0000;0,0000;0,0000;0;0;0;0
20260613_0945;Recorrência_1000;classification;AdaptiveRandomForest;Otimizado_33Features;classifier;classifier;classifier;N/A;N/A;N/A;2000;100;129;14800;0,0000;0,0000;0,0000;0,0000;0,0000;0,0000;0;0;0;0
20260613_0945;Recorrência_1000;classification;AdaptiveRandomForest;Otimizado_33Features;classifier;classifier;classifier;N/A;N/A;N/A;2000;100;130;14900;0,0000;0,0000;0,0000;0,0000;0,0000;0,0000;0;0;0;0
20260613_0945;Recorrência_1000;classification;AdaptiveRandomForest;Otimizado_33Features;classifier;classifier;classifier;N/A;N/A;N/A;2000;100;131;15000;0,0000;0,0000;0,0000;0,0000;0,0000;0,0000;0;0;0;0
20260613_0945;Recorrência_1000;classification;AdaptiveRandomForest;Otimizado_33Features;classifier;classifier;classifier;N/A;N/A;N/A;2000;100;132;15100;0,0000;0,0000;0,0000;0,0000;0,0000;0,0000;0;0;0;0
20260613_0945;Recorrência_1000;classification;AdaptiveRandomForest;Otimizado_33Features;classifier;classifier;classifier;N/A;N/A;N/A;2000;100;133;15200;0,0000;0,0000;0,0000;0,0000;0,0000;0,0000;0;0;0;0
20260613_0945;Recorrência_1000;classification;AdaptiveRandomForest;Otimizado_33Features;classifier;classifier;classifier;N/A;N/A;N/A;2000;100;134;15300;0,0000;0,0000;0,0000;0,0000;0,0000;0,0000;0;0;0;0
20260613_0945;Recorrência_1000;classification;AdaptiveRandomForest;Otimizado_33Features;classifier;classifier;classifier;N/A;N/A;N/A;2000;100;135;15400;99,7938;0,4124;100,0000;0,0000;99,5918;0,8163;0;0;1;1
20260613_0945;Recorrência_1000;classification;AdaptiveRandomForest;Otimizado_33Features;classifier;classifier;classifier;N/A;N/A;N/A;2000;100;136;15500;100,0000;0,0000;100,0000;0,0000;100,0000;0,0000;0;0;0;0
20260613_0945;Recorrência_1000;classification;AdaptiveRandomForest;Otimizado_33Features;classifier;classifier;classifier;N/A;N/A;N/A;2000;100;137;15600;100,0000;0,0000;100,0000;0,0000;100,0000;0,0000;0;0;0;0
20260613_0945;Recorrência_1000;classification;AdaptiveRandomForest;Otimizado_33Features;classifier;classifier;classifier;N/A;N/A;N/A;2000;100;138;15700;100,0000;0,0000;100,0000;0,0000;100,0000;0,0000;0;0;0;0
20260613_0945;Recorrência_1000;classification;AdaptiveRandomForest;Otimizado_33Features;classifier;classifier;classifier;N/A;N/A;N/A;2000;100;139;15800;100,0000;0,0000;100,0000;0,0000;100,0000;0,0000;0;0;0;0
20260613_0945;Recorrência_1000;classification;AdaptiveRandomForest;Otimizado_33Features;classifier;classifier;classifier;N/A;N/A;N/A;2000;100;140;15900;100,0000;0,0000;100,0000;0,0000;100,0000;0,0000;0;0;0;0
20260613_0945;Recorrência_1000;classification;AdaptiveRandomForest;Otimizado_33Features;classifier;classifier;classifier;N/A;N/A;N/A;2000;100;141;16000;0,0000;0,0000;0,0000;0,0000;0,0000;0,0000;0;0;0;0
20260613_0945;Recorrência_1000;classification;AdaptiveRandomForest;Otimizado_33Features;classifier;classifier;classifier;N/A;N/A;N/A;2000;100;142;16100;0,0000;0,0000;0,0000;0,0000;0,0000;0,0000;0;0;0;0
20260613_0945;Recorrência_1000;classification;AdaptiveRandomForest;Otimizado_33Features;classifier;classifier;classifier;N/A;N/A;N/A;2000;100;143;16200;0,0000;0,0000;0,0000;0,0000;0,0000;0,0000;0;0;0;0
20260613_0945;Recorrência_1000;classification;AdaptiveRandomForest;Otimizado_33Features;classifier;classifier;classifier;N/A;N/A;N/A;2000;100;144;16300;0,0000;0,0000;0,0000;0,0000;0,0000;0,0000;0;0;0;0
20260613_0945;Recorrência_1000;classification;AdaptiveRandomForest;Otimizado_33Features;classifier;classifier;classifier;N/A;N/A;N/A;2000;100;145;16400;0,0000;0,0000;0,0000;0,0000;0,0000;0,0000;0;0;0;0
20260613_0945;Recorrência_1000;classification;AdaptiveRandomForest;Otimizado_33Features;classifier;classifier;classifier;N/A;N/A;N/A;2000;100;146;16500;0,0000;0,0000;0,0000;0,0000;0,0000;0,0000;0;0;0;0
20260613_0945;Recorrência_1000;classification;AdaptiveRandomForest;Otimizado_33Features;classifier;classifier;classifier;N/A;N/A;N/A;2000;100;147;16600;0,0000;0,0000;0,0000;0,0000;0,0000;0,0000;0;0;0;0
20260613_0945;Recorrência_1000;classification;AdaptiveRandomForest;Otimizado_33Features;classifier;classifier;classifier;N/A;N/A;N/A;2000;100;148;16700;0,0000;0,0000;0,0000;0,0000;0,0000;0,0000;0;0;0;0
20260613_0945;Recorrência_1000;classification;AdaptiveRandomForest;Otimizado_33Features;classifier;classifier;classifier;N/A;N/A;N/A;2000;100;149;16800;0,0000;0,0000;0,0000;0,0000;0,0000;0,0000;0;0;0;0
20260613_0945;Recorrência_1000;classification;AdaptiveRandomForest;Otimizado_33Features;classifier;classifier;classifier;N/A;N/A;N/A;2000;100;150;16900;0,0000;0,0000;0,0000;0,0000;0,0000;0,0000;0;0;0;0
20260613_0945;Recorrência_1000;classification;AdaptiveRandomForest;Otimizado_33Features;classifier;classifier;classifier;N/A;N/A;N/A;2000;100;151;17000;0,0000;0,0000;0,0000;0,0000;0,0000;0,0000;0;0;0;0
20260613_0945;Recorrência_1000;classification;AdaptiveRandomForest;Otimizado_33Features;classifier;classifier;classifier;N/A;N/A;N/A;2000;100;152;17100;0,0000;0,0000;0,0000;0,0000;0,0000;0,0000;0;0;0;0
20260613_0945;Recorrência_1000;classification;AdaptiveRandomForest;Otimizado_33Features;classifier;classifier;classifier;N/A;N/A;N/A;2000;100;153;17200;0,0000;0,0000;0,0000;0,0000;0,0000;0,0000;0;0;0;0
20260613_0945;Recorrência_1000;classification;AdaptiveRandomForest;Otimizado_33Features;classifier;classifier;classifier;N/A;N/A;N/A;2000;100;154;17300;0,0000;0,0000;0,0000;0,0000;0,0000;0,0000;0;0;0;0
20260613_0945;Recorrência_1000;classification;AdaptiveRandomForest;Otimizado_33Features;classifier;classifier;classifier;N/A;N/A;N/A;2000;100;155;17400;0,0000;0,0000;0,0000;0,0000;0,0000;0,0000;0;0;0;0
20260613_0945;Recorrência_1000;classification;AdaptiveRandomForest;Otimizado_33Features;classifier;classifier;classifier;N/A;N/A;N/A;2000;100;156;17500;0,0000;0,0000;0,0000;0,0000;0,0000;0,0000;0;0;0;0
20260613_0945;Recorrência_1000;classification;AdaptiveRandomForest;Otimizado_33Features;classifier;classifier;classifier;N/A;N/A;N/A;2000;100;157;17600;0,0000;0,0000;0,0000;0,0000;0,0000;0,0000;0;0;0;0
20260613_0945;Recorrência_1000;classification;AdaptiveRandomForest;Otimizado_33Features;classifier;classifier;classifier;N/A;N/A;N/A;2000;100;158;17700;0,0000;0,0000;0,0000;0,0000;0,0000;0,0000;0;0;0;0
20260613_0945;Recorrência_1000;classification;AdaptiveRandomForest;Otimizado_33Features;classifier;classifier;classifier;N/A;N/A;N/A;2000;100;159;17800;0,0000;0,0000;0,0000;0,0000;0,0000;0,0000;0;0;0;0
20260613_0945;Recorrência_1000;classification;AdaptiveRandomForest;Otimizado_33Features;classifier;classifier;classifier;N/A;N/A;N/A;2000;100;160;17900;0,0000;0,0000;0,0000;0,0000;0,0000;0,0000;0;0;0;0
20260613_1458;Generalização_25;classification;AdaptiveRandomForest;Otimizado_33Features;classifier;classifier;classifier;N/A;N/A;N/A;2000;100;1;2000;0,0000;0,0000;0,0000;0,0000;0,0000;0,0000;0;0;0;0
20260613_1458;Generalização_25;classification;AdaptiveRandomForest;Otimizado_33Features;classifier;classifier;classifier;N/A;N/A;N/A;2000;100;2;2100;0,0000;0,0000;0,0000;0,0000;0,0000;0,0000;0;0;0;0
20260613_1458;Generalização_25;classification;AdaptiveRandomForest;Otimizado_33Features;classifier;classifier;classifier;N/A;N/A;N/A;2000;100;3;2200;0,0000;0,0000;0,0000;0,0000;0,0000;0,0000;0;0;0;0
20260613_1458;Generalização_25;classification;AdaptiveRandomForest;Otimizado_33Features;classifier;classifier;classifier;N/A;N/A;N/A;2000;100;4;2300;0,0000;0,0000;0,0000;0,0000;0,0000;0,0000;0;0;0;0
20260613_1458;Generalização_25;classification;AdaptiveRandomForest;Otimizado_33Features;classifier;classifier;classifier;N/A;N/A;N/A;2000;100;5;2400;0,0000;0,0000;0,0000;0,0000;0,0000;0,0000;0;0;0;0
20260613_1458;Generalização_25;classification;AdaptiveRandomForest;Otimizado_33Features;classifier;classifier;classifier;N/A;N/A;N/A;2000;100;6;2500;0,0000;0,0000;0,0000;0,0000;0,0000;0,0000;0;0;0;0
20260613_1458;Generalização_25;classification;AdaptiveRandomForest;Otimizado_33Features;classifier;classifier;classifier;N/A;N/A;N/A;2000;100;7;2600;0,0000;0,0000;0,0000;0,0000;0,0000;0,0000;0;0;0;0
20260613_1458;Generalização_25;classification;AdaptiveRandomForest;Otimizado_33Features;classifier;classifier;classifier;N/A;N/A;N/A;2000;100;8;2700;0,0000;0,0000;0,0000;0,0000;0,0000;0,0000;0;0;0;0
20260613_1458;Generalização_25;classification;AdaptiveRandomForest;Otimizado_33Features;classifier;classifier;classifier;N/A;N/A;N/A;2000;100;9;2800;0,0000;0,0000;0,0000;0,0000;0,0000;0,0000;0;0;0;0
20260613_1458;Generalização_25;classification;AdaptiveRandomForest;Otimizado_33Features;classifier;classifier;classifier;N/A;N/A;N/A;2000;100;10;2900;0,0000;0,0000;0,0000;0,0000;0,0000;0,0000;0;0;0;0
20260613_1458;Generalização_25;classification;AdaptiveRandomForest;Otimizado_33Features;classifier;classifier;classifier;N/A;N/A;N/A;2000;100;11;3000;0,0000;0,0000;0,0000;0,0000;0,0000;0,0000;0;0;0;0
20260613_1458;Generalização_25;classification;AdaptiveRandomForest;Otimizado_33Features;classifier;classifier;classifier;N/A;N/A;N/A;2000;100;12;3100;0,0000;0,0000;0,0000;0,0000;0,0000;0,0000;0;0;0;0
20260613_1458;Generalização_25;classification;AdaptiveRandomForest;Otimizado_33Features;classifier;classifier;classifier;N/A;N/A;N/A;2000;100;13;3200;0,0000;0,0000;0,0000;0,0000;0,0000;0,0000;0;0;0;0
20260613_1458;Generalização_25;classification;AdaptiveRandomForest;Otimizado_33Features;classifier;classifier;classifier;N/A;N/A;N/A;2000;100;14;3300;0,0000;0,0000;0,0000;0,0000;0,0000;0,0000;0;0;0;0
20260613_1458;Generalização_25;classification;AdaptiveRandomForest;Otimizado_33Features;classifier;classifier;classifier;N/A;N/A;N/A;2000;100;15;3400;0,0000;0,0000;0,0000;0,0000;0,0000;0,0000;0;0;0;0
20260613_1458;Generalização_25;classification;AdaptiveRandomForest;Otimizado_33Features;classifier;classifier;classifier;N/A;N/A;N/A;2000;100;16;3500;0,0000;0,0000;0,0000;0,0000;0,0000;0,0000;0;0;0;0
20260613_1458;Generalização_25;classification;AdaptiveRandomForest;Otimizado_33Features;classifier;classifier;classifier;N/A;N/A;N/A;2000;100;17;3600;0,0000;0,0000;0,0000;0,0000;0,0000;0,0000;0;0;0;0
20260613_1458;Generalização_25;classification;AdaptiveRandomForest;Otimizado_33Features;classifier;classifier;classifier;N/A;N/A;N/A;2000;100;18;3700;0,0000;0,0000;0,0000;0,0000;0,0000;0,0000;0;0;0;0
20260613_1458;Generalização_25;classification;AdaptiveRandomForest;Otimizado_33Features;classifier;classifier;classifier;N/A;N/A;N/A;2000;100;19;3800;91,3043;0,0000;100,0000;0,0000;84,0000;0,0000;0;0;4;0
20260613_1458;Generalização_25;classification;AdaptiveRandomForest;Otimizado_33Features;classifier;classifier;classifier;N/A;N/A;N/A;2000;100;20;3900;0,0000;0,0000;0,0000;0,0000;0,0000;0,0000;2;1;0;0
20260613_1458;Generalização_25;classification;AdaptiveRandomForest;Otimizado_33Features;classifier;classifier;classifier;N/A;N/A;N/A;2000;100;21;4000;0,0000;0,0000;0,0000;0,0000;0,0000;0,0000;0;0;0;0
20260613_1458;Generalização_25;classification;AdaptiveRandomForest;Otimizado_33Features;classifier;classifier;classifier;N/A;N/A;N/A;2000;100;22;4100;0,0000;0,0000;0,0000;0,0000;0,0000;0,0000;0;0;0;0
20260613_1458;Generalização_25;classification;AdaptiveRandomForest;Otimizado_33Features;classifier;classifier;classifier;N/A;N/A;N/A;2000;100;23;4200;0,0000;0,0000;0,0000;0,0000;0,0000;0,0000;0;0;0;0
20260613_1458;Generalização_25;classification;AdaptiveRandomForest;Otimizado_33Features;classifier;classifier;classifier;N/A;N/A;N/A;2000;100;24;4300;0,0000;0,0000;0,0000;0,0000;0,0000;0,0000;0;0;0;0
20260613_1458;Generalização_25;classification;AdaptiveRandomForest;Otimizado_33Features;classifier;classifier;classifier;N/A;N/A;N/A;2000;100;25;4400;0,0000;0,0000;0,0000;0,0000;0,0000;0,0000;0;0;0;0
20260613_1458;Generalização_25;classification;AdaptiveRandomForest;Otimizado_33Features;classifier;classifier;classifier;N/A;N/A;N/A;2000;100;26;4500;0,0000;0,0000;0,0000;0,0000;0,0000;0,0000;0;0;0;0
20260613_1458;Generalização_25;classification;AdaptiveRandomForest;Otimizado_33Features;classifier;classifier;classifier;N/A;N/A;N/A;2000;100;27;4600;0,0000;0,0000;0,0000;0,0000;0,0000;0,0000;1;1;0;0
20260613_1458;Generalização_25;classification;AdaptiveRandomForest;Otimizado_33Features;classifier;classifier;classifier;N/A;N/A;N/A;2000;100;28;4700;0,0000;0,0000;0,0000;0,0000;0,0000;0,0000;0;0;0;0
20260613_1458;Generalização_25;classification;AdaptiveRandomForest;Otimizado_33Features;classifier;classifier;classifier;N/A;N/A;N/A;2000;100;29;4800;0,0000;0,0000;0,0000;0,0000;0,0000;0,0000;0;0;0;0
20260613_1458;Generalização_25;classification;AdaptiveRandomForest;Otimizado_33Features;classifier;classifier;classifier;N/A;N/A;N/A;2000;100;30;4900;0,0000;0,0000;0,0000;0,0000;0,0000;0,0000;0;0;0;0
20260613_1458;Generalização_25;classification;AdaptiveRandomForest;Otimizado_33Features;classifier;classifier;classifier;N/A;N/A;N/A;2000;100;31;5000;0,0000;0,0000;0,0000;0,0000;0,0000;0,0000;0;0;0;0
20260613_1458;Generalização_25;classification;AdaptiveRandomForest;Otimizado_33Features;classifier;classifier;classifier;N/A;N/A;N/A;2000;100;32;5100;0,0000;0,0000;0,0000;0,0000;0,0000;0,0000;0;0;0;0
20260613_1458;Generalização_25;classification;AdaptiveRandomForest;Otimizado_33Features;classifier;classifier;classifier;N/A;N/A;N/A;2000;100;33;5200;0,0000;0,0000;0,0000;0,0000;0,0000;0,0000;0;0;0;0
20260613_1458;Generalização_25;classification;AdaptiveRandomForest;Otimizado_33Features;classifier;classifier;classifier;N/A;N/A;N/A;2000;100;34;5300;0,0000;0,0000;0,0000;0,0000;0,0000;0,0000;0;0;0;0
20260613_1458;Generalização_25;classification;AdaptiveRandomForest;Otimizado_33Features;classifier;classifier;classifier;N/A;N/A;N/A;2000;100;35;5400;0,0000;0,0000;0,0000;0,0000;0,0000;0,0000;0;0;0;0
20260613_1458;Generalização_25;classification;AdaptiveRandomForest;Otimizado_33Features;classifier;classifier;classifier;N/A;N/A;N/A;2000;100;36;5500;0,0000;0,0000;0,0000;0,0000;0,0000;0,0000;0;0;0;0
20260613_1458;Generalização_25;classification;AdaptiveRandomForest;Otimizado_33Features;classifier;classifier;classifier;N/A;N/A;N/A;2000;100;37;5600;0,0000;0,0000;0,0000;0,0000;0,0000;0,0000;0;0;0;0
20260613_1458;Generalização_25;classification;AdaptiveRandomForest;Otimizado_33Features;classifier;classifier;classifier;N/A;N/A;N/A;2000;100;38;5700;0,0000;0,0000;0,0000;0,0000;0,0000;0,0000;0;0;0;0
20260613_1458;Generalização_25;classification;AdaptiveRandomForest;Otimizado_33Features;classifier;classifier;classifier;N/A;N/A;N/A;2000;100;39;5800;0,0000;0,0000;0,0000;0,0000;0,0000;0,0000;0;0;0;0
20260613_1458;Generalização_25;classification;AdaptiveRandomForest;Otimizado_33Features;classifier;classifier;classifier;N/A;N/A;N/A;2000;100;40;5900;0,0000;0,0000;0,0000;0,0000;0,0000;0,0000;0;0;0;0
20260613_1458;Generalização_25;classification;AdaptiveRandomForest;Otimizado_33Features;classifier;classifier;classifier;N/A;N/A;N/A;2000;100;41;6000;0,0000;0,0000;0,0000;0,0000;0,0000;0,0000;0;0;0;0
20260613_1458;Generalização_25;classification;AdaptiveRandomForest;Otimizado_33Features;classifier;classifier;classifier;N/A;N/A;N/A;2000;100;42;6100;0,0000;0,0000;0,0000;0,0000;0,0000;0,0000;0;0;0;0
20260613_1458;Generalização_25;classification;AdaptiveRandomForest;Otimizado_33Features;classifier;classifier;classifier;N/A;N/A;N/A;2000;100;43;6200;0,0000;0,0000;0,0000;0,0000;0,0000;0,0000;0;0;0;0
20260613_1458;Generalização_25;classification;AdaptiveRandomForest;Otimizado_33Features;classifier;classifier;classifier;N/A;N/A;N/A;2000;100;44;6300;0,0000;0,0000;0,0000;0,0000;0,0000;0,0000;0;0;0;0
20260613_1458;Generalização_25;classification;AdaptiveRandomForest;Otimizado_33Features;classifier;classifier;classifier;N/A;N/A;N/A;2000;100;45;6400;0,0000;0,0000;0,0000;0,0000;0,0000;0,0000;0;0;0;0
20260613_1458;Generalização_25;classification;AdaptiveRandomForest;Otimizado_33Features;classifier;classifier;classifier;N/A;N/A;N/A;2000;100;46;6500;0,0000;0,0000;0,0000;0,0000;0,0000;0,0000;0;0;0;0
20260613_1458;Generalização_25;classification;AdaptiveRandomForest;Otimizado_33Features;classifier;classifier;classifier;N/A;N/A;N/A;2000;100;47;6600;0,0000;0,0000;0,0000;0,0000;0,0000;0,0000;0;0;0;0
20260613_1458;Generalização_25;classification;AdaptiveRandomForest;Otimizado_33Features;classifier;classifier;classifier;N/A;N/A;N/A;2000;100;48;6700;0,0000;0,0000;0,0000;0,0000;0,0000;0,0000;0;0;0;0
20260613_1458;Generalização_25;classification;AdaptiveRandomForest;Otimizado_33Features;classifier;classifier;classifier;N/A;N/A;N/A;2000;100;49;6800;0,0000;0,0000;0,0000;0,0000;0,0000;0,0000;0;0;0;0
20260613_1458;Generalização_25;classification;AdaptiveRandomForest;Otimizado_33Features;classifier;classifier;classifier;N/A;N/A;N/A;2000;100;50;6900;0,0000;0,0000;0,0000;0,0000;0,0000;0,0000;0;0;0;0
20260613_1458;Generalização_25;classification;AdaptiveRandomForest;Otimizado_33Features;classifier;classifier;classifier;N/A;N/A;N/A;2000;100;51;7000;0,0000;0,0000;0,0000;0,0000;0,0000;0,0000;0;0;0;0
20260613_1458;Generalização_25;classification;AdaptiveRandomForest;Otimizado_33Features;classifier;classifier;classifier;N/A;N/A;N/A;2000;100;52;7100;0,0000;0,0000;0,0000;0,0000;0,0000;0,0000;0;0;0;0
20260613_1458;Generalização_25;classification;AdaptiveRandomForest;Otimizado_33Features;classifier;classifier;classifier;N/A;N/A;N/A;2000;100;53;7200;0,0000;0,0000;0,0000;0,0000;0,0000;0,0000;0;0;0;0
20260613_1458;Generalização_25;classification;AdaptiveRandomForest;Otimizado_33Features;classifier;classifier;classifier;N/A;N/A;N/A;2000;100;54;7300;0,0000;0,0000;0,0000;0,0000;0,0000;0,0000;0;0;0;0
20260613_1458;Generalização_25;classification;AdaptiveRandomForest;Otimizado_33Features;classifier;classifier;classifier;N/A;N/A;N/A;2000;100;55;7400;0,0000;0,0000;0,0000;0,0000;0,0000;0,0000;0;0;0;0
20260613_1458;Generalização_25;classification;AdaptiveRandomForest;Otimizado_33Features;classifier;classifier;classifier;N/A;N/A;N/A;2000;100;56;7500;0,0000;0,0000;0,0000;0,0000;0,0000;0,0000;0;0;0;0
20260613_1458;Generalização_25;classification;AdaptiveRandomForest;Otimizado_33Features;classifier;classifier;classifier;N/A;N/A;N/A;2000;100;57;7600;97,1088;1,0414;100,0000;0,0000;94,4000;1,9596;0;0;2;1
20260613_1458;Generalização_25;classification;AdaptiveRandomForest;Otimizado_33Features;classifier;classifier;classifier;N/A;N/A;N/A;2000;100;58;7700;0,0000;0,0000;0,0000;0,0000;0,0000;0,0000;0;0;0;0
20260613_1458;Generalização_25;classification;AdaptiveRandomForest;Otimizado_33Features;classifier;classifier;classifier;N/A;N/A;N/A;2000;100;59;7800;0,0000;0,0000;0,0000;0,0000;0,0000;0,0000;0;0;0;0
20260613_1458;Generalização_25;classification;AdaptiveRandomForest;Otimizado_33Features;classifier;classifier;classifier;N/A;N/A;N/A;2000;100;60;7900;0,0000;0,0000;0,0000;0,0000;0,0000;0,0000;0;0;0;0
20260613_1458;Generalização_25;classification;AdaptiveRandomForest;Otimizado_33Features;classifier;classifier;classifier;N/A;N/A;N/A;2000;100;61;8000;0,0000;0,0000;0,0000;0,0000;0,0000;0,0000;0;0;0;0
20260613_1458;Generalização_25;classification;AdaptiveRandomForest;Otimizado_33Features;classifier;classifier;classifier;N/A;N/A;N/A;2000;100;62;8100;0,0000;0,0000;0,0000;0,0000;0,0000;0,0000;0;0;0;0
20260613_1458;Generalização_25;classification;AdaptiveRandomForest;Otimizado_33Features;classifier;classifier;classifier;N/A;N/A;N/A;2000;100;63;8200;0,0000;0,0000;0,0000;0,0000;0,0000;0,0000;0;0;0;0
20260613_1458;Generalização_25;classification;AdaptiveRandomForest;Otimizado_33Features;classifier;classifier;classifier;N/A;N/A;N/A;2000;100;64;8300;0,0000;0,0000;0,0000;0,0000;0,0000;0,0000;0;0;0;0
20260613_1458;Generalização_25;classification;AdaptiveRandomForest;Otimizado_33Features;classifier;classifier;classifier;N/A;N/A;N/A;2000;100;65;8400;0,0000;0,0000;0,0000;0,0000;0,0000;0,0000;0;0;0;0
20260613_1458;Generalização_25;classification;AdaptiveRandomForest;Otimizado_33Features;classifier;classifier;classifier;N/A;N/A;N/A;2000;100;66;8500;0,0000;0,0000;0,0000;0,0000;0,0000;0,0000;0;0;0;0
20260613_1458;Generalização_25;classification;AdaptiveRandomForest;Otimizado_33Features;classifier;classifier;classifier;N/A;N/A;N/A;2000;100;67;8600;0,0000;0,0000;0,0000;0,0000;0,0000;0,0000;0;0;0;0
20260613_1458;Generalização_25;classification;AdaptiveRandomForest;Otimizado_33Features;classifier;classifier;classifier;N/A;N/A;N/A;2000;100;68;8700;0,0000;0,0000;0,0000;0,0000;0,0000;0,0000;0;0;0;0
20260613_1458;Generalização_25;classification;AdaptiveRandomForest;Otimizado_33Features;classifier;classifier;classifier;N/A;N/A;N/A;2000;100;69;8800;0,0000;0,0000;0,0000;0,0000;0,0000;0,0000;0;0;0;0
20260613_1458;Generalização_25;classification;AdaptiveRandomForest;Otimizado_33Features;classifier;classifier;classifier;N/A;N/A;N/A;2000;100;70;8900;0,0000;0,0000;0,0000;0,0000;0,0000;0,0000;0;0;0;0
20260613_1458;Generalização_25;classification;AdaptiveRandomForest;Otimizado_33Features;classifier;classifier;classifier;N/A;N/A;N/A;2000;100;71;9000;0,0000;0,0000;0,0000;0,0000;0,0000;0,0000;0;0;0;0
20260613_1458;Generalização_25;classification;AdaptiveRandomForest;Otimizado_33Features;classifier;classifier;classifier;N/A;N/A;N/A;2000;100;72;9100;0,0000;0,0000;0,0000;0,0000;0,0000;0,0000;0;0;0;0
20260613_1458;Generalização_25;classification;AdaptiveRandomForest;Otimizado_33Features;classifier;classifier;classifier;N/A;N/A;N/A;2000;100;73;9200;0,0000;0,0000;0,0000;0,0000;0,0000;0,0000;0;0;0;0
20260613_1458;Generalização_25;classification;AdaptiveRandomForest;Otimizado_33Features;classifier;classifier;classifier;N/A;N/A;N/A;2000;100;74;9300;0,0000;0,0000;0,0000;0,0000;0,0000;0,0000;0;0;0;0
20260613_1458;Generalização_25;classification;AdaptiveRandomForest;Otimizado_33Features;classifier;classifier;classifier;N/A;N/A;N/A;2000;100;75;9400;0,0000;0,0000;0,0000;0,0000;0,0000;0,0000;0;0;0;0
20260613_1458;Generalização_25;classification;AdaptiveRandomForest;Otimizado_33Features;classifier;classifier;classifier;N/A;N/A;N/A;2000;100;76;9500;0,0000;0,0000;0,0000;0,0000;0,0000;0,0000;0;0;0;0
20260613_1458;Generalização_25;classification;AdaptiveRandomForest;Otimizado_33Features;classifier;classifier;classifier;N/A;N/A;N/A;2000;100;77;9600;0,0000;0,0000;0,0000;0,0000;0,0000;0,0000;0;0;0;0
20260613_1458;Generalização_25;classification;AdaptiveRandomForest;Otimizado_33Features;classifier;classifier;classifier;N/A;N/A;N/A;2000;100;78;9700;0,0000;0,0000;0,0000;0,0000;0,0000;0,0000;0;0;0;0
20260613_1458;Generalização_25;classification;AdaptiveRandomForest;Otimizado_33Features;classifier;classifier;classifier;N/A;N/A;N/A;2000;100;79;9800;0,0000;0,0000;0,0000;0,0000;0,0000;0,0000;0;0;0;0
20260613_1458;Generalização_25;classification;AdaptiveRandomForest;Otimizado_33Features;classifier;classifier;classifier;N/A;N/A;N/A;2000;100;80;9900;0,0000;0,0000;0,0000;0,0000;0,0000;0,0000;0;0;0;0
20260613_1458;Generalização_25;classification;AdaptiveRandomForest;Otimizado_33Features;classifier;classifier;classifier;N/A;N/A;N/A;2000;100;81;10000;0,0000;0,0000;0,0000;0,0000;0,0000;0,0000;0;0;0;0
20260613_1458;Generalização_25;classification;AdaptiveRandomForest;Otimizado_33Features;classifier;classifier;classifier;N/A;N/A;N/A;2000;100;82;10100;0,0000;0,0000;0,0000;0,0000;0,0000;0,0000;0;0;0;0
20260613_1458;Generalização_25;classification;AdaptiveRandomForest;Otimizado_33Features;classifier;classifier;classifier;N/A;N/A;N/A;2000;100;83;10200;0,0000;0,0000;0,0000;0,0000;0,0000;0,0000;0;0;0;0
20260613_1458;Generalização_25;classification;AdaptiveRandomForest;Otimizado_33Features;classifier;classifier;classifier;N/A;N/A;N/A;2000;100;84;10300;0,0000;0,0000;0,0000;0,0000;0,0000;0,0000;0;0;0;0
20260613_1458;Generalização_25;classification;AdaptiveRandomForest;Otimizado_33Features;classifier;classifier;classifier;N/A;N/A;N/A;2000;100;85;10400;0,0000;0,0000;0,0000;0,0000;0,0000;0,0000;0;0;0;0
20260613_1458;Generalização_25;classification;AdaptiveRandomForest;Otimizado_33Features;classifier;classifier;classifier;N/A;N/A;N/A;2000;100;86;10500;0,0000;0,0000;0,0000;0,0000;0,0000;0,0000;0;0;0;0
20260613_1458;Generalização_25;classification;AdaptiveRandomForest;Otimizado_33Features;classifier;classifier;classifier;N/A;N/A;N/A;2000;100;87;10600;0,0000;0,0000;0,0000;0,0000;0,0000;0,0000;0;0;0;0
20260613_1458;Generalização_25;classification;AdaptiveRandomForest;Otimizado_33Features;classifier;classifier;classifier;N/A;N/A;N/A;2000;100;88;10700;0,0000;0,0000;0,0000;0,0000;0,0000;0,0000;0;0;0;0
20260613_1458;Generalização_25;classification;AdaptiveRandomForest;Otimizado_33Features;classifier;classifier;classifier;N/A;N/A;N/A;2000;100;89;10800;0,0000;0,0000;0,0000;0,0000;0,0000;0,0000;0;0;0;0
20260613_1458;Generalização_25;classification;AdaptiveRandomForest;Otimizado_33Features;classifier;classifier;classifier;N/A;N/A;N/A;2000;100;90;10900;0,0000;0,0000;0,0000;0,0000;0,0000;0,0000;0;0;0;0
20260613_1458;Generalização_25;classification;AdaptiveRandomForest;Otimizado_33Features;classifier;classifier;classifier;N/A;N/A;N/A;2000;100;91;11000;0,0000;0,0000;0,0000;0,0000;0,0000;0,0000;0;0;0;0
20260613_1458;Generalização_25;classification;AdaptiveRandomForest;Otimizado_33Features;classifier;classifier;classifier;N/A;N/A;N/A;2000;100;92;11100;0,0000;0,0000;0,0000;0,0000;0,0000;0,0000;0;0;0;0
20260613_1458;Generalização_25;classification;AdaptiveRandomForest;Otimizado_33Features;classifier;classifier;classifier;N/A;N/A;N/A;2000;100;93;11200;0,0000;0,0000;0,0000;0,0000;0,0000;0,0000;0;0;0;0
20260613_1458;Generalização_25;classification;AdaptiveRandomForest;Otimizado_33Features;classifier;classifier;classifier;N/A;N/A;N/A;2000;100;94;11300;100,0000;0,0000;100,0000;0,0000;100,0000;0,0000;0;0;0;0
20260613_1458;Generalização_25;classification;AdaptiveRandomForest;Otimizado_33Features;classifier;classifier;classifier;N/A;N/A;N/A;2000;100;95;11400;97,6744;0,0000;100,0000;0,0000;95,4545;0,0000;0;0;1;0
20260613_1458;Generalização_25;classification;AdaptiveRandomForest;Otimizado_33Features;classifier;classifier;classifier;N/A;N/A;N/A;2000;100;96;11500;0,0000;0,0000;0,0000;0,0000;0,0000;0,0000;0;0;0;0
20260613_1458;Generalização_25;classification;AdaptiveRandomForest;Otimizado_33Features;classifier;classifier;classifier;N/A;N/A;N/A;2000;100;97;11600;0,0000;0,0000;0,0000;0,0000;0,0000;0,0000;0;0;0;0
20260613_1458;Generalização_25;classification;AdaptiveRandomForest;Otimizado_33Features;classifier;classifier;classifier;N/A;N/A;N/A;2000;100;98;11700;0,0000;0,0000;0,0000;0,0000;0,0000;0,0000;0;0;0;0
20260613_1458;Generalização_25;classification;AdaptiveRandomForest;Otimizado_33Features;classifier;classifier;classifier;N/A;N/A;N/A;2000;100;99;11800;0,0000;0,0000;0,0000;0,0000;0,0000;0,0000;0;0;0;0
20260613_1458;Generalização_25;classification;AdaptiveRandomForest;Otimizado_33Features;classifier;classifier;classifier;N/A;N/A;N/A;2000;100;100;11900;0,0000;0,0000;0,0000;0,0000;0,0000;0,0000;0;0;0;0
20260613_1458;Generalização_25;classification;AdaptiveRandomForest;Otimizado_33Features;classifier;classifier;classifier;N/A;N/A;N/A;2000;100;101;12000;0,0000;0,0000;0,0000;0,0000;0,0000;0,0000;0;0;0;0
20260613_1458;Generalização_25;classification;AdaptiveRandomForest;Otimizado_33Features;classifier;classifier;classifier;N/A;N/A;N/A;2000;100;102;12100;0,0000;0,0000;0,0000;0,0000;0,0000;0,0000;0;0;0;0
20260613_1458;Generalização_25;classification;AdaptiveRandomForest;Otimizado_33Features;classifier;classifier;classifier;N/A;N/A;N/A;2000;100;103;12200;0,0000;0,0000;0,0000;0,0000;0,0000;0,0000;0;0;0;0
20260613_1458;Generalização_25;classification;AdaptiveRandomForest;Otimizado_33Features;classifier;classifier;classifier;N/A;N/A;N/A;2000;100;104;12300;0,0000;0,0000;0,0000;0,0000;0,0000;0,0000;0;0;0;0
20260613_1458;Generalização_25;classification;AdaptiveRandomForest;Otimizado_33Features;classifier;classifier;classifier;N/A;N/A;N/A;2000;100;105;12400;0,0000;0,0000;0,0000;0,0000;0,0000;0,0000;0;0;0;0
20260613_1458;Generalização_25;classification;AdaptiveRandomForest;Otimizado_33Features;classifier;classifier;classifier;N/A;N/A;N/A;2000;100;106;12500;0,0000;0,0000;0,0000;0,0000;0,0000;0,0000;0;0;0;0
20260613_1458;Generalização_25;classification;AdaptiveRandomForest;Otimizado_33Features;classifier;classifier;classifier;N/A;N/A;N/A;2000;100;107;12600;0,0000;0,0000;0,0000;0,0000;0,0000;0,0000;0;0;0;0
20260613_1458;Generalização_25;classification;AdaptiveRandomForest;Otimizado_33Features;classifier;classifier;classifier;N/A;N/A;N/A;2000;100;108;12700;0,0000;0,0000;0,0000;0,0000;0,0000;0,0000;0;0;0;0
20260613_1458;Generalização_25;classification;AdaptiveRandomForest;Otimizado_33Features;classifier;classifier;classifier;N/A;N/A;N/A;2000;100;109;12800;0,0000;0,0000;0,0000;0,0000;0,0000;0,0000;0;0;0;0
20260613_1458;Generalização_25;classification;AdaptiveRandomForest;Otimizado_33Features;classifier;classifier;classifier;N/A;N/A;N/A;2000;100;110;12900;0,0000;0,0000;0,0000;0,0000;0,0000;0,0000;0;0;0;0
20260613_1458;Generalização_25;classification;AdaptiveRandomForest;Otimizado_33Features;classifier;classifier;classifier;N/A;N/A;N/A;2000;100;111;13000;0,0000;0,0000;0,0000;0,0000;0,0000;0,0000;0;0;0;0
20260613_1458;Generalização_25;classification;AdaptiveRandomForest;Otimizado_33Features;classifier;classifier;classifier;N/A;N/A;N/A;2000;100;112;13100;0,0000;0,0000;0,0000;0,0000;0,0000;0,0000;0;0;0;0
20260613_1458;Generalização_25;classification;AdaptiveRandomForest;Otimizado_33Features;classifier;classifier;classifier;N/A;N/A;N/A;2000;100;113;13200;0,0000;0,0000;0,0000;0,0000;0,0000;0,0000;0;0;0;0
20260613_1458;Generalização_25;classification;AdaptiveRandomForest;Otimizado_33Features;classifier;classifier;classifier;N/A;N/A;N/A;2000;100;114;13300;0,0000;0,0000;0,0000;0,0000;0,0000;0,0000;0;0;0;0
20260613_1458;Generalização_25;classification;AdaptiveRandomForest;Otimizado_33Features;classifier;classifier;classifier;N/A;N/A;N/A;2000;100;115;13400;0,0000;0,0000;0,0000;0,0000;0,0000;0,0000;0;0;0;0
20260613_1458;Generalização_25;classification;AdaptiveRandomForest;Otimizado_33Features;classifier;classifier;classifier;N/A;N/A;N/A;2000;100;116;13500;0,0000;0,0000;0,0000;0,0000;0,0000;0,0000;0;0;0;0
20260613_1458;Generalização_25;classification;AdaptiveRandomForest;Otimizado_33Features;classifier;classifier;classifier;N/A;N/A;N/A;2000;100;117;13600;0,0000;0,0000;0,0000;0,0000;0,0000;0,0000;0;0;0;0
20260613_1458;Generalização_25;classification;AdaptiveRandomForest;Otimizado_33Features;classifier;classifier;classifier;N/A;N/A;N/A;2000;100;118;13700;0,0000;0,0000;0,0000;0,0000;0,0000;0,0000;0;0;0;0
20260613_1458;Generalização_25;classification;AdaptiveRandomForest;Otimizado_33Features;classifier;classifier;classifier;N/A;N/A;N/A;2000;100;119;13800;0,0000;0,0000;0,0000;0,0000;0,0000;0,0000;0;0;0;0
20260613_1458;Generalização_25;classification;AdaptiveRandomForest;Otimizado_33Features;classifier;classifier;classifier;N/A;N/A;N/A;2000;100;120;13900;0,0000;0,0000;0,0000;0,0000;0,0000;0,0000;0;0;0;0
20260613_1458;Generalização_25;classification;AdaptiveRandomForest;Otimizado_33Features;classifier;classifier;classifier;N/A;N/A;N/A;2000;100;121;14000;0,0000;0,0000;0,0000;0,0000;0,0000;0,0000;0;0;0;0
20260613_1458;Generalização_25;classification;AdaptiveRandomForest;Otimizado_33Features;classifier;classifier;classifier;N/A;N/A;N/A;2000;100;122;14100;0,0000;0,0000;0,0000;0,0000;0,0000;0,0000;0;0;0;0
20260613_1458;Generalização_25;classification;AdaptiveRandomForest;Otimizado_33Features;classifier;classifier;classifier;N/A;N/A;N/A;2000;100;123;14200;0,0000;0,0000;0,0000;0,0000;0,0000;0,0000;0;0;0;0
20260613_1458;Generalização_25;classification;AdaptiveRandomForest;Otimizado_33Features;classifier;classifier;classifier;N/A;N/A;N/A;2000;100;124;14300;0,0000;0,0000;0,0000;0,0000;0,0000;0,0000;0;0;0;0
20260613_1458;Generalização_25;classification;AdaptiveRandomForest;Otimizado_33Features;classifier;classifier;classifier;N/A;N/A;N/A;2000;100;125;14400;0,0000;0,0000;0,0000;0,0000;0,0000;0,0000;0;0;0;0
20260613_1458;Generalização_25;classification;AdaptiveRandomForest;Otimizado_33Features;classifier;classifier;classifier;N/A;N/A;N/A;2000;100;126;14500;0,0000;0,0000;0,0000;0,0000;0,0000;0,0000;0;0;0;0
20260613_1458;Generalização_25;classification;AdaptiveRandomForest;Otimizado_33Features;classifier;classifier;classifier;N/A;N/A;N/A;2000;100;127;14600;0,0000;0,0000;0,0000;0,0000;0,0000;0,0000;0;0;0;0
20260613_1458;Generalização_25;classification;AdaptiveRandomForest;Otimizado_33Features;classifier;classifier;classifier;N/A;N/A;N/A;2000;100;128;14700;0,0000;0,0000;0,0000;0,0000;0,0000;0,0000;0;0;0;0
20260613_1458;Generalização_25;classification;AdaptiveRandomForest;Otimizado_33Features;classifier;classifier;classifier;N/A;N/A;N/A;2000;100;129;14800;0,0000;0,0000;0,0000;0,0000;0,0000;0,0000;0;0;0;0
20260613_1458;Generalização_25;classification;AdaptiveRandomForest;Otimizado_33Features;classifier;classifier;classifier;N/A;N/A;N/A;2000;100;130;14900;0,0000;0,0000;0,0000;0,0000;0,0000;0,0000;0;0;0;0
20260613_1458;Generalização_25;classification;AdaptiveRandomForest;Otimizado_33Features;classifier;classifier;classifier;N/A;N/A;N/A;2000;100;131;15000;0,0000;0,0000;0,0000;0,0000;0,0000;0,0000;0;0;0;0
20260613_1458;Generalização_200;classification;AdaptiveRandomForest;Otimizado_33Features;classifier;classifier;classifier;N/A;N/A;N/A;2000;100;1;2000;0,0000;0,0000;0,0000;0,0000;0,0000;0,0000;0;0;0;0
20260613_1458;Generalização_200;classification;AdaptiveRandomForest;Otimizado_33Features;classifier;classifier;classifier;N/A;N/A;N/A;2000;100;2;2100;0,0000;0,0000;0,0000;0,0000;0,0000;0,0000;0;0;0;0
20260613_1458;Generalização_200;classification;AdaptiveRandomForest;Otimizado_33Features;classifier;classifier;classifier;N/A;N/A;N/A;2000;100;3;2200;0,0000;0,0000;0,0000;0,0000;0,0000;0,0000;0;0;0;0
20260613_1458;Generalização_200;classification;AdaptiveRandomForest;Otimizado_33Features;classifier;classifier;classifier;N/A;N/A;N/A;2000;100;4;2300;0,0000;0,0000;0,0000;0,0000;0,0000;0,0000;0;0;0;0
20260613_1458;Generalização_200;classification;AdaptiveRandomForest;Otimizado_33Features;classifier;classifier;classifier;N/A;N/A;N/A;2000;100;5;2400;0,0000;0,0000;0,0000;0,0000;0,0000;0,0000;0;0;0;0
20260613_1458;Generalização_200;classification;AdaptiveRandomForest;Otimizado_33Features;classifier;classifier;classifier;N/A;N/A;N/A;2000;100;6;2500;0,0000;0,0000;0,0000;0,0000;0,0000;0,0000;0;0;0;0
20260613_1458;Generalização_200;classification;AdaptiveRandomForest;Otimizado_33Features;classifier;classifier;classifier;N/A;N/A;N/A;2000;100;7;2600;0,0000;0,0000;0,0000;0,0000;0,0000;0,0000;0;0;0;0
20260613_1458;Generalização_200;classification;AdaptiveRandomForest;Otimizado_33Features;classifier;classifier;classifier;N/A;N/A;N/A;2000;100;8;2700;0,0000;0,0000;0,0000;0,0000;0,0000;0,0000;0;0;0;0
20260613_1458;Generalização_200;classification;AdaptiveRandomForest;Otimizado_33Features;classifier;classifier;classifier;N/A;N/A;N/A;2000;100;9;2800;0,0000;0,0000;0,0000;0,0000;0,0000;0,0000;0;0;0;0
20260613_1458;Generalização_200;classification;AdaptiveRandomForest;Otimizado_33Features;classifier;classifier;classifier;N/A;N/A;N/A;2000;100;10;2900;0,0000;0,0000;0,0000;0,0000;0,0000;0,0000;0;0;0;0
20260613_1458;Generalização_200;classification;AdaptiveRandomForest;Otimizado_33Features;classifier;classifier;classifier;N/A;N/A;N/A;2000;100;11;3000;0,0000;0,0000;0,0000;0,0000;0,0000;0,0000;0;0;0;0
20260613_1458;Generalização_200;classification;AdaptiveRandomForest;Otimizado_33Features;classifier;classifier;classifier;N/A;N/A;N/A;2000;100;12;3100;0,0000;0,0000;0,0000;0,0000;0,0000;0,0000;0;0;0;0
20260613_1458;Generalização_200;classification;AdaptiveRandomForest;Otimizado_33Features;classifier;classifier;classifier;N/A;N/A;N/A;2000;100;13;3200;0,0000;0,0000;0,0000;0,0000;0,0000;0,0000;0;0;0;0
20260613_1458;Generalização_200;classification;AdaptiveRandomForest;Otimizado_33Features;classifier;classifier;classifier;N/A;N/A;N/A;2000;100;14;3300;0,0000;0,0000;0,0000;0,0000;0,0000;0,0000;0;0;0;0
20260613_1458;Generalização_200;classification;AdaptiveRandomForest;Otimizado_33Features;classifier;classifier;classifier;N/A;N/A;N/A;2000;100;15;3400;0,0000;0,0000;0,0000;0,0000;0,0000;0,0000;0;0;0;0
20260613_1458;Generalização_200;classification;AdaptiveRandomForest;Otimizado_33Features;classifier;classifier;classifier;N/A;N/A;N/A;2000;100;16;3500;0,0000;0,0000;0,0000;0,0000;0,0000;0,0000;0;0;0;0
20260613_1458;Generalização_200;classification;AdaptiveRandomForest;Otimizado_33Features;classifier;classifier;classifier;N/A;N/A;N/A;2000;100;17;3600;0,0000;0,0000;0,0000;0,0000;0,0000;0,0000;0;0;0;0
20260613_1458;Generalização_200;classification;AdaptiveRandomForest;Otimizado_33Features;classifier;classifier;classifier;N/A;N/A;N/A;2000;100;18;3700;0,0000;0,0000;0,0000;0,0000;0,0000;0,0000;0;0;0;0
20260613_1458;Generalização_200;classification;AdaptiveRandomForest;Otimizado_33Features;classifier;classifier;classifier;N/A;N/A;N/A;2000;100;19;3800;93,2391;0,8679;100,0000;0,0000;87,3469;1,5272;0;0;7;1
20260613_1458;Generalização_200;classification;AdaptiveRandomForest;Otimizado_33Features;classifier;classifier;classifier;N/A;N/A;N/A;2000;100;20;3900;99,2531;0,2516;98,7623;0,0062;99,7500;0,5000;1;0;1;1
20260613_1458;Generalização_200;classification;AdaptiveRandomForest;Otimizado_33Features;classifier;classifier;classifier;N/A;N/A;N/A;2000;100;21;4000;98,1228;0,4123;98,3333;0,8333;97,9167;0,0000;1;1;1;0
20260613_1458;Generalização_200;classification;AdaptiveRandomForest;Otimizado_33Features;classifier;classifier;classifier;N/A;N/A;N/A;2000;100;22;4100;0,0000;0,0000;0,0000;0,0000;0,0000;0,0000;0;0;0;0
20260613_1458;Generalização_200;classification;AdaptiveRandomForest;Otimizado_33Features;classifier;classifier;classifier;N/A;N/A;N/A;2000;100;23;4200;0,0000;0,0000;0,0000;0,0000;0,0000;0,0000;1;0;0;0
20260613_1458;Generalização_200;classification;AdaptiveRandomForest;Otimizado_33Features;classifier;classifier;classifier;N/A;N/A;N/A;2000;100;24;4300;0,0000;0,0000;0,0000;0,0000;0,0000;0,0000;0;0;0;0
20260613_1458;Generalização_200;classification;AdaptiveRandomForest;Otimizado_33Features;classifier;classifier;classifier;N/A;N/A;N/A;2000;100;25;4400;0,0000;0,0000;0,0000;0,0000;0,0000;0,0000;0;0;0;0
20260613_1458;Generalização_200;classification;AdaptiveRandomForest;Otimizado_33Features;classifier;classifier;classifier;N/A;N/A;N/A;2000;100;26;4500;0,0000;0,0000;0,0000;0,0000;0,0000;0,0000;0;0;0;0
20260613_1458;Generalização_200;classification;AdaptiveRandomForest;Otimizado_33Features;classifier;classifier;classifier;N/A;N/A;N/A;2000;100;27;4600;0,0000;0,0000;0,0000;0,0000;0,0000;0,0000;0;0;0;0
20260613_1458;Generalização_200;classification;AdaptiveRandomForest;Otimizado_33Features;classifier;classifier;classifier;N/A;N/A;N/A;2000;100;28;4700;0,0000;0,0000;0,0000;0,0000;0,0000;0,0000;0;0;0;0
20260613_1458;Generalização_200;classification;AdaptiveRandomForest;Otimizado_33Features;classifier;classifier;classifier;N/A;N/A;N/A;2000;100;29;4800;0,0000;0,0000;0,0000;0,0000;0,0000;0,0000;0;0;0;0
20260613_1458;Generalização_200;classification;AdaptiveRandomForest;Otimizado_33Features;classifier;classifier;classifier;N/A;N/A;N/A;2000;100;30;4900;0,0000;0,0000;0,0000;0,0000;0,0000;0,0000;0;0;0;0
20260613_1458;Generalização_200;classification;AdaptiveRandomForest;Otimizado_33Features;classifier;classifier;classifier;N/A;N/A;N/A;2000;100;31;5000;0,0000;0,0000;0,0000;0,0000;0,0000;0,0000;0;0;0;0
20260613_1458;Generalização_200;classification;AdaptiveRandomForest;Otimizado_33Features;classifier;classifier;classifier;N/A;N/A;N/A;2000;100;32;5100;0,0000;0,0000;0,0000;0,0000;0,0000;0,0000;0;0;0;0
20260613_1458;Generalização_200;classification;AdaptiveRandomForest;Otimizado_33Features;classifier;classifier;classifier;N/A;N/A;N/A;2000;100;33;5200;0,0000;0,0000;0,0000;0,0000;0,0000;0,0000;0;0;0;0
20260613_1458;Generalização_200;classification;AdaptiveRandomForest;Otimizado_33Features;classifier;classifier;classifier;N/A;N/A;N/A;2000;100;34;5300;0,0000;0,0000;0,0000;0,0000;0,0000;0,0000;0;0;0;0
20260613_1458;Generalização_200;classification;AdaptiveRandomForest;Otimizado_33Features;classifier;classifier;classifier;N/A;N/A;N/A;2000;100;35;5400;0,0000;0,0000;0,0000;0,0000;0,0000;0,0000;0;0;0;0
20260613_1458;Generalização_200;classification;AdaptiveRandomForest;Otimizado_33Features;classifier;classifier;classifier;N/A;N/A;N/A;2000;100;36;5500;0,0000;0,0000;0,0000;0,0000;0,0000;0,0000;0;0;0;0
20260613_1458;Generalização_200;classification;AdaptiveRandomForest;Otimizado_33Features;classifier;classifier;classifier;N/A;N/A;N/A;2000;100;37;5600;0,0000;0,0000;0,0000;0,0000;0,0000;0,0000;0;0;0;0
20260613_1458;Generalização_200;classification;AdaptiveRandomForest;Otimizado_33Features;classifier;classifier;classifier;N/A;N/A;N/A;2000;100;38;5700;0,0000;0,0000;0,0000;0,0000;0,0000;0,0000;0;0;0;0
20260613_1458;Generalização_200;classification;AdaptiveRandomForest;Otimizado_33Features;classifier;classifier;classifier;N/A;N/A;N/A;2000;100;39;5800;0,0000;0,0000;0,0000;0,0000;0,0000;0,0000;0;0;0;0
20260613_1458;Generalização_200;classification;AdaptiveRandomForest;Otimizado_33Features;classifier;classifier;classifier;N/A;N/A;N/A;2000;100;40;5900;0,0000;0,0000;0,0000;0,0000;0,0000;0,0000;0;0;0;0
20260613_1458;Generalização_200;classification;AdaptiveRandomForest;Otimizado_33Features;classifier;classifier;classifier;N/A;N/A;N/A;2000;100;41;6000;0,0000;0,0000;0,0000;0,0000;0,0000;0,0000;0;0;0;0
20260613_1458;Generalização_200;classification;AdaptiveRandomForest;Otimizado_33Features;classifier;classifier;classifier;N/A;N/A;N/A;2000;100;42;6100;0,0000;0,0000;0,0000;0,0000;0,0000;0,0000;0;0;0;0
20260613_1458;Generalização_200;classification;AdaptiveRandomForest;Otimizado_33Features;classifier;classifier;classifier;N/A;N/A;N/A;2000;100;43;6200;0,0000;0,0000;0,0000;0,0000;0,0000;0,0000;0;0;0;0
20260613_1458;Generalização_200;classification;AdaptiveRandomForest;Otimizado_33Features;classifier;classifier;classifier;N/A;N/A;N/A;2000;100;44;6300;0,0000;0,0000;0,0000;0,0000;0,0000;0,0000;0;0;0;0
20260613_1458;Generalização_200;classification;AdaptiveRandomForest;Otimizado_33Features;classifier;classifier;classifier;N/A;N/A;N/A;2000;100;45;6400;0,0000;0,0000;0,0000;0,0000;0,0000;0,0000;0;0;0;0
20260613_1458;Generalização_200;classification;AdaptiveRandomForest;Otimizado_33Features;classifier;classifier;classifier;N/A;N/A;N/A;2000;100;46;6500;0,0000;0,0000;0,0000;0,0000;0,0000;0,0000;0;0;0;0
20260613_1458;Generalização_200;classification;AdaptiveRandomForest;Otimizado_33Features;classifier;classifier;classifier;N/A;N/A;N/A;2000;100;47;6600;0,0000;0,0000;0,0000;0,0000;0,0000;0,0000;0;0;0;0
20260613_1458;Generalização_200;classification;AdaptiveRandomForest;Otimizado_33Features;classifier;classifier;classifier;N/A;N/A;N/A;2000;100;48;6700;0,0000;0,0000;0,0000;0,0000;0,0000;0,0000;0;0;0;0
20260613_1458;Generalização_200;classification;AdaptiveRandomForest;Otimizado_33Features;classifier;classifier;classifier;N/A;N/A;N/A;2000;100;49;6800;0,0000;0,0000;0,0000;0,0000;0,0000;0,0000;0;0;0;0
20260613_1458;Generalização_200;classification;AdaptiveRandomForest;Otimizado_33Features;classifier;classifier;classifier;N/A;N/A;N/A;2000;100;50;6900;0,0000;0,0000;0,0000;0,0000;0,0000;0,0000;0;0;0;0
20260613_1458;Generalização_200;classification;AdaptiveRandomForest;Otimizado_33Features;classifier;classifier;classifier;N/A;N/A;N/A;2000;100;51;7000;0,0000;0,0000;0,0000;0,0000;0,0000;0,0000;0;0;0;0
20260613_1458;Generalização_200;classification;AdaptiveRandomForest;Otimizado_33Features;classifier;classifier;classifier;N/A;N/A;N/A;2000;100;52;7100;0,0000;0,0000;0,0000;0,0000;0,0000;0,0000;0;0;0;0
20260613_1458;Generalização_200;classification;AdaptiveRandomForest;Otimizado_33Features;classifier;classifier;classifier;N/A;N/A;N/A;2000;100;53;7200;0,0000;0,0000;0,0000;0,0000;0,0000;0,0000;0;0;0;0
20260613_1458;Generalização_200;classification;AdaptiveRandomForest;Otimizado_33Features;classifier;classifier;classifier;N/A;N/A;N/A;2000;100;54;7300;0,0000;0,0000;0,0000;0,0000;0,0000;0,0000;0;0;0;0
20260613_1458;Generalização_200;classification;AdaptiveRandomForest;Otimizado_33Features;classifier;classifier;classifier;N/A;N/A;N/A;2000;100;55;7400;0,0000;0,0000;0,0000;0,0000;0,0000;0,0000;0;0;0;0
20260613_1458;Generalização_200;classification;AdaptiveRandomForest;Otimizado_33Features;classifier;classifier;classifier;N/A;N/A;N/A;2000;100;56;7500;0,0000;0,0000;0,0000;0,0000;0,0000;0,0000;0;0;0;0
20260613_1458;Generalização_200;classification;AdaptiveRandomForest;Otimizado_33Features;classifier;classifier;classifier;N/A;N/A;N/A;2000;100;57;7600;0,0000;0,0000;0,0000;0,0000;0,0000;0,0000;0;0;0;0
20260613_1458;Generalização_200;classification;AdaptiveRandomForest;Otimizado_33Features;classifier;classifier;classifier;N/A;N/A;N/A;2000;100;58;7700;0,0000;0,0000;0,0000;0,0000;0,0000;0,0000;0;0;1;0
20260613_1458;Generalização_200;classification;AdaptiveRandomForest;Otimizado_33Features;classifier;classifier;classifier;N/A;N/A;N/A;2000;100;59;7800;97,9592;0,0000;100,0000;0,0000;96,0000;0,0000;0;0;4;0
20260613_1458;Generalização_200;classification;AdaptiveRandomForest;Otimizado_33Features;classifier;classifier;classifier;N/A;N/A;N/A;2000;100;60;7900;100,0000;0,0000;100,0000;0,0000;100,0000;0,0000;0;0;0;0
20260613_1458;Generalização_200;classification;AdaptiveRandomForest;Otimizado_33Features;classifier;classifier;classifier;N/A;N/A;N/A;2000;100;61;8000;0,0000;0,0000;0,0000;0,0000;0,0000;0,0000;0;0;0;0
20260613_1458;Generalização_200;classification;AdaptiveRandomForest;Otimizado_33Features;classifier;classifier;classifier;N/A;N/A;N/A;2000;100;62;8100;0,0000;0,0000;0,0000;0,0000;0,0000;0,0000;0;0;0;0
20260613_1458;Generalização_200;classification;AdaptiveRandomForest;Otimizado_33Features;classifier;classifier;classifier;N/A;N/A;N/A;2000;100;63;8200;0,0000;0,0000;0,0000;0,0000;0,0000;0,0000;0;0;0;0
20260613_1458;Generalização_200;classification;AdaptiveRandomForest;Otimizado_33Features;classifier;classifier;classifier;N/A;N/A;N/A;2000;100;64;8300;0,0000;0,0000;0,0000;0,0000;0,0000;0,0000;0;0;0;0
20260613_1458;Generalização_200;classification;AdaptiveRandomForest;Otimizado_33Features;classifier;classifier;classifier;N/A;N/A;N/A;2000;100;65;8400;0,0000;0,0000;0,0000;0,0000;0,0000;0,0000;0;0;0;0
20260613_1458;Generalização_200;classification;AdaptiveRandomForest;Otimizado_33Features;classifier;classifier;classifier;N/A;N/A;N/A;2000;100;66;8500;0,0000;0,0000;0,0000;0,0000;0,0000;0,0000;0;0;0;0
20260613_1458;Generalização_200;classification;AdaptiveRandomForest;Otimizado_33Features;classifier;classifier;classifier;N/A;N/A;N/A;2000;100;67;8600;0,0000;0,0000;0,0000;0,0000;0,0000;0,0000;0;0;0;0
20260613_1458;Generalização_200;classification;AdaptiveRandomForest;Otimizado_33Features;classifier;classifier;classifier;N/A;N/A;N/A;2000;100;68;8700;0,0000;0,0000;0,0000;0,0000;0,0000;0,0000;0;0;0;0
20260613_1458;Generalização_200;classification;AdaptiveRandomForest;Otimizado_33Features;classifier;classifier;classifier;N/A;N/A;N/A;2000;100;69;8800;0,0000;0,0000;0,0000;0,0000;0,0000;0,0000;0;0;0;0
20260613_1458;Generalização_200;classification;AdaptiveRandomForest;Otimizado_33Features;classifier;classifier;classifier;N/A;N/A;N/A;2000;100;70;8900;0,0000;0,0000;0,0000;0,0000;0,0000;0,0000;0;0;0;0
20260613_1458;Generalização_200;classification;AdaptiveRandomForest;Otimizado_33Features;classifier;classifier;classifier;N/A;N/A;N/A;2000;100;71;9000;0,0000;0,0000;0,0000;0,0000;0,0000;0,0000;0;0;0;0
20260613_1458;Generalização_200;classification;AdaptiveRandomForest;Otimizado_33Features;classifier;classifier;classifier;N/A;N/A;N/A;2000;100;72;9100;0,0000;0,0000;0,0000;0,0000;0,0000;0,0000;0;0;0;0
20260613_1458;Generalização_200;classification;AdaptiveRandomForest;Otimizado_33Features;classifier;classifier;classifier;N/A;N/A;N/A;2000;100;73;9200;0,0000;0,0000;0,0000;0,0000;0,0000;0,0000;0;0;0;0
20260613_1458;Generalização_200;classification;AdaptiveRandomForest;Otimizado_33Features;classifier;classifier;classifier;N/A;N/A;N/A;2000;100;74;9300;0,0000;0,0000;0,0000;0,0000;0,0000;0,0000;0;0;0;0
20260613_1458;Generalização_200;classification;AdaptiveRandomForest;Otimizado_33Features;classifier;classifier;classifier;N/A;N/A;N/A;2000;100;75;9400;0,0000;0,0000;0,0000;0,0000;0,0000;0,0000;0;0;0;0
20260613_1458;Generalização_200;classification;AdaptiveRandomForest;Otimizado_33Features;classifier;classifier;classifier;N/A;N/A;N/A;2000;100;76;9500;0,0000;0,0000;0,0000;0,0000;0,0000;0,0000;0;0;0;0
20260613_1458;Generalização_200;classification;AdaptiveRandomForest;Otimizado_33Features;classifier;classifier;classifier;N/A;N/A;N/A;2000;100;77;9600;0,0000;0,0000;0,0000;0,0000;0,0000;0,0000;0;0;0;0
20260613_1458;Generalização_200;classification;AdaptiveRandomForest;Otimizado_33Features;classifier;classifier;classifier;N/A;N/A;N/A;2000;100;78;9700;0,0000;0,0000;0,0000;0,0000;0,0000;0,0000;0;0;0;0
20260613_1458;Generalização_200;classification;AdaptiveRandomForest;Otimizado_33Features;classifier;classifier;classifier;N/A;N/A;N/A;2000;100;79;9800;0,0000;0,0000;0,0000;0,0000;0,0000;0,0000;0;0;0;0
20260613_1458;Generalização_200;classification;AdaptiveRandomForest;Otimizado_33Features;classifier;classifier;classifier;N/A;N/A;N/A;2000;100;80;9900;0,0000;0,0000;0,0000;0,0000;0,0000;0,0000;0;0;0;0
20260613_1458;Generalização_200;classification;AdaptiveRandomForest;Otimizado_33Features;classifier;classifier;classifier;N/A;N/A;N/A;2000;100;81;10000;0,0000;0,0000;0,0000;0,0000;0,0000;0,0000;0;0;0;0
20260613_1458;Generalização_200;classification;AdaptiveRandomForest;Otimizado_33Features;classifier;classifier;classifier;N/A;N/A;N/A;2000;100;82;10100;0,0000;0,0000;0,0000;0,0000;0,0000;0,0000;0;0;0;0
20260613_1458;Generalização_200;classification;AdaptiveRandomForest;Otimizado_33Features;classifier;classifier;classifier;N/A;N/A;N/A;2000;100;83;10200;0,0000;0,0000;0,0000;0,0000;0,0000;0,0000;0;0;0;0
20260613_1458;Generalização_200;classification;AdaptiveRandomForest;Otimizado_33Features;classifier;classifier;classifier;N/A;N/A;N/A;2000;100;84;10300;0,0000;0,0000;0,0000;0,0000;0,0000;0,0000;0;0;0;0
20260613_1458;Generalização_200;classification;AdaptiveRandomForest;Otimizado_33Features;classifier;classifier;classifier;N/A;N/A;N/A;2000;100;85;10400;0,0000;0,0000;0,0000;0,0000;0,0000;0,0000;0;0;0;0
20260613_1458;Generalização_200;classification;AdaptiveRandomForest;Otimizado_33Features;classifier;classifier;classifier;N/A;N/A;N/A;2000;100;86;10500;0,0000;0,0000;0,0000;0,0000;0,0000;0,0000;0;0;0;0
20260613_1458;Generalização_200;classification;AdaptiveRandomForest;Otimizado_33Features;classifier;classifier;classifier;N/A;N/A;N/A;2000;100;87;10600;0,0000;0,0000;0,0000;0,0000;0,0000;0,0000;0;0;0;0
20260613_1458;Generalização_200;classification;AdaptiveRandomForest;Otimizado_33Features;classifier;classifier;classifier;N/A;N/A;N/A;2000;100;88;10700;0,0000;0,0000;0,0000;0,0000;0,0000;0,0000;0;0;0;0
20260613_1458;Generalização_200;classification;AdaptiveRandomForest;Otimizado_33Features;classifier;classifier;classifier;N/A;N/A;N/A;2000;100;89;10800;0,0000;0,0000;0,0000;0,0000;0,0000;0,0000;0;0;0;0
20260613_1458;Generalização_200;classification;AdaptiveRandomForest;Otimizado_33Features;classifier;classifier;classifier;N/A;N/A;N/A;2000;100;90;10900;0,0000;0,0000;0,0000;0,0000;0,0000;0,0000;0;0;0;0
20260613_1458;Generalização_200;classification;AdaptiveRandomForest;Otimizado_33Features;classifier;classifier;classifier;N/A;N/A;N/A;2000;100;91;11000;0,0000;0,0000;0,0000;0,0000;0,0000;0,0000;0;0;0;0
20260613_1458;Generalização_200;classification;AdaptiveRandomForest;Otimizado_33Features;classifier;classifier;classifier;N/A;N/A;N/A;2000;100;92;11100;0,0000;0,0000;0,0000;0,0000;0,0000;0,0000;0;0;0;0
20260613_1458;Generalização_200;classification;AdaptiveRandomForest;Otimizado_33Features;classifier;classifier;classifier;N/A;N/A;N/A;2000;100;93;11200;0,0000;0,0000;0,0000;0,0000;0,0000;0,0000;0;0;0;0
20260613_1458;Generalização_200;classification;AdaptiveRandomForest;Otimizado_33Features;classifier;classifier;classifier;N/A;N/A;N/A;2000;100;94;11300;0,0000;0,0000;0,0000;0,0000;0,0000;0,0000;0;0;0;0
20260613_1458;Generalização_200;classification;AdaptiveRandomForest;Otimizado_33Features;classifier;classifier;classifier;N/A;N/A;N/A;2000;100;95;11400;0,0000;0,0000;0,0000;0,0000;0,0000;0,0000;0;0;0;0
20260613_1458;Generalização_200;classification;AdaptiveRandomForest;Otimizado_33Features;classifier;classifier;classifier;N/A;N/A;N/A;2000;100;96;11500;0,0000;0,0000;0,0000;0,0000;0,0000;0,0000;0;0;0;0
20260613_1458;Generalização_200;classification;AdaptiveRandomForest;Otimizado_33Features;classifier;classifier;classifier;N/A;N/A;N/A;2000;100;97;11600;0,0000;0,0000;0,0000;0,0000;0,0000;0,0000;0;0;0;0
20260613_1458;Generalização_200;classification;AdaptiveRandomForest;Otimizado_33Features;classifier;classifier;classifier;N/A;N/A;N/A;2000;100;98;11700;97,7488;0,4208;100,0000;0,0000;95,6000;0,8000;0;0;3;1
20260613_1458;Generalização_200;classification;AdaptiveRandomForest;Otimizado_33Features;classifier;classifier;classifier;N/A;N/A;N/A;2000;100;99;11800;99,8953;0,2094;100,0000;0,0000;99,7917;0,4167;0;0;1;1
20260613_1458;Generalização_200;classification;AdaptiveRandomForest;Otimizado_33Features;classifier;classifier;classifier;N/A;N/A;N/A;2000;100;100;11900;98,9691;0,0000;100,0000;0,0000;97,9592;0,0000;0;0;1;0
20260613_1458;Generalização_200;classification;AdaptiveRandomForest;Otimizado_33Features;classifier;classifier;classifier;N/A;N/A;N/A;2000;100;101;12000;0,0000;0,0000;0,0000;0,0000;0,0000;0,0000;0;0;0;0
20260613_1458;Generalização_200;classification;AdaptiveRandomForest;Otimizado_33Features;classifier;classifier;classifier;N/A;N/A;N/A;2000;100;102;12100;0,0000;0,0000;0,0000;0,0000;0,0000;0,0000;0;0;0;0
20260613_1458;Generalização_200;classification;AdaptiveRandomForest;Otimizado_33Features;classifier;classifier;classifier;N/A;N/A;N/A;2000;100;103;12200;0,0000;0,0000;0,0000;0,0000;0,0000;0,0000;0;0;0;0
20260613_1458;Generalização_200;classification;AdaptiveRandomForest;Otimizado_33Features;classifier;classifier;classifier;N/A;N/A;N/A;2000;100;104;12300;0,0000;0,0000;0,0000;0,0000;0,0000;0,0000;0;0;0;0
20260613_1458;Generalização_200;classification;AdaptiveRandomForest;Otimizado_33Features;classifier;classifier;classifier;N/A;N/A;N/A;2000;100;105;12400;0,0000;0,0000;0,0000;0,0000;0,0000;0,0000;0;0;0;0
20260613_1458;Generalização_200;classification;AdaptiveRandomForest;Otimizado_33Features;classifier;classifier;classifier;N/A;N/A;N/A;2000;100;106;12500;0,0000;0,0000;0,0000;0,0000;0,0000;0,0000;0;0;0;0
20260613_1458;Generalização_200;classification;AdaptiveRandomForest;Otimizado_33Features;classifier;classifier;classifier;N/A;N/A;N/A;2000;100;107;12600;0,0000;0,0000;0,0000;0,0000;0,0000;0,0000;0;0;0;0
20260613_1458;Generalização_200;classification;AdaptiveRandomForest;Otimizado_33Features;classifier;classifier;classifier;N/A;N/A;N/A;2000;100;108;12700;0,0000;0,0000;0,0000;0,0000;0,0000;0,0000;0;0;0;0
20260613_1458;Generalização_200;classification;AdaptiveRandomForest;Otimizado_33Features;classifier;classifier;classifier;N/A;N/A;N/A;2000;100;109;12800;0,0000;0,0000;0,0000;0,0000;0,0000;0,0000;0;0;0;0
20260613_1458;Generalização_200;classification;AdaptiveRandomForest;Otimizado_33Features;classifier;classifier;classifier;N/A;N/A;N/A;2000;100;110;12900;0,0000;0,0000;0,0000;0,0000;0,0000;0,0000;0;0;0;0
20260613_1458;Generalização_200;classification;AdaptiveRandomForest;Otimizado_33Features;classifier;classifier;classifier;N/A;N/A;N/A;2000;100;111;13000;0,0000;0,0000;0,0000;0,0000;0,0000;0,0000;0;0;0;0
20260613_1458;Generalização_200;classification;AdaptiveRandomForest;Otimizado_33Features;classifier;classifier;classifier;N/A;N/A;N/A;2000;100;112;13100;0,0000;0,0000;0,0000;0,0000;0,0000;0,0000;0;0;0;0
20260613_1458;Generalização_200;classification;AdaptiveRandomForest;Otimizado_33Features;classifier;classifier;classifier;N/A;N/A;N/A;2000;100;113;13200;0,0000;0,0000;0,0000;0,0000;0,0000;0,0000;0;0;0;0
20260613_1458;Generalização_200;classification;AdaptiveRandomForest;Otimizado_33Features;classifier;classifier;classifier;N/A;N/A;N/A;2000;100;114;13300;0,0000;0,0000;0,0000;0,0000;0,0000;0,0000;0;0;0;0
20260613_1458;Generalização_200;classification;AdaptiveRandomForest;Otimizado_33Features;classifier;classifier;classifier;N/A;N/A;N/A;2000;100;115;13400;0,0000;0,0000;0,0000;0,0000;0,0000;0,0000;0;0;0;0
20260613_1458;Generalização_200;classification;AdaptiveRandomForest;Otimizado_33Features;classifier;classifier;classifier;N/A;N/A;N/A;2000;100;116;13500;0,0000;0,0000;0,0000;0,0000;0,0000;0,0000;0;0;0;0
20260613_1458;Generalização_200;classification;AdaptiveRandomForest;Otimizado_33Features;classifier;classifier;classifier;N/A;N/A;N/A;2000;100;117;13600;0,0000;0,0000;0,0000;0,0000;0,0000;0,0000;0;0;0;0
20260613_1458;Generalização_200;classification;AdaptiveRandomForest;Otimizado_33Features;classifier;classifier;classifier;N/A;N/A;N/A;2000;100;118;13700;0,0000;0,0000;0,0000;0,0000;0,0000;0,0000;0;0;0;0
20260613_1458;Generalização_200;classification;AdaptiveRandomForest;Otimizado_33Features;classifier;classifier;classifier;N/A;N/A;N/A;2000;100;119;13800;0,0000;0,0000;0,0000;0,0000;0,0000;0,0000;0;0;0;0
20260613_1458;Generalização_200;classification;AdaptiveRandomForest;Otimizado_33Features;classifier;classifier;classifier;N/A;N/A;N/A;2000;100;120;13900;0,0000;0,0000;0,0000;0,0000;0,0000;0,0000;0;0;0;0
20260613_1458;Generalização_200;classification;AdaptiveRandomForest;Otimizado_33Features;classifier;classifier;classifier;N/A;N/A;N/A;2000;100;121;14000;0,0000;0,0000;0,0000;0,0000;0,0000;0,0000;0;0;0;0
20260613_1458;Generalização_200;classification;AdaptiveRandomForest;Otimizado_33Features;classifier;classifier;classifier;N/A;N/A;N/A;2000;100;122;14100;0,0000;0,0000;0,0000;0,0000;0,0000;0,0000;0;0;0;0
20260613_1458;Generalização_200;classification;AdaptiveRandomForest;Otimizado_33Features;classifier;classifier;classifier;N/A;N/A;N/A;2000;100;123;14200;0,0000;0,0000;0,0000;0,0000;0,0000;0,0000;0;0;0;0
20260613_1458;Generalização_200;classification;AdaptiveRandomForest;Otimizado_33Features;classifier;classifier;classifier;N/A;N/A;N/A;2000;100;124;14300;0,0000;0,0000;0,0000;0,0000;0,0000;0,0000;0;0;0;0
20260613_1458;Generalização_200;classification;AdaptiveRandomForest;Otimizado_33Features;classifier;classifier;classifier;N/A;N/A;N/A;2000;100;125;14400;0,0000;0,0000;0,0000;0,0000;0,0000;0,0000;0;0;0;0
20260613_1458;Generalização_200;classification;AdaptiveRandomForest;Otimizado_33Features;classifier;classifier;classifier;N/A;N/A;N/A;2000;100;126;14500;0,0000;0,0000;0,0000;0,0000;0,0000;0,0000;0;0;0;0
20260613_1458;Generalização_200;classification;AdaptiveRandomForest;Otimizado_33Features;classifier;classifier;classifier;N/A;N/A;N/A;2000;100;127;14600;0,0000;0,0000;0,0000;0,0000;0,0000;0,0000;0;0;0;0
20260613_1458;Generalização_200;classification;AdaptiveRandomForest;Otimizado_33Features;classifier;classifier;classifier;N/A;N/A;N/A;2000;100;128;14700;0,0000;0,0000;0,0000;0,0000;0,0000;0,0000;0;0;0;0
20260613_1458;Generalização_200;classification;AdaptiveRandomForest;Otimizado_33Features;classifier;classifier;classifier;N/A;N/A;N/A;2000;100;129;14800;0,0000;0,0000;0,0000;0,0000;0,0000;0,0000;0;0;0;0
20260613_1458;Generalização_200;classification;AdaptiveRandomForest;Otimizado_33Features;classifier;classifier;classifier;N/A;N/A;N/A;2000;100;130;14900;0,0000;0,0000;0,0000;0,0000;0,0000;0,0000;0;0;0;0
20260613_1458;Generalização_200;classification;AdaptiveRandomForest;Otimizado_33Features;classifier;classifier;classifier;N/A;N/A;N/A;2000;100;131;15000;0,0000;0,0000;0,0000;0,0000;0,0000;0,0000;0;0;0;0
20260613_1458;Generalização_200;classification;AdaptiveRandomForest;Otimizado_33Features;classifier;classifier;classifier;N/A;N/A;N/A;2000;100;132;15100;0,0000;0,0000;0,0000;0,0000;0,0000;0,0000;0;0;0;0
20260613_1458;Generalização_200;classification;AdaptiveRandomForest;Otimizado_33Features;classifier;classifier;classifier;N/A;N/A;N/A;2000;100;133;15200;0,0000;0,0000;0,0000;0,0000;0,0000;0,0000;0;0;0;0
20260613_1458;Generalização_200;classification;AdaptiveRandomForest;Otimizado_33Features;classifier;classifier;classifier;N/A;N/A;N/A;2000;100;134;15300;0,0000;0,0000;0,0000;0,0000;0,0000;0,0000;0;0;0;0
20260613_1458;Generalização_200;classification;AdaptiveRandomForest;Otimizado_33Features;classifier;classifier;classifier;N/A;N/A;N/A;2000;100;135;15400;0,0000;0,0000;0,0000;0,0000;0,0000;0,0000;0;0;0;0
20260613_1458;Generalização_200;classification;AdaptiveRandomForest;Otimizado_33Features;classifier;classifier;classifier;N/A;N/A;N/A;2000;100;136;15500;0,0000;0,0000;0,0000;0,0000;0,0000;0,0000;0;0;0;0
20260613_1458;Generalização_1000;classification;AdaptiveRandomForest;Otimizado_33Features;classifier;classifier;classifier;N/A;N/A;N/A;2000;100;1;2000;0,0000;0,0000;0,0000;0,0000;0,0000;0,0000;0;0;0;0
20260613_1458;Generalização_1000;classification;AdaptiveRandomForest;Otimizado_33Features;classifier;classifier;classifier;N/A;N/A;N/A;2000;100;2;2100;0,0000;0,0000;0,0000;0,0000;0,0000;0,0000;0;0;0;0
20260613_1458;Generalização_1000;classification;AdaptiveRandomForest;Otimizado_33Features;classifier;classifier;classifier;N/A;N/A;N/A;2000;100;3;2200;0,0000;0,0000;0,0000;0,0000;0,0000;0,0000;0;0;0;0
20260613_1458;Generalização_1000;classification;AdaptiveRandomForest;Otimizado_33Features;classifier;classifier;classifier;N/A;N/A;N/A;2000;100;4;2300;0,0000;0,0000;0,0000;0,0000;0,0000;0,0000;0;0;0;0
20260613_1458;Generalização_1000;classification;AdaptiveRandomForest;Otimizado_33Features;classifier;classifier;classifier;N/A;N/A;N/A;2000;100;5;2400;0,0000;0,0000;0,0000;0,0000;0,0000;0,0000;0;0;0;0
20260613_1458;Generalização_1000;classification;AdaptiveRandomForest;Otimizado_33Features;classifier;classifier;classifier;N/A;N/A;N/A;2000;100;6;2500;0,0000;0,0000;0,0000;0,0000;0,0000;0,0000;0;0;0;0
20260613_1458;Generalização_1000;classification;AdaptiveRandomForest;Otimizado_33Features;classifier;classifier;classifier;N/A;N/A;N/A;2000;100;7;2600;0,0000;0,0000;0,0000;0,0000;0,0000;0,0000;0;0;0;0
20260613_1458;Generalização_1000;classification;AdaptiveRandomForest;Otimizado_33Features;classifier;classifier;classifier;N/A;N/A;N/A;2000;100;8;2700;0,0000;0,0000;0,0000;0,0000;0,0000;0,0000;0;0;0;0
20260613_1458;Generalização_1000;classification;AdaptiveRandomForest;Otimizado_33Features;classifier;classifier;classifier;N/A;N/A;N/A;2000;100;9;2800;0,0000;0,0000;0,0000;0,0000;0,0000;0,0000;0;0;0;0
20260613_1458;Generalização_1000;classification;AdaptiveRandomForest;Otimizado_33Features;classifier;classifier;classifier;N/A;N/A;N/A;2000;100;10;2900;0,0000;0,0000;0,0000;0,0000;0,0000;0,0000;0;0;0;0
20260613_1458;Generalização_1000;classification;AdaptiveRandomForest;Otimizado_33Features;classifier;classifier;classifier;N/A;N/A;N/A;2000;100;11;3000;0,0000;0,0000;0,0000;0,0000;0,0000;0,0000;0;0;0;0
20260613_1458;Generalização_1000;classification;AdaptiveRandomForest;Otimizado_33Features;classifier;classifier;classifier;N/A;N/A;N/A;2000;100;12;3100;0,0000;0,0000;0,0000;0,0000;0,0000;0,0000;0;0;0;0
20260613_1458;Generalização_1000;classification;AdaptiveRandomForest;Otimizado_33Features;classifier;classifier;classifier;N/A;N/A;N/A;2000;100;13;3200;0,0000;0,0000;0,0000;0,0000;0,0000;0,0000;0;0;0;0
20260613_1458;Generalização_1000;classification;AdaptiveRandomForest;Otimizado_33Features;classifier;classifier;classifier;N/A;N/A;N/A;2000;100;14;3300;0,0000;0,0000;0,0000;0,0000;0,0000;0,0000;0;0;0;0
20260613_1458;Generalização_1000;classification;AdaptiveRandomForest;Otimizado_33Features;classifier;classifier;classifier;N/A;N/A;N/A;2000;100;15;3400;0,0000;0,0000;0,0000;0,0000;0,0000;0,0000;0;0;0;0
20260613_1458;Generalização_1000;classification;AdaptiveRandomForest;Otimizado_33Features;classifier;classifier;classifier;N/A;N/A;N/A;2000;100;16;3500;0,0000;0,0000;0,0000;0,0000;0,0000;0,0000;0;0;0;0
20260613_1458;Generalização_1000;classification;AdaptiveRandomForest;Otimizado_33Features;classifier;classifier;classifier;N/A;N/A;N/A;2000;100;17;3600;0,0000;0,0000;0,0000;0,0000;0,0000;0,0000;0;0;0;0
20260613_1458;Generalização_1000;classification;AdaptiveRandomForest;Otimizado_33Features;classifier;classifier;classifier;N/A;N/A;N/A;2000;100;18;3700;0,0000;0,0000;0,0000;0,0000;0,0000;0,0000;0;0;0;0
20260613_1458;Generalização_1000;classification;AdaptiveRandomForest;Otimizado_33Features;classifier;classifier;classifier;N/A;N/A;N/A;2000;100;19;3800;95,5205;0,4484;100,0000;0,0000;91,4286;0,8163;0;0;5;1
20260613_1458;Generalização_1000;classification;AdaptiveRandomForest;Otimizado_33Features;classifier;classifier;classifier;N/A;N/A;N/A;2000;100;20;3900;98,8820;0,4648;98,2745;0,5950;99,5000;0,6124;2;1;1;1
20260613_1458;Generalização_1000;classification;AdaptiveRandomForest;Otimizado_33Features;classifier;classifier;classifier;N/A;N/A;N/A;2000;100;21;4000;99,4872;0,0000;100,0000;0,0000;98,9796;0,0000;0;0;1;0
20260613_1458;Generalização_1000;classification;AdaptiveRandomForest;Otimizado_33Features;classifier;classifier;classifier;N/A;N/A;N/A;2000;100;22;4100;99,8964;0,2073;99,7938;0,4124;100,0000;0,0000;1;1;0;0
20260613_1458;Generalização_1000;classification;AdaptiveRandomForest;Otimizado_33Features;classifier;classifier;classifier;N/A;N/A;N/A;2000;100;23;4200;98,9775;0,4610;100,0000;0,0000;97,9798;0,9035;0;0;2;1
20260613_1458;Generalização_1000;classification;AdaptiveRandomForest;Otimizado_33Features;classifier;classifier;classifier;N/A;N/A;N/A;2000;100;24;4300;94,9118;0,7231;93,7966;1,0485;96,0606;0,7423;5;1;3;1
20260613_1458;Generalização_1000;classification;AdaptiveRandomForest;Otimizado_33Features;classifier;classifier;classifier;N/A;N/A;N/A;2000;100;25;4400;95,6522;0,0000;95,6522;0,0000;95,6522;0,0000;1;0;1;0
20260613_1458;Generalização_1000;classification;AdaptiveRandomForest;Otimizado_33Features;classifier;classifier;classifier;N/A;N/A;N/A;2000;100;26;4500;90,2322;6,7253;100,0000;0,0000;82,8571;10,6904;0;0;3;2
20260613_1458;Generalização_1000;classification;AdaptiveRandomForest;Otimizado_33Features;classifier;classifier;classifier;N/A;N/A;N/A;2000;100;27;4600;98,8095;0,0000;100,0000;0,0000;97,6471;0,0000;0;0;2;0
20260613_1458;Generalização_1000;classification;AdaptiveRandomForest;Otimizado_33Features;classifier;classifier;classifier;N/A;N/A;N/A;2000;100;28;4700;92,5333;1,7333;100,0000;0,0000;86,1538;3,0769;0;0;2;1
20260613_1458;Generalização_1000;classification;AdaptiveRandomForest;Otimizado_33Features;classifier;classifier;classifier;N/A;N/A;N/A;2000;100;29;4800;100,0000;0,0000;100,0000;0,0000;100,0000;0,0000;0;0;0;0
20260613_1458;Generalização_1000;classification;AdaptiveRandomForest;Otimizado_33Features;classifier;classifier;classifier;N/A;N/A;N/A;2000;100;30;4900;0,0000;0,0000;0,0000;0,0000;0,0000;0,0000;0;0;0;0
20260613_1458;Generalização_1000;classification;AdaptiveRandomForest;Otimizado_33Features;classifier;classifier;classifier;N/A;N/A;N/A;2000;100;31;5000;0,0000;0,0000;0,0000;0,0000;0,0000;0,0000;1;0;0;0
20260613_1458;Generalização_1000;classification;AdaptiveRandomForest;Otimizado_33Features;classifier;classifier;classifier;N/A;N/A;N/A;2000;100;32;5100;0,0000;0,0000;0,0000;0,0000;0,0000;0,0000;1;1;0;0
20260613_1458;Generalização_1000;classification;AdaptiveRandomForest;Otimizado_33Features;classifier;classifier;classifier;N/A;N/A;N/A;2000;100;33;5200;0,0000;0,0000;0,0000;0,0000;0,0000;0,0000;0;0;0;0
20260613_1458;Generalização_1000;classification;AdaptiveRandomForest;Otimizado_33Features;classifier;classifier;classifier;N/A;N/A;N/A;2000;100;34;5300;0,0000;0,0000;0,0000;0,0000;0,0000;0,0000;0;0;0;0
20260613_1458;Generalização_1000;classification;AdaptiveRandomForest;Otimizado_33Features;classifier;classifier;classifier;N/A;N/A;N/A;2000;100;35;5400;0,0000;0,0000;0,0000;0,0000;0,0000;0,0000;0;0;0;0
20260613_1458;Generalização_1000;classification;AdaptiveRandomForest;Otimizado_33Features;classifier;classifier;classifier;N/A;N/A;N/A;2000;100;36;5500;0,0000;0,0000;0,0000;0,0000;0,0000;0,0000;0;0;0;0
20260613_1458;Generalização_1000;classification;AdaptiveRandomForest;Otimizado_33Features;classifier;classifier;classifier;N/A;N/A;N/A;2000;100;37;5600;0,0000;0,0000;0,0000;0,0000;0,0000;0,0000;1;1;0;0
20260613_1458;Generalização_1000;classification;AdaptiveRandomForest;Otimizado_33Features;classifier;classifier;classifier;N/A;N/A;N/A;2000;100;38;5700;0,0000;0,0000;0,0000;0,0000;0,0000;0,0000;0;0;0;0
20260613_1458;Generalização_1000;classification;AdaptiveRandomForest;Otimizado_33Features;classifier;classifier;classifier;N/A;N/A;N/A;2000;100;39;5800;0,0000;0,0000;0,0000;0,0000;0,0000;0,0000;0;0;0;0
20260613_1458;Generalização_1000;classification;AdaptiveRandomForest;Otimizado_33Features;classifier;classifier;classifier;N/A;N/A;N/A;2000;100;40;5900;0,0000;0,0000;0,0000;0,0000;0,0000;0,0000;1;1;0;0
20260613_1458;Generalização_1000;classification;AdaptiveRandomForest;Otimizado_33Features;classifier;classifier;classifier;N/A;N/A;N/A;2000;100;41;6000;0,0000;0,0000;0,0000;0,0000;0,0000;0,0000;0;0;0;0
20260613_1458;Generalização_1000;classification;AdaptiveRandomForest;Otimizado_33Features;classifier;classifier;classifier;N/A;N/A;N/A;2000;100;42;6100;0,0000;0,0000;0,0000;0,0000;0,0000;0,0000;0;0;0;0
20260613_1458;Generalização_1000;classification;AdaptiveRandomForest;Otimizado_33Features;classifier;classifier;classifier;N/A;N/A;N/A;2000;100;43;6200;0,0000;0,0000;0,0000;0,0000;0,0000;0,0000;0;0;0;0
20260613_1458;Generalização_1000;classification;AdaptiveRandomForest;Otimizado_33Features;classifier;classifier;classifier;N/A;N/A;N/A;2000;100;44;6300;0,0000;0,0000;0,0000;0,0000;0,0000;0,0000;0;0;0;0
20260613_1458;Generalização_1000;classification;AdaptiveRandomForest;Otimizado_33Features;classifier;classifier;classifier;N/A;N/A;N/A;2000;100;45;6400;0,0000;0,0000;0,0000;0,0000;0,0000;0,0000;0;0;0;0
20260613_1458;Generalização_1000;classification;AdaptiveRandomForest;Otimizado_33Features;classifier;classifier;classifier;N/A;N/A;N/A;2000;100;46;6500;0,0000;0,0000;0,0000;0,0000;0,0000;0,0000;0;0;0;0
20260613_1458;Generalização_1000;classification;AdaptiveRandomForest;Otimizado_33Features;classifier;classifier;classifier;N/A;N/A;N/A;2000;100;47;6600;0,0000;0,0000;0,0000;0,0000;0,0000;0,0000;0;0;0;0
20260613_1458;Generalização_1000;classification;AdaptiveRandomForest;Otimizado_33Features;classifier;classifier;classifier;N/A;N/A;N/A;2000;100;48;6700;0,0000;0,0000;0,0000;0,0000;0,0000;0,0000;0;0;0;0
20260613_1458;Generalização_1000;classification;AdaptiveRandomForest;Otimizado_33Features;classifier;classifier;classifier;N/A;N/A;N/A;2000;100;49;6800;0,0000;0,0000;0,0000;0,0000;0,0000;0,0000;0;0;0;0
20260613_1458;Generalização_1000;classification;AdaptiveRandomForest;Otimizado_33Features;classifier;classifier;classifier;N/A;N/A;N/A;2000;100;50;6900;0,0000;0,0000;0,0000;0,0000;0,0000;0,0000;0;0;0;0
20260613_1458;Generalização_1000;classification;AdaptiveRandomForest;Otimizado_33Features;classifier;classifier;classifier;N/A;N/A;N/A;2000;100;51;7000;0,0000;0,0000;0,0000;0,0000;0,0000;0,0000;0;0;0;0
20260613_1458;Generalização_1000;classification;AdaptiveRandomForest;Otimizado_33Features;classifier;classifier;classifier;N/A;N/A;N/A;2000;100;52;7100;0,0000;0,0000;0,0000;0,0000;0,0000;0,0000;0;0;0;0
20260613_1458;Generalização_1000;classification;AdaptiveRandomForest;Otimizado_33Features;classifier;classifier;classifier;N/A;N/A;N/A;2000;100;53;7200;0,0000;0,0000;0,0000;0,0000;0,0000;0,0000;0;0;0;0
20260613_1458;Generalização_1000;classification;AdaptiveRandomForest;Otimizado_33Features;classifier;classifier;classifier;N/A;N/A;N/A;2000;100;54;7300;0,0000;0,0000;0,0000;0,0000;0,0000;0,0000;0;0;0;0
20260613_1458;Generalização_1000;classification;AdaptiveRandomForest;Otimizado_33Features;classifier;classifier;classifier;N/A;N/A;N/A;2000;100;55;7400;0,0000;0,0000;0,0000;0,0000;0,0000;0,0000;0;0;0;0
20260613_1458;Generalização_1000;classification;AdaptiveRandomForest;Otimizado_33Features;classifier;classifier;classifier;N/A;N/A;N/A;2000;100;56;7500;0,0000;0,0000;0,0000;0,0000;0,0000;0,0000;0;0;0;0
20260613_1458;Generalização_1000;classification;AdaptiveRandomForest;Otimizado_33Features;classifier;classifier;classifier;N/A;N/A;N/A;2000;100;57;7600;0,0000;0,0000;0,0000;0,0000;0,0000;0,0000;0;0;0;0
20260613_1458;Generalização_1000;classification;AdaptiveRandomForest;Otimizado_33Features;classifier;classifier;classifier;N/A;N/A;N/A;2000;100;58;7700;0,0000;0,0000;0,0000;0,0000;0,0000;0,0000;0;0;0;0
20260613_1458;Generalização_1000;classification;AdaptiveRandomForest;Otimizado_33Features;classifier;classifier;classifier;N/A;N/A;N/A;2000;100;59;7800;0,0000;0,0000;0,0000;0,0000;0,0000;0,0000;0;0;0;0
20260613_1458;Generalização_1000;classification;AdaptiveRandomForest;Otimizado_33Features;classifier;classifier;classifier;N/A;N/A;N/A;2000;100;60;7900;0,0000;0,0000;0,0000;0,0000;0,0000;0,0000;0;0;0;0
20260613_1458;Generalização_1000;classification;AdaptiveRandomForest;Otimizado_33Features;classifier;classifier;classifier;N/A;N/A;N/A;2000;100;61;8000;0,0000;0,0000;0,0000;0,0000;0,0000;0,0000;0;0;0;0
20260613_1458;Generalização_1000;classification;AdaptiveRandomForest;Otimizado_33Features;classifier;classifier;classifier;N/A;N/A;N/A;2000;100;62;8100;0,0000;0,0000;0,0000;0,0000;0,0000;0,0000;0;0;0;0
20260613_1458;Generalização_1000;classification;AdaptiveRandomForest;Otimizado_33Features;classifier;classifier;classifier;N/A;N/A;N/A;2000;100;63;8200;0,0000;0,0000;0,0000;0,0000;0,0000;0,0000;0;0;0;0
20260613_1458;Generalização_1000;classification;AdaptiveRandomForest;Otimizado_33Features;classifier;classifier;classifier;N/A;N/A;N/A;2000;100;64;8300;0,0000;0,0000;0,0000;0,0000;0,0000;0,0000;0;0;0;0
20260613_1458;Generalização_1000;classification;AdaptiveRandomForest;Otimizado_33Features;classifier;classifier;classifier;N/A;N/A;N/A;2000;100;65;8400;0,0000;0,0000;0,0000;0,0000;0,0000;0,0000;0;0;0;0
20260613_1458;Generalização_1000;classification;AdaptiveRandomForest;Otimizado_33Features;classifier;classifier;classifier;N/A;N/A;N/A;2000;100;66;8500;0,0000;0,0000;0,0000;0,0000;0,0000;0,0000;0;0;1;0
20260613_1458;Generalização_1000;classification;AdaptiveRandomForest;Otimizado_33Features;classifier;classifier;classifier;N/A;N/A;N/A;2000;100;67;8600;97,9592;0,0000;100,0000;0,0000;96,0000;0,0000;0;0;4;0
20260613_1458;Generalização_1000;classification;AdaptiveRandomForest;Otimizado_33Features;classifier;classifier;classifier;N/A;N/A;N/A;2000;100;68;8700;100,0000;0,0000;100,0000;0,0000;100,0000;0,0000;0;0;0;0
20260613_1458;Generalização_1000;classification;AdaptiveRandomForest;Otimizado_33Features;classifier;classifier;classifier;N/A;N/A;N/A;2000;100;69;8800;99,4975;0,0000;100,0000;0,0000;99,0000;0,0000;0;0;1;0
20260613_1458;Generalização_1000;classification;AdaptiveRandomForest;Otimizado_33Features;classifier;classifier;classifier;N/A;N/A;N/A;2000;100;70;8900;100,0000;0,0000;100,0000;0,0000;100,0000;0,0000;0;0;0;0
20260613_1458;Generalização_1000;classification;AdaptiveRandomForest;Otimizado_33Features;classifier;classifier;classifier;N/A;N/A;N/A;2000;100;71;9000;100,0000;0,0000;100,0000;0,0000;100,0000;0,0000;0;0;0;0
20260613_1458;Generalização_1000;classification;AdaptiveRandomForest;Otimizado_33Features;classifier;classifier;classifier;N/A;N/A;N/A;2000;100;72;9100;99,5980;0,2010;100,0000;0,0000;99,2000;0,4000;0;0;1;1
20260613_1458;Generalização_1000;classification;AdaptiveRandomForest;Otimizado_33Features;classifier;classifier;classifier;N/A;N/A;N/A;2000;100;73;9200;99,8995;0,2010;100,0000;0,0000;99,8000;0,4000;0;0;1;1
20260613_1458;Generalização_1000;classification;AdaptiveRandomForest;Otimizado_33Features;classifier;classifier;classifier;N/A;N/A;N/A;2000;100;74;9300;100,0000;0,0000;100,0000;0,0000;100,0000;0,0000;0;0;0;0
20260613_1458;Generalização_1000;classification;AdaptiveRandomForest;Otimizado_33Features;classifier;classifier;classifier;N/A;N/A;N/A;2000;100;75;9400;100,0000;0,0000;100,0000;0,0000;100,0000;0,0000;0;0;0;0
20260613_1458;Generalização_1000;classification;AdaptiveRandomForest;Otimizado_33Features;classifier;classifier;classifier;N/A;N/A;N/A;2000;100;76;9500;100,0000;0,0000;100,0000;0,0000;100,0000;0,0000;0;0;0;0
20260613_1458;Generalização_1000;classification;AdaptiveRandomForest;Otimizado_33Features;classifier;classifier;classifier;N/A;N/A;N/A;2000;100;77;9600;0,0000;0,0000;0,0000;0,0000;0,0000;0,0000;0;0;0;0
20260613_1458;Generalização_1000;classification;AdaptiveRandomForest;Otimizado_33Features;classifier;classifier;classifier;N/A;N/A;N/A;2000;100;78;9700;0,0000;0,0000;0,0000;0,0000;0,0000;0,0000;0;0;0;0
20260613_1458;Generalização_1000;classification;AdaptiveRandomForest;Otimizado_33Features;classifier;classifier;classifier;N/A;N/A;N/A;2000;100;79;9800;0,0000;0,0000;0,0000;0,0000;0,0000;0,0000;0;0;0;0
20260613_1458;Generalização_1000;classification;AdaptiveRandomForest;Otimizado_33Features;classifier;classifier;classifier;N/A;N/A;N/A;2000;100;80;9900;0,0000;0,0000;0,0000;0,0000;0,0000;0,0000;0;0;0;0
20260613_1458;Generalização_1000;classification;AdaptiveRandomForest;Otimizado_33Features;classifier;classifier;classifier;N/A;N/A;N/A;2000;100;81;10000;0,0000;0,0000;0,0000;0,0000;0,0000;0,0000;0;0;0;0
20260613_1458;Generalização_1000;classification;AdaptiveRandomForest;Otimizado_33Features;classifier;classifier;classifier;N/A;N/A;N/A;2000;100;82;10100;0,0000;0,0000;0,0000;0,0000;0,0000;0,0000;0;0;0;0
20260613_1458;Generalização_1000;classification;AdaptiveRandomForest;Otimizado_33Features;classifier;classifier;classifier;N/A;N/A;N/A;2000;100;83;10200;0,0000;0,0000;0,0000;0,0000;0,0000;0,0000;0;0;0;0
20260613_1458;Generalização_1000;classification;AdaptiveRandomForest;Otimizado_33Features;classifier;classifier;classifier;N/A;N/A;N/A;2000;100;84;10300;0,0000;0,0000;0,0000;0,0000;0,0000;0,0000;0;0;0;0
20260613_1458;Generalização_1000;classification;AdaptiveRandomForest;Otimizado_33Features;classifier;classifier;classifier;N/A;N/A;N/A;2000;100;85;10400;0,0000;0,0000;0,0000;0,0000;0,0000;0,0000;0;0;0;0
20260613_1458;Generalização_1000;classification;AdaptiveRandomForest;Otimizado_33Features;classifier;classifier;classifier;N/A;N/A;N/A;2000;100;86;10500;0,0000;0,0000;0,0000;0,0000;0,0000;0,0000;0;0;0;0
20260613_1458;Generalização_1000;classification;AdaptiveRandomForest;Otimizado_33Features;classifier;classifier;classifier;N/A;N/A;N/A;2000;100;87;10600;0,0000;0,0000;0,0000;0,0000;0,0000;0,0000;0;0;0;0
20260613_1458;Generalização_1000;classification;AdaptiveRandomForest;Otimizado_33Features;classifier;classifier;classifier;N/A;N/A;N/A;2000;100;88;10700;0,0000;0,0000;0,0000;0,0000;0,0000;0,0000;0;0;0;0
20260613_1458;Generalização_1000;classification;AdaptiveRandomForest;Otimizado_33Features;classifier;classifier;classifier;N/A;N/A;N/A;2000;100;89;10800;0,0000;0,0000;0,0000;0,0000;0,0000;0,0000;0;0;0;0
20260613_1458;Generalização_1000;classification;AdaptiveRandomForest;Otimizado_33Features;classifier;classifier;classifier;N/A;N/A;N/A;2000;100;90;10900;0,0000;0,0000;0,0000;0,0000;0,0000;0,0000;0;0;0;0
20260613_1458;Generalização_1000;classification;AdaptiveRandomForest;Otimizado_33Features;classifier;classifier;classifier;N/A;N/A;N/A;2000;100;91;11000;0,0000;0,0000;0,0000;0,0000;0,0000;0,0000;0;0;0;0
20260613_1458;Generalização_1000;classification;AdaptiveRandomForest;Otimizado_33Features;classifier;classifier;classifier;N/A;N/A;N/A;2000;100;92;11100;0,0000;0,0000;0,0000;0,0000;0,0000;0,0000;0;0;0;0
20260613_1458;Generalização_1000;classification;AdaptiveRandomForest;Otimizado_33Features;classifier;classifier;classifier;N/A;N/A;N/A;2000;100;93;11200;0,0000;0,0000;0,0000;0,0000;0,0000;0,0000;0;0;0;0
20260613_1458;Generalização_1000;classification;AdaptiveRandomForest;Otimizado_33Features;classifier;classifier;classifier;N/A;N/A;N/A;2000;100;94;11300;0,0000;0,0000;0,0000;0,0000;0,0000;0,0000;0;0;0;0
20260613_1458;Generalização_1000;classification;AdaptiveRandomForest;Otimizado_33Features;classifier;classifier;classifier;N/A;N/A;N/A;2000;100;95;11400;0,0000;0,0000;0,0000;0,0000;0,0000;0,0000;0;0;0;0
20260613_1458;Generalização_1000;classification;AdaptiveRandomForest;Otimizado_33Features;classifier;classifier;classifier;N/A;N/A;N/A;2000;100;96;11500;0,0000;0,0000;0,0000;0,0000;0,0000;0,0000;0;0;0;0
20260613_1458;Generalização_1000;classification;AdaptiveRandomForest;Otimizado_33Features;classifier;classifier;classifier;N/A;N/A;N/A;2000;100;97;11600;0,0000;0,0000;0,0000;0,0000;0,0000;0,0000;0;0;0;0
20260613_1458;Generalização_1000;classification;AdaptiveRandomForest;Otimizado_33Features;classifier;classifier;classifier;N/A;N/A;N/A;2000;100;98;11700;0,0000;0,0000;0,0000;0,0000;0,0000;0,0000;0;0;0;0
20260613_1458;Generalização_1000;classification;AdaptiveRandomForest;Otimizado_33Features;classifier;classifier;classifier;N/A;N/A;N/A;2000;100;99;11800;0,0000;0,0000;0,0000;0,0000;0,0000;0,0000;0;0;0;0
20260613_1458;Generalização_1000;classification;AdaptiveRandomForest;Otimizado_33Features;classifier;classifier;classifier;N/A;N/A;N/A;2000;100;100;11900;0,0000;0,0000;0,0000;0,0000;0,0000;0,0000;0;0;0;0
20260613_1458;Generalização_1000;classification;AdaptiveRandomForest;Otimizado_33Features;classifier;classifier;classifier;N/A;N/A;N/A;2000;100;101;12000;0,0000;0,0000;0,0000;0,0000;0,0000;0,0000;0;0;0;0
20260613_1458;Generalização_1000;classification;AdaptiveRandomForest;Otimizado_33Features;classifier;classifier;classifier;N/A;N/A;N/A;2000;100;102;12100;0,0000;0,0000;0,0000;0,0000;0,0000;0,0000;0;0;0;0
20260613_1458;Generalização_1000;classification;AdaptiveRandomForest;Otimizado_33Features;classifier;classifier;classifier;N/A;N/A;N/A;2000;100;103;12200;0,0000;0,0000;0,0000;0,0000;0,0000;0,0000;0;0;0;0
20260613_1458;Generalização_1000;classification;AdaptiveRandomForest;Otimizado_33Features;classifier;classifier;classifier;N/A;N/A;N/A;2000;100;104;12300;0,0000;0,0000;0,0000;0,0000;0,0000;0,0000;0;0;0;0
20260613_1458;Generalização_1000;classification;AdaptiveRandomForest;Otimizado_33Features;classifier;classifier;classifier;N/A;N/A;N/A;2000;100;105;12400;0,0000;0,0000;0,0000;0,0000;0,0000;0,0000;0;0;0;0
20260613_1458;Generalização_1000;classification;AdaptiveRandomForest;Otimizado_33Features;classifier;classifier;classifier;N/A;N/A;N/A;2000;100;106;12500;0,0000;0,0000;0,0000;0,0000;0,0000;0,0000;0;0;0;0
20260613_1458;Generalização_1000;classification;AdaptiveRandomForest;Otimizado_33Features;classifier;classifier;classifier;N/A;N/A;N/A;2000;100;107;12600;0,0000;0,0000;0,0000;0,0000;0,0000;0,0000;0;0;0;0
20260613_1458;Generalização_1000;classification;AdaptiveRandomForest;Otimizado_33Features;classifier;classifier;classifier;N/A;N/A;N/A;2000;100;108;12700;0,0000;0,0000;0,0000;0,0000;0,0000;0,0000;0;0;0;0
20260613_1458;Generalização_1000;classification;AdaptiveRandomForest;Otimizado_33Features;classifier;classifier;classifier;N/A;N/A;N/A;2000;100;109;12800;0,0000;0,0000;0,0000;0,0000;0,0000;0,0000;0;0;0;0
20260613_1458;Generalização_1000;classification;AdaptiveRandomForest;Otimizado_33Features;classifier;classifier;classifier;N/A;N/A;N/A;2000;100;110;12900;0,0000;0,0000;0,0000;0,0000;0,0000;0,0000;0;0;0;0
20260613_1458;Generalização_1000;classification;AdaptiveRandomForest;Otimizado_33Features;classifier;classifier;classifier;N/A;N/A;N/A;2000;100;111;13000;0,0000;0,0000;0,0000;0,0000;0,0000;0,0000;0;0;0;0
20260613_1458;Generalização_1000;classification;AdaptiveRandomForest;Otimizado_33Features;classifier;classifier;classifier;N/A;N/A;N/A;2000;100;112;13100;0,0000;0,0000;0,0000;0,0000;0,0000;0,0000;0;0;0;0
20260613_1458;Generalização_1000;classification;AdaptiveRandomForest;Otimizado_33Features;classifier;classifier;classifier;N/A;N/A;N/A;2000;100;113;13200;0,0000;0,0000;0,0000;0,0000;0,0000;0,0000;0;0;0;0
20260613_1458;Generalização_1000;classification;AdaptiveRandomForest;Otimizado_33Features;classifier;classifier;classifier;N/A;N/A;N/A;2000;100;114;13300;95,0861;0,5749;100,0000;0,0000;90,6383;1,0423;0;0;5;1
20260613_1458;Generalização_1000;classification;AdaptiveRandomForest;Otimizado_33Features;classifier;classifier;classifier;N/A;N/A;N/A;2000;100;115;13400;94,7931;0,4643;100,0000;0,0000;90,1053;0,8421;0;0;10;1
20260613_1458;Generalização_1000;classification;AdaptiveRandomForest;Otimizado_33Features;classifier;classifier;classifier;N/A;N/A;N/A;2000;100;116;13500;97,2907;0,2311;100,0000;0,0000;94,7253;0,4396;0;0;5;1
20260613_1458;Generalização_1000;classification;AdaptiveRandomForest;Otimizado_33Features;classifier;classifier;classifier;N/A;N/A;N/A;2000;100;117;13600;99,2481;0,0000;100,0000;0,0000;98,5075;0,0000;0;0;1;0
20260613_1458;Generalização_1000;classification;AdaptiveRandomForest;Otimizado_33Features;classifier;classifier;classifier;N/A;N/A;N/A;2000;100;118;13700;98,2453;0,6444;100,0000;0,0000;96,5591;1,2540;0;0;4;2
20260613_1458;Generalização_1000;classification;AdaptiveRandomForest;Otimizado_33Features;classifier;classifier;classifier;N/A;N/A;N/A;2000;100;119;13800;100,0000;0,0000;100,0000;0,0000;100,0000;0,0000;0;0;0;0
20260613_1458;Generalização_1000;classification;AdaptiveRandomForest;Otimizado_33Features;classifier;classifier;classifier;N/A;N/A;N/A;2000;100;120;13900;98,0225;0,2116;100,0000;0,0000;96,1224;0,4082;0;0;4;1
20260613_1458;Generalização_1000;classification;AdaptiveRandomForest;Otimizado_33Features;classifier;classifier;classifier;N/A;N/A;N/A;2000;100;121;14000;98,7724;0,2538;100,0000;0,0000;97,5758;0,4948;0;0;3;1
20260613_1458;Generalização_1000;classification;AdaptiveRandomForest;Otimizado_33Features;classifier;classifier;classifier;N/A;N/A;N/A;2000;100;122;14100;98,7713;0,4126;100,0000;0,0000;97,5758;0,8081;0;0;3;1
20260613_1458;Generalização_1000;classification;AdaptiveRandomForest;Otimizado_33Features;classifier;classifier;classifier;N/A;N/A;N/A;2000;100;123;14200;98,4445;0,3328;100,0000;0,0000;96,9388;0,6454;0;0;3;1
20260613_1458;Generalização_1000;classification;AdaptiveRandomForest;Otimizado_33Features;classifier;classifier;classifier;N/A;N/A;N/A;2000;100;124;14300;99,7938;0,4124;100,0000;0,0000;99,5918;0,8163;0;0;1;1
20260613_1458;Generalização_1000;classification;AdaptiveRandomForest;Otimizado_33Features;classifier;classifier;classifier;N/A;N/A;N/A;2000;100;125;14400;0,0000;0,0000;0,0000;0,0000;0,0000;0,0000;1;0;0;0
20260613_1458;Generalização_1000;classification;AdaptiveRandomForest;Otimizado_33Features;classifier;classifier;classifier;N/A;N/A;N/A;2000;100;126;14500;0,0000;0,0000;0,0000;0,0000;0,0000;0,0000;1;1;0;0
20260613_1458;Generalização_1000;classification;AdaptiveRandomForest;Otimizado_33Features;classifier;classifier;classifier;N/A;N/A;N/A;2000;100;127;14600;0,0000;0,0000;0,0000;0,0000;0,0000;0,0000;0;0;0;0
20260613_1458;Generalização_1000;classification;AdaptiveRandomForest;Otimizado_33Features;classifier;classifier;classifier;N/A;N/A;N/A;2000;100;128;14700;0,0000;0,0000;0,0000;0,0000;0,0000;0,0000;0;0;0;0
20260613_1458;Generalização_1000;classification;AdaptiveRandomForest;Otimizado_33Features;classifier;classifier;classifier;N/A;N/A;N/A;2000;100;129;14800;0,0000;0,0000;0,0000;0,0000;0,0000;0,0000;0;0;0;0
20260613_1458;Generalização_1000;classification;AdaptiveRandomForest;Otimizado_33Features;classifier;classifier;classifier;N/A;N/A;N/A;2000;100;130;14900;0,0000;0,0000;0,0000;0,0000;0,0000;0,0000;0;0;0;0
20260613_1458;Generalização_1000;classification;AdaptiveRandomForest;Otimizado_33Features;classifier;classifier;classifier;N/A;N/A;N/A;2000;100;131;15000;0,0000;0,0000;0,0000;0,0000;0,0000;0,0000;0;0;0;0
20260613_1458;Generalização_1000;classification;AdaptiveRandomForest;Otimizado_33Features;classifier;classifier;classifier;N/A;N/A;N/A;2000;100;132;15100;0,0000;0,0000;0,0000;0,0000;0,0000;0,0000;0;0;0;0
20260613_1458;Generalização_1000;classification;AdaptiveRandomForest;Otimizado_33Features;classifier;classifier;classifier;N/A;N/A;N/A;2000;100;133;15200;0,0000;0,0000;0,0000;0,0000;0,0000;0,0000;0;0;0;0
20260613_1458;Generalização_1000;classification;AdaptiveRandomForest;Otimizado_33Features;classifier;classifier;classifier;N/A;N/A;N/A;2000;100;134;15300;0,0000;0,0000;0,0000;0,0000;0,0000;0,0000;0;0;0;0
20260613_1458;Generalização_1000;classification;AdaptiveRandomForest;Otimizado_33Features;classifier;classifier;classifier;N/A;N/A;N/A;2000;100;135;15400;0,0000;0,0000;0,0000;0,0000;0,0000;0,0000;0;0;0;0
20260613_1458;Generalização_1000;classification;AdaptiveRandomForest;Otimizado_33Features;classifier;classifier;classifier;N/A;N/A;N/A;2000;100;136;15500;0,0000;0,0000;0,0000;0,0000;0,0000;0,0000;0;0;0;0
20260613_1458;Generalização_1000;classification;AdaptiveRandomForest;Otimizado_33Features;classifier;classifier;classifier;N/A;N/A;N/A;2000;100;137;15600;0,0000;0,0000;0,0000;0,0000;0,0000;0,0000;0;0;0;0
20260613_1458;Generalização_1000;classification;AdaptiveRandomForest;Otimizado_33Features;classifier;classifier;classifier;N/A;N/A;N/A;2000;100;138;15700;0,0000;0,0000;0,0000;0,0000;0,0000;0,0000;0;0;0;0
20260613_1458;Generalização_1000;classification;AdaptiveRandomForest;Otimizado_33Features;classifier;classifier;classifier;N/A;N/A;N/A;2000;100;139;15800;0,0000;0,0000;0,0000;0,0000;0,0000;0,0000;0;0;0;0
20260613_1458;Generalização_1000;classification;AdaptiveRandomForest;Otimizado_33Features;classifier;classifier;classifier;N/A;N/A;N/A;2000;100;140;15900;0,0000;0,0000;0,0000;0,0000;0,0000;0,0000;0;0;0;0
20260613_1458;Generalização_1000;classification;AdaptiveRandomForest;Otimizado_33Features;classifier;classifier;classifier;N/A;N/A;N/A;2000;100;141;16000;0,0000;0,0000;0,0000;0,0000;0,0000;0,0000;0;0;0;0
20260613_1458;Generalização_1000;classification;AdaptiveRandomForest;Otimizado_33Features;classifier;classifier;classifier;N/A;N/A;N/A;2000;100;142;16100;0,0000;0,0000;0,0000;0,0000;0,0000;0,0000;0;0;0;0
20260613_1458;Generalização_1000;classification;AdaptiveRandomForest;Otimizado_33Features;classifier;classifier;classifier;N/A;N/A;N/A;2000;100;143;16200;0,0000;0,0000;0,0000;0,0000;0,0000;0,0000;0;0;0;0
20260613_1458;Generalização_1000;classification;AdaptiveRandomForest;Otimizado_33Features;classifier;classifier;classifier;N/A;N/A;N/A;2000;100;144;16300;0,0000;0,0000;0,0000;0,0000;0,0000;0,0000;0;0;0;0
20260613_1458;Generalização_1000;classification;AdaptiveRandomForest;Otimizado_33Features;classifier;classifier;classifier;N/A;N/A;N/A;2000;100;145;16400;0,0000;0,0000;0,0000;0,0000;0,0000;0,0000;0;0;0;0
20260613_1458;Generalização_1000;classification;AdaptiveRandomForest;Otimizado_33Features;classifier;classifier;classifier;N/A;N/A;N/A;2000;100;146;16500;0,0000;0,0000;0,0000;0,0000;0,0000;0,0000;0;0;0;0
20260613_1458;Generalização_1000;classification;AdaptiveRandomForest;Otimizado_33Features;classifier;classifier;classifier;N/A;N/A;N/A;2000;100;147;16600;0,0000;0,0000;0,0000;0,0000;0,0000;0,0000;0;0;0;0
20260613_1458;Generalização_1000;classification;AdaptiveRandomForest;Otimizado_33Features;classifier;classifier;classifier;N/A;N/A;N/A;2000;100;148;16700;0,0000;0,0000;0,0000;0,0000;0,0000;0,0000;0;0;0;0
20260613_1458;Generalização_1000;classification;AdaptiveRandomForest;Otimizado_33Features;classifier;classifier;classifier;N/A;N/A;N/A;2000;100;149;16800;0,0000;0,0000;0,0000;0,0000;0,0000;0,0000;0;0;0;0
20260613_1458;Generalização_1000;classification;AdaptiveRandomForest;Otimizado_33Features;classifier;classifier;classifier;N/A;N/A;N/A;2000;100;150;16900;0,0000;0,0000;0,0000;0,0000;0,0000;0,0000;0;0;0;0
20260613_1458;Generalização_1000;classification;AdaptiveRandomForest;Otimizado_33Features;classifier;classifier;classifier;N/A;N/A;N/A;2000;100;151;17000;0,0000;0,0000;0,0000;0,0000;0,0000;0,0000;0;0;0;0
20260613_1458;Generalização_1000;classification;AdaptiveRandomForest;Otimizado_33Features;classifier;classifier;classifier;N/A;N/A;N/A;2000;100;152;17100;0,0000;0,0000;0,0000;0,0000;0,0000;0,0000;0;0;0;0
20260613_1458;Generalização_1000;classification;AdaptiveRandomForest;Otimizado_33Features;classifier;classifier;classifier;N/A;N/A;N/A;2000;100;153;17200;0,0000;0,0000;0,0000;0,0000;0,0000;0,0000;0;0;0;0
20260613_1458;Generalização_1000;classification;AdaptiveRandomForest;Otimizado_33Features;classifier;classifier;classifier;N/A;N/A;N/A;2000;100;154;17300;0,0000;0,0000;0,0000;0,0000;0,0000;0,0000;0;0;0;0
20260613_1458;Generalização_1000;classification;AdaptiveRandomForest;Otimizado_33Features;classifier;classifier;classifier;N/A;N/A;N/A;2000;100;155;17400;0,0000;0,0000;0,0000;0,0000;0,0000;0,0000;0;0;0;0
20260613_1458;Generalização_1000;classification;AdaptiveRandomForest;Otimizado_33Features;classifier;classifier;classifier;N/A;N/A;N/A;2000;100;156;17500;0,0000;0,0000;0,0000;0,0000;0,0000;0,0000;0;0;0;0
20260613_1458;Generalização_1000;classification;AdaptiveRandomForest;Otimizado_33Features;classifier;classifier;classifier;N/A;N/A;N/A;2000;100;157;17600;0,0000;0,0000;0,0000;0,0000;0,0000;0,0000;0;0;0;0
20260613_1458;Generalização_1000;classification;AdaptiveRandomForest;Otimizado_33Features;classifier;classifier;classifier;N/A;N/A;N/A;2000;100;158;17700;0,0000;0,0000;0,0000;0,0000;0,0000;0,0000;0;0;0;0
20260613_1458;Generalização_1000;classification;AdaptiveRandomForest;Otimizado_33Features;classifier;classifier;classifier;N/A;N/A;N/A;2000;100;159;17800;0,0000;0,0000;0,0000;0,0000;0,0000;0,0000;0;0;0;0
20260613_1458;Generalização_1000;classification;AdaptiveRandomForest;Otimizado_33Features;classifier;classifier;classifier;N/A;N/A;N/A;2000;100;160;17900;0,0000;0,0000;0,0000;0,0000;0,0000;0,0000;0;0;0;0
20260614_0117;Consistência_25;classification;AdaptiveRandomForest;Otimizado_33Features;classifier;classifier;classifier;N/A;N/A;N/A;2000;100;1;2000;0,0000;0,0000;0,0000;0,0000;0,0000;0,0000;0;0;0;0
20260614_0117;Consistência_25;classification;AdaptiveRandomForest;Otimizado_33Features;classifier;classifier;classifier;N/A;N/A;N/A;2000;100;2;2100;0,0000;0,0000;0,0000;0,0000;0,0000;0,0000;0;0;0;0
20260614_0117;Consistência_25;classification;AdaptiveRandomForest;Otimizado_33Features;classifier;classifier;classifier;N/A;N/A;N/A;2000;100;3;2200;0,0000;0,0000;0,0000;0,0000;0,0000;0,0000;0;0;0;0
20260614_0117;Consistência_25;classification;AdaptiveRandomForest;Otimizado_33Features;classifier;classifier;classifier;N/A;N/A;N/A;2000;100;4;2300;0,0000;0,0000;0,0000;0,0000;0,0000;0,0000;0;0;0;0
20260614_0117;Consistência_25;classification;AdaptiveRandomForest;Otimizado_33Features;classifier;classifier;classifier;N/A;N/A;N/A;2000;100;5;2400;0,0000;0,0000;0,0000;0,0000;0,0000;0,0000;0;0;0;0
20260614_0117;Consistência_25;classification;AdaptiveRandomForest;Otimizado_33Features;classifier;classifier;classifier;N/A;N/A;N/A;2000;100;6;2500;0,0000;0,0000;0,0000;0,0000;0,0000;0,0000;0;0;0;0
20260614_0117;Consistência_25;classification;AdaptiveRandomForest;Otimizado_33Features;classifier;classifier;classifier;N/A;N/A;N/A;2000;100;7;2600;0,0000;0,0000;0,0000;0,0000;0,0000;0,0000;0;0;0;0
20260614_0117;Consistência_25;classification;AdaptiveRandomForest;Otimizado_33Features;classifier;classifier;classifier;N/A;N/A;N/A;2000;100;8;2700;0,0000;0,0000;0,0000;0,0000;0,0000;0,0000;0;0;0;0
20260614_0117;Consistência_25;classification;AdaptiveRandomForest;Otimizado_33Features;classifier;classifier;classifier;N/A;N/A;N/A;2000;100;9;2800;0,0000;0,0000;0,0000;0,0000;0,0000;0,0000;0;0;0;0
20260614_0117;Consistência_25;classification;AdaptiveRandomForest;Otimizado_33Features;classifier;classifier;classifier;N/A;N/A;N/A;2000;100;10;2900;0,0000;0,0000;0,0000;0,0000;0,0000;0,0000;0;0;0;0
20260614_0117;Consistência_25;classification;AdaptiveRandomForest;Otimizado_33Features;classifier;classifier;classifier;N/A;N/A;N/A;2000;100;11;3000;0,0000;0,0000;0,0000;0,0000;0,0000;0,0000;0;0;0;0
20260614_0117;Consistência_25;classification;AdaptiveRandomForest;Otimizado_33Features;classifier;classifier;classifier;N/A;N/A;N/A;2000;100;12;3100;0,0000;0,0000;0,0000;0,0000;0,0000;0,0000;0;0;0;0
20260614_0117;Consistência_25;classification;AdaptiveRandomForest;Otimizado_33Features;classifier;classifier;classifier;N/A;N/A;N/A;2000;100;13;3200;0,0000;0,0000;0,0000;0,0000;0,0000;0,0000;0;0;0;0
20260614_0117;Consistência_25;classification;AdaptiveRandomForest;Otimizado_33Features;classifier;classifier;classifier;N/A;N/A;N/A;2000;100;14;3300;0,0000;0,0000;0,0000;0,0000;0,0000;0,0000;0;0;0;0
20260614_0117;Consistência_25;classification;AdaptiveRandomForest;Otimizado_33Features;classifier;classifier;classifier;N/A;N/A;N/A;2000;100;15;3400;0,0000;0,0000;0,0000;0,0000;0,0000;0,0000;0;0;0;0
20260614_0117;Consistência_25;classification;AdaptiveRandomForest;Otimizado_33Features;classifier;classifier;classifier;N/A;N/A;N/A;2000;100;16;3500;0,0000;0,0000;0,0000;0,0000;0,0000;0,0000;0;0;0;0
20260614_0117;Consistência_25;classification;AdaptiveRandomForest;Otimizado_33Features;classifier;classifier;classifier;N/A;N/A;N/A;2000;100;17;3600;0,0000;0,0000;0,0000;0,0000;0,0000;0,0000;0;0;0;0
20260614_0117;Consistência_25;classification;AdaptiveRandomForest;Otimizado_33Features;classifier;classifier;classifier;N/A;N/A;N/A;2000;100;18;3700;0,0000;0,0000;0,0000;0,0000;0,0000;0,0000;0;0;0;0
20260614_0117;Consistência_25;classification;AdaptiveRandomForest;Otimizado_33Features;classifier;classifier;classifier;N/A;N/A;N/A;2000;100;19;3800;87,4469;2,5399;99,0476;1,9048;78,4000;4,0792;1;1;6;2
20260614_0117;Consistência_25;classification;AdaptiveRandomForest;Otimizado_33Features;classifier;classifier;classifier;N/A;N/A;N/A;2000;100;20;3900;0,0000;0,0000;0,0000;0,0000;0,0000;0,0000;0;0;0;0
20260614_0117;Consistência_25;classification;AdaptiveRandomForest;Otimizado_33Features;classifier;classifier;classifier;N/A;N/A;N/A;2000;100;21;4000;0,0000;0,0000;0,0000;0,0000;0,0000;0,0000;0;0;0;0
20260614_0117;Consistência_25;classification;AdaptiveRandomForest;Otimizado_33Features;classifier;classifier;classifier;N/A;N/A;N/A;2000;100;22;4100;0,0000;0,0000;0,0000;0,0000;0,0000;0,0000;0;0;0;0
20260614_0117;Consistência_25;classification;AdaptiveRandomForest;Otimizado_33Features;classifier;classifier;classifier;N/A;N/A;N/A;2000;100;23;4200;0,0000;0,0000;0,0000;0,0000;0,0000;0,0000;0;0;0;0
20260614_0117;Consistência_25;classification;AdaptiveRandomForest;Otimizado_33Features;classifier;classifier;classifier;N/A;N/A;N/A;2000;100;24;4300;0,0000;0,0000;0,0000;0,0000;0,0000;0,0000;0;0;0;0
20260614_0117;Consistência_25;classification;AdaptiveRandomForest;Otimizado_33Features;classifier;classifier;classifier;N/A;N/A;N/A;2000;100;25;4400;0,0000;0,0000;0,0000;0,0000;0,0000;0,0000;0;0;0;0
20260614_0117;Consistência_25;classification;AdaptiveRandomForest;Otimizado_33Features;classifier;classifier;classifier;N/A;N/A;N/A;2000;100;26;4500;0,0000;0,0000;0,0000;0,0000;0,0000;0,0000;0;0;0;0
20260614_0117;Consistência_25;classification;AdaptiveRandomForest;Otimizado_33Features;classifier;classifier;classifier;N/A;N/A;N/A;2000;100;27;4600;0,0000;0,0000;0,0000;0,0000;0,0000;0,0000;0;0;0;0
20260614_0117;Consistência_25;classification;AdaptiveRandomForest;Otimizado_33Features;classifier;classifier;classifier;N/A;N/A;N/A;2000;100;28;4700;0,0000;0,0000;0,0000;0,0000;0,0000;0,0000;0;0;0;0
20260614_0117;Consistência_25;classification;AdaptiveRandomForest;Otimizado_33Features;classifier;classifier;classifier;N/A;N/A;N/A;2000;100;29;4800;0,0000;0,0000;0,0000;0,0000;0,0000;0,0000;0;0;0;0
20260614_0117;Consistência_25;classification;AdaptiveRandomForest;Otimizado_33Features;classifier;classifier;classifier;N/A;N/A;N/A;2000;100;30;4900;0,0000;0,0000;0,0000;0,0000;0,0000;0,0000;0;0;0;0
20260614_0117;Consistência_25;classification;AdaptiveRandomForest;Otimizado_33Features;classifier;classifier;classifier;N/A;N/A;N/A;2000;100;31;5000;0,0000;0,0000;0,0000;0,0000;0,0000;0,0000;0;0;0;0
20260614_0117;Consistência_25;classification;AdaptiveRandomForest;Otimizado_33Features;classifier;classifier;classifier;N/A;N/A;N/A;2000;100;32;5100;0,0000;0,0000;0,0000;0,0000;0,0000;0,0000;0;0;0;0
20260614_0117;Consistência_25;classification;AdaptiveRandomForest;Otimizado_33Features;classifier;classifier;classifier;N/A;N/A;N/A;2000;100;33;5200;0,0000;0,0000;0,0000;0,0000;0,0000;0,0000;0;0;0;0
20260614_0117;Consistência_25;classification;AdaptiveRandomForest;Otimizado_33Features;classifier;classifier;classifier;N/A;N/A;N/A;2000;100;34;5300;0,0000;0,0000;0,0000;0,0000;0,0000;0,0000;0;0;0;0
20260614_0117;Consistência_25;classification;AdaptiveRandomForest;Otimizado_33Features;classifier;classifier;classifier;N/A;N/A;N/A;2000;100;35;5400;0,0000;0,0000;0,0000;0,0000;0,0000;0,0000;0;0;0;0
20260614_0117;Consistência_25;classification;AdaptiveRandomForest;Otimizado_33Features;classifier;classifier;classifier;N/A;N/A;N/A;2000;100;36;5500;0,0000;0,0000;0,0000;0,0000;0,0000;0,0000;0;0;0;0
20260614_0117;Consistência_25;classification;AdaptiveRandomForest;Otimizado_33Features;classifier;classifier;classifier;N/A;N/A;N/A;2000;100;37;5600;0,0000;0,0000;0,0000;0,0000;0,0000;0,0000;0;0;0;0
20260614_0117;Consistência_25;classification;AdaptiveRandomForest;Otimizado_33Features;classifier;classifier;classifier;N/A;N/A;N/A;2000;100;38;5700;0,0000;0,0000;0,0000;0,0000;0,0000;0,0000;0;0;0;0
20260614_0117;Consistência_25;classification;AdaptiveRandomForest;Otimizado_33Features;classifier;classifier;classifier;N/A;N/A;N/A;2000;100;39;5800;0,0000;0,0000;0,0000;0,0000;0,0000;0,0000;0;0;0;0
20260614_0117;Consistência_25;classification;AdaptiveRandomForest;Otimizado_33Features;classifier;classifier;classifier;N/A;N/A;N/A;2000;100;40;5900;0,0000;0,0000;0,0000;0,0000;0,0000;0,0000;0;0;0;0
20260614_0117;Consistência_25;classification;AdaptiveRandomForest;Otimizado_33Features;classifier;classifier;classifier;N/A;N/A;N/A;2000;100;41;6000;0,0000;0,0000;0,0000;0,0000;0,0000;0,0000;0;0;0;0
20260614_0117;Consistência_25;classification;AdaptiveRandomForest;Otimizado_33Features;classifier;classifier;classifier;N/A;N/A;N/A;2000;100;42;6100;0,0000;0,0000;0,0000;0,0000;0,0000;0,0000;0;0;0;0
20260614_0117;Consistência_25;classification;AdaptiveRandomForest;Otimizado_33Features;classifier;classifier;classifier;N/A;N/A;N/A;2000;100;43;6200;0,0000;0,0000;0,0000;0,0000;0,0000;0,0000;0;0;0;0
20260614_0117;Consistência_25;classification;AdaptiveRandomForest;Otimizado_33Features;classifier;classifier;classifier;N/A;N/A;N/A;2000;100;44;6300;0,0000;0,0000;0,0000;0,0000;0,0000;0,0000;0;0;0;0
20260614_0117;Consistência_25;classification;AdaptiveRandomForest;Otimizado_33Features;classifier;classifier;classifier;N/A;N/A;N/A;2000;100;45;6400;0,0000;0,0000;0,0000;0,0000;0,0000;0,0000;0;0;0;0
20260614_0117;Consistência_25;classification;AdaptiveRandomForest;Otimizado_33Features;classifier;classifier;classifier;N/A;N/A;N/A;2000;100;46;6500;0,0000;0,0000;0,0000;0,0000;0,0000;0,0000;0;0;0;0
20260614_0117;Consistência_25;classification;AdaptiveRandomForest;Otimizado_33Features;classifier;classifier;classifier;N/A;N/A;N/A;2000;100;47;6600;0,0000;0,0000;0,0000;0,0000;0,0000;0,0000;0;0;0;0
20260614_0117;Consistência_25;classification;AdaptiveRandomForest;Otimizado_33Features;classifier;classifier;classifier;N/A;N/A;N/A;2000;100;48;6700;0,0000;0,0000;0,0000;0,0000;0,0000;0,0000;0;0;0;0
20260614_0117;Consistência_25;classification;AdaptiveRandomForest;Otimizado_33Features;classifier;classifier;classifier;N/A;N/A;N/A;2000;100;49;6800;0,0000;0,0000;0,0000;0,0000;0,0000;0,0000;0;0;0;0
20260614_0117;Consistência_25;classification;AdaptiveRandomForest;Otimizado_33Features;classifier;classifier;classifier;N/A;N/A;N/A;2000;100;50;6900;0,0000;0,0000;0,0000;0,0000;0,0000;0,0000;0;0;0;0
20260614_0117;Consistência_25;classification;AdaptiveRandomForest;Otimizado_33Features;classifier;classifier;classifier;N/A;N/A;N/A;2000;100;51;7000;0,0000;0,0000;0,0000;0,0000;0,0000;0,0000;0;0;0;0
20260614_0117;Consistência_25;classification;AdaptiveRandomForest;Otimizado_33Features;classifier;classifier;classifier;N/A;N/A;N/A;2000;100;52;7100;0,0000;0,0000;0,0000;0,0000;0,0000;0,0000;0;0;0;0
20260614_0117;Consistência_25;classification;AdaptiveRandomForest;Otimizado_33Features;classifier;classifier;classifier;N/A;N/A;N/A;2000;100;53;7200;0,0000;0,0000;0,0000;0,0000;0,0000;0,0000;0;0;0;0
20260614_0117;Consistência_25;classification;AdaptiveRandomForest;Otimizado_33Features;classifier;classifier;classifier;N/A;N/A;N/A;2000;100;54;7300;0,0000;0,0000;0,0000;0,0000;0,0000;0,0000;0;0;0;0
20260614_0117;Consistência_25;classification;AdaptiveRandomForest;Otimizado_33Features;classifier;classifier;classifier;N/A;N/A;N/A;2000;100;55;7400;0,0000;0,0000;0,0000;0,0000;0,0000;0,0000;0;0;0;0
20260614_0117;Consistência_25;classification;AdaptiveRandomForest;Otimizado_33Features;classifier;classifier;classifier;N/A;N/A;N/A;2000;100;56;7500;0,0000;0,0000;0,0000;0,0000;0,0000;0,0000;0;0;0;0
20260614_0117;Consistência_25;classification;AdaptiveRandomForest;Otimizado_33Features;classifier;classifier;classifier;N/A;N/A;N/A;2000;100;57;7600;93,8164;4,5134;100,0000;0,0000;88,6957;8,0640;0;0;3;2
20260614_0117;Consistência_25;classification;AdaptiveRandomForest;Otimizado_33Features;classifier;classifier;classifier;N/A;N/A;N/A;2000;100;58;7700;0,0000;0,0000;0,0000;0,0000;0,0000;0,0000;0;0;0;0
20260614_0117;Consistência_25;classification;AdaptiveRandomForest;Otimizado_33Features;classifier;classifier;classifier;N/A;N/A;N/A;2000;100;59;7800;0,0000;0,0000;0,0000;0,0000;0,0000;0,0000;0;0;0;0
20260614_0117;Consistência_25;classification;AdaptiveRandomForest;Otimizado_33Features;classifier;classifier;classifier;N/A;N/A;N/A;2000;100;60;7900;0,0000;0,0000;0,0000;0,0000;0,0000;0,0000;0;0;0;0
20260614_0117;Consistência_25;classification;AdaptiveRandomForest;Otimizado_33Features;classifier;classifier;classifier;N/A;N/A;N/A;2000;100;61;8000;0,0000;0,0000;0,0000;0,0000;0,0000;0,0000;0;0;0;0
20260614_0117;Consistência_25;classification;AdaptiveRandomForest;Otimizado_33Features;classifier;classifier;classifier;N/A;N/A;N/A;2000;100;62;8100;0,0000;0,0000;0,0000;0,0000;0,0000;0,0000;0;0;0;0
20260614_0117;Consistência_25;classification;AdaptiveRandomForest;Otimizado_33Features;classifier;classifier;classifier;N/A;N/A;N/A;2000;100;63;8200;0,0000;0,0000;0,0000;0,0000;0,0000;0,0000;0;0;0;0
20260614_0117;Consistência_25;classification;AdaptiveRandomForest;Otimizado_33Features;classifier;classifier;classifier;N/A;N/A;N/A;2000;100;64;8300;0,0000;0,0000;0,0000;0,0000;0,0000;0,0000;0;0;0;0
20260614_0117;Consistência_25;classification;AdaptiveRandomForest;Otimizado_33Features;classifier;classifier;classifier;N/A;N/A;N/A;2000;100;65;8400;0,0000;0,0000;0,0000;0,0000;0,0000;0,0000;0;0;0;0
20260614_0117;Consistência_25;classification;AdaptiveRandomForest;Otimizado_33Features;classifier;classifier;classifier;N/A;N/A;N/A;2000;100;66;8500;0,0000;0,0000;0,0000;0,0000;0,0000;0,0000;0;0;0;0
20260614_0117;Consistência_25;classification;AdaptiveRandomForest;Otimizado_33Features;classifier;classifier;classifier;N/A;N/A;N/A;2000;100;67;8600;0,0000;0,0000;0,0000;0,0000;0,0000;0,0000;0;0;0;0
20260614_0117;Consistência_25;classification;AdaptiveRandomForest;Otimizado_33Features;classifier;classifier;classifier;N/A;N/A;N/A;2000;100;68;8700;0,0000;0,0000;0,0000;0,0000;0,0000;0,0000;0;0;0;0
20260614_0117;Consistência_25;classification;AdaptiveRandomForest;Otimizado_33Features;classifier;classifier;classifier;N/A;N/A;N/A;2000;100;69;8800;0,0000;0,0000;0,0000;0,0000;0,0000;0,0000;0;0;0;0
20260614_0117;Consistência_25;classification;AdaptiveRandomForest;Otimizado_33Features;classifier;classifier;classifier;N/A;N/A;N/A;2000;100;70;8900;0,0000;0,0000;0,0000;0,0000;0,0000;0,0000;0;0;0;0
20260614_0117;Consistência_25;classification;AdaptiveRandomForest;Otimizado_33Features;classifier;classifier;classifier;N/A;N/A;N/A;2000;100;71;9000;0,0000;0,0000;0,0000;0,0000;0,0000;0,0000;0;0;0;0
20260614_0117;Consistência_25;classification;AdaptiveRandomForest;Otimizado_33Features;classifier;classifier;classifier;N/A;N/A;N/A;2000;100;72;9100;0,0000;0,0000;0,0000;0,0000;0,0000;0,0000;0;0;0;0
20260614_0117;Consistência_25;classification;AdaptiveRandomForest;Otimizado_33Features;classifier;classifier;classifier;N/A;N/A;N/A;2000;100;73;9200;0,0000;0,0000;0,0000;0,0000;0,0000;0,0000;0;0;0;0
20260614_0117;Consistência_25;classification;AdaptiveRandomForest;Otimizado_33Features;classifier;classifier;classifier;N/A;N/A;N/A;2000;100;74;9300;0,0000;0,0000;0,0000;0,0000;0,0000;0,0000;0;0;0;0
20260614_0117;Consistência_25;classification;AdaptiveRandomForest;Otimizado_33Features;classifier;classifier;classifier;N/A;N/A;N/A;2000;100;75;9400;0,0000;0,0000;0,0000;0,0000;0,0000;0,0000;0;0;0;0
20260614_0117;Consistência_25;classification;AdaptiveRandomForest;Otimizado_33Features;classifier;classifier;classifier;N/A;N/A;N/A;2000;100;76;9500;0,0000;0,0000;0,0000;0,0000;0,0000;0,0000;0;0;0;0
20260614_0117;Consistência_25;classification;AdaptiveRandomForest;Otimizado_33Features;classifier;classifier;classifier;N/A;N/A;N/A;2000;100;77;9600;0,0000;0,0000;0,0000;0,0000;0,0000;0,0000;0;0;0;0
20260614_0117;Consistência_25;classification;AdaptiveRandomForest;Otimizado_33Features;classifier;classifier;classifier;N/A;N/A;N/A;2000;100;78;9700;0,0000;0,0000;0,0000;0,0000;0,0000;0,0000;0;0;0;0
20260614_0117;Consistência_25;classification;AdaptiveRandomForest;Otimizado_33Features;classifier;classifier;classifier;N/A;N/A;N/A;2000;100;79;9800;0,0000;0,0000;0,0000;0,0000;0,0000;0,0000;0;0;0;0
20260614_0117;Consistência_25;classification;AdaptiveRandomForest;Otimizado_33Features;classifier;classifier;classifier;N/A;N/A;N/A;2000;100;80;9900;0,0000;0,0000;0,0000;0,0000;0,0000;0,0000;0;0;0;0
20260614_0117;Consistência_25;classification;AdaptiveRandomForest;Otimizado_33Features;classifier;classifier;classifier;N/A;N/A;N/A;2000;100;81;10000;0,0000;0,0000;0,0000;0,0000;0,0000;0,0000;0;0;0;0
20260614_0117;Consistência_25;classification;AdaptiveRandomForest;Otimizado_33Features;classifier;classifier;classifier;N/A;N/A;N/A;2000;100;82;10100;0,0000;0,0000;0,0000;0,0000;0,0000;0,0000;0;0;0;0
20260614_0117;Consistência_25;classification;AdaptiveRandomForest;Otimizado_33Features;classifier;classifier;classifier;N/A;N/A;N/A;2000;100;83;10200;0,0000;0,0000;0,0000;0,0000;0,0000;0,0000;0;0;0;0
20260614_0117;Consistência_25;classification;AdaptiveRandomForest;Otimizado_33Features;classifier;classifier;classifier;N/A;N/A;N/A;2000;100;84;10300;0,0000;0,0000;0,0000;0,0000;0,0000;0,0000;0;0;0;0
20260614_0117;Consistência_25;classification;AdaptiveRandomForest;Otimizado_33Features;classifier;classifier;classifier;N/A;N/A;N/A;2000;100;85;10400;0,0000;0,0000;0,0000;0,0000;0,0000;0,0000;0;0;0;0
20260614_0117;Consistência_25;classification;AdaptiveRandomForest;Otimizado_33Features;classifier;classifier;classifier;N/A;N/A;N/A;2000;100;86;10500;0,0000;0,0000;0,0000;0,0000;0,0000;0,0000;0;0;0;0
20260614_0117;Consistência_25;classification;AdaptiveRandomForest;Otimizado_33Features;classifier;classifier;classifier;N/A;N/A;N/A;2000;100;87;10600;0,0000;0,0000;0,0000;0,0000;0,0000;0,0000;0;0;0;0
20260614_0117;Consistência_25;classification;AdaptiveRandomForest;Otimizado_33Features;classifier;classifier;classifier;N/A;N/A;N/A;2000;100;88;10700;0,0000;0,0000;0,0000;0,0000;0,0000;0,0000;0;0;0;0
20260614_0117;Consistência_25;classification;AdaptiveRandomForest;Otimizado_33Features;classifier;classifier;classifier;N/A;N/A;N/A;2000;100;89;10800;0,0000;0,0000;0,0000;0,0000;0,0000;0,0000;0;0;0;0
20260614_0117;Consistência_25;classification;AdaptiveRandomForest;Otimizado_33Features;classifier;classifier;classifier;N/A;N/A;N/A;2000;100;90;10900;0,0000;0,0000;0,0000;0,0000;0,0000;0,0000;0;0;0;0
20260614_0117;Consistência_25;classification;AdaptiveRandomForest;Otimizado_33Features;classifier;classifier;classifier;N/A;N/A;N/A;2000;100;91;11000;0,0000;0,0000;0,0000;0,0000;0,0000;0,0000;0;0;0;0
20260614_0117;Consistência_25;classification;AdaptiveRandomForest;Otimizado_33Features;classifier;classifier;classifier;N/A;N/A;N/A;2000;100;92;11100;0,0000;0,0000;0,0000;0,0000;0,0000;0,0000;0;0;0;0
20260614_0117;Consistência_25;classification;AdaptiveRandomForest;Otimizado_33Features;classifier;classifier;classifier;N/A;N/A;N/A;2000;100;93;11200;0,0000;0,0000;0,0000;0,0000;0,0000;0,0000;0;0;0;0
20260614_0117;Consistência_25;classification;AdaptiveRandomForest;Otimizado_33Features;classifier;classifier;classifier;N/A;N/A;N/A;2000;100;94;11300;100,0000;0,0000;100,0000;0,0000;100,0000;0,0000;0;0;0;0
20260614_0117;Consistência_25;classification;AdaptiveRandomForest;Otimizado_33Features;classifier;classifier;classifier;N/A;N/A;N/A;2000;100;95;11400;97,3131;0,9293;100,0000;0,0000;94,7826;1,7391;0;0;2;1
20260614_0117;Consistência_25;classification;AdaptiveRandomForest;Otimizado_33Features;classifier;classifier;classifier;N/A;N/A;N/A;2000;100;96;11500;0,0000;0,0000;0,0000;0,0000;0,0000;0,0000;0;0;0;0
20260614_0117;Consistência_25;classification;AdaptiveRandomForest;Otimizado_33Features;classifier;classifier;classifier;N/A;N/A;N/A;2000;100;97;11600;0,0000;0,0000;0,0000;0,0000;0,0000;0,0000;0;0;0;0
20260614_0117;Consistência_25;classification;AdaptiveRandomForest;Otimizado_33Features;classifier;classifier;classifier;N/A;N/A;N/A;2000;100;98;11700;0,0000;0,0000;0,0000;0,0000;0,0000;0,0000;0;0;0;0
20260614_0117;Consistência_25;classification;AdaptiveRandomForest;Otimizado_33Features;classifier;classifier;classifier;N/A;N/A;N/A;2000;100;99;11800;0,0000;0,0000;0,0000;0,0000;0,0000;0,0000;0;0;0;0
20260614_0117;Consistência_25;classification;AdaptiveRandomForest;Otimizado_33Features;classifier;classifier;classifier;N/A;N/A;N/A;2000;100;100;11900;0,0000;0,0000;0,0000;0,0000;0,0000;0,0000;0;0;0;0
20260614_0117;Consistência_25;classification;AdaptiveRandomForest;Otimizado_33Features;classifier;classifier;classifier;N/A;N/A;N/A;2000;100;101;12000;0,0000;0,0000;0,0000;0,0000;0,0000;0,0000;0;0;0;0
20260614_0117;Consistência_25;classification;AdaptiveRandomForest;Otimizado_33Features;classifier;classifier;classifier;N/A;N/A;N/A;2000;100;102;12100;0,0000;0,0000;0,0000;0,0000;0,0000;0,0000;0;0;0;0
20260614_0117;Consistência_25;classification;AdaptiveRandomForest;Otimizado_33Features;classifier;classifier;classifier;N/A;N/A;N/A;2000;100;103;12200;0,0000;0,0000;0,0000;0,0000;0,0000;0,0000;0;0;0;0
20260614_0117;Consistência_25;classification;AdaptiveRandomForest;Otimizado_33Features;classifier;classifier;classifier;N/A;N/A;N/A;2000;100;104;12300;0,0000;0,0000;0,0000;0,0000;0,0000;0,0000;0;0;0;0
20260614_0117;Consistência_25;classification;AdaptiveRandomForest;Otimizado_33Features;classifier;classifier;classifier;N/A;N/A;N/A;2000;100;105;12400;0,0000;0,0000;0,0000;0,0000;0,0000;0,0000;0;0;0;0
20260614_0117;Consistência_25;classification;AdaptiveRandomForest;Otimizado_33Features;classifier;classifier;classifier;N/A;N/A;N/A;2000;100;106;12500;0,0000;0,0000;0,0000;0,0000;0,0000;0,0000;0;0;0;0
20260614_0117;Consistência_25;classification;AdaptiveRandomForest;Otimizado_33Features;classifier;classifier;classifier;N/A;N/A;N/A;2000;100;107;12600;0,0000;0,0000;0,0000;0,0000;0,0000;0,0000;0;0;0;0
20260614_0117;Consistência_25;classification;AdaptiveRandomForest;Otimizado_33Features;classifier;classifier;classifier;N/A;N/A;N/A;2000;100;108;12700;0,0000;0,0000;0,0000;0,0000;0,0000;0,0000;0;0;0;0
20260614_0117;Consistência_25;classification;AdaptiveRandomForest;Otimizado_33Features;classifier;classifier;classifier;N/A;N/A;N/A;2000;100;109;12800;0,0000;0,0000;0,0000;0,0000;0,0000;0,0000;0;0;0;0
20260614_0117;Consistência_25;classification;AdaptiveRandomForest;Otimizado_33Features;classifier;classifier;classifier;N/A;N/A;N/A;2000;100;110;12900;0,0000;0,0000;0,0000;0,0000;0,0000;0,0000;0;0;0;0
20260614_0117;Consistência_25;classification;AdaptiveRandomForest;Otimizado_33Features;classifier;classifier;classifier;N/A;N/A;N/A;2000;100;111;13000;0,0000;0,0000;0,0000;0,0000;0,0000;0,0000;0;0;0;0
20260614_0117;Consistência_25;classification;AdaptiveRandomForest;Otimizado_33Features;classifier;classifier;classifier;N/A;N/A;N/A;2000;100;112;13100;0,0000;0,0000;0,0000;0,0000;0,0000;0,0000;0;0;0;0
20260614_0117;Consistência_25;classification;AdaptiveRandomForest;Otimizado_33Features;classifier;classifier;classifier;N/A;N/A;N/A;2000;100;113;13200;0,0000;0,0000;0,0000;0,0000;0,0000;0,0000;0;0;0;0
20260614_0117;Consistência_25;classification;AdaptiveRandomForest;Otimizado_33Features;classifier;classifier;classifier;N/A;N/A;N/A;2000;100;114;13300;0,0000;0,0000;0,0000;0,0000;0,0000;0,0000;0;0;0;0
20260614_0117;Consistência_25;classification;AdaptiveRandomForest;Otimizado_33Features;classifier;classifier;classifier;N/A;N/A;N/A;2000;100;115;13400;0,0000;0,0000;0,0000;0,0000;0,0000;0,0000;0;0;0;0
20260614_0117;Consistência_25;classification;AdaptiveRandomForest;Otimizado_33Features;classifier;classifier;classifier;N/A;N/A;N/A;2000;100;116;13500;0,0000;0,0000;0,0000;0,0000;0,0000;0,0000;0;0;0;0
20260614_0117;Consistência_25;classification;AdaptiveRandomForest;Otimizado_33Features;classifier;classifier;classifier;N/A;N/A;N/A;2000;100;117;13600;0,0000;0,0000;0,0000;0,0000;0,0000;0,0000;0;0;0;0
20260614_0117;Consistência_25;classification;AdaptiveRandomForest;Otimizado_33Features;classifier;classifier;classifier;N/A;N/A;N/A;2000;100;118;13700;0,0000;0,0000;0,0000;0,0000;0,0000;0,0000;0;0;0;0
20260614_0117;Consistência_25;classification;AdaptiveRandomForest;Otimizado_33Features;classifier;classifier;classifier;N/A;N/A;N/A;2000;100;119;13800;0,0000;0,0000;0,0000;0,0000;0,0000;0,0000;0;0;0;0
20260614_0117;Consistência_25;classification;AdaptiveRandomForest;Otimizado_33Features;classifier;classifier;classifier;N/A;N/A;N/A;2000;100;120;13900;0,0000;0,0000;0,0000;0,0000;0,0000;0,0000;0;0;0;0
20260614_0117;Consistência_25;classification;AdaptiveRandomForest;Otimizado_33Features;classifier;classifier;classifier;N/A;N/A;N/A;2000;100;121;14000;0,0000;0,0000;0,0000;0,0000;0,0000;0,0000;0;0;0;0
20260614_0117;Consistência_25;classification;AdaptiveRandomForest;Otimizado_33Features;classifier;classifier;classifier;N/A;N/A;N/A;2000;100;122;14100;0,0000;0,0000;0,0000;0,0000;0,0000;0,0000;0;0;0;0
20260614_0117;Consistência_25;classification;AdaptiveRandomForest;Otimizado_33Features;classifier;classifier;classifier;N/A;N/A;N/A;2000;100;123;14200;0,0000;0,0000;0,0000;0,0000;0,0000;0,0000;0;0;0;0
20260614_0117;Consistência_25;classification;AdaptiveRandomForest;Otimizado_33Features;classifier;classifier;classifier;N/A;N/A;N/A;2000;100;124;14300;0,0000;0,0000;0,0000;0,0000;0,0000;0,0000;0;0;0;0
20260614_0117;Consistência_25;classification;AdaptiveRandomForest;Otimizado_33Features;classifier;classifier;classifier;N/A;N/A;N/A;2000;100;125;14400;0,0000;0,0000;0,0000;0,0000;0,0000;0,0000;0;0;0;0
20260614_0117;Consistência_25;classification;AdaptiveRandomForest;Otimizado_33Features;classifier;classifier;classifier;N/A;N/A;N/A;2000;100;126;14500;0,0000;0,0000;0,0000;0,0000;0,0000;0,0000;0;0;0;0
20260614_0117;Consistência_25;classification;AdaptiveRandomForest;Otimizado_33Features;classifier;classifier;classifier;N/A;N/A;N/A;2000;100;127;14600;0,0000;0,0000;0,0000;0,0000;0,0000;0,0000;0;0;0;0
20260614_0117;Consistência_25;classification;AdaptiveRandomForest;Otimizado_33Features;classifier;classifier;classifier;N/A;N/A;N/A;2000;100;128;14700;0,0000;0,0000;0,0000;0,0000;0,0000;0,0000;0;0;0;0
20260614_0117;Consistência_25;classification;AdaptiveRandomForest;Otimizado_33Features;classifier;classifier;classifier;N/A;N/A;N/A;2000;100;129;14800;0,0000;0,0000;0,0000;0,0000;0,0000;0,0000;0;0;0;0
20260614_0117;Consistência_25;classification;AdaptiveRandomForest;Otimizado_33Features;classifier;classifier;classifier;N/A;N/A;N/A;2000;100;130;14900;0,0000;0,0000;0,0000;0,0000;0,0000;0,0000;0;0;0;0
20260614_0117;Consistência_25;classification;AdaptiveRandomForest;Otimizado_33Features;classifier;classifier;classifier;N/A;N/A;N/A;2000;100;131;15000;0,0000;0,0000;0,0000;0,0000;0,0000;0,0000;0;0;0;0
20260614_0117;Consistência_200;classification;AdaptiveRandomForest;Otimizado_33Features;classifier;classifier;classifier;N/A;N/A;N/A;2000;100;1;2000;0,0000;0,0000;0,0000;0,0000;0,0000;0,0000;0;0;0;0
20260614_0117;Consistência_200;classification;AdaptiveRandomForest;Otimizado_33Features;classifier;classifier;classifier;N/A;N/A;N/A;2000;100;2;2100;0,0000;0,0000;0,0000;0,0000;0,0000;0,0000;0;0;0;0
20260614_0117;Consistência_200;classification;AdaptiveRandomForest;Otimizado_33Features;classifier;classifier;classifier;N/A;N/A;N/A;2000;100;3;2200;0,0000;0,0000;0,0000;0,0000;0,0000;0,0000;0;0;0;0
20260614_0117;Consistência_200;classification;AdaptiveRandomForest;Otimizado_33Features;classifier;classifier;classifier;N/A;N/A;N/A;2000;100;4;2300;0,0000;0,0000;0,0000;0,0000;0,0000;0,0000;0;0;0;0
20260614_0117;Consistência_200;classification;AdaptiveRandomForest;Otimizado_33Features;classifier;classifier;classifier;N/A;N/A;N/A;2000;100;5;2400;0,0000;0,0000;0,0000;0,0000;0,0000;0,0000;0;0;0;0
20260614_0117;Consistência_200;classification;AdaptiveRandomForest;Otimizado_33Features;classifier;classifier;classifier;N/A;N/A;N/A;2000;100;6;2500;0,0000;0,0000;0,0000;0,0000;0,0000;0,0000;0;0;0;0
20260614_0117;Consistência_200;classification;AdaptiveRandomForest;Otimizado_33Features;classifier;classifier;classifier;N/A;N/A;N/A;2000;100;7;2600;0,0000;0,0000;0,0000;0,0000;0,0000;0,0000;0;0;0;0
20260614_0117;Consistência_200;classification;AdaptiveRandomForest;Otimizado_33Features;classifier;classifier;classifier;N/A;N/A;N/A;2000;100;8;2700;0,0000;0,0000;0,0000;0,0000;0,0000;0,0000;0;0;0;0
20260614_0117;Consistência_200;classification;AdaptiveRandomForest;Otimizado_33Features;classifier;classifier;classifier;N/A;N/A;N/A;2000;100;9;2800;0,0000;0,0000;0,0000;0,0000;0,0000;0,0000;0;0;0;0
20260614_0117;Consistência_200;classification;AdaptiveRandomForest;Otimizado_33Features;classifier;classifier;classifier;N/A;N/A;N/A;2000;100;10;2900;0,0000;0,0000;0,0000;0,0000;0,0000;0,0000;0;0;0;0
20260614_0117;Consistência_200;classification;AdaptiveRandomForest;Otimizado_33Features;classifier;classifier;classifier;N/A;N/A;N/A;2000;100;11;3000;0,0000;0,0000;0,0000;0,0000;0,0000;0,0000;0;0;0;0
20260614_0117;Consistência_200;classification;AdaptiveRandomForest;Otimizado_33Features;classifier;classifier;classifier;N/A;N/A;N/A;2000;100;12;3100;0,0000;0,0000;0,0000;0,0000;0,0000;0,0000;0;0;0;0
20260614_0117;Consistência_200;classification;AdaptiveRandomForest;Otimizado_33Features;classifier;classifier;classifier;N/A;N/A;N/A;2000;100;13;3200;0,0000;0,0000;0,0000;0,0000;0,0000;0,0000;0;0;0;0
20260614_0117;Consistência_200;classification;AdaptiveRandomForest;Otimizado_33Features;classifier;classifier;classifier;N/A;N/A;N/A;2000;100;14;3300;0,0000;0,0000;0,0000;0,0000;0,0000;0,0000;0;0;0;0
20260614_0117;Consistência_200;classification;AdaptiveRandomForest;Otimizado_33Features;classifier;classifier;classifier;N/A;N/A;N/A;2000;100;15;3400;0,0000;0,0000;0,0000;0,0000;0,0000;0,0000;0;0;0;0
20260614_0117;Consistência_200;classification;AdaptiveRandomForest;Otimizado_33Features;classifier;classifier;classifier;N/A;N/A;N/A;2000;100;16;3500;0,0000;0,0000;0,0000;0,0000;0,0000;0,0000;0;0;0;0
20260614_0117;Consistência_200;classification;AdaptiveRandomForest;Otimizado_33Features;classifier;classifier;classifier;N/A;N/A;N/A;2000;100;17;3600;0,0000;0,0000;0,0000;0,0000;0,0000;0,0000;0;0;0;0
20260614_0117;Consistência_200;classification;AdaptiveRandomForest;Otimizado_33Features;classifier;classifier;classifier;N/A;N/A;N/A;2000;100;18;3700;0,0000;0,0000;0,0000;0,0000;0,0000;0,0000;0;0;0;0
20260614_0117;Consistência_200;classification;AdaptiveRandomForest;Otimizado_33Features;classifier;classifier;classifier;N/A;N/A;N/A;2000;100;19;3800;94,3946;0,4582;100,0000;0,0000;89,3878;0,8163;0;0;6;1
20260614_0117;Consistência_200;classification;AdaptiveRandomForest;Otimizado_33Features;classifier;classifier;classifier;N/A;N/A;N/A;2000;100;20;3900;99,3789;0,0000;98,7654;0,0000;100,0000;0,0000;1;0;0;0
20260614_0117;Consistência_200;classification;AdaptiveRandomForest;Otimizado_33Features;classifier;classifier;classifier;N/A;N/A;N/A;2000;100;21;4000;98,5351;0,5049;99,1667;1,0206;97,9167;0,0000;1;1;1;0
20260614_0117;Consistência_200;classification;AdaptiveRandomForest;Otimizado_33Features;classifier;classifier;classifier;N/A;N/A;N/A;2000;100;22;4100;0,0000;0,0000;0,0000;0,0000;0,0000;0,0000;0;0;0;0
20260614_0117;Consistência_200;classification;AdaptiveRandomForest;Otimizado_33Features;classifier;classifier;classifier;N/A;N/A;N/A;2000;100;23;4200;0,0000;0,0000;0,0000;0,0000;0,0000;0,0000;1;0;0;0
20260614_0117;Consistência_200;classification;AdaptiveRandomForest;Otimizado_33Features;classifier;classifier;classifier;N/A;N/A;N/A;2000;100;24;4300;0,0000;0,0000;0,0000;0,0000;0,0000;0,0000;0;0;0;0
20260614_0117;Consistência_200;classification;AdaptiveRandomForest;Otimizado_33Features;classifier;classifier;classifier;N/A;N/A;N/A;2000;100;25;4400;0,0000;0,0000;0,0000;0,0000;0,0000;0,0000;0;0;0;0
20260614_0117;Consistência_200;classification;AdaptiveRandomForest;Otimizado_33Features;classifier;classifier;classifier;N/A;N/A;N/A;2000;100;26;4500;0,0000;0,0000;0,0000;0,0000;0,0000;0,0000;0;0;0;0
20260614_0117;Consistência_200;classification;AdaptiveRandomForest;Otimizado_33Features;classifier;classifier;classifier;N/A;N/A;N/A;2000;100;27;4600;0,0000;0,0000;0,0000;0,0000;0,0000;0,0000;0;0;0;0
20260614_0117;Consistência_200;classification;AdaptiveRandomForest;Otimizado_33Features;classifier;classifier;classifier;N/A;N/A;N/A;2000;100;28;4700;0,0000;0,0000;0,0000;0,0000;0,0000;0,0000;0;0;0;0
20260614_0117;Consistência_200;classification;AdaptiveRandomForest;Otimizado_33Features;classifier;classifier;classifier;N/A;N/A;N/A;2000;100;29;4800;0,0000;0,0000;0,0000;0,0000;0,0000;0,0000;0;0;0;0
20260614_0117;Consistência_200;classification;AdaptiveRandomForest;Otimizado_33Features;classifier;classifier;classifier;N/A;N/A;N/A;2000;100;30;4900;0,0000;0,0000;0,0000;0,0000;0,0000;0,0000;0;0;0;0
20260614_0117;Consistência_200;classification;AdaptiveRandomForest;Otimizado_33Features;classifier;classifier;classifier;N/A;N/A;N/A;2000;100;31;5000;0,0000;0,0000;0,0000;0,0000;0,0000;0,0000;0;0;0;0
20260614_0117;Consistência_200;classification;AdaptiveRandomForest;Otimizado_33Features;classifier;classifier;classifier;N/A;N/A;N/A;2000;100;32;5100;0,0000;0,0000;0,0000;0,0000;0,0000;0,0000;0;0;0;0
20260614_0117;Consistência_200;classification;AdaptiveRandomForest;Otimizado_33Features;classifier;classifier;classifier;N/A;N/A;N/A;2000;100;33;5200;0,0000;0,0000;0,0000;0,0000;0,0000;0,0000;0;0;0;0
20260614_0117;Consistência_200;classification;AdaptiveRandomForest;Otimizado_33Features;classifier;classifier;classifier;N/A;N/A;N/A;2000;100;34;5300;0,0000;0,0000;0,0000;0,0000;0,0000;0,0000;0;0;0;0
20260614_0117;Consistência_200;classification;AdaptiveRandomForest;Otimizado_33Features;classifier;classifier;classifier;N/A;N/A;N/A;2000;100;35;5400;0,0000;0,0000;0,0000;0,0000;0,0000;0,0000;0;0;0;0
20260614_0117;Consistência_200;classification;AdaptiveRandomForest;Otimizado_33Features;classifier;classifier;classifier;N/A;N/A;N/A;2000;100;36;5500;0,0000;0,0000;0,0000;0,0000;0,0000;0,0000;0;0;0;0
20260614_0117;Consistência_200;classification;AdaptiveRandomForest;Otimizado_33Features;classifier;classifier;classifier;N/A;N/A;N/A;2000;100;37;5600;0,0000;0,0000;0,0000;0,0000;0,0000;0,0000;0;0;0;0
20260614_0117;Consistência_200;classification;AdaptiveRandomForest;Otimizado_33Features;classifier;classifier;classifier;N/A;N/A;N/A;2000;100;38;5700;0,0000;0,0000;0,0000;0,0000;0,0000;0,0000;0;0;0;0
20260614_0117;Consistência_200;classification;AdaptiveRandomForest;Otimizado_33Features;classifier;classifier;classifier;N/A;N/A;N/A;2000;100;39;5800;0,0000;0,0000;0,0000;0,0000;0,0000;0,0000;0;0;0;0
20260614_0117;Consistência_200;classification;AdaptiveRandomForest;Otimizado_33Features;classifier;classifier;classifier;N/A;N/A;N/A;2000;100;40;5900;0,0000;0,0000;0,0000;0,0000;0,0000;0,0000;0;0;0;0
20260614_0117;Consistência_200;classification;AdaptiveRandomForest;Otimizado_33Features;classifier;classifier;classifier;N/A;N/A;N/A;2000;100;41;6000;0,0000;0,0000;0,0000;0,0000;0,0000;0,0000;0;0;0;0
20260614_0117;Consistência_200;classification;AdaptiveRandomForest;Otimizado_33Features;classifier;classifier;classifier;N/A;N/A;N/A;2000;100;42;6100;0,0000;0,0000;0,0000;0,0000;0,0000;0,0000;0;0;0;0
20260614_0117;Consistência_200;classification;AdaptiveRandomForest;Otimizado_33Features;classifier;classifier;classifier;N/A;N/A;N/A;2000;100;43;6200;0,0000;0,0000;0,0000;0,0000;0,0000;0,0000;0;0;0;0
20260614_0117;Consistência_200;classification;AdaptiveRandomForest;Otimizado_33Features;classifier;classifier;classifier;N/A;N/A;N/A;2000;100;44;6300;0,0000;0,0000;0,0000;0,0000;0,0000;0,0000;0;0;0;0
20260614_0117;Consistência_200;classification;AdaptiveRandomForest;Otimizado_33Features;classifier;classifier;classifier;N/A;N/A;N/A;2000;100;45;6400;0,0000;0,0000;0,0000;0,0000;0,0000;0,0000;0;0;0;0
20260614_0117;Consistência_200;classification;AdaptiveRandomForest;Otimizado_33Features;classifier;classifier;classifier;N/A;N/A;N/A;2000;100;46;6500;0,0000;0,0000;0,0000;0,0000;0,0000;0,0000;0;0;0;0
20260614_0117;Consistência_200;classification;AdaptiveRandomForest;Otimizado_33Features;classifier;classifier;classifier;N/A;N/A;N/A;2000;100;47;6600;0,0000;0,0000;0,0000;0,0000;0,0000;0,0000;0;0;0;0
20260614_0117;Consistência_200;classification;AdaptiveRandomForest;Otimizado_33Features;classifier;classifier;classifier;N/A;N/A;N/A;2000;100;48;6700;0,0000;0,0000;0,0000;0,0000;0,0000;0,0000;0;0;0;0
20260614_0117;Consistência_200;classification;AdaptiveRandomForest;Otimizado_33Features;classifier;classifier;classifier;N/A;N/A;N/A;2000;100;49;6800;0,0000;0,0000;0,0000;0,0000;0,0000;0,0000;0;0;0;0
20260614_0117;Consistência_200;classification;AdaptiveRandomForest;Otimizado_33Features;classifier;classifier;classifier;N/A;N/A;N/A;2000;100;50;6900;0,0000;0,0000;0,0000;0,0000;0,0000;0,0000;0;0;0;0
20260614_0117;Consistência_200;classification;AdaptiveRandomForest;Otimizado_33Features;classifier;classifier;classifier;N/A;N/A;N/A;2000;100;51;7000;0,0000;0,0000;0,0000;0,0000;0,0000;0,0000;0;0;0;0
20260614_0117;Consistência_200;classification;AdaptiveRandomForest;Otimizado_33Features;classifier;classifier;classifier;N/A;N/A;N/A;2000;100;52;7100;0,0000;0,0000;0,0000;0,0000;0,0000;0,0000;0;0;0;0
20260614_0117;Consistência_200;classification;AdaptiveRandomForest;Otimizado_33Features;classifier;classifier;classifier;N/A;N/A;N/A;2000;100;53;7200;0,0000;0,0000;0,0000;0,0000;0,0000;0,0000;0;0;0;0
20260614_0117;Consistência_200;classification;AdaptiveRandomForest;Otimizado_33Features;classifier;classifier;classifier;N/A;N/A;N/A;2000;100;54;7300;0,0000;0,0000;0,0000;0,0000;0,0000;0,0000;0;0;0;0
20260614_0117;Consistência_200;classification;AdaptiveRandomForest;Otimizado_33Features;classifier;classifier;classifier;N/A;N/A;N/A;2000;100;55;7400;0,0000;0,0000;0,0000;0,0000;0,0000;0,0000;0;0;0;0
20260614_0117;Consistência_200;classification;AdaptiveRandomForest;Otimizado_33Features;classifier;classifier;classifier;N/A;N/A;N/A;2000;100;56;7500;0,0000;0,0000;0,0000;0,0000;0,0000;0,0000;0;0;0;0
20260614_0117;Consistência_200;classification;AdaptiveRandomForest;Otimizado_33Features;classifier;classifier;classifier;N/A;N/A;N/A;2000;100;57;7600;0,0000;0,0000;0,0000;0,0000;0,0000;0,0000;0;0;0;0
20260614_0117;Consistência_200;classification;AdaptiveRandomForest;Otimizado_33Features;classifier;classifier;classifier;N/A;N/A;N/A;2000;100;58;7700;100,0000;0,0000;100,0000;0,0000;100,0000;0,0000;0;0;0;0
20260614_0117;Consistência_200;classification;AdaptiveRandomForest;Otimizado_33Features;classifier;classifier;classifier;N/A;N/A;N/A;2000;100;59;7800;99,4924;0,0000;100,0000;0,0000;98,9899;0,0000;0;0;1;0
20260614_0117;Consistência_200;classification;AdaptiveRandomForest;Otimizado_33Features;classifier;classifier;classifier;N/A;N/A;N/A;2000;100;60;7900;99,4709;0,0000;100,0000;0,0000;98,9474;0,0000;0;0;1;0
20260614_0117;Consistência_200;classification;AdaptiveRandomForest;Otimizado_33Features;classifier;classifier;classifier;N/A;N/A;N/A;2000;100;61;8000;0,0000;0,0000;0,0000;0,0000;0,0000;0,0000;0;0;0;0
20260614_0117;Consistência_200;classification;AdaptiveRandomForest;Otimizado_33Features;classifier;classifier;classifier;N/A;N/A;N/A;2000;100;62;8100;0,0000;0,0000;0,0000;0,0000;0,0000;0,0000;0;0;0;0
20260614_0117;Consistência_200;classification;AdaptiveRandomForest;Otimizado_33Features;classifier;classifier;classifier;N/A;N/A;N/A;2000;100;63;8200;0,0000;0,0000;0,0000;0,0000;0,0000;0,0000;0;0;0;0
20260614_0117;Consistência_200;classification;AdaptiveRandomForest;Otimizado_33Features;classifier;classifier;classifier;N/A;N/A;N/A;2000;100;64;8300;0,0000;0,0000;0,0000;0,0000;0,0000;0,0000;0;0;0;0
20260614_0117;Consistência_200;classification;AdaptiveRandomForest;Otimizado_33Features;classifier;classifier;classifier;N/A;N/A;N/A;2000;100;65;8400;0,0000;0,0000;0,0000;0,0000;0,0000;0,0000;0;0;0;0
20260614_0117;Consistência_200;classification;AdaptiveRandomForest;Otimizado_33Features;classifier;classifier;classifier;N/A;N/A;N/A;2000;100;66;8500;0,0000;0,0000;0,0000;0,0000;0,0000;0,0000;0;0;0;0
20260614_0117;Consistência_200;classification;AdaptiveRandomForest;Otimizado_33Features;classifier;classifier;classifier;N/A;N/A;N/A;2000;100;67;8600;0,0000;0,0000;0,0000;0,0000;0,0000;0,0000;0;0;0;0
20260614_0117;Consistência_200;classification;AdaptiveRandomForest;Otimizado_33Features;classifier;classifier;classifier;N/A;N/A;N/A;2000;100;68;8700;0,0000;0,0000;0,0000;0,0000;0,0000;0,0000;0;0;0;0
20260614_0117;Consistência_200;classification;AdaptiveRandomForest;Otimizado_33Features;classifier;classifier;classifier;N/A;N/A;N/A;2000;100;69;8800;0,0000;0,0000;0,0000;0,0000;0,0000;0,0000;0;0;0;0
20260614_0117;Consistência_200;classification;AdaptiveRandomForest;Otimizado_33Features;classifier;classifier;classifier;N/A;N/A;N/A;2000;100;70;8900;0,0000;0,0000;0,0000;0,0000;0,0000;0,0000;0;0;0;0
20260614_0117;Consistência_200;classification;AdaptiveRandomForest;Otimizado_33Features;classifier;classifier;classifier;N/A;N/A;N/A;2000;100;71;9000;0,0000;0,0000;0,0000;0,0000;0,0000;0,0000;0;0;0;0
20260614_0117;Consistência_200;classification;AdaptiveRandomForest;Otimizado_33Features;classifier;classifier;classifier;N/A;N/A;N/A;2000;100;72;9100;0,0000;0,0000;0,0000;0,0000;0,0000;0,0000;0;0;0;0
20260614_0117;Consistência_200;classification;AdaptiveRandomForest;Otimizado_33Features;classifier;classifier;classifier;N/A;N/A;N/A;2000;100;73;9200;0,0000;0,0000;0,0000;0,0000;0,0000;0,0000;0;0;0;0
20260614_0117;Consistência_200;classification;AdaptiveRandomForest;Otimizado_33Features;classifier;classifier;classifier;N/A;N/A;N/A;2000;100;74;9300;0,0000;0,0000;0,0000;0,0000;0,0000;0,0000;0;0;0;0
20260614_0117;Consistência_200;classification;AdaptiveRandomForest;Otimizado_33Features;classifier;classifier;classifier;N/A;N/A;N/A;2000;100;75;9400;0,0000;0,0000;0,0000;0,0000;0,0000;0,0000;0;0;0;0
20260614_0117;Consistência_200;classification;AdaptiveRandomForest;Otimizado_33Features;classifier;classifier;classifier;N/A;N/A;N/A;2000;100;76;9500;0,0000;0,0000;0,0000;0,0000;0,0000;0,0000;0;0;0;0
20260614_0117;Consistência_200;classification;AdaptiveRandomForest;Otimizado_33Features;classifier;classifier;classifier;N/A;N/A;N/A;2000;100;77;9600;0,0000;0,0000;0,0000;0,0000;0,0000;0,0000;0;0;0;0
20260614_0117;Consistência_200;classification;AdaptiveRandomForest;Otimizado_33Features;classifier;classifier;classifier;N/A;N/A;N/A;2000;100;78;9700;0,0000;0,0000;0,0000;0,0000;0,0000;0,0000;0;0;0;0
20260614_0117;Consistência_200;classification;AdaptiveRandomForest;Otimizado_33Features;classifier;classifier;classifier;N/A;N/A;N/A;2000;100;79;9800;0,0000;0,0000;0,0000;0,0000;0,0000;0,0000;0;0;0;0
20260614_0117;Consistência_200;classification;AdaptiveRandomForest;Otimizado_33Features;classifier;classifier;classifier;N/A;N/A;N/A;2000;100;80;9900;0,0000;0,0000;0,0000;0,0000;0,0000;0,0000;0;0;0;0
20260614_0117;Consistência_200;classification;AdaptiveRandomForest;Otimizado_33Features;classifier;classifier;classifier;N/A;N/A;N/A;2000;100;81;10000;0,0000;0,0000;0,0000;0,0000;0,0000;0,0000;0;0;0;0
20260614_0117;Consistência_200;classification;AdaptiveRandomForest;Otimizado_33Features;classifier;classifier;classifier;N/A;N/A;N/A;2000;100;82;10100;0,0000;0,0000;0,0000;0,0000;0,0000;0,0000;0;0;0;0
20260614_0117;Consistência_200;classification;AdaptiveRandomForest;Otimizado_33Features;classifier;classifier;classifier;N/A;N/A;N/A;2000;100;83;10200;0,0000;0,0000;0,0000;0,0000;0,0000;0,0000;0;0;0;0
20260614_0117;Consistência_200;classification;AdaptiveRandomForest;Otimizado_33Features;classifier;classifier;classifier;N/A;N/A;N/A;2000;100;84;10300;0,0000;0,0000;0,0000;0,0000;0,0000;0,0000;0;0;0;0
20260614_0117;Consistência_200;classification;AdaptiveRandomForest;Otimizado_33Features;classifier;classifier;classifier;N/A;N/A;N/A;2000;100;85;10400;0,0000;0,0000;0,0000;0,0000;0,0000;0,0000;0;0;0;0
20260614_0117;Consistência_200;classification;AdaptiveRandomForest;Otimizado_33Features;classifier;classifier;classifier;N/A;N/A;N/A;2000;100;86;10500;0,0000;0,0000;0,0000;0,0000;0,0000;0,0000;0;0;0;0
20260614_0117;Consistência_200;classification;AdaptiveRandomForest;Otimizado_33Features;classifier;classifier;classifier;N/A;N/A;N/A;2000;100;87;10600;0,0000;0,0000;0,0000;0,0000;0,0000;0,0000;0;0;0;0
20260614_0117;Consistência_200;classification;AdaptiveRandomForest;Otimizado_33Features;classifier;classifier;classifier;N/A;N/A;N/A;2000;100;88;10700;0,0000;0,0000;0,0000;0,0000;0,0000;0,0000;0;0;0;0
20260614_0117;Consistência_200;classification;AdaptiveRandomForest;Otimizado_33Features;classifier;classifier;classifier;N/A;N/A;N/A;2000;100;89;10800;0,0000;0,0000;0,0000;0,0000;0,0000;0,0000;0;0;0;0
20260614_0117;Consistência_200;classification;AdaptiveRandomForest;Otimizado_33Features;classifier;classifier;classifier;N/A;N/A;N/A;2000;100;90;10900;0,0000;0,0000;0,0000;0,0000;0,0000;0,0000;0;0;0;0
20260614_0117;Consistência_200;classification;AdaptiveRandomForest;Otimizado_33Features;classifier;classifier;classifier;N/A;N/A;N/A;2000;100;91;11000;0,0000;0,0000;0,0000;0,0000;0,0000;0,0000;0;0;0;0
20260614_0117;Consistência_200;classification;AdaptiveRandomForest;Otimizado_33Features;classifier;classifier;classifier;N/A;N/A;N/A;2000;100;92;11100;0,0000;0,0000;0,0000;0,0000;0,0000;0,0000;0;0;0;0
20260614_0117;Consistência_200;classification;AdaptiveRandomForest;Otimizado_33Features;classifier;classifier;classifier;N/A;N/A;N/A;2000;100;93;11200;0,0000;0,0000;0,0000;0,0000;0,0000;0,0000;0;0;0;0
20260614_0117;Consistência_200;classification;AdaptiveRandomForest;Otimizado_33Features;classifier;classifier;classifier;N/A;N/A;N/A;2000;100;94;11300;0,0000;0,0000;0,0000;0,0000;0,0000;0,0000;0;0;0;0
20260614_0117;Consistência_200;classification;AdaptiveRandomForest;Otimizado_33Features;classifier;classifier;classifier;N/A;N/A;N/A;2000;100;95;11400;0,0000;0,0000;0,0000;0,0000;0,0000;0,0000;0;0;0;0
20260614_0117;Consistência_200;classification;AdaptiveRandomForest;Otimizado_33Features;classifier;classifier;classifier;N/A;N/A;N/A;2000;100;96;11500;0,0000;0,0000;0,0000;0,0000;0,0000;0,0000;0;0;0;0
20260614_0117;Consistência_200;classification;AdaptiveRandomForest;Otimizado_33Features;classifier;classifier;classifier;N/A;N/A;N/A;2000;100;97;11600;0,0000;0,0000;0,0000;0,0000;0,0000;0,0000;0;0;0;0
20260614_0117;Consistência_200;classification;AdaptiveRandomForest;Otimizado_33Features;classifier;classifier;classifier;N/A;N/A;N/A;2000;100;98;11700;98,9899;0,0000;100,0000;0,0000;98,0000;0,0000;0;0;1;0
20260614_0117;Consistência_200;classification;AdaptiveRandomForest;Otimizado_33Features;classifier;classifier;classifier;N/A;N/A;N/A;2000;100;99;11800;91,8033;0,0000;100,0000;0,0000;84,8485;0,0000;0;0;10;0
20260614_0117;Consistência_200;classification;AdaptiveRandomForest;Otimizado_33Features;classifier;classifier;classifier;N/A;N/A;N/A;2000;100;100;11900;89,6552;0,0000;100,0000;0,0000;81,2500;0,0000;0;0;3;0
20260614_0117;Consistência_200;classification;AdaptiveRandomForest;Otimizado_33Features;classifier;classifier;classifier;N/A;N/A;N/A;2000;100;101;12000;0,0000;0,0000;0,0000;0,0000;0,0000;0,0000;0;0;0;0
20260614_0117;Consistência_200;classification;AdaptiveRandomForest;Otimizado_33Features;classifier;classifier;classifier;N/A;N/A;N/A;2000;100;102;12100;0,0000;0,0000;0,0000;0,0000;0,0000;0,0000;0;0;0;0
20260614_0117;Consistência_200;classification;AdaptiveRandomForest;Otimizado_33Features;classifier;classifier;classifier;N/A;N/A;N/A;2000;100;103;12200;0,0000;0,0000;0,0000;0,0000;0,0000;0,0000;0;0;0;0
20260614_0117;Consistência_200;classification;AdaptiveRandomForest;Otimizado_33Features;classifier;classifier;classifier;N/A;N/A;N/A;2000;100;104;12300;0,0000;0,0000;0,0000;0,0000;0,0000;0,0000;0;0;0;0
20260614_0117;Consistência_200;classification;AdaptiveRandomForest;Otimizado_33Features;classifier;classifier;classifier;N/A;N/A;N/A;2000;100;105;12400;0,0000;0,0000;0,0000;0,0000;0,0000;0,0000;0;0;0;0
20260614_0117;Consistência_200;classification;AdaptiveRandomForest;Otimizado_33Features;classifier;classifier;classifier;N/A;N/A;N/A;2000;100;106;12500;0,0000;0,0000;0,0000;0,0000;0,0000;0,0000;0;0;0;0
20260614_0117;Consistência_200;classification;AdaptiveRandomForest;Otimizado_33Features;classifier;classifier;classifier;N/A;N/A;N/A;2000;100;107;12600;0,0000;0,0000;0,0000;0,0000;0,0000;0,0000;0;0;0;0
20260614_0117;Consistência_200;classification;AdaptiveRandomForest;Otimizado_33Features;classifier;classifier;classifier;N/A;N/A;N/A;2000;100;108;12700;0,0000;0,0000;0,0000;0,0000;0,0000;0,0000;0;0;0;0
20260614_0117;Consistência_200;classification;AdaptiveRandomForest;Otimizado_33Features;classifier;classifier;classifier;N/A;N/A;N/A;2000;100;109;12800;0,0000;0,0000;0,0000;0,0000;0,0000;0,0000;0;0;0;0
20260614_0117;Consistência_200;classification;AdaptiveRandomForest;Otimizado_33Features;classifier;classifier;classifier;N/A;N/A;N/A;2000;100;110;12900;0,0000;0,0000;0,0000;0,0000;0,0000;0,0000;0;0;0;0
20260614_0117;Consistência_200;classification;AdaptiveRandomForest;Otimizado_33Features;classifier;classifier;classifier;N/A;N/A;N/A;2000;100;111;13000;0,0000;0,0000;0,0000;0,0000;0,0000;0,0000;0;0;0;0
20260614_0117;Consistência_200;classification;AdaptiveRandomForest;Otimizado_33Features;classifier;classifier;classifier;N/A;N/A;N/A;2000;100;112;13100;0,0000;0,0000;0,0000;0,0000;0,0000;0,0000;0;0;0;0
20260614_0117;Consistência_200;classification;AdaptiveRandomForest;Otimizado_33Features;classifier;classifier;classifier;N/A;N/A;N/A;2000;100;113;13200;0,0000;0,0000;0,0000;0,0000;0,0000;0,0000;0;0;0;0
20260614_0117;Consistência_200;classification;AdaptiveRandomForest;Otimizado_33Features;classifier;classifier;classifier;N/A;N/A;N/A;2000;100;114;13300;0,0000;0,0000;0,0000;0,0000;0,0000;0,0000;0;0;0;0
20260614_0117;Consistência_200;classification;AdaptiveRandomForest;Otimizado_33Features;classifier;classifier;classifier;N/A;N/A;N/A;2000;100;115;13400;0,0000;0,0000;0,0000;0,0000;0,0000;0,0000;0;0;0;0
20260614_0117;Consistência_200;classification;AdaptiveRandomForest;Otimizado_33Features;classifier;classifier;classifier;N/A;N/A;N/A;2000;100;116;13500;0,0000;0,0000;0,0000;0,0000;0,0000;0,0000;0;0;0;0
20260614_0117;Consistência_200;classification;AdaptiveRandomForest;Otimizado_33Features;classifier;classifier;classifier;N/A;N/A;N/A;2000;100;117;13600;0,0000;0,0000;0,0000;0,0000;0,0000;0,0000;0;0;0;0
20260614_0117;Consistência_200;classification;AdaptiveRandomForest;Otimizado_33Features;classifier;classifier;classifier;N/A;N/A;N/A;2000;100;118;13700;0,0000;0,0000;0,0000;0,0000;0,0000;0,0000;0;0;0;0
20260614_0117;Consistência_200;classification;AdaptiveRandomForest;Otimizado_33Features;classifier;classifier;classifier;N/A;N/A;N/A;2000;100;119;13800;0,0000;0,0000;0,0000;0,0000;0,0000;0,0000;0;0;0;0
20260614_0117;Consistência_200;classification;AdaptiveRandomForest;Otimizado_33Features;classifier;classifier;classifier;N/A;N/A;N/A;2000;100;120;13900;0,0000;0,0000;0,0000;0,0000;0,0000;0,0000;0;0;0;0
20260614_0117;Consistência_200;classification;AdaptiveRandomForest;Otimizado_33Features;classifier;classifier;classifier;N/A;N/A;N/A;2000;100;121;14000;0,0000;0,0000;0,0000;0,0000;0,0000;0,0000;0;0;0;0
20260614_0117;Consistência_200;classification;AdaptiveRandomForest;Otimizado_33Features;classifier;classifier;classifier;N/A;N/A;N/A;2000;100;122;14100;0,0000;0,0000;0,0000;0,0000;0,0000;0,0000;0;0;0;0
20260614_0117;Consistência_200;classification;AdaptiveRandomForest;Otimizado_33Features;classifier;classifier;classifier;N/A;N/A;N/A;2000;100;123;14200;0,0000;0,0000;0,0000;0,0000;0,0000;0,0000;0;0;0;0
20260614_0117;Consistência_200;classification;AdaptiveRandomForest;Otimizado_33Features;classifier;classifier;classifier;N/A;N/A;N/A;2000;100;124;14300;0,0000;0,0000;0,0000;0,0000;0,0000;0,0000;0;0;0;0
20260614_0117;Consistência_200;classification;AdaptiveRandomForest;Otimizado_33Features;classifier;classifier;classifier;N/A;N/A;N/A;2000;100;125;14400;0,0000;0,0000;0,0000;0,0000;0,0000;0,0000;0;0;0;0
20260614_0117;Consistência_200;classification;AdaptiveRandomForest;Otimizado_33Features;classifier;classifier;classifier;N/A;N/A;N/A;2000;100;126;14500;0,0000;0,0000;0,0000;0,0000;0,0000;0,0000;0;0;0;0
20260614_0117;Consistência_200;classification;AdaptiveRandomForest;Otimizado_33Features;classifier;classifier;classifier;N/A;N/A;N/A;2000;100;127;14600;0,0000;0,0000;0,0000;0,0000;0,0000;0,0000;0;0;0;0
20260614_0117;Consistência_200;classification;AdaptiveRandomForest;Otimizado_33Features;classifier;classifier;classifier;N/A;N/A;N/A;2000;100;128;14700;0,0000;0,0000;0,0000;0,0000;0,0000;0,0000;0;0;0;0
20260614_0117;Consistência_200;classification;AdaptiveRandomForest;Otimizado_33Features;classifier;classifier;classifier;N/A;N/A;N/A;2000;100;129;14800;0,0000;0,0000;0,0000;0,0000;0,0000;0,0000;0;0;0;0
20260614_0117;Consistência_200;classification;AdaptiveRandomForest;Otimizado_33Features;classifier;classifier;classifier;N/A;N/A;N/A;2000;100;130;14900;0,0000;0,0000;0,0000;0,0000;0,0000;0,0000;0;0;0;0
20260614_0117;Consistência_200;classification;AdaptiveRandomForest;Otimizado_33Features;classifier;classifier;classifier;N/A;N/A;N/A;2000;100;131;15000;0,0000;0,0000;0,0000;0,0000;0,0000;0,0000;0;0;0;0
20260614_0117;Consistência_200;classification;AdaptiveRandomForest;Otimizado_33Features;classifier;classifier;classifier;N/A;N/A;N/A;2000;100;132;15100;0,0000;0,0000;0,0000;0,0000;0,0000;0,0000;0;0;0;0
20260614_0117;Consistência_200;classification;AdaptiveRandomForest;Otimizado_33Features;classifier;classifier;classifier;N/A;N/A;N/A;2000;100;133;15200;0,0000;0,0000;0,0000;0,0000;0,0000;0,0000;0;0;0;0
20260614_0117;Consistência_200;classification;AdaptiveRandomForest;Otimizado_33Features;classifier;classifier;classifier;N/A;N/A;N/A;2000;100;134;15300;0,0000;0,0000;0,0000;0,0000;0,0000;0,0000;0;0;0;0
20260614_0117;Consistência_200;classification;AdaptiveRandomForest;Otimizado_33Features;classifier;classifier;classifier;N/A;N/A;N/A;2000;100;135;15400;0,0000;0,0000;0,0000;0,0000;0,0000;0,0000;0;0;0;0
20260614_0117;Consistência_200;classification;AdaptiveRandomForest;Otimizado_33Features;classifier;classifier;classifier;N/A;N/A;N/A;2000;100;136;15500;0,0000;0,0000;0,0000;0,0000;0,0000;0,0000;0;0;0;0
20260614_0117;Consistência_1000;classification;AdaptiveRandomForest;Otimizado_33Features;classifier;classifier;classifier;N/A;N/A;N/A;2000;100;1;2000;0,0000;0,0000;0,0000;0,0000;0,0000;0,0000;0;0;0;0
20260614_0117;Consistência_1000;classification;AdaptiveRandomForest;Otimizado_33Features;classifier;classifier;classifier;N/A;N/A;N/A;2000;100;2;2100;0,0000;0,0000;0,0000;0,0000;0,0000;0,0000;0;0;0;0
20260614_0117;Consistência_1000;classification;AdaptiveRandomForest;Otimizado_33Features;classifier;classifier;classifier;N/A;N/A;N/A;2000;100;3;2200;0,0000;0,0000;0,0000;0,0000;0,0000;0,0000;0;0;0;0
20260614_0117;Consistência_1000;classification;AdaptiveRandomForest;Otimizado_33Features;classifier;classifier;classifier;N/A;N/A;N/A;2000;100;4;2300;0,0000;0,0000;0,0000;0,0000;0,0000;0,0000;0;0;0;0
20260614_0117;Consistência_1000;classification;AdaptiveRandomForest;Otimizado_33Features;classifier;classifier;classifier;N/A;N/A;N/A;2000;100;5;2400;0,0000;0,0000;0,0000;0,0000;0,0000;0,0000;0;0;0;0
20260614_0117;Consistência_1000;classification;AdaptiveRandomForest;Otimizado_33Features;classifier;classifier;classifier;N/A;N/A;N/A;2000;100;6;2500;0,0000;0,0000;0,0000;0,0000;0,0000;0,0000;0;0;0;0
20260614_0117;Consistência_1000;classification;AdaptiveRandomForest;Otimizado_33Features;classifier;classifier;classifier;N/A;N/A;N/A;2000;100;7;2600;0,0000;0,0000;0,0000;0,0000;0,0000;0,0000;0;0;0;0
20260614_0117;Consistência_1000;classification;AdaptiveRandomForest;Otimizado_33Features;classifier;classifier;classifier;N/A;N/A;N/A;2000;100;8;2700;0,0000;0,0000;0,0000;0,0000;0,0000;0,0000;0;0;0;0
20260614_0117;Consistência_1000;classification;AdaptiveRandomForest;Otimizado_33Features;classifier;classifier;classifier;N/A;N/A;N/A;2000;100;9;2800;0,0000;0,0000;0,0000;0,0000;0,0000;0,0000;0;0;0;0
20260614_0117;Consistência_1000;classification;AdaptiveRandomForest;Otimizado_33Features;classifier;classifier;classifier;N/A;N/A;N/A;2000;100;10;2900;0,0000;0,0000;0,0000;0,0000;0,0000;0,0000;0;0;0;0
20260614_0117;Consistência_1000;classification;AdaptiveRandomForest;Otimizado_33Features;classifier;classifier;classifier;N/A;N/A;N/A;2000;100;11;3000;0,0000;0,0000;0,0000;0,0000;0,0000;0,0000;0;0;0;0
20260614_0117;Consistência_1000;classification;AdaptiveRandomForest;Otimizado_33Features;classifier;classifier;classifier;N/A;N/A;N/A;2000;100;12;3100;0,0000;0,0000;0,0000;0,0000;0,0000;0,0000;0;0;0;0
20260614_0117;Consistência_1000;classification;AdaptiveRandomForest;Otimizado_33Features;classifier;classifier;classifier;N/A;N/A;N/A;2000;100;13;3200;0,0000;0,0000;0,0000;0,0000;0,0000;0,0000;0;0;0;0
20260614_0117;Consistência_1000;classification;AdaptiveRandomForest;Otimizado_33Features;classifier;classifier;classifier;N/A;N/A;N/A;2000;100;14;3300;0,0000;0,0000;0,0000;0,0000;0,0000;0,0000;0;0;0;0
20260614_0117;Consistência_1000;classification;AdaptiveRandomForest;Otimizado_33Features;classifier;classifier;classifier;N/A;N/A;N/A;2000;100;15;3400;0,0000;0,0000;0,0000;0,0000;0,0000;0,0000;0;0;0;0
20260614_0117;Consistência_1000;classification;AdaptiveRandomForest;Otimizado_33Features;classifier;classifier;classifier;N/A;N/A;N/A;2000;100;16;3500;0,0000;0,0000;0,0000;0,0000;0,0000;0,0000;0;0;0;0
20260614_0117;Consistência_1000;classification;AdaptiveRandomForest;Otimizado_33Features;classifier;classifier;classifier;N/A;N/A;N/A;2000;100;17;3600;0,0000;0,0000;0,0000;0,0000;0,0000;0,0000;0;0;0;0
20260614_0117;Consistência_1000;classification;AdaptiveRandomForest;Otimizado_33Features;classifier;classifier;classifier;N/A;N/A;N/A;2000;100;18;3700;0,0000;0,0000;0,0000;0,0000;0,0000;0,0000;0;0;0;0
20260614_0117;Consistência_1000;classification;AdaptiveRandomForest;Otimizado_33Features;classifier;classifier;classifier;N/A;N/A;N/A;2000;100;19;3800;95,7447;0,0000;100,0000;0,0000;91,8367;0,0000;0;0;4;0
20260614_0117;Consistência_1000;classification;AdaptiveRandomForest;Otimizado_33Features;classifier;classifier;classifier;N/A;N/A;N/A;2000;100;20;3900;96,4582;0,6039;94,2714;0,4842;98,7500;0,7906;5;1;1;1
20260614_0117;Consistência_1000;classification;AdaptiveRandomForest;Otimizado_33Features;classifier;classifier;classifier;N/A;N/A;N/A;2000;100;21;4000;99,5897;0,2051;100,0000;0,0000;99,1837;0,4082;0;0;1;1
20260614_0117;Consistência_1000;classification;AdaptiveRandomForest;Otimizado_33Features;classifier;classifier;classifier;N/A;N/A;N/A;2000;100;22;4100;97,9592;0,0000;96,0000;0,0000;100,0000;0,0000;4;0;0;0
20260614_0117;Consistência_1000;classification;AdaptiveRandomForest;Otimizado_33Features;classifier;classifier;classifier;N/A;N/A;N/A;2000;100;23;4200;100,0000;0,0000;100,0000;0,0000;100,0000;0,0000;0;0;0;0
20260614_0117;Consistência_1000;classification;AdaptiveRandomForest;Otimizado_33Features;classifier;classifier;classifier;N/A;N/A;N/A;2000;100;24;4300;95,1716;0,5546;92,0797;1,0336;98,4848;0,0000;6;1;1;0
20260614_0117;Consistência_1000;classification;AdaptiveRandomForest;Otimizado_33Features;classifier;classifier;classifier;N/A;N/A;N/A;2000;100;25;4400;91,7101;0,8116;92,1344;1,6601;91,3043;0,0000;2;1;2;0
20260614_0117;Consistência_1000;classification;AdaptiveRandomForest;Otimizado_33Features;classifier;classifier;classifier;N/A;N/A;N/A;2000;100;26;4500;88,5315;5,7837;93,5481;3,2908;84,2857;8,3299;1;1;3;2
20260614_0117;Consistência_1000;classification;AdaptiveRandomForest;Otimizado_33Features;classifier;classifier;classifier;N/A;N/A;N/A;2000;100;27;4600;99,2913;0,2339;99,7647;0,4706;98,8235;0,0000;1;1;1;0
20260614_0117;Consistência_1000;classification;AdaptiveRandomForest;Otimizado_33Features;classifier;classifier;classifier;N/A;N/A;N/A;2000;100;28;4700;84,4301;1,1183;73,0719;1,6993;100,0000;0,0000;5;1;0;0
20260614_0117;Consistência_1000;classification;AdaptiveRandomForest;Otimizado_33Features;classifier;classifier;classifier;N/A;N/A;N/A;2000;100;29;4800;100,0000;0,0000;100,0000;0,0000;100,0000;0,0000;0;0;0;0
20260614_0117;Consistência_1000;classification;AdaptiveRandomForest;Otimizado_33Features;classifier;classifier;classifier;N/A;N/A;N/A;2000;100;30;4900;0,0000;0,0000;0,0000;0,0000;0,0000;0,0000;0;0;0;0
20260614_0117;Consistência_1000;classification;AdaptiveRandomForest;Otimizado_33Features;classifier;classifier;classifier;N/A;N/A;N/A;2000;100;31;5000;0,0000;0,0000;0,0000;0,0000;0,0000;0,0000;2;1;0;0
20260614_0117;Consistência_1000;classification;AdaptiveRandomForest;Otimizado_33Features;classifier;classifier;classifier;N/A;N/A;N/A;2000;100;32;5100;0,0000;0,0000;0,0000;0,0000;0,0000;0,0000;0;0;0;0
20260614_0117;Consistência_1000;classification;AdaptiveRandomForest;Otimizado_33Features;classifier;classifier;classifier;N/A;N/A;N/A;2000;100;33;5200;0,0000;0,0000;0,0000;0,0000;0,0000;0,0000;0;0;0;0
20260614_0117;Consistência_1000;classification;AdaptiveRandomForest;Otimizado_33Features;classifier;classifier;classifier;N/A;N/A;N/A;2000;100;34;5300;0,0000;0,0000;0,0000;0,0000;0,0000;0,0000;0;0;0;0
20260614_0117;Consistência_1000;classification;AdaptiveRandomForest;Otimizado_33Features;classifier;classifier;classifier;N/A;N/A;N/A;2000;100;35;5400;0,0000;0,0000;0,0000;0,0000;0,0000;0,0000;1;1;0;0
20260614_0117;Consistência_1000;classification;AdaptiveRandomForest;Otimizado_33Features;classifier;classifier;classifier;N/A;N/A;N/A;2000;100;36;5500;0,0000;0,0000;0,0000;0,0000;0,0000;0,0000;0;0;0;0
20260614_0117;Consistência_1000;classification;AdaptiveRandomForest;Otimizado_33Features;classifier;classifier;classifier;N/A;N/A;N/A;2000;100;37;5600;0,0000;0,0000;0,0000;0,0000;0,0000;0,0000;2;1;0;0
20260614_0117;Consistência_1000;classification;AdaptiveRandomForest;Otimizado_33Features;classifier;classifier;classifier;N/A;N/A;N/A;2000;100;38;5700;0,0000;0,0000;0,0000;0,0000;0,0000;0,0000;0;0;0;0
20260614_0117;Consistência_1000;classification;AdaptiveRandomForest;Otimizado_33Features;classifier;classifier;classifier;N/A;N/A;N/A;2000;100;39;5800;0,0000;0,0000;0,0000;0,0000;0,0000;0,0000;0;0;0;0
20260614_0117;Consistência_1000;classification;AdaptiveRandomForest;Otimizado_33Features;classifier;classifier;classifier;N/A;N/A;N/A;2000;100;40;5900;0,0000;0,0000;0,0000;0,0000;0,0000;0,0000;1;1;0;0
20260614_0117;Consistência_1000;classification;AdaptiveRandomForest;Otimizado_33Features;classifier;classifier;classifier;N/A;N/A;N/A;2000;100;41;6000;0,0000;0,0000;0,0000;0,0000;0,0000;0,0000;0;0;0;0
20260614_0117;Consistência_1000;classification;AdaptiveRandomForest;Otimizado_33Features;classifier;classifier;classifier;N/A;N/A;N/A;2000;100;42;6100;0,0000;0,0000;0,0000;0,0000;0,0000;0,0000;0;0;0;0
20260614_0117;Consistência_1000;classification;AdaptiveRandomForest;Otimizado_33Features;classifier;classifier;classifier;N/A;N/A;N/A;2000;100;43;6200;0,0000;0,0000;0,0000;0,0000;0,0000;0,0000;0;0;0;0
20260614_0117;Consistência_1000;classification;AdaptiveRandomForest;Otimizado_33Features;classifier;classifier;classifier;N/A;N/A;N/A;2000;100;44;6300;0,0000;0,0000;0,0000;0,0000;0,0000;0,0000;0;0;0;0
20260614_0117;Consistência_1000;classification;AdaptiveRandomForest;Otimizado_33Features;classifier;classifier;classifier;N/A;N/A;N/A;2000;100;45;6400;0,0000;0,0000;0,0000;0,0000;0,0000;0,0000;0;0;0;0
20260614_0117;Consistência_1000;classification;AdaptiveRandomForest;Otimizado_33Features;classifier;classifier;classifier;N/A;N/A;N/A;2000;100;46;6500;0,0000;0,0000;0,0000;0,0000;0,0000;0,0000;0;0;0;0
20260614_0117;Consistência_1000;classification;AdaptiveRandomForest;Otimizado_33Features;classifier;classifier;classifier;N/A;N/A;N/A;2000;100;47;6600;0,0000;0,0000;0,0000;0,0000;0,0000;0,0000;0;0;0;0
20260614_0117;Consistência_1000;classification;AdaptiveRandomForest;Otimizado_33Features;classifier;classifier;classifier;N/A;N/A;N/A;2000;100;48;6700;0,0000;0,0000;0,0000;0,0000;0,0000;0,0000;0;0;0;0
20260614_0117;Consistência_1000;classification;AdaptiveRandomForest;Otimizado_33Features;classifier;classifier;classifier;N/A;N/A;N/A;2000;100;49;6800;0,0000;0,0000;0,0000;0,0000;0,0000;0,0000;0;0;0;0
20260614_0117;Consistência_1000;classification;AdaptiveRandomForest;Otimizado_33Features;classifier;classifier;classifier;N/A;N/A;N/A;2000;100;50;6900;0,0000;0,0000;0,0000;0,0000;0,0000;0,0000;0;0;0;0
20260614_0117;Consistência_1000;classification;AdaptiveRandomForest;Otimizado_33Features;classifier;classifier;classifier;N/A;N/A;N/A;2000;100;51;7000;0,0000;0,0000;0,0000;0,0000;0,0000;0,0000;0;0;0;0
20260614_0117;Consistência_1000;classification;AdaptiveRandomForest;Otimizado_33Features;classifier;classifier;classifier;N/A;N/A;N/A;2000;100;52;7100;0,0000;0,0000;0,0000;0,0000;0,0000;0,0000;0;0;0;0
20260614_0117;Consistência_1000;classification;AdaptiveRandomForest;Otimizado_33Features;classifier;classifier;classifier;N/A;N/A;N/A;2000;100;53;7200;0,0000;0,0000;0,0000;0,0000;0,0000;0,0000;0;0;0;0
20260614_0117;Consistência_1000;classification;AdaptiveRandomForest;Otimizado_33Features;classifier;classifier;classifier;N/A;N/A;N/A;2000;100;54;7300;0,0000;0,0000;0,0000;0,0000;0,0000;0,0000;0;0;0;0
20260614_0117;Consistência_1000;classification;AdaptiveRandomForest;Otimizado_33Features;classifier;classifier;classifier;N/A;N/A;N/A;2000;100;55;7400;0,0000;0,0000;0,0000;0,0000;0,0000;0,0000;0;0;0;0
20260614_0117;Consistência_1000;classification;AdaptiveRandomForest;Otimizado_33Features;classifier;classifier;classifier;N/A;N/A;N/A;2000;100;56;7500;0,0000;0,0000;0,0000;0,0000;0,0000;0,0000;0;0;0;0
20260614_0117;Consistência_1000;classification;AdaptiveRandomForest;Otimizado_33Features;classifier;classifier;classifier;N/A;N/A;N/A;2000;100;57;7600;0,0000;0,0000;0,0000;0,0000;0,0000;0,0000;0;0;0;0
20260614_0117;Consistência_1000;classification;AdaptiveRandomForest;Otimizado_33Features;classifier;classifier;classifier;N/A;N/A;N/A;2000;100;58;7700;0,0000;0,0000;0,0000;0,0000;0,0000;0,0000;0;0;0;0
20260614_0117;Consistência_1000;classification;AdaptiveRandomForest;Otimizado_33Features;classifier;classifier;classifier;N/A;N/A;N/A;2000;100;59;7800;0,0000;0,0000;0,0000;0,0000;0,0000;0,0000;0;0;0;0
20260614_0117;Consistência_1000;classification;AdaptiveRandomForest;Otimizado_33Features;classifier;classifier;classifier;N/A;N/A;N/A;2000;100;60;7900;0,0000;0,0000;0,0000;0,0000;0,0000;0,0000;0;0;0;0
20260614_0117;Consistência_1000;classification;AdaptiveRandomForest;Otimizado_33Features;classifier;classifier;classifier;N/A;N/A;N/A;2000;100;61;8000;0,0000;0,0000;0,0000;0,0000;0,0000;0,0000;0;0;0;0
20260614_0117;Consistência_1000;classification;AdaptiveRandomForest;Otimizado_33Features;classifier;classifier;classifier;N/A;N/A;N/A;2000;100;62;8100;0,0000;0,0000;0,0000;0,0000;0,0000;0,0000;0;0;0;0
20260614_0117;Consistência_1000;classification;AdaptiveRandomForest;Otimizado_33Features;classifier;classifier;classifier;N/A;N/A;N/A;2000;100;63;8200;0,0000;0,0000;0,0000;0,0000;0,0000;0,0000;0;0;0;0
20260614_0117;Consistência_1000;classification;AdaptiveRandomForest;Otimizado_33Features;classifier;classifier;classifier;N/A;N/A;N/A;2000;100;64;8300;0,0000;0,0000;0,0000;0,0000;0,0000;0,0000;0;0;0;0
20260614_0117;Consistência_1000;classification;AdaptiveRandomForest;Otimizado_33Features;classifier;classifier;classifier;N/A;N/A;N/A;2000;100;65;8400;0,0000;0,0000;0,0000;0,0000;0,0000;0,0000;0;0;0;0
20260614_0117;Consistência_1000;classification;AdaptiveRandomForest;Otimizado_33Features;classifier;classifier;classifier;N/A;N/A;N/A;2000;100;66;8500;100,0000;0,0000;100,0000;0,0000;100,0000;0,0000;0;0;0;0
20260614_0117;Consistência_1000;classification;AdaptiveRandomForest;Otimizado_33Features;classifier;classifier;classifier;N/A;N/A;N/A;2000;100;67;8600;98,3240;0,0000;100,0000;0,0000;96,7033;0,0000;0;0;3;0
20260614_0117;Consistência_1000;classification;AdaptiveRandomForest;Otimizado_33Features;classifier;classifier;classifier;N/A;N/A;N/A;2000;100;68;8700;96,8004;0,2137;100,0000;0,0000;93,8000;0,4000;0;0;7;1
20260614_0117;Consistência_1000;classification;AdaptiveRandomForest;Otimizado_33Features;classifier;classifier;classifier;N/A;N/A;N/A;2000;100;69;8800;98,3871;0,0000;100,0000;0,0000;96,8254;0,0000;0;0;2;0
20260614_0117;Consistência_1000;classification;AdaptiveRandomForest;Otimizado_33Features;classifier;classifier;classifier;N/A;N/A;N/A;2000;100;70;8900;98,7621;0,2285;100,0000;0,0000;97,5556;0,4444;0;0;3;1
20260614_0117;Consistência_1000;classification;AdaptiveRandomForest;Otimizado_33Features;classifier;classifier;classifier;N/A;N/A;N/A;2000;100;71;9000;100,0000;0,0000;100,0000;0,0000;100,0000;0,0000;0;0;0;0
20260614_0117;Consistência_1000;classification;AdaptiveRandomForest;Otimizado_33Features;classifier;classifier;classifier;N/A;N/A;N/A;2000;100;72;9100;99,8995;0,2010;100,0000;0,0000;99,8000;0,4000;0;0;1;1
20260614_0117;Consistência_1000;classification;AdaptiveRandomForest;Otimizado_33Features;classifier;classifier;classifier;N/A;N/A;N/A;2000;100;73;9200;99,5855;0,2073;100,0000;0,0000;99,1753;0,4124;0;0;1;1
20260614_0117;Consistência_1000;classification;AdaptiveRandomForest;Otimizado_33Features;classifier;classifier;classifier;N/A;N/A;N/A;2000;100;74;9300;100,0000;0,0000;100,0000;0,0000;100,0000;0,0000;0;0;0;0
20260614_0117;Consistência_1000;classification;AdaptiveRandomForest;Otimizado_33Features;classifier;classifier;classifier;N/A;N/A;N/A;2000;100;75;9400;100,0000;0,0000;100,0000;0,0000;100,0000;0,0000;0;0;0;0
20260614_0117;Consistência_1000;classification;AdaptiveRandomForest;Otimizado_33Features;classifier;classifier;classifier;N/A;N/A;N/A;2000;100;76;9500;100,0000;0,0000;100,0000;0,0000;100,0000;0,0000;0;0;0;0
20260614_0117;Consistência_1000;classification;AdaptiveRandomForest;Otimizado_33Features;classifier;classifier;classifier;N/A;N/A;N/A;2000;100;77;9600;0,0000;0,0000;0,0000;0,0000;0,0000;0,0000;1;1;0;0
20260614_0117;Consistência_1000;classification;AdaptiveRandomForest;Otimizado_33Features;classifier;classifier;classifier;N/A;N/A;N/A;2000;100;78;9700;0,0000;0,0000;0,0000;0,0000;0,0000;0,0000;0;0;0;0
20260614_0117;Consistência_1000;classification;AdaptiveRandomForest;Otimizado_33Features;classifier;classifier;classifier;N/A;N/A;N/A;2000;100;79;9800;0,0000;0,0000;0,0000;0,0000;0,0000;0,0000;0;0;0;0
20260614_0117;Consistência_1000;classification;AdaptiveRandomForest;Otimizado_33Features;classifier;classifier;classifier;N/A;N/A;N/A;2000;100;80;9900;0,0000;0,0000;0,0000;0,0000;0,0000;0,0000;1;1;0;0
20260614_0117;Consistência_1000;classification;AdaptiveRandomForest;Otimizado_33Features;classifier;classifier;classifier;N/A;N/A;N/A;2000;100;81;10000;0,0000;0,0000;0,0000;0,0000;0,0000;0,0000;0;0;0;0
20260614_0117;Consistência_1000;classification;AdaptiveRandomForest;Otimizado_33Features;classifier;classifier;classifier;N/A;N/A;N/A;2000;100;82;10100;0,0000;0,0000;0,0000;0,0000;0,0000;0,0000;1;0;0;0
20260614_0117;Consistência_1000;classification;AdaptiveRandomForest;Otimizado_33Features;classifier;classifier;classifier;N/A;N/A;N/A;2000;100;83;10200;0,0000;0,0000;0,0000;0,0000;0,0000;0,0000;2;1;0;0
20260614_0117;Consistência_1000;classification;AdaptiveRandomForest;Otimizado_33Features;classifier;classifier;classifier;N/A;N/A;N/A;2000;100;84;10300;0,0000;0,0000;0,0000;0,0000;0,0000;0,0000;0;0;0;0
20260614_0117;Consistência_1000;classification;AdaptiveRandomForest;Otimizado_33Features;classifier;classifier;classifier;N/A;N/A;N/A;2000;100;85;10400;0,0000;0,0000;0,0000;0,0000;0,0000;0,0000;0;0;0;0
20260614_0117;Consistência_1000;classification;AdaptiveRandomForest;Otimizado_33Features;classifier;classifier;classifier;N/A;N/A;N/A;2000;100;86;10500;0,0000;0,0000;0,0000;0,0000;0,0000;0,0000;0;0;0;0
20260614_0117;Consistência_1000;classification;AdaptiveRandomForest;Otimizado_33Features;classifier;classifier;classifier;N/A;N/A;N/A;2000;100;87;10600;0,0000;0,0000;0,0000;0,0000;0,0000;0,0000;0;0;0;0
20260614_0117;Consistência_1000;classification;AdaptiveRandomForest;Otimizado_33Features;classifier;classifier;classifier;N/A;N/A;N/A;2000;100;88;10700;0,0000;0,0000;0,0000;0,0000;0,0000;0,0000;1;1;0;0
20260614_0117;Consistência_1000;classification;AdaptiveRandomForest;Otimizado_33Features;classifier;classifier;classifier;N/A;N/A;N/A;2000;100;89;10800;0,0000;0,0000;0,0000;0,0000;0,0000;0,0000;0;0;0;0
20260614_0117;Consistência_1000;classification;AdaptiveRandomForest;Otimizado_33Features;classifier;classifier;classifier;N/A;N/A;N/A;2000;100;90;10900;0,0000;0,0000;0,0000;0,0000;0,0000;0,0000;0;0;0;0
20260614_0117;Consistência_1000;classification;AdaptiveRandomForest;Otimizado_33Features;classifier;classifier;classifier;N/A;N/A;N/A;2000;100;91;11000;0,0000;0,0000;0,0000;0,0000;0,0000;0,0000;0;0;0;0
20260614_0117;Consistência_1000;classification;AdaptiveRandomForest;Otimizado_33Features;classifier;classifier;classifier;N/A;N/A;N/A;2000;100;92;11100;0,0000;0,0000;0,0000;0,0000;0,0000;0,0000;0;0;0;0
20260614_0117;Consistência_1000;classification;AdaptiveRandomForest;Otimizado_33Features;classifier;classifier;classifier;N/A;N/A;N/A;2000;100;93;11200;0,0000;0,0000;0,0000;0,0000;0,0000;0,0000;0;0;0;0
20260614_0117;Consistência_1000;classification;AdaptiveRandomForest;Otimizado_33Features;classifier;classifier;classifier;N/A;N/A;N/A;2000;100;94;11300;0,0000;0,0000;0,0000;0,0000;0,0000;0,0000;0;0;0;0
20260614_0117;Consistência_1000;classification;AdaptiveRandomForest;Otimizado_33Features;classifier;classifier;classifier;N/A;N/A;N/A;2000;100;95;11400;0,0000;0,0000;0,0000;0,0000;0,0000;0,0000;0;0;0;0
20260614_0117;Consistência_1000;classification;AdaptiveRandomForest;Otimizado_33Features;classifier;classifier;classifier;N/A;N/A;N/A;2000;100;96;11500;0,0000;0,0000;0,0000;0,0000;0,0000;0,0000;0;0;0;0
20260614_0117;Consistência_1000;classification;AdaptiveRandomForest;Otimizado_33Features;classifier;classifier;classifier;N/A;N/A;N/A;2000;100;97;11600;0,0000;0,0000;0,0000;0,0000;0,0000;0,0000;1;0;0;0
20260614_0117;Consistência_1000;classification;AdaptiveRandomForest;Otimizado_33Features;classifier;classifier;classifier;N/A;N/A;N/A;2000;100;98;11700;0,0000;0,0000;0,0000;0,0000;0,0000;0,0000;1;0;0;0
20260614_0117;Consistência_1000;classification;AdaptiveRandomForest;Otimizado_33Features;classifier;classifier;classifier;N/A;N/A;N/A;2000;100;99;11800;0,0000;0,0000;0,0000;0,0000;0,0000;0,0000;0;0;0;0
20260614_0117;Consistência_1000;classification;AdaptiveRandomForest;Otimizado_33Features;classifier;classifier;classifier;N/A;N/A;N/A;2000;100;100;11900;0,0000;0,0000;0,0000;0,0000;0,0000;0,0000;0;0;0;0
20260614_0117;Consistência_1000;classification;AdaptiveRandomForest;Otimizado_33Features;classifier;classifier;classifier;N/A;N/A;N/A;2000;100;101;12000;0,0000;0,0000;0,0000;0,0000;0,0000;0,0000;0;0;0;0
20260614_0117;Consistência_1000;classification;AdaptiveRandomForest;Otimizado_33Features;classifier;classifier;classifier;N/A;N/A;N/A;2000;100;102;12100;0,0000;0,0000;0,0000;0,0000;0,0000;0,0000;0;0;0;0
20260614_0117;Consistência_1000;classification;AdaptiveRandomForest;Otimizado_33Features;classifier;classifier;classifier;N/A;N/A;N/A;2000;100;103;12200;0,0000;0,0000;0,0000;0,0000;0,0000;0,0000;0;0;0;0
20260614_0117;Consistência_1000;classification;AdaptiveRandomForest;Otimizado_33Features;classifier;classifier;classifier;N/A;N/A;N/A;2000;100;104;12300;0,0000;0,0000;0,0000;0,0000;0,0000;0,0000;0;0;0;0
20260614_0117;Consistência_1000;classification;AdaptiveRandomForest;Otimizado_33Features;classifier;classifier;classifier;N/A;N/A;N/A;2000;100;105;12400;0,0000;0,0000;0,0000;0,0000;0,0000;0,0000;0;0;0;0
20260614_0117;Consistência_1000;classification;AdaptiveRandomForest;Otimizado_33Features;classifier;classifier;classifier;N/A;N/A;N/A;2000;100;106;12500;0,0000;0,0000;0,0000;0,0000;0,0000;0,0000;0;0;0;0
20260614_0117;Consistência_1000;classification;AdaptiveRandomForest;Otimizado_33Features;classifier;classifier;classifier;N/A;N/A;N/A;2000;100;107;12600;0,0000;0,0000;0,0000;0,0000;0,0000;0,0000;0;0;0;0
20260614_0117;Consistência_1000;classification;AdaptiveRandomForest;Otimizado_33Features;classifier;classifier;classifier;N/A;N/A;N/A;2000;100;108;12700;0,0000;0,0000;0,0000;0,0000;0,0000;0,0000;0;0;0;0
20260614_0117;Consistência_1000;classification;AdaptiveRandomForest;Otimizado_33Features;classifier;classifier;classifier;N/A;N/A;N/A;2000;100;109;12800;0,0000;0,0000;0,0000;0,0000;0,0000;0,0000;0;0;0;0
20260614_0117;Consistência_1000;classification;AdaptiveRandomForest;Otimizado_33Features;classifier;classifier;classifier;N/A;N/A;N/A;2000;100;110;12900;0,0000;0,0000;0,0000;0,0000;0,0000;0,0000;0;0;0;0
20260614_0117;Consistência_1000;classification;AdaptiveRandomForest;Otimizado_33Features;classifier;classifier;classifier;N/A;N/A;N/A;2000;100;111;13000;0,0000;0,0000;0,0000;0,0000;0,0000;0,0000;0;0;0;0
20260614_0117;Consistência_1000;classification;AdaptiveRandomForest;Otimizado_33Features;classifier;classifier;classifier;N/A;N/A;N/A;2000;100;112;13100;0,0000;0,0000;0,0000;0,0000;0,0000;0,0000;1;1;0;0
20260614_0117;Consistência_1000;classification;AdaptiveRandomForest;Otimizado_33Features;classifier;classifier;classifier;N/A;N/A;N/A;2000;100;113;13200;0,0000;0,0000;0,0000;0,0000;0,0000;0,0000;0;0;0;0
20260614_0117;Consistência_1000;classification;AdaptiveRandomForest;Otimizado_33Features;classifier;classifier;classifier;N/A;N/A;N/A;2000;100;114;13300;99,0099;0,0000;100,0000;0,0000;98,0392;0,0000;0;0;1;0
20260614_0117;Consistência_1000;classification;AdaptiveRandomForest;Otimizado_33Features;classifier;classifier;classifier;N/A;N/A;N/A;2000;100;115;13400;100,0000;0,0000;100,0000;0,0000;100,0000;0,0000;0;0;0;0
20260614_0117;Consistência_1000;classification;AdaptiveRandomForest;Otimizado_33Features;classifier;classifier;classifier;N/A;N/A;N/A;2000;100;116;13500;99,4975;0,0000;100,0000;0,0000;99,0000;0,0000;0;0;1;0
20260614_0117;Consistência_1000;classification;AdaptiveRandomForest;Otimizado_33Features;classifier;classifier;classifier;N/A;N/A;N/A;2000;100;117;13600;99,1469;0,2877;100,0000;0,0000;98,3099;0,5634;0;0;2;1
20260614_0117;Consistência_1000;classification;AdaptiveRandomForest;Otimizado_33Features;classifier;classifier;classifier;N/A;N/A;N/A;2000;100;118;13700;100,0000;0,0000;100,0000;0,0000;100,0000;0,0000;0;0;0;0
20260614_0117;Consistência_1000;classification;AdaptiveRandomForest;Otimizado_33Features;classifier;classifier;classifier;N/A;N/A;N/A;2000;100;119;13800;99,1489;0,4298;100,0000;0,0000;98,3158;0,8421;0;0;2;1
20260614_0117;Consistência_1000;classification;AdaptiveRandomForest;Otimizado_33Features;classifier;classifier;classifier;N/A;N/A;N/A;2000;100;120;13900;100,0000;0,0000;100,0000;0,0000;100,0000;0,0000;0;0;0;0
20260614_0117;Consistência_1000;classification;AdaptiveRandomForest;Otimizado_33Features;classifier;classifier;classifier;N/A;N/A;N/A;2000;100;121;14000;100,0000;0,0000;100,0000;0,0000;100,0000;0,0000;0;0;0;0
20260614_0117;Consistência_1000;classification;AdaptiveRandomForest;Otimizado_33Features;classifier;classifier;classifier;N/A;N/A;N/A;2000;100;122;14100;100,0000;0,0000;100,0000;0,0000;100,0000;0,0000;0;0;0;0
20260614_0117;Consistência_1000;classification;AdaptiveRandomForest;Otimizado_33Features;classifier;classifier;classifier;N/A;N/A;N/A;2000;100;123;14200;100,0000;0,0000;100,0000;0,0000;100,0000;0,0000;0;0;0;0
20260614_0117;Consistência_1000;classification;AdaptiveRandomForest;Otimizado_33Features;classifier;classifier;classifier;N/A;N/A;N/A;2000;100;124;14300;100,0000;0,0000;100,0000;0,0000;100,0000;0,0000;0;0;0;0
20260614_0117;Consistência_1000;classification;AdaptiveRandomForest;Otimizado_33Features;classifier;classifier;classifier;N/A;N/A;N/A;2000;100;125;14400;0,0000;0,0000;0,0000;0,0000;0,0000;0,0000;0;0;0;0
20260614_0117;Consistência_1000;classification;AdaptiveRandomForest;Otimizado_33Features;classifier;classifier;classifier;N/A;N/A;N/A;2000;100;126;14500;0,0000;0,0000;0,0000;0,0000;0,0000;0,0000;0;0;0;0
20260614_0117;Consistência_1000;classification;AdaptiveRandomForest;Otimizado_33Features;classifier;classifier;classifier;N/A;N/A;N/A;2000;100;127;14600;0,0000;0,0000;0,0000;0,0000;0,0000;0,0000;0;0;0;0
20260614_0117;Consistência_1000;classification;AdaptiveRandomForest;Otimizado_33Features;classifier;classifier;classifier;N/A;N/A;N/A;2000;100;128;14700;0,0000;0,0000;0,0000;0,0000;0,0000;0,0000;0;0;0;0
20260614_0117;Consistência_1000;classification;AdaptiveRandomForest;Otimizado_33Features;classifier;classifier;classifier;N/A;N/A;N/A;2000;100;129;14800;0,0000;0,0000;0,0000;0,0000;0,0000;0,0000;1;1;0;0
20260614_0117;Consistência_1000;classification;AdaptiveRandomForest;Otimizado_33Features;classifier;classifier;classifier;N/A;N/A;N/A;2000;100;130;14900;0,0000;0,0000;0,0000;0,0000;0,0000;0,0000;0;0;0;0
20260614_0117;Consistência_1000;classification;AdaptiveRandomForest;Otimizado_33Features;classifier;classifier;classifier;N/A;N/A;N/A;2000;100;131;15000;0,0000;0,0000;0,0000;0,0000;0,0000;0,0000;0;0;0;0
20260614_0117;Consistência_1000;classification;AdaptiveRandomForest;Otimizado_33Features;classifier;classifier;classifier;N/A;N/A;N/A;2000;100;132;15100;0,0000;0,0000;0,0000;0,0000;0,0000;0,0000;0;0;0;0
20260614_0117;Consistência_1000;classification;AdaptiveRandomForest;Otimizado_33Features;classifier;classifier;classifier;N/A;N/A;N/A;2000;100;133;15200;0,0000;0,0000;0,0000;0,0000;0,0000;0,0000;0;0;0;0
20260614_0117;Consistência_1000;classification;AdaptiveRandomForest;Otimizado_33Features;classifier;classifier;classifier;N/A;N/A;N/A;2000;100;134;15300;0,0000;0,0000;0,0000;0,0000;0,0000;0,0000;0;0;0;0
20260614_0117;Consistência_1000;classification;AdaptiveRandomForest;Otimizado_33Features;classifier;classifier;classifier;N/A;N/A;N/A;2000;100;135;15400;0,0000;0,0000;0,0000;0,0000;0,0000;0,0000;0;0;0;0
20260614_0117;Consistência_1000;classification;AdaptiveRandomForest;Otimizado_33Features;classifier;classifier;classifier;N/A;N/A;N/A;2000;100;136;15500;0,0000;0,0000;0,0000;0,0000;0,0000;0,0000;0;0;0;0
20260614_0117;Consistência_1000;classification;AdaptiveRandomForest;Otimizado_33Features;classifier;classifier;classifier;N/A;N/A;N/A;2000;100;137;15600;0,0000;0,0000;0,0000;0,0000;0,0000;0,0000;0;0;0;0
20260614_0117;Consistência_1000;classification;AdaptiveRandomForest;Otimizado_33Features;classifier;classifier;classifier;N/A;N/A;N/A;2000;100;138;15700;0,0000;0,0000;0,0000;0,0000;0,0000;0,0000;0;0;0;0
20260614_0117;Consistência_1000;classification;AdaptiveRandomForest;Otimizado_33Features;classifier;classifier;classifier;N/A;N/A;N/A;2000;100;139;15800;0,0000;0,0000;0,0000;0,0000;0,0000;0,0000;0;0;0;0
20260614_0117;Consistência_1000;classification;AdaptiveRandomForest;Otimizado_33Features;classifier;classifier;classifier;N/A;N/A;N/A;2000;100;140;15900;0,0000;0,0000;0,0000;0,0000;0,0000;0,0000;0;0;0;0
20260614_0117;Consistência_1000;classification;AdaptiveRandomForest;Otimizado_33Features;classifier;classifier;classifier;N/A;N/A;N/A;2000;100;141;16000;0,0000;0,0000;0,0000;0,0000;0,0000;0,0000;0;0;0;0
20260614_0117;Consistência_1000;classification;AdaptiveRandomForest;Otimizado_33Features;classifier;classifier;classifier;N/A;N/A;N/A;2000;100;142;16100;0,0000;0,0000;0,0000;0,0000;0,0000;0,0000;0;0;0;0
20260614_0117;Consistência_1000;classification;AdaptiveRandomForest;Otimizado_33Features;classifier;classifier;classifier;N/A;N/A;N/A;2000;100;143;16200;0,0000;0,0000;0,0000;0,0000;0,0000;0,0000;0;0;0;0
20260614_0117;Consistência_1000;classification;AdaptiveRandomForest;Otimizado_33Features;classifier;classifier;classifier;N/A;N/A;N/A;2000;100;144;16300;0,0000;0,0000;0,0000;0,0000;0,0000;0,0000;0;0;0;0
20260614_0117;Consistência_1000;classification;AdaptiveRandomForest;Otimizado_33Features;classifier;classifier;classifier;N/A;N/A;N/A;2000;100;145;16400;0,0000;0,0000;0,0000;0,0000;0,0000;0,0000;0;0;0;0
20260614_0117;Consistência_1000;classification;AdaptiveRandomForest;Otimizado_33Features;classifier;classifier;classifier;N/A;N/A;N/A;2000;100;146;16500;0,0000;0,0000;0,0000;0,0000;0,0000;0,0000;0;0;0;0
20260614_0117;Consistência_1000;classification;AdaptiveRandomForest;Otimizado_33Features;classifier;classifier;classifier;N/A;N/A;N/A;2000;100;147;16600;0,0000;0,0000;0,0000;0,0000;0,0000;0,0000;0;0;0;0
20260614_0117;Consistência_1000;classification;AdaptiveRandomForest;Otimizado_33Features;classifier;classifier;classifier;N/A;N/A;N/A;2000;100;148;16700;0,0000;0,0000;0,0000;0,0000;0,0000;0,0000;0;0;0;0
20260614_0117;Consistência_1000;classification;AdaptiveRandomForest;Otimizado_33Features;classifier;classifier;classifier;N/A;N/A;N/A;2000;100;149;16800;0,0000;0,0000;0,0000;0,0000;0,0000;0,0000;0;0;0;0
20260614_0117;Consistência_1000;classification;AdaptiveRandomForest;Otimizado_33Features;classifier;classifier;classifier;N/A;N/A;N/A;2000;100;150;16900;0,0000;0,0000;0,0000;0,0000;0,0000;0,0000;0;0;0;0
20260614_0117;Consistência_1000;classification;AdaptiveRandomForest;Otimizado_33Features;classifier;classifier;classifier;N/A;N/A;N/A;2000;100;151;17000;0,0000;0,0000;0,0000;0,0000;0,0000;0,0000;0;0;0;0
20260614_0117;Consistência_1000;classification;AdaptiveRandomForest;Otimizado_33Features;classifier;classifier;classifier;N/A;N/A;N/A;2000;100;152;17100;0,0000;0,0000;0,0000;0,0000;0,0000;0,0000;0;0;0;0
20260614_0117;Consistência_1000;classification;AdaptiveRandomForest;Otimizado_33Features;classifier;classifier;classifier;N/A;N/A;N/A;2000;100;153;17200;0,0000;0,0000;0,0000;0,0000;0,0000;0,0000;0;0;0;0
20260614_0117;Consistência_1000;classification;AdaptiveRandomForest;Otimizado_33Features;classifier;classifier;classifier;N/A;N/A;N/A;2000;100;154;17300;0,0000;0,0000;0,0000;0,0000;0,0000;0,0000;0;0;0;0
20260614_0117;Consistência_1000;classification;AdaptiveRandomForest;Otimizado_33Features;classifier;classifier;classifier;N/A;N/A;N/A;2000;100;155;17400;0,0000;0,0000;0,0000;0,0000;0,0000;0,0000;0;0;0;0
20260614_0117;Consistência_1000;classification;AdaptiveRandomForest;Otimizado_33Features;classifier;classifier;classifier;N/A;N/A;N/A;2000;100;156;17500;0,0000;0,0000;0,0000;0,0000;0,0000;0,0000;0;0;0;0
20260614_0117;Consistência_1000;classification;AdaptiveRandomForest;Otimizado_33Features;classifier;classifier;classifier;N/A;N/A;N/A;2000;100;157;17600;0,0000;0,0000;0,0000;0,0000;0,0000;0,0000;0;0;0;0
20260614_0117;Consistência_1000;classification;AdaptiveRandomForest;Otimizado_33Features;classifier;classifier;classifier;N/A;N/A;N/A;2000;100;158;17700;0,0000;0,0000;0,0000;0,0000;0,0000;0,0000;0;0;0;0
20260614_0117;Consistência_1000;classification;AdaptiveRandomForest;Otimizado_33Features;classifier;classifier;classifier;N/A;N/A;N/A;2000;100;159;17800;0,0000;0,0000;0,0000;0,0000;0,0000;0,0000;0;0;0;0
20260614_0117;Consistência_1000;classification;AdaptiveRandomForest;Otimizado_33Features;classifier;classifier;classifier;N/A;N/A;N/A;2000;100;160;17900;0,0000;0,0000;0,0000;0,0000;0,0000;0,0000;0;0;0;0
