Exec_ID;Dataset;Task_Type;Model;Scenario;Strategy;Threshold_Strategy;Decision_Strategy;Decision_Window;Persistence_K;Persistence_N;Warmup;Window_Size;Window_Index;Instance;F1_avg;F1_std;Prec_avg;Prec_std;Rec_avg;Rec_std;FP_avg;FP_std;FN_avg;FN_std
20260611_1518;Consistência_25;classification;AdaptiveRandomForest;Otimizado_FullFeatures;classifier;classifier;classifier;N/A;N/A;N/A;2000;100;1;2000;0,0000;0,0000;0,0000;0,0000;0,0000;0,0000;0;0;0;0
20260611_1518;Consistência_25;classification;AdaptiveRandomForest;Otimizado_FullFeatures;classifier;classifier;classifier;N/A;N/A;N/A;2000;100;2;2100;0,0000;0,0000;0,0000;0,0000;0,0000;0,0000;0;0;0;0
20260611_1518;Consistência_25;classification;AdaptiveRandomForest;Otimizado_FullFeatures;classifier;classifier;classifier;N/A;N/A;N/A;2000;100;3;2200;0,0000;0,0000;0,0000;0,0000;0,0000;0,0000;0;0;0;0
20260611_1518;Consistência_25;classification;AdaptiveRandomForest;Otimizado_FullFeatures;classifier;classifier;classifier;N/A;N/A;N/A;2000;100;4;2300;0,0000;0,0000;0,0000;0,0000;0,0000;0,0000;0;0;0;0
20260611_1518;Consistência_25;classification;AdaptiveRandomForest;Otimizado_FullFeatures;classifier;classifier;classifier;N/A;N/A;N/A;2000;100;5;2400;0,0000;0,0000;0,0000;0,0000;0,0000;0,0000;0;0;0;0
20260611_1518;Consistência_25;classification;AdaptiveRandomForest;Otimizado_FullFeatures;classifier;classifier;classifier;N/A;N/A;N/A;2000;100;6;2500;0,0000;0,0000;0,0000;0,0000;0,0000;0,0000;0;0;0;0
20260611_1518;Consistência_25;classification;AdaptiveRandomForest;Otimizado_FullFeatures;classifier;classifier;classifier;N/A;N/A;N/A;2000;100;7;2600;0,0000;0,0000;0,0000;0,0000;0,0000;0,0000;0;0;0;0
20260611_1518;Consistência_25;classification;AdaptiveRandomForest;Otimizado_FullFeatures;classifier;classifier;classifier;N/A;N/A;N/A;2000;100;8;2700;0,0000;0,0000;0,0000;0,0000;0,0000;0,0000;0;0;0;0
20260611_1518;Consistência_25;classification;AdaptiveRandomForest;Otimizado_FullFeatures;classifier;classifier;classifier;N/A;N/A;N/A;2000;100;9;2800;0,0000;0,0000;0,0000;0,0000;0,0000;0,0000;0;0;0;0
20260611_1518;Consistência_25;classification;AdaptiveRandomForest;Otimizado_FullFeatures;classifier;classifier;classifier;N/A;N/A;N/A;2000;100;10;2900;0,0000;0,0000;0,0000;0,0000;0,0000;0,0000;0;0;0;0
20260611_1518;Consistência_25;classification;AdaptiveRandomForest;Otimizado_FullFeatures;classifier;classifier;classifier;N/A;N/A;N/A;2000;100;11;3000;0,0000;0,0000;0,0000;0,0000;0,0000;0,0000;0;0;0;0
20260611_1518;Consistência_25;classification;AdaptiveRandomForest;Otimizado_FullFeatures;classifier;classifier;classifier;N/A;N/A;N/A;2000;100;12;3100;0,0000;0,0000;0,0000;0,0000;0,0000;0,0000;0;0;0;0
20260611_1518;Consistência_25;classification;AdaptiveRandomForest;Otimizado_FullFeatures;classifier;classifier;classifier;N/A;N/A;N/A;2000;100;13;3200;0,0000;0,0000;0,0000;0,0000;0,0000;0,0000;0;0;0;0
20260611_1518;Consistência_25;classification;AdaptiveRandomForest;Otimizado_FullFeatures;classifier;classifier;classifier;N/A;N/A;N/A;2000;100;14;3300;0,0000;0,0000;0,0000;0,0000;0,0000;0,0000;0;0;0;0
20260611_1518;Consistência_25;classification;AdaptiveRandomForest;Otimizado_FullFeatures;classifier;classifier;classifier;N/A;N/A;N/A;2000;100;15;3400;0,0000;0,0000;0,0000;0,0000;0,0000;0,0000;0;0;0;0
20260611_1518;Consistência_25;classification;AdaptiveRandomForest;Otimizado_FullFeatures;classifier;classifier;classifier;N/A;N/A;N/A;2000;100;16;3500;0,0000;0,0000;0,0000;0,0000;0,0000;0,0000;0;0;0;0
20260611_1518;Consistência_25;classification;AdaptiveRandomForest;Otimizado_FullFeatures;classifier;classifier;classifier;N/A;N/A;N/A;2000;100;17;3600;0,0000;0,0000;0,0000;0,0000;0,0000;0,0000;0;0;0;0
20260611_1518;Consistência_25;classification;AdaptiveRandomForest;Otimizado_FullFeatures;classifier;classifier;classifier;N/A;N/A;N/A;2000;100;18;3700;0,0000;0,0000;0,0000;0,0000;0,0000;0,0000;0;0;0;0
20260611_1518;Consistência_25;classification;AdaptiveRandomForest;Otimizado_FullFeatures;classifier;classifier;classifier;N/A;N/A;N/A;2000;100;19;3800;91,3043;0,0000;100,0000;0,0000;84,0000;0,0000;0;0;4;0
20260611_1518;Consistência_25;classification;AdaptiveRandomForest;Otimizado_FullFeatures;classifier;classifier;classifier;N/A;N/A;N/A;2000;100;20;3900;0,0000;0,0000;0,0000;0,0000;0,0000;0,0000;1;1;0;0
20260611_1518;Consistência_25;classification;AdaptiveRandomForest;Otimizado_FullFeatures;classifier;classifier;classifier;N/A;N/A;N/A;2000;100;21;4000;0,0000;0,0000;0,0000;0,0000;0,0000;0,0000;0;0;0;0
20260611_1518;Consistência_25;classification;AdaptiveRandomForest;Otimizado_FullFeatures;classifier;classifier;classifier;N/A;N/A;N/A;2000;100;22;4100;0,0000;0,0000;0,0000;0,0000;0,0000;0,0000;0;0;0;0
20260611_1518;Consistência_25;classification;AdaptiveRandomForest;Otimizado_FullFeatures;classifier;classifier;classifier;N/A;N/A;N/A;2000;100;23;4200;0,0000;0,0000;0,0000;0,0000;0,0000;0,0000;0;0;0;0
20260611_1518;Consistência_25;classification;AdaptiveRandomForest;Otimizado_FullFeatures;classifier;classifier;classifier;N/A;N/A;N/A;2000;100;24;4300;0,0000;0,0000;0,0000;0,0000;0,0000;0,0000;0;0;0;0
20260611_1518;Consistência_25;classification;AdaptiveRandomForest;Otimizado_FullFeatures;classifier;classifier;classifier;N/A;N/A;N/A;2000;100;25;4400;0,0000;0,0000;0,0000;0,0000;0,0000;0,0000;0;0;0;0
20260611_1518;Consistência_25;classification;AdaptiveRandomForest;Otimizado_FullFeatures;classifier;classifier;classifier;N/A;N/A;N/A;2000;100;26;4500;0,0000;0,0000;0,0000;0,0000;0,0000;0,0000;0;0;0;0
20260611_1518;Consistência_25;classification;AdaptiveRandomForest;Otimizado_FullFeatures;classifier;classifier;classifier;N/A;N/A;N/A;2000;100;27;4600;0,0000;0,0000;0,0000;0,0000;0,0000;0,0000;1;1;0;0
20260611_1518;Consistência_25;classification;AdaptiveRandomForest;Otimizado_FullFeatures;classifier;classifier;classifier;N/A;N/A;N/A;2000;100;28;4700;0,0000;0,0000;0,0000;0,0000;0,0000;0,0000;0;0;0;0
20260611_1518;Consistência_25;classification;AdaptiveRandomForest;Otimizado_FullFeatures;classifier;classifier;classifier;N/A;N/A;N/A;2000;100;29;4800;0,0000;0,0000;0,0000;0,0000;0,0000;0,0000;0;0;0;0
20260611_1518;Consistência_25;classification;AdaptiveRandomForest;Otimizado_FullFeatures;classifier;classifier;classifier;N/A;N/A;N/A;2000;100;30;4900;0,0000;0,0000;0,0000;0,0000;0,0000;0,0000;0;0;0;0
20260611_1518;Consistência_25;classification;AdaptiveRandomForest;Otimizado_FullFeatures;classifier;classifier;classifier;N/A;N/A;N/A;2000;100;31;5000;0,0000;0,0000;0,0000;0,0000;0,0000;0,0000;0;0;0;0
20260611_1518;Consistência_25;classification;AdaptiveRandomForest;Otimizado_FullFeatures;classifier;classifier;classifier;N/A;N/A;N/A;2000;100;32;5100;0,0000;0,0000;0,0000;0,0000;0,0000;0,0000;0;0;0;0
20260611_1518;Consistência_25;classification;AdaptiveRandomForest;Otimizado_FullFeatures;classifier;classifier;classifier;N/A;N/A;N/A;2000;100;33;5200;0,0000;0,0000;0,0000;0,0000;0,0000;0,0000;0;0;0;0
20260611_1518;Consistência_25;classification;AdaptiveRandomForest;Otimizado_FullFeatures;classifier;classifier;classifier;N/A;N/A;N/A;2000;100;34;5300;0,0000;0,0000;0,0000;0,0000;0,0000;0,0000;0;0;0;0
20260611_1518;Consistência_25;classification;AdaptiveRandomForest;Otimizado_FullFeatures;classifier;classifier;classifier;N/A;N/A;N/A;2000;100;35;5400;0,0000;0,0000;0,0000;0,0000;0,0000;0,0000;0;0;0;0
20260611_1518;Consistência_25;classification;AdaptiveRandomForest;Otimizado_FullFeatures;classifier;classifier;classifier;N/A;N/A;N/A;2000;100;36;5500;0,0000;0,0000;0,0000;0,0000;0,0000;0,0000;0;0;0;0
20260611_1518;Consistência_25;classification;AdaptiveRandomForest;Otimizado_FullFeatures;classifier;classifier;classifier;N/A;N/A;N/A;2000;100;37;5600;0,0000;0,0000;0,0000;0,0000;0,0000;0,0000;0;0;0;0
20260611_1518;Consistência_25;classification;AdaptiveRandomForest;Otimizado_FullFeatures;classifier;classifier;classifier;N/A;N/A;N/A;2000;100;38;5700;0,0000;0,0000;0,0000;0,0000;0,0000;0,0000;0;0;0;0
20260611_1518;Consistência_25;classification;AdaptiveRandomForest;Otimizado_FullFeatures;classifier;classifier;classifier;N/A;N/A;N/A;2000;100;39;5800;0,0000;0,0000;0,0000;0,0000;0,0000;0,0000;0;0;0;0
20260611_1518;Consistência_25;classification;AdaptiveRandomForest;Otimizado_FullFeatures;classifier;classifier;classifier;N/A;N/A;N/A;2000;100;40;5900;0,0000;0,0000;0,0000;0,0000;0,0000;0,0000;0;0;0;0
20260611_1518;Consistência_25;classification;AdaptiveRandomForest;Otimizado_FullFeatures;classifier;classifier;classifier;N/A;N/A;N/A;2000;100;41;6000;0,0000;0,0000;0,0000;0,0000;0,0000;0,0000;0;0;0;0
20260611_1518;Consistência_25;classification;AdaptiveRandomForest;Otimizado_FullFeatures;classifier;classifier;classifier;N/A;N/A;N/A;2000;100;42;6100;0,0000;0,0000;0,0000;0,0000;0,0000;0,0000;0;0;0;0
20260611_1518;Consistência_25;classification;AdaptiveRandomForest;Otimizado_FullFeatures;classifier;classifier;classifier;N/A;N/A;N/A;2000;100;43;6200;0,0000;0,0000;0,0000;0,0000;0,0000;0,0000;0;0;0;0
20260611_1518;Consistência_25;classification;AdaptiveRandomForest;Otimizado_FullFeatures;classifier;classifier;classifier;N/A;N/A;N/A;2000;100;44;6300;0,0000;0,0000;0,0000;0,0000;0,0000;0,0000;0;0;0;0
20260611_1518;Consistência_25;classification;AdaptiveRandomForest;Otimizado_FullFeatures;classifier;classifier;classifier;N/A;N/A;N/A;2000;100;45;6400;0,0000;0,0000;0,0000;0,0000;0,0000;0,0000;0;0;0;0
20260611_1518;Consistência_25;classification;AdaptiveRandomForest;Otimizado_FullFeatures;classifier;classifier;classifier;N/A;N/A;N/A;2000;100;46;6500;0,0000;0,0000;0,0000;0,0000;0,0000;0,0000;0;0;0;0
20260611_1518;Consistência_25;classification;AdaptiveRandomForest;Otimizado_FullFeatures;classifier;classifier;classifier;N/A;N/A;N/A;2000;100;47;6600;0,0000;0,0000;0,0000;0,0000;0,0000;0,0000;0;0;0;0
20260611_1518;Consistência_25;classification;AdaptiveRandomForest;Otimizado_FullFeatures;classifier;classifier;classifier;N/A;N/A;N/A;2000;100;48;6700;0,0000;0,0000;0,0000;0,0000;0,0000;0,0000;0;0;0;0
20260611_1518;Consistência_25;classification;AdaptiveRandomForest;Otimizado_FullFeatures;classifier;classifier;classifier;N/A;N/A;N/A;2000;100;49;6800;0,0000;0,0000;0,0000;0,0000;0,0000;0,0000;0;0;0;0
20260611_1518;Consistência_25;classification;AdaptiveRandomForest;Otimizado_FullFeatures;classifier;classifier;classifier;N/A;N/A;N/A;2000;100;50;6900;0,0000;0,0000;0,0000;0,0000;0,0000;0,0000;0;0;0;0
20260611_1518;Consistência_25;classification;AdaptiveRandomForest;Otimizado_FullFeatures;classifier;classifier;classifier;N/A;N/A;N/A;2000;100;51;7000;0,0000;0,0000;0,0000;0,0000;0,0000;0,0000;0;0;0;0
20260611_1518;Consistência_25;classification;AdaptiveRandomForest;Otimizado_FullFeatures;classifier;classifier;classifier;N/A;N/A;N/A;2000;100;52;7100;0,0000;0,0000;0,0000;0,0000;0,0000;0,0000;0;0;0;0
20260611_1518;Consistência_25;classification;AdaptiveRandomForest;Otimizado_FullFeatures;classifier;classifier;classifier;N/A;N/A;N/A;2000;100;53;7200;0,0000;0,0000;0,0000;0,0000;0,0000;0,0000;0;0;0;0
20260611_1518;Consistência_25;classification;AdaptiveRandomForest;Otimizado_FullFeatures;classifier;classifier;classifier;N/A;N/A;N/A;2000;100;54;7300;0,0000;0,0000;0,0000;0,0000;0,0000;0,0000;0;0;0;0
20260611_1518;Consistência_25;classification;AdaptiveRandomForest;Otimizado_FullFeatures;classifier;classifier;classifier;N/A;N/A;N/A;2000;100;55;7400;0,0000;0,0000;0,0000;0,0000;0,0000;0,0000;0;0;0;0
20260611_1518;Consistência_25;classification;AdaptiveRandomForest;Otimizado_FullFeatures;classifier;classifier;classifier;N/A;N/A;N/A;2000;100;56;7500;0,0000;0,0000;0,0000;0,0000;0,0000;0,0000;0;0;0;0
20260611_1518;Consistência_25;classification;AdaptiveRandomForest;Otimizado_FullFeatures;classifier;classifier;classifier;N/A;N/A;N/A;2000;100;57;7600;97,3131;0,9293;100,0000;0,0000;94,7826;1,7391;0;0;2;1
20260611_1518;Consistência_25;classification;AdaptiveRandomForest;Otimizado_FullFeatures;classifier;classifier;classifier;N/A;N/A;N/A;2000;100;58;7700;0,0000;0,0000;0,0000;0,0000;0,0000;0,0000;0;0;0;0
20260611_1518;Consistência_25;classification;AdaptiveRandomForest;Otimizado_FullFeatures;classifier;classifier;classifier;N/A;N/A;N/A;2000;100;59;7800;0,0000;0,0000;0,0000;0,0000;0,0000;0,0000;0;0;0;0
20260611_1518;Consistência_25;classification;AdaptiveRandomForest;Otimizado_FullFeatures;classifier;classifier;classifier;N/A;N/A;N/A;2000;100;60;7900;0,0000;0,0000;0,0000;0,0000;0,0000;0,0000;0;0;0;0
20260611_1518;Consistência_25;classification;AdaptiveRandomForest;Otimizado_FullFeatures;classifier;classifier;classifier;N/A;N/A;N/A;2000;100;61;8000;0,0000;0,0000;0,0000;0,0000;0,0000;0,0000;0;0;0;0
20260611_1518;Consistência_25;classification;AdaptiveRandomForest;Otimizado_FullFeatures;classifier;classifier;classifier;N/A;N/A;N/A;2000;100;62;8100;0,0000;0,0000;0,0000;0,0000;0,0000;0,0000;0;0;0;0
20260611_1518;Consistência_25;classification;AdaptiveRandomForest;Otimizado_FullFeatures;classifier;classifier;classifier;N/A;N/A;N/A;2000;100;63;8200;0,0000;0,0000;0,0000;0,0000;0,0000;0,0000;0;0;0;0
20260611_1518;Consistência_25;classification;AdaptiveRandomForest;Otimizado_FullFeatures;classifier;classifier;classifier;N/A;N/A;N/A;2000;100;64;8300;0,0000;0,0000;0,0000;0,0000;0,0000;0,0000;0;0;0;0
20260611_1518;Consistência_25;classification;AdaptiveRandomForest;Otimizado_FullFeatures;classifier;classifier;classifier;N/A;N/A;N/A;2000;100;65;8400;0,0000;0,0000;0,0000;0,0000;0,0000;0,0000;0;0;0;0
20260611_1518;Consistência_25;classification;AdaptiveRandomForest;Otimizado_FullFeatures;classifier;classifier;classifier;N/A;N/A;N/A;2000;100;66;8500;0,0000;0,0000;0,0000;0,0000;0,0000;0,0000;0;0;0;0
20260611_1518;Consistência_25;classification;AdaptiveRandomForest;Otimizado_FullFeatures;classifier;classifier;classifier;N/A;N/A;N/A;2000;100;67;8600;0,0000;0,0000;0,0000;0,0000;0,0000;0,0000;0;0;0;0
20260611_1518;Consistência_25;classification;AdaptiveRandomForest;Otimizado_FullFeatures;classifier;classifier;classifier;N/A;N/A;N/A;2000;100;68;8700;0,0000;0,0000;0,0000;0,0000;0,0000;0,0000;0;0;0;0
20260611_1518;Consistência_25;classification;AdaptiveRandomForest;Otimizado_FullFeatures;classifier;classifier;classifier;N/A;N/A;N/A;2000;100;69;8800;0,0000;0,0000;0,0000;0,0000;0,0000;0,0000;0;0;0;0
20260611_1518;Consistência_25;classification;AdaptiveRandomForest;Otimizado_FullFeatures;classifier;classifier;classifier;N/A;N/A;N/A;2000;100;70;8900;0,0000;0,0000;0,0000;0,0000;0,0000;0,0000;0;0;0;0
20260611_1518;Consistência_25;classification;AdaptiveRandomForest;Otimizado_FullFeatures;classifier;classifier;classifier;N/A;N/A;N/A;2000;100;71;9000;0,0000;0,0000;0,0000;0,0000;0,0000;0,0000;0;0;0;0
20260611_1518;Consistência_25;classification;AdaptiveRandomForest;Otimizado_FullFeatures;classifier;classifier;classifier;N/A;N/A;N/A;2000;100;72;9100;0,0000;0,0000;0,0000;0,0000;0,0000;0,0000;0;0;0;0
20260611_1518;Consistência_25;classification;AdaptiveRandomForest;Otimizado_FullFeatures;classifier;classifier;classifier;N/A;N/A;N/A;2000;100;73;9200;0,0000;0,0000;0,0000;0,0000;0,0000;0,0000;0;0;0;0
20260611_1518;Consistência_25;classification;AdaptiveRandomForest;Otimizado_FullFeatures;classifier;classifier;classifier;N/A;N/A;N/A;2000;100;74;9300;0,0000;0,0000;0,0000;0,0000;0,0000;0,0000;0;0;0;0
20260611_1518;Consistência_25;classification;AdaptiveRandomForest;Otimizado_FullFeatures;classifier;classifier;classifier;N/A;N/A;N/A;2000;100;75;9400;0,0000;0,0000;0,0000;0,0000;0,0000;0,0000;0;0;0;0
20260611_1518;Consistência_25;classification;AdaptiveRandomForest;Otimizado_FullFeatures;classifier;classifier;classifier;N/A;N/A;N/A;2000;100;76;9500;0,0000;0,0000;0,0000;0,0000;0,0000;0,0000;0;0;0;0
20260611_1518;Consistência_25;classification;AdaptiveRandomForest;Otimizado_FullFeatures;classifier;classifier;classifier;N/A;N/A;N/A;2000;100;77;9600;0,0000;0,0000;0,0000;0,0000;0,0000;0,0000;0;0;0;0
20260611_1518;Consistência_25;classification;AdaptiveRandomForest;Otimizado_FullFeatures;classifier;classifier;classifier;N/A;N/A;N/A;2000;100;78;9700;0,0000;0,0000;0,0000;0,0000;0,0000;0,0000;0;0;0;0
20260611_1518;Consistência_25;classification;AdaptiveRandomForest;Otimizado_FullFeatures;classifier;classifier;classifier;N/A;N/A;N/A;2000;100;79;9800;0,0000;0,0000;0,0000;0,0000;0,0000;0,0000;0;0;0;0
20260611_1518;Consistência_25;classification;AdaptiveRandomForest;Otimizado_FullFeatures;classifier;classifier;classifier;N/A;N/A;N/A;2000;100;80;9900;0,0000;0,0000;0,0000;0,0000;0,0000;0,0000;0;0;0;0
20260611_1518;Consistência_25;classification;AdaptiveRandomForest;Otimizado_FullFeatures;classifier;classifier;classifier;N/A;N/A;N/A;2000;100;81;10000;0,0000;0,0000;0,0000;0,0000;0,0000;0,0000;0;0;0;0
20260611_1518;Consistência_25;classification;AdaptiveRandomForest;Otimizado_FullFeatures;classifier;classifier;classifier;N/A;N/A;N/A;2000;100;82;10100;0,0000;0,0000;0,0000;0,0000;0,0000;0,0000;0;0;0;0
20260611_1518;Consistência_25;classification;AdaptiveRandomForest;Otimizado_FullFeatures;classifier;classifier;classifier;N/A;N/A;N/A;2000;100;83;10200;0,0000;0,0000;0,0000;0,0000;0,0000;0,0000;0;0;0;0
20260611_1518;Consistência_25;classification;AdaptiveRandomForest;Otimizado_FullFeatures;classifier;classifier;classifier;N/A;N/A;N/A;2000;100;84;10300;0,0000;0,0000;0,0000;0,0000;0,0000;0,0000;0;0;0;0
20260611_1518;Consistência_25;classification;AdaptiveRandomForest;Otimizado_FullFeatures;classifier;classifier;classifier;N/A;N/A;N/A;2000;100;85;10400;0,0000;0,0000;0,0000;0,0000;0,0000;0,0000;0;0;0;0
20260611_1518;Consistência_25;classification;AdaptiveRandomForest;Otimizado_FullFeatures;classifier;classifier;classifier;N/A;N/A;N/A;2000;100;86;10500;0,0000;0,0000;0,0000;0,0000;0,0000;0,0000;0;0;0;0
20260611_1518;Consistência_25;classification;AdaptiveRandomForest;Otimizado_FullFeatures;classifier;classifier;classifier;N/A;N/A;N/A;2000;100;87;10600;0,0000;0,0000;0,0000;0,0000;0,0000;0,0000;0;0;0;0
20260611_1518;Consistência_25;classification;AdaptiveRandomForest;Otimizado_FullFeatures;classifier;classifier;classifier;N/A;N/A;N/A;2000;100;88;10700;0,0000;0,0000;0,0000;0,0000;0,0000;0,0000;0;0;0;0
20260611_1518;Consistência_25;classification;AdaptiveRandomForest;Otimizado_FullFeatures;classifier;classifier;classifier;N/A;N/A;N/A;2000;100;89;10800;0,0000;0,0000;0,0000;0,0000;0,0000;0,0000;0;0;0;0
20260611_1518;Consistência_25;classification;AdaptiveRandomForest;Otimizado_FullFeatures;classifier;classifier;classifier;N/A;N/A;N/A;2000;100;90;10900;0,0000;0,0000;0,0000;0,0000;0,0000;0,0000;0;0;0;0
20260611_1518;Consistência_25;classification;AdaptiveRandomForest;Otimizado_FullFeatures;classifier;classifier;classifier;N/A;N/A;N/A;2000;100;91;11000;0,0000;0,0000;0,0000;0,0000;0,0000;0,0000;0;0;0;0
20260611_1518;Consistência_25;classification;AdaptiveRandomForest;Otimizado_FullFeatures;classifier;classifier;classifier;N/A;N/A;N/A;2000;100;92;11100;0,0000;0,0000;0,0000;0,0000;0,0000;0,0000;0;0;0;0
20260611_1518;Consistência_25;classification;AdaptiveRandomForest;Otimizado_FullFeatures;classifier;classifier;classifier;N/A;N/A;N/A;2000;100;93;11200;0,0000;0,0000;0,0000;0,0000;0,0000;0,0000;0;0;0;0
20260611_1518;Consistência_25;classification;AdaptiveRandomForest;Otimizado_FullFeatures;classifier;classifier;classifier;N/A;N/A;N/A;2000;100;94;11300;100,0000;0,0000;100,0000;0,0000;100,0000;0,0000;0;0;0;0
20260611_1518;Consistência_25;classification;AdaptiveRandomForest;Otimizado_FullFeatures;classifier;classifier;classifier;N/A;N/A;N/A;2000;100;95;11400;97,7778;0,0000;100,0000;0,0000;95,6522;0,0000;0;0;1;0
20260611_1518;Consistência_25;classification;AdaptiveRandomForest;Otimizado_FullFeatures;classifier;classifier;classifier;N/A;N/A;N/A;2000;100;96;11500;0,0000;0,0000;0,0000;0,0000;0,0000;0,0000;0;0;0;0
20260611_1518;Consistência_25;classification;AdaptiveRandomForest;Otimizado_FullFeatures;classifier;classifier;classifier;N/A;N/A;N/A;2000;100;97;11600;0,0000;0,0000;0,0000;0,0000;0,0000;0,0000;0;0;0;0
20260611_1518;Consistência_25;classification;AdaptiveRandomForest;Otimizado_FullFeatures;classifier;classifier;classifier;N/A;N/A;N/A;2000;100;98;11700;0,0000;0,0000;0,0000;0,0000;0,0000;0,0000;0;0;0;0
20260611_1518;Consistência_25;classification;AdaptiveRandomForest;Otimizado_FullFeatures;classifier;classifier;classifier;N/A;N/A;N/A;2000;100;99;11800;0,0000;0,0000;0,0000;0,0000;0,0000;0,0000;0;0;0;0
20260611_1518;Consistência_25;classification;AdaptiveRandomForest;Otimizado_FullFeatures;classifier;classifier;classifier;N/A;N/A;N/A;2000;100;100;11900;0,0000;0,0000;0,0000;0,0000;0,0000;0,0000;0;0;0;0
20260611_1518;Consistência_25;classification;AdaptiveRandomForest;Otimizado_FullFeatures;classifier;classifier;classifier;N/A;N/A;N/A;2000;100;101;12000;0,0000;0,0000;0,0000;0,0000;0,0000;0,0000;0;0;0;0
20260611_1518;Consistência_25;classification;AdaptiveRandomForest;Otimizado_FullFeatures;classifier;classifier;classifier;N/A;N/A;N/A;2000;100;102;12100;0,0000;0,0000;0,0000;0,0000;0,0000;0,0000;0;0;0;0
20260611_1518;Consistência_25;classification;AdaptiveRandomForest;Otimizado_FullFeatures;classifier;classifier;classifier;N/A;N/A;N/A;2000;100;103;12200;0,0000;0,0000;0,0000;0,0000;0,0000;0,0000;0;0;0;0
20260611_1518;Consistência_25;classification;AdaptiveRandomForest;Otimizado_FullFeatures;classifier;classifier;classifier;N/A;N/A;N/A;2000;100;104;12300;0,0000;0,0000;0,0000;0,0000;0,0000;0,0000;0;0;0;0
20260611_1518;Consistência_25;classification;AdaptiveRandomForest;Otimizado_FullFeatures;classifier;classifier;classifier;N/A;N/A;N/A;2000;100;105;12400;0,0000;0,0000;0,0000;0,0000;0,0000;0,0000;0;0;0;0
20260611_1518;Consistência_25;classification;AdaptiveRandomForest;Otimizado_FullFeatures;classifier;classifier;classifier;N/A;N/A;N/A;2000;100;106;12500;0,0000;0,0000;0,0000;0,0000;0,0000;0,0000;0;0;0;0
20260611_1518;Consistência_25;classification;AdaptiveRandomForest;Otimizado_FullFeatures;classifier;classifier;classifier;N/A;N/A;N/A;2000;100;107;12600;0,0000;0,0000;0,0000;0,0000;0,0000;0,0000;0;0;0;0
20260611_1518;Consistência_25;classification;AdaptiveRandomForest;Otimizado_FullFeatures;classifier;classifier;classifier;N/A;N/A;N/A;2000;100;108;12700;0,0000;0,0000;0,0000;0,0000;0,0000;0,0000;0;0;0;0
20260611_1518;Consistência_25;classification;AdaptiveRandomForest;Otimizado_FullFeatures;classifier;classifier;classifier;N/A;N/A;N/A;2000;100;109;12800;0,0000;0,0000;0,0000;0,0000;0,0000;0,0000;0;0;0;0
20260611_1518;Consistência_25;classification;AdaptiveRandomForest;Otimizado_FullFeatures;classifier;classifier;classifier;N/A;N/A;N/A;2000;100;110;12900;0,0000;0,0000;0,0000;0,0000;0,0000;0,0000;0;0;0;0
20260611_1518;Consistência_25;classification;AdaptiveRandomForest;Otimizado_FullFeatures;classifier;classifier;classifier;N/A;N/A;N/A;2000;100;111;13000;0,0000;0,0000;0,0000;0,0000;0,0000;0,0000;0;0;0;0
20260611_1518;Consistência_25;classification;AdaptiveRandomForest;Otimizado_FullFeatures;classifier;classifier;classifier;N/A;N/A;N/A;2000;100;112;13100;0,0000;0,0000;0,0000;0,0000;0,0000;0,0000;0;0;0;0
20260611_1518;Consistência_25;classification;AdaptiveRandomForest;Otimizado_FullFeatures;classifier;classifier;classifier;N/A;N/A;N/A;2000;100;113;13200;0,0000;0,0000;0,0000;0,0000;0,0000;0,0000;0;0;0;0
20260611_1518;Consistência_25;classification;AdaptiveRandomForest;Otimizado_FullFeatures;classifier;classifier;classifier;N/A;N/A;N/A;2000;100;114;13300;0,0000;0,0000;0,0000;0,0000;0,0000;0,0000;0;0;0;0
20260611_1518;Consistência_25;classification;AdaptiveRandomForest;Otimizado_FullFeatures;classifier;classifier;classifier;N/A;N/A;N/A;2000;100;115;13400;0,0000;0,0000;0,0000;0,0000;0,0000;0,0000;0;0;0;0
20260611_1518;Consistência_25;classification;AdaptiveRandomForest;Otimizado_FullFeatures;classifier;classifier;classifier;N/A;N/A;N/A;2000;100;116;13500;0,0000;0,0000;0,0000;0,0000;0,0000;0,0000;0;0;0;0
20260611_1518;Consistência_25;classification;AdaptiveRandomForest;Otimizado_FullFeatures;classifier;classifier;classifier;N/A;N/A;N/A;2000;100;117;13600;0,0000;0,0000;0,0000;0,0000;0,0000;0,0000;0;0;0;0
20260611_1518;Consistência_25;classification;AdaptiveRandomForest;Otimizado_FullFeatures;classifier;classifier;classifier;N/A;N/A;N/A;2000;100;118;13700;0,0000;0,0000;0,0000;0,0000;0,0000;0,0000;0;0;0;0
20260611_1518;Consistência_25;classification;AdaptiveRandomForest;Otimizado_FullFeatures;classifier;classifier;classifier;N/A;N/A;N/A;2000;100;119;13800;0,0000;0,0000;0,0000;0,0000;0,0000;0,0000;0;0;0;0
20260611_1518;Consistência_25;classification;AdaptiveRandomForest;Otimizado_FullFeatures;classifier;classifier;classifier;N/A;N/A;N/A;2000;100;120;13900;0,0000;0,0000;0,0000;0,0000;0,0000;0,0000;0;0;0;0
20260611_1518;Consistência_25;classification;AdaptiveRandomForest;Otimizado_FullFeatures;classifier;classifier;classifier;N/A;N/A;N/A;2000;100;121;14000;0,0000;0,0000;0,0000;0,0000;0,0000;0,0000;0;0;0;0
20260611_1518;Consistência_25;classification;AdaptiveRandomForest;Otimizado_FullFeatures;classifier;classifier;classifier;N/A;N/A;N/A;2000;100;122;14100;0,0000;0,0000;0,0000;0,0000;0,0000;0,0000;0;0;0;0
20260611_1518;Consistência_25;classification;AdaptiveRandomForest;Otimizado_FullFeatures;classifier;classifier;classifier;N/A;N/A;N/A;2000;100;123;14200;0,0000;0,0000;0,0000;0,0000;0,0000;0,0000;0;0;0;0
20260611_1518;Consistência_25;classification;AdaptiveRandomForest;Otimizado_FullFeatures;classifier;classifier;classifier;N/A;N/A;N/A;2000;100;124;14300;0,0000;0,0000;0,0000;0,0000;0,0000;0,0000;0;0;0;0
20260611_1518;Consistência_25;classification;AdaptiveRandomForest;Otimizado_FullFeatures;classifier;classifier;classifier;N/A;N/A;N/A;2000;100;125;14400;0,0000;0,0000;0,0000;0,0000;0,0000;0,0000;0;0;0;0
20260611_1518;Consistência_25;classification;AdaptiveRandomForest;Otimizado_FullFeatures;classifier;classifier;classifier;N/A;N/A;N/A;2000;100;126;14500;0,0000;0,0000;0,0000;0,0000;0,0000;0,0000;0;0;0;0
20260611_1518;Consistência_25;classification;AdaptiveRandomForest;Otimizado_FullFeatures;classifier;classifier;classifier;N/A;N/A;N/A;2000;100;127;14600;0,0000;0,0000;0,0000;0,0000;0,0000;0,0000;0;0;0;0
20260611_1518;Consistência_25;classification;AdaptiveRandomForest;Otimizado_FullFeatures;classifier;classifier;classifier;N/A;N/A;N/A;2000;100;128;14700;0,0000;0,0000;0,0000;0,0000;0,0000;0,0000;0;0;0;0
20260611_1518;Consistência_25;classification;AdaptiveRandomForest;Otimizado_FullFeatures;classifier;classifier;classifier;N/A;N/A;N/A;2000;100;129;14800;0,0000;0,0000;0,0000;0,0000;0,0000;0,0000;0;0;0;0
20260611_1518;Consistência_25;classification;AdaptiveRandomForest;Otimizado_FullFeatures;classifier;classifier;classifier;N/A;N/A;N/A;2000;100;130;14900;0,0000;0,0000;0,0000;0,0000;0,0000;0,0000;0;0;0;0
20260611_1518;Consistência_25;classification;AdaptiveRandomForest;Otimizado_FullFeatures;classifier;classifier;classifier;N/A;N/A;N/A;2000;100;131;15000;0,0000;0,0000;0,0000;0,0000;0,0000;0,0000;0;0;0;0
20260611_1518;Consistência_200;classification;AdaptiveRandomForest;Otimizado_FullFeatures;classifier;classifier;classifier;N/A;N/A;N/A;2000;100;1;2000;0,0000;0,0000;0,0000;0,0000;0,0000;0,0000;0;0;0;0
20260611_1518;Consistência_200;classification;AdaptiveRandomForest;Otimizado_FullFeatures;classifier;classifier;classifier;N/A;N/A;N/A;2000;100;2;2100;0,0000;0,0000;0,0000;0,0000;0,0000;0,0000;0;0;0;0
20260611_1518;Consistência_200;classification;AdaptiveRandomForest;Otimizado_FullFeatures;classifier;classifier;classifier;N/A;N/A;N/A;2000;100;3;2200;0,0000;0,0000;0,0000;0,0000;0,0000;0,0000;0;0;0;0
20260611_1518;Consistência_200;classification;AdaptiveRandomForest;Otimizado_FullFeatures;classifier;classifier;classifier;N/A;N/A;N/A;2000;100;4;2300;0,0000;0,0000;0,0000;0,0000;0,0000;0,0000;0;0;0;0
20260611_1518;Consistência_200;classification;AdaptiveRandomForest;Otimizado_FullFeatures;classifier;classifier;classifier;N/A;N/A;N/A;2000;100;5;2400;0,0000;0,0000;0,0000;0,0000;0,0000;0,0000;0;0;0;0
20260611_1518;Consistência_200;classification;AdaptiveRandomForest;Otimizado_FullFeatures;classifier;classifier;classifier;N/A;N/A;N/A;2000;100;6;2500;0,0000;0,0000;0,0000;0,0000;0,0000;0,0000;0;0;0;0
20260611_1518;Consistência_200;classification;AdaptiveRandomForest;Otimizado_FullFeatures;classifier;classifier;classifier;N/A;N/A;N/A;2000;100;7;2600;0,0000;0,0000;0,0000;0,0000;0,0000;0,0000;0;0;0;0
20260611_1518;Consistência_200;classification;AdaptiveRandomForest;Otimizado_FullFeatures;classifier;classifier;classifier;N/A;N/A;N/A;2000;100;8;2700;0,0000;0,0000;0,0000;0,0000;0,0000;0,0000;0;0;0;0
20260611_1518;Consistência_200;classification;AdaptiveRandomForest;Otimizado_FullFeatures;classifier;classifier;classifier;N/A;N/A;N/A;2000;100;9;2800;0,0000;0,0000;0,0000;0,0000;0,0000;0,0000;0;0;0;0
20260611_1518;Consistência_200;classification;AdaptiveRandomForest;Otimizado_FullFeatures;classifier;classifier;classifier;N/A;N/A;N/A;2000;100;10;2900;0,0000;0,0000;0,0000;0,0000;0,0000;0,0000;0;0;0;0
20260611_1518;Consistência_200;classification;AdaptiveRandomForest;Otimizado_FullFeatures;classifier;classifier;classifier;N/A;N/A;N/A;2000;100;11;3000;0,0000;0,0000;0,0000;0,0000;0,0000;0,0000;0;0;0;0
20260611_1518;Consistência_200;classification;AdaptiveRandomForest;Otimizado_FullFeatures;classifier;classifier;classifier;N/A;N/A;N/A;2000;100;12;3100;0,0000;0,0000;0,0000;0,0000;0,0000;0,0000;0;0;0;0
20260611_1518;Consistência_200;classification;AdaptiveRandomForest;Otimizado_FullFeatures;classifier;classifier;classifier;N/A;N/A;N/A;2000;100;13;3200;0,0000;0,0000;0,0000;0,0000;0,0000;0,0000;0;0;0;0
20260611_1518;Consistência_200;classification;AdaptiveRandomForest;Otimizado_FullFeatures;classifier;classifier;classifier;N/A;N/A;N/A;2000;100;14;3300;0,0000;0,0000;0,0000;0,0000;0,0000;0,0000;0;0;0;0
20260611_1518;Consistência_200;classification;AdaptiveRandomForest;Otimizado_FullFeatures;classifier;classifier;classifier;N/A;N/A;N/A;2000;100;15;3400;0,0000;0,0000;0,0000;0,0000;0,0000;0,0000;0;0;0;0
20260611_1518;Consistência_200;classification;AdaptiveRandomForest;Otimizado_FullFeatures;classifier;classifier;classifier;N/A;N/A;N/A;2000;100;16;3500;0,0000;0,0000;0,0000;0,0000;0,0000;0,0000;0;0;0;0
20260611_1518;Consistência_200;classification;AdaptiveRandomForest;Otimizado_FullFeatures;classifier;classifier;classifier;N/A;N/A;N/A;2000;100;17;3600;0,0000;0,0000;0,0000;0,0000;0,0000;0,0000;0;0;0;0
20260611_1518;Consistência_200;classification;AdaptiveRandomForest;Otimizado_FullFeatures;classifier;classifier;classifier;N/A;N/A;N/A;2000;100;18;3700;0,0000;0,0000;0,0000;0,0000;0,0000;0,0000;0;0;0;0
20260611_1518;Consistência_200;classification;AdaptiveRandomForest;Otimizado_FullFeatures;classifier;classifier;classifier;N/A;N/A;N/A;2000;100;19;3800;94,7410;0,6308;97,8446;1,3458;91,8367;0,0000;1;1;4;0
20260611_1518;Consistência_200;classification;AdaptiveRandomForest;Otimizado_FullFeatures;classifier;classifier;classifier;N/A;N/A;N/A;2000;100;20;3900;99,3789;0,0000;98,7654;0,0000;100,0000;0,0000;1;0;0;0
20260611_1518;Consistência_200;classification;AdaptiveRandomForest;Otimizado_FullFeatures;classifier;classifier;classifier;N/A;N/A;N/A;2000;100;21;4000;98,3672;0,8008;96,7990;1,5405;100,0000;0,0000;2;1;0;0
20260611_1518;Consistência_200;classification;AdaptiveRandomForest;Otimizado_FullFeatures;classifier;classifier;classifier;N/A;N/A;N/A;2000;100;22;4100;0,0000;0,0000;0,0000;0,0000;0,0000;0,0000;0;0;0;0
20260611_1518;Consistência_200;classification;AdaptiveRandomForest;Otimizado_FullFeatures;classifier;classifier;classifier;N/A;N/A;N/A;2000;100;23;4200;0,0000;0,0000;0,0000;0,0000;0,0000;0,0000;0;0;0;0
20260611_1518;Consistência_200;classification;AdaptiveRandomForest;Otimizado_FullFeatures;classifier;classifier;classifier;N/A;N/A;N/A;2000;100;24;4300;0,0000;0,0000;0,0000;0,0000;0,0000;0,0000;0;0;0;0
20260611_1518;Consistência_200;classification;AdaptiveRandomForest;Otimizado_FullFeatures;classifier;classifier;classifier;N/A;N/A;N/A;2000;100;25;4400;0,0000;0,0000;0,0000;0,0000;0,0000;0,0000;0;0;0;0
20260611_1518;Consistência_200;classification;AdaptiveRandomForest;Otimizado_FullFeatures;classifier;classifier;classifier;N/A;N/A;N/A;2000;100;26;4500;0,0000;0,0000;0,0000;0,0000;0,0000;0,0000;0;0;0;0
20260611_1518;Consistência_200;classification;AdaptiveRandomForest;Otimizado_FullFeatures;classifier;classifier;classifier;N/A;N/A;N/A;2000;100;27;4600;0,0000;0,0000;0,0000;0,0000;0,0000;0,0000;0;0;0;0
20260611_1518;Consistência_200;classification;AdaptiveRandomForest;Otimizado_FullFeatures;classifier;classifier;classifier;N/A;N/A;N/A;2000;100;28;4700;0,0000;0,0000;0,0000;0,0000;0,0000;0,0000;0;0;0;0
20260611_1518;Consistência_200;classification;AdaptiveRandomForest;Otimizado_FullFeatures;classifier;classifier;classifier;N/A;N/A;N/A;2000;100;29;4800;0,0000;0,0000;0,0000;0,0000;0,0000;0,0000;0;0;0;0
20260611_1518;Consistência_200;classification;AdaptiveRandomForest;Otimizado_FullFeatures;classifier;classifier;classifier;N/A;N/A;N/A;2000;100;30;4900;0,0000;0,0000;0,0000;0,0000;0,0000;0,0000;0;0;0;0
20260611_1518;Consistência_200;classification;AdaptiveRandomForest;Otimizado_FullFeatures;classifier;classifier;classifier;N/A;N/A;N/A;2000;100;31;5000;0,0000;0,0000;0,0000;0,0000;0,0000;0,0000;0;0;0;0
20260611_1518;Consistência_200;classification;AdaptiveRandomForest;Otimizado_FullFeatures;classifier;classifier;classifier;N/A;N/A;N/A;2000;100;32;5100;0,0000;0,0000;0,0000;0,0000;0,0000;0,0000;0;0;0;0
20260611_1518;Consistência_200;classification;AdaptiveRandomForest;Otimizado_FullFeatures;classifier;classifier;classifier;N/A;N/A;N/A;2000;100;33;5200;0,0000;0,0000;0,0000;0,0000;0,0000;0,0000;0;0;0;0
20260611_1518;Consistência_200;classification;AdaptiveRandomForest;Otimizado_FullFeatures;classifier;classifier;classifier;N/A;N/A;N/A;2000;100;34;5300;0,0000;0,0000;0,0000;0,0000;0,0000;0,0000;0;0;0;0
20260611_1518;Consistência_200;classification;AdaptiveRandomForest;Otimizado_FullFeatures;classifier;classifier;classifier;N/A;N/A;N/A;2000;100;35;5400;0,0000;0,0000;0,0000;0,0000;0,0000;0,0000;0;0;0;0
20260611_1518;Consistência_200;classification;AdaptiveRandomForest;Otimizado_FullFeatures;classifier;classifier;classifier;N/A;N/A;N/A;2000;100;36;5500;0,0000;0,0000;0,0000;0,0000;0,0000;0,0000;0;0;0;0
20260611_1518;Consistência_200;classification;AdaptiveRandomForest;Otimizado_FullFeatures;classifier;classifier;classifier;N/A;N/A;N/A;2000;100;37;5600;0,0000;0,0000;0,0000;0,0000;0,0000;0,0000;0;0;0;0
20260611_1518;Consistência_200;classification;AdaptiveRandomForest;Otimizado_FullFeatures;classifier;classifier;classifier;N/A;N/A;N/A;2000;100;38;5700;0,0000;0,0000;0,0000;0,0000;0,0000;0,0000;0;0;0;0
20260611_1518;Consistência_200;classification;AdaptiveRandomForest;Otimizado_FullFeatures;classifier;classifier;classifier;N/A;N/A;N/A;2000;100;39;5800;0,0000;0,0000;0,0000;0,0000;0,0000;0,0000;0;0;0;0
20260611_1518;Consistência_200;classification;AdaptiveRandomForest;Otimizado_FullFeatures;classifier;classifier;classifier;N/A;N/A;N/A;2000;100;40;5900;0,0000;0,0000;0,0000;0,0000;0,0000;0,0000;0;0;0;0
20260611_1518;Consistência_200;classification;AdaptiveRandomForest;Otimizado_FullFeatures;classifier;classifier;classifier;N/A;N/A;N/A;2000;100;41;6000;0,0000;0,0000;0,0000;0,0000;0,0000;0,0000;0;0;0;0
20260611_1518;Consistência_200;classification;AdaptiveRandomForest;Otimizado_FullFeatures;classifier;classifier;classifier;N/A;N/A;N/A;2000;100;42;6100;0,0000;0,0000;0,0000;0,0000;0,0000;0,0000;0;0;0;0
20260611_1518;Consistência_200;classification;AdaptiveRandomForest;Otimizado_FullFeatures;classifier;classifier;classifier;N/A;N/A;N/A;2000;100;43;6200;0,0000;0,0000;0,0000;0,0000;0,0000;0,0000;0;0;0;0
20260611_1518;Consistência_200;classification;AdaptiveRandomForest;Otimizado_FullFeatures;classifier;classifier;classifier;N/A;N/A;N/A;2000;100;44;6300;0,0000;0,0000;0,0000;0,0000;0,0000;0,0000;0;0;0;0
20260611_1518;Consistência_200;classification;AdaptiveRandomForest;Otimizado_FullFeatures;classifier;classifier;classifier;N/A;N/A;N/A;2000;100;45;6400;0,0000;0,0000;0,0000;0,0000;0,0000;0,0000;0;0;0;0
20260611_1518;Consistência_200;classification;AdaptiveRandomForest;Otimizado_FullFeatures;classifier;classifier;classifier;N/A;N/A;N/A;2000;100;46;6500;0,0000;0,0000;0,0000;0,0000;0,0000;0,0000;0;0;0;0
20260611_1518;Consistência_200;classification;AdaptiveRandomForest;Otimizado_FullFeatures;classifier;classifier;classifier;N/A;N/A;N/A;2000;100;47;6600;0,0000;0,0000;0,0000;0,0000;0,0000;0,0000;0;0;0;0
20260611_1518;Consistência_200;classification;AdaptiveRandomForest;Otimizado_FullFeatures;classifier;classifier;classifier;N/A;N/A;N/A;2000;100;48;6700;0,0000;0,0000;0,0000;0,0000;0,0000;0,0000;0;0;0;0
20260611_1518;Consistência_200;classification;AdaptiveRandomForest;Otimizado_FullFeatures;classifier;classifier;classifier;N/A;N/A;N/A;2000;100;49;6800;0,0000;0,0000;0,0000;0,0000;0,0000;0,0000;0;0;0;0
20260611_1518;Consistência_200;classification;AdaptiveRandomForest;Otimizado_FullFeatures;classifier;classifier;classifier;N/A;N/A;N/A;2000;100;50;6900;0,0000;0,0000;0,0000;0,0000;0,0000;0,0000;0;0;0;0
20260611_1518;Consistência_200;classification;AdaptiveRandomForest;Otimizado_FullFeatures;classifier;classifier;classifier;N/A;N/A;N/A;2000;100;51;7000;0,0000;0,0000;0,0000;0,0000;0,0000;0,0000;0;0;0;0
20260611_1518;Consistência_200;classification;AdaptiveRandomForest;Otimizado_FullFeatures;classifier;classifier;classifier;N/A;N/A;N/A;2000;100;52;7100;0,0000;0,0000;0,0000;0,0000;0,0000;0,0000;0;0;0;0
20260611_1518;Consistência_200;classification;AdaptiveRandomForest;Otimizado_FullFeatures;classifier;classifier;classifier;N/A;N/A;N/A;2000;100;53;7200;0,0000;0,0000;0,0000;0,0000;0,0000;0,0000;0;0;0;0
20260611_1518;Consistência_200;classification;AdaptiveRandomForest;Otimizado_FullFeatures;classifier;classifier;classifier;N/A;N/A;N/A;2000;100;54;7300;0,0000;0,0000;0,0000;0,0000;0,0000;0,0000;0;0;0;0
20260611_1518;Consistência_200;classification;AdaptiveRandomForest;Otimizado_FullFeatures;classifier;classifier;classifier;N/A;N/A;N/A;2000;100;55;7400;0,0000;0,0000;0,0000;0,0000;0,0000;0,0000;0;0;0;0
20260611_1518;Consistência_200;classification;AdaptiveRandomForest;Otimizado_FullFeatures;classifier;classifier;classifier;N/A;N/A;N/A;2000;100;56;7500;0,0000;0,0000;0,0000;0,0000;0,0000;0,0000;0;0;0;0
20260611_1518;Consistência_200;classification;AdaptiveRandomForest;Otimizado_FullFeatures;classifier;classifier;classifier;N/A;N/A;N/A;2000;100;57;7600;0,0000;0,0000;0,0000;0,0000;0,0000;0,0000;0;0;0;0
20260611_1518;Consistência_200;classification;AdaptiveRandomForest;Otimizado_FullFeatures;classifier;classifier;classifier;N/A;N/A;N/A;2000;100;58;7700;0,0000;0,0000;0,0000;0,0000;0,0000;0,0000;0;0;1;0
20260611_1518;Consistência_200;classification;AdaptiveRandomForest;Otimizado_FullFeatures;classifier;classifier;classifier;N/A;N/A;N/A;2000;100;59;7800;98,4605;0,3293;100,0000;0,0000;96,9697;0,6388;0;0;3;1
20260611_1518;Consistência_200;classification;AdaptiveRandomForest;Otimizado_FullFeatures;classifier;classifier;classifier;N/A;N/A;N/A;2000;100;60;7900;99,4709;0,0000;100,0000;0,0000;98,9474;0,0000;0;0;1;0
20260611_1518;Consistência_200;classification;AdaptiveRandomForest;Otimizado_FullFeatures;classifier;classifier;classifier;N/A;N/A;N/A;2000;100;61;8000;0,0000;0,0000;0,0000;0,0000;0,0000;0,0000;0;0;0;0
20260611_1518;Consistência_200;classification;AdaptiveRandomForest;Otimizado_FullFeatures;classifier;classifier;classifier;N/A;N/A;N/A;2000;100;62;8100;0,0000;0,0000;0,0000;0,0000;0,0000;0,0000;0;0;0;0
20260611_1518;Consistência_200;classification;AdaptiveRandomForest;Otimizado_FullFeatures;classifier;classifier;classifier;N/A;N/A;N/A;2000;100;63;8200;0,0000;0,0000;0,0000;0,0000;0,0000;0,0000;0;0;0;0
20260611_1518;Consistência_200;classification;AdaptiveRandomForest;Otimizado_FullFeatures;classifier;classifier;classifier;N/A;N/A;N/A;2000;100;64;8300;0,0000;0,0000;0,0000;0,0000;0,0000;0,0000;0;0;0;0
20260611_1518;Consistência_200;classification;AdaptiveRandomForest;Otimizado_FullFeatures;classifier;classifier;classifier;N/A;N/A;N/A;2000;100;65;8400;0,0000;0,0000;0,0000;0,0000;0,0000;0,0000;0;0;0;0
20260611_1518;Consistência_200;classification;AdaptiveRandomForest;Otimizado_FullFeatures;classifier;classifier;classifier;N/A;N/A;N/A;2000;100;66;8500;0,0000;0,0000;0,0000;0,0000;0,0000;0,0000;0;0;0;0
20260611_1518;Consistência_200;classification;AdaptiveRandomForest;Otimizado_FullFeatures;classifier;classifier;classifier;N/A;N/A;N/A;2000;100;67;8600;0,0000;0,0000;0,0000;0,0000;0,0000;0,0000;0;0;0;0
20260611_1518;Consistência_200;classification;AdaptiveRandomForest;Otimizado_FullFeatures;classifier;classifier;classifier;N/A;N/A;N/A;2000;100;68;8700;0,0000;0,0000;0,0000;0,0000;0,0000;0,0000;0;0;0;0
20260611_1518;Consistência_200;classification;AdaptiveRandomForest;Otimizado_FullFeatures;classifier;classifier;classifier;N/A;N/A;N/A;2000;100;69;8800;0,0000;0,0000;0,0000;0,0000;0,0000;0,0000;0;0;0;0
20260611_1518;Consistência_200;classification;AdaptiveRandomForest;Otimizado_FullFeatures;classifier;classifier;classifier;N/A;N/A;N/A;2000;100;70;8900;0,0000;0,0000;0,0000;0,0000;0,0000;0,0000;0;0;0;0
20260611_1518;Consistência_200;classification;AdaptiveRandomForest;Otimizado_FullFeatures;classifier;classifier;classifier;N/A;N/A;N/A;2000;100;71;9000;0,0000;0,0000;0,0000;0,0000;0,0000;0,0000;0;0;0;0
20260611_1518;Consistência_200;classification;AdaptiveRandomForest;Otimizado_FullFeatures;classifier;classifier;classifier;N/A;N/A;N/A;2000;100;72;9100;0,0000;0,0000;0,0000;0,0000;0,0000;0,0000;0;0;0;0
20260611_1518;Consistência_200;classification;AdaptiveRandomForest;Otimizado_FullFeatures;classifier;classifier;classifier;N/A;N/A;N/A;2000;100;73;9200;0,0000;0,0000;0,0000;0,0000;0,0000;0,0000;0;0;0;0
20260611_1518;Consistência_200;classification;AdaptiveRandomForest;Otimizado_FullFeatures;classifier;classifier;classifier;N/A;N/A;N/A;2000;100;74;9300;0,0000;0,0000;0,0000;0,0000;0,0000;0,0000;0;0;0;0
20260611_1518;Consistência_200;classification;AdaptiveRandomForest;Otimizado_FullFeatures;classifier;classifier;classifier;N/A;N/A;N/A;2000;100;75;9400;0,0000;0,0000;0,0000;0,0000;0,0000;0,0000;0;0;0;0
20260611_1518;Consistência_200;classification;AdaptiveRandomForest;Otimizado_FullFeatures;classifier;classifier;classifier;N/A;N/A;N/A;2000;100;76;9500;0,0000;0,0000;0,0000;0,0000;0,0000;0,0000;0;0;0;0
20260611_1518;Consistência_200;classification;AdaptiveRandomForest;Otimizado_FullFeatures;classifier;classifier;classifier;N/A;N/A;N/A;2000;100;77;9600;0,0000;0,0000;0,0000;0,0000;0,0000;0,0000;0;0;0;0
20260611_1518;Consistência_200;classification;AdaptiveRandomForest;Otimizado_FullFeatures;classifier;classifier;classifier;N/A;N/A;N/A;2000;100;78;9700;0,0000;0,0000;0,0000;0,0000;0,0000;0,0000;0;0;0;0
20260611_1518;Consistência_200;classification;AdaptiveRandomForest;Otimizado_FullFeatures;classifier;classifier;classifier;N/A;N/A;N/A;2000;100;79;9800;0,0000;0,0000;0,0000;0,0000;0,0000;0,0000;0;0;0;0
20260611_1518;Consistência_200;classification;AdaptiveRandomForest;Otimizado_FullFeatures;classifier;classifier;classifier;N/A;N/A;N/A;2000;100;80;9900;0,0000;0,0000;0,0000;0,0000;0,0000;0,0000;0;0;0;0
20260611_1518;Consistência_200;classification;AdaptiveRandomForest;Otimizado_FullFeatures;classifier;classifier;classifier;N/A;N/A;N/A;2000;100;81;10000;0,0000;0,0000;0,0000;0,0000;0,0000;0,0000;0;0;0;0
20260611_1518;Consistência_200;classification;AdaptiveRandomForest;Otimizado_FullFeatures;classifier;classifier;classifier;N/A;N/A;N/A;2000;100;82;10100;0,0000;0,0000;0,0000;0,0000;0,0000;0,0000;0;0;0;0
20260611_1518;Consistência_200;classification;AdaptiveRandomForest;Otimizado_FullFeatures;classifier;classifier;classifier;N/A;N/A;N/A;2000;100;83;10200;0,0000;0,0000;0,0000;0,0000;0,0000;0,0000;0;0;0;0
20260611_1518;Consistência_200;classification;AdaptiveRandomForest;Otimizado_FullFeatures;classifier;classifier;classifier;N/A;N/A;N/A;2000;100;84;10300;0,0000;0,0000;0,0000;0,0000;0,0000;0,0000;0;0;0;0
20260611_1518;Consistência_200;classification;AdaptiveRandomForest;Otimizado_FullFeatures;classifier;classifier;classifier;N/A;N/A;N/A;2000;100;85;10400;0,0000;0,0000;0,0000;0,0000;0,0000;0,0000;0;0;0;0
20260611_1518;Consistência_200;classification;AdaptiveRandomForest;Otimizado_FullFeatures;classifier;classifier;classifier;N/A;N/A;N/A;2000;100;86;10500;0,0000;0,0000;0,0000;0,0000;0,0000;0,0000;0;0;0;0
20260611_1518;Consistência_200;classification;AdaptiveRandomForest;Otimizado_FullFeatures;classifier;classifier;classifier;N/A;N/A;N/A;2000;100;87;10600;0,0000;0,0000;0,0000;0,0000;0,0000;0,0000;0;0;0;0
20260611_1518;Consistência_200;classification;AdaptiveRandomForest;Otimizado_FullFeatures;classifier;classifier;classifier;N/A;N/A;N/A;2000;100;88;10700;0,0000;0,0000;0,0000;0,0000;0,0000;0,0000;0;0;0;0
20260611_1518;Consistência_200;classification;AdaptiveRandomForest;Otimizado_FullFeatures;classifier;classifier;classifier;N/A;N/A;N/A;2000;100;89;10800;0,0000;0,0000;0,0000;0,0000;0,0000;0,0000;0;0;0;0
20260611_1518;Consistência_200;classification;AdaptiveRandomForest;Otimizado_FullFeatures;classifier;classifier;classifier;N/A;N/A;N/A;2000;100;90;10900;0,0000;0,0000;0,0000;0,0000;0,0000;0,0000;0;0;0;0
20260611_1518;Consistência_200;classification;AdaptiveRandomForest;Otimizado_FullFeatures;classifier;classifier;classifier;N/A;N/A;N/A;2000;100;91;11000;0,0000;0,0000;0,0000;0,0000;0,0000;0,0000;0;0;0;0
20260611_1518;Consistência_200;classification;AdaptiveRandomForest;Otimizado_FullFeatures;classifier;classifier;classifier;N/A;N/A;N/A;2000;100;92;11100;0,0000;0,0000;0,0000;0,0000;0,0000;0,0000;0;0;0;0
20260611_1518;Consistência_200;classification;AdaptiveRandomForest;Otimizado_FullFeatures;classifier;classifier;classifier;N/A;N/A;N/A;2000;100;93;11200;0,0000;0,0000;0,0000;0,0000;0,0000;0,0000;0;0;0;0
20260611_1518;Consistência_200;classification;AdaptiveRandomForest;Otimizado_FullFeatures;classifier;classifier;classifier;N/A;N/A;N/A;2000;100;94;11300;0,0000;0,0000;0,0000;0,0000;0,0000;0,0000;0;0;0;0
20260611_1518;Consistência_200;classification;AdaptiveRandomForest;Otimizado_FullFeatures;classifier;classifier;classifier;N/A;N/A;N/A;2000;100;95;11400;0,0000;0,0000;0,0000;0,0000;0,0000;0,0000;0;0;0;0
20260611_1518;Consistência_200;classification;AdaptiveRandomForest;Otimizado_FullFeatures;classifier;classifier;classifier;N/A;N/A;N/A;2000;100;96;11500;0,0000;0,0000;0,0000;0,0000;0,0000;0,0000;0;0;0;0
20260611_1518;Consistência_200;classification;AdaptiveRandomForest;Otimizado_FullFeatures;classifier;classifier;classifier;N/A;N/A;N/A;2000;100;97;11600;0,0000;0,0000;0,0000;0,0000;0,0000;0,0000;0;0;0;0
20260611_1518;Consistência_200;classification;AdaptiveRandomForest;Otimizado_FullFeatures;classifier;classifier;classifier;N/A;N/A;N/A;2000;100;98;11700;97,9592;0,0000;100,0000;0,0000;96,0000;0,0000;0;0;2;0
20260611_1518;Consistência_200;classification;AdaptiveRandomForest;Otimizado_FullFeatures;classifier;classifier;classifier;N/A;N/A;N/A;2000;100;99;11800;95,3951;0,9771;100,0000;0,0000;91,2121;1,7670;0;0;6;2
20260611_1518;Consistência_200;classification;AdaptiveRandomForest;Otimizado_FullFeatures;classifier;classifier;classifier;N/A;N/A;N/A;2000;100;100;11900;89,0575;1,1954;98,5714;2,8571;81,2500;0,0000;1;1;3;0
20260611_1518;Consistência_200;classification;AdaptiveRandomForest;Otimizado_FullFeatures;classifier;classifier;classifier;N/A;N/A;N/A;2000;100;101;12000;0,0000;0,0000;0,0000;0,0000;0,0000;0,0000;0;0;0;0
20260611_1518;Consistência_200;classification;AdaptiveRandomForest;Otimizado_FullFeatures;classifier;classifier;classifier;N/A;N/A;N/A;2000;100;102;12100;0,0000;0,0000;0,0000;0,0000;0,0000;0,0000;0;0;0;0
20260611_1518;Consistência_200;classification;AdaptiveRandomForest;Otimizado_FullFeatures;classifier;classifier;classifier;N/A;N/A;N/A;2000;100;103;12200;0,0000;0,0000;0,0000;0,0000;0,0000;0,0000;0;0;0;0
20260611_1518;Consistência_200;classification;AdaptiveRandomForest;Otimizado_FullFeatures;classifier;classifier;classifier;N/A;N/A;N/A;2000;100;104;12300;0,0000;0,0000;0,0000;0,0000;0,0000;0,0000;0;0;0;0
20260611_1518;Consistência_200;classification;AdaptiveRandomForest;Otimizado_FullFeatures;classifier;classifier;classifier;N/A;N/A;N/A;2000;100;105;12400;0,0000;0,0000;0,0000;0,0000;0,0000;0,0000;0;0;0;0
20260611_1518;Consistência_200;classification;AdaptiveRandomForest;Otimizado_FullFeatures;classifier;classifier;classifier;N/A;N/A;N/A;2000;100;106;12500;0,0000;0,0000;0,0000;0,0000;0,0000;0,0000;0;0;0;0
20260611_1518;Consistência_200;classification;AdaptiveRandomForest;Otimizado_FullFeatures;classifier;classifier;classifier;N/A;N/A;N/A;2000;100;107;12600;0,0000;0,0000;0,0000;0,0000;0,0000;0,0000;0;0;0;0
20260611_1518;Consistência_200;classification;AdaptiveRandomForest;Otimizado_FullFeatures;classifier;classifier;classifier;N/A;N/A;N/A;2000;100;108;12700;0,0000;0,0000;0,0000;0,0000;0,0000;0,0000;0;0;0;0
20260611_1518;Consistência_200;classification;AdaptiveRandomForest;Otimizado_FullFeatures;classifier;classifier;classifier;N/A;N/A;N/A;2000;100;109;12800;0,0000;0,0000;0,0000;0,0000;0,0000;0,0000;0;0;0;0
20260611_1518;Consistência_200;classification;AdaptiveRandomForest;Otimizado_FullFeatures;classifier;classifier;classifier;N/A;N/A;N/A;2000;100;110;12900;0,0000;0,0000;0,0000;0,0000;0,0000;0,0000;0;0;0;0
20260611_1518;Consistência_200;classification;AdaptiveRandomForest;Otimizado_FullFeatures;classifier;classifier;classifier;N/A;N/A;N/A;2000;100;111;13000;0,0000;0,0000;0,0000;0,0000;0,0000;0,0000;0;0;0;0
20260611_1518;Consistência_200;classification;AdaptiveRandomForest;Otimizado_FullFeatures;classifier;classifier;classifier;N/A;N/A;N/A;2000;100;112;13100;0,0000;0,0000;0,0000;0,0000;0,0000;0,0000;0;0;0;0
20260611_1518;Consistência_200;classification;AdaptiveRandomForest;Otimizado_FullFeatures;classifier;classifier;classifier;N/A;N/A;N/A;2000;100;113;13200;0,0000;0,0000;0,0000;0,0000;0,0000;0,0000;0;0;0;0
20260611_1518;Consistência_200;classification;AdaptiveRandomForest;Otimizado_FullFeatures;classifier;classifier;classifier;N/A;N/A;N/A;2000;100;114;13300;0,0000;0,0000;0,0000;0,0000;0,0000;0,0000;0;0;0;0
20260611_1518;Consistência_200;classification;AdaptiveRandomForest;Otimizado_FullFeatures;classifier;classifier;classifier;N/A;N/A;N/A;2000;100;115;13400;0,0000;0,0000;0,0000;0,0000;0,0000;0,0000;0;0;0;0
20260611_1518;Consistência_200;classification;AdaptiveRandomForest;Otimizado_FullFeatures;classifier;classifier;classifier;N/A;N/A;N/A;2000;100;116;13500;0,0000;0,0000;0,0000;0,0000;0,0000;0,0000;0;0;0;0
20260611_1518;Consistência_200;classification;AdaptiveRandomForest;Otimizado_FullFeatures;classifier;classifier;classifier;N/A;N/A;N/A;2000;100;117;13600;0,0000;0,0000;0,0000;0,0000;0,0000;0,0000;0;0;0;0
20260611_1518;Consistência_200;classification;AdaptiveRandomForest;Otimizado_FullFeatures;classifier;classifier;classifier;N/A;N/A;N/A;2000;100;118;13700;0,0000;0,0000;0,0000;0,0000;0,0000;0,0000;0;0;0;0
20260611_1518;Consistência_200;classification;AdaptiveRandomForest;Otimizado_FullFeatures;classifier;classifier;classifier;N/A;N/A;N/A;2000;100;119;13800;0,0000;0,0000;0,0000;0,0000;0,0000;0,0000;0;0;0;0
20260611_1518;Consistência_200;classification;AdaptiveRandomForest;Otimizado_FullFeatures;classifier;classifier;classifier;N/A;N/A;N/A;2000;100;120;13900;0,0000;0,0000;0,0000;0,0000;0,0000;0,0000;0;0;0;0
20260611_1518;Consistência_200;classification;AdaptiveRandomForest;Otimizado_FullFeatures;classifier;classifier;classifier;N/A;N/A;N/A;2000;100;121;14000;0,0000;0,0000;0,0000;0,0000;0,0000;0,0000;0;0;0;0
20260611_1518;Consistência_200;classification;AdaptiveRandomForest;Otimizado_FullFeatures;classifier;classifier;classifier;N/A;N/A;N/A;2000;100;122;14100;0,0000;0,0000;0,0000;0,0000;0,0000;0,0000;0;0;0;0
20260611_1518;Consistência_200;classification;AdaptiveRandomForest;Otimizado_FullFeatures;classifier;classifier;classifier;N/A;N/A;N/A;2000;100;123;14200;0,0000;0,0000;0,0000;0,0000;0,0000;0,0000;0;0;0;0
20260611_1518;Consistência_200;classification;AdaptiveRandomForest;Otimizado_FullFeatures;classifier;classifier;classifier;N/A;N/A;N/A;2000;100;124;14300;0,0000;0,0000;0,0000;0,0000;0,0000;0,0000;0;0;0;0
20260611_1518;Consistência_200;classification;AdaptiveRandomForest;Otimizado_FullFeatures;classifier;classifier;classifier;N/A;N/A;N/A;2000;100;125;14400;0,0000;0,0000;0,0000;0,0000;0,0000;0,0000;0;0;0;0
20260611_1518;Consistência_200;classification;AdaptiveRandomForest;Otimizado_FullFeatures;classifier;classifier;classifier;N/A;N/A;N/A;2000;100;126;14500;0,0000;0,0000;0,0000;0,0000;0,0000;0,0000;0;0;0;0
20260611_1518;Consistência_200;classification;AdaptiveRandomForest;Otimizado_FullFeatures;classifier;classifier;classifier;N/A;N/A;N/A;2000;100;127;14600;0,0000;0,0000;0,0000;0,0000;0,0000;0,0000;0;0;0;0
20260611_1518;Consistência_200;classification;AdaptiveRandomForest;Otimizado_FullFeatures;classifier;classifier;classifier;N/A;N/A;N/A;2000;100;128;14700;0,0000;0,0000;0,0000;0,0000;0,0000;0,0000;0;0;0;0
20260611_1518;Consistência_200;classification;AdaptiveRandomForest;Otimizado_FullFeatures;classifier;classifier;classifier;N/A;N/A;N/A;2000;100;129;14800;0,0000;0,0000;0,0000;0,0000;0,0000;0,0000;0;0;0;0
20260611_1518;Consistência_200;classification;AdaptiveRandomForest;Otimizado_FullFeatures;classifier;classifier;classifier;N/A;N/A;N/A;2000;100;130;14900;0,0000;0,0000;0,0000;0,0000;0,0000;0,0000;0;0;0;0
20260611_1518;Consistência_200;classification;AdaptiveRandomForest;Otimizado_FullFeatures;classifier;classifier;classifier;N/A;N/A;N/A;2000;100;131;15000;0,0000;0,0000;0,0000;0,0000;0,0000;0,0000;0;0;0;0
20260611_1518;Consistência_200;classification;AdaptiveRandomForest;Otimizado_FullFeatures;classifier;classifier;classifier;N/A;N/A;N/A;2000;100;132;15100;0,0000;0,0000;0,0000;0,0000;0,0000;0,0000;0;0;0;0
20260611_1518;Consistência_200;classification;AdaptiveRandomForest;Otimizado_FullFeatures;classifier;classifier;classifier;N/A;N/A;N/A;2000;100;133;15200;0,0000;0,0000;0,0000;0,0000;0,0000;0,0000;0;0;0;0
20260611_1518;Consistência_200;classification;AdaptiveRandomForest;Otimizado_FullFeatures;classifier;classifier;classifier;N/A;N/A;N/A;2000;100;134;15300;0,0000;0,0000;0,0000;0,0000;0,0000;0,0000;0;0;0;0
20260611_1518;Consistência_200;classification;AdaptiveRandomForest;Otimizado_FullFeatures;classifier;classifier;classifier;N/A;N/A;N/A;2000;100;135;15400;0,0000;0,0000;0,0000;0,0000;0,0000;0,0000;0;0;0;0
20260611_1518;Consistência_200;classification;AdaptiveRandomForest;Otimizado_FullFeatures;classifier;classifier;classifier;N/A;N/A;N/A;2000;100;136;15500;0,0000;0,0000;0,0000;0,0000;0,0000;0,0000;0;0;0;0
20260611_1518;Consistência_1000;classification;AdaptiveRandomForest;Otimizado_FullFeatures;classifier;classifier;classifier;N/A;N/A;N/A;2000;100;1;2000;0,0000;0,0000;0,0000;0,0000;0,0000;0,0000;0;0;0;0
20260611_1518;Consistência_1000;classification;AdaptiveRandomForest;Otimizado_FullFeatures;classifier;classifier;classifier;N/A;N/A;N/A;2000;100;2;2100;0,0000;0,0000;0,0000;0,0000;0,0000;0,0000;0;0;0;0
20260611_1518;Consistência_1000;classification;AdaptiveRandomForest;Otimizado_FullFeatures;classifier;classifier;classifier;N/A;N/A;N/A;2000;100;3;2200;0,0000;0,0000;0,0000;0,0000;0,0000;0,0000;0;0;0;0
20260611_1518;Consistência_1000;classification;AdaptiveRandomForest;Otimizado_FullFeatures;classifier;classifier;classifier;N/A;N/A;N/A;2000;100;4;2300;0,0000;0,0000;0,0000;0,0000;0,0000;0,0000;0;0;0;0
20260611_1518;Consistência_1000;classification;AdaptiveRandomForest;Otimizado_FullFeatures;classifier;classifier;classifier;N/A;N/A;N/A;2000;100;5;2400;0,0000;0,0000;0,0000;0,0000;0,0000;0,0000;0;0;0;0
20260611_1518;Consistência_1000;classification;AdaptiveRandomForest;Otimizado_FullFeatures;classifier;classifier;classifier;N/A;N/A;N/A;2000;100;6;2500;0,0000;0,0000;0,0000;0,0000;0,0000;0,0000;0;0;0;0
20260611_1518;Consistência_1000;classification;AdaptiveRandomForest;Otimizado_FullFeatures;classifier;classifier;classifier;N/A;N/A;N/A;2000;100;7;2600;0,0000;0,0000;0,0000;0,0000;0,0000;0,0000;0;0;0;0
20260611_1518;Consistência_1000;classification;AdaptiveRandomForest;Otimizado_FullFeatures;classifier;classifier;classifier;N/A;N/A;N/A;2000;100;8;2700;0,0000;0,0000;0,0000;0,0000;0,0000;0,0000;0;0;0;0
20260611_1518;Consistência_1000;classification;AdaptiveRandomForest;Otimizado_FullFeatures;classifier;classifier;classifier;N/A;N/A;N/A;2000;100;9;2800;0,0000;0,0000;0,0000;0,0000;0,0000;0,0000;0;0;0;0
20260611_1518;Consistência_1000;classification;AdaptiveRandomForest;Otimizado_FullFeatures;classifier;classifier;classifier;N/A;N/A;N/A;2000;100;10;2900;0,0000;0,0000;0,0000;0,0000;0,0000;0,0000;0;0;0;0
20260611_1518;Consistência_1000;classification;AdaptiveRandomForest;Otimizado_FullFeatures;classifier;classifier;classifier;N/A;N/A;N/A;2000;100;11;3000;0,0000;0,0000;0,0000;0,0000;0,0000;0,0000;0;0;0;0
20260611_1518;Consistência_1000;classification;AdaptiveRandomForest;Otimizado_FullFeatures;classifier;classifier;classifier;N/A;N/A;N/A;2000;100;12;3100;0,0000;0,0000;0,0000;0,0000;0,0000;0,0000;0;0;0;0
20260611_1518;Consistência_1000;classification;AdaptiveRandomForest;Otimizado_FullFeatures;classifier;classifier;classifier;N/A;N/A;N/A;2000;100;13;3200;0,0000;0,0000;0,0000;0,0000;0,0000;0,0000;0;0;0;0
20260611_1518;Consistência_1000;classification;AdaptiveRandomForest;Otimizado_FullFeatures;classifier;classifier;classifier;N/A;N/A;N/A;2000;100;14;3300;0,0000;0,0000;0,0000;0,0000;0,0000;0,0000;0;0;0;0
20260611_1518;Consistência_1000;classification;AdaptiveRandomForest;Otimizado_FullFeatures;classifier;classifier;classifier;N/A;N/A;N/A;2000;100;15;3400;0,0000;0,0000;0,0000;0,0000;0,0000;0,0000;0;0;0;0
20260611_1518;Consistência_1000;classification;AdaptiveRandomForest;Otimizado_FullFeatures;classifier;classifier;classifier;N/A;N/A;N/A;2000;100;16;3500;0,0000;0,0000;0,0000;0,0000;0,0000;0,0000;0;0;0;0
20260611_1518;Consistência_1000;classification;AdaptiveRandomForest;Otimizado_FullFeatures;classifier;classifier;classifier;N/A;N/A;N/A;2000;100;17;3600;0,0000;0,0000;0,0000;0,0000;0,0000;0,0000;0;0;0;0
20260611_1518;Consistência_1000;classification;AdaptiveRandomForest;Otimizado_FullFeatures;classifier;classifier;classifier;N/A;N/A;N/A;2000;100;18;3700;0,0000;0,0000;0,0000;0,0000;0,0000;0,0000;0;0;0;0
20260611_1518;Consistência_1000;classification;AdaptiveRandomForest;Otimizado_FullFeatures;classifier;classifier;classifier;N/A;N/A;N/A;2000;100;19;3800;95,7447;0,0000;100,0000;0,0000;91,8367;0,0000;0;0;4;0
20260611_1518;Consistência_1000;classification;AdaptiveRandomForest;Otimizado_FullFeatures;classifier;classifier;classifier;N/A;N/A;N/A;2000;100;20;3900;97,4233;0,6011;95,6627;0,5902;99,2500;0,6124;4;1;1;1
20260611_1518;Consistência_1000;classification;AdaptiveRandomForest;Otimizado_FullFeatures;classifier;classifier;classifier;N/A;N/A;N/A;2000;100;21;4000;100,0000;0,0000;100,0000;0,0000;100,0000;0,0000;0;0;0;0
20260611_1518;Consistência_1000;classification;AdaptiveRandomForest;Otimizado_FullFeatures;classifier;classifier;classifier;N/A;N/A;N/A;2000;100;22;4100;98,2606;0,2461;96,5818;0,4751;100,0000;0,0000;4;1;0;0
20260611_1518;Consistência_1000;classification;AdaptiveRandomForest;Otimizado_FullFeatures;classifier;classifier;classifier;N/A;N/A;N/A;2000;100;23;4200;99,5939;0,2030;100,0000;0,0000;99,1919;0,4040;0;0;1;1
20260611_1518;Consistência_1000;classification;AdaptiveRandomForest;Otimizado_FullFeatures;classifier;classifier;classifier;N/A;N/A;N/A;2000;100;24;4300;95,5246;1,0197;91,4509;1,8754;100,0000;0,0000;7;2;0;0
20260611_1518;Consistência_1000;classification;AdaptiveRandomForest;Otimizado_FullFeatures;classifier;classifier;classifier;N/A;N/A;N/A;2000;100;25;4400;88,7057;0,6300;88,8455;2,7591;88,6957;2,1300;3;1;3;1
20260611_1518;Consistência_1000;classification;AdaptiveRandomForest;Otimizado_FullFeatures;classifier;classifier;classifier;N/A;N/A;N/A;2000;100;26;4500;91,0541;2,9365;95,3846;3,7684;87,1429;2,8571;1;1;2;1
20260611_1518;Consistência_1000;classification;AdaptiveRandomForest;Otimizado_FullFeatures;classifier;classifier;classifier;N/A;N/A;N/A;2000;100;27;4600;99,1673;0,4819;100,0000;0,0000;98,3529;0,9412;0;0;2;1
20260611_1518;Consistência_1000;classification;AdaptiveRandomForest;Otimizado_FullFeatures;classifier;classifier;classifier;N/A;N/A;N/A;2000;100;28;4700;95,8621;5,0679;92,5000;9,1856;100,0000;0,0000;2;2;0;0
20260611_1518;Consistência_1000;classification;AdaptiveRandomForest;Otimizado_FullFeatures;classifier;classifier;classifier;N/A;N/A;N/A;2000;100;29;4800;100,0000;0,0000;100,0000;0,0000;100,0000;0,0000;0;0;0;0
20260611_1518;Consistência_1000;classification;AdaptiveRandomForest;Otimizado_FullFeatures;classifier;classifier;classifier;N/A;N/A;N/A;2000;100;30;4900;0,0000;0,0000;0,0000;0,0000;0,0000;0,0000;0;0;0;0
20260611_1518;Consistência_1000;classification;AdaptiveRandomForest;Otimizado_FullFeatures;classifier;classifier;classifier;N/A;N/A;N/A;2000;100;31;5000;0,0000;0,0000;0,0000;0,0000;0,0000;0,0000;2;1;0;0
20260611_1518;Consistência_1000;classification;AdaptiveRandomForest;Otimizado_FullFeatures;classifier;classifier;classifier;N/A;N/A;N/A;2000;100;32;5100;0,0000;0,0000;0,0000;0,0000;0,0000;0,0000;0;0;0;0
20260611_1518;Consistência_1000;classification;AdaptiveRandomForest;Otimizado_FullFeatures;classifier;classifier;classifier;N/A;N/A;N/A;2000;100;33;5200;0,0000;0,0000;0,0000;0,0000;0,0000;0,0000;0;0;0;0
20260611_1518;Consistência_1000;classification;AdaptiveRandomForest;Otimizado_FullFeatures;classifier;classifier;classifier;N/A;N/A;N/A;2000;100;34;5300;0,0000;0,0000;0,0000;0,0000;0,0000;0,0000;0;0;0;0
20260611_1518;Consistência_1000;classification;AdaptiveRandomForest;Otimizado_FullFeatures;classifier;classifier;classifier;N/A;N/A;N/A;2000;100;35;5400;0,0000;0,0000;0,0000;0,0000;0,0000;0,0000;0;0;0;0
20260611_1518;Consistência_1000;classification;AdaptiveRandomForest;Otimizado_FullFeatures;classifier;classifier;classifier;N/A;N/A;N/A;2000;100;36;5500;0,0000;0,0000;0,0000;0,0000;0,0000;0,0000;0;0;0;0
20260611_1518;Consistência_1000;classification;AdaptiveRandomForest;Otimizado_FullFeatures;classifier;classifier;classifier;N/A;N/A;N/A;2000;100;37;5600;0,0000;0,0000;0,0000;0,0000;0,0000;0,0000;4;1;0;0
20260611_1518;Consistência_1000;classification;AdaptiveRandomForest;Otimizado_FullFeatures;classifier;classifier;classifier;N/A;N/A;N/A;2000;100;38;5700;0,0000;0,0000;0,0000;0,0000;0,0000;0,0000;1;0;0;0
20260611_1518;Consistência_1000;classification;AdaptiveRandomForest;Otimizado_FullFeatures;classifier;classifier;classifier;N/A;N/A;N/A;2000;100;39;5800;0,0000;0,0000;0,0000;0,0000;0,0000;0,0000;0;0;0;0
20260611_1518;Consistência_1000;classification;AdaptiveRandomForest;Otimizado_FullFeatures;classifier;classifier;classifier;N/A;N/A;N/A;2000;100;40;5900;0,0000;0,0000;0,0000;0,0000;0,0000;0,0000;0;0;0;0
20260611_1518;Consistência_1000;classification;AdaptiveRandomForest;Otimizado_FullFeatures;classifier;classifier;classifier;N/A;N/A;N/A;2000;100;41;6000;0,0000;0,0000;0,0000;0,0000;0,0000;0,0000;0;0;0;0
20260611_1518;Consistência_1000;classification;AdaptiveRandomForest;Otimizado_FullFeatures;classifier;classifier;classifier;N/A;N/A;N/A;2000;100;42;6100;0,0000;0,0000;0,0000;0,0000;0,0000;0,0000;0;0;0;0
20260611_1518;Consistência_1000;classification;AdaptiveRandomForest;Otimizado_FullFeatures;classifier;classifier;classifier;N/A;N/A;N/A;2000;100;43;6200;0,0000;0,0000;0,0000;0,0000;0,0000;0,0000;0;0;0;0
20260611_1518;Consistência_1000;classification;AdaptiveRandomForest;Otimizado_FullFeatures;classifier;classifier;classifier;N/A;N/A;N/A;2000;100;44;6300;0,0000;0,0000;0,0000;0,0000;0,0000;0,0000;0;0;0;0
20260611_1518;Consistência_1000;classification;AdaptiveRandomForest;Otimizado_FullFeatures;classifier;classifier;classifier;N/A;N/A;N/A;2000;100;45;6400;0,0000;0,0000;0,0000;0,0000;0,0000;0,0000;0;0;0;0
20260611_1518;Consistência_1000;classification;AdaptiveRandomForest;Otimizado_FullFeatures;classifier;classifier;classifier;N/A;N/A;N/A;2000;100;46;6500;0,0000;0,0000;0,0000;0,0000;0,0000;0,0000;0;0;0;0
20260611_1518;Consistência_1000;classification;AdaptiveRandomForest;Otimizado_FullFeatures;classifier;classifier;classifier;N/A;N/A;N/A;2000;100;47;6600;0,0000;0,0000;0,0000;0,0000;0,0000;0,0000;1;1;0;0
20260611_1518;Consistência_1000;classification;AdaptiveRandomForest;Otimizado_FullFeatures;classifier;classifier;classifier;N/A;N/A;N/A;2000;100;48;6700;0,0000;0,0000;0,0000;0,0000;0,0000;0,0000;0;0;0;0
20260611_1518;Consistência_1000;classification;AdaptiveRandomForest;Otimizado_FullFeatures;classifier;classifier;classifier;N/A;N/A;N/A;2000;100;49;6800;0,0000;0,0000;0,0000;0,0000;0,0000;0,0000;0;0;0;0
20260611_1518;Consistência_1000;classification;AdaptiveRandomForest;Otimizado_FullFeatures;classifier;classifier;classifier;N/A;N/A;N/A;2000;100;50;6900;0,0000;0,0000;0,0000;0,0000;0,0000;0,0000;0;0;0;0
20260611_1518;Consistência_1000;classification;AdaptiveRandomForest;Otimizado_FullFeatures;classifier;classifier;classifier;N/A;N/A;N/A;2000;100;51;7000;0,0000;0,0000;0,0000;0,0000;0,0000;0,0000;0;0;0;0
20260611_1518;Consistência_1000;classification;AdaptiveRandomForest;Otimizado_FullFeatures;classifier;classifier;classifier;N/A;N/A;N/A;2000;100;52;7100;0,0000;0,0000;0,0000;0,0000;0,0000;0,0000;0;0;0;0
20260611_1518;Consistência_1000;classification;AdaptiveRandomForest;Otimizado_FullFeatures;classifier;classifier;classifier;N/A;N/A;N/A;2000;100;53;7200;0,0000;0,0000;0,0000;0,0000;0,0000;0,0000;0;0;0;0
20260611_1518;Consistência_1000;classification;AdaptiveRandomForest;Otimizado_FullFeatures;classifier;classifier;classifier;N/A;N/A;N/A;2000;100;54;7300;0,0000;0,0000;0,0000;0,0000;0,0000;0,0000;0;0;0;0
20260611_1518;Consistência_1000;classification;AdaptiveRandomForest;Otimizado_FullFeatures;classifier;classifier;classifier;N/A;N/A;N/A;2000;100;55;7400;0,0000;0,0000;0,0000;0,0000;0,0000;0,0000;0;0;0;0
20260611_1518;Consistência_1000;classification;AdaptiveRandomForest;Otimizado_FullFeatures;classifier;classifier;classifier;N/A;N/A;N/A;2000;100;56;7500;0,0000;0,0000;0,0000;0,0000;0,0000;0,0000;0;0;0;0
20260611_1518;Consistência_1000;classification;AdaptiveRandomForest;Otimizado_FullFeatures;classifier;classifier;classifier;N/A;N/A;N/A;2000;100;57;7600;0,0000;0,0000;0,0000;0,0000;0,0000;0,0000;0;0;0;0
20260611_1518;Consistência_1000;classification;AdaptiveRandomForest;Otimizado_FullFeatures;classifier;classifier;classifier;N/A;N/A;N/A;2000;100;58;7700;0,0000;0,0000;0,0000;0,0000;0,0000;0,0000;0;0;0;0
20260611_1518;Consistência_1000;classification;AdaptiveRandomForest;Otimizado_FullFeatures;classifier;classifier;classifier;N/A;N/A;N/A;2000;100;59;7800;0,0000;0,0000;0,0000;0,0000;0,0000;0,0000;0;0;0;0
20260611_1518;Consistência_1000;classification;AdaptiveRandomForest;Otimizado_FullFeatures;classifier;classifier;classifier;N/A;N/A;N/A;2000;100;60;7900;0,0000;0,0000;0,0000;0,0000;0,0000;0,0000;0;0;0;0
20260611_1518;Consistência_1000;classification;AdaptiveRandomForest;Otimizado_FullFeatures;classifier;classifier;classifier;N/A;N/A;N/A;2000;100;61;8000;0,0000;0,0000;0,0000;0,0000;0,0000;0,0000;0;0;0;0
20260611_1518;Consistência_1000;classification;AdaptiveRandomForest;Otimizado_FullFeatures;classifier;classifier;classifier;N/A;N/A;N/A;2000;100;62;8100;0,0000;0,0000;0,0000;0,0000;0,0000;0,0000;0;0;0;0
20260611_1518;Consistência_1000;classification;AdaptiveRandomForest;Otimizado_FullFeatures;classifier;classifier;classifier;N/A;N/A;N/A;2000;100;63;8200;0,0000;0,0000;0,0000;0,0000;0,0000;0,0000;0;0;0;0
20260611_1518;Consistência_1000;classification;AdaptiveRandomForest;Otimizado_FullFeatures;classifier;classifier;classifier;N/A;N/A;N/A;2000;100;64;8300;0,0000;0,0000;0,0000;0,0000;0,0000;0,0000;0;0;0;0
20260611_1518;Consistência_1000;classification;AdaptiveRandomForest;Otimizado_FullFeatures;classifier;classifier;classifier;N/A;N/A;N/A;2000;100;65;8400;0,0000;0,0000;0,0000;0,0000;0,0000;0,0000;0;0;0;0
20260611_1518;Consistência_1000;classification;AdaptiveRandomForest;Otimizado_FullFeatures;classifier;classifier;classifier;N/A;N/A;N/A;2000;100;66;8500;100,0000;0,0000;100,0000;0,0000;100,0000;0,0000;0;0;0;0
20260611_1518;Consistência_1000;classification;AdaptiveRandomForest;Otimizado_FullFeatures;classifier;classifier;classifier;N/A;N/A;N/A;2000;100;67;8600;97,9800;0,4592;100,0000;0,0000;96,0440;0,8791;0;0;4;1
20260611_1518;Consistência_1000;classification;AdaptiveRandomForest;Otimizado_FullFeatures;classifier;classifier;classifier;N/A;N/A;N/A;2000;100;68;8700;96,5823;0,7292;100,0000;0,0000;93,4000;1,3565;0;0;7;2
20260611_1518;Consistência_1000;classification;AdaptiveRandomForest;Otimizado_FullFeatures;classifier;classifier;classifier;N/A;N/A;N/A;2000;100;69;8800;98,3923;0,5060;99,6774;0,6452;97,1429;0,6349;1;1;2;1
20260611_1518;Consistência_1000;classification;AdaptiveRandomForest;Otimizado_FullFeatures;classifier;classifier;classifier;N/A;N/A;N/A;2000;100;70;8900;97,9545;0,6947;100,0000;0,0000;96,0000;1,3333;0;0;4;2
20260611_1518;Consistência_1000;classification;AdaptiveRandomForest;Otimizado_FullFeatures;classifier;classifier;classifier;N/A;N/A;N/A;2000;100;71;9000;100,0000;0,0000;100,0000;0,0000;100,0000;0,0000;0;0;0;0
20260611_1518;Consistência_1000;classification;AdaptiveRandomForest;Otimizado_FullFeatures;classifier;classifier;classifier;N/A;N/A;N/A;2000;100;72;9100;99,4975;0,0000;100,0000;0,0000;99,0000;0,0000;0;0;1;0
20260611_1518;Consistência_1000;classification;AdaptiveRandomForest;Otimizado_FullFeatures;classifier;classifier;classifier;N/A;N/A;N/A;2000;100;73;9200;98,8525;0,2116;100,0000;0,0000;97,7320;0,4124;0;0;3;1
20260611_1518;Consistência_1000;classification;AdaptiveRandomForest;Otimizado_FullFeatures;classifier;classifier;classifier;N/A;N/A;N/A;2000;100;74;9300;100,0000;0,0000;100,0000;0,0000;100,0000;0,0000;0;0;0;0
20260611_1518;Consistência_1000;classification;AdaptiveRandomForest;Otimizado_FullFeatures;classifier;classifier;classifier;N/A;N/A;N/A;2000;100;75;9400;100,0000;0,0000;100,0000;0,0000;100,0000;0,0000;0;0;0;0
20260611_1518;Consistência_1000;classification;AdaptiveRandomForest;Otimizado_FullFeatures;classifier;classifier;classifier;N/A;N/A;N/A;2000;100;76;9500;100,0000;0,0000;100,0000;0,0000;100,0000;0,0000;0;0;0;0
20260611_1518;Consistência_1000;classification;AdaptiveRandomForest;Otimizado_FullFeatures;classifier;classifier;classifier;N/A;N/A;N/A;2000;100;77;9600;0,0000;0,0000;0,0000;0,0000;0,0000;0,0000;1;1;0;0
20260611_1518;Consistência_1000;classification;AdaptiveRandomForest;Otimizado_FullFeatures;classifier;classifier;classifier;N/A;N/A;N/A;2000;100;78;9700;0,0000;0,0000;0,0000;0,0000;0,0000;0,0000;0;0;0;0
20260611_1518;Consistência_1000;classification;AdaptiveRandomForest;Otimizado_FullFeatures;classifier;classifier;classifier;N/A;N/A;N/A;2000;100;79;9800;0,0000;0,0000;0,0000;0,0000;0,0000;0,0000;0;0;0;0
20260611_1518;Consistência_1000;classification;AdaptiveRandomForest;Otimizado_FullFeatures;classifier;classifier;classifier;N/A;N/A;N/A;2000;100;80;9900;0,0000;0,0000;0,0000;0,0000;0,0000;0,0000;0;0;0;0
20260611_1518;Consistência_1000;classification;AdaptiveRandomForest;Otimizado_FullFeatures;classifier;classifier;classifier;N/A;N/A;N/A;2000;100;81;10000;0,0000;0,0000;0,0000;0,0000;0,0000;0,0000;0;0;0;0
20260611_1518;Consistência_1000;classification;AdaptiveRandomForest;Otimizado_FullFeatures;classifier;classifier;classifier;N/A;N/A;N/A;2000;100;82;10100;0,0000;0,0000;0,0000;0,0000;0,0000;0,0000;1;1;0;0
20260611_1518;Consistência_1000;classification;AdaptiveRandomForest;Otimizado_FullFeatures;classifier;classifier;classifier;N/A;N/A;N/A;2000;100;83;10200;0,0000;0,0000;0,0000;0,0000;0,0000;0,0000;0;0;0;0
20260611_1518;Consistência_1000;classification;AdaptiveRandomForest;Otimizado_FullFeatures;classifier;classifier;classifier;N/A;N/A;N/A;2000;100;84;10300;0,0000;0,0000;0,0000;0,0000;0,0000;0,0000;0;0;0;0
20260611_1518;Consistência_1000;classification;AdaptiveRandomForest;Otimizado_FullFeatures;classifier;classifier;classifier;N/A;N/A;N/A;2000;100;85;10400;0,0000;0,0000;0,0000;0,0000;0,0000;0,0000;0;0;0;0
20260611_1518;Consistência_1000;classification;AdaptiveRandomForest;Otimizado_FullFeatures;classifier;classifier;classifier;N/A;N/A;N/A;2000;100;86;10500;0,0000;0,0000;0,0000;0,0000;0,0000;0,0000;0;0;0;0
20260611_1518;Consistência_1000;classification;AdaptiveRandomForest;Otimizado_FullFeatures;classifier;classifier;classifier;N/A;N/A;N/A;2000;100;87;10600;0,0000;0,0000;0,0000;0,0000;0,0000;0,0000;0;0;0;0
20260611_1518;Consistência_1000;classification;AdaptiveRandomForest;Otimizado_FullFeatures;classifier;classifier;classifier;N/A;N/A;N/A;2000;100;88;10700;0,0000;0,0000;0,0000;0,0000;0,0000;0,0000;1;1;0;0
20260611_1518;Consistência_1000;classification;AdaptiveRandomForest;Otimizado_FullFeatures;classifier;classifier;classifier;N/A;N/A;N/A;2000;100;89;10800;0,0000;0,0000;0,0000;0,0000;0,0000;0,0000;0;0;0;0
20260611_1518;Consistência_1000;classification;AdaptiveRandomForest;Otimizado_FullFeatures;classifier;classifier;classifier;N/A;N/A;N/A;2000;100;90;10900;0,0000;0,0000;0,0000;0,0000;0,0000;0,0000;0;0;0;0
20260611_1518;Consistência_1000;classification;AdaptiveRandomForest;Otimizado_FullFeatures;classifier;classifier;classifier;N/A;N/A;N/A;2000;100;91;11000;0,0000;0,0000;0,0000;0,0000;0,0000;0,0000;0;0;0;0
20260611_1518;Consistência_1000;classification;AdaptiveRandomForest;Otimizado_FullFeatures;classifier;classifier;classifier;N/A;N/A;N/A;2000;100;92;11100;0,0000;0,0000;0,0000;0,0000;0,0000;0,0000;0;0;0;0
20260611_1518;Consistência_1000;classification;AdaptiveRandomForest;Otimizado_FullFeatures;classifier;classifier;classifier;N/A;N/A;N/A;2000;100;93;11200;0,0000;0,0000;0,0000;0,0000;0,0000;0,0000;0;0;0;0
20260611_1518;Consistência_1000;classification;AdaptiveRandomForest;Otimizado_FullFeatures;classifier;classifier;classifier;N/A;N/A;N/A;2000;100;94;11300;0,0000;0,0000;0,0000;0,0000;0,0000;0,0000;0;0;0;0
20260611_1518;Consistência_1000;classification;AdaptiveRandomForest;Otimizado_FullFeatures;classifier;classifier;classifier;N/A;N/A;N/A;2000;100;95;11400;0,0000;0,0000;0,0000;0,0000;0,0000;0,0000;0;0;0;0
20260611_1518;Consistência_1000;classification;AdaptiveRandomForest;Otimizado_FullFeatures;classifier;classifier;classifier;N/A;N/A;N/A;2000;100;96;11500;0,0000;0,0000;0,0000;0,0000;0,0000;0,0000;0;0;0;0
20260611_1518;Consistência_1000;classification;AdaptiveRandomForest;Otimizado_FullFeatures;classifier;classifier;classifier;N/A;N/A;N/A;2000;100;97;11600;0,0000;0,0000;0,0000;0,0000;0,0000;0,0000;0;0;0;0
20260611_1518;Consistência_1000;classification;AdaptiveRandomForest;Otimizado_FullFeatures;classifier;classifier;classifier;N/A;N/A;N/A;2000;100;98;11700;0,0000;0,0000;0,0000;0,0000;0,0000;0,0000;1;1;0;0
20260611_1518;Consistência_1000;classification;AdaptiveRandomForest;Otimizado_FullFeatures;classifier;classifier;classifier;N/A;N/A;N/A;2000;100;99;11800;0,0000;0,0000;0,0000;0,0000;0,0000;0,0000;0;0;0;0
20260611_1518;Consistência_1000;classification;AdaptiveRandomForest;Otimizado_FullFeatures;classifier;classifier;classifier;N/A;N/A;N/A;2000;100;100;11900;0,0000;0,0000;0,0000;0,0000;0,0000;0,0000;0;0;0;0
20260611_1518;Consistência_1000;classification;AdaptiveRandomForest;Otimizado_FullFeatures;classifier;classifier;classifier;N/A;N/A;N/A;2000;100;101;12000;0,0000;0,0000;0,0000;0,0000;0,0000;0,0000;0;0;0;0
20260611_1518;Consistência_1000;classification;AdaptiveRandomForest;Otimizado_FullFeatures;classifier;classifier;classifier;N/A;N/A;N/A;2000;100;102;12100;0,0000;0,0000;0,0000;0,0000;0,0000;0,0000;0;0;0;0
20260611_1518;Consistência_1000;classification;AdaptiveRandomForest;Otimizado_FullFeatures;classifier;classifier;classifier;N/A;N/A;N/A;2000;100;103;12200;0,0000;0,0000;0,0000;0,0000;0,0000;0,0000;0;0;0;0
20260611_1518;Consistência_1000;classification;AdaptiveRandomForest;Otimizado_FullFeatures;classifier;classifier;classifier;N/A;N/A;N/A;2000;100;104;12300;0,0000;0,0000;0,0000;0,0000;0,0000;0,0000;0;0;0;0
20260611_1518;Consistência_1000;classification;AdaptiveRandomForest;Otimizado_FullFeatures;classifier;classifier;classifier;N/A;N/A;N/A;2000;100;105;12400;0,0000;0,0000;0,0000;0,0000;0,0000;0,0000;0;0;0;0
20260611_1518;Consistência_1000;classification;AdaptiveRandomForest;Otimizado_FullFeatures;classifier;classifier;classifier;N/A;N/A;N/A;2000;100;106;12500;0,0000;0,0000;0,0000;0,0000;0,0000;0,0000;1;1;0;0
20260611_1518;Consistência_1000;classification;AdaptiveRandomForest;Otimizado_FullFeatures;classifier;classifier;classifier;N/A;N/A;N/A;2000;100;107;12600;0,0000;0,0000;0,0000;0,0000;0,0000;0,0000;0;0;0;0
20260611_1518;Consistência_1000;classification;AdaptiveRandomForest;Otimizado_FullFeatures;classifier;classifier;classifier;N/A;N/A;N/A;2000;100;108;12700;0,0000;0,0000;0,0000;0,0000;0,0000;0,0000;0;0;0;0
20260611_1518;Consistência_1000;classification;AdaptiveRandomForest;Otimizado_FullFeatures;classifier;classifier;classifier;N/A;N/A;N/A;2000;100;109;12800;0,0000;0,0000;0,0000;0,0000;0,0000;0,0000;0;0;0;0
20260611_1518;Consistência_1000;classification;AdaptiveRandomForest;Otimizado_FullFeatures;classifier;classifier;classifier;N/A;N/A;N/A;2000;100;110;12900;0,0000;0,0000;0,0000;0,0000;0,0000;0,0000;0;0;0;0
20260611_1518;Consistência_1000;classification;AdaptiveRandomForest;Otimizado_FullFeatures;classifier;classifier;classifier;N/A;N/A;N/A;2000;100;111;13000;0,0000;0,0000;0,0000;0,0000;0,0000;0,0000;0;0;0;0
20260611_1518;Consistência_1000;classification;AdaptiveRandomForest;Otimizado_FullFeatures;classifier;classifier;classifier;N/A;N/A;N/A;2000;100;112;13100;0,0000;0,0000;0,0000;0,0000;0,0000;0,0000;1;1;0;0
20260611_1518;Consistência_1000;classification;AdaptiveRandomForest;Otimizado_FullFeatures;classifier;classifier;classifier;N/A;N/A;N/A;2000;100;113;13200;0,0000;0,0000;0,0000;0,0000;0,0000;0,0000;0;0;0;0
20260611_1518;Consistência_1000;classification;AdaptiveRandomForest;Otimizado_FullFeatures;classifier;classifier;classifier;N/A;N/A;N/A;2000;100;114;13300;98,4040;0,4947;100,0000;0,0000;96,8627;0,9606;0;0;2;1
20260611_1518;Consistência_1000;classification;AdaptiveRandomForest;Otimizado_FullFeatures;classifier;classifier;classifier;N/A;N/A;N/A;2000;100;115;13400;100,0000;0,0000;100,0000;0,0000;100,0000;0,0000;0;0;0;0
20260611_1518;Consistência_1000;classification;AdaptiveRandomForest;Otimizado_FullFeatures;classifier;classifier;classifier;N/A;N/A;N/A;2000;100;116;13500;99,4975;0,0000;100,0000;0,0000;99,0000;0,0000;0;0;1;0
20260611_1518;Consistência_1000;classification;AdaptiveRandomForest;Otimizado_FullFeatures;classifier;classifier;classifier;N/A;N/A;N/A;2000;100;117;13600;98,8551;0,7333;100,0000;0,0000;97,7465;1,4363;0;0;2;2
20260611_1518;Consistência_1000;classification;AdaptiveRandomForest;Otimizado_FullFeatures;classifier;classifier;classifier;N/A;N/A;N/A;2000;100;118;13700;100,0000;0,0000;100,0000;0,0000;100,0000;0,0000;0;0;0;0
20260611_1518;Consistência_1000;classification;AdaptiveRandomForest;Otimizado_FullFeatures;classifier;classifier;classifier;N/A;N/A;N/A;2000;100;119;13800;98,8269;0,4026;100,0000;0,0000;97,6842;0,7877;0;0;3;1
20260611_1518;Consistência_1000;classification;AdaptiveRandomForest;Otimizado_FullFeatures;classifier;classifier;classifier;N/A;N/A;N/A;2000;100;120;13900;100,0000;0,0000;100,0000;0,0000;100,0000;0,0000;0;0;0;0
20260611_1518;Consistência_1000;classification;AdaptiveRandomForest;Otimizado_FullFeatures;classifier;classifier;classifier;N/A;N/A;N/A;2000;100;121;14000;100,0000;0,0000;100,0000;0,0000;100,0000;0,0000;0;0;0;0
20260611_1518;Consistência_1000;classification;AdaptiveRandomForest;Otimizado_FullFeatures;classifier;classifier;classifier;N/A;N/A;N/A;2000;100;122;14100;100,0000;0,0000;100,0000;0,0000;100,0000;0,0000;0;0;0;0
20260611_1518;Consistência_1000;classification;AdaptiveRandomForest;Otimizado_FullFeatures;classifier;classifier;classifier;N/A;N/A;N/A;2000;100;123;14200;100,0000;0,0000;100,0000;0,0000;100,0000;0,0000;0;0;0;0
20260611_1518;Consistência_1000;classification;AdaptiveRandomForest;Otimizado_FullFeatures;classifier;classifier;classifier;N/A;N/A;N/A;2000;100;124;14300;100,0000;0,0000;100,0000;0,0000;100,0000;0,0000;0;0;0;0
20260611_1518;Consistência_1000;classification;AdaptiveRandomForest;Otimizado_FullFeatures;classifier;classifier;classifier;N/A;N/A;N/A;2000;100;125;14400;0,0000;0,0000;0,0000;0,0000;0,0000;0,0000;0;0;0;0
20260611_1518;Consistência_1000;classification;AdaptiveRandomForest;Otimizado_FullFeatures;classifier;classifier;classifier;N/A;N/A;N/A;2000;100;126;14500;0,0000;0,0000;0,0000;0,0000;0,0000;0,0000;0;0;0;0
20260611_1518;Consistência_1000;classification;AdaptiveRandomForest;Otimizado_FullFeatures;classifier;classifier;classifier;N/A;N/A;N/A;2000;100;127;14600;0,0000;0,0000;0,0000;0,0000;0,0000;0,0000;0;0;0;0
20260611_1518;Consistência_1000;classification;AdaptiveRandomForest;Otimizado_FullFeatures;classifier;classifier;classifier;N/A;N/A;N/A;2000;100;128;14700;0,0000;0,0000;0,0000;0,0000;0,0000;0,0000;0;0;0;0
20260611_1518;Consistência_1000;classification;AdaptiveRandomForest;Otimizado_FullFeatures;classifier;classifier;classifier;N/A;N/A;N/A;2000;100;129;14800;0,0000;0,0000;0,0000;0,0000;0,0000;0,0000;1;0;0;0
20260611_1518;Consistência_1000;classification;AdaptiveRandomForest;Otimizado_FullFeatures;classifier;classifier;classifier;N/A;N/A;N/A;2000;100;130;14900;0,0000;0,0000;0,0000;0,0000;0,0000;0,0000;0;0;0;0
20260611_1518;Consistência_1000;classification;AdaptiveRandomForest;Otimizado_FullFeatures;classifier;classifier;classifier;N/A;N/A;N/A;2000;100;131;15000;0,0000;0,0000;0,0000;0,0000;0,0000;0,0000;0;0;0;0
20260611_1518;Consistência_1000;classification;AdaptiveRandomForest;Otimizado_FullFeatures;classifier;classifier;classifier;N/A;N/A;N/A;2000;100;132;15100;0,0000;0,0000;0,0000;0,0000;0,0000;0,0000;0;0;0;0
20260611_1518;Consistência_1000;classification;AdaptiveRandomForest;Otimizado_FullFeatures;classifier;classifier;classifier;N/A;N/A;N/A;2000;100;133;15200;0,0000;0,0000;0,0000;0,0000;0,0000;0,0000;0;0;0;0
20260611_1518;Consistência_1000;classification;AdaptiveRandomForest;Otimizado_FullFeatures;classifier;classifier;classifier;N/A;N/A;N/A;2000;100;134;15300;0,0000;0,0000;0,0000;0,0000;0,0000;0,0000;0;0;0;0
20260611_1518;Consistência_1000;classification;AdaptiveRandomForest;Otimizado_FullFeatures;classifier;classifier;classifier;N/A;N/A;N/A;2000;100;135;15400;0,0000;0,0000;0,0000;0,0000;0,0000;0,0000;0;0;0;0
20260611_1518;Consistência_1000;classification;AdaptiveRandomForest;Otimizado_FullFeatures;classifier;classifier;classifier;N/A;N/A;N/A;2000;100;136;15500;0,0000;0,0000;0,0000;0,0000;0,0000;0,0000;0;0;0;0
20260611_1518;Consistência_1000;classification;AdaptiveRandomForest;Otimizado_FullFeatures;classifier;classifier;classifier;N/A;N/A;N/A;2000;100;137;15600;0,0000;0,0000;0,0000;0,0000;0,0000;0,0000;0;0;0;0
20260611_1518;Consistência_1000;classification;AdaptiveRandomForest;Otimizado_FullFeatures;classifier;classifier;classifier;N/A;N/A;N/A;2000;100;138;15700;0,0000;0,0000;0,0000;0,0000;0,0000;0,0000;0;0;0;0
20260611_1518;Consistência_1000;classification;AdaptiveRandomForest;Otimizado_FullFeatures;classifier;classifier;classifier;N/A;N/A;N/A;2000;100;139;15800;0,0000;0,0000;0,0000;0,0000;0,0000;0,0000;0;0;0;0
20260611_1518;Consistência_1000;classification;AdaptiveRandomForest;Otimizado_FullFeatures;classifier;classifier;classifier;N/A;N/A;N/A;2000;100;140;15900;0,0000;0,0000;0,0000;0,0000;0,0000;0,0000;0;0;0;0
20260611_1518;Consistência_1000;classification;AdaptiveRandomForest;Otimizado_FullFeatures;classifier;classifier;classifier;N/A;N/A;N/A;2000;100;141;16000;0,0000;0,0000;0,0000;0,0000;0,0000;0,0000;0;0;0;0
20260611_1518;Consistência_1000;classification;AdaptiveRandomForest;Otimizado_FullFeatures;classifier;classifier;classifier;N/A;N/A;N/A;2000;100;142;16100;0,0000;0,0000;0,0000;0,0000;0,0000;0,0000;1;1;0;0
20260611_1518;Consistência_1000;classification;AdaptiveRandomForest;Otimizado_FullFeatures;classifier;classifier;classifier;N/A;N/A;N/A;2000;100;143;16200;0,0000;0,0000;0,0000;0,0000;0,0000;0,0000;0;0;0;0
20260611_1518;Consistência_1000;classification;AdaptiveRandomForest;Otimizado_FullFeatures;classifier;classifier;classifier;N/A;N/A;N/A;2000;100;144;16300;0,0000;0,0000;0,0000;0,0000;0,0000;0,0000;0;0;0;0
20260611_1518;Consistência_1000;classification;AdaptiveRandomForest;Otimizado_FullFeatures;classifier;classifier;classifier;N/A;N/A;N/A;2000;100;145;16400;0,0000;0,0000;0,0000;0,0000;0,0000;0,0000;0;0;0;0
20260611_1518;Consistência_1000;classification;AdaptiveRandomForest;Otimizado_FullFeatures;classifier;classifier;classifier;N/A;N/A;N/A;2000;100;146;16500;0,0000;0,0000;0,0000;0,0000;0,0000;0,0000;0;0;0;0
20260611_1518;Consistência_1000;classification;AdaptiveRandomForest;Otimizado_FullFeatures;classifier;classifier;classifier;N/A;N/A;N/A;2000;100;147;16600;0,0000;0,0000;0,0000;0,0000;0,0000;0,0000;0;0;0;0
20260611_1518;Consistência_1000;classification;AdaptiveRandomForest;Otimizado_FullFeatures;classifier;classifier;classifier;N/A;N/A;N/A;2000;100;148;16700;0,0000;0,0000;0,0000;0,0000;0,0000;0,0000;0;0;0;0
20260611_1518;Consistência_1000;classification;AdaptiveRandomForest;Otimizado_FullFeatures;classifier;classifier;classifier;N/A;N/A;N/A;2000;100;149;16800;0,0000;0,0000;0,0000;0,0000;0,0000;0,0000;0;0;0;0
20260611_1518;Consistência_1000;classification;AdaptiveRandomForest;Otimizado_FullFeatures;classifier;classifier;classifier;N/A;N/A;N/A;2000;100;150;16900;0,0000;0,0000;0,0000;0,0000;0,0000;0,0000;0;0;0;0
20260611_1518;Consistência_1000;classification;AdaptiveRandomForest;Otimizado_FullFeatures;classifier;classifier;classifier;N/A;N/A;N/A;2000;100;151;17000;0,0000;0,0000;0,0000;0,0000;0,0000;0,0000;0;0;0;0
20260611_1518;Consistência_1000;classification;AdaptiveRandomForest;Otimizado_FullFeatures;classifier;classifier;classifier;N/A;N/A;N/A;2000;100;152;17100;0,0000;0,0000;0,0000;0,0000;0,0000;0,0000;0;0;0;0
20260611_1518;Consistência_1000;classification;AdaptiveRandomForest;Otimizado_FullFeatures;classifier;classifier;classifier;N/A;N/A;N/A;2000;100;153;17200;0,0000;0,0000;0,0000;0,0000;0,0000;0,0000;0;0;0;0
20260611_1518;Consistência_1000;classification;AdaptiveRandomForest;Otimizado_FullFeatures;classifier;classifier;classifier;N/A;N/A;N/A;2000;100;154;17300;0,0000;0,0000;0,0000;0,0000;0,0000;0,0000;0;0;0;0
20260611_1518;Consistência_1000;classification;AdaptiveRandomForest;Otimizado_FullFeatures;classifier;classifier;classifier;N/A;N/A;N/A;2000;100;155;17400;0,0000;0,0000;0,0000;0,0000;0,0000;0,0000;0;0;0;0
20260611_1518;Consistência_1000;classification;AdaptiveRandomForest;Otimizado_FullFeatures;classifier;classifier;classifier;N/A;N/A;N/A;2000;100;156;17500;0,0000;0,0000;0,0000;0,0000;0,0000;0,0000;0;0;0;0
20260611_1518;Consistência_1000;classification;AdaptiveRandomForest;Otimizado_FullFeatures;classifier;classifier;classifier;N/A;N/A;N/A;2000;100;157;17600;0,0000;0,0000;0,0000;0,0000;0,0000;0,0000;0;0;0;0
20260611_1518;Consistência_1000;classification;AdaptiveRandomForest;Otimizado_FullFeatures;classifier;classifier;classifier;N/A;N/A;N/A;2000;100;158;17700;0,0000;0,0000;0,0000;0,0000;0,0000;0,0000;0;0;0;0
20260611_1518;Consistência_1000;classification;AdaptiveRandomForest;Otimizado_FullFeatures;classifier;classifier;classifier;N/A;N/A;N/A;2000;100;159;17800;0,0000;0,0000;0,0000;0,0000;0,0000;0,0000;0;0;0;0
20260611_1518;Consistência_1000;classification;AdaptiveRandomForest;Otimizado_FullFeatures;classifier;classifier;classifier;N/A;N/A;N/A;2000;100;160;17900;0,0000;0,0000;0,0000;0,0000;0,0000;0,0000;0;0;0;0
20260611_1518;Generalização_25;classification;AdaptiveRandomForest;Otimizado_FullFeatures;classifier;classifier;classifier;N/A;N/A;N/A;2000;100;1;2000;0,0000;0,0000;0,0000;0,0000;0,0000;0,0000;0;0;0;0
20260611_1518;Generalização_25;classification;AdaptiveRandomForest;Otimizado_FullFeatures;classifier;classifier;classifier;N/A;N/A;N/A;2000;100;2;2100;0,0000;0,0000;0,0000;0,0000;0,0000;0,0000;0;0;0;0
20260611_1518;Generalização_25;classification;AdaptiveRandomForest;Otimizado_FullFeatures;classifier;classifier;classifier;N/A;N/A;N/A;2000;100;3;2200;0,0000;0,0000;0,0000;0,0000;0,0000;0,0000;0;0;0;0
20260611_1518;Generalização_25;classification;AdaptiveRandomForest;Otimizado_FullFeatures;classifier;classifier;classifier;N/A;N/A;N/A;2000;100;4;2300;0,0000;0,0000;0,0000;0,0000;0,0000;0,0000;0;0;0;0
20260611_1518;Generalização_25;classification;AdaptiveRandomForest;Otimizado_FullFeatures;classifier;classifier;classifier;N/A;N/A;N/A;2000;100;5;2400;0,0000;0,0000;0,0000;0,0000;0,0000;0,0000;0;0;0;0
20260611_1518;Generalização_25;classification;AdaptiveRandomForest;Otimizado_FullFeatures;classifier;classifier;classifier;N/A;N/A;N/A;2000;100;6;2500;0,0000;0,0000;0,0000;0,0000;0,0000;0,0000;0;0;0;0
20260611_1518;Generalização_25;classification;AdaptiveRandomForest;Otimizado_FullFeatures;classifier;classifier;classifier;N/A;N/A;N/A;2000;100;7;2600;0,0000;0,0000;0,0000;0,0000;0,0000;0,0000;0;0;0;0
20260611_1518;Generalização_25;classification;AdaptiveRandomForest;Otimizado_FullFeatures;classifier;classifier;classifier;N/A;N/A;N/A;2000;100;8;2700;0,0000;0,0000;0,0000;0,0000;0,0000;0,0000;0;0;0;0
20260611_1518;Generalização_25;classification;AdaptiveRandomForest;Otimizado_FullFeatures;classifier;classifier;classifier;N/A;N/A;N/A;2000;100;9;2800;0,0000;0,0000;0,0000;0,0000;0,0000;0,0000;0;0;0;0
20260611_1518;Generalização_25;classification;AdaptiveRandomForest;Otimizado_FullFeatures;classifier;classifier;classifier;N/A;N/A;N/A;2000;100;10;2900;0,0000;0,0000;0,0000;0,0000;0,0000;0,0000;0;0;0;0
20260611_1518;Generalização_25;classification;AdaptiveRandomForest;Otimizado_FullFeatures;classifier;classifier;classifier;N/A;N/A;N/A;2000;100;11;3000;0,0000;0,0000;0,0000;0,0000;0,0000;0,0000;0;0;0;0
20260611_1518;Generalização_25;classification;AdaptiveRandomForest;Otimizado_FullFeatures;classifier;classifier;classifier;N/A;N/A;N/A;2000;100;12;3100;0,0000;0,0000;0,0000;0,0000;0,0000;0,0000;0;0;0;0
20260611_1518;Generalização_25;classification;AdaptiveRandomForest;Otimizado_FullFeatures;classifier;classifier;classifier;N/A;N/A;N/A;2000;100;13;3200;0,0000;0,0000;0,0000;0,0000;0,0000;0,0000;0;0;0;0
20260611_1518;Generalização_25;classification;AdaptiveRandomForest;Otimizado_FullFeatures;classifier;classifier;classifier;N/A;N/A;N/A;2000;100;14;3300;0,0000;0,0000;0,0000;0,0000;0,0000;0,0000;0;0;0;0
20260611_1518;Generalização_25;classification;AdaptiveRandomForest;Otimizado_FullFeatures;classifier;classifier;classifier;N/A;N/A;N/A;2000;100;15;3400;0,0000;0,0000;0,0000;0,0000;0,0000;0,0000;0;0;0;0
20260611_1518;Generalização_25;classification;AdaptiveRandomForest;Otimizado_FullFeatures;classifier;classifier;classifier;N/A;N/A;N/A;2000;100;16;3500;0,0000;0,0000;0,0000;0,0000;0,0000;0,0000;0;0;0;0
20260611_1518;Generalização_25;classification;AdaptiveRandomForest;Otimizado_FullFeatures;classifier;classifier;classifier;N/A;N/A;N/A;2000;100;17;3600;0,0000;0,0000;0,0000;0,0000;0,0000;0,0000;0;0;0;0
20260611_1518;Generalização_25;classification;AdaptiveRandomForest;Otimizado_FullFeatures;classifier;classifier;classifier;N/A;N/A;N/A;2000;100;18;3700;0,0000;0,0000;0,0000;0,0000;0,0000;0,0000;0;0;0;0
20260611_1518;Generalização_25;classification;AdaptiveRandomForest;Otimizado_FullFeatures;classifier;classifier;classifier;N/A;N/A;N/A;2000;100;19;3800;90,8213;0,9662;100,0000;0,0000;83,2000;1,6000;0;0;5;1
20260611_1518;Generalização_25;classification;AdaptiveRandomForest;Otimizado_FullFeatures;classifier;classifier;classifier;N/A;N/A;N/A;2000;100;20;3900;0,0000;0,0000;0,0000;0,0000;0,0000;0,0000;2;1;0;0
20260611_1518;Generalização_25;classification;AdaptiveRandomForest;Otimizado_FullFeatures;classifier;classifier;classifier;N/A;N/A;N/A;2000;100;21;4000;0,0000;0,0000;0,0000;0,0000;0,0000;0,0000;1;0;0;0
20260611_1518;Generalização_25;classification;AdaptiveRandomForest;Otimizado_FullFeatures;classifier;classifier;classifier;N/A;N/A;N/A;2000;100;22;4100;0,0000;0,0000;0,0000;0,0000;0,0000;0,0000;0;0;0;0
20260611_1518;Generalização_25;classification;AdaptiveRandomForest;Otimizado_FullFeatures;classifier;classifier;classifier;N/A;N/A;N/A;2000;100;23;4200;0,0000;0,0000;0,0000;0,0000;0,0000;0,0000;0;0;0;0
20260611_1518;Generalização_25;classification;AdaptiveRandomForest;Otimizado_FullFeatures;classifier;classifier;classifier;N/A;N/A;N/A;2000;100;24;4300;0,0000;0,0000;0,0000;0,0000;0,0000;0,0000;0;0;0;0
20260611_1518;Generalização_25;classification;AdaptiveRandomForest;Otimizado_FullFeatures;classifier;classifier;classifier;N/A;N/A;N/A;2000;100;25;4400;0,0000;0,0000;0,0000;0,0000;0,0000;0,0000;0;0;0;0
20260611_1518;Generalização_25;classification;AdaptiveRandomForest;Otimizado_FullFeatures;classifier;classifier;classifier;N/A;N/A;N/A;2000;100;26;4500;0,0000;0,0000;0,0000;0,0000;0,0000;0,0000;0;0;0;0
20260611_1518;Generalização_25;classification;AdaptiveRandomForest;Otimizado_FullFeatures;classifier;classifier;classifier;N/A;N/A;N/A;2000;100;27;4600;0,0000;0,0000;0,0000;0,0000;0,0000;0,0000;1;1;0;0
20260611_1518;Generalização_25;classification;AdaptiveRandomForest;Otimizado_FullFeatures;classifier;classifier;classifier;N/A;N/A;N/A;2000;100;28;4700;0,0000;0,0000;0,0000;0,0000;0,0000;0,0000;0;0;0;0
20260611_1518;Generalização_25;classification;AdaptiveRandomForest;Otimizado_FullFeatures;classifier;classifier;classifier;N/A;N/A;N/A;2000;100;29;4800;0,0000;0,0000;0,0000;0,0000;0,0000;0,0000;0;0;0;0
20260611_1518;Generalização_25;classification;AdaptiveRandomForest;Otimizado_FullFeatures;classifier;classifier;classifier;N/A;N/A;N/A;2000;100;30;4900;0,0000;0,0000;0,0000;0,0000;0,0000;0,0000;0;0;0;0
20260611_1518;Generalização_25;classification;AdaptiveRandomForest;Otimizado_FullFeatures;classifier;classifier;classifier;N/A;N/A;N/A;2000;100;31;5000;0,0000;0,0000;0,0000;0,0000;0,0000;0,0000;0;0;0;0
20260611_1518;Generalização_25;classification;AdaptiveRandomForest;Otimizado_FullFeatures;classifier;classifier;classifier;N/A;N/A;N/A;2000;100;32;5100;0,0000;0,0000;0,0000;0,0000;0,0000;0,0000;0;0;0;0
20260611_1518;Generalização_25;classification;AdaptiveRandomForest;Otimizado_FullFeatures;classifier;classifier;classifier;N/A;N/A;N/A;2000;100;33;5200;0,0000;0,0000;0,0000;0,0000;0,0000;0,0000;0;0;0;0
20260611_1518;Generalização_25;classification;AdaptiveRandomForest;Otimizado_FullFeatures;classifier;classifier;classifier;N/A;N/A;N/A;2000;100;34;5300;0,0000;0,0000;0,0000;0,0000;0,0000;0,0000;0;0;0;0
20260611_1518;Generalização_25;classification;AdaptiveRandomForest;Otimizado_FullFeatures;classifier;classifier;classifier;N/A;N/A;N/A;2000;100;35;5400;0,0000;0,0000;0,0000;0,0000;0,0000;0,0000;0;0;0;0
20260611_1518;Generalização_25;classification;AdaptiveRandomForest;Otimizado_FullFeatures;classifier;classifier;classifier;N/A;N/A;N/A;2000;100;36;5500;0,0000;0,0000;0,0000;0,0000;0,0000;0,0000;0;0;0;0
20260611_1518;Generalização_25;classification;AdaptiveRandomForest;Otimizado_FullFeatures;classifier;classifier;classifier;N/A;N/A;N/A;2000;100;37;5600;0,0000;0,0000;0,0000;0,0000;0,0000;0,0000;0;0;0;0
20260611_1518;Generalização_25;classification;AdaptiveRandomForest;Otimizado_FullFeatures;classifier;classifier;classifier;N/A;N/A;N/A;2000;100;38;5700;0,0000;0,0000;0,0000;0,0000;0,0000;0,0000;0;0;0;0
20260611_1518;Generalização_25;classification;AdaptiveRandomForest;Otimizado_FullFeatures;classifier;classifier;classifier;N/A;N/A;N/A;2000;100;39;5800;0,0000;0,0000;0,0000;0,0000;0,0000;0,0000;0;0;0;0
20260611_1518;Generalização_25;classification;AdaptiveRandomForest;Otimizado_FullFeatures;classifier;classifier;classifier;N/A;N/A;N/A;2000;100;40;5900;0,0000;0,0000;0,0000;0,0000;0,0000;0,0000;0;0;0;0
20260611_1518;Generalização_25;classification;AdaptiveRandomForest;Otimizado_FullFeatures;classifier;classifier;classifier;N/A;N/A;N/A;2000;100;41;6000;0,0000;0,0000;0,0000;0,0000;0,0000;0,0000;0;0;0;0
20260611_1518;Generalização_25;classification;AdaptiveRandomForest;Otimizado_FullFeatures;classifier;classifier;classifier;N/A;N/A;N/A;2000;100;42;6100;0,0000;0,0000;0,0000;0,0000;0,0000;0,0000;0;0;0;0
20260611_1518;Generalização_25;classification;AdaptiveRandomForest;Otimizado_FullFeatures;classifier;classifier;classifier;N/A;N/A;N/A;2000;100;43;6200;0,0000;0,0000;0,0000;0,0000;0,0000;0,0000;0;0;0;0
20260611_1518;Generalização_25;classification;AdaptiveRandomForest;Otimizado_FullFeatures;classifier;classifier;classifier;N/A;N/A;N/A;2000;100;44;6300;0,0000;0,0000;0,0000;0,0000;0,0000;0,0000;0;0;0;0
20260611_1518;Generalização_25;classification;AdaptiveRandomForest;Otimizado_FullFeatures;classifier;classifier;classifier;N/A;N/A;N/A;2000;100;45;6400;0,0000;0,0000;0,0000;0,0000;0,0000;0,0000;0;0;0;0
20260611_1518;Generalização_25;classification;AdaptiveRandomForest;Otimizado_FullFeatures;classifier;classifier;classifier;N/A;N/A;N/A;2000;100;46;6500;0,0000;0,0000;0,0000;0,0000;0,0000;0,0000;0;0;0;0
20260611_1518;Generalização_25;classification;AdaptiveRandomForest;Otimizado_FullFeatures;classifier;classifier;classifier;N/A;N/A;N/A;2000;100;47;6600;0,0000;0,0000;0,0000;0,0000;0,0000;0,0000;0;0;0;0
20260611_1518;Generalização_25;classification;AdaptiveRandomForest;Otimizado_FullFeatures;classifier;classifier;classifier;N/A;N/A;N/A;2000;100;48;6700;0,0000;0,0000;0,0000;0,0000;0,0000;0,0000;0;0;0;0
20260611_1518;Generalização_25;classification;AdaptiveRandomForest;Otimizado_FullFeatures;classifier;classifier;classifier;N/A;N/A;N/A;2000;100;49;6800;0,0000;0,0000;0,0000;0,0000;0,0000;0,0000;0;0;0;0
20260611_1518;Generalização_25;classification;AdaptiveRandomForest;Otimizado_FullFeatures;classifier;classifier;classifier;N/A;N/A;N/A;2000;100;50;6900;0,0000;0,0000;0,0000;0,0000;0,0000;0,0000;0;0;0;0
20260611_1518;Generalização_25;classification;AdaptiveRandomForest;Otimizado_FullFeatures;classifier;classifier;classifier;N/A;N/A;N/A;2000;100;51;7000;0,0000;0,0000;0,0000;0,0000;0,0000;0,0000;0;0;0;0
20260611_1518;Generalização_25;classification;AdaptiveRandomForest;Otimizado_FullFeatures;classifier;classifier;classifier;N/A;N/A;N/A;2000;100;52;7100;0,0000;0,0000;0,0000;0,0000;0,0000;0,0000;0;0;0;0
20260611_1518;Generalização_25;classification;AdaptiveRandomForest;Otimizado_FullFeatures;classifier;classifier;classifier;N/A;N/A;N/A;2000;100;53;7200;0,0000;0,0000;0,0000;0,0000;0,0000;0,0000;0;0;0;0
20260611_1518;Generalização_25;classification;AdaptiveRandomForest;Otimizado_FullFeatures;classifier;classifier;classifier;N/A;N/A;N/A;2000;100;54;7300;0,0000;0,0000;0,0000;0,0000;0,0000;0,0000;0;0;0;0
20260611_1518;Generalização_25;classification;AdaptiveRandomForest;Otimizado_FullFeatures;classifier;classifier;classifier;N/A;N/A;N/A;2000;100;55;7400;0,0000;0,0000;0,0000;0,0000;0,0000;0,0000;0;0;0;0
20260611_1518;Generalização_25;classification;AdaptiveRandomForest;Otimizado_FullFeatures;classifier;classifier;classifier;N/A;N/A;N/A;2000;100;56;7500;0,0000;0,0000;0,0000;0,0000;0,0000;0,0000;0;0;0;0
20260611_1518;Generalização_25;classification;AdaptiveRandomForest;Otimizado_FullFeatures;classifier;classifier;classifier;N/A;N/A;N/A;2000;100;57;7600;94,9287;1,7415;100,0000;0,0000;90,4000;3,2000;0;0;3;1
20260611_1518;Generalização_25;classification;AdaptiveRandomForest;Otimizado_FullFeatures;classifier;classifier;classifier;N/A;N/A;N/A;2000;100;58;7700;0,0000;0,0000;0,0000;0,0000;0,0000;0,0000;0;0;0;0
20260611_1518;Generalização_25;classification;AdaptiveRandomForest;Otimizado_FullFeatures;classifier;classifier;classifier;N/A;N/A;N/A;2000;100;59;7800;0,0000;0,0000;0,0000;0,0000;0,0000;0,0000;0;0;0;0
20260611_1518;Generalização_25;classification;AdaptiveRandomForest;Otimizado_FullFeatures;classifier;classifier;classifier;N/A;N/A;N/A;2000;100;60;7900;0,0000;0,0000;0,0000;0,0000;0,0000;0,0000;0;0;0;0
20260611_1518;Generalização_25;classification;AdaptiveRandomForest;Otimizado_FullFeatures;classifier;classifier;classifier;N/A;N/A;N/A;2000;100;61;8000;0,0000;0,0000;0,0000;0,0000;0,0000;0,0000;0;0;0;0
20260611_1518;Generalização_25;classification;AdaptiveRandomForest;Otimizado_FullFeatures;classifier;classifier;classifier;N/A;N/A;N/A;2000;100;62;8100;0,0000;0,0000;0,0000;0,0000;0,0000;0,0000;0;0;0;0
20260611_1518;Generalização_25;classification;AdaptiveRandomForest;Otimizado_FullFeatures;classifier;classifier;classifier;N/A;N/A;N/A;2000;100;63;8200;0,0000;0,0000;0,0000;0,0000;0,0000;0,0000;0;0;0;0
20260611_1518;Generalização_25;classification;AdaptiveRandomForest;Otimizado_FullFeatures;classifier;classifier;classifier;N/A;N/A;N/A;2000;100;64;8300;0,0000;0,0000;0,0000;0,0000;0,0000;0,0000;0;0;0;0
20260611_1518;Generalização_25;classification;AdaptiveRandomForest;Otimizado_FullFeatures;classifier;classifier;classifier;N/A;N/A;N/A;2000;100;65;8400;0,0000;0,0000;0,0000;0,0000;0,0000;0,0000;0;0;0;0
20260611_1518;Generalização_25;classification;AdaptiveRandomForest;Otimizado_FullFeatures;classifier;classifier;classifier;N/A;N/A;N/A;2000;100;66;8500;0,0000;0,0000;0,0000;0,0000;0,0000;0,0000;0;0;0;0
20260611_1518;Generalização_25;classification;AdaptiveRandomForest;Otimizado_FullFeatures;classifier;classifier;classifier;N/A;N/A;N/A;2000;100;67;8600;0,0000;0,0000;0,0000;0,0000;0,0000;0,0000;0;0;0;0
20260611_1518;Generalização_25;classification;AdaptiveRandomForest;Otimizado_FullFeatures;classifier;classifier;classifier;N/A;N/A;N/A;2000;100;68;8700;0,0000;0,0000;0,0000;0,0000;0,0000;0,0000;0;0;0;0
20260611_1518;Generalização_25;classification;AdaptiveRandomForest;Otimizado_FullFeatures;classifier;classifier;classifier;N/A;N/A;N/A;2000;100;69;8800;0,0000;0,0000;0,0000;0,0000;0,0000;0,0000;0;0;0;0
20260611_1518;Generalização_25;classification;AdaptiveRandomForest;Otimizado_FullFeatures;classifier;classifier;classifier;N/A;N/A;N/A;2000;100;70;8900;0,0000;0,0000;0,0000;0,0000;0,0000;0,0000;0;0;0;0
20260611_1518;Generalização_25;classification;AdaptiveRandomForest;Otimizado_FullFeatures;classifier;classifier;classifier;N/A;N/A;N/A;2000;100;71;9000;0,0000;0,0000;0,0000;0,0000;0,0000;0,0000;0;0;0;0
20260611_1518;Generalização_25;classification;AdaptiveRandomForest;Otimizado_FullFeatures;classifier;classifier;classifier;N/A;N/A;N/A;2000;100;72;9100;0,0000;0,0000;0,0000;0,0000;0,0000;0,0000;0;0;0;0
20260611_1518;Generalização_25;classification;AdaptiveRandomForest;Otimizado_FullFeatures;classifier;classifier;classifier;N/A;N/A;N/A;2000;100;73;9200;0,0000;0,0000;0,0000;0,0000;0,0000;0,0000;0;0;0;0
20260611_1518;Generalização_25;classification;AdaptiveRandomForest;Otimizado_FullFeatures;classifier;classifier;classifier;N/A;N/A;N/A;2000;100;74;9300;0,0000;0,0000;0,0000;0,0000;0,0000;0,0000;0;0;0;0
20260611_1518;Generalização_25;classification;AdaptiveRandomForest;Otimizado_FullFeatures;classifier;classifier;classifier;N/A;N/A;N/A;2000;100;75;9400;0,0000;0,0000;0,0000;0,0000;0,0000;0,0000;0;0;0;0
20260611_1518;Generalização_25;classification;AdaptiveRandomForest;Otimizado_FullFeatures;classifier;classifier;classifier;N/A;N/A;N/A;2000;100;76;9500;0,0000;0,0000;0,0000;0,0000;0,0000;0,0000;0;0;0;0
20260611_1518;Generalização_25;classification;AdaptiveRandomForest;Otimizado_FullFeatures;classifier;classifier;classifier;N/A;N/A;N/A;2000;100;77;9600;0,0000;0,0000;0,0000;0,0000;0,0000;0,0000;0;0;0;0
20260611_1518;Generalização_25;classification;AdaptiveRandomForest;Otimizado_FullFeatures;classifier;classifier;classifier;N/A;N/A;N/A;2000;100;78;9700;0,0000;0,0000;0,0000;0,0000;0,0000;0,0000;0;0;0;0
20260611_1518;Generalização_25;classification;AdaptiveRandomForest;Otimizado_FullFeatures;classifier;classifier;classifier;N/A;N/A;N/A;2000;100;79;9800;0,0000;0,0000;0,0000;0,0000;0,0000;0,0000;0;0;0;0
20260611_1518;Generalização_25;classification;AdaptiveRandomForest;Otimizado_FullFeatures;classifier;classifier;classifier;N/A;N/A;N/A;2000;100;80;9900;0,0000;0,0000;0,0000;0,0000;0,0000;0,0000;0;0;0;0
20260611_1518;Generalização_25;classification;AdaptiveRandomForest;Otimizado_FullFeatures;classifier;classifier;classifier;N/A;N/A;N/A;2000;100;81;10000;0,0000;0,0000;0,0000;0,0000;0,0000;0,0000;0;0;0;0
20260611_1518;Generalização_25;classification;AdaptiveRandomForest;Otimizado_FullFeatures;classifier;classifier;classifier;N/A;N/A;N/A;2000;100;82;10100;0,0000;0,0000;0,0000;0,0000;0,0000;0,0000;0;0;0;0
20260611_1518;Generalização_25;classification;AdaptiveRandomForest;Otimizado_FullFeatures;classifier;classifier;classifier;N/A;N/A;N/A;2000;100;83;10200;0,0000;0,0000;0,0000;0,0000;0,0000;0,0000;0;0;0;0
20260611_1518;Generalização_25;classification;AdaptiveRandomForest;Otimizado_FullFeatures;classifier;classifier;classifier;N/A;N/A;N/A;2000;100;84;10300;0,0000;0,0000;0,0000;0,0000;0,0000;0,0000;0;0;0;0
20260611_1518;Generalização_25;classification;AdaptiveRandomForest;Otimizado_FullFeatures;classifier;classifier;classifier;N/A;N/A;N/A;2000;100;85;10400;0,0000;0,0000;0,0000;0,0000;0,0000;0,0000;0;0;0;0
20260611_1518;Generalização_25;classification;AdaptiveRandomForest;Otimizado_FullFeatures;classifier;classifier;classifier;N/A;N/A;N/A;2000;100;86;10500;0,0000;0,0000;0,0000;0,0000;0,0000;0,0000;0;0;0;0
20260611_1518;Generalização_25;classification;AdaptiveRandomForest;Otimizado_FullFeatures;classifier;classifier;classifier;N/A;N/A;N/A;2000;100;87;10600;0,0000;0,0000;0,0000;0,0000;0,0000;0,0000;0;0;0;0
20260611_1518;Generalização_25;classification;AdaptiveRandomForest;Otimizado_FullFeatures;classifier;classifier;classifier;N/A;N/A;N/A;2000;100;88;10700;0,0000;0,0000;0,0000;0,0000;0,0000;0,0000;0;0;0;0
20260611_1518;Generalização_25;classification;AdaptiveRandomForest;Otimizado_FullFeatures;classifier;classifier;classifier;N/A;N/A;N/A;2000;100;89;10800;0,0000;0,0000;0,0000;0,0000;0,0000;0,0000;0;0;0;0
20260611_1518;Generalização_25;classification;AdaptiveRandomForest;Otimizado_FullFeatures;classifier;classifier;classifier;N/A;N/A;N/A;2000;100;90;10900;0,0000;0,0000;0,0000;0,0000;0,0000;0,0000;0;0;0;0
20260611_1518;Generalização_25;classification;AdaptiveRandomForest;Otimizado_FullFeatures;classifier;classifier;classifier;N/A;N/A;N/A;2000;100;91;11000;0,0000;0,0000;0,0000;0,0000;0,0000;0,0000;0;0;0;0
20260611_1518;Generalização_25;classification;AdaptiveRandomForest;Otimizado_FullFeatures;classifier;classifier;classifier;N/A;N/A;N/A;2000;100;92;11100;0,0000;0,0000;0,0000;0,0000;0,0000;0,0000;0;0;0;0
20260611_1518;Generalização_25;classification;AdaptiveRandomForest;Otimizado_FullFeatures;classifier;classifier;classifier;N/A;N/A;N/A;2000;100;93;11200;0,0000;0,0000;0,0000;0,0000;0,0000;0,0000;0;0;0;0
20260611_1518;Generalização_25;classification;AdaptiveRandomForest;Otimizado_FullFeatures;classifier;classifier;classifier;N/A;N/A;N/A;2000;100;94;11300;100,0000;0,0000;100,0000;0,0000;100,0000;0,0000;0;0;0;0
20260611_1518;Generalização_25;classification;AdaptiveRandomForest;Otimizado_FullFeatures;classifier;classifier;classifier;N/A;N/A;N/A;2000;100;95;11400;97,6744;0,0000;100,0000;0,0000;95,4545;0,0000;0;0;1;0
20260611_1518;Generalização_25;classification;AdaptiveRandomForest;Otimizado_FullFeatures;classifier;classifier;classifier;N/A;N/A;N/A;2000;100;96;11500;0,0000;0,0000;0,0000;0,0000;0,0000;0,0000;0;0;0;0
20260611_1518;Generalização_25;classification;AdaptiveRandomForest;Otimizado_FullFeatures;classifier;classifier;classifier;N/A;N/A;N/A;2000;100;97;11600;0,0000;0,0000;0,0000;0,0000;0,0000;0,0000;0;0;0;0
20260611_1518;Generalização_25;classification;AdaptiveRandomForest;Otimizado_FullFeatures;classifier;classifier;classifier;N/A;N/A;N/A;2000;100;98;11700;0,0000;0,0000;0,0000;0,0000;0,0000;0,0000;0;0;0;0
20260611_1518;Generalização_25;classification;AdaptiveRandomForest;Otimizado_FullFeatures;classifier;classifier;classifier;N/A;N/A;N/A;2000;100;99;11800;0,0000;0,0000;0,0000;0,0000;0,0000;0,0000;0;0;0;0
20260611_1518;Generalização_25;classification;AdaptiveRandomForest;Otimizado_FullFeatures;classifier;classifier;classifier;N/A;N/A;N/A;2000;100;100;11900;0,0000;0,0000;0,0000;0,0000;0,0000;0,0000;0;0;0;0
20260611_1518;Generalização_25;classification;AdaptiveRandomForest;Otimizado_FullFeatures;classifier;classifier;classifier;N/A;N/A;N/A;2000;100;101;12000;0,0000;0,0000;0,0000;0,0000;0,0000;0,0000;0;0;0;0
20260611_1518;Generalização_25;classification;AdaptiveRandomForest;Otimizado_FullFeatures;classifier;classifier;classifier;N/A;N/A;N/A;2000;100;102;12100;0,0000;0,0000;0,0000;0,0000;0,0000;0,0000;0;0;0;0
20260611_1518;Generalização_25;classification;AdaptiveRandomForest;Otimizado_FullFeatures;classifier;classifier;classifier;N/A;N/A;N/A;2000;100;103;12200;0,0000;0,0000;0,0000;0,0000;0,0000;0,0000;0;0;0;0
20260611_1518;Generalização_25;classification;AdaptiveRandomForest;Otimizado_FullFeatures;classifier;classifier;classifier;N/A;N/A;N/A;2000;100;104;12300;0,0000;0,0000;0,0000;0,0000;0,0000;0,0000;0;0;0;0
20260611_1518;Generalização_25;classification;AdaptiveRandomForest;Otimizado_FullFeatures;classifier;classifier;classifier;N/A;N/A;N/A;2000;100;105;12400;0,0000;0,0000;0,0000;0,0000;0,0000;0,0000;0;0;0;0
20260611_1518;Generalização_25;classification;AdaptiveRandomForest;Otimizado_FullFeatures;classifier;classifier;classifier;N/A;N/A;N/A;2000;100;106;12500;0,0000;0,0000;0,0000;0,0000;0,0000;0,0000;0;0;0;0
20260611_1518;Generalização_25;classification;AdaptiveRandomForest;Otimizado_FullFeatures;classifier;classifier;classifier;N/A;N/A;N/A;2000;100;107;12600;0,0000;0,0000;0,0000;0,0000;0,0000;0,0000;0;0;0;0
20260611_1518;Generalização_25;classification;AdaptiveRandomForest;Otimizado_FullFeatures;classifier;classifier;classifier;N/A;N/A;N/A;2000;100;108;12700;0,0000;0,0000;0,0000;0,0000;0,0000;0,0000;0;0;0;0
20260611_1518;Generalização_25;classification;AdaptiveRandomForest;Otimizado_FullFeatures;classifier;classifier;classifier;N/A;N/A;N/A;2000;100;109;12800;0,0000;0,0000;0,0000;0,0000;0,0000;0,0000;0;0;0;0
20260611_1518;Generalização_25;classification;AdaptiveRandomForest;Otimizado_FullFeatures;classifier;classifier;classifier;N/A;N/A;N/A;2000;100;110;12900;0,0000;0,0000;0,0000;0,0000;0,0000;0,0000;0;0;0;0
20260611_1518;Generalização_25;classification;AdaptiveRandomForest;Otimizado_FullFeatures;classifier;classifier;classifier;N/A;N/A;N/A;2000;100;111;13000;0,0000;0,0000;0,0000;0,0000;0,0000;0,0000;0;0;0;0
20260611_1518;Generalização_25;classification;AdaptiveRandomForest;Otimizado_FullFeatures;classifier;classifier;classifier;N/A;N/A;N/A;2000;100;112;13100;0,0000;0,0000;0,0000;0,0000;0,0000;0,0000;0;0;0;0
20260611_1518;Generalização_25;classification;AdaptiveRandomForest;Otimizado_FullFeatures;classifier;classifier;classifier;N/A;N/A;N/A;2000;100;113;13200;0,0000;0,0000;0,0000;0,0000;0,0000;0,0000;0;0;0;0
20260611_1518;Generalização_25;classification;AdaptiveRandomForest;Otimizado_FullFeatures;classifier;classifier;classifier;N/A;N/A;N/A;2000;100;114;13300;0,0000;0,0000;0,0000;0,0000;0,0000;0,0000;0;0;0;0
20260611_1518;Generalização_25;classification;AdaptiveRandomForest;Otimizado_FullFeatures;classifier;classifier;classifier;N/A;N/A;N/A;2000;100;115;13400;0,0000;0,0000;0,0000;0,0000;0,0000;0,0000;0;0;0;0
20260611_1518;Generalização_25;classification;AdaptiveRandomForest;Otimizado_FullFeatures;classifier;classifier;classifier;N/A;N/A;N/A;2000;100;116;13500;0,0000;0,0000;0,0000;0,0000;0,0000;0,0000;0;0;0;0
20260611_1518;Generalização_25;classification;AdaptiveRandomForest;Otimizado_FullFeatures;classifier;classifier;classifier;N/A;N/A;N/A;2000;100;117;13600;0,0000;0,0000;0,0000;0,0000;0,0000;0,0000;0;0;0;0
20260611_1518;Generalização_25;classification;AdaptiveRandomForest;Otimizado_FullFeatures;classifier;classifier;classifier;N/A;N/A;N/A;2000;100;118;13700;0,0000;0,0000;0,0000;0,0000;0,0000;0,0000;0;0;0;0
20260611_1518;Generalização_25;classification;AdaptiveRandomForest;Otimizado_FullFeatures;classifier;classifier;classifier;N/A;N/A;N/A;2000;100;119;13800;0,0000;0,0000;0,0000;0,0000;0,0000;0,0000;0;0;0;0
20260611_1518;Generalização_25;classification;AdaptiveRandomForest;Otimizado_FullFeatures;classifier;classifier;classifier;N/A;N/A;N/A;2000;100;120;13900;0,0000;0,0000;0,0000;0,0000;0,0000;0,0000;0;0;0;0
20260611_1518;Generalização_25;classification;AdaptiveRandomForest;Otimizado_FullFeatures;classifier;classifier;classifier;N/A;N/A;N/A;2000;100;121;14000;0,0000;0,0000;0,0000;0,0000;0,0000;0,0000;0;0;0;0
20260611_1518;Generalização_25;classification;AdaptiveRandomForest;Otimizado_FullFeatures;classifier;classifier;classifier;N/A;N/A;N/A;2000;100;122;14100;0,0000;0,0000;0,0000;0,0000;0,0000;0,0000;0;0;0;0
20260611_1518;Generalização_25;classification;AdaptiveRandomForest;Otimizado_FullFeatures;classifier;classifier;classifier;N/A;N/A;N/A;2000;100;123;14200;0,0000;0,0000;0,0000;0,0000;0,0000;0,0000;0;0;0;0
20260611_1518;Generalização_25;classification;AdaptiveRandomForest;Otimizado_FullFeatures;classifier;classifier;classifier;N/A;N/A;N/A;2000;100;124;14300;0,0000;0,0000;0,0000;0,0000;0,0000;0,0000;0;0;0;0
20260611_1518;Generalização_25;classification;AdaptiveRandomForest;Otimizado_FullFeatures;classifier;classifier;classifier;N/A;N/A;N/A;2000;100;125;14400;0,0000;0,0000;0,0000;0,0000;0,0000;0,0000;0;0;0;0
20260611_1518;Generalização_25;classification;AdaptiveRandomForest;Otimizado_FullFeatures;classifier;classifier;classifier;N/A;N/A;N/A;2000;100;126;14500;0,0000;0,0000;0,0000;0,0000;0,0000;0,0000;0;0;0;0
20260611_1518;Generalização_25;classification;AdaptiveRandomForest;Otimizado_FullFeatures;classifier;classifier;classifier;N/A;N/A;N/A;2000;100;127;14600;0,0000;0,0000;0,0000;0,0000;0,0000;0,0000;0;0;0;0
20260611_1518;Generalização_25;classification;AdaptiveRandomForest;Otimizado_FullFeatures;classifier;classifier;classifier;N/A;N/A;N/A;2000;100;128;14700;0,0000;0,0000;0,0000;0,0000;0,0000;0,0000;0;0;0;0
20260611_1518;Generalização_25;classification;AdaptiveRandomForest;Otimizado_FullFeatures;classifier;classifier;classifier;N/A;N/A;N/A;2000;100;129;14800;0,0000;0,0000;0,0000;0,0000;0,0000;0,0000;0;0;0;0
20260611_1518;Generalização_25;classification;AdaptiveRandomForest;Otimizado_FullFeatures;classifier;classifier;classifier;N/A;N/A;N/A;2000;100;130;14900;0,0000;0,0000;0,0000;0,0000;0,0000;0,0000;0;0;0;0
20260611_1518;Generalização_25;classification;AdaptiveRandomForest;Otimizado_FullFeatures;classifier;classifier;classifier;N/A;N/A;N/A;2000;100;131;15000;0,0000;0,0000;0,0000;0,0000;0,0000;0,0000;0;0;0;0
20260611_1518;Generalização_200;classification;AdaptiveRandomForest;Otimizado_FullFeatures;classifier;classifier;classifier;N/A;N/A;N/A;2000;100;1;2000;0,0000;0,0000;0,0000;0,0000;0,0000;0,0000;0;0;0;0
20260611_1518;Generalização_200;classification;AdaptiveRandomForest;Otimizado_FullFeatures;classifier;classifier;classifier;N/A;N/A;N/A;2000;100;2;2100;0,0000;0,0000;0,0000;0,0000;0,0000;0,0000;0;0;0;0
20260611_1518;Generalização_200;classification;AdaptiveRandomForest;Otimizado_FullFeatures;classifier;classifier;classifier;N/A;N/A;N/A;2000;100;3;2200;0,0000;0,0000;0,0000;0,0000;0,0000;0,0000;0;0;0;0
20260611_1518;Generalização_200;classification;AdaptiveRandomForest;Otimizado_FullFeatures;classifier;classifier;classifier;N/A;N/A;N/A;2000;100;4;2300;0,0000;0,0000;0,0000;0,0000;0,0000;0,0000;0;0;0;0
20260611_1518;Generalização_200;classification;AdaptiveRandomForest;Otimizado_FullFeatures;classifier;classifier;classifier;N/A;N/A;N/A;2000;100;5;2400;0,0000;0,0000;0,0000;0,0000;0,0000;0,0000;0;0;0;0
20260611_1518;Generalização_200;classification;AdaptiveRandomForest;Otimizado_FullFeatures;classifier;classifier;classifier;N/A;N/A;N/A;2000;100;6;2500;0,0000;0,0000;0,0000;0,0000;0,0000;0,0000;0;0;0;0
20260611_1518;Generalização_200;classification;AdaptiveRandomForest;Otimizado_FullFeatures;classifier;classifier;classifier;N/A;N/A;N/A;2000;100;7;2600;0,0000;0,0000;0,0000;0,0000;0,0000;0,0000;0;0;0;0
20260611_1518;Generalização_200;classification;AdaptiveRandomForest;Otimizado_FullFeatures;classifier;classifier;classifier;N/A;N/A;N/A;2000;100;8;2700;0,0000;0,0000;0,0000;0,0000;0,0000;0,0000;0;0;0;0
20260611_1518;Generalização_200;classification;AdaptiveRandomForest;Otimizado_FullFeatures;classifier;classifier;classifier;N/A;N/A;N/A;2000;100;9;2800;0,0000;0,0000;0,0000;0,0000;0,0000;0,0000;0;0;0;0
20260611_1518;Generalização_200;classification;AdaptiveRandomForest;Otimizado_FullFeatures;classifier;classifier;classifier;N/A;N/A;N/A;2000;100;10;2900;0,0000;0,0000;0,0000;0,0000;0,0000;0,0000;0;0;0;0
20260611_1518;Generalização_200;classification;AdaptiveRandomForest;Otimizado_FullFeatures;classifier;classifier;classifier;N/A;N/A;N/A;2000;100;11;3000;0,0000;0,0000;0,0000;0,0000;0,0000;0,0000;0;0;0;0
20260611_1518;Generalização_200;classification;AdaptiveRandomForest;Otimizado_FullFeatures;classifier;classifier;classifier;N/A;N/A;N/A;2000;100;12;3100;0,0000;0,0000;0,0000;0,0000;0,0000;0,0000;0;0;0;0
20260611_1518;Generalização_200;classification;AdaptiveRandomForest;Otimizado_FullFeatures;classifier;classifier;classifier;N/A;N/A;N/A;2000;100;13;3200;0,0000;0,0000;0,0000;0,0000;0,0000;0,0000;0;0;0;0
20260611_1518;Generalização_200;classification;AdaptiveRandomForest;Otimizado_FullFeatures;classifier;classifier;classifier;N/A;N/A;N/A;2000;100;14;3300;0,0000;0,0000;0,0000;0,0000;0,0000;0,0000;0;0;0;0
20260611_1518;Generalização_200;classification;AdaptiveRandomForest;Otimizado_FullFeatures;classifier;classifier;classifier;N/A;N/A;N/A;2000;100;15;3400;0,0000;0,0000;0,0000;0,0000;0,0000;0,0000;0;0;0;0
20260611_1518;Generalização_200;classification;AdaptiveRandomForest;Otimizado_FullFeatures;classifier;classifier;classifier;N/A;N/A;N/A;2000;100;16;3500;0,0000;0,0000;0,0000;0,0000;0,0000;0,0000;0;0;0;0
20260611_1518;Generalização_200;classification;AdaptiveRandomForest;Otimizado_FullFeatures;classifier;classifier;classifier;N/A;N/A;N/A;2000;100;17;3600;0,0000;0,0000;0,0000;0,0000;0,0000;0,0000;0;0;0;0
20260611_1518;Generalização_200;classification;AdaptiveRandomForest;Otimizado_FullFeatures;classifier;classifier;classifier;N/A;N/A;N/A;2000;100;18;3700;0,0000;0,0000;0,0000;0,0000;0,0000;0,0000;0;0;0;0
20260611_1518;Generalização_200;classification;AdaptiveRandomForest;Otimizado_FullFeatures;classifier;classifier;classifier;N/A;N/A;N/A;2000;100;19;3800;94,0867;0,8928;97,3900;0,8236;91,0204;1,6327;2;1;5;1
20260611_1518;Generalização_200;classification;AdaptiveRandomForest;Otimizado_FullFeatures;classifier;classifier;classifier;N/A;N/A;N/A;2000;100;20;3900;99,3789;0,0000;98,7654;0,0000;100,0000;0,0000;1;0;0;0
20260611_1518;Generalização_200;classification;AdaptiveRandomForest;Otimizado_FullFeatures;classifier;classifier;classifier;N/A;N/A;N/A;2000;100;21;4000;98,3753;1,1876;96,8289;2,2606;100,0000;0,0000;2;2;0;0
20260611_1518;Generalização_200;classification;AdaptiveRandomForest;Otimizado_FullFeatures;classifier;classifier;classifier;N/A;N/A;N/A;2000;100;22;4100;0,0000;0,0000;0,0000;0,0000;0,0000;0,0000;0;0;0;0
20260611_1518;Generalização_200;classification;AdaptiveRandomForest;Otimizado_FullFeatures;classifier;classifier;classifier;N/A;N/A;N/A;2000;100;23;4200;0,0000;0,0000;0,0000;0,0000;0,0000;0,0000;0;0;0;0
20260611_1518;Generalização_200;classification;AdaptiveRandomForest;Otimizado_FullFeatures;classifier;classifier;classifier;N/A;N/A;N/A;2000;100;24;4300;0,0000;0,0000;0,0000;0,0000;0,0000;0,0000;0;0;0;0
20260611_1518;Generalização_200;classification;AdaptiveRandomForest;Otimizado_FullFeatures;classifier;classifier;classifier;N/A;N/A;N/A;2000;100;25;4400;0,0000;0,0000;0,0000;0,0000;0,0000;0,0000;0;0;0;0
20260611_1518;Generalização_200;classification;AdaptiveRandomForest;Otimizado_FullFeatures;classifier;classifier;classifier;N/A;N/A;N/A;2000;100;26;4500;0,0000;0,0000;0,0000;0,0000;0,0000;0,0000;0;0;0;0
20260611_1518;Generalização_200;classification;AdaptiveRandomForest;Otimizado_FullFeatures;classifier;classifier;classifier;N/A;N/A;N/A;2000;100;27;4600;0,0000;0,0000;0,0000;0,0000;0,0000;0,0000;0;0;0;0
20260611_1518;Generalização_200;classification;AdaptiveRandomForest;Otimizado_FullFeatures;classifier;classifier;classifier;N/A;N/A;N/A;2000;100;28;4700;0,0000;0,0000;0,0000;0,0000;0,0000;0,0000;0;0;0;0
20260611_1518;Generalização_200;classification;AdaptiveRandomForest;Otimizado_FullFeatures;classifier;classifier;classifier;N/A;N/A;N/A;2000;100;29;4800;0,0000;0,0000;0,0000;0,0000;0,0000;0,0000;0;0;0;0
20260611_1518;Generalização_200;classification;AdaptiveRandomForest;Otimizado_FullFeatures;classifier;classifier;classifier;N/A;N/A;N/A;2000;100;30;4900;0,0000;0,0000;0,0000;0,0000;0,0000;0,0000;0;0;0;0
20260611_1518;Generalização_200;classification;AdaptiveRandomForest;Otimizado_FullFeatures;classifier;classifier;classifier;N/A;N/A;N/A;2000;100;31;5000;0,0000;0,0000;0,0000;0,0000;0,0000;0,0000;0;0;0;0
20260611_1518;Generalização_200;classification;AdaptiveRandomForest;Otimizado_FullFeatures;classifier;classifier;classifier;N/A;N/A;N/A;2000;100;32;5100;0,0000;0,0000;0,0000;0,0000;0,0000;0,0000;0;0;0;0
20260611_1518;Generalização_200;classification;AdaptiveRandomForest;Otimizado_FullFeatures;classifier;classifier;classifier;N/A;N/A;N/A;2000;100;33;5200;0,0000;0,0000;0,0000;0,0000;0,0000;0,0000;0;0;0;0
20260611_1518;Generalização_200;classification;AdaptiveRandomForest;Otimizado_FullFeatures;classifier;classifier;classifier;N/A;N/A;N/A;2000;100;34;5300;0,0000;0,0000;0,0000;0,0000;0,0000;0,0000;0;0;0;0
20260611_1518;Generalização_200;classification;AdaptiveRandomForest;Otimizado_FullFeatures;classifier;classifier;classifier;N/A;N/A;N/A;2000;100;35;5400;0,0000;0,0000;0,0000;0,0000;0,0000;0,0000;0;0;0;0
20260611_1518;Generalização_200;classification;AdaptiveRandomForest;Otimizado_FullFeatures;classifier;classifier;classifier;N/A;N/A;N/A;2000;100;36;5500;0,0000;0,0000;0,0000;0,0000;0,0000;0,0000;0;0;0;0
20260611_1518;Generalização_200;classification;AdaptiveRandomForest;Otimizado_FullFeatures;classifier;classifier;classifier;N/A;N/A;N/A;2000;100;37;5600;0,0000;0,0000;0,0000;0,0000;0,0000;0,0000;0;0;0;0
20260611_1518;Generalização_200;classification;AdaptiveRandomForest;Otimizado_FullFeatures;classifier;classifier;classifier;N/A;N/A;N/A;2000;100;38;5700;0,0000;0,0000;0,0000;0,0000;0,0000;0,0000;0;0;0;0
20260611_1518;Generalização_200;classification;AdaptiveRandomForest;Otimizado_FullFeatures;classifier;classifier;classifier;N/A;N/A;N/A;2000;100;39;5800;0,0000;0,0000;0,0000;0,0000;0,0000;0,0000;0;0;0;0
20260611_1518;Generalização_200;classification;AdaptiveRandomForest;Otimizado_FullFeatures;classifier;classifier;classifier;N/A;N/A;N/A;2000;100;40;5900;0,0000;0,0000;0,0000;0,0000;0,0000;0,0000;0;0;0;0
20260611_1518;Generalização_200;classification;AdaptiveRandomForest;Otimizado_FullFeatures;classifier;classifier;classifier;N/A;N/A;N/A;2000;100;41;6000;0,0000;0,0000;0,0000;0,0000;0,0000;0,0000;0;0;0;0
20260611_1518;Generalização_200;classification;AdaptiveRandomForest;Otimizado_FullFeatures;classifier;classifier;classifier;N/A;N/A;N/A;2000;100;42;6100;0,0000;0,0000;0,0000;0,0000;0,0000;0,0000;0;0;0;0
20260611_1518;Generalização_200;classification;AdaptiveRandomForest;Otimizado_FullFeatures;classifier;classifier;classifier;N/A;N/A;N/A;2000;100;43;6200;0,0000;0,0000;0,0000;0,0000;0,0000;0,0000;0;0;0;0
20260611_1518;Generalização_200;classification;AdaptiveRandomForest;Otimizado_FullFeatures;classifier;classifier;classifier;N/A;N/A;N/A;2000;100;44;6300;0,0000;0,0000;0,0000;0,0000;0,0000;0,0000;0;0;0;0
20260611_1518;Generalização_200;classification;AdaptiveRandomForest;Otimizado_FullFeatures;classifier;classifier;classifier;N/A;N/A;N/A;2000;100;45;6400;0,0000;0,0000;0,0000;0,0000;0,0000;0,0000;0;0;0;0
20260611_1518;Generalização_200;classification;AdaptiveRandomForest;Otimizado_FullFeatures;classifier;classifier;classifier;N/A;N/A;N/A;2000;100;46;6500;0,0000;0,0000;0,0000;0,0000;0,0000;0,0000;0;0;0;0
20260611_1518;Generalização_200;classification;AdaptiveRandomForest;Otimizado_FullFeatures;classifier;classifier;classifier;N/A;N/A;N/A;2000;100;47;6600;0,0000;0,0000;0,0000;0,0000;0,0000;0,0000;0;0;0;0
20260611_1518;Generalização_200;classification;AdaptiveRandomForest;Otimizado_FullFeatures;classifier;classifier;classifier;N/A;N/A;N/A;2000;100;48;6700;0,0000;0,0000;0,0000;0,0000;0,0000;0,0000;0;0;0;0
20260611_1518;Generalização_200;classification;AdaptiveRandomForest;Otimizado_FullFeatures;classifier;classifier;classifier;N/A;N/A;N/A;2000;100;49;6800;0,0000;0,0000;0,0000;0,0000;0,0000;0,0000;0;0;0;0
20260611_1518;Generalização_200;classification;AdaptiveRandomForest;Otimizado_FullFeatures;classifier;classifier;classifier;N/A;N/A;N/A;2000;100;50;6900;0,0000;0,0000;0,0000;0,0000;0,0000;0,0000;0;0;0;0
20260611_1518;Generalização_200;classification;AdaptiveRandomForest;Otimizado_FullFeatures;classifier;classifier;classifier;N/A;N/A;N/A;2000;100;51;7000;0,0000;0,0000;0,0000;0,0000;0,0000;0,0000;0;0;0;0
20260611_1518;Generalização_200;classification;AdaptiveRandomForest;Otimizado_FullFeatures;classifier;classifier;classifier;N/A;N/A;N/A;2000;100;52;7100;0,0000;0,0000;0,0000;0,0000;0,0000;0,0000;0;0;0;0
20260611_1518;Generalização_200;classification;AdaptiveRandomForest;Otimizado_FullFeatures;classifier;classifier;classifier;N/A;N/A;N/A;2000;100;53;7200;0,0000;0,0000;0,0000;0,0000;0,0000;0,0000;0;0;0;0
20260611_1518;Generalização_200;classification;AdaptiveRandomForest;Otimizado_FullFeatures;classifier;classifier;classifier;N/A;N/A;N/A;2000;100;54;7300;0,0000;0,0000;0,0000;0,0000;0,0000;0,0000;0;0;0;0
20260611_1518;Generalização_200;classification;AdaptiveRandomForest;Otimizado_FullFeatures;classifier;classifier;classifier;N/A;N/A;N/A;2000;100;55;7400;0,0000;0,0000;0,0000;0,0000;0,0000;0,0000;0;0;0;0
20260611_1518;Generalização_200;classification;AdaptiveRandomForest;Otimizado_FullFeatures;classifier;classifier;classifier;N/A;N/A;N/A;2000;100;56;7500;0,0000;0,0000;0,0000;0,0000;0,0000;0,0000;0;0;0;0
20260611_1518;Generalização_200;classification;AdaptiveRandomForest;Otimizado_FullFeatures;classifier;classifier;classifier;N/A;N/A;N/A;2000;100;57;7600;0,0000;0,0000;0,0000;0,0000;0,0000;0,0000;0;0;0;0
20260611_1518;Generalização_200;classification;AdaptiveRandomForest;Otimizado_FullFeatures;classifier;classifier;classifier;N/A;N/A;N/A;2000;100;58;7700;0,0000;0,0000;0,0000;0,0000;0,0000;0,0000;0;0;1;0
20260611_1518;Generalização_200;classification;AdaptiveRandomForest;Otimizado_FullFeatures;classifier;classifier;classifier;N/A;N/A;N/A;2000;100;59;7800;98,4772;0,0000;100,0000;0,0000;97,0000;0,0000;0;0;3;0
20260611_1518;Generalização_200;classification;AdaptiveRandomForest;Otimizado_FullFeatures;classifier;classifier;classifier;N/A;N/A;N/A;2000;100;60;7900;100,0000;0,0000;100,0000;0,0000;100,0000;0,0000;0;0;0;0
20260611_1518;Generalização_200;classification;AdaptiveRandomForest;Otimizado_FullFeatures;classifier;classifier;classifier;N/A;N/A;N/A;2000;100;61;8000;0,0000;0,0000;0,0000;0,0000;0,0000;0,0000;0;0;0;0
20260611_1518;Generalização_200;classification;AdaptiveRandomForest;Otimizado_FullFeatures;classifier;classifier;classifier;N/A;N/A;N/A;2000;100;62;8100;0,0000;0,0000;0,0000;0,0000;0,0000;0,0000;0;0;0;0
20260611_1518;Generalização_200;classification;AdaptiveRandomForest;Otimizado_FullFeatures;classifier;classifier;classifier;N/A;N/A;N/A;2000;100;63;8200;0,0000;0,0000;0,0000;0,0000;0,0000;0,0000;0;0;0;0
20260611_1518;Generalização_200;classification;AdaptiveRandomForest;Otimizado_FullFeatures;classifier;classifier;classifier;N/A;N/A;N/A;2000;100;64;8300;0,0000;0,0000;0,0000;0,0000;0,0000;0,0000;0;0;0;0
20260611_1518;Generalização_200;classification;AdaptiveRandomForest;Otimizado_FullFeatures;classifier;classifier;classifier;N/A;N/A;N/A;2000;100;65;8400;0,0000;0,0000;0,0000;0,0000;0,0000;0,0000;0;0;0;0
20260611_1518;Generalização_200;classification;AdaptiveRandomForest;Otimizado_FullFeatures;classifier;classifier;classifier;N/A;N/A;N/A;2000;100;66;8500;0,0000;0,0000;0,0000;0,0000;0,0000;0,0000;0;0;0;0
20260611_1518;Generalização_200;classification;AdaptiveRandomForest;Otimizado_FullFeatures;classifier;classifier;classifier;N/A;N/A;N/A;2000;100;67;8600;0,0000;0,0000;0,0000;0,0000;0,0000;0,0000;0;0;0;0
20260611_1518;Generalização_200;classification;AdaptiveRandomForest;Otimizado_FullFeatures;classifier;classifier;classifier;N/A;N/A;N/A;2000;100;68;8700;0,0000;0,0000;0,0000;0,0000;0,0000;0,0000;0;0;0;0
20260611_1518;Generalização_200;classification;AdaptiveRandomForest;Otimizado_FullFeatures;classifier;classifier;classifier;N/A;N/A;N/A;2000;100;69;8800;0,0000;0,0000;0,0000;0,0000;0,0000;0,0000;0;0;0;0
20260611_1518;Generalização_200;classification;AdaptiveRandomForest;Otimizado_FullFeatures;classifier;classifier;classifier;N/A;N/A;N/A;2000;100;70;8900;0,0000;0,0000;0,0000;0,0000;0,0000;0,0000;0;0;0;0
20260611_1518;Generalização_200;classification;AdaptiveRandomForest;Otimizado_FullFeatures;classifier;classifier;classifier;N/A;N/A;N/A;2000;100;71;9000;0,0000;0,0000;0,0000;0,0000;0,0000;0,0000;0;0;0;0
20260611_1518;Generalização_200;classification;AdaptiveRandomForest;Otimizado_FullFeatures;classifier;classifier;classifier;N/A;N/A;N/A;2000;100;72;9100;0,0000;0,0000;0,0000;0,0000;0,0000;0,0000;0;0;0;0
20260611_1518;Generalização_200;classification;AdaptiveRandomForest;Otimizado_FullFeatures;classifier;classifier;classifier;N/A;N/A;N/A;2000;100;73;9200;0,0000;0,0000;0,0000;0,0000;0,0000;0,0000;0;0;0;0
20260611_1518;Generalização_200;classification;AdaptiveRandomForest;Otimizado_FullFeatures;classifier;classifier;classifier;N/A;N/A;N/A;2000;100;74;9300;0,0000;0,0000;0,0000;0,0000;0,0000;0,0000;0;0;0;0
20260611_1518;Generalização_200;classification;AdaptiveRandomForest;Otimizado_FullFeatures;classifier;classifier;classifier;N/A;N/A;N/A;2000;100;75;9400;0,0000;0,0000;0,0000;0,0000;0,0000;0,0000;0;0;0;0
20260611_1518;Generalização_200;classification;AdaptiveRandomForest;Otimizado_FullFeatures;classifier;classifier;classifier;N/A;N/A;N/A;2000;100;76;9500;0,0000;0,0000;0,0000;0,0000;0,0000;0,0000;0;0;0;0
20260611_1518;Generalização_200;classification;AdaptiveRandomForest;Otimizado_FullFeatures;classifier;classifier;classifier;N/A;N/A;N/A;2000;100;77;9600;0,0000;0,0000;0,0000;0,0000;0,0000;0,0000;0;0;0;0
20260611_1518;Generalização_200;classification;AdaptiveRandomForest;Otimizado_FullFeatures;classifier;classifier;classifier;N/A;N/A;N/A;2000;100;78;9700;0,0000;0,0000;0,0000;0,0000;0,0000;0,0000;0;0;0;0
20260611_1518;Generalização_200;classification;AdaptiveRandomForest;Otimizado_FullFeatures;classifier;classifier;classifier;N/A;N/A;N/A;2000;100;79;9800;0,0000;0,0000;0,0000;0,0000;0,0000;0,0000;0;0;0;0
20260611_1518;Generalização_200;classification;AdaptiveRandomForest;Otimizado_FullFeatures;classifier;classifier;classifier;N/A;N/A;N/A;2000;100;80;9900;0,0000;0,0000;0,0000;0,0000;0,0000;0,0000;0;0;0;0
20260611_1518;Generalização_200;classification;AdaptiveRandomForest;Otimizado_FullFeatures;classifier;classifier;classifier;N/A;N/A;N/A;2000;100;81;10000;0,0000;0,0000;0,0000;0,0000;0,0000;0,0000;0;0;0;0
20260611_1518;Generalização_200;classification;AdaptiveRandomForest;Otimizado_FullFeatures;classifier;classifier;classifier;N/A;N/A;N/A;2000;100;82;10100;0,0000;0,0000;0,0000;0,0000;0,0000;0,0000;0;0;0;0
20260611_1518;Generalização_200;classification;AdaptiveRandomForest;Otimizado_FullFeatures;classifier;classifier;classifier;N/A;N/A;N/A;2000;100;83;10200;0,0000;0,0000;0,0000;0,0000;0,0000;0,0000;0;0;0;0
20260611_1518;Generalização_200;classification;AdaptiveRandomForest;Otimizado_FullFeatures;classifier;classifier;classifier;N/A;N/A;N/A;2000;100;84;10300;0,0000;0,0000;0,0000;0,0000;0,0000;0,0000;0;0;0;0
20260611_1518;Generalização_200;classification;AdaptiveRandomForest;Otimizado_FullFeatures;classifier;classifier;classifier;N/A;N/A;N/A;2000;100;85;10400;0,0000;0,0000;0,0000;0,0000;0,0000;0,0000;0;0;0;0
20260611_1518;Generalização_200;classification;AdaptiveRandomForest;Otimizado_FullFeatures;classifier;classifier;classifier;N/A;N/A;N/A;2000;100;86;10500;0,0000;0,0000;0,0000;0,0000;0,0000;0,0000;0;0;0;0
20260611_1518;Generalização_200;classification;AdaptiveRandomForest;Otimizado_FullFeatures;classifier;classifier;classifier;N/A;N/A;N/A;2000;100;87;10600;0,0000;0,0000;0,0000;0,0000;0,0000;0,0000;0;0;0;0
20260611_1518;Generalização_200;classification;AdaptiveRandomForest;Otimizado_FullFeatures;classifier;classifier;classifier;N/A;N/A;N/A;2000;100;88;10700;0,0000;0,0000;0,0000;0,0000;0,0000;0,0000;0;0;0;0
20260611_1518;Generalização_200;classification;AdaptiveRandomForest;Otimizado_FullFeatures;classifier;classifier;classifier;N/A;N/A;N/A;2000;100;89;10800;0,0000;0,0000;0,0000;0,0000;0,0000;0,0000;0;0;0;0
20260611_1518;Generalização_200;classification;AdaptiveRandomForest;Otimizado_FullFeatures;classifier;classifier;classifier;N/A;N/A;N/A;2000;100;90;10900;0,0000;0,0000;0,0000;0,0000;0,0000;0,0000;0;0;0;0
20260611_1518;Generalização_200;classification;AdaptiveRandomForest;Otimizado_FullFeatures;classifier;classifier;classifier;N/A;N/A;N/A;2000;100;91;11000;0,0000;0,0000;0,0000;0,0000;0,0000;0,0000;0;0;0;0
20260611_1518;Generalização_200;classification;AdaptiveRandomForest;Otimizado_FullFeatures;classifier;classifier;classifier;N/A;N/A;N/A;2000;100;92;11100;0,0000;0,0000;0,0000;0,0000;0,0000;0,0000;0;0;0;0
20260611_1518;Generalização_200;classification;AdaptiveRandomForest;Otimizado_FullFeatures;classifier;classifier;classifier;N/A;N/A;N/A;2000;100;93;11200;0,0000;0,0000;0,0000;0,0000;0,0000;0,0000;0;0;0;0
20260611_1518;Generalização_200;classification;AdaptiveRandomForest;Otimizado_FullFeatures;classifier;classifier;classifier;N/A;N/A;N/A;2000;100;94;11300;0,0000;0,0000;0,0000;0,0000;0,0000;0,0000;0;0;0;0
20260611_1518;Generalização_200;classification;AdaptiveRandomForest;Otimizado_FullFeatures;classifier;classifier;classifier;N/A;N/A;N/A;2000;100;95;11400;0,0000;0,0000;0,0000;0,0000;0,0000;0,0000;0;0;0;0
20260611_1518;Generalização_200;classification;AdaptiveRandomForest;Otimizado_FullFeatures;classifier;classifier;classifier;N/A;N/A;N/A;2000;100;96;11500;0,0000;0,0000;0,0000;0,0000;0,0000;0,0000;0;0;0;0
20260611_1518;Generalização_200;classification;AdaptiveRandomForest;Otimizado_FullFeatures;classifier;classifier;classifier;N/A;N/A;N/A;2000;100;97;11600;0,0000;0,0000;0,0000;0,0000;0,0000;0,0000;0;0;0;0
20260611_1518;Generalização_200;classification;AdaptiveRandomForest;Otimizado_FullFeatures;classifier;classifier;classifier;N/A;N/A;N/A;2000;100;98;11700;95,1708;0,8854;100,0000;0,0000;90,8000;1,6000;0;0;5;1
20260611_1518;Generalização_200;classification;AdaptiveRandomForest;Otimizado_FullFeatures;classifier;classifier;classifier;N/A;N/A;N/A;2000;100;99;11800;100,0000;0,0000;100,0000;0,0000;100,0000;0,0000;0;0;0;0
20260611_1518;Generalização_200;classification;AdaptiveRandomForest;Otimizado_FullFeatures;classifier;classifier;classifier;N/A;N/A;N/A;2000;100;100;11900;98,9691;0,0000;100,0000;0,0000;97,9592;0,0000;0;0;1;0
20260611_1518;Generalização_200;classification;AdaptiveRandomForest;Otimizado_FullFeatures;classifier;classifier;classifier;N/A;N/A;N/A;2000;100;101;12000;0,0000;0,0000;0,0000;0,0000;0,0000;0,0000;0;0;0;0
20260611_1518;Generalização_200;classification;AdaptiveRandomForest;Otimizado_FullFeatures;classifier;classifier;classifier;N/A;N/A;N/A;2000;100;102;12100;0,0000;0,0000;0,0000;0,0000;0,0000;0,0000;0;0;0;0
20260611_1518;Generalização_200;classification;AdaptiveRandomForest;Otimizado_FullFeatures;classifier;classifier;classifier;N/A;N/A;N/A;2000;100;103;12200;0,0000;0,0000;0,0000;0,0000;0,0000;0,0000;0;0;0;0
20260611_1518;Generalização_200;classification;AdaptiveRandomForest;Otimizado_FullFeatures;classifier;classifier;classifier;N/A;N/A;N/A;2000;100;104;12300;0,0000;0,0000;0,0000;0,0000;0,0000;0,0000;0;0;0;0
20260611_1518;Generalização_200;classification;AdaptiveRandomForest;Otimizado_FullFeatures;classifier;classifier;classifier;N/A;N/A;N/A;2000;100;105;12400;0,0000;0,0000;0,0000;0,0000;0,0000;0,0000;0;0;0;0
20260611_1518;Generalização_200;classification;AdaptiveRandomForest;Otimizado_FullFeatures;classifier;classifier;classifier;N/A;N/A;N/A;2000;100;106;12500;0,0000;0,0000;0,0000;0,0000;0,0000;0,0000;0;0;0;0
20260611_1518;Generalização_200;classification;AdaptiveRandomForest;Otimizado_FullFeatures;classifier;classifier;classifier;N/A;N/A;N/A;2000;100;107;12600;0,0000;0,0000;0,0000;0,0000;0,0000;0,0000;0;0;0;0
20260611_1518;Generalização_200;classification;AdaptiveRandomForest;Otimizado_FullFeatures;classifier;classifier;classifier;N/A;N/A;N/A;2000;100;108;12700;0,0000;0,0000;0,0000;0,0000;0,0000;0,0000;0;0;0;0
20260611_1518;Generalização_200;classification;AdaptiveRandomForest;Otimizado_FullFeatures;classifier;classifier;classifier;N/A;N/A;N/A;2000;100;109;12800;0,0000;0,0000;0,0000;0,0000;0,0000;0,0000;0;0;0;0
20260611_1518;Generalização_200;classification;AdaptiveRandomForest;Otimizado_FullFeatures;classifier;classifier;classifier;N/A;N/A;N/A;2000;100;110;12900;0,0000;0,0000;0,0000;0,0000;0,0000;0,0000;0;0;0;0
20260611_1518;Generalização_200;classification;AdaptiveRandomForest;Otimizado_FullFeatures;classifier;classifier;classifier;N/A;N/A;N/A;2000;100;111;13000;0,0000;0,0000;0,0000;0,0000;0,0000;0,0000;0;0;0;0
20260611_1518;Generalização_200;classification;AdaptiveRandomForest;Otimizado_FullFeatures;classifier;classifier;classifier;N/A;N/A;N/A;2000;100;112;13100;0,0000;0,0000;0,0000;0,0000;0,0000;0,0000;0;0;0;0
20260611_1518;Generalização_200;classification;AdaptiveRandomForest;Otimizado_FullFeatures;classifier;classifier;classifier;N/A;N/A;N/A;2000;100;113;13200;0,0000;0,0000;0,0000;0,0000;0,0000;0,0000;0;0;0;0
20260611_1518;Generalização_200;classification;AdaptiveRandomForest;Otimizado_FullFeatures;classifier;classifier;classifier;N/A;N/A;N/A;2000;100;114;13300;0,0000;0,0000;0,0000;0,0000;0,0000;0,0000;0;0;0;0
20260611_1518;Generalização_200;classification;AdaptiveRandomForest;Otimizado_FullFeatures;classifier;classifier;classifier;N/A;N/A;N/A;2000;100;115;13400;0,0000;0,0000;0,0000;0,0000;0,0000;0,0000;0;0;0;0
20260611_1518;Generalização_200;classification;AdaptiveRandomForest;Otimizado_FullFeatures;classifier;classifier;classifier;N/A;N/A;N/A;2000;100;116;13500;0,0000;0,0000;0,0000;0,0000;0,0000;0,0000;0;0;0;0
20260611_1518;Generalização_200;classification;AdaptiveRandomForest;Otimizado_FullFeatures;classifier;classifier;classifier;N/A;N/A;N/A;2000;100;117;13600;0,0000;0,0000;0,0000;0,0000;0,0000;0,0000;0;0;0;0
20260611_1518;Generalização_200;classification;AdaptiveRandomForest;Otimizado_FullFeatures;classifier;classifier;classifier;N/A;N/A;N/A;2000;100;118;13700;0,0000;0,0000;0,0000;0,0000;0,0000;0,0000;0;0;0;0
20260611_1518;Generalização_200;classification;AdaptiveRandomForest;Otimizado_FullFeatures;classifier;classifier;classifier;N/A;N/A;N/A;2000;100;119;13800;0,0000;0,0000;0,0000;0,0000;0,0000;0,0000;0;0;0;0
20260611_1518;Generalização_200;classification;AdaptiveRandomForest;Otimizado_FullFeatures;classifier;classifier;classifier;N/A;N/A;N/A;2000;100;120;13900;0,0000;0,0000;0,0000;0,0000;0,0000;0,0000;0;0;0;0
20260611_1518;Generalização_200;classification;AdaptiveRandomForest;Otimizado_FullFeatures;classifier;classifier;classifier;N/A;N/A;N/A;2000;100;121;14000;0,0000;0,0000;0,0000;0,0000;0,0000;0,0000;0;0;0;0
20260611_1518;Generalização_200;classification;AdaptiveRandomForest;Otimizado_FullFeatures;classifier;classifier;classifier;N/A;N/A;N/A;2000;100;122;14100;0,0000;0,0000;0,0000;0,0000;0,0000;0,0000;0;0;0;0
20260611_1518;Generalização_200;classification;AdaptiveRandomForest;Otimizado_FullFeatures;classifier;classifier;classifier;N/A;N/A;N/A;2000;100;123;14200;0,0000;0,0000;0,0000;0,0000;0,0000;0,0000;0;0;0;0
20260611_1518;Generalização_200;classification;AdaptiveRandomForest;Otimizado_FullFeatures;classifier;classifier;classifier;N/A;N/A;N/A;2000;100;124;14300;0,0000;0,0000;0,0000;0,0000;0,0000;0,0000;0;0;0;0
20260611_1518;Generalização_200;classification;AdaptiveRandomForest;Otimizado_FullFeatures;classifier;classifier;classifier;N/A;N/A;N/A;2000;100;125;14400;0,0000;0,0000;0,0000;0,0000;0,0000;0,0000;0;0;0;0
20260611_1518;Generalização_200;classification;AdaptiveRandomForest;Otimizado_FullFeatures;classifier;classifier;classifier;N/A;N/A;N/A;2000;100;126;14500;0,0000;0,0000;0,0000;0,0000;0,0000;0,0000;0;0;0;0
20260611_1518;Generalização_200;classification;AdaptiveRandomForest;Otimizado_FullFeatures;classifier;classifier;classifier;N/A;N/A;N/A;2000;100;127;14600;0,0000;0,0000;0,0000;0,0000;0,0000;0,0000;0;0;0;0
20260611_1518;Generalização_200;classification;AdaptiveRandomForest;Otimizado_FullFeatures;classifier;classifier;classifier;N/A;N/A;N/A;2000;100;128;14700;0,0000;0,0000;0,0000;0,0000;0,0000;0,0000;0;0;0;0
20260611_1518;Generalização_200;classification;AdaptiveRandomForest;Otimizado_FullFeatures;classifier;classifier;classifier;N/A;N/A;N/A;2000;100;129;14800;0,0000;0,0000;0,0000;0,0000;0,0000;0,0000;0;0;0;0
20260611_1518;Generalização_200;classification;AdaptiveRandomForest;Otimizado_FullFeatures;classifier;classifier;classifier;N/A;N/A;N/A;2000;100;130;14900;0,0000;0,0000;0,0000;0,0000;0,0000;0,0000;0;0;0;0
20260611_1518;Generalização_200;classification;AdaptiveRandomForest;Otimizado_FullFeatures;classifier;classifier;classifier;N/A;N/A;N/A;2000;100;131;15000;0,0000;0,0000;0,0000;0,0000;0,0000;0,0000;0;0;0;0
20260611_1518;Generalização_200;classification;AdaptiveRandomForest;Otimizado_FullFeatures;classifier;classifier;classifier;N/A;N/A;N/A;2000;100;132;15100;0,0000;0,0000;0,0000;0,0000;0,0000;0,0000;0;0;0;0
20260611_1518;Generalização_200;classification;AdaptiveRandomForest;Otimizado_FullFeatures;classifier;classifier;classifier;N/A;N/A;N/A;2000;100;133;15200;0,0000;0,0000;0,0000;0,0000;0,0000;0,0000;0;0;0;0
20260611_1518;Generalização_200;classification;AdaptiveRandomForest;Otimizado_FullFeatures;classifier;classifier;classifier;N/A;N/A;N/A;2000;100;134;15300;0,0000;0,0000;0,0000;0,0000;0,0000;0,0000;0;0;0;0
20260611_1518;Generalização_200;classification;AdaptiveRandomForest;Otimizado_FullFeatures;classifier;classifier;classifier;N/A;N/A;N/A;2000;100;135;15400;0,0000;0,0000;0,0000;0,0000;0,0000;0,0000;0;0;0;0
20260611_1518;Generalização_200;classification;AdaptiveRandomForest;Otimizado_FullFeatures;classifier;classifier;classifier;N/A;N/A;N/A;2000;100;136;15500;0,0000;0,0000;0,0000;0,0000;0,0000;0,0000;0;0;0;0
20260612_0942;Adaptação_25;classification;AdaptiveRandomForest;Otimizado_FullFeatures;classifier;classifier;classifier;N/A;N/A;N/A;2000;100;1;2000;0,0000;0,0000;0,0000;0,0000;0,0000;0,0000;0;0;0;0
20260612_0942;Adaptação_25;classification;AdaptiveRandomForest;Otimizado_FullFeatures;classifier;classifier;classifier;N/A;N/A;N/A;2000;100;2;2100;0,0000;0,0000;0,0000;0,0000;0,0000;0,0000;0;0;0;0
20260612_0942;Adaptação_25;classification;AdaptiveRandomForest;Otimizado_FullFeatures;classifier;classifier;classifier;N/A;N/A;N/A;2000;100;3;2200;0,0000;0,0000;0,0000;0,0000;0,0000;0,0000;0;0;0;0
20260612_0942;Adaptação_25;classification;AdaptiveRandomForest;Otimizado_FullFeatures;classifier;classifier;classifier;N/A;N/A;N/A;2000;100;4;2300;0,0000;0,0000;0,0000;0,0000;0,0000;0,0000;0;0;0;0
20260612_0942;Adaptação_25;classification;AdaptiveRandomForest;Otimizado_FullFeatures;classifier;classifier;classifier;N/A;N/A;N/A;2000;100;5;2400;0,0000;0,0000;0,0000;0,0000;0,0000;0,0000;0;0;0;0
20260612_0942;Adaptação_25;classification;AdaptiveRandomForest;Otimizado_FullFeatures;classifier;classifier;classifier;N/A;N/A;N/A;2000;100;6;2500;0,0000;0,0000;0,0000;0,0000;0,0000;0,0000;0;0;0;0
20260612_0942;Adaptação_25;classification;AdaptiveRandomForest;Otimizado_FullFeatures;classifier;classifier;classifier;N/A;N/A;N/A;2000;100;7;2600;0,0000;0,0000;0,0000;0,0000;0,0000;0,0000;0;0;0;0
20260612_0942;Adaptação_25;classification;AdaptiveRandomForest;Otimizado_FullFeatures;classifier;classifier;classifier;N/A;N/A;N/A;2000;100;8;2700;0,0000;0,0000;0,0000;0,0000;0,0000;0,0000;0;0;0;0
20260612_0942;Adaptação_25;classification;AdaptiveRandomForest;Otimizado_FullFeatures;classifier;classifier;classifier;N/A;N/A;N/A;2000;100;9;2800;0,0000;0,0000;0,0000;0,0000;0,0000;0,0000;0;0;0;0
20260612_0942;Adaptação_25;classification;AdaptiveRandomForest;Otimizado_FullFeatures;classifier;classifier;classifier;N/A;N/A;N/A;2000;100;10;2900;0,0000;0,0000;0,0000;0,0000;0,0000;0,0000;0;0;0;0
20260612_0942;Adaptação_25;classification;AdaptiveRandomForest;Otimizado_FullFeatures;classifier;classifier;classifier;N/A;N/A;N/A;2000;100;11;3000;0,0000;0,0000;0,0000;0,0000;0,0000;0,0000;0;0;0;0
20260612_0942;Adaptação_25;classification;AdaptiveRandomForest;Otimizado_FullFeatures;classifier;classifier;classifier;N/A;N/A;N/A;2000;100;12;3100;0,0000;0,0000;0,0000;0,0000;0,0000;0,0000;0;0;0;0
20260612_0942;Adaptação_25;classification;AdaptiveRandomForest;Otimizado_FullFeatures;classifier;classifier;classifier;N/A;N/A;N/A;2000;100;13;3200;0,0000;0,0000;0,0000;0,0000;0,0000;0,0000;0;0;0;0
20260612_0942;Adaptação_25;classification;AdaptiveRandomForest;Otimizado_FullFeatures;classifier;classifier;classifier;N/A;N/A;N/A;2000;100;14;3300;0,0000;0,0000;0,0000;0,0000;0,0000;0,0000;0;0;0;0
20260612_0942;Adaptação_25;classification;AdaptiveRandomForest;Otimizado_FullFeatures;classifier;classifier;classifier;N/A;N/A;N/A;2000;100;15;3400;0,0000;0,0000;0,0000;0,0000;0,0000;0,0000;0;0;0;0
20260612_0942;Adaptação_25;classification;AdaptiveRandomForest;Otimizado_FullFeatures;classifier;classifier;classifier;N/A;N/A;N/A;2000;100;16;3500;0,0000;0,0000;0,0000;0,0000;0,0000;0,0000;0;0;0;0
20260612_0942;Adaptação_25;classification;AdaptiveRandomForest;Otimizado_FullFeatures;classifier;classifier;classifier;N/A;N/A;N/A;2000;100;17;3600;0,0000;0,0000;0,0000;0,0000;0,0000;0,0000;0;0;0;0
20260612_0942;Adaptação_25;classification;AdaptiveRandomForest;Otimizado_FullFeatures;classifier;classifier;classifier;N/A;N/A;N/A;2000;100;18;3700;0,0000;0,0000;0,0000;0,0000;0,0000;0,0000;0;0;0;0
20260612_0942;Adaptação_25;classification;AdaptiveRandomForest;Otimizado_FullFeatures;classifier;classifier;classifier;N/A;N/A;N/A;2000;100;19;3800;90,4327;1,0779;99,0909;1,8182;83,2000;1,6000;1;1;5;1
20260612_0942;Adaptação_25;classification;AdaptiveRandomForest;Otimizado_FullFeatures;classifier;classifier;classifier;N/A;N/A;N/A;2000;100;20;3900;0,0000;0,0000;0,0000;0,0000;0,0000;0,0000;2;1;0;0
20260612_0942;Adaptação_25;classification;AdaptiveRandomForest;Otimizado_FullFeatures;classifier;classifier;classifier;N/A;N/A;N/A;2000;100;21;4000;0,0000;0,0000;0,0000;0,0000;0,0000;0,0000;0;0;0;0
20260612_0942;Adaptação_25;classification;AdaptiveRandomForest;Otimizado_FullFeatures;classifier;classifier;classifier;N/A;N/A;N/A;2000;100;22;4100;0,0000;0,0000;0,0000;0,0000;0,0000;0,0000;0;0;0;0
20260612_0942;Adaptação_25;classification;AdaptiveRandomForest;Otimizado_FullFeatures;classifier;classifier;classifier;N/A;N/A;N/A;2000;100;23;4200;0,0000;0,0000;0,0000;0,0000;0,0000;0,0000;0;0;0;0
20260612_0942;Adaptação_25;classification;AdaptiveRandomForest;Otimizado_FullFeatures;classifier;classifier;classifier;N/A;N/A;N/A;2000;100;24;4300;0,0000;0,0000;0,0000;0,0000;0,0000;0,0000;0;0;0;0
20260612_0942;Adaptação_25;classification;AdaptiveRandomForest;Otimizado_FullFeatures;classifier;classifier;classifier;N/A;N/A;N/A;2000;100;25;4400;0,0000;0,0000;0,0000;0,0000;0,0000;0,0000;0;0;0;0
20260612_0942;Adaptação_25;classification;AdaptiveRandomForest;Otimizado_FullFeatures;classifier;classifier;classifier;N/A;N/A;N/A;2000;100;26;4500;0,0000;0,0000;0,0000;0,0000;0,0000;0,0000;0;0;0;0
20260612_0942;Adaptação_25;classification;AdaptiveRandomForest;Otimizado_FullFeatures;classifier;classifier;classifier;N/A;N/A;N/A;2000;100;27;4600;0,0000;0,0000;0,0000;0,0000;0,0000;0,0000;0;0;0;0
20260612_0942;Adaptação_25;classification;AdaptiveRandomForest;Otimizado_FullFeatures;classifier;classifier;classifier;N/A;N/A;N/A;2000;100;28;4700;0,0000;0,0000;0,0000;0,0000;0,0000;0,0000;0;0;0;0
20260612_0942;Adaptação_25;classification;AdaptiveRandomForest;Otimizado_FullFeatures;classifier;classifier;classifier;N/A;N/A;N/A;2000;100;29;4800;0,0000;0,0000;0,0000;0,0000;0,0000;0,0000;0;0;0;0
20260612_0942;Adaptação_25;classification;AdaptiveRandomForest;Otimizado_FullFeatures;classifier;classifier;classifier;N/A;N/A;N/A;2000;100;30;4900;0,0000;0,0000;0,0000;0,0000;0,0000;0,0000;1;1;0;0
20260612_0942;Adaptação_25;classification;AdaptiveRandomForest;Otimizado_FullFeatures;classifier;classifier;classifier;N/A;N/A;N/A;2000;100;31;5000;0,0000;0,0000;0,0000;0,0000;0,0000;0,0000;0;0;0;0
20260612_0942;Adaptação_25;classification;AdaptiveRandomForest;Otimizado_FullFeatures;classifier;classifier;classifier;N/A;N/A;N/A;2000;100;32;5100;0,0000;0,0000;0,0000;0,0000;0,0000;0,0000;0;0;0;0
20260612_0942;Adaptação_25;classification;AdaptiveRandomForest;Otimizado_FullFeatures;classifier;classifier;classifier;N/A;N/A;N/A;2000;100;33;5200;0,0000;0,0000;0,0000;0,0000;0,0000;0,0000;0;0;0;0
20260612_0942;Adaptação_25;classification;AdaptiveRandomForest;Otimizado_FullFeatures;classifier;classifier;classifier;N/A;N/A;N/A;2000;100;34;5300;0,0000;0,0000;0,0000;0,0000;0,0000;0,0000;0;0;0;0
20260612_0942;Adaptação_25;classification;AdaptiveRandomForest;Otimizado_FullFeatures;classifier;classifier;classifier;N/A;N/A;N/A;2000;100;35;5400;0,0000;0,0000;0,0000;0,0000;0,0000;0,0000;0;0;0;0
20260612_0942;Adaptação_25;classification;AdaptiveRandomForest;Otimizado_FullFeatures;classifier;classifier;classifier;N/A;N/A;N/A;2000;100;36;5500;0,0000;0,0000;0,0000;0,0000;0,0000;0,0000;0;0;0;0
20260612_0942;Adaptação_25;classification;AdaptiveRandomForest;Otimizado_FullFeatures;classifier;classifier;classifier;N/A;N/A;N/A;2000;100;37;5600;0,0000;0,0000;0,0000;0,0000;0,0000;0,0000;0;0;0;0
20260612_0942;Adaptação_25;classification;AdaptiveRandomForest;Otimizado_FullFeatures;classifier;classifier;classifier;N/A;N/A;N/A;2000;100;38;5700;0,0000;0,0000;0,0000;0,0000;0,0000;0,0000;0;0;0;0
20260612_0942;Adaptação_25;classification;AdaptiveRandomForest;Otimizado_FullFeatures;classifier;classifier;classifier;N/A;N/A;N/A;2000;100;39;5800;0,0000;0,0000;0,0000;0,0000;0,0000;0,0000;0;0;0;0
20260612_0942;Adaptação_25;classification;AdaptiveRandomForest;Otimizado_FullFeatures;classifier;classifier;classifier;N/A;N/A;N/A;2000;100;40;5900;0,0000;0,0000;0,0000;0,0000;0,0000;0,0000;0;0;0;0
20260612_0942;Adaptação_25;classification;AdaptiveRandomForest;Otimizado_FullFeatures;classifier;classifier;classifier;N/A;N/A;N/A;2000;100;41;6000;0,0000;0,0000;0,0000;0,0000;0,0000;0,0000;0;0;0;0
20260612_0942;Adaptação_25;classification;AdaptiveRandomForest;Otimizado_FullFeatures;classifier;classifier;classifier;N/A;N/A;N/A;2000;100;42;6100;0,0000;0,0000;0,0000;0,0000;0,0000;0,0000;0;0;0;0
20260612_0942;Adaptação_25;classification;AdaptiveRandomForest;Otimizado_FullFeatures;classifier;classifier;classifier;N/A;N/A;N/A;2000;100;43;6200;0,0000;0,0000;0,0000;0,0000;0,0000;0,0000;0;0;0;0
20260612_0942;Adaptação_25;classification;AdaptiveRandomForest;Otimizado_FullFeatures;classifier;classifier;classifier;N/A;N/A;N/A;2000;100;44;6300;0,0000;0,0000;0,0000;0,0000;0,0000;0,0000;0;0;0;0
20260612_0942;Adaptação_25;classification;AdaptiveRandomForest;Otimizado_FullFeatures;classifier;classifier;classifier;N/A;N/A;N/A;2000;100;45;6400;0,0000;0,0000;0,0000;0,0000;0,0000;0,0000;0;0;0;0
20260612_0942;Adaptação_25;classification;AdaptiveRandomForest;Otimizado_FullFeatures;classifier;classifier;classifier;N/A;N/A;N/A;2000;100;46;6500;0,0000;0,0000;0,0000;0,0000;0,0000;0,0000;0;0;0;0
20260612_0942;Adaptação_25;classification;AdaptiveRandomForest;Otimizado_FullFeatures;classifier;classifier;classifier;N/A;N/A;N/A;2000;100;47;6600;0,0000;0,0000;0,0000;0,0000;0,0000;0,0000;0;0;0;0
20260612_0942;Adaptação_25;classification;AdaptiveRandomForest;Otimizado_FullFeatures;classifier;classifier;classifier;N/A;N/A;N/A;2000;100;48;6700;0,0000;0,0000;0,0000;0,0000;0,0000;0,0000;0;0;0;0
20260612_0942;Adaptação_25;classification;AdaptiveRandomForest;Otimizado_FullFeatures;classifier;classifier;classifier;N/A;N/A;N/A;2000;100;49;6800;0,0000;0,0000;0,0000;0,0000;0,0000;0,0000;0;0;0;0
20260612_0942;Adaptação_25;classification;AdaptiveRandomForest;Otimizado_FullFeatures;classifier;classifier;classifier;N/A;N/A;N/A;2000;100;50;6900;0,0000;0,0000;0,0000;0,0000;0,0000;0,0000;0;0;0;0
20260612_0942;Adaptação_25;classification;AdaptiveRandomForest;Otimizado_FullFeatures;classifier;classifier;classifier;N/A;N/A;N/A;2000;100;51;7000;0,0000;0,0000;0,0000;0,0000;0,0000;0,0000;0;0;0;0
20260612_0942;Adaptação_25;classification;AdaptiveRandomForest;Otimizado_FullFeatures;classifier;classifier;classifier;N/A;N/A;N/A;2000;100;52;7100;0,0000;0,0000;0,0000;0,0000;0,0000;0,0000;0;0;0;0
20260612_0942;Adaptação_25;classification;AdaptiveRandomForest;Otimizado_FullFeatures;classifier;classifier;classifier;N/A;N/A;N/A;2000;100;53;7200;0,0000;0,0000;0,0000;0,0000;0,0000;0,0000;0;0;0;0
20260612_0942;Adaptação_25;classification;AdaptiveRandomForest;Otimizado_FullFeatures;classifier;classifier;classifier;N/A;N/A;N/A;2000;100;54;7300;0,0000;0,0000;0,0000;0,0000;0,0000;0,0000;0;0;0;0
20260612_0942;Adaptação_25;classification;AdaptiveRandomForest;Otimizado_FullFeatures;classifier;classifier;classifier;N/A;N/A;N/A;2000;100;55;7400;0,0000;0,0000;0,0000;0,0000;0,0000;0,0000;0;0;0;0
20260612_0942;Adaptação_25;classification;AdaptiveRandomForest;Otimizado_FullFeatures;classifier;classifier;classifier;N/A;N/A;N/A;2000;100;56;7500;0,0000;0,0000;0,0000;0,0000;0,0000;0,0000;0;0;0;0
20260612_0942;Adaptação_25;classification;AdaptiveRandomForest;Otimizado_FullFeatures;classifier;classifier;classifier;N/A;N/A;N/A;2000;100;57;7600;84,6458;9,0686;98,4615;3,0769;74,7826;11,4704;1;1;6;3
20260612_0942;Adaptação_25;classification;AdaptiveRandomForest;Otimizado_FullFeatures;classifier;classifier;classifier;N/A;N/A;N/A;2000;100;58;7700;0,0000;0,0000;0,0000;0,0000;0,0000;0,0000;0;0;0;0
20260612_0942;Adaptação_25;classification;AdaptiveRandomForest;Otimizado_FullFeatures;classifier;classifier;classifier;N/A;N/A;N/A;2000;100;59;7800;0,0000;0,0000;0,0000;0,0000;0,0000;0,0000;0;0;0;0
20260612_0942;Adaptação_25;classification;AdaptiveRandomForest;Otimizado_FullFeatures;classifier;classifier;classifier;N/A;N/A;N/A;2000;100;60;7900;0,0000;0,0000;0,0000;0,0000;0,0000;0,0000;0;0;0;0
20260612_0942;Adaptação_25;classification;AdaptiveRandomForest;Otimizado_FullFeatures;classifier;classifier;classifier;N/A;N/A;N/A;2000;100;61;8000;0,0000;0,0000;0,0000;0,0000;0,0000;0,0000;0;0;0;0
20260612_0942;Adaptação_25;classification;AdaptiveRandomForest;Otimizado_FullFeatures;classifier;classifier;classifier;N/A;N/A;N/A;2000;100;62;8100;0,0000;0,0000;0,0000;0,0000;0,0000;0,0000;0;0;0;0
20260612_0942;Adaptação_25;classification;AdaptiveRandomForest;Otimizado_FullFeatures;classifier;classifier;classifier;N/A;N/A;N/A;2000;100;63;8200;0,0000;0,0000;0,0000;0,0000;0,0000;0,0000;0;0;0;0
20260612_0942;Adaptação_25;classification;AdaptiveRandomForest;Otimizado_FullFeatures;classifier;classifier;classifier;N/A;N/A;N/A;2000;100;64;8300;0,0000;0,0000;0,0000;0,0000;0,0000;0,0000;0;0;0;0
20260612_0942;Adaptação_25;classification;AdaptiveRandomForest;Otimizado_FullFeatures;classifier;classifier;classifier;N/A;N/A;N/A;2000;100;65;8400;0,0000;0,0000;0,0000;0,0000;0,0000;0,0000;0;0;0;0
20260612_0942;Adaptação_25;classification;AdaptiveRandomForest;Otimizado_FullFeatures;classifier;classifier;classifier;N/A;N/A;N/A;2000;100;66;8500;0,0000;0,0000;0,0000;0,0000;0,0000;0,0000;0;0;0;0
20260612_0942;Adaptação_25;classification;AdaptiveRandomForest;Otimizado_FullFeatures;classifier;classifier;classifier;N/A;N/A;N/A;2000;100;67;8600;0,0000;0,0000;0,0000;0,0000;0,0000;0,0000;0;0;0;0
20260612_0942;Adaptação_25;classification;AdaptiveRandomForest;Otimizado_FullFeatures;classifier;classifier;classifier;N/A;N/A;N/A;2000;100;68;8700;0,0000;0,0000;0,0000;0,0000;0,0000;0,0000;0;0;0;0
20260612_0942;Adaptação_25;classification;AdaptiveRandomForest;Otimizado_FullFeatures;classifier;classifier;classifier;N/A;N/A;N/A;2000;100;69;8800;0,0000;0,0000;0,0000;0,0000;0,0000;0,0000;0;0;0;0
20260612_0942;Adaptação_25;classification;AdaptiveRandomForest;Otimizado_FullFeatures;classifier;classifier;classifier;N/A;N/A;N/A;2000;100;70;8900;0,0000;0,0000;0,0000;0,0000;0,0000;0,0000;0;0;0;0
20260612_0942;Adaptação_25;classification;AdaptiveRandomForest;Otimizado_FullFeatures;classifier;classifier;classifier;N/A;N/A;N/A;2000;100;71;9000;0,0000;0,0000;0,0000;0,0000;0,0000;0,0000;0;0;0;0
20260612_0942;Adaptação_25;classification;AdaptiveRandomForest;Otimizado_FullFeatures;classifier;classifier;classifier;N/A;N/A;N/A;2000;100;72;9100;0,0000;0,0000;0,0000;0,0000;0,0000;0,0000;0;0;0;0
20260612_0942;Adaptação_25;classification;AdaptiveRandomForest;Otimizado_FullFeatures;classifier;classifier;classifier;N/A;N/A;N/A;2000;100;73;9200;0,0000;0,0000;0,0000;0,0000;0,0000;0,0000;0;0;0;0
20260612_0942;Adaptação_25;classification;AdaptiveRandomForest;Otimizado_FullFeatures;classifier;classifier;classifier;N/A;N/A;N/A;2000;100;74;9300;0,0000;0,0000;0,0000;0,0000;0,0000;0,0000;0;0;0;0
20260612_0942;Adaptação_25;classification;AdaptiveRandomForest;Otimizado_FullFeatures;classifier;classifier;classifier;N/A;N/A;N/A;2000;100;75;9400;0,0000;0,0000;0,0000;0,0000;0,0000;0,0000;0;0;0;0
20260612_0942;Adaptação_25;classification;AdaptiveRandomForest;Otimizado_FullFeatures;classifier;classifier;classifier;N/A;N/A;N/A;2000;100;76;9500;0,0000;0,0000;0,0000;0,0000;0,0000;0,0000;0;0;0;0
20260612_0942;Adaptação_25;classification;AdaptiveRandomForest;Otimizado_FullFeatures;classifier;classifier;classifier;N/A;N/A;N/A;2000;100;77;9600;0,0000;0,0000;0,0000;0,0000;0,0000;0,0000;0;0;0;0
20260612_0942;Adaptação_25;classification;AdaptiveRandomForest;Otimizado_FullFeatures;classifier;classifier;classifier;N/A;N/A;N/A;2000;100;78;9700;0,0000;0,0000;0,0000;0,0000;0,0000;0,0000;0;0;0;0
20260612_0942;Adaptação_25;classification;AdaptiveRandomForest;Otimizado_FullFeatures;classifier;classifier;classifier;N/A;N/A;N/A;2000;100;79;9800;0,0000;0,0000;0,0000;0,0000;0,0000;0,0000;0;0;0;0
20260612_0942;Adaptação_25;classification;AdaptiveRandomForest;Otimizado_FullFeatures;classifier;classifier;classifier;N/A;N/A;N/A;2000;100;80;9900;0,0000;0,0000;0,0000;0,0000;0,0000;0,0000;0;0;0;0
20260612_0942;Adaptação_25;classification;AdaptiveRandomForest;Otimizado_FullFeatures;classifier;classifier;classifier;N/A;N/A;N/A;2000;100;81;10000;0,0000;0,0000;0,0000;0,0000;0,0000;0,0000;0;0;0;0
20260612_0942;Adaptação_25;classification;AdaptiveRandomForest;Otimizado_FullFeatures;classifier;classifier;classifier;N/A;N/A;N/A;2000;100;82;10100;0,0000;0,0000;0,0000;0,0000;0,0000;0,0000;0;0;0;0
20260612_0942;Adaptação_25;classification;AdaptiveRandomForest;Otimizado_FullFeatures;classifier;classifier;classifier;N/A;N/A;N/A;2000;100;83;10200;0,0000;0,0000;0,0000;0,0000;0,0000;0,0000;0;0;0;0
20260612_0942;Adaptação_25;classification;AdaptiveRandomForest;Otimizado_FullFeatures;classifier;classifier;classifier;N/A;N/A;N/A;2000;100;84;10300;0,0000;0,0000;0,0000;0,0000;0,0000;0,0000;0;0;0;0
20260612_0942;Adaptação_25;classification;AdaptiveRandomForest;Otimizado_FullFeatures;classifier;classifier;classifier;N/A;N/A;N/A;2000;100;85;10400;0,0000;0,0000;0,0000;0,0000;0,0000;0,0000;0;0;0;0
20260612_0942;Adaptação_25;classification;AdaptiveRandomForest;Otimizado_FullFeatures;classifier;classifier;classifier;N/A;N/A;N/A;2000;100;86;10500;0,0000;0,0000;0,0000;0,0000;0,0000;0,0000;0;0;0;0
20260612_0942;Adaptação_25;classification;AdaptiveRandomForest;Otimizado_FullFeatures;classifier;classifier;classifier;N/A;N/A;N/A;2000;100;87;10600;0,0000;0,0000;0,0000;0,0000;0,0000;0,0000;0;0;0;0
20260612_0942;Adaptação_25;classification;AdaptiveRandomForest;Otimizado_FullFeatures;classifier;classifier;classifier;N/A;N/A;N/A;2000;100;88;10700;0,0000;0,0000;0,0000;0,0000;0,0000;0,0000;0;0;0;0
20260612_0942;Adaptação_25;classification;AdaptiveRandomForest;Otimizado_FullFeatures;classifier;classifier;classifier;N/A;N/A;N/A;2000;100;89;10800;0,0000;0,0000;0,0000;0,0000;0,0000;0,0000;0;0;0;0
20260612_0942;Adaptação_25;classification;AdaptiveRandomForest;Otimizado_FullFeatures;classifier;classifier;classifier;N/A;N/A;N/A;2000;100;90;10900;0,0000;0,0000;0,0000;0,0000;0,0000;0,0000;0;0;0;0
20260612_0942;Adaptação_25;classification;AdaptiveRandomForest;Otimizado_FullFeatures;classifier;classifier;classifier;N/A;N/A;N/A;2000;100;91;11000;0,0000;0,0000;0,0000;0,0000;0,0000;0,0000;0;0;0;0
20260612_0942;Adaptação_25;classification;AdaptiveRandomForest;Otimizado_FullFeatures;classifier;classifier;classifier;N/A;N/A;N/A;2000;100;92;11100;0,0000;0,0000;0,0000;0,0000;0,0000;0,0000;0;0;0;0
20260612_0942;Adaptação_25;classification;AdaptiveRandomForest;Otimizado_FullFeatures;classifier;classifier;classifier;N/A;N/A;N/A;2000;100;93;11200;0,0000;0,0000;0,0000;0,0000;0,0000;0,0000;1;1;0;0
20260612_0942;Adaptação_25;classification;AdaptiveRandomForest;Otimizado_FullFeatures;classifier;classifier;classifier;N/A;N/A;N/A;2000;100;94;11300;80,0000;40,0000;80,0000;40,0000;80,0000;40,0000;0;0;1;1
20260612_0942;Adaptação_25;classification;AdaptiveRandomForest;Otimizado_FullFeatures;classifier;classifier;classifier;N/A;N/A;N/A;2000;100;95;11400;97,6744;0,0000;100,0000;0,0000;95,4545;0,0000;0;0;1;0
20260612_0942;Adaptação_25;classification;AdaptiveRandomForest;Otimizado_FullFeatures;classifier;classifier;classifier;N/A;N/A;N/A;2000;100;96;11500;0,0000;0,0000;0,0000;0,0000;0,0000;0,0000;0;0;0;0
20260612_0942;Adaptação_25;classification;AdaptiveRandomForest;Otimizado_FullFeatures;classifier;classifier;classifier;N/A;N/A;N/A;2000;100;97;11600;0,0000;0,0000;0,0000;0,0000;0,0000;0,0000;0;0;0;0
20260612_0942;Adaptação_25;classification;AdaptiveRandomForest;Otimizado_FullFeatures;classifier;classifier;classifier;N/A;N/A;N/A;2000;100;98;11700;0,0000;0,0000;0,0000;0,0000;0,0000;0,0000;0;0;0;0
20260612_0942;Adaptação_25;classification;AdaptiveRandomForest;Otimizado_FullFeatures;classifier;classifier;classifier;N/A;N/A;N/A;2000;100;99;11800;0,0000;0,0000;0,0000;0,0000;0,0000;0,0000;0;0;0;0
20260612_0942;Adaptação_25;classification;AdaptiveRandomForest;Otimizado_FullFeatures;classifier;classifier;classifier;N/A;N/A;N/A;2000;100;100;11900;0,0000;0,0000;0,0000;0,0000;0,0000;0,0000;0;0;0;0
20260612_0942;Adaptação_25;classification;AdaptiveRandomForest;Otimizado_FullFeatures;classifier;classifier;classifier;N/A;N/A;N/A;2000;100;101;12000;0,0000;0,0000;0,0000;0,0000;0,0000;0,0000;0;0;0;0
20260612_0942;Adaptação_25;classification;AdaptiveRandomForest;Otimizado_FullFeatures;classifier;classifier;classifier;N/A;N/A;N/A;2000;100;102;12100;0,0000;0,0000;0,0000;0,0000;0,0000;0,0000;0;0;0;0
20260612_0942;Adaptação_25;classification;AdaptiveRandomForest;Otimizado_FullFeatures;classifier;classifier;classifier;N/A;N/A;N/A;2000;100;103;12200;0,0000;0,0000;0,0000;0,0000;0,0000;0,0000;0;0;0;0
20260612_0942;Adaptação_25;classification;AdaptiveRandomForest;Otimizado_FullFeatures;classifier;classifier;classifier;N/A;N/A;N/A;2000;100;104;12300;0,0000;0,0000;0,0000;0,0000;0,0000;0,0000;0;0;0;0
20260612_0942;Adaptação_25;classification;AdaptiveRandomForest;Otimizado_FullFeatures;classifier;classifier;classifier;N/A;N/A;N/A;2000;100;105;12400;0,0000;0,0000;0,0000;0,0000;0,0000;0,0000;0;0;0;0
20260612_0942;Adaptação_25;classification;AdaptiveRandomForest;Otimizado_FullFeatures;classifier;classifier;classifier;N/A;N/A;N/A;2000;100;106;12500;0,0000;0,0000;0,0000;0,0000;0,0000;0,0000;0;0;0;0
20260612_0942;Adaptação_25;classification;AdaptiveRandomForest;Otimizado_FullFeatures;classifier;classifier;classifier;N/A;N/A;N/A;2000;100;107;12600;0,0000;0,0000;0,0000;0,0000;0,0000;0,0000;0;0;0;0
20260612_0942;Adaptação_25;classification;AdaptiveRandomForest;Otimizado_FullFeatures;classifier;classifier;classifier;N/A;N/A;N/A;2000;100;108;12700;0,0000;0,0000;0,0000;0,0000;0,0000;0,0000;0;0;0;0
20260612_0942;Adaptação_25;classification;AdaptiveRandomForest;Otimizado_FullFeatures;classifier;classifier;classifier;N/A;N/A;N/A;2000;100;109;12800;0,0000;0,0000;0,0000;0,0000;0,0000;0,0000;0;0;0;0
20260612_0942;Adaptação_25;classification;AdaptiveRandomForest;Otimizado_FullFeatures;classifier;classifier;classifier;N/A;N/A;N/A;2000;100;110;12900;0,0000;0,0000;0,0000;0,0000;0,0000;0,0000;0;0;0;0
20260612_0942;Adaptação_25;classification;AdaptiveRandomForest;Otimizado_FullFeatures;classifier;classifier;classifier;N/A;N/A;N/A;2000;100;111;13000;0,0000;0,0000;0,0000;0,0000;0,0000;0,0000;0;0;0;0
20260612_0942;Adaptação_25;classification;AdaptiveRandomForest;Otimizado_FullFeatures;classifier;classifier;classifier;N/A;N/A;N/A;2000;100;112;13100;0,0000;0,0000;0,0000;0,0000;0,0000;0,0000;0;0;0;0
20260612_0942;Adaptação_25;classification;AdaptiveRandomForest;Otimizado_FullFeatures;classifier;classifier;classifier;N/A;N/A;N/A;2000;100;113;13200;0,0000;0,0000;0,0000;0,0000;0,0000;0,0000;0;0;0;0
20260612_0942;Adaptação_25;classification;AdaptiveRandomForest;Otimizado_FullFeatures;classifier;classifier;classifier;N/A;N/A;N/A;2000;100;114;13300;0,0000;0,0000;0,0000;0,0000;0,0000;0,0000;0;0;0;0
20260612_0942;Adaptação_25;classification;AdaptiveRandomForest;Otimizado_FullFeatures;classifier;classifier;classifier;N/A;N/A;N/A;2000;100;115;13400;0,0000;0,0000;0,0000;0,0000;0,0000;0,0000;0;0;0;0
20260612_0942;Adaptação_25;classification;AdaptiveRandomForest;Otimizado_FullFeatures;classifier;classifier;classifier;N/A;N/A;N/A;2000;100;116;13500;0,0000;0,0000;0,0000;0,0000;0,0000;0,0000;0;0;0;0
20260612_0942;Adaptação_25;classification;AdaptiveRandomForest;Otimizado_FullFeatures;classifier;classifier;classifier;N/A;N/A;N/A;2000;100;117;13600;0,0000;0,0000;0,0000;0,0000;0,0000;0,0000;0;0;0;0
20260612_0942;Adaptação_25;classification;AdaptiveRandomForest;Otimizado_FullFeatures;classifier;classifier;classifier;N/A;N/A;N/A;2000;100;118;13700;0,0000;0,0000;0,0000;0,0000;0,0000;0,0000;0;0;0;0
20260612_0942;Adaptação_25;classification;AdaptiveRandomForest;Otimizado_FullFeatures;classifier;classifier;classifier;N/A;N/A;N/A;2000;100;119;13800;0,0000;0,0000;0,0000;0,0000;0,0000;0,0000;0;0;0;0
20260612_0942;Adaptação_25;classification;AdaptiveRandomForest;Otimizado_FullFeatures;classifier;classifier;classifier;N/A;N/A;N/A;2000;100;120;13900;0,0000;0,0000;0,0000;0,0000;0,0000;0,0000;0;0;0;0
20260612_0942;Adaptação_25;classification;AdaptiveRandomForest;Otimizado_FullFeatures;classifier;classifier;classifier;N/A;N/A;N/A;2000;100;121;14000;0,0000;0,0000;0,0000;0,0000;0,0000;0,0000;0;0;0;0
20260612_0942;Adaptação_25;classification;AdaptiveRandomForest;Otimizado_FullFeatures;classifier;classifier;classifier;N/A;N/A;N/A;2000;100;122;14100;0,0000;0,0000;0,0000;0,0000;0,0000;0,0000;0;0;0;0
20260612_0942;Adaptação_25;classification;AdaptiveRandomForest;Otimizado_FullFeatures;classifier;classifier;classifier;N/A;N/A;N/A;2000;100;123;14200;0,0000;0,0000;0,0000;0,0000;0,0000;0,0000;0;0;0;0
20260612_0942;Adaptação_25;classification;AdaptiveRandomForest;Otimizado_FullFeatures;classifier;classifier;classifier;N/A;N/A;N/A;2000;100;124;14300;0,0000;0,0000;0,0000;0,0000;0,0000;0,0000;0;0;0;0
20260612_0942;Adaptação_25;classification;AdaptiveRandomForest;Otimizado_FullFeatures;classifier;classifier;classifier;N/A;N/A;N/A;2000;100;125;14400;0,0000;0,0000;0,0000;0,0000;0,0000;0,0000;0;0;0;0
20260612_0942;Adaptação_25;classification;AdaptiveRandomForest;Otimizado_FullFeatures;classifier;classifier;classifier;N/A;N/A;N/A;2000;100;126;14500;0,0000;0,0000;0,0000;0,0000;0,0000;0,0000;0;0;0;0
20260612_0942;Adaptação_25;classification;AdaptiveRandomForest;Otimizado_FullFeatures;classifier;classifier;classifier;N/A;N/A;N/A;2000;100;127;14600;0,0000;0,0000;0,0000;0,0000;0,0000;0,0000;0;0;0;0
20260612_0942;Adaptação_25;classification;AdaptiveRandomForest;Otimizado_FullFeatures;classifier;classifier;classifier;N/A;N/A;N/A;2000;100;128;14700;0,0000;0,0000;0,0000;0,0000;0,0000;0,0000;0;0;0;0
20260612_0942;Adaptação_25;classification;AdaptiveRandomForest;Otimizado_FullFeatures;classifier;classifier;classifier;N/A;N/A;N/A;2000;100;129;14800;0,0000;0,0000;0,0000;0,0000;0,0000;0,0000;0;0;0;0
20260612_0942;Adaptação_25;classification;AdaptiveRandomForest;Otimizado_FullFeatures;classifier;classifier;classifier;N/A;N/A;N/A;2000;100;130;14900;0,0000;0,0000;0,0000;0,0000;0,0000;0,0000;0;0;0;0
20260612_0942;Adaptação_25;classification;AdaptiveRandomForest;Otimizado_FullFeatures;classifier;classifier;classifier;N/A;N/A;N/A;2000;100;131;15000;0,0000;0,0000;0,0000;0,0000;0,0000;0,0000;0;0;0;0
20260612_0942;Adaptação_200;classification;AdaptiveRandomForest;Otimizado_FullFeatures;classifier;classifier;classifier;N/A;N/A;N/A;2000;100;1;2000;0,0000;0,0000;0,0000;0,0000;0,0000;0,0000;0;0;0;0
20260612_0942;Adaptação_200;classification;AdaptiveRandomForest;Otimizado_FullFeatures;classifier;classifier;classifier;N/A;N/A;N/A;2000;100;2;2100;0,0000;0,0000;0,0000;0,0000;0,0000;0,0000;0;0;0;0
20260612_0942;Adaptação_200;classification;AdaptiveRandomForest;Otimizado_FullFeatures;classifier;classifier;classifier;N/A;N/A;N/A;2000;100;3;2200;0,0000;0,0000;0,0000;0,0000;0,0000;0,0000;0;0;0;0
20260612_0942;Adaptação_200;classification;AdaptiveRandomForest;Otimizado_FullFeatures;classifier;classifier;classifier;N/A;N/A;N/A;2000;100;4;2300;0,0000;0,0000;0,0000;0,0000;0,0000;0,0000;0;0;0;0
20260612_0942;Adaptação_200;classification;AdaptiveRandomForest;Otimizado_FullFeatures;classifier;classifier;classifier;N/A;N/A;N/A;2000;100;5;2400;0,0000;0,0000;0,0000;0,0000;0,0000;0,0000;0;0;0;0
20260612_0942;Adaptação_200;classification;AdaptiveRandomForest;Otimizado_FullFeatures;classifier;classifier;classifier;N/A;N/A;N/A;2000;100;6;2500;0,0000;0,0000;0,0000;0,0000;0,0000;0,0000;0;0;0;0
20260612_0942;Adaptação_200;classification;AdaptiveRandomForest;Otimizado_FullFeatures;classifier;classifier;classifier;N/A;N/A;N/A;2000;100;7;2600;0,0000;0,0000;0,0000;0,0000;0,0000;0,0000;0;0;0;0
20260612_0942;Adaptação_200;classification;AdaptiveRandomForest;Otimizado_FullFeatures;classifier;classifier;classifier;N/A;N/A;N/A;2000;100;8;2700;0,0000;0,0000;0,0000;0,0000;0,0000;0,0000;0;0;0;0
20260612_0942;Adaptação_200;classification;AdaptiveRandomForest;Otimizado_FullFeatures;classifier;classifier;classifier;N/A;N/A;N/A;2000;100;9;2800;0,0000;0,0000;0,0000;0,0000;0,0000;0,0000;0;0;0;0
20260612_0942;Adaptação_200;classification;AdaptiveRandomForest;Otimizado_FullFeatures;classifier;classifier;classifier;N/A;N/A;N/A;2000;100;10;2900;0,0000;0,0000;0,0000;0,0000;0,0000;0,0000;0;0;0;0
20260612_0942;Adaptação_200;classification;AdaptiveRandomForest;Otimizado_FullFeatures;classifier;classifier;classifier;N/A;N/A;N/A;2000;100;11;3000;0,0000;0,0000;0,0000;0,0000;0,0000;0,0000;0;0;0;0
20260612_0942;Adaptação_200;classification;AdaptiveRandomForest;Otimizado_FullFeatures;classifier;classifier;classifier;N/A;N/A;N/A;2000;100;12;3100;0,0000;0,0000;0,0000;0,0000;0,0000;0,0000;0;0;0;0
20260612_0942;Adaptação_200;classification;AdaptiveRandomForest;Otimizado_FullFeatures;classifier;classifier;classifier;N/A;N/A;N/A;2000;100;13;3200;0,0000;0,0000;0,0000;0,0000;0,0000;0,0000;0;0;0;0
20260612_0942;Adaptação_200;classification;AdaptiveRandomForest;Otimizado_FullFeatures;classifier;classifier;classifier;N/A;N/A;N/A;2000;100;14;3300;0,0000;0,0000;0,0000;0,0000;0,0000;0,0000;0;0;0;0
20260612_0942;Adaptação_200;classification;AdaptiveRandomForest;Otimizado_FullFeatures;classifier;classifier;classifier;N/A;N/A;N/A;2000;100;15;3400;0,0000;0,0000;0,0000;0,0000;0,0000;0,0000;0;0;0;0
20260612_0942;Adaptação_200;classification;AdaptiveRandomForest;Otimizado_FullFeatures;classifier;classifier;classifier;N/A;N/A;N/A;2000;100;16;3500;0,0000;0,0000;0,0000;0,0000;0,0000;0,0000;0;0;0;0
20260612_0942;Adaptação_200;classification;AdaptiveRandomForest;Otimizado_FullFeatures;classifier;classifier;classifier;N/A;N/A;N/A;2000;100;17;3600;0,0000;0,0000;0,0000;0,0000;0,0000;0,0000;0;0;0;0
20260612_0942;Adaptação_200;classification;AdaptiveRandomForest;Otimizado_FullFeatures;classifier;classifier;classifier;N/A;N/A;N/A;2000;100;18;3700;0,0000;0,0000;0,0000;0,0000;0,0000;0,0000;0;0;0;0
20260612_0942;Adaptação_200;classification;AdaptiveRandomForest;Otimizado_FullFeatures;classifier;classifier;classifier;N/A;N/A;N/A;2000;100;19;3800;94,6263;0,4381;95,8156;0,0355;93,4694;0,8163;2;0;4;1
20260612_0942;Adaptação_200;classification;AdaptiveRandomForest;Otimizado_FullFeatures;classifier;classifier;classifier;N/A;N/A;N/A;2000;100;20;3900;98,6304;0,4640;98,2654;0,5998;99,0000;0,5000;2;1;1;1
20260612_0942;Adaptação_200;classification;AdaptiveRandomForest;Otimizado_FullFeatures;classifier;classifier;classifier;N/A;N/A;N/A;2000;100;21;4000;96,5117;0,4844;95,1510;0,9398;97,9167;0,0000;3;1;1;0
20260612_0942;Adaptação_200;classification;AdaptiveRandomForest;Otimizado_FullFeatures;classifier;classifier;classifier;N/A;N/A;N/A;2000;100;22;4100;0,0000;0,0000;0,0000;0,0000;0,0000;0,0000;1;1;0;0
20260612_0942;Adaptação_200;classification;AdaptiveRandomForest;Otimizado_FullFeatures;classifier;classifier;classifier;N/A;N/A;N/A;2000;100;23;4200;0,0000;0,0000;0,0000;0,0000;0,0000;0,0000;0;0;0;0
20260612_0942;Adaptação_200;classification;AdaptiveRandomForest;Otimizado_FullFeatures;classifier;classifier;classifier;N/A;N/A;N/A;2000;100;24;4300;0,0000;0,0000;0,0000;0,0000;0,0000;0,0000;0;0;0;0
20260612_0942;Adaptação_200;classification;AdaptiveRandomForest;Otimizado_FullFeatures;classifier;classifier;classifier;N/A;N/A;N/A;2000;100;25;4400;0,0000;0,0000;0,0000;0,0000;0,0000;0,0000;0;0;0;0
20260612_0942;Adaptação_200;classification;AdaptiveRandomForest;Otimizado_FullFeatures;classifier;classifier;classifier;N/A;N/A;N/A;2000;100;26;4500;0,0000;0,0000;0,0000;0,0000;0,0000;0,0000;0;0;0;0
20260612_0942;Adaptação_200;classification;AdaptiveRandomForest;Otimizado_FullFeatures;classifier;classifier;classifier;N/A;N/A;N/A;2000;100;27;4600;0,0000;0,0000;0,0000;0,0000;0,0000;0,0000;0;0;0;0
20260612_0942;Adaptação_200;classification;AdaptiveRandomForest;Otimizado_FullFeatures;classifier;classifier;classifier;N/A;N/A;N/A;2000;100;28;4700;0,0000;0,0000;0,0000;0,0000;0,0000;0,0000;0;0;0;0
20260612_0942;Adaptação_200;classification;AdaptiveRandomForest;Otimizado_FullFeatures;classifier;classifier;classifier;N/A;N/A;N/A;2000;100;29;4800;0,0000;0,0000;0,0000;0,0000;0,0000;0,0000;0;0;0;0
20260612_0942;Adaptação_200;classification;AdaptiveRandomForest;Otimizado_FullFeatures;classifier;classifier;classifier;N/A;N/A;N/A;2000;100;30;4900;0,0000;0,0000;0,0000;0,0000;0,0000;0,0000;0;0;0;0
20260612_0942;Adaptação_200;classification;AdaptiveRandomForest;Otimizado_FullFeatures;classifier;classifier;classifier;N/A;N/A;N/A;2000;100;31;5000;0,0000;0,0000;0,0000;0,0000;0,0000;0,0000;0;0;0;0
20260612_0942;Adaptação_200;classification;AdaptiveRandomForest;Otimizado_FullFeatures;classifier;classifier;classifier;N/A;N/A;N/A;2000;100;32;5100;0,0000;0,0000;0,0000;0,0000;0,0000;0,0000;0;0;0;0
20260612_0942;Adaptação_200;classification;AdaptiveRandomForest;Otimizado_FullFeatures;classifier;classifier;classifier;N/A;N/A;N/A;2000;100;33;5200;0,0000;0,0000;0,0000;0,0000;0,0000;0,0000;0;0;0;0
20260612_0942;Adaptação_200;classification;AdaptiveRandomForest;Otimizado_FullFeatures;classifier;classifier;classifier;N/A;N/A;N/A;2000;100;34;5300;0,0000;0,0000;0,0000;0,0000;0,0000;0,0000;0;0;0;0
20260612_0942;Adaptação_200;classification;AdaptiveRandomForest;Otimizado_FullFeatures;classifier;classifier;classifier;N/A;N/A;N/A;2000;100;35;5400;0,0000;0,0000;0,0000;0,0000;0,0000;0,0000;0;0;0;0
20260612_0942;Adaptação_200;classification;AdaptiveRandomForest;Otimizado_FullFeatures;classifier;classifier;classifier;N/A;N/A;N/A;2000;100;36;5500;0,0000;0,0000;0,0000;0,0000;0,0000;0,0000;0;0;0;0
20260612_0942;Adaptação_200;classification;AdaptiveRandomForest;Otimizado_FullFeatures;classifier;classifier;classifier;N/A;N/A;N/A;2000;100;37;5600;0,0000;0,0000;0,0000;0,0000;0,0000;0,0000;0;0;0;0
20260612_0942;Adaptação_200;classification;AdaptiveRandomForest;Otimizado_FullFeatures;classifier;classifier;classifier;N/A;N/A;N/A;2000;100;38;5700;0,0000;0,0000;0,0000;0,0000;0,0000;0,0000;0;0;0;0
20260612_0942;Adaptação_200;classification;AdaptiveRandomForest;Otimizado_FullFeatures;classifier;classifier;classifier;N/A;N/A;N/A;2000;100;39;5800;0,0000;0,0000;0,0000;0,0000;0,0000;0,0000;0;0;0;0
20260612_0942;Adaptação_200;classification;AdaptiveRandomForest;Otimizado_FullFeatures;classifier;classifier;classifier;N/A;N/A;N/A;2000;100;40;5900;0,0000;0,0000;0,0000;0,0000;0,0000;0,0000;0;0;0;0
20260612_0942;Adaptação_200;classification;AdaptiveRandomForest;Otimizado_FullFeatures;classifier;classifier;classifier;N/A;N/A;N/A;2000;100;41;6000;0,0000;0,0000;0,0000;0,0000;0,0000;0,0000;0;0;0;0
20260612_0942;Adaptação_200;classification;AdaptiveRandomForest;Otimizado_FullFeatures;classifier;classifier;classifier;N/A;N/A;N/A;2000;100;42;6100;0,0000;0,0000;0,0000;0,0000;0,0000;0,0000;0;0;0;0
20260612_0942;Adaptação_200;classification;AdaptiveRandomForest;Otimizado_FullFeatures;classifier;classifier;classifier;N/A;N/A;N/A;2000;100;43;6200;0,0000;0,0000;0,0000;0,0000;0,0000;0,0000;0;0;0;0
20260612_0942;Adaptação_200;classification;AdaptiveRandomForest;Otimizado_FullFeatures;classifier;classifier;classifier;N/A;N/A;N/A;2000;100;44;6300;0,0000;0,0000;0,0000;0,0000;0,0000;0,0000;0;0;0;0
20260612_0942;Adaptação_200;classification;AdaptiveRandomForest;Otimizado_FullFeatures;classifier;classifier;classifier;N/A;N/A;N/A;2000;100;45;6400;0,0000;0,0000;0,0000;0,0000;0,0000;0,0000;0;0;0;0
20260612_0942;Adaptação_200;classification;AdaptiveRandomForest;Otimizado_FullFeatures;classifier;classifier;classifier;N/A;N/A;N/A;2000;100;46;6500;0,0000;0,0000;0,0000;0,0000;0,0000;0,0000;0;0;0;0
20260612_0942;Adaptação_200;classification;AdaptiveRandomForest;Otimizado_FullFeatures;classifier;classifier;classifier;N/A;N/A;N/A;2000;100;47;6600;0,0000;0,0000;0,0000;0,0000;0,0000;0,0000;0;0;0;0
20260612_0942;Adaptação_200;classification;AdaptiveRandomForest;Otimizado_FullFeatures;classifier;classifier;classifier;N/A;N/A;N/A;2000;100;48;6700;0,0000;0,0000;0,0000;0,0000;0,0000;0,0000;0;0;0;0
20260612_0942;Adaptação_200;classification;AdaptiveRandomForest;Otimizado_FullFeatures;classifier;classifier;classifier;N/A;N/A;N/A;2000;100;49;6800;0,0000;0,0000;0,0000;0,0000;0,0000;0,0000;0;0;0;0
20260612_0942;Adaptação_200;classification;AdaptiveRandomForest;Otimizado_FullFeatures;classifier;classifier;classifier;N/A;N/A;N/A;2000;100;50;6900;0,0000;0,0000;0,0000;0,0000;0,0000;0,0000;0;0;0;0
20260612_0942;Adaptação_200;classification;AdaptiveRandomForest;Otimizado_FullFeatures;classifier;classifier;classifier;N/A;N/A;N/A;2000;100;51;7000;0,0000;0,0000;0,0000;0,0000;0,0000;0,0000;0;0;0;0
20260612_0942;Adaptação_200;classification;AdaptiveRandomForest;Otimizado_FullFeatures;classifier;classifier;classifier;N/A;N/A;N/A;2000;100;52;7100;0,0000;0,0000;0,0000;0,0000;0,0000;0,0000;0;0;0;0
20260612_0942;Adaptação_200;classification;AdaptiveRandomForest;Otimizado_FullFeatures;classifier;classifier;classifier;N/A;N/A;N/A;2000;100;53;7200;0,0000;0,0000;0,0000;0,0000;0,0000;0,0000;0;0;0;0
20260612_0942;Adaptação_200;classification;AdaptiveRandomForest;Otimizado_FullFeatures;classifier;classifier;classifier;N/A;N/A;N/A;2000;100;54;7300;0,0000;0,0000;0,0000;0,0000;0,0000;0,0000;0;0;0;0
20260612_0942;Adaptação_200;classification;AdaptiveRandomForest;Otimizado_FullFeatures;classifier;classifier;classifier;N/A;N/A;N/A;2000;100;55;7400;0,0000;0,0000;0,0000;0,0000;0,0000;0,0000;0;0;0;0
20260612_0942;Adaptação_200;classification;AdaptiveRandomForest;Otimizado_FullFeatures;classifier;classifier;classifier;N/A;N/A;N/A;2000;100;56;7500;0,0000;0,0000;0,0000;0,0000;0,0000;0,0000;0;0;0;0
20260612_0942;Adaptação_200;classification;AdaptiveRandomForest;Otimizado_FullFeatures;classifier;classifier;classifier;N/A;N/A;N/A;2000;100;57;7600;0,0000;0,0000;0,0000;0,0000;0,0000;0,0000;0;0;0;0
20260612_0942;Adaptação_200;classification;AdaptiveRandomForest;Otimizado_FullFeatures;classifier;classifier;classifier;N/A;N/A;N/A;2000;100;58;7700;0,0000;0,0000;0,0000;0,0000;0,0000;0,0000;0;0;1;0
20260612_0942;Adaptação_200;classification;AdaptiveRandomForest;Otimizado_FullFeatures;classifier;classifier;classifier;N/A;N/A;N/A;2000;100;59;7800;92,5405;0,4054;98,3934;0,5546;87,3469;0,4999;2;1;13;1
20260612_0942;Adaptação_200;classification;AdaptiveRandomForest;Otimizado_FullFeatures;classifier;classifier;classifier;N/A;N/A;N/A;2000;100;60;7900;99,4975;0,0000;99,0000;0,0000;100,0000;0,0000;1;0;0;0
20260612_0942;Adaptação_200;classification;AdaptiveRandomForest;Otimizado_FullFeatures;classifier;classifier;classifier;N/A;N/A;N/A;2000;100;61;8000;0,0000;0,0000;0,0000;0,0000;0,0000;0,0000;2;0;0;0
20260612_0942;Adaptação_200;classification;AdaptiveRandomForest;Otimizado_FullFeatures;classifier;classifier;classifier;N/A;N/A;N/A;2000;100;62;8100;0,0000;0,0000;0,0000;0,0000;0,0000;0,0000;0;0;0;0
20260612_0942;Adaptação_200;classification;AdaptiveRandomForest;Otimizado_FullFeatures;classifier;classifier;classifier;N/A;N/A;N/A;2000;100;63;8200;0,0000;0,0000;0,0000;0,0000;0,0000;0,0000;0;0;0;0
20260612_0942;Adaptação_200;classification;AdaptiveRandomForest;Otimizado_FullFeatures;classifier;classifier;classifier;N/A;N/A;N/A;2000;100;64;8300;0,0000;0,0000;0,0000;0,0000;0,0000;0,0000;0;0;0;0
20260612_0942;Adaptação_200;classification;AdaptiveRandomForest;Otimizado_FullFeatures;classifier;classifier;classifier;N/A;N/A;N/A;2000;100;65;8400;0,0000;0,0000;0,0000;0,0000;0,0000;0,0000;0;0;0;0
20260612_0942;Adaptação_200;classification;AdaptiveRandomForest;Otimizado_FullFeatures;classifier;classifier;classifier;N/A;N/A;N/A;2000;100;66;8500;0,0000;0,0000;0,0000;0,0000;0,0000;0,0000;0;0;0;0
20260612_0942;Adaptação_200;classification;AdaptiveRandomForest;Otimizado_FullFeatures;classifier;classifier;classifier;N/A;N/A;N/A;2000;100;67;8600;0,0000;0,0000;0,0000;0,0000;0,0000;0,0000;0;0;0;0
20260612_0942;Adaptação_200;classification;AdaptiveRandomForest;Otimizado_FullFeatures;classifier;classifier;classifier;N/A;N/A;N/A;2000;100;68;8700;0,0000;0,0000;0,0000;0,0000;0,0000;0,0000;0;0;0;0
20260612_0942;Adaptação_200;classification;AdaptiveRandomForest;Otimizado_FullFeatures;classifier;classifier;classifier;N/A;N/A;N/A;2000;100;69;8800;0,0000;0,0000;0,0000;0,0000;0,0000;0,0000;0;0;0;0
20260612_0942;Adaptação_200;classification;AdaptiveRandomForest;Otimizado_FullFeatures;classifier;classifier;classifier;N/A;N/A;N/A;2000;100;70;8900;0,0000;0,0000;0,0000;0,0000;0,0000;0,0000;0;0;0;0
20260612_0942;Adaptação_200;classification;AdaptiveRandomForest;Otimizado_FullFeatures;classifier;classifier;classifier;N/A;N/A;N/A;2000;100;71;9000;0,0000;0,0000;0,0000;0,0000;0,0000;0,0000;0;0;0;0
20260612_0942;Adaptação_200;classification;AdaptiveRandomForest;Otimizado_FullFeatures;classifier;classifier;classifier;N/A;N/A;N/A;2000;100;72;9100;0,0000;0,0000;0,0000;0,0000;0,0000;0,0000;0;0;0;0
20260612_0942;Adaptação_200;classification;AdaptiveRandomForest;Otimizado_FullFeatures;classifier;classifier;classifier;N/A;N/A;N/A;2000;100;73;9200;0,0000;0,0000;0,0000;0,0000;0,0000;0,0000;0;0;0;0
20260612_0942;Adaptação_200;classification;AdaptiveRandomForest;Otimizado_FullFeatures;classifier;classifier;classifier;N/A;N/A;N/A;2000;100;74;9300;0,0000;0,0000;0,0000;0,0000;0,0000;0,0000;0;0;0;0
20260612_0942;Adaptação_200;classification;AdaptiveRandomForest;Otimizado_FullFeatures;classifier;classifier;classifier;N/A;N/A;N/A;2000;100;75;9400;0,0000;0,0000;0,0000;0,0000;0,0000;0,0000;0;0;0;0
20260612_0942;Adaptação_200;classification;AdaptiveRandomForest;Otimizado_FullFeatures;classifier;classifier;classifier;N/A;N/A;N/A;2000;100;76;9500;0,0000;0,0000;0,0000;0,0000;0,0000;0,0000;0;0;0;0
20260612_0942;Adaptação_200;classification;AdaptiveRandomForest;Otimizado_FullFeatures;classifier;classifier;classifier;N/A;N/A;N/A;2000;100;77;9600;0,0000;0,0000;0,0000;0,0000;0,0000;0,0000;0;0;0;0
20260612_0942;Adaptação_200;classification;AdaptiveRandomForest;Otimizado_FullFeatures;classifier;classifier;classifier;N/A;N/A;N/A;2000;100;78;9700;0,0000;0,0000;0,0000;0,0000;0,0000;0,0000;0;0;0;0
20260612_0942;Adaptação_200;classification;AdaptiveRandomForest;Otimizado_FullFeatures;classifier;classifier;classifier;N/A;N/A;N/A;2000;100;79;9800;0,0000;0,0000;0,0000;0,0000;0,0000;0,0000;0;0;0;0
20260612_0942;Adaptação_200;classification;AdaptiveRandomForest;Otimizado_FullFeatures;classifier;classifier;classifier;N/A;N/A;N/A;2000;100;80;9900;0,0000;0,0000;0,0000;0,0000;0,0000;0,0000;0;0;0;0
20260612_0942;Adaptação_200;classification;AdaptiveRandomForest;Otimizado_FullFeatures;classifier;classifier;classifier;N/A;N/A;N/A;2000;100;81;10000;0,0000;0,0000;0,0000;0,0000;0,0000;0,0000;0;0;0;0
20260612_0942;Adaptação_200;classification;AdaptiveRandomForest;Otimizado_FullFeatures;classifier;classifier;classifier;N/A;N/A;N/A;2000;100;82;10100;0,0000;0,0000;0,0000;0,0000;0,0000;0,0000;0;0;0;0
20260612_0942;Adaptação_200;classification;AdaptiveRandomForest;Otimizado_FullFeatures;classifier;classifier;classifier;N/A;N/A;N/A;2000;100;83;10200;0,0000;0,0000;0,0000;0,0000;0,0000;0,0000;0;0;0;0
20260612_0942;Adaptação_200;classification;AdaptiveRandomForest;Otimizado_FullFeatures;classifier;classifier;classifier;N/A;N/A;N/A;2000;100;84;10300;0,0000;0,0000;0,0000;0,0000;0,0000;0,0000;0;0;0;0
20260612_0942;Adaptação_200;classification;AdaptiveRandomForest;Otimizado_FullFeatures;classifier;classifier;classifier;N/A;N/A;N/A;2000;100;85;10400;0,0000;0,0000;0,0000;0,0000;0,0000;0,0000;0;0;0;0
20260612_0942;Adaptação_200;classification;AdaptiveRandomForest;Otimizado_FullFeatures;classifier;classifier;classifier;N/A;N/A;N/A;2000;100;86;10500;0,0000;0,0000;0,0000;0,0000;0,0000;0,0000;0;0;0;0
20260612_0942;Adaptação_200;classification;AdaptiveRandomForest;Otimizado_FullFeatures;classifier;classifier;classifier;N/A;N/A;N/A;2000;100;87;10600;0,0000;0,0000;0,0000;0,0000;0,0000;0,0000;0;0;0;0
20260612_0942;Adaptação_200;classification;AdaptiveRandomForest;Otimizado_FullFeatures;classifier;classifier;classifier;N/A;N/A;N/A;2000;100;88;10700;0,0000;0,0000;0,0000;0,0000;0,0000;0,0000;0;0;0;0
20260612_0942;Adaptação_200;classification;AdaptiveRandomForest;Otimizado_FullFeatures;classifier;classifier;classifier;N/A;N/A;N/A;2000;100;89;10800;0,0000;0,0000;0,0000;0,0000;0,0000;0,0000;0;0;0;0
20260612_0942;Adaptação_200;classification;AdaptiveRandomForest;Otimizado_FullFeatures;classifier;classifier;classifier;N/A;N/A;N/A;2000;100;90;10900;0,0000;0,0000;0,0000;0,0000;0,0000;0,0000;0;0;0;0
20260612_0942;Adaptação_200;classification;AdaptiveRandomForest;Otimizado_FullFeatures;classifier;classifier;classifier;N/A;N/A;N/A;2000;100;91;11000;0,0000;0,0000;0,0000;0,0000;0,0000;0,0000;0;0;0;0
20260612_0942;Adaptação_200;classification;AdaptiveRandomForest;Otimizado_FullFeatures;classifier;classifier;classifier;N/A;N/A;N/A;2000;100;92;11100;0,0000;0,0000;0,0000;0,0000;0,0000;0,0000;0;0;0;0
20260612_0942;Adaptação_200;classification;AdaptiveRandomForest;Otimizado_FullFeatures;classifier;classifier;classifier;N/A;N/A;N/A;2000;100;93;11200;0,0000;0,0000;0,0000;0,0000;0,0000;0,0000;0;0;0;0
20260612_0942;Adaptação_200;classification;AdaptiveRandomForest;Otimizado_FullFeatures;classifier;classifier;classifier;N/A;N/A;N/A;2000;100;94;11300;0,0000;0,0000;0,0000;0,0000;0,0000;0,0000;0;0;0;0
20260612_0942;Adaptação_200;classification;AdaptiveRandomForest;Otimizado_FullFeatures;classifier;classifier;classifier;N/A;N/A;N/A;2000;100;95;11400;0,0000;0,0000;0,0000;0,0000;0,0000;0,0000;0;0;0;0
20260612_0942;Adaptação_200;classification;AdaptiveRandomForest;Otimizado_FullFeatures;classifier;classifier;classifier;N/A;N/A;N/A;2000;100;96;11500;0,0000;0,0000;0,0000;0,0000;0,0000;0,0000;0;0;0;0
20260612_0942;Adaptação_200;classification;AdaptiveRandomForest;Otimizado_FullFeatures;classifier;classifier;classifier;N/A;N/A;N/A;2000;100;97;11600;0,0000;0,0000;0,0000;0,0000;0,0000;0,0000;0;0;0;0
20260612_0942;Adaptação_200;classification;AdaptiveRandomForest;Otimizado_FullFeatures;classifier;classifier;classifier;N/A;N/A;N/A;2000;100;98;11700;94,7368;0,0000;100,0000;0,0000;90,0000;0,0000;0;0;5;0
20260612_0942;Adaptação_200;classification;AdaptiveRandomForest;Otimizado_FullFeatures;classifier;classifier;classifier;N/A;N/A;N/A;2000;100;99;11800;100,0000;0,0000;100,0000;0,0000;100,0000;0,0000;0;0;0;0
20260612_0942;Adaptação_200;classification;AdaptiveRandomForest;Otimizado_FullFeatures;classifier;classifier;classifier;N/A;N/A;N/A;2000;100;100;11900;98,7671;0,4040;99,5918;0,8163;97,9592;0,0000;1;1;1;0
20260612_0942;Adaptação_200;classification;AdaptiveRandomForest;Otimizado_FullFeatures;classifier;classifier;classifier;N/A;N/A;N/A;2000;100;101;12000;0,0000;0,0000;0,0000;0,0000;0,0000;0,0000;1;1;0;0
20260612_0942;Adaptação_200;classification;AdaptiveRandomForest;Otimizado_FullFeatures;classifier;classifier;classifier;N/A;N/A;N/A;2000;100;102;12100;0,0000;0,0000;0,0000;0,0000;0,0000;0,0000;1;1;0;0
20260612_0942;Adaptação_200;classification;AdaptiveRandomForest;Otimizado_FullFeatures;classifier;classifier;classifier;N/A;N/A;N/A;2000;100;103;12200;0,0000;0,0000;0,0000;0,0000;0,0000;0,0000;0;0;0;0
20260612_0942;Adaptação_200;classification;AdaptiveRandomForest;Otimizado_FullFeatures;classifier;classifier;classifier;N/A;N/A;N/A;2000;100;104;12300;0,0000;0,0000;0,0000;0,0000;0,0000;0,0000;0;0;0;0
20260612_0942;Adaptação_200;classification;AdaptiveRandomForest;Otimizado_FullFeatures;classifier;classifier;classifier;N/A;N/A;N/A;2000;100;105;12400;0,0000;0,0000;0,0000;0,0000;0,0000;0,0000;0;0;0;0
20260612_0942;Adaptação_200;classification;AdaptiveRandomForest;Otimizado_FullFeatures;classifier;classifier;classifier;N/A;N/A;N/A;2000;100;106;12500;0,0000;0,0000;0,0000;0,0000;0,0000;0,0000;0;0;0;0
20260612_0942;Adaptação_200;classification;AdaptiveRandomForest;Otimizado_FullFeatures;classifier;classifier;classifier;N/A;N/A;N/A;2000;100;107;12600;0,0000;0,0000;0,0000;0,0000;0,0000;0,0000;0;0;0;0
20260612_0942;Adaptação_200;classification;AdaptiveRandomForest;Otimizado_FullFeatures;classifier;classifier;classifier;N/A;N/A;N/A;2000;100;108;12700;0,0000;0,0000;0,0000;0,0000;0,0000;0,0000;0;0;0;0
20260612_0942;Adaptação_200;classification;AdaptiveRandomForest;Otimizado_FullFeatures;classifier;classifier;classifier;N/A;N/A;N/A;2000;100;109;12800;0,0000;0,0000;0,0000;0,0000;0,0000;0,0000;0;0;0;0
20260612_0942;Adaptação_200;classification;AdaptiveRandomForest;Otimizado_FullFeatures;classifier;classifier;classifier;N/A;N/A;N/A;2000;100;110;12900;0,0000;0,0000;0,0000;0,0000;0,0000;0,0000;0;0;0;0
20260612_0942;Adaptação_200;classification;AdaptiveRandomForest;Otimizado_FullFeatures;classifier;classifier;classifier;N/A;N/A;N/A;2000;100;111;13000;0,0000;0,0000;0,0000;0,0000;0,0000;0,0000;0;0;0;0
20260612_0942;Adaptação_200;classification;AdaptiveRandomForest;Otimizado_FullFeatures;classifier;classifier;classifier;N/A;N/A;N/A;2000;100;112;13100;0,0000;0,0000;0,0000;0,0000;0,0000;0,0000;0;0;0;0
20260612_0942;Adaptação_200;classification;AdaptiveRandomForest;Otimizado_FullFeatures;classifier;classifier;classifier;N/A;N/A;N/A;2000;100;113;13200;0,0000;0,0000;0,0000;0,0000;0,0000;0,0000;0;0;0;0
20260612_0942;Adaptação_200;classification;AdaptiveRandomForest;Otimizado_FullFeatures;classifier;classifier;classifier;N/A;N/A;N/A;2000;100;114;13300;0,0000;0,0000;0,0000;0,0000;0,0000;0,0000;0;0;0;0
20260612_0942;Adaptação_200;classification;AdaptiveRandomForest;Otimizado_FullFeatures;classifier;classifier;classifier;N/A;N/A;N/A;2000;100;115;13400;0,0000;0,0000;0,0000;0,0000;0,0000;0,0000;0;0;0;0
20260612_0942;Adaptação_200;classification;AdaptiveRandomForest;Otimizado_FullFeatures;classifier;classifier;classifier;N/A;N/A;N/A;2000;100;116;13500;0,0000;0,0000;0,0000;0,0000;0,0000;0,0000;0;0;0;0
20260612_0942;Adaptação_200;classification;AdaptiveRandomForest;Otimizado_FullFeatures;classifier;classifier;classifier;N/A;N/A;N/A;2000;100;117;13600;0,0000;0,0000;0,0000;0,0000;0,0000;0,0000;0;0;0;0
20260612_0942;Adaptação_200;classification;AdaptiveRandomForest;Otimizado_FullFeatures;classifier;classifier;classifier;N/A;N/A;N/A;2000;100;118;13700;0,0000;0,0000;0,0000;0,0000;0,0000;0,0000;0;0;0;0
20260612_0942;Adaptação_200;classification;AdaptiveRandomForest;Otimizado_FullFeatures;classifier;classifier;classifier;N/A;N/A;N/A;2000;100;119;13800;0,0000;0,0000;0,0000;0,0000;0,0000;0,0000;0;0;0;0
20260612_0942;Adaptação_200;classification;AdaptiveRandomForest;Otimizado_FullFeatures;classifier;classifier;classifier;N/A;N/A;N/A;2000;100;120;13900;0,0000;0,0000;0,0000;0,0000;0,0000;0,0000;0;0;0;0
20260612_0942;Adaptação_200;classification;AdaptiveRandomForest;Otimizado_FullFeatures;classifier;classifier;classifier;N/A;N/A;N/A;2000;100;121;14000;0,0000;0,0000;0,0000;0,0000;0,0000;0,0000;0;0;0;0
20260612_0942;Adaptação_200;classification;AdaptiveRandomForest;Otimizado_FullFeatures;classifier;classifier;classifier;N/A;N/A;N/A;2000;100;122;14100;0,0000;0,0000;0,0000;0,0000;0,0000;0,0000;0;0;0;0
20260612_0942;Adaptação_200;classification;AdaptiveRandomForest;Otimizado_FullFeatures;classifier;classifier;classifier;N/A;N/A;N/A;2000;100;123;14200;0,0000;0,0000;0,0000;0,0000;0,0000;0,0000;0;0;0;0
20260612_0942;Adaptação_200;classification;AdaptiveRandomForest;Otimizado_FullFeatures;classifier;classifier;classifier;N/A;N/A;N/A;2000;100;124;14300;0,0000;0,0000;0,0000;0,0000;0,0000;0,0000;0;0;0;0
20260612_0942;Adaptação_200;classification;AdaptiveRandomForest;Otimizado_FullFeatures;classifier;classifier;classifier;N/A;N/A;N/A;2000;100;125;14400;0,0000;0,0000;0,0000;0,0000;0,0000;0,0000;0;0;0;0
20260612_0942;Adaptação_200;classification;AdaptiveRandomForest;Otimizado_FullFeatures;classifier;classifier;classifier;N/A;N/A;N/A;2000;100;126;14500;0,0000;0,0000;0,0000;0,0000;0,0000;0,0000;0;0;0;0
20260612_0942;Adaptação_200;classification;AdaptiveRandomForest;Otimizado_FullFeatures;classifier;classifier;classifier;N/A;N/A;N/A;2000;100;127;14600;0,0000;0,0000;0,0000;0,0000;0,0000;0,0000;0;0;0;0
20260612_0942;Adaptação_200;classification;AdaptiveRandomForest;Otimizado_FullFeatures;classifier;classifier;classifier;N/A;N/A;N/A;2000;100;128;14700;0,0000;0,0000;0,0000;0,0000;0,0000;0,0000;0;0;0;0
20260612_0942;Adaptação_200;classification;AdaptiveRandomForest;Otimizado_FullFeatures;classifier;classifier;classifier;N/A;N/A;N/A;2000;100;129;14800;0,0000;0,0000;0,0000;0,0000;0,0000;0,0000;0;0;0;0
20260612_0942;Adaptação_200;classification;AdaptiveRandomForest;Otimizado_FullFeatures;classifier;classifier;classifier;N/A;N/A;N/A;2000;100;130;14900;0,0000;0,0000;0,0000;0,0000;0,0000;0,0000;0;0;0;0
20260612_0942;Adaptação_200;classification;AdaptiveRandomForest;Otimizado_FullFeatures;classifier;classifier;classifier;N/A;N/A;N/A;2000;100;131;15000;0,0000;0,0000;0,0000;0,0000;0,0000;0,0000;0;0;0;0
20260612_0942;Adaptação_200;classification;AdaptiveRandomForest;Otimizado_FullFeatures;classifier;classifier;classifier;N/A;N/A;N/A;2000;100;132;15100;0,0000;0,0000;0,0000;0,0000;0,0000;0,0000;0;0;0;0
20260612_0942;Adaptação_200;classification;AdaptiveRandomForest;Otimizado_FullFeatures;classifier;classifier;classifier;N/A;N/A;N/A;2000;100;133;15200;0,0000;0,0000;0,0000;0,0000;0,0000;0,0000;0;0;0;0
20260612_0942;Adaptação_200;classification;AdaptiveRandomForest;Otimizado_FullFeatures;classifier;classifier;classifier;N/A;N/A;N/A;2000;100;134;15300;0,0000;0,0000;0,0000;0,0000;0,0000;0,0000;0;0;0;0
20260612_0942;Adaptação_200;classification;AdaptiveRandomForest;Otimizado_FullFeatures;classifier;classifier;classifier;N/A;N/A;N/A;2000;100;135;15400;0,0000;0,0000;0,0000;0,0000;0,0000;0,0000;0;0;0;0
20260612_0942;Adaptação_200;classification;AdaptiveRandomForest;Otimizado_FullFeatures;classifier;classifier;classifier;N/A;N/A;N/A;2000;100;136;15500;0,0000;0,0000;0,0000;0,0000;0,0000;0,0000;0;0;0;0
20260612_0942;Adaptação_1000;classification;AdaptiveRandomForest;Otimizado_FullFeatures;classifier;classifier;classifier;N/A;N/A;N/A;2000;100;1;2000;0,0000;0,0000;0,0000;0,0000;0,0000;0,0000;0;0;0;0
20260612_0942;Adaptação_1000;classification;AdaptiveRandomForest;Otimizado_FullFeatures;classifier;classifier;classifier;N/A;N/A;N/A;2000;100;2;2100;0,0000;0,0000;0,0000;0,0000;0,0000;0,0000;0;0;0;0
20260612_0942;Adaptação_1000;classification;AdaptiveRandomForest;Otimizado_FullFeatures;classifier;classifier;classifier;N/A;N/A;N/A;2000;100;3;2200;0,0000;0,0000;0,0000;0,0000;0,0000;0,0000;0;0;0;0
20260612_0942;Adaptação_1000;classification;AdaptiveRandomForest;Otimizado_FullFeatures;classifier;classifier;classifier;N/A;N/A;N/A;2000;100;4;2300;0,0000;0,0000;0,0000;0,0000;0,0000;0,0000;0;0;0;0
20260612_0942;Adaptação_1000;classification;AdaptiveRandomForest;Otimizado_FullFeatures;classifier;classifier;classifier;N/A;N/A;N/A;2000;100;5;2400;0,0000;0,0000;0,0000;0,0000;0,0000;0,0000;0;0;0;0
20260612_0942;Adaptação_1000;classification;AdaptiveRandomForest;Otimizado_FullFeatures;classifier;classifier;classifier;N/A;N/A;N/A;2000;100;6;2500;0,0000;0,0000;0,0000;0,0000;0,0000;0,0000;0;0;0;0
20260612_0942;Adaptação_1000;classification;AdaptiveRandomForest;Otimizado_FullFeatures;classifier;classifier;classifier;N/A;N/A;N/A;2000;100;7;2600;0,0000;0,0000;0,0000;0,0000;0,0000;0,0000;0;0;0;0
20260612_0942;Adaptação_1000;classification;AdaptiveRandomForest;Otimizado_FullFeatures;classifier;classifier;classifier;N/A;N/A;N/A;2000;100;8;2700;0,0000;0,0000;0,0000;0,0000;0,0000;0,0000;0;0;0;0
20260612_0942;Adaptação_1000;classification;AdaptiveRandomForest;Otimizado_FullFeatures;classifier;classifier;classifier;N/A;N/A;N/A;2000;100;9;2800;0,0000;0,0000;0,0000;0,0000;0,0000;0,0000;0;0;0;0
20260612_0942;Adaptação_1000;classification;AdaptiveRandomForest;Otimizado_FullFeatures;classifier;classifier;classifier;N/A;N/A;N/A;2000;100;10;2900;0,0000;0,0000;0,0000;0,0000;0,0000;0,0000;0;0;0;0
20260612_0942;Adaptação_1000;classification;AdaptiveRandomForest;Otimizado_FullFeatures;classifier;classifier;classifier;N/A;N/A;N/A;2000;100;11;3000;0,0000;0,0000;0,0000;0,0000;0,0000;0,0000;0;0;0;0
20260612_0942;Adaptação_1000;classification;AdaptiveRandomForest;Otimizado_FullFeatures;classifier;classifier;classifier;N/A;N/A;N/A;2000;100;12;3100;0,0000;0,0000;0,0000;0,0000;0,0000;0,0000;0;0;0;0
20260612_0942;Adaptação_1000;classification;AdaptiveRandomForest;Otimizado_FullFeatures;classifier;classifier;classifier;N/A;N/A;N/A;2000;100;13;3200;0,0000;0,0000;0,0000;0,0000;0,0000;0,0000;0;0;0;0
20260612_0942;Adaptação_1000;classification;AdaptiveRandomForest;Otimizado_FullFeatures;classifier;classifier;classifier;N/A;N/A;N/A;2000;100;14;3300;0,0000;0,0000;0,0000;0,0000;0,0000;0,0000;0;0;0;0
20260612_0942;Adaptação_1000;classification;AdaptiveRandomForest;Otimizado_FullFeatures;classifier;classifier;classifier;N/A;N/A;N/A;2000;100;15;3400;0,0000;0,0000;0,0000;0,0000;0,0000;0,0000;0;0;0;0
20260612_0942;Adaptação_1000;classification;AdaptiveRandomForest;Otimizado_FullFeatures;classifier;classifier;classifier;N/A;N/A;N/A;2000;100;16;3500;0,0000;0,0000;0,0000;0,0000;0,0000;0,0000;0;0;0;0
20260612_0942;Adaptação_1000;classification;AdaptiveRandomForest;Otimizado_FullFeatures;classifier;classifier;classifier;N/A;N/A;N/A;2000;100;17;3600;0,0000;0,0000;0,0000;0,0000;0,0000;0,0000;0;0;0;0
20260612_0942;Adaptação_1000;classification;AdaptiveRandomForest;Otimizado_FullFeatures;classifier;classifier;classifier;N/A;N/A;N/A;2000;100;18;3700;0,0000;0,0000;0,0000;0,0000;0,0000;0,0000;0;0;0;0
20260612_0942;Adaptação_1000;classification;AdaptiveRandomForest;Otimizado_FullFeatures;classifier;classifier;classifier;N/A;N/A;N/A;2000;100;19;3800;95,7447;0,0000;100,0000;0,0000;91,8367;0,0000;0;0;4;0
20260612_0942;Adaptação_1000;classification;AdaptiveRandomForest;Otimizado_FullFeatures;classifier;classifier;classifier;N/A;N/A;N/A;2000;100;20;3900;96,4597;0,2364;94,2742;0,4532;98,7500;0,0000;5;1;1;0
20260612_0942;Adaptação_1000;classification;AdaptiveRandomForest;Otimizado_FullFeatures;classifier;classifier;classifier;N/A;N/A;N/A;2000;100;21;4000;100,0000;0,0000;100,0000;0,0000;100,0000;0,0000;0;0;0;0
20260612_0942;Adaptação_1000;classification;AdaptiveRandomForest;Otimizado_FullFeatures;classifier;classifier;classifier;N/A;N/A;N/A;2000;100;22;4100;97,9592;0,0000;96,0000;0,0000;100,0000;0,0000;4;0;0;0
20260612_0942;Adaptação_1000;classification;AdaptiveRandomForest;Otimizado_FullFeatures;classifier;classifier;classifier;N/A;N/A;N/A;2000;100;23;4200;99,4924;0,0000;100,0000;0,0000;98,9899;0,0000;0;0;1;0
20260612_0942;Adaptação_1000;classification;AdaptiveRandomForest;Otimizado_FullFeatures;classifier;classifier;classifier;N/A;N/A;N/A;2000;100;24;4300;95,7791;0,5430;92,1596;0,6531;99,6970;0,6061;6;1;1;1
20260612_0942;Adaptação_1000;classification;AdaptiveRandomForest;Otimizado_FullFeatures;classifier;classifier;classifier;N/A;N/A;N/A;2000;100;25;4400;90,9091;0,0000;95,2381;0,0000;86,9565;0,0000;1;0;3;0
20260612_0942;Adaptação_1000;classification;AdaptiveRandomForest;Otimizado_FullFeatures;classifier;classifier;classifier;N/A;N/A;N/A;2000;100;26;4500;94,1229;1,7859;97,1429;3,4993;91,4286;2,8571;1;1;2;1
20260612_0942;Adaptação_1000;classification;AdaptiveRandomForest;Otimizado_FullFeatures;classifier;classifier;classifier;N/A;N/A;N/A;2000;100;27;4600;99,4083;0,0000;100,0000;0,0000;98,8235;0,0000;0;0;1;0
20260612_0942;Adaptação_1000;classification;AdaptiveRandomForest;Otimizado_FullFeatures;classifier;classifier;classifier;N/A;N/A;N/A;2000;100;28;4700;87,2323;3,2554;80,4643;1,0631;95,3846;6,1538;3;0;1;1
20260612_0942;Adaptação_1000;classification;AdaptiveRandomForest;Otimizado_FullFeatures;classifier;classifier;classifier;N/A;N/A;N/A;2000;100;29;4800;100,0000;0,0000;100,0000;0,0000;100,0000;0,0000;0;0;0;0
20260612_0942;Adaptação_1000;classification;AdaptiveRandomForest;Otimizado_FullFeatures;classifier;classifier;classifier;N/A;N/A;N/A;2000;100;30;4900;0,0000;0,0000;0,0000;0,0000;0,0000;0,0000;0;0;0;0
20260612_0942;Adaptação_1000;classification;AdaptiveRandomForest;Otimizado_FullFeatures;classifier;classifier;classifier;N/A;N/A;N/A;2000;100;31;5000;0,0000;0,0000;0,0000;0,0000;0,0000;0,0000;2;1;0;0
20260612_0942;Adaptação_1000;classification;AdaptiveRandomForest;Otimizado_FullFeatures;classifier;classifier;classifier;N/A;N/A;N/A;2000;100;32;5100;0,0000;0,0000;0,0000;0,0000;0,0000;0,0000;0;0;0;0
20260612_0942;Adaptação_1000;classification;AdaptiveRandomForest;Otimizado_FullFeatures;classifier;classifier;classifier;N/A;N/A;N/A;2000;100;33;5200;0,0000;0,0000;0,0000;0,0000;0,0000;0,0000;0;0;0;0
20260612_0942;Adaptação_1000;classification;AdaptiveRandomForest;Otimizado_FullFeatures;classifier;classifier;classifier;N/A;N/A;N/A;2000;100;34;5300;0,0000;0,0000;0,0000;0,0000;0,0000;0,0000;0;0;0;0
20260612_0942;Adaptação_1000;classification;AdaptiveRandomForest;Otimizado_FullFeatures;classifier;classifier;classifier;N/A;N/A;N/A;2000;100;35;5400;0,0000;0,0000;0,0000;0,0000;0,0000;0,0000;0;0;0;0
20260612_0942;Adaptação_1000;classification;AdaptiveRandomForest;Otimizado_FullFeatures;classifier;classifier;classifier;N/A;N/A;N/A;2000;100;36;5500;0,0000;0,0000;0,0000;0,0000;0,0000;0,0000;0;0;0;0
20260612_0942;Adaptação_1000;classification;AdaptiveRandomForest;Otimizado_FullFeatures;classifier;classifier;classifier;N/A;N/A;N/A;2000;100;37;5600;0,0000;0,0000;0,0000;0,0000;0,0000;0,0000;4;1;0;0
20260612_0942;Adaptação_1000;classification;AdaptiveRandomForest;Otimizado_FullFeatures;classifier;classifier;classifier;N/A;N/A;N/A;2000;100;38;5700;0,0000;0,0000;0,0000;0,0000;0,0000;0,0000;1;1;0;0
20260612_0942;Adaptação_1000;classification;AdaptiveRandomForest;Otimizado_FullFeatures;classifier;classifier;classifier;N/A;N/A;N/A;2000;100;39;5800;0,0000;0,0000;0,0000;0,0000;0,0000;0,0000;0;0;0;0
20260612_0942;Adaptação_1000;classification;AdaptiveRandomForest;Otimizado_FullFeatures;classifier;classifier;classifier;N/A;N/A;N/A;2000;100;40;5900;0,0000;0,0000;0,0000;0,0000;0,0000;0,0000;0;0;0;0
20260612_0942;Adaptação_1000;classification;AdaptiveRandomForest;Otimizado_FullFeatures;classifier;classifier;classifier;N/A;N/A;N/A;2000;100;41;6000;0,0000;0,0000;0,0000;0,0000;0,0000;0,0000;0;0;0;0
20260612_0942;Adaptação_1000;classification;AdaptiveRandomForest;Otimizado_FullFeatures;classifier;classifier;classifier;N/A;N/A;N/A;2000;100;42;6100;0,0000;0,0000;0,0000;0,0000;0,0000;0,0000;0;0;0;0
20260612_0942;Adaptação_1000;classification;AdaptiveRandomForest;Otimizado_FullFeatures;classifier;classifier;classifier;N/A;N/A;N/A;2000;100;43;6200;0,0000;0,0000;0,0000;0,0000;0,0000;0,0000;0;0;0;0
20260612_0942;Adaptação_1000;classification;AdaptiveRandomForest;Otimizado_FullFeatures;classifier;classifier;classifier;N/A;N/A;N/A;2000;100;44;6300;0,0000;0,0000;0,0000;0,0000;0,0000;0,0000;0;0;0;0
20260612_0942;Adaptação_1000;classification;AdaptiveRandomForest;Otimizado_FullFeatures;classifier;classifier;classifier;N/A;N/A;N/A;2000;100;45;6400;0,0000;0,0000;0,0000;0,0000;0,0000;0,0000;0;0;0;0
20260612_0942;Adaptação_1000;classification;AdaptiveRandomForest;Otimizado_FullFeatures;classifier;classifier;classifier;N/A;N/A;N/A;2000;100;46;6500;0,0000;0,0000;0,0000;0,0000;0,0000;0,0000;0;0;0;0
20260612_0942;Adaptação_1000;classification;AdaptiveRandomForest;Otimizado_FullFeatures;classifier;classifier;classifier;N/A;N/A;N/A;2000;100;47;6600;0,0000;0,0000;0,0000;0,0000;0,0000;0,0000;0;0;0;0
20260612_0942;Adaptação_1000;classification;AdaptiveRandomForest;Otimizado_FullFeatures;classifier;classifier;classifier;N/A;N/A;N/A;2000;100;48;6700;0,0000;0,0000;0,0000;0,0000;0,0000;0,0000;0;0;0;0
20260612_0942;Adaptação_1000;classification;AdaptiveRandomForest;Otimizado_FullFeatures;classifier;classifier;classifier;N/A;N/A;N/A;2000;100;49;6800;0,0000;0,0000;0,0000;0,0000;0,0000;0,0000;0;0;0;0
20260612_0942;Adaptação_1000;classification;AdaptiveRandomForest;Otimizado_FullFeatures;classifier;classifier;classifier;N/A;N/A;N/A;2000;100;50;6900;0,0000;0,0000;0,0000;0,0000;0,0000;0,0000;0;0;0;0
20260612_0942;Adaptação_1000;classification;AdaptiveRandomForest;Otimizado_FullFeatures;classifier;classifier;classifier;N/A;N/A;N/A;2000;100;51;7000;0,0000;0,0000;0,0000;0,0000;0,0000;0,0000;0;0;0;0
20260612_0942;Adaptação_1000;classification;AdaptiveRandomForest;Otimizado_FullFeatures;classifier;classifier;classifier;N/A;N/A;N/A;2000;100;52;7100;0,0000;0,0000;0,0000;0,0000;0,0000;0,0000;0;0;0;0
20260612_0942;Adaptação_1000;classification;AdaptiveRandomForest;Otimizado_FullFeatures;classifier;classifier;classifier;N/A;N/A;N/A;2000;100;53;7200;0,0000;0,0000;0,0000;0,0000;0,0000;0,0000;0;0;0;0
20260612_0942;Adaptação_1000;classification;AdaptiveRandomForest;Otimizado_FullFeatures;classifier;classifier;classifier;N/A;N/A;N/A;2000;100;54;7300;0,0000;0,0000;0,0000;0,0000;0,0000;0,0000;0;0;0;0
20260612_0942;Adaptação_1000;classification;AdaptiveRandomForest;Otimizado_FullFeatures;classifier;classifier;classifier;N/A;N/A;N/A;2000;100;55;7400;0,0000;0,0000;0,0000;0,0000;0,0000;0,0000;0;0;0;0
20260612_0942;Adaptação_1000;classification;AdaptiveRandomForest;Otimizado_FullFeatures;classifier;classifier;classifier;N/A;N/A;N/A;2000;100;56;7500;0,0000;0,0000;0,0000;0,0000;0,0000;0,0000;0;0;0;0
20260612_0942;Adaptação_1000;classification;AdaptiveRandomForest;Otimizado_FullFeatures;classifier;classifier;classifier;N/A;N/A;N/A;2000;100;57;7600;0,0000;0,0000;0,0000;0,0000;0,0000;0,0000;0;0;0;0
20260612_0942;Adaptação_1000;classification;AdaptiveRandomForest;Otimizado_FullFeatures;classifier;classifier;classifier;N/A;N/A;N/A;2000;100;58;7700;0,0000;0,0000;0,0000;0,0000;0,0000;0,0000;0;0;0;0
20260612_0942;Adaptação_1000;classification;AdaptiveRandomForest;Otimizado_FullFeatures;classifier;classifier;classifier;N/A;N/A;N/A;2000;100;59;7800;0,0000;0,0000;0,0000;0,0000;0,0000;0,0000;0;0;0;0
20260612_0942;Adaptação_1000;classification;AdaptiveRandomForest;Otimizado_FullFeatures;classifier;classifier;classifier;N/A;N/A;N/A;2000;100;60;7900;0,0000;0,0000;0,0000;0,0000;0,0000;0,0000;0;0;0;0
20260612_0942;Adaptação_1000;classification;AdaptiveRandomForest;Otimizado_FullFeatures;classifier;classifier;classifier;N/A;N/A;N/A;2000;100;61;8000;0,0000;0,0000;0,0000;0,0000;0,0000;0,0000;0;0;0;0
20260612_0942;Adaptação_1000;classification;AdaptiveRandomForest;Otimizado_FullFeatures;classifier;classifier;classifier;N/A;N/A;N/A;2000;100;62;8100;0,0000;0,0000;0,0000;0,0000;0,0000;0,0000;0;0;0;0
20260612_0942;Adaptação_1000;classification;AdaptiveRandomForest;Otimizado_FullFeatures;classifier;classifier;classifier;N/A;N/A;N/A;2000;100;63;8200;0,0000;0,0000;0,0000;0,0000;0,0000;0,0000;0;0;0;0
20260612_0942;Adaptação_1000;classification;AdaptiveRandomForest;Otimizado_FullFeatures;classifier;classifier;classifier;N/A;N/A;N/A;2000;100;64;8300;0,0000;0,0000;0,0000;0,0000;0,0000;0,0000;0;0;0;0
20260612_0942;Adaptação_1000;classification;AdaptiveRandomForest;Otimizado_FullFeatures;classifier;classifier;classifier;N/A;N/A;N/A;2000;100;65;8400;0,0000;0,0000;0,0000;0,0000;0,0000;0,0000;0;0;0;0
20260612_0942;Adaptação_1000;classification;AdaptiveRandomForest;Otimizado_FullFeatures;classifier;classifier;classifier;N/A;N/A;N/A;2000;100;66;8500;0,0000;0,0000;0,0000;0,0000;0,0000;0,0000;0;0;1;0
20260612_0942;Adaptação_1000;classification;AdaptiveRandomForest;Otimizado_FullFeatures;classifier;classifier;classifier;N/A;N/A;N/A;2000;100;67;8600;95,7447;0,0000;100,0000;0,0000;91,8367;0,0000;0;0;8;0
20260612_0942;Adaptação_1000;classification;AdaptiveRandomForest;Otimizado_FullFeatures;classifier;classifier;classifier;N/A;N/A;N/A;2000;100;68;8700;100,0000;0,0000;100,0000;0,0000;100,0000;0,0000;0;0;0;0
20260612_0942;Adaptação_1000;classification;AdaptiveRandomForest;Otimizado_FullFeatures;classifier;classifier;classifier;N/A;N/A;N/A;2000;100;69;8800;100,0000;0,0000;100,0000;0,0000;100,0000;0,0000;0;0;0;0
20260612_0942;Adaptação_1000;classification;AdaptiveRandomForest;Otimizado_FullFeatures;classifier;classifier;classifier;N/A;N/A;N/A;2000;100;70;8900;99,5970;0,3777;100,0000;0,0000;99,2000;0,7483;0;0;1;1
20260612_0942;Adaptação_1000;classification;AdaptiveRandomForest;Otimizado_FullFeatures;classifier;classifier;classifier;N/A;N/A;N/A;2000;100;71;9000;100,0000;0,0000;100,0000;0,0000;100,0000;0,0000;0;0;0;0
20260612_0942;Adaptação_1000;classification;AdaptiveRandomForest;Otimizado_FullFeatures;classifier;classifier;classifier;N/A;N/A;N/A;2000;100;72;9100;100,0000;0,0000;100,0000;0,0000;100,0000;0,0000;0;0;0;0
20260612_0942;Adaptação_1000;classification;AdaptiveRandomForest;Otimizado_FullFeatures;classifier;classifier;classifier;N/A;N/A;N/A;2000;100;73;9200;100,0000;0,0000;100,0000;0,0000;100,0000;0,0000;0;0;0;0
20260612_0942;Adaptação_1000;classification;AdaptiveRandomForest;Otimizado_FullFeatures;classifier;classifier;classifier;N/A;N/A;N/A;2000;100;74;9300;100,0000;0,0000;100,0000;0,0000;100,0000;0,0000;0;0;0;0
20260612_0942;Adaptação_1000;classification;AdaptiveRandomForest;Otimizado_FullFeatures;classifier;classifier;classifier;N/A;N/A;N/A;2000;100;75;9400;100,0000;0,0000;100,0000;0,0000;100,0000;0,0000;0;0;0;0
20260612_0942;Adaptação_1000;classification;AdaptiveRandomForest;Otimizado_FullFeatures;classifier;classifier;classifier;N/A;N/A;N/A;2000;100;76;9500;99,4975;0,0000;99,0000;0,0000;100,0000;0,0000;1;0;0;0
20260612_0942;Adaptação_1000;classification;AdaptiveRandomForest;Otimizado_FullFeatures;classifier;classifier;classifier;N/A;N/A;N/A;2000;100;77;9600;0,0000;0,0000;0,0000;0,0000;0,0000;0,0000;6;1;0;0
20260612_0942;Adaptação_1000;classification;AdaptiveRandomForest;Otimizado_FullFeatures;classifier;classifier;classifier;N/A;N/A;N/A;2000;100;78;9700;0,0000;0,0000;0,0000;0,0000;0,0000;0,0000;1;1;0;0
20260612_0942;Adaptação_1000;classification;AdaptiveRandomForest;Otimizado_FullFeatures;classifier;classifier;classifier;N/A;N/A;N/A;2000;100;79;9800;0,0000;0,0000;0,0000;0,0000;0,0000;0,0000;1;1;0;0
20260612_0942;Adaptação_1000;classification;AdaptiveRandomForest;Otimizado_FullFeatures;classifier;classifier;classifier;N/A;N/A;N/A;2000;100;80;9900;0,0000;0,0000;0,0000;0,0000;0,0000;0,0000;0;0;0;0
20260612_0942;Adaptação_1000;classification;AdaptiveRandomForest;Otimizado_FullFeatures;classifier;classifier;classifier;N/A;N/A;N/A;2000;100;81;10000;0,0000;0,0000;0,0000;0,0000;0,0000;0,0000;0;0;0;0
20260612_0942;Adaptação_1000;classification;AdaptiveRandomForest;Otimizado_FullFeatures;classifier;classifier;classifier;N/A;N/A;N/A;2000;100;82;10100;0,0000;0,0000;0,0000;0,0000;0,0000;0,0000;0;0;0;0
20260612_0942;Adaptação_1000;classification;AdaptiveRandomForest;Otimizado_FullFeatures;classifier;classifier;classifier;N/A;N/A;N/A;2000;100;83;10200;0,0000;0,0000;0,0000;0,0000;0,0000;0,0000;0;0;0;0
20260612_0942;Adaptação_1000;classification;AdaptiveRandomForest;Otimizado_FullFeatures;classifier;classifier;classifier;N/A;N/A;N/A;2000;100;84;10300;0,0000;0,0000;0,0000;0,0000;0,0000;0,0000;0;0;0;0
20260612_0942;Adaptação_1000;classification;AdaptiveRandomForest;Otimizado_FullFeatures;classifier;classifier;classifier;N/A;N/A;N/A;2000;100;85;10400;0,0000;0,0000;0,0000;0,0000;0,0000;0,0000;0;0;0;0
20260612_0942;Adaptação_1000;classification;AdaptiveRandomForest;Otimizado_FullFeatures;classifier;classifier;classifier;N/A;N/A;N/A;2000;100;86;10500;0,0000;0,0000;0,0000;0,0000;0,0000;0,0000;0;0;0;0
20260612_0942;Adaptação_1000;classification;AdaptiveRandomForest;Otimizado_FullFeatures;classifier;classifier;classifier;N/A;N/A;N/A;2000;100;87;10600;0,0000;0,0000;0,0000;0,0000;0,0000;0,0000;0;0;0;0
20260612_0942;Adaptação_1000;classification;AdaptiveRandomForest;Otimizado_FullFeatures;classifier;classifier;classifier;N/A;N/A;N/A;2000;100;88;10700;0,0000;0,0000;0,0000;0,0000;0,0000;0,0000;0;0;0;0
20260612_0942;Adaptação_1000;classification;AdaptiveRandomForest;Otimizado_FullFeatures;classifier;classifier;classifier;N/A;N/A;N/A;2000;100;89;10800;0,0000;0,0000;0,0000;0,0000;0,0000;0,0000;0;0;0;0
20260612_0942;Adaptação_1000;classification;AdaptiveRandomForest;Otimizado_FullFeatures;classifier;classifier;classifier;N/A;N/A;N/A;2000;100;90;10900;0,0000;0,0000;0,0000;0,0000;0,0000;0,0000;0;0;0;0
20260612_0942;Adaptação_1000;classification;AdaptiveRandomForest;Otimizado_FullFeatures;classifier;classifier;classifier;N/A;N/A;N/A;2000;100;91;11000;0,0000;0,0000;0,0000;0,0000;0,0000;0,0000;0;0;0;0
20260612_0942;Adaptação_1000;classification;AdaptiveRandomForest;Otimizado_FullFeatures;classifier;classifier;classifier;N/A;N/A;N/A;2000;100;92;11100;0,0000;0,0000;0,0000;0,0000;0,0000;0,0000;0;0;0;0
20260612_0942;Adaptação_1000;classification;AdaptiveRandomForest;Otimizado_FullFeatures;classifier;classifier;classifier;N/A;N/A;N/A;2000;100;93;11200;0,0000;0,0000;0,0000;0,0000;0,0000;0,0000;0;0;0;0
20260612_0942;Adaptação_1000;classification;AdaptiveRandomForest;Otimizado_FullFeatures;classifier;classifier;classifier;N/A;N/A;N/A;2000;100;94;11300;0,0000;0,0000;0,0000;0,0000;0,0000;0,0000;0;0;0;0
20260612_0942;Adaptação_1000;classification;AdaptiveRandomForest;Otimizado_FullFeatures;classifier;classifier;classifier;N/A;N/A;N/A;2000;100;95;11400;0,0000;0,0000;0,0000;0,0000;0,0000;0,0000;0;0;0;0
20260612_0942;Adaptação_1000;classification;AdaptiveRandomForest;Otimizado_FullFeatures;classifier;classifier;classifier;N/A;N/A;N/A;2000;100;96;11500;0,0000;0,0000;0,0000;0,0000;0,0000;0,0000;0;0;0;0
20260612_0942;Adaptação_1000;classification;AdaptiveRandomForest;Otimizado_FullFeatures;classifier;classifier;classifier;N/A;N/A;N/A;2000;100;97;11600;0,0000;0,0000;0,0000;0,0000;0,0000;0,0000;0;0;0;0
20260612_0942;Adaptação_1000;classification;AdaptiveRandomForest;Otimizado_FullFeatures;classifier;classifier;classifier;N/A;N/A;N/A;2000;100;98;11700;0,0000;0,0000;0,0000;0,0000;0,0000;0,0000;0;0;0;0
20260612_0942;Adaptação_1000;classification;AdaptiveRandomForest;Otimizado_FullFeatures;classifier;classifier;classifier;N/A;N/A;N/A;2000;100;99;11800;0,0000;0,0000;0,0000;0,0000;0,0000;0,0000;0;0;0;0
20260612_0942;Adaptação_1000;classification;AdaptiveRandomForest;Otimizado_FullFeatures;classifier;classifier;classifier;N/A;N/A;N/A;2000;100;100;11900;0,0000;0,0000;0,0000;0,0000;0,0000;0,0000;0;0;0;0
20260612_0942;Adaptação_1000;classification;AdaptiveRandomForest;Otimizado_FullFeatures;classifier;classifier;classifier;N/A;N/A;N/A;2000;100;101;12000;0,0000;0,0000;0,0000;0,0000;0,0000;0,0000;0;0;0;0
20260612_0942;Adaptação_1000;classification;AdaptiveRandomForest;Otimizado_FullFeatures;classifier;classifier;classifier;N/A;N/A;N/A;2000;100;102;12100;0,0000;0,0000;0,0000;0,0000;0,0000;0,0000;0;0;0;0
20260612_0942;Adaptação_1000;classification;AdaptiveRandomForest;Otimizado_FullFeatures;classifier;classifier;classifier;N/A;N/A;N/A;2000;100;103;12200;0,0000;0,0000;0,0000;0,0000;0,0000;0,0000;0;0;0;0
20260612_0942;Adaptação_1000;classification;AdaptiveRandomForest;Otimizado_FullFeatures;classifier;classifier;classifier;N/A;N/A;N/A;2000;100;104;12300;0,0000;0,0000;0,0000;0,0000;0,0000;0,0000;0;0;0;0
20260612_0942;Adaptação_1000;classification;AdaptiveRandomForest;Otimizado_FullFeatures;classifier;classifier;classifier;N/A;N/A;N/A;2000;100;105;12400;0,0000;0,0000;0,0000;0,0000;0,0000;0,0000;0;0;0;0
20260612_0942;Adaptação_1000;classification;AdaptiveRandomForest;Otimizado_FullFeatures;classifier;classifier;classifier;N/A;N/A;N/A;2000;100;106;12500;0,0000;0,0000;0,0000;0,0000;0,0000;0,0000;0;0;0;0
20260612_0942;Adaptação_1000;classification;AdaptiveRandomForest;Otimizado_FullFeatures;classifier;classifier;classifier;N/A;N/A;N/A;2000;100;107;12600;0,0000;0,0000;0,0000;0,0000;0,0000;0,0000;0;0;0;0
20260612_0942;Adaptação_1000;classification;AdaptiveRandomForest;Otimizado_FullFeatures;classifier;classifier;classifier;N/A;N/A;N/A;2000;100;108;12700;0,0000;0,0000;0,0000;0,0000;0,0000;0,0000;0;0;0;0
20260612_0942;Adaptação_1000;classification;AdaptiveRandomForest;Otimizado_FullFeatures;classifier;classifier;classifier;N/A;N/A;N/A;2000;100;109;12800;0,0000;0,0000;0,0000;0,0000;0,0000;0,0000;0;0;0;0
20260612_0942;Adaptação_1000;classification;AdaptiveRandomForest;Otimizado_FullFeatures;classifier;classifier;classifier;N/A;N/A;N/A;2000;100;110;12900;0,0000;0,0000;0,0000;0,0000;0,0000;0,0000;0;0;0;0
20260612_0942;Adaptação_1000;classification;AdaptiveRandomForest;Otimizado_FullFeatures;classifier;classifier;classifier;N/A;N/A;N/A;2000;100;111;13000;0,0000;0,0000;0,0000;0,0000;0,0000;0,0000;0;0;0;0
20260612_0942;Adaptação_1000;classification;AdaptiveRandomForest;Otimizado_FullFeatures;classifier;classifier;classifier;N/A;N/A;N/A;2000;100;112;13100;0,0000;0,0000;0,0000;0,0000;0,0000;0,0000;0;0;0;0
20260612_0942;Adaptação_1000;classification;AdaptiveRandomForest;Otimizado_FullFeatures;classifier;classifier;classifier;N/A;N/A;N/A;2000;100;113;13200;0,0000;0,0000;0,0000;0,0000;0,0000;0,0000;0;0;0;0
20260612_0942;Adaptação_1000;classification;AdaptiveRandomForest;Otimizado_FullFeatures;classifier;classifier;classifier;N/A;N/A;N/A;2000;100;114;13300;97,8261;0,0000;100,0000;0,0000;95,7447;0,0000;0;0;2;0
20260612_0942;Adaptação_1000;classification;AdaptiveRandomForest;Otimizado_FullFeatures;classifier;classifier;classifier;N/A;N/A;N/A;2000;100;115;13400;97,5182;0,2705;100,0000;0,0000;95,1579;0,5157;0;0;5;1
20260612_0942;Adaptação_1000;classification;AdaptiveRandomForest;Otimizado_FullFeatures;classifier;classifier;classifier;N/A;N/A;N/A;2000;100;116;13500;97,7578;0,3534;99,7727;0,4545;95,8242;0,4396;1;1;4;1
20260612_0942;Adaptação_1000;classification;AdaptiveRandomForest;Otimizado_FullFeatures;classifier;classifier;classifier;N/A;N/A;N/A;2000;100;117;13600;99,1000;0,2963;99,7015;0,5970;98,5075;0,0000;1;1;1;0
20260612_0942;Adaptação_1000;classification;AdaptiveRandomForest;Otimizado_FullFeatures;classifier;classifier;classifier;N/A;N/A;N/A;2000;100;118;13700;99,5676;0,2162;100,0000;0,0000;99,1398;0,4301;0;0;1;1
20260612_0942;Adaptação_1000;classification;AdaptiveRandomForest;Otimizado_FullFeatures;classifier;classifier;classifier;N/A;N/A;N/A;2000;100;119;13800;100,0000;0,0000;100,0000;0,0000;100,0000;0,0000;0;0;0;0
20260612_0942;Adaptação_1000;classification;AdaptiveRandomForest;Otimizado_FullFeatures;classifier;classifier;classifier;N/A;N/A;N/A;2000;100;120;13900;99,3836;0,2072;100,0000;0,0000;98,7755;0,4082;0;0;2;1
20260612_0942;Adaptação_1000;classification;AdaptiveRandomForest;Otimizado_FullFeatures;classifier;classifier;classifier;N/A;N/A;N/A;2000;100;121;14000;99,4924;0,0000;100,0000;0,0000;98,9899;0,0000;0;0;1;0
20260612_0942;Adaptação_1000;classification;AdaptiveRandomForest;Otimizado_FullFeatures;classifier;classifier;classifier;N/A;N/A;N/A;2000;100;122;14100;100,0000;0,0000;100,0000;0,0000;100,0000;0,0000;0;0;0;0
20260612_0942;Adaptação_1000;classification;AdaptiveRandomForest;Otimizado_FullFeatures;classifier;classifier;classifier;N/A;N/A;N/A;2000;100;123;14200;99,5897;0,2051;100,0000;0,0000;99,1837;0,4082;0;0;1;1
20260612_0942;Adaptação_1000;classification;AdaptiveRandomForest;Otimizado_FullFeatures;classifier;classifier;classifier;N/A;N/A;N/A;2000;100;124;14300;98,7919;0,3960;97,6157;0,7686;100,0000;0,0000;2;1;0;0
20260612_0942;Adaptação_1000;classification;AdaptiveRandomForest;Otimizado_FullFeatures;classifier;classifier;classifier;N/A;N/A;N/A;2000;100;125;14400;0,0000;0,0000;0,0000;0,0000;0,0000;0,0000;1;0;0;0
20260612_0942;Adaptação_1000;classification;AdaptiveRandomForest;Otimizado_FullFeatures;classifier;classifier;classifier;N/A;N/A;N/A;2000;100;126;14500;0,0000;0,0000;0,0000;0,0000;0,0000;0,0000;1;1;0;0
20260612_0942;Adaptação_1000;classification;AdaptiveRandomForest;Otimizado_FullFeatures;classifier;classifier;classifier;N/A;N/A;N/A;2000;100;127;14600;0,0000;0,0000;0,0000;0,0000;0,0000;0,0000;0;0;0;0
20260612_0942;Adaptação_1000;classification;AdaptiveRandomForest;Otimizado_FullFeatures;classifier;classifier;classifier;N/A;N/A;N/A;2000;100;128;14700;0,0000;0,0000;0,0000;0,0000;0,0000;0,0000;0;0;0;0
20260612_0942;Adaptação_1000;classification;AdaptiveRandomForest;Otimizado_FullFeatures;classifier;classifier;classifier;N/A;N/A;N/A;2000;100;129;14800;0,0000;0,0000;0,0000;0,0000;0,0000;0,0000;1;0;0;0
20260612_0942;Adaptação_1000;classification;AdaptiveRandomForest;Otimizado_FullFeatures;classifier;classifier;classifier;N/A;N/A;N/A;2000;100;130;14900;0,0000;0,0000;0,0000;0,0000;0,0000;0,0000;0;0;0;0
20260612_0942;Adaptação_1000;classification;AdaptiveRandomForest;Otimizado_FullFeatures;classifier;classifier;classifier;N/A;N/A;N/A;2000;100;131;15000;0,0000;0,0000;0,0000;0,0000;0,0000;0,0000;0;0;0;0
20260612_0942;Adaptação_1000;classification;AdaptiveRandomForest;Otimizado_FullFeatures;classifier;classifier;classifier;N/A;N/A;N/A;2000;100;132;15100;0,0000;0,0000;0,0000;0,0000;0,0000;0,0000;0;0;0;0
20260612_0942;Adaptação_1000;classification;AdaptiveRandomForest;Otimizado_FullFeatures;classifier;classifier;classifier;N/A;N/A;N/A;2000;100;133;15200;0,0000;0,0000;0,0000;0,0000;0,0000;0,0000;0;0;0;0
20260612_0942;Adaptação_1000;classification;AdaptiveRandomForest;Otimizado_FullFeatures;classifier;classifier;classifier;N/A;N/A;N/A;2000;100;134;15300;0,0000;0,0000;0,0000;0,0000;0,0000;0,0000;0;0;0;0
20260612_0942;Adaptação_1000;classification;AdaptiveRandomForest;Otimizado_FullFeatures;classifier;classifier;classifier;N/A;N/A;N/A;2000;100;135;15400;0,0000;0,0000;0,0000;0,0000;0,0000;0,0000;0;0;0;0
20260612_0942;Adaptação_1000;classification;AdaptiveRandomForest;Otimizado_FullFeatures;classifier;classifier;classifier;N/A;N/A;N/A;2000;100;136;15500;0,0000;0,0000;0,0000;0,0000;0,0000;0,0000;0;0;0;0
20260612_0942;Adaptação_1000;classification;AdaptiveRandomForest;Otimizado_FullFeatures;classifier;classifier;classifier;N/A;N/A;N/A;2000;100;137;15600;0,0000;0,0000;0,0000;0,0000;0,0000;0,0000;0;0;0;0
20260612_0942;Adaptação_1000;classification;AdaptiveRandomForest;Otimizado_FullFeatures;classifier;classifier;classifier;N/A;N/A;N/A;2000;100;138;15700;0,0000;0,0000;0,0000;0,0000;0,0000;0,0000;0;0;0;0
20260612_0942;Adaptação_1000;classification;AdaptiveRandomForest;Otimizado_FullFeatures;classifier;classifier;classifier;N/A;N/A;N/A;2000;100;139;15800;0,0000;0,0000;0,0000;0,0000;0,0000;0,0000;0;0;0;0
20260612_0942;Adaptação_1000;classification;AdaptiveRandomForest;Otimizado_FullFeatures;classifier;classifier;classifier;N/A;N/A;N/A;2000;100;140;15900;0,0000;0,0000;0,0000;0,0000;0,0000;0,0000;0;0;0;0
20260612_0942;Adaptação_1000;classification;AdaptiveRandomForest;Otimizado_FullFeatures;classifier;classifier;classifier;N/A;N/A;N/A;2000;100;141;16000;0,0000;0,0000;0,0000;0,0000;0,0000;0,0000;0;0;0;0
20260612_0942;Adaptação_1000;classification;AdaptiveRandomForest;Otimizado_FullFeatures;classifier;classifier;classifier;N/A;N/A;N/A;2000;100;142;16100;0,0000;0,0000;0,0000;0,0000;0,0000;0,0000;0;0;0;0
20260612_0942;Adaptação_1000;classification;AdaptiveRandomForest;Otimizado_FullFeatures;classifier;classifier;classifier;N/A;N/A;N/A;2000;100;143;16200;0,0000;0,0000;0,0000;0,0000;0,0000;0,0000;0;0;0;0
20260612_0942;Adaptação_1000;classification;AdaptiveRandomForest;Otimizado_FullFeatures;classifier;classifier;classifier;N/A;N/A;N/A;2000;100;144;16300;0,0000;0,0000;0,0000;0,0000;0,0000;0,0000;0;0;0;0
20260612_0942;Adaptação_1000;classification;AdaptiveRandomForest;Otimizado_FullFeatures;classifier;classifier;classifier;N/A;N/A;N/A;2000;100;145;16400;0,0000;0,0000;0,0000;0,0000;0,0000;0,0000;0;0;0;0
20260612_0942;Adaptação_1000;classification;AdaptiveRandomForest;Otimizado_FullFeatures;classifier;classifier;classifier;N/A;N/A;N/A;2000;100;146;16500;0,0000;0,0000;0,0000;0,0000;0,0000;0,0000;0;0;0;0
20260612_0942;Adaptação_1000;classification;AdaptiveRandomForest;Otimizado_FullFeatures;classifier;classifier;classifier;N/A;N/A;N/A;2000;100;147;16600;0,0000;0,0000;0,0000;0,0000;0,0000;0,0000;0;0;0;0
20260612_0942;Adaptação_1000;classification;AdaptiveRandomForest;Otimizado_FullFeatures;classifier;classifier;classifier;N/A;N/A;N/A;2000;100;148;16700;0,0000;0,0000;0,0000;0,0000;0,0000;0,0000;0;0;0;0
20260612_0942;Adaptação_1000;classification;AdaptiveRandomForest;Otimizado_FullFeatures;classifier;classifier;classifier;N/A;N/A;N/A;2000;100;149;16800;0,0000;0,0000;0,0000;0,0000;0,0000;0,0000;0;0;0;0
20260612_0942;Adaptação_1000;classification;AdaptiveRandomForest;Otimizado_FullFeatures;classifier;classifier;classifier;N/A;N/A;N/A;2000;100;150;16900;0,0000;0,0000;0,0000;0,0000;0,0000;0,0000;0;0;0;0
20260612_0942;Adaptação_1000;classification;AdaptiveRandomForest;Otimizado_FullFeatures;classifier;classifier;classifier;N/A;N/A;N/A;2000;100;151;17000;0,0000;0,0000;0,0000;0,0000;0,0000;0,0000;0;0;0;0
20260612_0942;Adaptação_1000;classification;AdaptiveRandomForest;Otimizado_FullFeatures;classifier;classifier;classifier;N/A;N/A;N/A;2000;100;152;17100;0,0000;0,0000;0,0000;0,0000;0,0000;0,0000;0;0;0;0
20260612_0942;Adaptação_1000;classification;AdaptiveRandomForest;Otimizado_FullFeatures;classifier;classifier;classifier;N/A;N/A;N/A;2000;100;153;17200;0,0000;0,0000;0,0000;0,0000;0,0000;0,0000;0;0;0;0
20260612_0942;Adaptação_1000;classification;AdaptiveRandomForest;Otimizado_FullFeatures;classifier;classifier;classifier;N/A;N/A;N/A;2000;100;154;17300;0,0000;0,0000;0,0000;0,0000;0,0000;0,0000;0;0;0;0
20260612_0942;Adaptação_1000;classification;AdaptiveRandomForest;Otimizado_FullFeatures;classifier;classifier;classifier;N/A;N/A;N/A;2000;100;155;17400;0,0000;0,0000;0,0000;0,0000;0,0000;0,0000;0;0;0;0
20260612_0942;Adaptação_1000;classification;AdaptiveRandomForest;Otimizado_FullFeatures;classifier;classifier;classifier;N/A;N/A;N/A;2000;100;156;17500;0,0000;0,0000;0,0000;0,0000;0,0000;0,0000;0;0;0;0
20260612_0942;Adaptação_1000;classification;AdaptiveRandomForest;Otimizado_FullFeatures;classifier;classifier;classifier;N/A;N/A;N/A;2000;100;157;17600;0,0000;0,0000;0,0000;0,0000;0,0000;0,0000;0;0;0;0
20260612_0942;Adaptação_1000;classification;AdaptiveRandomForest;Otimizado_FullFeatures;classifier;classifier;classifier;N/A;N/A;N/A;2000;100;158;17700;0,0000;0,0000;0,0000;0,0000;0,0000;0,0000;0;0;0;0
20260612_0942;Adaptação_1000;classification;AdaptiveRandomForest;Otimizado_FullFeatures;classifier;classifier;classifier;N/A;N/A;N/A;2000;100;159;17800;0,0000;0,0000;0,0000;0,0000;0,0000;0,0000;0;0;0;0
20260612_0942;Adaptação_1000;classification;AdaptiveRandomForest;Otimizado_FullFeatures;classifier;classifier;classifier;N/A;N/A;N/A;2000;100;160;17900;0,0000;0,0000;0,0000;0,0000;0,0000;0,0000;0;0;0;0
20260613_0945;Recorrência_25;classification;AdaptiveRandomForest;Otimizado_FullFeatures;classifier;classifier;classifier;N/A;N/A;N/A;2000;100;1;2000;0,0000;0,0000;0,0000;0,0000;0,0000;0,0000;0;0;0;0
20260613_0945;Recorrência_25;classification;AdaptiveRandomForest;Otimizado_FullFeatures;classifier;classifier;classifier;N/A;N/A;N/A;2000;100;2;2100;0,0000;0,0000;0,0000;0,0000;0,0000;0,0000;0;0;0;0
20260613_0945;Recorrência_25;classification;AdaptiveRandomForest;Otimizado_FullFeatures;classifier;classifier;classifier;N/A;N/A;N/A;2000;100;3;2200;90,9091;0,0000;100,0000;0,0000;83,3333;0,0000;0;0;2;0
20260613_0945;Recorrência_25;classification;AdaptiveRandomForest;Otimizado_FullFeatures;classifier;classifier;classifier;N/A;N/A;N/A;2000;100;4;2300;0,0000;0,0000;0,0000;0,0000;0,0000;0,0000;0;0;0;0
20260613_0945;Recorrência_25;classification;AdaptiveRandomForest;Otimizado_FullFeatures;classifier;classifier;classifier;N/A;N/A;N/A;2000;100;5;2400;0,0000;0,0000;0,0000;0,0000;0,0000;0,0000;0;0;0;0
20260613_0945;Recorrência_25;classification;AdaptiveRandomForest;Otimizado_FullFeatures;classifier;classifier;classifier;N/A;N/A;N/A;2000;100;6;2500;0,0000;0,0000;0,0000;0,0000;0,0000;0,0000;0;0;0;0
20260613_0945;Recorrência_25;classification;AdaptiveRandomForest;Otimizado_FullFeatures;classifier;classifier;classifier;N/A;N/A;N/A;2000;100;7;2600;0,0000;0,0000;0,0000;0,0000;0,0000;0,0000;0;0;0;0
20260613_0945;Recorrência_25;classification;AdaptiveRandomForest;Otimizado_FullFeatures;classifier;classifier;classifier;N/A;N/A;N/A;2000;100;8;2700;0,0000;0,0000;0,0000;0,0000;0,0000;0,0000;0;0;0;0
20260613_0945;Recorrência_25;classification;AdaptiveRandomForest;Otimizado_FullFeatures;classifier;classifier;classifier;N/A;N/A;N/A;2000;100;9;2800;0,0000;0,0000;0,0000;0,0000;0,0000;0,0000;0;0;0;0
20260613_0945;Recorrência_25;classification;AdaptiveRandomForest;Otimizado_FullFeatures;classifier;classifier;classifier;N/A;N/A;N/A;2000;100;10;2900;0,0000;0,0000;0,0000;0,0000;0,0000;0,0000;0;0;0;0
20260613_0945;Recorrência_25;classification;AdaptiveRandomForest;Otimizado_FullFeatures;classifier;classifier;classifier;N/A;N/A;N/A;2000;100;11;3000;0,0000;0,0000;0,0000;0,0000;0,0000;0,0000;0;0;0;0
20260613_0945;Recorrência_25;classification;AdaptiveRandomForest;Otimizado_FullFeatures;classifier;classifier;classifier;N/A;N/A;N/A;2000;100;12;3100;0,0000;0,0000;0,0000;0,0000;0,0000;0,0000;0;0;0;0
20260613_0945;Recorrência_25;classification;AdaptiveRandomForest;Otimizado_FullFeatures;classifier;classifier;classifier;N/A;N/A;N/A;2000;100;13;3200;0,0000;0,0000;0,0000;0,0000;0,0000;0,0000;0;0;0;0
20260613_0945;Recorrência_25;classification;AdaptiveRandomForest;Otimizado_FullFeatures;classifier;classifier;classifier;N/A;N/A;N/A;2000;100;14;3300;0,0000;0,0000;0,0000;0,0000;0,0000;0,0000;0;0;0;0
20260613_0945;Recorrência_25;classification;AdaptiveRandomForest;Otimizado_FullFeatures;classifier;classifier;classifier;N/A;N/A;N/A;2000;100;15;3400;0,0000;0,0000;0,0000;0,0000;0,0000;0,0000;0;0;0;0
20260613_0945;Recorrência_25;classification;AdaptiveRandomForest;Otimizado_FullFeatures;classifier;classifier;classifier;N/A;N/A;N/A;2000;100;16;3500;0,0000;0,0000;0,0000;0,0000;0,0000;0,0000;0;0;0;0
20260613_0945;Recorrência_25;classification;AdaptiveRandomForest;Otimizado_FullFeatures;classifier;classifier;classifier;N/A;N/A;N/A;2000;100;17;3600;0,0000;0,0000;0,0000;0,0000;0,0000;0,0000;0;0;0;0
20260613_0945;Recorrência_25;classification;AdaptiveRandomForest;Otimizado_FullFeatures;classifier;classifier;classifier;N/A;N/A;N/A;2000;100;18;3700;0,0000;0,0000;0,0000;0,0000;0,0000;0,0000;0;0;0;0
20260613_0945;Recorrência_25;classification;AdaptiveRandomForest;Otimizado_FullFeatures;classifier;classifier;classifier;N/A;N/A;N/A;2000;100;19;3800;0,0000;0,0000;0,0000;0,0000;0,0000;0,0000;0;0;0;0
20260613_0945;Recorrência_25;classification;AdaptiveRandomForest;Otimizado_FullFeatures;classifier;classifier;classifier;N/A;N/A;N/A;2000;100;20;3900;0,0000;0,0000;0,0000;0,0000;0,0000;0,0000;0;0;0;0
20260613_0945;Recorrência_25;classification;AdaptiveRandomForest;Otimizado_FullFeatures;classifier;classifier;classifier;N/A;N/A;N/A;2000;100;21;4000;0,0000;0,0000;0,0000;0,0000;0,0000;0,0000;0;0;0;0
20260613_0945;Recorrência_25;classification;AdaptiveRandomForest;Otimizado_FullFeatures;classifier;classifier;classifier;N/A;N/A;N/A;2000;100;22;4100;0,0000;0,0000;0,0000;0,0000;0,0000;0,0000;0;0;0;0
20260613_0945;Recorrência_25;classification;AdaptiveRandomForest;Otimizado_FullFeatures;classifier;classifier;classifier;N/A;N/A;N/A;2000;100;23;4200;0,0000;0,0000;0,0000;0,0000;0,0000;0,0000;0;0;0;0
20260613_0945;Recorrência_25;classification;AdaptiveRandomForest;Otimizado_FullFeatures;classifier;classifier;classifier;N/A;N/A;N/A;2000;100;24;4300;0,0000;0,0000;0,0000;0,0000;0,0000;0,0000;0;0;5;0
20260613_0945;Recorrência_25;classification;AdaptiveRandomForest;Otimizado_FullFeatures;classifier;classifier;classifier;N/A;N/A;N/A;2000;100;25;4400;84,1429;3,4449;78,2540;3,9316;91,4286;6,9985;2;1;1;1
20260613_0945;Recorrência_25;classification;AdaptiveRandomForest;Otimizado_FullFeatures;classifier;classifier;classifier;N/A;N/A;N/A;2000;100;26;4500;0,0000;0,0000;0,0000;0,0000;0,0000;0,0000;0;0;0;0
20260613_0945;Recorrência_25;classification;AdaptiveRandomForest;Otimizado_FullFeatures;classifier;classifier;classifier;N/A;N/A;N/A;2000;100;27;4600;0,0000;0,0000;0,0000;0,0000;0,0000;0,0000;1;0;0;0
20260613_0945;Recorrência_25;classification;AdaptiveRandomForest;Otimizado_FullFeatures;classifier;classifier;classifier;N/A;N/A;N/A;2000;100;28;4700;0,0000;0,0000;0,0000;0,0000;0,0000;0,0000;0;0;0;0
20260613_0945;Recorrência_25;classification;AdaptiveRandomForest;Otimizado_FullFeatures;classifier;classifier;classifier;N/A;N/A;N/A;2000;100;29;4800;0,0000;0,0000;0,0000;0,0000;0,0000;0,0000;0;0;0;0
20260613_0945;Recorrência_25;classification;AdaptiveRandomForest;Otimizado_FullFeatures;classifier;classifier;classifier;N/A;N/A;N/A;2000;100;30;4900;0,0000;0,0000;0,0000;0,0000;0,0000;0,0000;0;0;0;0
20260613_0945;Recorrência_25;classification;AdaptiveRandomForest;Otimizado_FullFeatures;classifier;classifier;classifier;N/A;N/A;N/A;2000;100;31;5000;0,0000;0,0000;0,0000;0,0000;0,0000;0,0000;1;1;0;0
20260613_0945;Recorrência_25;classification;AdaptiveRandomForest;Otimizado_FullFeatures;classifier;classifier;classifier;N/A;N/A;N/A;2000;100;32;5100;0,0000;0,0000;0,0000;0,0000;0,0000;0,0000;0;0;0;0
20260613_0945;Recorrência_25;classification;AdaptiveRandomForest;Otimizado_FullFeatures;classifier;classifier;classifier;N/A;N/A;N/A;2000;100;33;5200;0,0000;0,0000;0,0000;0,0000;0,0000;0,0000;0;0;0;0
20260613_0945;Recorrência_25;classification;AdaptiveRandomForest;Otimizado_FullFeatures;classifier;classifier;classifier;N/A;N/A;N/A;2000;100;34;5300;0,0000;0,0000;0,0000;0,0000;0,0000;0,0000;0;0;0;0
20260613_0945;Recorrência_25;classification;AdaptiveRandomForest;Otimizado_FullFeatures;classifier;classifier;classifier;N/A;N/A;N/A;2000;100;35;5400;0,0000;0,0000;0,0000;0,0000;0,0000;0,0000;0;0;0;0
20260613_0945;Recorrência_25;classification;AdaptiveRandomForest;Otimizado_FullFeatures;classifier;classifier;classifier;N/A;N/A;N/A;2000;100;36;5500;0,0000;0,0000;0,0000;0,0000;0,0000;0,0000;0;0;0;0
20260613_0945;Recorrência_25;classification;AdaptiveRandomForest;Otimizado_FullFeatures;classifier;classifier;classifier;N/A;N/A;N/A;2000;100;37;5600;0,0000;0,0000;0,0000;0,0000;0,0000;0,0000;0;0;0;0
20260613_0945;Recorrência_25;classification;AdaptiveRandomForest;Otimizado_FullFeatures;classifier;classifier;classifier;N/A;N/A;N/A;2000;100;38;5700;0,0000;0,0000;0,0000;0,0000;0,0000;0,0000;0;0;0;0
20260613_0945;Recorrência_25;classification;AdaptiveRandomForest;Otimizado_FullFeatures;classifier;classifier;classifier;N/A;N/A;N/A;2000;100;39;5800;0,0000;0,0000;0,0000;0,0000;0,0000;0,0000;0;0;0;0
20260613_0945;Recorrência_25;classification;AdaptiveRandomForest;Otimizado_FullFeatures;classifier;classifier;classifier;N/A;N/A;N/A;2000;100;40;5900;0,0000;0,0000;0,0000;0,0000;0,0000;0,0000;0;0;0;0
20260613_0945;Recorrência_25;classification;AdaptiveRandomForest;Otimizado_FullFeatures;classifier;classifier;classifier;N/A;N/A;N/A;2000;100;41;6000;0,0000;0,0000;0,0000;0,0000;0,0000;0,0000;0;0;0;0
20260613_0945;Recorrência_25;classification;AdaptiveRandomForest;Otimizado_FullFeatures;classifier;classifier;classifier;N/A;N/A;N/A;2000;100;42;6100;0,0000;0,0000;0,0000;0,0000;0,0000;0,0000;0;0;0;0
20260613_0945;Recorrência_25;classification;AdaptiveRandomForest;Otimizado_FullFeatures;classifier;classifier;classifier;N/A;N/A;N/A;2000;100;43;6200;0,0000;0,0000;0,0000;0,0000;0,0000;0,0000;0;0;0;0
20260613_0945;Recorrência_25;classification;AdaptiveRandomForest;Otimizado_FullFeatures;classifier;classifier;classifier;N/A;N/A;N/A;2000;100;44;6300;0,0000;0,0000;0,0000;0,0000;0,0000;0,0000;0;0;0;0
20260613_0945;Recorrência_25;classification;AdaptiveRandomForest;Otimizado_FullFeatures;classifier;classifier;classifier;N/A;N/A;N/A;2000;100;45;6400;0,0000;0,0000;0,0000;0,0000;0,0000;0,0000;0;0;0;0
20260613_0945;Recorrência_25;classification;AdaptiveRandomForest;Otimizado_FullFeatures;classifier;classifier;classifier;N/A;N/A;N/A;2000;100;46;6500;92,8063;2,3236;100,0000;0,0000;86,6667;4,0825;0;0;2;1
20260613_0945;Recorrência_25;classification;AdaptiveRandomForest;Otimizado_FullFeatures;classifier;classifier;classifier;N/A;N/A;N/A;2000;100;47;6600;0,0000;0,0000;0,0000;0,0000;0,0000;0,0000;0;0;0;0
20260613_0945;Recorrência_25;classification;AdaptiveRandomForest;Otimizado_FullFeatures;classifier;classifier;classifier;N/A;N/A;N/A;2000;100;48;6700;0,0000;0,0000;0,0000;0,0000;0,0000;0,0000;0;0;0;0
20260613_0945;Recorrência_25;classification;AdaptiveRandomForest;Otimizado_FullFeatures;classifier;classifier;classifier;N/A;N/A;N/A;2000;100;49;6800;0,0000;0,0000;0,0000;0,0000;0,0000;0,0000;0;0;0;0
20260613_0945;Recorrência_25;classification;AdaptiveRandomForest;Otimizado_FullFeatures;classifier;classifier;classifier;N/A;N/A;N/A;2000;100;50;6900;0,0000;0,0000;0,0000;0,0000;0,0000;0,0000;0;0;0;0
20260613_0945;Recorrência_25;classification;AdaptiveRandomForest;Otimizado_FullFeatures;classifier;classifier;classifier;N/A;N/A;N/A;2000;100;51;7000;0,0000;0,0000;0,0000;0,0000;0,0000;0,0000;0;0;0;0
20260613_0945;Recorrência_25;classification;AdaptiveRandomForest;Otimizado_FullFeatures;classifier;classifier;classifier;N/A;N/A;N/A;2000;100;52;7100;0,0000;0,0000;0,0000;0,0000;0,0000;0,0000;0;0;0;0
20260613_0945;Recorrência_25;classification;AdaptiveRandomForest;Otimizado_FullFeatures;classifier;classifier;classifier;N/A;N/A;N/A;2000;100;53;7200;0,0000;0,0000;0,0000;0,0000;0,0000;0,0000;0;0;0;0
20260613_0945;Recorrência_25;classification;AdaptiveRandomForest;Otimizado_FullFeatures;classifier;classifier;classifier;N/A;N/A;N/A;2000;100;54;7300;0,0000;0,0000;0,0000;0,0000;0,0000;0,0000;0;0;0;0
20260613_0945;Recorrência_25;classification;AdaptiveRandomForest;Otimizado_FullFeatures;classifier;classifier;classifier;N/A;N/A;N/A;2000;100;55;7400;0,0000;0,0000;0,0000;0,0000;0,0000;0,0000;0;0;0;0
20260613_0945;Recorrência_25;classification;AdaptiveRandomForest;Otimizado_FullFeatures;classifier;classifier;classifier;N/A;N/A;N/A;2000;100;56;7500;0,0000;0,0000;0,0000;0,0000;0,0000;0,0000;0;0;0;0
20260613_0945;Recorrência_25;classification;AdaptiveRandomForest;Otimizado_FullFeatures;classifier;classifier;classifier;N/A;N/A;N/A;2000;100;57;7600;0,0000;0,0000;0,0000;0,0000;0,0000;0,0000;0;0;0;0
20260613_0945;Recorrência_25;classification;AdaptiveRandomForest;Otimizado_FullFeatures;classifier;classifier;classifier;N/A;N/A;N/A;2000;100;58;7700;0,0000;0,0000;0,0000;0,0000;0,0000;0,0000;0;0;0;0
20260613_0945;Recorrência_25;classification;AdaptiveRandomForest;Otimizado_FullFeatures;classifier;classifier;classifier;N/A;N/A;N/A;2000;100;59;7800;0,0000;0,0000;0,0000;0,0000;0,0000;0,0000;0;0;0;0
20260613_0945;Recorrência_25;classification;AdaptiveRandomForest;Otimizado_FullFeatures;classifier;classifier;classifier;N/A;N/A;N/A;2000;100;60;7900;0,0000;0,0000;0,0000;0,0000;0,0000;0,0000;0;0;0;0
20260613_0945;Recorrência_25;classification;AdaptiveRandomForest;Otimizado_FullFeatures;classifier;classifier;classifier;N/A;N/A;N/A;2000;100;61;8000;0,0000;0,0000;0,0000;0,0000;0,0000;0,0000;0;0;0;0
20260613_0945;Recorrência_25;classification;AdaptiveRandomForest;Otimizado_FullFeatures;classifier;classifier;classifier;N/A;N/A;N/A;2000;100;62;8100;0,0000;0,0000;0,0000;0,0000;0,0000;0,0000;0;0;0;0
20260613_0945;Recorrência_25;classification;AdaptiveRandomForest;Otimizado_FullFeatures;classifier;classifier;classifier;N/A;N/A;N/A;2000;100;63;8200;0,0000;0,0000;0,0000;0,0000;0,0000;0,0000;0;0;0;0
20260613_0945;Recorrência_25;classification;AdaptiveRandomForest;Otimizado_FullFeatures;classifier;classifier;classifier;N/A;N/A;N/A;2000;100;64;8300;0,0000;0,0000;0,0000;0,0000;0,0000;0,0000;0;0;0;0
20260613_0945;Recorrência_25;classification;AdaptiveRandomForest;Otimizado_FullFeatures;classifier;classifier;classifier;N/A;N/A;N/A;2000;100;65;8400;0,0000;0,0000;0,0000;0,0000;0,0000;0,0000;0;0;0;0
20260613_0945;Recorrência_25;classification;AdaptiveRandomForest;Otimizado_FullFeatures;classifier;classifier;classifier;N/A;N/A;N/A;2000;100;66;8500;0,0000;0,0000;0,0000;0,0000;0,0000;0,0000;0;0;0;0
20260613_0945;Recorrência_25;classification;AdaptiveRandomForest;Otimizado_FullFeatures;classifier;classifier;classifier;N/A;N/A;N/A;2000;100;67;8600;0,0000;0,0000;0,0000;0,0000;0,0000;0,0000;0;0;0;0
20260613_0945;Recorrência_25;classification;AdaptiveRandomForest;Otimizado_FullFeatures;classifier;classifier;classifier;N/A;N/A;N/A;2000;100;68;8700;90,9091;0,0000;100,0000;0,0000;83,3333;0,0000;0;0;2;0
20260613_0945;Recorrência_25;classification;AdaptiveRandomForest;Otimizado_FullFeatures;classifier;classifier;classifier;N/A;N/A;N/A;2000;100;69;8800;0,0000;0,0000;0,0000;0,0000;0,0000;0,0000;0;0;0;0
20260613_0945;Recorrência_25;classification;AdaptiveRandomForest;Otimizado_FullFeatures;classifier;classifier;classifier;N/A;N/A;N/A;2000;100;70;8900;0,0000;0,0000;0,0000;0,0000;0,0000;0,0000;0;0;0;0
20260613_0945;Recorrência_25;classification;AdaptiveRandomForest;Otimizado_FullFeatures;classifier;classifier;classifier;N/A;N/A;N/A;2000;100;71;9000;0,0000;0,0000;0,0000;0,0000;0,0000;0,0000;0;0;0;0
20260613_0945;Recorrência_25;classification;AdaptiveRandomForest;Otimizado_FullFeatures;classifier;classifier;classifier;N/A;N/A;N/A;2000;100;72;9100;0,0000;0,0000;0,0000;0,0000;0,0000;0,0000;0;0;0;0
20260613_0945;Recorrência_25;classification;AdaptiveRandomForest;Otimizado_FullFeatures;classifier;classifier;classifier;N/A;N/A;N/A;2000;100;73;9200;0,0000;0,0000;0,0000;0,0000;0,0000;0,0000;0;0;0;0
20260613_0945;Recorrência_25;classification;AdaptiveRandomForest;Otimizado_FullFeatures;classifier;classifier;classifier;N/A;N/A;N/A;2000;100;74;9300;0,0000;0,0000;0,0000;0,0000;0,0000;0,0000;0;0;0;0
20260613_0945;Recorrência_25;classification;AdaptiveRandomForest;Otimizado_FullFeatures;classifier;classifier;classifier;N/A;N/A;N/A;2000;100;75;9400;0,0000;0,0000;0,0000;0,0000;0,0000;0,0000;0;0;0;0
20260613_0945;Recorrência_25;classification;AdaptiveRandomForest;Otimizado_FullFeatures;classifier;classifier;classifier;N/A;N/A;N/A;2000;100;76;9500;0,0000;0,0000;0,0000;0,0000;0,0000;0,0000;0;0;0;0
20260613_0945;Recorrência_25;classification;AdaptiveRandomForest;Otimizado_FullFeatures;classifier;classifier;classifier;N/A;N/A;N/A;2000;100;77;9600;0,0000;0,0000;0,0000;0,0000;0,0000;0,0000;0;0;0;0
20260613_0945;Recorrência_25;classification;AdaptiveRandomForest;Otimizado_FullFeatures;classifier;classifier;classifier;N/A;N/A;N/A;2000;100;78;9700;0,0000;0,0000;0,0000;0,0000;0,0000;0,0000;0;0;0;0
20260613_0945;Recorrência_25;classification;AdaptiveRandomForest;Otimizado_FullFeatures;classifier;classifier;classifier;N/A;N/A;N/A;2000;100;79;9800;0,0000;0,0000;0,0000;0,0000;0,0000;0,0000;0;0;0;0
20260613_0945;Recorrência_25;classification;AdaptiveRandomForest;Otimizado_FullFeatures;classifier;classifier;classifier;N/A;N/A;N/A;2000;100;80;9900;0,0000;0,0000;0,0000;0,0000;0,0000;0,0000;0;0;0;0
20260613_0945;Recorrência_25;classification;AdaptiveRandomForest;Otimizado_FullFeatures;classifier;classifier;classifier;N/A;N/A;N/A;2000;100;81;10000;0,0000;0,0000;0,0000;0,0000;0,0000;0,0000;0;0;0;0
20260613_0945;Recorrência_25;classification;AdaptiveRandomForest;Otimizado_FullFeatures;classifier;classifier;classifier;N/A;N/A;N/A;2000;100;82;10100;0,0000;0,0000;0,0000;0,0000;0,0000;0,0000;0;0;0;0
20260613_0945;Recorrência_25;classification;AdaptiveRandomForest;Otimizado_FullFeatures;classifier;classifier;classifier;N/A;N/A;N/A;2000;100;83;10200;0,0000;0,0000;0,0000;0,0000;0,0000;0,0000;0;0;0;0
20260613_0945;Recorrência_25;classification;AdaptiveRandomForest;Otimizado_FullFeatures;classifier;classifier;classifier;N/A;N/A;N/A;2000;100;84;10300;0,0000;0,0000;0,0000;0,0000;0,0000;0,0000;0;0;0;0
20260613_0945;Recorrência_25;classification;AdaptiveRandomForest;Otimizado_FullFeatures;classifier;classifier;classifier;N/A;N/A;N/A;2000;100;85;10400;0,0000;0,0000;0,0000;0,0000;0,0000;0,0000;0;0;0;0
20260613_0945;Recorrência_25;classification;AdaptiveRandomForest;Otimizado_FullFeatures;classifier;classifier;classifier;N/A;N/A;N/A;2000;100;86;10500;0,0000;0,0000;0,0000;0,0000;0,0000;0,0000;0;0;0;0
20260613_0945;Recorrência_25;classification;AdaptiveRandomForest;Otimizado_FullFeatures;classifier;classifier;classifier;N/A;N/A;N/A;2000;100;87;10600;0,0000;0,0000;0,0000;0,0000;0,0000;0,0000;0;0;0;0
20260613_0945;Recorrência_25;classification;AdaptiveRandomForest;Otimizado_FullFeatures;classifier;classifier;classifier;N/A;N/A;N/A;2000;100;88;10700;0,0000;0,0000;0,0000;0,0000;0,0000;0,0000;0;0;0;0
20260613_0945;Recorrência_25;classification;AdaptiveRandomForest;Otimizado_FullFeatures;classifier;classifier;classifier;N/A;N/A;N/A;2000;100;89;10800;94,7368;0,0000;100,0000;0,0000;90,0000;0,0000;0;0;1;0
20260613_0945;Recorrência_25;classification;AdaptiveRandomForest;Otimizado_FullFeatures;classifier;classifier;classifier;N/A;N/A;N/A;2000;100;90;10900;0,0000;0,0000;0,0000;0,0000;0,0000;0,0000;0;0;0;0
20260613_0945;Recorrência_25;classification;AdaptiveRandomForest;Otimizado_FullFeatures;classifier;classifier;classifier;N/A;N/A;N/A;2000;100;91;11000;0,0000;0,0000;0,0000;0,0000;0,0000;0,0000;0;0;0;0
20260613_0945;Recorrência_25;classification;AdaptiveRandomForest;Otimizado_FullFeatures;classifier;classifier;classifier;N/A;N/A;N/A;2000;100;92;11100;0,0000;0,0000;0,0000;0,0000;0,0000;0,0000;0;0;0;0
20260613_0945;Recorrência_25;classification;AdaptiveRandomForest;Otimizado_FullFeatures;classifier;classifier;classifier;N/A;N/A;N/A;2000;100;93;11200;0,0000;0,0000;0,0000;0,0000;0,0000;0,0000;0;0;0;0
20260613_0945;Recorrência_25;classification;AdaptiveRandomForest;Otimizado_FullFeatures;classifier;classifier;classifier;N/A;N/A;N/A;2000;100;94;11300;0,0000;0,0000;0,0000;0,0000;0,0000;0,0000;0;0;0;0
20260613_0945;Recorrência_25;classification;AdaptiveRandomForest;Otimizado_FullFeatures;classifier;classifier;classifier;N/A;N/A;N/A;2000;100;95;11400;0,0000;0,0000;0,0000;0,0000;0,0000;0,0000;0;0;0;0
20260613_0945;Recorrência_25;classification;AdaptiveRandomForest;Otimizado_FullFeatures;classifier;classifier;classifier;N/A;N/A;N/A;2000;100;96;11500;0,0000;0,0000;0,0000;0,0000;0,0000;0,0000;0;0;0;0
20260613_0945;Recorrência_25;classification;AdaptiveRandomForest;Otimizado_FullFeatures;classifier;classifier;classifier;N/A;N/A;N/A;2000;100;97;11600;0,0000;0,0000;0,0000;0,0000;0,0000;0,0000;0;0;0;0
20260613_0945;Recorrência_25;classification;AdaptiveRandomForest;Otimizado_FullFeatures;classifier;classifier;classifier;N/A;N/A;N/A;2000;100;98;11700;0,0000;0,0000;0,0000;0,0000;0,0000;0,0000;0;0;0;0
20260613_0945;Recorrência_25;classification;AdaptiveRandomForest;Otimizado_FullFeatures;classifier;classifier;classifier;N/A;N/A;N/A;2000;100;99;11800;0,0000;0,0000;0,0000;0,0000;0,0000;0,0000;0;0;0;0
20260613_0945;Recorrência_25;classification;AdaptiveRandomForest;Otimizado_FullFeatures;classifier;classifier;classifier;N/A;N/A;N/A;2000;100;100;11900;0,0000;0,0000;0,0000;0,0000;0,0000;0,0000;0;0;0;0
20260613_0945;Recorrência_25;classification;AdaptiveRandomForest;Otimizado_FullFeatures;classifier;classifier;classifier;N/A;N/A;N/A;2000;100;101;12000;0,0000;0,0000;0,0000;0,0000;0,0000;0,0000;0;0;0;0
20260613_0945;Recorrência_25;classification;AdaptiveRandomForest;Otimizado_FullFeatures;classifier;classifier;classifier;N/A;N/A;N/A;2000;100;102;12100;0,0000;0,0000;0,0000;0,0000;0,0000;0,0000;0;0;0;0
20260613_0945;Recorrência_25;classification;AdaptiveRandomForest;Otimizado_FullFeatures;classifier;classifier;classifier;N/A;N/A;N/A;2000;100;103;12200;0,0000;0,0000;0,0000;0,0000;0,0000;0,0000;0;0;0;0
20260613_0945;Recorrência_25;classification;AdaptiveRandomForest;Otimizado_FullFeatures;classifier;classifier;classifier;N/A;N/A;N/A;2000;100;104;12300;0,0000;0,0000;0,0000;0,0000;0,0000;0,0000;0;0;0;0
20260613_0945;Recorrência_25;classification;AdaptiveRandomForest;Otimizado_FullFeatures;classifier;classifier;classifier;N/A;N/A;N/A;2000;100;105;12400;0,0000;0,0000;0,0000;0,0000;0,0000;0,0000;0;0;0;0
20260613_0945;Recorrência_25;classification;AdaptiveRandomForest;Otimizado_FullFeatures;classifier;classifier;classifier;N/A;N/A;N/A;2000;100;106;12500;0,0000;0,0000;0,0000;0,0000;0,0000;0,0000;0;0;0;0
20260613_0945;Recorrência_25;classification;AdaptiveRandomForest;Otimizado_FullFeatures;classifier;classifier;classifier;N/A;N/A;N/A;2000;100;107;12600;0,0000;0,0000;0,0000;0,0000;0,0000;0,0000;0;0;0;0
20260613_0945;Recorrência_25;classification;AdaptiveRandomForest;Otimizado_FullFeatures;classifier;classifier;classifier;N/A;N/A;N/A;2000;100;108;12700;0,0000;0,0000;0,0000;0,0000;0,0000;0,0000;0;0;0;0
20260613_0945;Recorrência_25;classification;AdaptiveRandomForest;Otimizado_FullFeatures;classifier;classifier;classifier;N/A;N/A;N/A;2000;100;109;12800;0,0000;0,0000;0,0000;0,0000;0,0000;0,0000;0;0;0;0
20260613_0945;Recorrência_25;classification;AdaptiveRandomForest;Otimizado_FullFeatures;classifier;classifier;classifier;N/A;N/A;N/A;2000;100;110;12900;0,0000;0,0000;0,0000;0,0000;0,0000;0,0000;0;0;0;0
20260613_0945;Recorrência_25;classification;AdaptiveRandomForest;Otimizado_FullFeatures;classifier;classifier;classifier;N/A;N/A;N/A;2000;100;111;13000;100,0000;0,0000;100,0000;0,0000;100,0000;0,0000;0;0;0;0
20260613_0945;Recorrência_25;classification;AdaptiveRandomForest;Otimizado_FullFeatures;classifier;classifier;classifier;N/A;N/A;N/A;2000;100;112;13100;0,0000;0,0000;0,0000;0,0000;0,0000;0,0000;0;0;0;0
20260613_0945;Recorrência_25;classification;AdaptiveRandomForest;Otimizado_FullFeatures;classifier;classifier;classifier;N/A;N/A;N/A;2000;100;113;13200;0,0000;0,0000;0,0000;0,0000;0,0000;0,0000;0;0;0;0
20260613_0945;Recorrência_25;classification;AdaptiveRandomForest;Otimizado_FullFeatures;classifier;classifier;classifier;N/A;N/A;N/A;2000;100;114;13300;0,0000;0,0000;0,0000;0,0000;0,0000;0,0000;0;0;0;0
20260613_0945;Recorrência_25;classification;AdaptiveRandomForest;Otimizado_FullFeatures;classifier;classifier;classifier;N/A;N/A;N/A;2000;100;115;13400;0,0000;0,0000;0,0000;0,0000;0,0000;0,0000;0;0;0;0
20260613_0945;Recorrência_25;classification;AdaptiveRandomForest;Otimizado_FullFeatures;classifier;classifier;classifier;N/A;N/A;N/A;2000;100;116;13500;0,0000;0,0000;0,0000;0,0000;0,0000;0,0000;0;0;0;0
20260613_0945;Recorrência_25;classification;AdaptiveRandomForest;Otimizado_FullFeatures;classifier;classifier;classifier;N/A;N/A;N/A;2000;100;117;13600;0,0000;0,0000;0,0000;0,0000;0,0000;0,0000;0;0;0;0
20260613_0945;Recorrência_25;classification;AdaptiveRandomForest;Otimizado_FullFeatures;classifier;classifier;classifier;N/A;N/A;N/A;2000;100;118;13700;0,0000;0,0000;0,0000;0,0000;0,0000;0,0000;0;0;0;0
20260613_0945;Recorrência_25;classification;AdaptiveRandomForest;Otimizado_FullFeatures;classifier;classifier;classifier;N/A;N/A;N/A;2000;100;119;13800;0,0000;0,0000;0,0000;0,0000;0,0000;0,0000;0;0;0;0
20260613_0945;Recorrência_25;classification;AdaptiveRandomForest;Otimizado_FullFeatures;classifier;classifier;classifier;N/A;N/A;N/A;2000;100;120;13900;0,0000;0,0000;0,0000;0,0000;0,0000;0,0000;0;0;0;0
20260613_0945;Recorrência_25;classification;AdaptiveRandomForest;Otimizado_FullFeatures;classifier;classifier;classifier;N/A;N/A;N/A;2000;100;121;14000;0,0000;0,0000;0,0000;0,0000;0,0000;0,0000;0;0;0;0
20260613_0945;Recorrência_25;classification;AdaptiveRandomForest;Otimizado_FullFeatures;classifier;classifier;classifier;N/A;N/A;N/A;2000;100;122;14100;0,0000;0,0000;0,0000;0,0000;0,0000;0,0000;0;0;0;0
20260613_0945;Recorrência_25;classification;AdaptiveRandomForest;Otimizado_FullFeatures;classifier;classifier;classifier;N/A;N/A;N/A;2000;100;123;14200;0,0000;0,0000;0,0000;0,0000;0,0000;0,0000;0;0;0;0
20260613_0945;Recorrência_25;classification;AdaptiveRandomForest;Otimizado_FullFeatures;classifier;classifier;classifier;N/A;N/A;N/A;2000;100;124;14300;0,0000;0,0000;0,0000;0,0000;0,0000;0,0000;0;0;0;0
20260613_0945;Recorrência_25;classification;AdaptiveRandomForest;Otimizado_FullFeatures;classifier;classifier;classifier;N/A;N/A;N/A;2000;100;125;14400;0,0000;0,0000;0,0000;0,0000;0,0000;0,0000;0;0;0;0
20260613_0945;Recorrência_25;classification;AdaptiveRandomForest;Otimizado_FullFeatures;classifier;classifier;classifier;N/A;N/A;N/A;2000;100;126;14500;0,0000;0,0000;0,0000;0,0000;0,0000;0,0000;0;0;0;0
20260613_0945;Recorrência_25;classification;AdaptiveRandomForest;Otimizado_FullFeatures;classifier;classifier;classifier;N/A;N/A;N/A;2000;100;127;14600;0,0000;0,0000;0,0000;0,0000;0,0000;0,0000;0;0;0;0
20260613_0945;Recorrência_25;classification;AdaptiveRandomForest;Otimizado_FullFeatures;classifier;classifier;classifier;N/A;N/A;N/A;2000;100;128;14700;0,0000;0,0000;0,0000;0,0000;0,0000;0,0000;0;0;0;0
20260613_0945;Recorrência_25;classification;AdaptiveRandomForest;Otimizado_FullFeatures;classifier;classifier;classifier;N/A;N/A;N/A;2000;100;129;14800;0,0000;0,0000;0,0000;0,0000;0,0000;0,0000;0;0;0;0
20260613_0945;Recorrência_25;classification;AdaptiveRandomForest;Otimizado_FullFeatures;classifier;classifier;classifier;N/A;N/A;N/A;2000;100;130;14900;0,0000;0,0000;0,0000;0,0000;0,0000;0,0000;0;0;0;0
20260613_0945;Recorrência_25;classification;AdaptiveRandomForest;Otimizado_FullFeatures;classifier;classifier;classifier;N/A;N/A;N/A;2000;100;131;15000;0,0000;0,0000;0,0000;0,0000;0,0000;0,0000;0;0;0;0
20260613_0945;Recorrência_200;classification;AdaptiveRandomForest;Otimizado_FullFeatures;classifier;classifier;classifier;N/A;N/A;N/A;2000;100;1;2000;0,0000;0,0000;0,0000;0,0000;0,0000;0,0000;0;0;0;0
20260613_0945;Recorrência_200;classification;AdaptiveRandomForest;Otimizado_FullFeatures;classifier;classifier;classifier;N/A;N/A;N/A;2000;100;2;2100;0,0000;0,0000;0,0000;0,0000;0,0000;0,0000;0;0;0;0
20260613_0945;Recorrência_200;classification;AdaptiveRandomForest;Otimizado_FullFeatures;classifier;classifier;classifier;N/A;N/A;N/A;2000;100;3;2200;94,9839;0,4177;95,3312;0,8430;94,6429;0,0000;3;1;3;0
20260613_0945;Recorrência_200;classification;AdaptiveRandomForest;Otimizado_FullFeatures;classifier;classifier;classifier;N/A;N/A;N/A;2000;100;4;2300;97,5639;0,5331;95,2489;1,0242;100,0000;0,0000;2;1;0;0
20260613_0945;Recorrência_200;classification;AdaptiveRandomForest;Otimizado_FullFeatures;classifier;classifier;classifier;N/A;N/A;N/A;2000;100;5;2400;0,0000;0,0000;0,0000;0,0000;0,0000;0,0000;1;0;0;0
20260613_0945;Recorrência_200;classification;AdaptiveRandomForest;Otimizado_FullFeatures;classifier;classifier;classifier;N/A;N/A;N/A;2000;100;6;2500;0,0000;0,0000;0,0000;0,0000;0,0000;0,0000;1;1;0;0
20260613_0945;Recorrência_200;classification;AdaptiveRandomForest;Otimizado_FullFeatures;classifier;classifier;classifier;N/A;N/A;N/A;2000;100;7;2600;0,0000;0,0000;0,0000;0,0000;0,0000;0,0000;0;0;0;0
20260613_0945;Recorrência_200;classification;AdaptiveRandomForest;Otimizado_FullFeatures;classifier;classifier;classifier;N/A;N/A;N/A;2000;100;8;2700;0,0000;0,0000;0,0000;0,0000;0,0000;0,0000;0;0;0;0
20260613_0945;Recorrência_200;classification;AdaptiveRandomForest;Otimizado_FullFeatures;classifier;classifier;classifier;N/A;N/A;N/A;2000;100;9;2800;0,0000;0,0000;0,0000;0,0000;0,0000;0,0000;0;0;0;0
20260613_0945;Recorrência_200;classification;AdaptiveRandomForest;Otimizado_FullFeatures;classifier;classifier;classifier;N/A;N/A;N/A;2000;100;10;2900;0,0000;0,0000;0,0000;0,0000;0,0000;0,0000;0;0;0;0
20260613_0945;Recorrência_200;classification;AdaptiveRandomForest;Otimizado_FullFeatures;classifier;classifier;classifier;N/A;N/A;N/A;2000;100;11;3000;0,0000;0,0000;0,0000;0,0000;0,0000;0,0000;0;0;0;0
20260613_0945;Recorrência_200;classification;AdaptiveRandomForest;Otimizado_FullFeatures;classifier;classifier;classifier;N/A;N/A;N/A;2000;100;12;3100;0,0000;0,0000;0,0000;0,0000;0,0000;0,0000;0;0;0;0
20260613_0945;Recorrência_200;classification;AdaptiveRandomForest;Otimizado_FullFeatures;classifier;classifier;classifier;N/A;N/A;N/A;2000;100;13;3200;0,0000;0,0000;0,0000;0,0000;0,0000;0,0000;0;0;0;0
20260613_0945;Recorrência_200;classification;AdaptiveRandomForest;Otimizado_FullFeatures;classifier;classifier;classifier;N/A;N/A;N/A;2000;100;14;3300;0,0000;0,0000;0,0000;0,0000;0,0000;0,0000;0;0;0;0
20260613_0945;Recorrência_200;classification;AdaptiveRandomForest;Otimizado_FullFeatures;classifier;classifier;classifier;N/A;N/A;N/A;2000;100;15;3400;0,0000;0,0000;0,0000;0,0000;0,0000;0,0000;1;0;0;0
20260613_0945;Recorrência_200;classification;AdaptiveRandomForest;Otimizado_FullFeatures;classifier;classifier;classifier;N/A;N/A;N/A;2000;100;16;3500;0,0000;0,0000;0,0000;0,0000;0,0000;0,0000;1;1;0;0
20260613_0945;Recorrência_200;classification;AdaptiveRandomForest;Otimizado_FullFeatures;classifier;classifier;classifier;N/A;N/A;N/A;2000;100;17;3600;0,0000;0,0000;0,0000;0,0000;0,0000;0,0000;0;0;0;0
20260613_0945;Recorrência_200;classification;AdaptiveRandomForest;Otimizado_FullFeatures;classifier;classifier;classifier;N/A;N/A;N/A;2000;100;18;3700;0,0000;0,0000;0,0000;0,0000;0,0000;0,0000;0;0;0;0
20260613_0945;Recorrência_200;classification;AdaptiveRandomForest;Otimizado_FullFeatures;classifier;classifier;classifier;N/A;N/A;N/A;2000;100;19;3800;0,0000;0,0000;0,0000;0,0000;0,0000;0,0000;0;0;0;0
20260613_0945;Recorrência_200;classification;AdaptiveRandomForest;Otimizado_FullFeatures;classifier;classifier;classifier;N/A;N/A;N/A;2000;100;20;3900;0,0000;0,0000;0,0000;0,0000;0,0000;0,0000;0;0;0;0
20260613_0945;Recorrência_200;classification;AdaptiveRandomForest;Otimizado_FullFeatures;classifier;classifier;classifier;N/A;N/A;N/A;2000;100;21;4000;0,0000;0,0000;0,0000;0,0000;0,0000;0,0000;0;0;0;0
20260613_0945;Recorrência_200;classification;AdaptiveRandomForest;Otimizado_FullFeatures;classifier;classifier;classifier;N/A;N/A;N/A;2000;100;22;4100;0,0000;0,0000;0,0000;0,0000;0,0000;0,0000;0;0;0;0
20260613_0945;Recorrência_200;classification;AdaptiveRandomForest;Otimizado_FullFeatures;classifier;classifier;classifier;N/A;N/A;N/A;2000;100;23;4200;0,0000;0,0000;0,0000;0,0000;0,0000;0,0000;0;0;0;0
20260613_0945;Recorrência_200;classification;AdaptiveRandomForest;Otimizado_FullFeatures;classifier;classifier;classifier;N/A;N/A;N/A;2000;100;24;4300;0,0000;0,0000;0,0000;0,0000;0,0000;0,0000;0;0;0;0
20260613_0945;Recorrência_200;classification;AdaptiveRandomForest;Otimizado_FullFeatures;classifier;classifier;classifier;N/A;N/A;N/A;2000;100;25;4400;67,8291;14,7234;86,9596;4,5401;57,3333;16,6533;2;1;7;3
20260613_0945;Recorrência_200;classification;AdaptiveRandomForest;Otimizado_FullFeatures;classifier;classifier;classifier;N/A;N/A;N/A;2000;100;26;4500;98,3276;0,4547;97,4030;0,4462;99,2771;0,9639;3;1;1;1
20260613_0945;Recorrência_200;classification;AdaptiveRandomForest;Otimizado_FullFeatures;classifier;classifier;classifier;N/A;N/A;N/A;2000;100;27;4600;0,0000;0,0000;0,0000;0,0000;0,0000;0,0000;0;0;0;0
20260613_0945;Recorrência_200;classification;AdaptiveRandomForest;Otimizado_FullFeatures;classifier;classifier;classifier;N/A;N/A;N/A;2000;100;28;4700;0,0000;0,0000;0,0000;0,0000;0,0000;0,0000;0;0;0;0
20260613_0945;Recorrência_200;classification;AdaptiveRandomForest;Otimizado_FullFeatures;classifier;classifier;classifier;N/A;N/A;N/A;2000;100;29;4800;0,0000;0,0000;0,0000;0,0000;0,0000;0,0000;1;0;0;0
20260613_0945;Recorrência_200;classification;AdaptiveRandomForest;Otimizado_FullFeatures;classifier;classifier;classifier;N/A;N/A;N/A;2000;100;30;4900;0,0000;0,0000;0,0000;0,0000;0,0000;0,0000;0;0;0;0
20260613_0945;Recorrência_200;classification;AdaptiveRandomForest;Otimizado_FullFeatures;classifier;classifier;classifier;N/A;N/A;N/A;2000;100;31;5000;0,0000;0,0000;0,0000;0,0000;0,0000;0,0000;0;0;0;0
20260613_0945;Recorrência_200;classification;AdaptiveRandomForest;Otimizado_FullFeatures;classifier;classifier;classifier;N/A;N/A;N/A;2000;100;32;5100;0,0000;0,0000;0,0000;0,0000;0,0000;0,0000;0;0;0;0
20260613_0945;Recorrência_200;classification;AdaptiveRandomForest;Otimizado_FullFeatures;classifier;classifier;classifier;N/A;N/A;N/A;2000;100;33;5200;0,0000;0,0000;0,0000;0,0000;0,0000;0,0000;0;0;0;0
20260613_0945;Recorrência_200;classification;AdaptiveRandomForest;Otimizado_FullFeatures;classifier;classifier;classifier;N/A;N/A;N/A;2000;100;34;5300;0,0000;0,0000;0,0000;0,0000;0,0000;0,0000;0;0;0;0
20260613_0945;Recorrência_200;classification;AdaptiveRandomForest;Otimizado_FullFeatures;classifier;classifier;classifier;N/A;N/A;N/A;2000;100;35;5400;0,0000;0,0000;0,0000;0,0000;0,0000;0,0000;0;0;0;0
20260613_0945;Recorrência_200;classification;AdaptiveRandomForest;Otimizado_FullFeatures;classifier;classifier;classifier;N/A;N/A;N/A;2000;100;36;5500;0,0000;0,0000;0,0000;0,0000;0,0000;0,0000;0;0;0;0
20260613_0945;Recorrência_200;classification;AdaptiveRandomForest;Otimizado_FullFeatures;classifier;classifier;classifier;N/A;N/A;N/A;2000;100;37;5600;0,0000;0,0000;0,0000;0,0000;0,0000;0,0000;0;0;0;0
20260613_0945;Recorrência_200;classification;AdaptiveRandomForest;Otimizado_FullFeatures;classifier;classifier;classifier;N/A;N/A;N/A;2000;100;38;5700;0,0000;0,0000;0,0000;0,0000;0,0000;0,0000;0;0;0;0
20260613_0945;Recorrência_200;classification;AdaptiveRandomForest;Otimizado_FullFeatures;classifier;classifier;classifier;N/A;N/A;N/A;2000;100;39;5800;0,0000;0,0000;0,0000;0,0000;0,0000;0,0000;1;1;0;0
20260613_0945;Recorrência_200;classification;AdaptiveRandomForest;Otimizado_FullFeatures;classifier;classifier;classifier;N/A;N/A;N/A;2000;100;40;5900;0,0000;0,0000;0,0000;0,0000;0,0000;0,0000;0;0;0;0
20260613_0945;Recorrência_200;classification;AdaptiveRandomForest;Otimizado_FullFeatures;classifier;classifier;classifier;N/A;N/A;N/A;2000;100;41;6000;0,0000;0,0000;0,0000;0,0000;0,0000;0,0000;0;0;0;0
20260613_0945;Recorrência_200;classification;AdaptiveRandomForest;Otimizado_FullFeatures;classifier;classifier;classifier;N/A;N/A;N/A;2000;100;42;6100;0,0000;0,0000;0,0000;0,0000;0,0000;0,0000;0;0;0;0
20260613_0945;Recorrência_200;classification;AdaptiveRandomForest;Otimizado_FullFeatures;classifier;classifier;classifier;N/A;N/A;N/A;2000;100;43;6200;0,0000;0,0000;0,0000;0,0000;0,0000;0,0000;0;0;0;0
20260613_0945;Recorrência_200;classification;AdaptiveRandomForest;Otimizado_FullFeatures;classifier;classifier;classifier;N/A;N/A;N/A;2000;100;44;6300;0,0000;0,0000;0,0000;0,0000;0,0000;0,0000;0;0;0;0
20260613_0945;Recorrência_200;classification;AdaptiveRandomForest;Otimizado_FullFeatures;classifier;classifier;classifier;N/A;N/A;N/A;2000;100;45;6400;0,0000;0,0000;0,0000;0,0000;0,0000;0,0000;0;0;0;0
20260613_0945;Recorrência_200;classification;AdaptiveRandomForest;Otimizado_FullFeatures;classifier;classifier;classifier;N/A;N/A;N/A;2000;100;46;6500;0,0000;0,0000;0,0000;0,0000;0,0000;0,0000;0;0;0;0
20260613_0945;Recorrência_200;classification;AdaptiveRandomForest;Otimizado_FullFeatures;classifier;classifier;classifier;N/A;N/A;N/A;2000;100;47;6600;0,0000;0,0000;0,0000;0,0000;0,0000;0,0000;0;0;0;0
20260613_0945;Recorrência_200;classification;AdaptiveRandomForest;Otimizado_FullFeatures;classifier;classifier;classifier;N/A;N/A;N/A;2000;100;48;6700;98,3729;0,3378;100,0000;0,0000;96,8000;0,6532;0;0;3;1
20260613_0945;Recorrência_200;classification;AdaptiveRandomForest;Otimizado_FullFeatures;classifier;classifier;classifier;N/A;N/A;N/A;2000;100;49;6800;98,4314;0,7843;96,9231;1,5385;100,0000;0,0000;1;1;0;0
20260613_0945;Recorrência_200;classification;AdaptiveRandomForest;Otimizado_FullFeatures;classifier;classifier;classifier;N/A;N/A;N/A;2000;100;50;6900;0,0000;0,0000;0,0000;0,0000;0,0000;0,0000;0;0;0;0
20260613_0945;Recorrência_200;classification;AdaptiveRandomForest;Otimizado_FullFeatures;classifier;classifier;classifier;N/A;N/A;N/A;2000;100;51;7000;0,0000;0,0000;0,0000;0,0000;0,0000;0,0000;0;0;0;0
20260613_0945;Recorrência_200;classification;AdaptiveRandomForest;Otimizado_FullFeatures;classifier;classifier;classifier;N/A;N/A;N/A;2000;100;52;7100;0,0000;0,0000;0,0000;0,0000;0,0000;0,0000;0;0;0;0
20260613_0945;Recorrência_200;classification;AdaptiveRandomForest;Otimizado_FullFeatures;classifier;classifier;classifier;N/A;N/A;N/A;2000;100;53;7200;0,0000;0,0000;0,0000;0,0000;0,0000;0,0000;0;0;0;0
20260613_0945;Recorrência_200;classification;AdaptiveRandomForest;Otimizado_FullFeatures;classifier;classifier;classifier;N/A;N/A;N/A;2000;100;54;7300;0,0000;0,0000;0,0000;0,0000;0,0000;0,0000;0;0;0;0
20260613_0945;Recorrência_200;classification;AdaptiveRandomForest;Otimizado_FullFeatures;classifier;classifier;classifier;N/A;N/A;N/A;2000;100;55;7400;0,0000;0,0000;0,0000;0,0000;0,0000;0,0000;0;0;0;0
20260613_0945;Recorrência_200;classification;AdaptiveRandomForest;Otimizado_FullFeatures;classifier;classifier;classifier;N/A;N/A;N/A;2000;100;56;7500;0,0000;0,0000;0,0000;0,0000;0,0000;0,0000;0;0;0;0
20260613_0945;Recorrência_200;classification;AdaptiveRandomForest;Otimizado_FullFeatures;classifier;classifier;classifier;N/A;N/A;N/A;2000;100;57;7600;0,0000;0,0000;0,0000;0,0000;0,0000;0,0000;0;0;0;0
20260613_0945;Recorrência_200;classification;AdaptiveRandomForest;Otimizado_FullFeatures;classifier;classifier;classifier;N/A;N/A;N/A;2000;100;58;7700;0,0000;0,0000;0,0000;0,0000;0,0000;0,0000;0;0;0;0
20260613_0945;Recorrência_200;classification;AdaptiveRandomForest;Otimizado_FullFeatures;classifier;classifier;classifier;N/A;N/A;N/A;2000;100;59;7800;0,0000;0,0000;0,0000;0,0000;0,0000;0,0000;0;0;0;0
20260613_0945;Recorrência_200;classification;AdaptiveRandomForest;Otimizado_FullFeatures;classifier;classifier;classifier;N/A;N/A;N/A;2000;100;60;7900;0,0000;0,0000;0,0000;0,0000;0,0000;0,0000;0;0;0;0
20260613_0945;Recorrência_200;classification;AdaptiveRandomForest;Otimizado_FullFeatures;classifier;classifier;classifier;N/A;N/A;N/A;2000;100;61;8000;0,0000;0,0000;0,0000;0,0000;0,0000;0,0000;0;0;0;0
20260613_0945;Recorrência_200;classification;AdaptiveRandomForest;Otimizado_FullFeatures;classifier;classifier;classifier;N/A;N/A;N/A;2000;100;62;8100;0,0000;0,0000;0,0000;0,0000;0,0000;0,0000;0;0;0;0
20260613_0945;Recorrência_200;classification;AdaptiveRandomForest;Otimizado_FullFeatures;classifier;classifier;classifier;N/A;N/A;N/A;2000;100;63;8200;0,0000;0,0000;0,0000;0,0000;0,0000;0,0000;0;0;0;0
20260613_0945;Recorrência_200;classification;AdaptiveRandomForest;Otimizado_FullFeatures;classifier;classifier;classifier;N/A;N/A;N/A;2000;100;64;8300;0,0000;0,0000;0,0000;0,0000;0,0000;0,0000;0;0;0;0
20260613_0945;Recorrência_200;classification;AdaptiveRandomForest;Otimizado_FullFeatures;classifier;classifier;classifier;N/A;N/A;N/A;2000;100;65;8400;0,0000;0,0000;0,0000;0,0000;0,0000;0,0000;0;0;0;0
20260613_0945;Recorrência_200;classification;AdaptiveRandomForest;Otimizado_FullFeatures;classifier;classifier;classifier;N/A;N/A;N/A;2000;100;66;8500;0,0000;0,0000;0,0000;0,0000;0,0000;0,0000;0;0;0;0
20260613_0945;Recorrência_200;classification;AdaptiveRandomForest;Otimizado_FullFeatures;classifier;classifier;classifier;N/A;N/A;N/A;2000;100;67;8600;0,0000;0,0000;0,0000;0,0000;0,0000;0,0000;0;0;0;0
20260613_0945;Recorrência_200;classification;AdaptiveRandomForest;Otimizado_FullFeatures;classifier;classifier;classifier;N/A;N/A;N/A;2000;100;68;8700;0,0000;0,0000;0,0000;0,0000;0,0000;0,0000;0;0;0;0
20260613_0945;Recorrência_200;classification;AdaptiveRandomForest;Otimizado_FullFeatures;classifier;classifier;classifier;N/A;N/A;N/A;2000;100;69;8800;0,0000;0,0000;0,0000;0,0000;0,0000;0,0000;0;0;0;0
20260613_0945;Recorrência_200;classification;AdaptiveRandomForest;Otimizado_FullFeatures;classifier;classifier;classifier;N/A;N/A;N/A;2000;100;70;8900;85,1352;6,9743;100,0000;0,0000;74,7368;10,2056;0;0;5;2
20260613_0945;Recorrência_200;classification;AdaptiveRandomForest;Otimizado_FullFeatures;classifier;classifier;classifier;N/A;N/A;N/A;2000;100;71;9000;99,0863;0,3007;99,6970;0,6061;98,4848;0,0000;1;1;1;0
20260613_0945;Recorrência_200;classification;AdaptiveRandomForest;Otimizado_FullFeatures;classifier;classifier;classifier;N/A;N/A;N/A;2000;100;72;9100;0,0000;0,0000;0,0000;0,0000;0,0000;0,0000;0;0;0;0
20260613_0945;Recorrência_200;classification;AdaptiveRandomForest;Otimizado_FullFeatures;classifier;classifier;classifier;N/A;N/A;N/A;2000;100;73;9200;0,0000;0,0000;0,0000;0,0000;0,0000;0,0000;0;0;0;0
20260613_0945;Recorrência_200;classification;AdaptiveRandomForest;Otimizado_FullFeatures;classifier;classifier;classifier;N/A;N/A;N/A;2000;100;74;9300;0,0000;0,0000;0,0000;0,0000;0,0000;0,0000;0;0;0;0
20260613_0945;Recorrência_200;classification;AdaptiveRandomForest;Otimizado_FullFeatures;classifier;classifier;classifier;N/A;N/A;N/A;2000;100;75;9400;0,0000;0,0000;0,0000;0,0000;0,0000;0,0000;0;0;0;0
20260613_0945;Recorrência_200;classification;AdaptiveRandomForest;Otimizado_FullFeatures;classifier;classifier;classifier;N/A;N/A;N/A;2000;100;76;9500;0,0000;0,0000;0,0000;0,0000;0,0000;0,0000;0;0;0;0
20260613_0945;Recorrência_200;classification;AdaptiveRandomForest;Otimizado_FullFeatures;classifier;classifier;classifier;N/A;N/A;N/A;2000;100;77;9600;0,0000;0,0000;0,0000;0,0000;0,0000;0,0000;0;0;0;0
20260613_0945;Recorrência_200;classification;AdaptiveRandomForest;Otimizado_FullFeatures;classifier;classifier;classifier;N/A;N/A;N/A;2000;100;78;9700;0,0000;0,0000;0,0000;0,0000;0,0000;0,0000;0;0;0;0
20260613_0945;Recorrência_200;classification;AdaptiveRandomForest;Otimizado_FullFeatures;classifier;classifier;classifier;N/A;N/A;N/A;2000;100;79;9800;0,0000;0,0000;0,0000;0,0000;0,0000;0,0000;0;0;0;0
20260613_0945;Recorrência_200;classification;AdaptiveRandomForest;Otimizado_FullFeatures;classifier;classifier;classifier;N/A;N/A;N/A;2000;100;80;9900;0,0000;0,0000;0,0000;0,0000;0,0000;0,0000;0;0;0;0
20260613_0945;Recorrência_200;classification;AdaptiveRandomForest;Otimizado_FullFeatures;classifier;classifier;classifier;N/A;N/A;N/A;2000;100;81;10000;0,0000;0,0000;0,0000;0,0000;0,0000;0,0000;0;0;0;0
20260613_0945;Recorrência_200;classification;AdaptiveRandomForest;Otimizado_FullFeatures;classifier;classifier;classifier;N/A;N/A;N/A;2000;100;82;10100;0,0000;0,0000;0,0000;0,0000;0,0000;0,0000;0;0;0;0
20260613_0945;Recorrência_200;classification;AdaptiveRandomForest;Otimizado_FullFeatures;classifier;classifier;classifier;N/A;N/A;N/A;2000;100;83;10200;0,0000;0,0000;0,0000;0,0000;0,0000;0,0000;0;0;0;0
20260613_0945;Recorrência_200;classification;AdaptiveRandomForest;Otimizado_FullFeatures;classifier;classifier;classifier;N/A;N/A;N/A;2000;100;84;10300;0,0000;0,0000;0,0000;0,0000;0,0000;0,0000;0;0;0;0
20260613_0945;Recorrência_200;classification;AdaptiveRandomForest;Otimizado_FullFeatures;classifier;classifier;classifier;N/A;N/A;N/A;2000;100;85;10400;0,0000;0,0000;0,0000;0,0000;0,0000;0,0000;0;0;0;0
20260613_0945;Recorrência_200;classification;AdaptiveRandomForest;Otimizado_FullFeatures;classifier;classifier;classifier;N/A;N/A;N/A;2000;100;86;10500;0,0000;0,0000;0,0000;0,0000;0,0000;0,0000;0;0;0;0
20260613_0945;Recorrência_200;classification;AdaptiveRandomForest;Otimizado_FullFeatures;classifier;classifier;classifier;N/A;N/A;N/A;2000;100;87;10600;0,0000;0,0000;0,0000;0,0000;0,0000;0,0000;0;0;0;0
20260613_0945;Recorrência_200;classification;AdaptiveRandomForest;Otimizado_FullFeatures;classifier;classifier;classifier;N/A;N/A;N/A;2000;100;88;10700;0,0000;0,0000;0,0000;0,0000;0,0000;0,0000;0;0;0;0
20260613_0945;Recorrência_200;classification;AdaptiveRandomForest;Otimizado_FullFeatures;classifier;classifier;classifier;N/A;N/A;N/A;2000;100;89;10800;0,0000;0,0000;0,0000;0,0000;0,0000;0,0000;0;0;0;0
20260613_0945;Recorrência_200;classification;AdaptiveRandomForest;Otimizado_FullFeatures;classifier;classifier;classifier;N/A;N/A;N/A;2000;100;90;10900;0,0000;0,0000;0,0000;0,0000;0,0000;0,0000;0;0;0;0
20260613_0945;Recorrência_200;classification;AdaptiveRandomForest;Otimizado_FullFeatures;classifier;classifier;classifier;N/A;N/A;N/A;2000;100;91;11000;0,0000;0,0000;0,0000;0,0000;0,0000;0,0000;0;0;0;0
20260613_0945;Recorrência_200;classification;AdaptiveRandomForest;Otimizado_FullFeatures;classifier;classifier;classifier;N/A;N/A;N/A;2000;100;92;11100;0,0000;0,0000;0,0000;0,0000;0,0000;0,0000;0;0;0;0
20260613_0945;Recorrência_200;classification;AdaptiveRandomForest;Otimizado_FullFeatures;classifier;classifier;classifier;N/A;N/A;N/A;2000;100;93;11200;95,7596;0,4758;100,0000;0,0000;91,8681;0,8791;0;0;8;1
20260613_0945;Recorrência_200;classification;AdaptiveRandomForest;Otimizado_FullFeatures;classifier;classifier;classifier;N/A;N/A;N/A;2000;100;94;11300;79,6838;1,7427;66,2637;2,4226;100,0000;0,0000;5;1;0;0
20260613_0945;Recorrência_200;classification;AdaptiveRandomForest;Otimizado_FullFeatures;classifier;classifier;classifier;N/A;N/A;N/A;2000;100;95;11400;0,0000;0,0000;0,0000;0,0000;0,0000;0,0000;0;0;0;0
20260613_0945;Recorrência_200;classification;AdaptiveRandomForest;Otimizado_FullFeatures;classifier;classifier;classifier;N/A;N/A;N/A;2000;100;96;11500;0,0000;0,0000;0,0000;0,0000;0,0000;0,0000;0;0;0;0
20260613_0945;Recorrência_200;classification;AdaptiveRandomForest;Otimizado_FullFeatures;classifier;classifier;classifier;N/A;N/A;N/A;2000;100;97;11600;0,0000;0,0000;0,0000;0,0000;0,0000;0,0000;0;0;0;0
20260613_0945;Recorrência_200;classification;AdaptiveRandomForest;Otimizado_FullFeatures;classifier;classifier;classifier;N/A;N/A;N/A;2000;100;98;11700;0,0000;0,0000;0,0000;0,0000;0,0000;0,0000;0;0;0;0
20260613_0945;Recorrência_200;classification;AdaptiveRandomForest;Otimizado_FullFeatures;classifier;classifier;classifier;N/A;N/A;N/A;2000;100;99;11800;0,0000;0,0000;0,0000;0,0000;0,0000;0,0000;0;0;0;0
20260613_0945;Recorrência_200;classification;AdaptiveRandomForest;Otimizado_FullFeatures;classifier;classifier;classifier;N/A;N/A;N/A;2000;100;100;11900;0,0000;0,0000;0,0000;0,0000;0,0000;0,0000;0;0;0;0
20260613_0945;Recorrência_200;classification;AdaptiveRandomForest;Otimizado_FullFeatures;classifier;classifier;classifier;N/A;N/A;N/A;2000;100;101;12000;0,0000;0,0000;0,0000;0,0000;0,0000;0,0000;0;0;0;0
20260613_0945;Recorrência_200;classification;AdaptiveRandomForest;Otimizado_FullFeatures;classifier;classifier;classifier;N/A;N/A;N/A;2000;100;102;12100;0,0000;0,0000;0,0000;0,0000;0,0000;0,0000;0;0;0;0
20260613_0945;Recorrência_200;classification;AdaptiveRandomForest;Otimizado_FullFeatures;classifier;classifier;classifier;N/A;N/A;N/A;2000;100;103;12200;0,0000;0,0000;0,0000;0,0000;0,0000;0,0000;0;0;0;0
20260613_0945;Recorrência_200;classification;AdaptiveRandomForest;Otimizado_FullFeatures;classifier;classifier;classifier;N/A;N/A;N/A;2000;100;104;12300;0,0000;0,0000;0,0000;0,0000;0,0000;0,0000;0;0;0;0
20260613_0945;Recorrência_200;classification;AdaptiveRandomForest;Otimizado_FullFeatures;classifier;classifier;classifier;N/A;N/A;N/A;2000;100;105;12400;0,0000;0,0000;0,0000;0,0000;0,0000;0,0000;0;0;0;0
20260613_0945;Recorrência_200;classification;AdaptiveRandomForest;Otimizado_FullFeatures;classifier;classifier;classifier;N/A;N/A;N/A;2000;100;106;12500;0,0000;0,0000;0,0000;0,0000;0,0000;0,0000;0;0;0;0
20260613_0945;Recorrência_200;classification;AdaptiveRandomForest;Otimizado_FullFeatures;classifier;classifier;classifier;N/A;N/A;N/A;2000;100;107;12600;0,0000;0,0000;0,0000;0,0000;0,0000;0,0000;0;0;0;0
20260613_0945;Recorrência_200;classification;AdaptiveRandomForest;Otimizado_FullFeatures;classifier;classifier;classifier;N/A;N/A;N/A;2000;100;108;12700;0,0000;0,0000;0,0000;0,0000;0,0000;0,0000;0;0;0;0
20260613_0945;Recorrência_200;classification;AdaptiveRandomForest;Otimizado_FullFeatures;classifier;classifier;classifier;N/A;N/A;N/A;2000;100;109;12800;0,0000;0,0000;0,0000;0,0000;0,0000;0,0000;0;0;0;0
20260613_0945;Recorrência_200;classification;AdaptiveRandomForest;Otimizado_FullFeatures;classifier;classifier;classifier;N/A;N/A;N/A;2000;100;110;12900;0,0000;0,0000;0,0000;0,0000;0,0000;0,0000;0;0;0;0
20260613_0945;Recorrência_200;classification;AdaptiveRandomForest;Otimizado_FullFeatures;classifier;classifier;classifier;N/A;N/A;N/A;2000;100;111;13000;0,0000;0,0000;0,0000;0,0000;0,0000;0,0000;0;0;0;0
20260613_0945;Recorrência_200;classification;AdaptiveRandomForest;Otimizado_FullFeatures;classifier;classifier;classifier;N/A;N/A;N/A;2000;100;112;13100;0,0000;0,0000;0,0000;0,0000;0,0000;0,0000;0;0;0;0
20260613_0945;Recorrência_200;classification;AdaptiveRandomForest;Otimizado_FullFeatures;classifier;classifier;classifier;N/A;N/A;N/A;2000;100;113;13200;0,0000;0,0000;0,0000;0,0000;0,0000;0,0000;0;0;0;0
20260613_0945;Recorrência_200;classification;AdaptiveRandomForest;Otimizado_FullFeatures;classifier;classifier;classifier;N/A;N/A;N/A;2000;100;114;13300;0,0000;0,0000;0,0000;0,0000;0,0000;0,0000;0;0;0;0
20260613_0945;Recorrência_200;classification;AdaptiveRandomForest;Otimizado_FullFeatures;classifier;classifier;classifier;N/A;N/A;N/A;2000;100;115;13400;98,1271;0,4210;100,0000;0,0000;96,3265;0,8163;0;0;2;1
20260613_0945;Recorrência_200;classification;AdaptiveRandomForest;Otimizado_FullFeatures;classifier;classifier;classifier;N/A;N/A;N/A;2000;100;116;13500;100,0000;0,0000;100,0000;0,0000;100,0000;0,0000;0;0;0;0
20260613_0945;Recorrência_200;classification;AdaptiveRandomForest;Otimizado_FullFeatures;classifier;classifier;classifier;N/A;N/A;N/A;2000;100;117;13600;0,0000;0,0000;0,0000;0,0000;0,0000;0,0000;0;0;0;0
20260613_0945;Recorrência_200;classification;AdaptiveRandomForest;Otimizado_FullFeatures;classifier;classifier;classifier;N/A;N/A;N/A;2000;100;118;13700;0,0000;0,0000;0,0000;0,0000;0,0000;0,0000;0;0;0;0
20260613_0945;Recorrência_200;classification;AdaptiveRandomForest;Otimizado_FullFeatures;classifier;classifier;classifier;N/A;N/A;N/A;2000;100;119;13800;0,0000;0,0000;0,0000;0,0000;0,0000;0,0000;0;0;0;0
20260613_0945;Recorrência_200;classification;AdaptiveRandomForest;Otimizado_FullFeatures;classifier;classifier;classifier;N/A;N/A;N/A;2000;100;120;13900;0,0000;0,0000;0,0000;0,0000;0,0000;0,0000;0;0;0;0
20260613_0945;Recorrência_200;classification;AdaptiveRandomForest;Otimizado_FullFeatures;classifier;classifier;classifier;N/A;N/A;N/A;2000;100;121;14000;0,0000;0,0000;0,0000;0,0000;0,0000;0,0000;0;0;0;0
20260613_0945;Recorrência_200;classification;AdaptiveRandomForest;Otimizado_FullFeatures;classifier;classifier;classifier;N/A;N/A;N/A;2000;100;122;14100;0,0000;0,0000;0,0000;0,0000;0,0000;0,0000;0;0;0;0
20260613_0945;Recorrência_200;classification;AdaptiveRandomForest;Otimizado_FullFeatures;classifier;classifier;classifier;N/A;N/A;N/A;2000;100;123;14200;0,0000;0,0000;0,0000;0,0000;0,0000;0,0000;0;0;0;0
20260613_0945;Recorrência_200;classification;AdaptiveRandomForest;Otimizado_FullFeatures;classifier;classifier;classifier;N/A;N/A;N/A;2000;100;124;14300;0,0000;0,0000;0,0000;0,0000;0,0000;0,0000;0;0;0;0
20260613_0945;Recorrência_200;classification;AdaptiveRandomForest;Otimizado_FullFeatures;classifier;classifier;classifier;N/A;N/A;N/A;2000;100;125;14400;0,0000;0,0000;0,0000;0,0000;0,0000;0,0000;0;0;0;0
20260613_0945;Recorrência_200;classification;AdaptiveRandomForest;Otimizado_FullFeatures;classifier;classifier;classifier;N/A;N/A;N/A;2000;100;126;14500;0,0000;0,0000;0,0000;0,0000;0,0000;0,0000;0;0;0;0
20260613_0945;Recorrência_200;classification;AdaptiveRandomForest;Otimizado_FullFeatures;classifier;classifier;classifier;N/A;N/A;N/A;2000;100;127;14600;0,0000;0,0000;0,0000;0,0000;0,0000;0,0000;0;0;0;0
20260613_0945;Recorrência_200;classification;AdaptiveRandomForest;Otimizado_FullFeatures;classifier;classifier;classifier;N/A;N/A;N/A;2000;100;128;14700;0,0000;0,0000;0,0000;0,0000;0,0000;0,0000;0;0;0;0
20260613_0945;Recorrência_200;classification;AdaptiveRandomForest;Otimizado_FullFeatures;classifier;classifier;classifier;N/A;N/A;N/A;2000;100;129;14800;0,0000;0,0000;0,0000;0,0000;0,0000;0,0000;0;0;0;0
20260613_0945;Recorrência_200;classification;AdaptiveRandomForest;Otimizado_FullFeatures;classifier;classifier;classifier;N/A;N/A;N/A;2000;100;130;14900;0,0000;0,0000;0,0000;0,0000;0,0000;0,0000;0;0;0;0
20260613_0945;Recorrência_200;classification;AdaptiveRandomForest;Otimizado_FullFeatures;classifier;classifier;classifier;N/A;N/A;N/A;2000;100;131;15000;0,0000;0,0000;0,0000;0,0000;0,0000;0,0000;0;0;0;0
20260613_0945;Recorrência_200;classification;AdaptiveRandomForest;Otimizado_FullFeatures;classifier;classifier;classifier;N/A;N/A;N/A;2000;100;132;15100;0,0000;0,0000;0,0000;0,0000;0,0000;0,0000;0;0;0;0
20260613_0945;Recorrência_200;classification;AdaptiveRandomForest;Otimizado_FullFeatures;classifier;classifier;classifier;N/A;N/A;N/A;2000;100;133;15200;0,0000;0,0000;0,0000;0,0000;0,0000;0,0000;0;0;0;0
20260613_0945;Recorrência_200;classification;AdaptiveRandomForest;Otimizado_FullFeatures;classifier;classifier;classifier;N/A;N/A;N/A;2000;100;134;15300;0,0000;0,0000;0,0000;0,0000;0,0000;0,0000;0;0;0;0
20260613_0945;Recorrência_200;classification;AdaptiveRandomForest;Otimizado_FullFeatures;classifier;classifier;classifier;N/A;N/A;N/A;2000;100;135;15400;0,0000;0,0000;0,0000;0,0000;0,0000;0,0000;0;0;0;0
20260613_0945;Recorrência_200;classification;AdaptiveRandomForest;Otimizado_FullFeatures;classifier;classifier;classifier;N/A;N/A;N/A;2000;100;136;15500;0,0000;0,0000;0,0000;0,0000;0,0000;0,0000;0;0;0;0
20260613_0945;Recorrência_1000;classification;AdaptiveRandomForest;Otimizado_FullFeatures;classifier;classifier;classifier;N/A;N/A;N/A;2000;100;1;2000;0,0000;0,0000;0,0000;0,0000;0,0000;0,0000;0;0;0;0
20260613_0945;Recorrência_1000;classification;AdaptiveRandomForest;Otimizado_FullFeatures;classifier;classifier;classifier;N/A;N/A;N/A;2000;100;2;2100;0,0000;0,0000;0,0000;0,0000;0,0000;0,0000;0;0;0;0
20260613_0945;Recorrência_1000;classification;AdaptiveRandomForest;Otimizado_FullFeatures;classifier;classifier;classifier;N/A;N/A;N/A;2000;100;3;2200;94,6345;0,7305;98,0839;0,0276;91,4286;1,3363;1;0;5;1
20260613_0945;Recorrência_1000;classification;AdaptiveRandomForest;Otimizado_FullFeatures;classifier;classifier;classifier;N/A;N/A;N/A;2000;100;4;2300;99,3865;0,0000;98,7805;0,0000;100,0000;0,0000;1;0;0;0
20260613_0945;Recorrência_1000;classification;AdaptiveRandomForest;Otimizado_FullFeatures;classifier;classifier;classifier;N/A;N/A;N/A;2000;100;5;2400;99,4924;0,0000;98,9899;0,0000;100,0000;0,0000;1;0;0;0
20260613_0945;Recorrência_1000;classification;AdaptiveRandomForest;Otimizado_FullFeatures;classifier;classifier;classifier;N/A;N/A;N/A;2000;100;6;2500;97,9592;0,0000;96,0000;0,0000;100,0000;0,0000;4;0;0;0
20260613_0945;Recorrência_1000;classification;AdaptiveRandomForest;Otimizado_FullFeatures;classifier;classifier;classifier;N/A;N/A;N/A;2000;100;7;2600;99,0811;0,3854;100,0000;0,0000;98,1818;0,7559;0;0;2;1
20260613_0945;Recorrência_1000;classification;AdaptiveRandomForest;Otimizado_FullFeatures;classifier;classifier;classifier;N/A;N/A;N/A;2000;100;8;2700;93,2145;1,1231;87,6891;1,6139;99,5000;1,0000;6;1;1;1
20260613_0945;Recorrência_1000;classification;AdaptiveRandomForest;Otimizado_FullFeatures;classifier;classifier;classifier;N/A;N/A;N/A;2000;100;9;2800;0,0000;0,0000;0,0000;0,0000;0,0000;0,0000;5;2;0;0
20260613_0945;Recorrência_1000;classification;AdaptiveRandomForest;Otimizado_FullFeatures;classifier;classifier;classifier;N/A;N/A;N/A;2000;100;10;2900;0,0000;0,0000;0,0000;0,0000;0,0000;0,0000;0;0;0;0
20260613_0945;Recorrência_1000;classification;AdaptiveRandomForest;Otimizado_FullFeatures;classifier;classifier;classifier;N/A;N/A;N/A;2000;100;11;3000;0,0000;0,0000;0,0000;0,0000;0,0000;0,0000;0;0;0;0
20260613_0945;Recorrência_1000;classification;AdaptiveRandomForest;Otimizado_FullFeatures;classifier;classifier;classifier;N/A;N/A;N/A;2000;100;12;3100;0,0000;0,0000;0,0000;0,0000;0,0000;0,0000;1;1;0;0
20260613_0945;Recorrência_1000;classification;AdaptiveRandomForest;Otimizado_FullFeatures;classifier;classifier;classifier;N/A;N/A;N/A;2000;100;13;3200;0,0000;0,0000;0,0000;0,0000;0,0000;0,0000;0;0;0;0
20260613_0945;Recorrência_1000;classification;AdaptiveRandomForest;Otimizado_FullFeatures;classifier;classifier;classifier;N/A;N/A;N/A;2000;100;14;3300;0,0000;0,0000;0,0000;0,0000;0,0000;0,0000;0;0;0;0
20260613_0945;Recorrência_1000;classification;AdaptiveRandomForest;Otimizado_FullFeatures;classifier;classifier;classifier;N/A;N/A;N/A;2000;100;15;3400;0,0000;0,0000;0,0000;0,0000;0,0000;0,0000;0;0;0;0
20260613_0945;Recorrência_1000;classification;AdaptiveRandomForest;Otimizado_FullFeatures;classifier;classifier;classifier;N/A;N/A;N/A;2000;100;16;3500;0,0000;0,0000;0,0000;0,0000;0,0000;0,0000;0;0;0;0
20260613_0945;Recorrência_1000;classification;AdaptiveRandomForest;Otimizado_FullFeatures;classifier;classifier;classifier;N/A;N/A;N/A;2000;100;17;3600;0,0000;0,0000;0,0000;0,0000;0,0000;0,0000;0;0;0;0
20260613_0945;Recorrência_1000;classification;AdaptiveRandomForest;Otimizado_FullFeatures;classifier;classifier;classifier;N/A;N/A;N/A;2000;100;18;3700;0,0000;0,0000;0,0000;0,0000;0,0000;0,0000;0;0;0;0
20260613_0945;Recorrência_1000;classification;AdaptiveRandomForest;Otimizado_FullFeatures;classifier;classifier;classifier;N/A;N/A;N/A;2000;100;19;3800;0,0000;0,0000;0,0000;0,0000;0,0000;0,0000;1;0;0;0
20260613_0945;Recorrência_1000;classification;AdaptiveRandomForest;Otimizado_FullFeatures;classifier;classifier;classifier;N/A;N/A;N/A;2000;100;20;3900;0,0000;0,0000;0,0000;0,0000;0,0000;0,0000;0;0;0;0
20260613_0945;Recorrência_1000;classification;AdaptiveRandomForest;Otimizado_FullFeatures;classifier;classifier;classifier;N/A;N/A;N/A;2000;100;21;4000;0,0000;0,0000;0,0000;0,0000;0,0000;0,0000;0;0;0;0
20260613_0945;Recorrência_1000;classification;AdaptiveRandomForest;Otimizado_FullFeatures;classifier;classifier;classifier;N/A;N/A;N/A;2000;100;22;4100;0,0000;0,0000;0,0000;0,0000;0,0000;0,0000;0;0;0;0
20260613_0945;Recorrência_1000;classification;AdaptiveRandomForest;Otimizado_FullFeatures;classifier;classifier;classifier;N/A;N/A;N/A;2000;100;23;4200;0,0000;0,0000;0,0000;0,0000;0,0000;0,0000;0;0;0;0
20260613_0945;Recorrência_1000;classification;AdaptiveRandomForest;Otimizado_FullFeatures;classifier;classifier;classifier;N/A;N/A;N/A;2000;100;24;4300;0,0000;0,0000;0,0000;0,0000;0,0000;0,0000;0;0;0;0
20260613_0945;Recorrência_1000;classification;AdaptiveRandomForest;Otimizado_FullFeatures;classifier;classifier;classifier;N/A;N/A;N/A;2000;100;25;4400;0,0000;0,0000;0,0000;0,0000;0,0000;0,0000;0;0;0;0
20260613_0945;Recorrência_1000;classification;AdaptiveRandomForest;Otimizado_FullFeatures;classifier;classifier;classifier;N/A;N/A;N/A;2000;100;26;4500;0,0000;0,0000;0,0000;0,0000;0,0000;0,0000;0;0;0;0
20260613_0945;Recorrência_1000;classification;AdaptiveRandomForest;Otimizado_FullFeatures;classifier;classifier;classifier;N/A;N/A;N/A;2000;100;27;4600;0,0000;0,0000;0,0000;0,0000;0,0000;0,0000;0;0;0;0
20260613_0945;Recorrência_1000;classification;AdaptiveRandomForest;Otimizado_FullFeatures;classifier;classifier;classifier;N/A;N/A;N/A;2000;100;28;4700;0,0000;0,0000;0,0000;0,0000;0,0000;0,0000;0;0;0;0
20260613_0945;Recorrência_1000;classification;AdaptiveRandomForest;Otimizado_FullFeatures;classifier;classifier;classifier;N/A;N/A;N/A;2000;100;29;4800;48,4211;3,1579;100,0000;0,0000;32,0000;2,6667;0;0;11;1
20260613_0945;Recorrência_1000;classification;AdaptiveRandomForest;Otimizado_FullFeatures;classifier;classifier;classifier;N/A;N/A;N/A;2000;100;30;4900;98,7838;0,4084;100,0000;0,0000;97,6000;0,8000;0;0;3;1
20260613_0945;Recorrência_1000;classification;AdaptiveRandomForest;Otimizado_FullFeatures;classifier;classifier;classifier;N/A;N/A;N/A;2000;100;31;5000;100,0000;0,0000;100,0000;0,0000;100,0000;0,0000;0;0;0;0
20260613_0945;Recorrência_1000;classification;AdaptiveRandomForest;Otimizado_FullFeatures;classifier;classifier;classifier;N/A;N/A;N/A;2000;100;32;5100;100,0000;0,0000;100,0000;0,0000;100,0000;0,0000;0;0;0;0
20260613_0945;Recorrência_1000;classification;AdaptiveRandomForest;Otimizado_FullFeatures;classifier;classifier;classifier;N/A;N/A;N/A;2000;100;33;5200;100,0000;0,0000;100,0000;0,0000;100,0000;0,0000;0;0;0;0
20260613_0945;Recorrência_1000;classification;AdaptiveRandomForest;Otimizado_FullFeatures;classifier;classifier;classifier;N/A;N/A;N/A;2000;100;34;5300;94,3182;0,0000;89,2473;0,0000;100,0000;0,0000;10;0;0;0
20260613_0945;Recorrência_1000;classification;AdaptiveRandomForest;Otimizado_FullFeatures;classifier;classifier;classifier;N/A;N/A;N/A;2000;100;35;5400;0,0000;0,0000;0,0000;0,0000;0,0000;0,0000;1;1;0;0
20260613_0945;Recorrência_1000;classification;AdaptiveRandomForest;Otimizado_FullFeatures;classifier;classifier;classifier;N/A;N/A;N/A;2000;100;36;5500;0,0000;0,0000;0,0000;0,0000;0,0000;0,0000;0;0;0;0
20260613_0945;Recorrência_1000;classification;AdaptiveRandomForest;Otimizado_FullFeatures;classifier;classifier;classifier;N/A;N/A;N/A;2000;100;37;5600;0,0000;0,0000;0,0000;0,0000;0,0000;0,0000;2;1;0;0
20260613_0945;Recorrência_1000;classification;AdaptiveRandomForest;Otimizado_FullFeatures;classifier;classifier;classifier;N/A;N/A;N/A;2000;100;38;5700;0,0000;0,0000;0,0000;0,0000;0,0000;0,0000;0;0;0;0
20260613_0945;Recorrência_1000;classification;AdaptiveRandomForest;Otimizado_FullFeatures;classifier;classifier;classifier;N/A;N/A;N/A;2000;100;39;5800;0,0000;0,0000;0,0000;0,0000;0,0000;0,0000;0;0;0;0
20260613_0945;Recorrência_1000;classification;AdaptiveRandomForest;Otimizado_FullFeatures;classifier;classifier;classifier;N/A;N/A;N/A;2000;100;40;5900;0,0000;0,0000;0,0000;0,0000;0,0000;0,0000;0;0;0;0
20260613_0945;Recorrência_1000;classification;AdaptiveRandomForest;Otimizado_FullFeatures;classifier;classifier;classifier;N/A;N/A;N/A;2000;100;41;6000;0,0000;0,0000;0,0000;0,0000;0,0000;0,0000;0;0;0;0
20260613_0945;Recorrência_1000;classification;AdaptiveRandomForest;Otimizado_FullFeatures;classifier;classifier;classifier;N/A;N/A;N/A;2000;100;42;6100;0,0000;0,0000;0,0000;0,0000;0,0000;0,0000;0;0;0;0
20260613_0945;Recorrência_1000;classification;AdaptiveRandomForest;Otimizado_FullFeatures;classifier;classifier;classifier;N/A;N/A;N/A;2000;100;43;6200;0,0000;0,0000;0,0000;0,0000;0,0000;0,0000;0;0;0;0
20260613_0945;Recorrência_1000;classification;AdaptiveRandomForest;Otimizado_FullFeatures;classifier;classifier;classifier;N/A;N/A;N/A;2000;100;44;6300;0,0000;0,0000;0,0000;0,0000;0,0000;0,0000;0;0;0;0
20260613_0945;Recorrência_1000;classification;AdaptiveRandomForest;Otimizado_FullFeatures;classifier;classifier;classifier;N/A;N/A;N/A;2000;100;45;6400;0,0000;0,0000;0,0000;0,0000;0,0000;0,0000;0;0;0;0
20260613_0945;Recorrência_1000;classification;AdaptiveRandomForest;Otimizado_FullFeatures;classifier;classifier;classifier;N/A;N/A;N/A;2000;100;46;6500;0,0000;0,0000;0,0000;0,0000;0,0000;0,0000;0;0;0;0
20260613_0945;Recorrência_1000;classification;AdaptiveRandomForest;Otimizado_FullFeatures;classifier;classifier;classifier;N/A;N/A;N/A;2000;100;47;6600;0,0000;0,0000;0,0000;0,0000;0,0000;0,0000;0;0;0;0
20260613_0945;Recorrência_1000;classification;AdaptiveRandomForest;Otimizado_FullFeatures;classifier;classifier;classifier;N/A;N/A;N/A;2000;100;48;6700;0,0000;0,0000;0,0000;0,0000;0,0000;0,0000;0;0;0;0
20260613_0945;Recorrência_1000;classification;AdaptiveRandomForest;Otimizado_FullFeatures;classifier;classifier;classifier;N/A;N/A;N/A;2000;100;49;6800;0,0000;0,0000;0,0000;0,0000;0,0000;0,0000;0;0;0;0
20260613_0945;Recorrência_1000;classification;AdaptiveRandomForest;Otimizado_FullFeatures;classifier;classifier;classifier;N/A;N/A;N/A;2000;100;50;6900;0,0000;0,0000;0,0000;0,0000;0,0000;0,0000;0;0;0;0
20260613_0945;Recorrência_1000;classification;AdaptiveRandomForest;Otimizado_FullFeatures;classifier;classifier;classifier;N/A;N/A;N/A;2000;100;51;7000;0,0000;0,0000;0,0000;0,0000;0,0000;0,0000;0;0;0;0
20260613_0945;Recorrência_1000;classification;AdaptiveRandomForest;Otimizado_FullFeatures;classifier;classifier;classifier;N/A;N/A;N/A;2000;100;52;7100;0,0000;0,0000;0,0000;0,0000;0,0000;0,0000;0;0;0;0
20260613_0945;Recorrência_1000;classification;AdaptiveRandomForest;Otimizado_FullFeatures;classifier;classifier;classifier;N/A;N/A;N/A;2000;100;53;7200;0,0000;0,0000;0,0000;0,0000;0,0000;0,0000;0;0;0;0
20260613_0945;Recorrência_1000;classification;AdaptiveRandomForest;Otimizado_FullFeatures;classifier;classifier;classifier;N/A;N/A;N/A;2000;100;54;7300;0,0000;0,0000;0,0000;0,0000;0,0000;0,0000;0;0;0;0
20260613_0945;Recorrência_1000;classification;AdaptiveRandomForest;Otimizado_FullFeatures;classifier;classifier;classifier;N/A;N/A;N/A;2000;100;55;7400;0,0000;0,0000;0,0000;0,0000;0,0000;0,0000;0;0;0;0
20260613_0945;Recorrência_1000;classification;AdaptiveRandomForest;Otimizado_FullFeatures;classifier;classifier;classifier;N/A;N/A;N/A;2000;100;56;7500;98,5108;0,2758;100,0000;0,0000;97,0667;0,5333;0;0;3;1
20260613_0945;Recorrência_1000;classification;AdaptiveRandomForest;Otimizado_FullFeatures;classifier;classifier;classifier;N/A;N/A;N/A;2000;100;57;7600;100,0000;0,0000;100,0000;0,0000;100,0000;0,0000;0;0;0;0
20260613_0945;Recorrência_1000;classification;AdaptiveRandomForest;Otimizado_FullFeatures;classifier;classifier;classifier;N/A;N/A;N/A;2000;100;58;7700;100,0000;0,0000;100,0000;0,0000;100,0000;0,0000;0;0;0;0
20260613_0945;Recorrência_1000;classification;AdaptiveRandomForest;Otimizado_FullFeatures;classifier;classifier;classifier;N/A;N/A;N/A;2000;100;59;7800;100,0000;0,0000;100,0000;0,0000;100,0000;0,0000;0;0;0;0
20260613_0945;Recorrência_1000;classification;AdaptiveRandomForest;Otimizado_FullFeatures;classifier;classifier;classifier;N/A;N/A;N/A;2000;100;60;7900;100,0000;0,0000;100,0000;0,0000;100,0000;0,0000;0;0;0;0
20260613_0945;Recorrência_1000;classification;AdaptiveRandomForest;Otimizado_FullFeatures;classifier;classifier;classifier;N/A;N/A;N/A;2000;100;61;8000;98,0392;0,0000;96,1538;0,0000;100,0000;0,0000;1;0;0;0
20260613_0945;Recorrência_1000;classification;AdaptiveRandomForest;Otimizado_FullFeatures;classifier;classifier;classifier;N/A;N/A;N/A;2000;100;62;8100;0,0000;0,0000;0,0000;0,0000;0,0000;0,0000;0;0;0;0
20260613_0945;Recorrência_1000;classification;AdaptiveRandomForest;Otimizado_FullFeatures;classifier;classifier;classifier;N/A;N/A;N/A;2000;100;63;8200;0,0000;0,0000;0,0000;0,0000;0,0000;0,0000;0;0;0;0
20260613_0945;Recorrência_1000;classification;AdaptiveRandomForest;Otimizado_FullFeatures;classifier;classifier;classifier;N/A;N/A;N/A;2000;100;64;8300;0,0000;0,0000;0,0000;0,0000;0,0000;0,0000;0;0;0;0
20260613_0945;Recorrência_1000;classification;AdaptiveRandomForest;Otimizado_FullFeatures;classifier;classifier;classifier;N/A;N/A;N/A;2000;100;65;8400;0,0000;0,0000;0,0000;0,0000;0,0000;0,0000;0;0;0;0
20260613_0945;Recorrência_1000;classification;AdaptiveRandomForest;Otimizado_FullFeatures;classifier;classifier;classifier;N/A;N/A;N/A;2000;100;66;8500;0,0000;0,0000;0,0000;0,0000;0,0000;0,0000;0;0;0;0
20260613_0945;Recorrência_1000;classification;AdaptiveRandomForest;Otimizado_FullFeatures;classifier;classifier;classifier;N/A;N/A;N/A;2000;100;67;8600;0,0000;0,0000;0,0000;0,0000;0,0000;0,0000;0;0;0;0
20260613_0945;Recorrência_1000;classification;AdaptiveRandomForest;Otimizado_FullFeatures;classifier;classifier;classifier;N/A;N/A;N/A;2000;100;68;8700;0,0000;0,0000;0,0000;0,0000;0,0000;0,0000;0;0;0;0
20260613_0945;Recorrência_1000;classification;AdaptiveRandomForest;Otimizado_FullFeatures;classifier;classifier;classifier;N/A;N/A;N/A;2000;100;69;8800;0,0000;0,0000;0,0000;0,0000;0,0000;0,0000;0;0;0;0
20260613_0945;Recorrência_1000;classification;AdaptiveRandomForest;Otimizado_FullFeatures;classifier;classifier;classifier;N/A;N/A;N/A;2000;100;70;8900;0,0000;0,0000;0,0000;0,0000;0,0000;0,0000;0;0;0;0
20260613_0945;Recorrência_1000;classification;AdaptiveRandomForest;Otimizado_FullFeatures;classifier;classifier;classifier;N/A;N/A;N/A;2000;100;71;9000;0,0000;0,0000;0,0000;0,0000;0,0000;0,0000;0;0;0;0
20260613_0945;Recorrência_1000;classification;AdaptiveRandomForest;Otimizado_FullFeatures;classifier;classifier;classifier;N/A;N/A;N/A;2000;100;72;9100;0,0000;0,0000;0,0000;0,0000;0,0000;0,0000;0;0;0;0
20260613_0945;Recorrência_1000;classification;AdaptiveRandomForest;Otimizado_FullFeatures;classifier;classifier;classifier;N/A;N/A;N/A;2000;100;73;9200;0,0000;0,0000;0,0000;0,0000;0,0000;0,0000;0;0;0;0
20260613_0945;Recorrência_1000;classification;AdaptiveRandomForest;Otimizado_FullFeatures;classifier;classifier;classifier;N/A;N/A;N/A;2000;100;74;9300;0,0000;0,0000;0,0000;0,0000;0,0000;0,0000;0;0;0;0
20260613_0945;Recorrência_1000;classification;AdaptiveRandomForest;Otimizado_FullFeatures;classifier;classifier;classifier;N/A;N/A;N/A;2000;100;75;9400;0,0000;0,0000;0,0000;0,0000;0,0000;0,0000;0;0;0;0
20260613_0945;Recorrência_1000;classification;AdaptiveRandomForest;Otimizado_FullFeatures;classifier;classifier;classifier;N/A;N/A;N/A;2000;100;76;9500;0,0000;0,0000;0,0000;0,0000;0,0000;0,0000;0;0;0;0
20260613_0945;Recorrência_1000;classification;AdaptiveRandomForest;Otimizado_FullFeatures;classifier;classifier;classifier;N/A;N/A;N/A;2000;100;77;9600;0,0000;0,0000;0,0000;0,0000;0,0000;0,0000;0;0;0;0
20260613_0945;Recorrência_1000;classification;AdaptiveRandomForest;Otimizado_FullFeatures;classifier;classifier;classifier;N/A;N/A;N/A;2000;100;78;9700;0,0000;0,0000;0,0000;0,0000;0,0000;0,0000;0;0;0;0
20260613_0945;Recorrência_1000;classification;AdaptiveRandomForest;Otimizado_FullFeatures;classifier;classifier;classifier;N/A;N/A;N/A;2000;100;79;9800;0,0000;0,0000;0,0000;0,0000;0,0000;0,0000;0;0;0;0
20260613_0945;Recorrência_1000;classification;AdaptiveRandomForest;Otimizado_FullFeatures;classifier;classifier;classifier;N/A;N/A;N/A;2000;100;80;9900;0,0000;0,0000;0,0000;0,0000;0,0000;0,0000;0;0;0;0
20260613_0945;Recorrência_1000;classification;AdaptiveRandomForest;Otimizado_FullFeatures;classifier;classifier;classifier;N/A;N/A;N/A;2000;100;81;10000;0,0000;0,0000;0,0000;0,0000;0,0000;0,0000;0;0;0;0
20260613_0945;Recorrência_1000;classification;AdaptiveRandomForest;Otimizado_FullFeatures;classifier;classifier;classifier;N/A;N/A;N/A;2000;100;82;10100;85,9289;2,0553;100,0000;0,0000;75,3846;3,0769;0;0;4;1
20260613_0945;Recorrência_1000;classification;AdaptiveRandomForest;Otimizado_FullFeatures;classifier;classifier;classifier;N/A;N/A;N/A;2000;100;83;10200;95,3394;0,9975;100,0000;0,0000;91,1111;1,8144;0;0;3;1
20260613_0945;Recorrência_1000;classification;AdaptiveRandomForest;Otimizado_FullFeatures;classifier;classifier;classifier;N/A;N/A;N/A;2000;100;84;10300;98,4615;3,0769;100,0000;0,0000;97,1429;5,7143;0;0;1;1
20260613_0945;Recorrência_1000;classification;AdaptiveRandomForest;Otimizado_FullFeatures;classifier;classifier;classifier;N/A;N/A;N/A;2000;100;85;10400;99,3464;0,0000;100,0000;0,0000;98,7013;0,0000;0;0;1;0
20260613_0945;Recorrência_1000;classification;AdaptiveRandomForest;Otimizado_FullFeatures;classifier;classifier;classifier;N/A;N/A;N/A;2000;100;86;10500;97,1422;1,0020;99,2000;1,6000;95,2000;1,6000;1;1;2;1
20260613_0945;Recorrência_1000;classification;AdaptiveRandomForest;Otimizado_FullFeatures;classifier;classifier;classifier;N/A;N/A;N/A;2000;100;87;10600;99,3548;1,2903;98,7500;2,5000;100,0000;0,0000;1;1;0;0
20260613_0945;Recorrência_1000;classification;AdaptiveRandomForest;Otimizado_FullFeatures;classifier;classifier;classifier;N/A;N/A;N/A;2000;100;88;10700;0,0000;0,0000;0,0000;0,0000;0,0000;0,0000;0;0;0;0
20260613_0945;Recorrência_1000;classification;AdaptiveRandomForest;Otimizado_FullFeatures;classifier;classifier;classifier;N/A;N/A;N/A;2000;100;89;10800;0,0000;0,0000;0,0000;0,0000;0,0000;0,0000;0;0;0;0
20260613_0945;Recorrência_1000;classification;AdaptiveRandomForest;Otimizado_FullFeatures;classifier;classifier;classifier;N/A;N/A;N/A;2000;100;90;10900;0,0000;0,0000;0,0000;0,0000;0,0000;0,0000;0;0;0;0
20260613_0945;Recorrência_1000;classification;AdaptiveRandomForest;Otimizado_FullFeatures;classifier;classifier;classifier;N/A;N/A;N/A;2000;100;91;11000;0,0000;0,0000;0,0000;0,0000;0,0000;0,0000;0;0;0;0
20260613_0945;Recorrência_1000;classification;AdaptiveRandomForest;Otimizado_FullFeatures;classifier;classifier;classifier;N/A;N/A;N/A;2000;100;92;11100;0,0000;0,0000;0,0000;0,0000;0,0000;0,0000;0;0;0;0
20260613_0945;Recorrência_1000;classification;AdaptiveRandomForest;Otimizado_FullFeatures;classifier;classifier;classifier;N/A;N/A;N/A;2000;100;93;11200;0,0000;0,0000;0,0000;0,0000;0,0000;0,0000;0;0;0;0
20260613_0945;Recorrência_1000;classification;AdaptiveRandomForest;Otimizado_FullFeatures;classifier;classifier;classifier;N/A;N/A;N/A;2000;100;94;11300;0,0000;0,0000;0,0000;0,0000;0,0000;0,0000;0;0;0;0
20260613_0945;Recorrência_1000;classification;AdaptiveRandomForest;Otimizado_FullFeatures;classifier;classifier;classifier;N/A;N/A;N/A;2000;100;95;11400;0,0000;0,0000;0,0000;0,0000;0,0000;0,0000;0;0;0;0
20260613_0945;Recorrência_1000;classification;AdaptiveRandomForest;Otimizado_FullFeatures;classifier;classifier;classifier;N/A;N/A;N/A;2000;100;96;11500;0,0000;0,0000;0,0000;0,0000;0,0000;0,0000;0;0;0;0
20260613_0945;Recorrência_1000;classification;AdaptiveRandomForest;Otimizado_FullFeatures;classifier;classifier;classifier;N/A;N/A;N/A;2000;100;97;11600;0,0000;0,0000;0,0000;0,0000;0,0000;0,0000;0;0;0;0
20260613_0945;Recorrência_1000;classification;AdaptiveRandomForest;Otimizado_FullFeatures;classifier;classifier;classifier;N/A;N/A;N/A;2000;100;98;11700;0,0000;0,0000;0,0000;0,0000;0,0000;0,0000;2;1;0;0
20260613_0945;Recorrência_1000;classification;AdaptiveRandomForest;Otimizado_FullFeatures;classifier;classifier;classifier;N/A;N/A;N/A;2000;100;99;11800;0,0000;0,0000;0,0000;0,0000;0,0000;0,0000;0;0;0;0
20260613_0945;Recorrência_1000;classification;AdaptiveRandomForest;Otimizado_FullFeatures;classifier;classifier;classifier;N/A;N/A;N/A;2000;100;100;11900;0,0000;0,0000;0,0000;0,0000;0,0000;0,0000;0;0;0;0
20260613_0945;Recorrência_1000;classification;AdaptiveRandomForest;Otimizado_FullFeatures;classifier;classifier;classifier;N/A;N/A;N/A;2000;100;101;12000;0,0000;0,0000;0,0000;0,0000;0,0000;0,0000;0;0;0;0
20260613_0945;Recorrência_1000;classification;AdaptiveRandomForest;Otimizado_FullFeatures;classifier;classifier;classifier;N/A;N/A;N/A;2000;100;102;12100;0,0000;0,0000;0,0000;0,0000;0,0000;0,0000;0;0;0;0
20260613_0945;Recorrência_1000;classification;AdaptiveRandomForest;Otimizado_FullFeatures;classifier;classifier;classifier;N/A;N/A;N/A;2000;100;103;12200;0,0000;0,0000;0,0000;0,0000;0,0000;0,0000;0;0;0;0
20260613_0945;Recorrência_1000;classification;AdaptiveRandomForest;Otimizado_FullFeatures;classifier;classifier;classifier;N/A;N/A;N/A;2000;100;104;12300;0,0000;0,0000;0,0000;0,0000;0,0000;0,0000;0;0;0;0
20260613_0945;Recorrência_1000;classification;AdaptiveRandomForest;Otimizado_FullFeatures;classifier;classifier;classifier;N/A;N/A;N/A;2000;100;105;12400;0,0000;0,0000;0,0000;0,0000;0,0000;0,0000;0;0;0;0
20260613_0945;Recorrência_1000;classification;AdaptiveRandomForest;Otimizado_FullFeatures;classifier;classifier;classifier;N/A;N/A;N/A;2000;100;106;12500;0,0000;0,0000;0,0000;0,0000;0,0000;0,0000;0;0;0;0
20260613_0945;Recorrência_1000;classification;AdaptiveRandomForest;Otimizado_FullFeatures;classifier;classifier;classifier;N/A;N/A;N/A;2000;100;107;12600;0,0000;0,0000;0,0000;0,0000;0,0000;0,0000;0;0;0;0
20260613_0945;Recorrência_1000;classification;AdaptiveRandomForest;Otimizado_FullFeatures;classifier;classifier;classifier;N/A;N/A;N/A;2000;100;108;12700;0,0000;0,0000;0,0000;0,0000;0,0000;0,0000;0;0;0;0
20260613_0945;Recorrência_1000;classification;AdaptiveRandomForest;Otimizado_FullFeatures;classifier;classifier;classifier;N/A;N/A;N/A;2000;100;109;12800;97,8658;0,4295;100,0000;0,0000;95,8242;0,8223;0;0;4;1
20260613_0945;Recorrência_1000;classification;AdaptiveRandomForest;Otimizado_FullFeatures;classifier;classifier;classifier;N/A;N/A;N/A;2000;100;110;12900;100,0000;0,0000;100,0000;0,0000;100,0000;0,0000;0;0;0;0
20260613_0945;Recorrência_1000;classification;AdaptiveRandomForest;Otimizado_FullFeatures;classifier;classifier;classifier;N/A;N/A;N/A;2000;100;111;13000;100,0000;0,0000;100,0000;0,0000;100,0000;0,0000;0;0;0;0
20260613_0945;Recorrência_1000;classification;AdaptiveRandomForest;Otimizado_FullFeatures;classifier;classifier;classifier;N/A;N/A;N/A;2000;100;112;13100;100,0000;0,0000;100,0000;0,0000;100,0000;0,0000;0;0;0;0
20260613_0945;Recorrência_1000;classification;AdaptiveRandomForest;Otimizado_FullFeatures;classifier;classifier;classifier;N/A;N/A;N/A;2000;100;113;13200;100,0000;0,0000;100,0000;0,0000;100,0000;0,0000;0;0;0;0
20260613_0945;Recorrência_1000;classification;AdaptiveRandomForest;Otimizado_FullFeatures;classifier;classifier;classifier;N/A;N/A;N/A;2000;100;114;13300;94,7368;0,0000;90,0000;0,0000;100,0000;0,0000;1;0;0;0
20260613_0945;Recorrência_1000;classification;AdaptiveRandomForest;Otimizado_FullFeatures;classifier;classifier;classifier;N/A;N/A;N/A;2000;100;115;13400;0,0000;0,0000;0,0000;0,0000;0,0000;0,0000;0;0;0;0
20260613_0945;Recorrência_1000;classification;AdaptiveRandomForest;Otimizado_FullFeatures;classifier;classifier;classifier;N/A;N/A;N/A;2000;100;116;13500;0,0000;0,0000;0,0000;0,0000;0,0000;0,0000;0;0;0;0
20260613_0945;Recorrência_1000;classification;AdaptiveRandomForest;Otimizado_FullFeatures;classifier;classifier;classifier;N/A;N/A;N/A;2000;100;117;13600;0,0000;0,0000;0,0000;0,0000;0,0000;0,0000;1;1;0;0
20260613_0945;Recorrência_1000;classification;AdaptiveRandomForest;Otimizado_FullFeatures;classifier;classifier;classifier;N/A;N/A;N/A;2000;100;118;13700;0,0000;0,0000;0,0000;0,0000;0,0000;0,0000;0;0;0;0
20260613_0945;Recorrência_1000;classification;AdaptiveRandomForest;Otimizado_FullFeatures;classifier;classifier;classifier;N/A;N/A;N/A;2000;100;119;13800;0,0000;0,0000;0,0000;0,0000;0,0000;0,0000;0;0;0;0
20260613_0945;Recorrência_1000;classification;AdaptiveRandomForest;Otimizado_FullFeatures;classifier;classifier;classifier;N/A;N/A;N/A;2000;100;120;13900;0,0000;0,0000;0,0000;0,0000;0,0000;0,0000;0;0;0;0
20260613_0945;Recorrência_1000;classification;AdaptiveRandomForest;Otimizado_FullFeatures;classifier;classifier;classifier;N/A;N/A;N/A;2000;100;121;14000;0,0000;0,0000;0,0000;0,0000;0,0000;0,0000;0;0;0;0
20260613_0945;Recorrência_1000;classification;AdaptiveRandomForest;Otimizado_FullFeatures;classifier;classifier;classifier;N/A;N/A;N/A;2000;100;122;14100;0,0000;0,0000;0,0000;0,0000;0,0000;0,0000;0;0;0;0
20260613_0945;Recorrência_1000;classification;AdaptiveRandomForest;Otimizado_FullFeatures;classifier;classifier;classifier;N/A;N/A;N/A;2000;100;123;14200;0,0000;0,0000;0,0000;0,0000;0,0000;0,0000;0;0;0;0
20260613_0945;Recorrência_1000;classification;AdaptiveRandomForest;Otimizado_FullFeatures;classifier;classifier;classifier;N/A;N/A;N/A;2000;100;124;14300;0,0000;0,0000;0,0000;0,0000;0,0000;0,0000;0;0;0;0
20260613_0945;Recorrência_1000;classification;AdaptiveRandomForest;Otimizado_FullFeatures;classifier;classifier;classifier;N/A;N/A;N/A;2000;100;125;14400;0,0000;0,0000;0,0000;0,0000;0,0000;0,0000;0;0;0;0
20260613_0945;Recorrência_1000;classification;AdaptiveRandomForest;Otimizado_FullFeatures;classifier;classifier;classifier;N/A;N/A;N/A;2000;100;126;14500;0,0000;0,0000;0,0000;0,0000;0,0000;0,0000;0;0;0;0
20260613_0945;Recorrência_1000;classification;AdaptiveRandomForest;Otimizado_FullFeatures;classifier;classifier;classifier;N/A;N/A;N/A;2000;100;127;14600;0,0000;0,0000;0,0000;0,0000;0,0000;0,0000;0;0;0;0
20260613_0945;Recorrência_1000;classification;AdaptiveRandomForest;Otimizado_FullFeatures;classifier;classifier;classifier;N/A;N/A;N/A;2000;100;128;14700;0,0000;0,0000;0,0000;0,0000;0,0000;0,0000;0;0;0;0
20260613_0945;Recorrência_1000;classification;AdaptiveRandomForest;Otimizado_FullFeatures;classifier;classifier;classifier;N/A;N/A;N/A;2000;100;129;14800;0,0000;0,0000;0,0000;0,0000;0,0000;0,0000;0;0;0;0
20260613_0945;Recorrência_1000;classification;AdaptiveRandomForest;Otimizado_FullFeatures;classifier;classifier;classifier;N/A;N/A;N/A;2000;100;130;14900;0,0000;0,0000;0,0000;0,0000;0,0000;0,0000;0;0;0;0
20260613_0945;Recorrência_1000;classification;AdaptiveRandomForest;Otimizado_FullFeatures;classifier;classifier;classifier;N/A;N/A;N/A;2000;100;131;15000;0,0000;0,0000;0,0000;0,0000;0,0000;0,0000;0;0;0;0
20260613_0945;Recorrência_1000;classification;AdaptiveRandomForest;Otimizado_FullFeatures;classifier;classifier;classifier;N/A;N/A;N/A;2000;100;132;15100;0,0000;0,0000;0,0000;0,0000;0,0000;0,0000;0;0;0;0
20260613_0945;Recorrência_1000;classification;AdaptiveRandomForest;Otimizado_FullFeatures;classifier;classifier;classifier;N/A;N/A;N/A;2000;100;133;15200;0,0000;0,0000;0,0000;0,0000;0,0000;0,0000;0;0;0;0
20260613_0945;Recorrência_1000;classification;AdaptiveRandomForest;Otimizado_FullFeatures;classifier;classifier;classifier;N/A;N/A;N/A;2000;100;134;15300;0,0000;0,0000;0,0000;0,0000;0,0000;0,0000;0;0;0;0
20260613_0945;Recorrência_1000;classification;AdaptiveRandomForest;Otimizado_FullFeatures;classifier;classifier;classifier;N/A;N/A;N/A;2000;100;135;15400;99,3771;0,8323;100,0000;0,0000;98,7755;1,6327;0;0;1;1
20260613_0945;Recorrência_1000;classification;AdaptiveRandomForest;Otimizado_FullFeatures;classifier;classifier;classifier;N/A;N/A;N/A;2000;100;136;15500;100,0000;0,0000;100,0000;0,0000;100,0000;0,0000;0;0;0;0
20260613_0945;Recorrência_1000;classification;AdaptiveRandomForest;Otimizado_FullFeatures;classifier;classifier;classifier;N/A;N/A;N/A;2000;100;137;15600;100,0000;0,0000;100,0000;0,0000;100,0000;0,0000;0;0;0;0
20260613_0945;Recorrência_1000;classification;AdaptiveRandomForest;Otimizado_FullFeatures;classifier;classifier;classifier;N/A;N/A;N/A;2000;100;138;15700;100,0000;0,0000;100,0000;0,0000;100,0000;0,0000;0;0;0;0
20260613_0945;Recorrência_1000;classification;AdaptiveRandomForest;Otimizado_FullFeatures;classifier;classifier;classifier;N/A;N/A;N/A;2000;100;139;15800;100,0000;0,0000;100,0000;0,0000;100,0000;0,0000;0;0;0;0
20260613_0945;Recorrência_1000;classification;AdaptiveRandomForest;Otimizado_FullFeatures;classifier;classifier;classifier;N/A;N/A;N/A;2000;100;140;15900;100,0000;0,0000;100,0000;0,0000;100,0000;0,0000;0;0;0;0
20260613_0945;Recorrência_1000;classification;AdaptiveRandomForest;Otimizado_FullFeatures;classifier;classifier;classifier;N/A;N/A;N/A;2000;100;141;16000;0,0000;0,0000;0,0000;0,0000;0,0000;0,0000;0;0;0;0
20260613_0945;Recorrência_1000;classification;AdaptiveRandomForest;Otimizado_FullFeatures;classifier;classifier;classifier;N/A;N/A;N/A;2000;100;142;16100;0,0000;0,0000;0,0000;0,0000;0,0000;0,0000;0;0;0;0
20260613_0945;Recorrência_1000;classification;AdaptiveRandomForest;Otimizado_FullFeatures;classifier;classifier;classifier;N/A;N/A;N/A;2000;100;143;16200;0,0000;0,0000;0,0000;0,0000;0,0000;0,0000;0;0;0;0
20260613_0945;Recorrência_1000;classification;AdaptiveRandomForest;Otimizado_FullFeatures;classifier;classifier;classifier;N/A;N/A;N/A;2000;100;144;16300;0,0000;0,0000;0,0000;0,0000;0,0000;0,0000;0;0;0;0
20260613_0945;Recorrência_1000;classification;AdaptiveRandomForest;Otimizado_FullFeatures;classifier;classifier;classifier;N/A;N/A;N/A;2000;100;145;16400;0,0000;0,0000;0,0000;0,0000;0,0000;0,0000;0;0;0;0
20260613_0945;Recorrência_1000;classification;AdaptiveRandomForest;Otimizado_FullFeatures;classifier;classifier;classifier;N/A;N/A;N/A;2000;100;146;16500;0,0000;0,0000;0,0000;0,0000;0,0000;0,0000;0;0;0;0
20260613_0945;Recorrência_1000;classification;AdaptiveRandomForest;Otimizado_FullFeatures;classifier;classifier;classifier;N/A;N/A;N/A;2000;100;147;16600;0,0000;0,0000;0,0000;0,0000;0,0000;0,0000;0;0;0;0
20260613_0945;Recorrência_1000;classification;AdaptiveRandomForest;Otimizado_FullFeatures;classifier;classifier;classifier;N/A;N/A;N/A;2000;100;148;16700;0,0000;0,0000;0,0000;0,0000;0,0000;0,0000;0;0;0;0
20260613_0945;Recorrência_1000;classification;AdaptiveRandomForest;Otimizado_FullFeatures;classifier;classifier;classifier;N/A;N/A;N/A;2000;100;149;16800;0,0000;0,0000;0,0000;0,0000;0,0000;0,0000;0;0;0;0
20260613_0945;Recorrência_1000;classification;AdaptiveRandomForest;Otimizado_FullFeatures;classifier;classifier;classifier;N/A;N/A;N/A;2000;100;150;16900;0,0000;0,0000;0,0000;0,0000;0,0000;0,0000;0;0;0;0
20260613_0945;Recorrência_1000;classification;AdaptiveRandomForest;Otimizado_FullFeatures;classifier;classifier;classifier;N/A;N/A;N/A;2000;100;151;17000;0,0000;0,0000;0,0000;0,0000;0,0000;0,0000;0;0;0;0
20260613_0945;Recorrência_1000;classification;AdaptiveRandomForest;Otimizado_FullFeatures;classifier;classifier;classifier;N/A;N/A;N/A;2000;100;152;17100;0,0000;0,0000;0,0000;0,0000;0,0000;0,0000;0;0;0;0
20260613_0945;Recorrência_1000;classification;AdaptiveRandomForest;Otimizado_FullFeatures;classifier;classifier;classifier;N/A;N/A;N/A;2000;100;153;17200;0,0000;0,0000;0,0000;0,0000;0,0000;0,0000;0;0;0;0
20260613_0945;Recorrência_1000;classification;AdaptiveRandomForest;Otimizado_FullFeatures;classifier;classifier;classifier;N/A;N/A;N/A;2000;100;154;17300;0,0000;0,0000;0,0000;0,0000;0,0000;0,0000;0;0;0;0
20260613_0945;Recorrência_1000;classification;AdaptiveRandomForest;Otimizado_FullFeatures;classifier;classifier;classifier;N/A;N/A;N/A;2000;100;155;17400;0,0000;0,0000;0,0000;0,0000;0,0000;0,0000;0;0;0;0
20260613_0945;Recorrência_1000;classification;AdaptiveRandomForest;Otimizado_FullFeatures;classifier;classifier;classifier;N/A;N/A;N/A;2000;100;156;17500;0,0000;0,0000;0,0000;0,0000;0,0000;0,0000;0;0;0;0
20260613_0945;Recorrência_1000;classification;AdaptiveRandomForest;Otimizado_FullFeatures;classifier;classifier;classifier;N/A;N/A;N/A;2000;100;157;17600;0,0000;0,0000;0,0000;0,0000;0,0000;0,0000;0;0;0;0
20260613_0945;Recorrência_1000;classification;AdaptiveRandomForest;Otimizado_FullFeatures;classifier;classifier;classifier;N/A;N/A;N/A;2000;100;158;17700;0,0000;0,0000;0,0000;0,0000;0,0000;0,0000;0;0;0;0
20260613_0945;Recorrência_1000;classification;AdaptiveRandomForest;Otimizado_FullFeatures;classifier;classifier;classifier;N/A;N/A;N/A;2000;100;159;17800;0,0000;0,0000;0,0000;0,0000;0,0000;0,0000;0;0;0;0
20260613_0945;Recorrência_1000;classification;AdaptiveRandomForest;Otimizado_FullFeatures;classifier;classifier;classifier;N/A;N/A;N/A;2000;100;160;17900;0,0000;0,0000;0,0000;0,0000;0,0000;0,0000;0;0;0;0
20260613_1458;Generalização_25;classification;AdaptiveRandomForest;Otimizado_FullFeatures;classifier;classifier;classifier;N/A;N/A;N/A;2000;100;1;2000;0,0000;0,0000;0,0000;0,0000;0,0000;0,0000;0;0;0;0
20260613_1458;Generalização_25;classification;AdaptiveRandomForest;Otimizado_FullFeatures;classifier;classifier;classifier;N/A;N/A;N/A;2000;100;2;2100;0,0000;0,0000;0,0000;0,0000;0,0000;0,0000;0;0;0;0
20260613_1458;Generalização_25;classification;AdaptiveRandomForest;Otimizado_FullFeatures;classifier;classifier;classifier;N/A;N/A;N/A;2000;100;3;2200;0,0000;0,0000;0,0000;0,0000;0,0000;0,0000;0;0;0;0
20260613_1458;Generalização_25;classification;AdaptiveRandomForest;Otimizado_FullFeatures;classifier;classifier;classifier;N/A;N/A;N/A;2000;100;4;2300;0,0000;0,0000;0,0000;0,0000;0,0000;0,0000;0;0;0;0
20260613_1458;Generalização_25;classification;AdaptiveRandomForest;Otimizado_FullFeatures;classifier;classifier;classifier;N/A;N/A;N/A;2000;100;5;2400;0,0000;0,0000;0,0000;0,0000;0,0000;0,0000;0;0;0;0
20260613_1458;Generalização_25;classification;AdaptiveRandomForest;Otimizado_FullFeatures;classifier;classifier;classifier;N/A;N/A;N/A;2000;100;6;2500;0,0000;0,0000;0,0000;0,0000;0,0000;0,0000;0;0;0;0
20260613_1458;Generalização_25;classification;AdaptiveRandomForest;Otimizado_FullFeatures;classifier;classifier;classifier;N/A;N/A;N/A;2000;100;7;2600;0,0000;0,0000;0,0000;0,0000;0,0000;0,0000;0;0;0;0
20260613_1458;Generalização_25;classification;AdaptiveRandomForest;Otimizado_FullFeatures;classifier;classifier;classifier;N/A;N/A;N/A;2000;100;8;2700;0,0000;0,0000;0,0000;0,0000;0,0000;0,0000;0;0;0;0
20260613_1458;Generalização_25;classification;AdaptiveRandomForest;Otimizado_FullFeatures;classifier;classifier;classifier;N/A;N/A;N/A;2000;100;9;2800;0,0000;0,0000;0,0000;0,0000;0,0000;0,0000;0;0;0;0
20260613_1458;Generalização_25;classification;AdaptiveRandomForest;Otimizado_FullFeatures;classifier;classifier;classifier;N/A;N/A;N/A;2000;100;10;2900;0,0000;0,0000;0,0000;0,0000;0,0000;0,0000;0;0;0;0
20260613_1458;Generalização_25;classification;AdaptiveRandomForest;Otimizado_FullFeatures;classifier;classifier;classifier;N/A;N/A;N/A;2000;100;11;3000;0,0000;0,0000;0,0000;0,0000;0,0000;0,0000;0;0;0;0
20260613_1458;Generalização_25;classification;AdaptiveRandomForest;Otimizado_FullFeatures;classifier;classifier;classifier;N/A;N/A;N/A;2000;100;12;3100;0,0000;0,0000;0,0000;0,0000;0,0000;0,0000;0;0;0;0
20260613_1458;Generalização_25;classification;AdaptiveRandomForest;Otimizado_FullFeatures;classifier;classifier;classifier;N/A;N/A;N/A;2000;100;13;3200;0,0000;0,0000;0,0000;0,0000;0,0000;0,0000;0;0;0;0
20260613_1458;Generalização_25;classification;AdaptiveRandomForest;Otimizado_FullFeatures;classifier;classifier;classifier;N/A;N/A;N/A;2000;100;14;3300;0,0000;0,0000;0,0000;0,0000;0,0000;0,0000;0;0;0;0
20260613_1458;Generalização_25;classification;AdaptiveRandomForest;Otimizado_FullFeatures;classifier;classifier;classifier;N/A;N/A;N/A;2000;100;15;3400;0,0000;0,0000;0,0000;0,0000;0,0000;0,0000;0;0;0;0
20260613_1458;Generalização_25;classification;AdaptiveRandomForest;Otimizado_FullFeatures;classifier;classifier;classifier;N/A;N/A;N/A;2000;100;16;3500;0,0000;0,0000;0,0000;0,0000;0,0000;0,0000;0;0;0;0
20260613_1458;Generalização_25;classification;AdaptiveRandomForest;Otimizado_FullFeatures;classifier;classifier;classifier;N/A;N/A;N/A;2000;100;17;3600;0,0000;0,0000;0,0000;0,0000;0,0000;0,0000;0;0;0;0
20260613_1458;Generalização_25;classification;AdaptiveRandomForest;Otimizado_FullFeatures;classifier;classifier;classifier;N/A;N/A;N/A;2000;100;18;3700;0,0000;0,0000;0,0000;0,0000;0,0000;0,0000;0;0;0;0
20260613_1458;Generalização_25;classification;AdaptiveRandomForest;Otimizado_FullFeatures;classifier;classifier;classifier;N/A;N/A;N/A;2000;100;19;3800;87,9592;0,9184;91,3768;0,1449;84,8000;1,6000;2;0;4;1
20260613_1458;Generalização_25;classification;AdaptiveRandomForest;Otimizado_FullFeatures;classifier;classifier;classifier;N/A;N/A;N/A;2000;100;20;3900;0,0000;0,0000;0,0000;0,0000;0,0000;0,0000;2;1;0;0
20260613_1458;Generalização_25;classification;AdaptiveRandomForest;Otimizado_FullFeatures;classifier;classifier;classifier;N/A;N/A;N/A;2000;100;21;4000;0,0000;0,0000;0,0000;0,0000;0,0000;0,0000;1;1;0;0
20260613_1458;Generalização_25;classification;AdaptiveRandomForest;Otimizado_FullFeatures;classifier;classifier;classifier;N/A;N/A;N/A;2000;100;22;4100;0,0000;0,0000;0,0000;0,0000;0,0000;0,0000;0;0;0;0
20260613_1458;Generalização_25;classification;AdaptiveRandomForest;Otimizado_FullFeatures;classifier;classifier;classifier;N/A;N/A;N/A;2000;100;23;4200;0,0000;0,0000;0,0000;0,0000;0,0000;0,0000;0;0;0;0
20260613_1458;Generalização_25;classification;AdaptiveRandomForest;Otimizado_FullFeatures;classifier;classifier;classifier;N/A;N/A;N/A;2000;100;24;4300;0,0000;0,0000;0,0000;0,0000;0,0000;0,0000;0;0;0;0
20260613_1458;Generalização_25;classification;AdaptiveRandomForest;Otimizado_FullFeatures;classifier;classifier;classifier;N/A;N/A;N/A;2000;100;25;4400;0,0000;0,0000;0,0000;0,0000;0,0000;0,0000;0;0;0;0
20260613_1458;Generalização_25;classification;AdaptiveRandomForest;Otimizado_FullFeatures;classifier;classifier;classifier;N/A;N/A;N/A;2000;100;26;4500;0,0000;0,0000;0,0000;0,0000;0,0000;0,0000;0;0;0;0
20260613_1458;Generalização_25;classification;AdaptiveRandomForest;Otimizado_FullFeatures;classifier;classifier;classifier;N/A;N/A;N/A;2000;100;27;4600;0,0000;0,0000;0,0000;0,0000;0,0000;0,0000;2;1;0;0
20260613_1458;Generalização_25;classification;AdaptiveRandomForest;Otimizado_FullFeatures;classifier;classifier;classifier;N/A;N/A;N/A;2000;100;28;4700;0,0000;0,0000;0,0000;0,0000;0,0000;0,0000;0;0;0;0
20260613_1458;Generalização_25;classification;AdaptiveRandomForest;Otimizado_FullFeatures;classifier;classifier;classifier;N/A;N/A;N/A;2000;100;29;4800;0,0000;0,0000;0,0000;0,0000;0,0000;0,0000;0;0;0;0
20260613_1458;Generalização_25;classification;AdaptiveRandomForest;Otimizado_FullFeatures;classifier;classifier;classifier;N/A;N/A;N/A;2000;100;30;4900;0,0000;0,0000;0,0000;0,0000;0,0000;0,0000;0;0;0;0
20260613_1458;Generalização_25;classification;AdaptiveRandomForest;Otimizado_FullFeatures;classifier;classifier;classifier;N/A;N/A;N/A;2000;100;31;5000;0,0000;0,0000;0,0000;0,0000;0,0000;0,0000;0;0;0;0
20260613_1458;Generalização_25;classification;AdaptiveRandomForest;Otimizado_FullFeatures;classifier;classifier;classifier;N/A;N/A;N/A;2000;100;32;5100;0,0000;0,0000;0,0000;0,0000;0,0000;0,0000;0;0;0;0
20260613_1458;Generalização_25;classification;AdaptiveRandomForest;Otimizado_FullFeatures;classifier;classifier;classifier;N/A;N/A;N/A;2000;100;33;5200;0,0000;0,0000;0,0000;0,0000;0,0000;0,0000;0;0;0;0
20260613_1458;Generalização_25;classification;AdaptiveRandomForest;Otimizado_FullFeatures;classifier;classifier;classifier;N/A;N/A;N/A;2000;100;34;5300;0,0000;0,0000;0,0000;0,0000;0,0000;0,0000;0;0;0;0
20260613_1458;Generalização_25;classification;AdaptiveRandomForest;Otimizado_FullFeatures;classifier;classifier;classifier;N/A;N/A;N/A;2000;100;35;5400;0,0000;0,0000;0,0000;0,0000;0,0000;0,0000;0;0;0;0
20260613_1458;Generalização_25;classification;AdaptiveRandomForest;Otimizado_FullFeatures;classifier;classifier;classifier;N/A;N/A;N/A;2000;100;36;5500;0,0000;0,0000;0,0000;0,0000;0,0000;0,0000;0;0;0;0
20260613_1458;Generalização_25;classification;AdaptiveRandomForest;Otimizado_FullFeatures;classifier;classifier;classifier;N/A;N/A;N/A;2000;100;37;5600;0,0000;0,0000;0,0000;0,0000;0,0000;0,0000;0;0;0;0
20260613_1458;Generalização_25;classification;AdaptiveRandomForest;Otimizado_FullFeatures;classifier;classifier;classifier;N/A;N/A;N/A;2000;100;38;5700;0,0000;0,0000;0,0000;0,0000;0,0000;0,0000;0;0;0;0
20260613_1458;Generalização_25;classification;AdaptiveRandomForest;Otimizado_FullFeatures;classifier;classifier;classifier;N/A;N/A;N/A;2000;100;39;5800;0,0000;0,0000;0,0000;0,0000;0,0000;0,0000;0;0;0;0
20260613_1458;Generalização_25;classification;AdaptiveRandomForest;Otimizado_FullFeatures;classifier;classifier;classifier;N/A;N/A;N/A;2000;100;40;5900;0,0000;0,0000;0,0000;0,0000;0,0000;0,0000;0;0;0;0
20260613_1458;Generalização_25;classification;AdaptiveRandomForest;Otimizado_FullFeatures;classifier;classifier;classifier;N/A;N/A;N/A;2000;100;41;6000;0,0000;0,0000;0,0000;0,0000;0,0000;0,0000;0;0;0;0
20260613_1458;Generalização_25;classification;AdaptiveRandomForest;Otimizado_FullFeatures;classifier;classifier;classifier;N/A;N/A;N/A;2000;100;42;6100;0,0000;0,0000;0,0000;0,0000;0,0000;0,0000;0;0;0;0
20260613_1458;Generalização_25;classification;AdaptiveRandomForest;Otimizado_FullFeatures;classifier;classifier;classifier;N/A;N/A;N/A;2000;100;43;6200;0,0000;0,0000;0,0000;0,0000;0,0000;0,0000;0;0;0;0
20260613_1458;Generalização_25;classification;AdaptiveRandomForest;Otimizado_FullFeatures;classifier;classifier;classifier;N/A;N/A;N/A;2000;100;44;6300;0,0000;0,0000;0,0000;0,0000;0,0000;0,0000;0;0;0;0
20260613_1458;Generalização_25;classification;AdaptiveRandomForest;Otimizado_FullFeatures;classifier;classifier;classifier;N/A;N/A;N/A;2000;100;45;6400;0,0000;0,0000;0,0000;0,0000;0,0000;0,0000;0;0;0;0
20260613_1458;Generalização_25;classification;AdaptiveRandomForest;Otimizado_FullFeatures;classifier;classifier;classifier;N/A;N/A;N/A;2000;100;46;6500;0,0000;0,0000;0,0000;0,0000;0,0000;0,0000;0;0;0;0
20260613_1458;Generalização_25;classification;AdaptiveRandomForest;Otimizado_FullFeatures;classifier;classifier;classifier;N/A;N/A;N/A;2000;100;47;6600;0,0000;0,0000;0,0000;0,0000;0,0000;0,0000;0;0;0;0
20260613_1458;Generalização_25;classification;AdaptiveRandomForest;Otimizado_FullFeatures;classifier;classifier;classifier;N/A;N/A;N/A;2000;100;48;6700;0,0000;0,0000;0,0000;0,0000;0,0000;0,0000;0;0;0;0
20260613_1458;Generalização_25;classification;AdaptiveRandomForest;Otimizado_FullFeatures;classifier;classifier;classifier;N/A;N/A;N/A;2000;100;49;6800;0,0000;0,0000;0,0000;0,0000;0,0000;0,0000;0;0;0;0
20260613_1458;Generalização_25;classification;AdaptiveRandomForest;Otimizado_FullFeatures;classifier;classifier;classifier;N/A;N/A;N/A;2000;100;50;6900;0,0000;0,0000;0,0000;0,0000;0,0000;0,0000;0;0;0;0
20260613_1458;Generalização_25;classification;AdaptiveRandomForest;Otimizado_FullFeatures;classifier;classifier;classifier;N/A;N/A;N/A;2000;100;51;7000;0,0000;0,0000;0,0000;0,0000;0,0000;0,0000;0;0;0;0
20260613_1458;Generalização_25;classification;AdaptiveRandomForest;Otimizado_FullFeatures;classifier;classifier;classifier;N/A;N/A;N/A;2000;100;52;7100;0,0000;0,0000;0,0000;0,0000;0,0000;0,0000;0;0;0;0
20260613_1458;Generalização_25;classification;AdaptiveRandomForest;Otimizado_FullFeatures;classifier;classifier;classifier;N/A;N/A;N/A;2000;100;53;7200;0,0000;0,0000;0,0000;0,0000;0,0000;0,0000;0;0;0;0
20260613_1458;Generalização_25;classification;AdaptiveRandomForest;Otimizado_FullFeatures;classifier;classifier;classifier;N/A;N/A;N/A;2000;100;54;7300;0,0000;0,0000;0,0000;0,0000;0,0000;0,0000;0;0;0;0
20260613_1458;Generalização_25;classification;AdaptiveRandomForest;Otimizado_FullFeatures;classifier;classifier;classifier;N/A;N/A;N/A;2000;100;55;7400;0,0000;0,0000;0,0000;0,0000;0,0000;0,0000;0;0;0;0
20260613_1458;Generalização_25;classification;AdaptiveRandomForest;Otimizado_FullFeatures;classifier;classifier;classifier;N/A;N/A;N/A;2000;100;56;7500;0,0000;0,0000;0,0000;0,0000;0,0000;0,0000;0;0;0;0
20260613_1458;Generalização_25;classification;AdaptiveRandomForest;Otimizado_FullFeatures;classifier;classifier;classifier;N/A;N/A;N/A;2000;100;57;7600;95,8333;0,0000;100,0000;0,0000;92,0000;0,0000;0;0;2;0
20260613_1458;Generalização_25;classification;AdaptiveRandomForest;Otimizado_FullFeatures;classifier;classifier;classifier;N/A;N/A;N/A;2000;100;58;7700;0,0000;0,0000;0,0000;0,0000;0,0000;0,0000;0;0;0;0
20260613_1458;Generalização_25;classification;AdaptiveRandomForest;Otimizado_FullFeatures;classifier;classifier;classifier;N/A;N/A;N/A;2000;100;59;7800;0,0000;0,0000;0,0000;0,0000;0,0000;0,0000;0;0;0;0
20260613_1458;Generalização_25;classification;AdaptiveRandomForest;Otimizado_FullFeatures;classifier;classifier;classifier;N/A;N/A;N/A;2000;100;60;7900;0,0000;0,0000;0,0000;0,0000;0,0000;0,0000;0;0;0;0
20260613_1458;Generalização_25;classification;AdaptiveRandomForest;Otimizado_FullFeatures;classifier;classifier;classifier;N/A;N/A;N/A;2000;100;61;8000;0,0000;0,0000;0,0000;0,0000;0,0000;0,0000;0;0;0;0
20260613_1458;Generalização_25;classification;AdaptiveRandomForest;Otimizado_FullFeatures;classifier;classifier;classifier;N/A;N/A;N/A;2000;100;62;8100;0,0000;0,0000;0,0000;0,0000;0,0000;0,0000;0;0;0;0
20260613_1458;Generalização_25;classification;AdaptiveRandomForest;Otimizado_FullFeatures;classifier;classifier;classifier;N/A;N/A;N/A;2000;100;63;8200;0,0000;0,0000;0,0000;0,0000;0,0000;0,0000;0;0;0;0
20260613_1458;Generalização_25;classification;AdaptiveRandomForest;Otimizado_FullFeatures;classifier;classifier;classifier;N/A;N/A;N/A;2000;100;64;8300;0,0000;0,0000;0,0000;0,0000;0,0000;0,0000;0;0;0;0
20260613_1458;Generalização_25;classification;AdaptiveRandomForest;Otimizado_FullFeatures;classifier;classifier;classifier;N/A;N/A;N/A;2000;100;65;8400;0,0000;0,0000;0,0000;0,0000;0,0000;0,0000;0;0;0;0
20260613_1458;Generalização_25;classification;AdaptiveRandomForest;Otimizado_FullFeatures;classifier;classifier;classifier;N/A;N/A;N/A;2000;100;66;8500;0,0000;0,0000;0,0000;0,0000;0,0000;0,0000;0;0;0;0
20260613_1458;Generalização_25;classification;AdaptiveRandomForest;Otimizado_FullFeatures;classifier;classifier;classifier;N/A;N/A;N/A;2000;100;67;8600;0,0000;0,0000;0,0000;0,0000;0,0000;0,0000;0;0;0;0
20260613_1458;Generalização_25;classification;AdaptiveRandomForest;Otimizado_FullFeatures;classifier;classifier;classifier;N/A;N/A;N/A;2000;100;68;8700;0,0000;0,0000;0,0000;0,0000;0,0000;0,0000;0;0;0;0
20260613_1458;Generalização_25;classification;AdaptiveRandomForest;Otimizado_FullFeatures;classifier;classifier;classifier;N/A;N/A;N/A;2000;100;69;8800;0,0000;0,0000;0,0000;0,0000;0,0000;0,0000;0;0;0;0
20260613_1458;Generalização_25;classification;AdaptiveRandomForest;Otimizado_FullFeatures;classifier;classifier;classifier;N/A;N/A;N/A;2000;100;70;8900;0,0000;0,0000;0,0000;0,0000;0,0000;0,0000;0;0;0;0
20260613_1458;Generalização_25;classification;AdaptiveRandomForest;Otimizado_FullFeatures;classifier;classifier;classifier;N/A;N/A;N/A;2000;100;71;9000;0,0000;0,0000;0,0000;0,0000;0,0000;0,0000;0;0;0;0
20260613_1458;Generalização_25;classification;AdaptiveRandomForest;Otimizado_FullFeatures;classifier;classifier;classifier;N/A;N/A;N/A;2000;100;72;9100;0,0000;0,0000;0,0000;0,0000;0,0000;0,0000;0;0;0;0
20260613_1458;Generalização_25;classification;AdaptiveRandomForest;Otimizado_FullFeatures;classifier;classifier;classifier;N/A;N/A;N/A;2000;100;73;9200;0,0000;0,0000;0,0000;0,0000;0,0000;0,0000;0;0;0;0
20260613_1458;Generalização_25;classification;AdaptiveRandomForest;Otimizado_FullFeatures;classifier;classifier;classifier;N/A;N/A;N/A;2000;100;74;9300;0,0000;0,0000;0,0000;0,0000;0,0000;0,0000;0;0;0;0
20260613_1458;Generalização_25;classification;AdaptiveRandomForest;Otimizado_FullFeatures;classifier;classifier;classifier;N/A;N/A;N/A;2000;100;75;9400;0,0000;0,0000;0,0000;0,0000;0,0000;0,0000;0;0;0;0
20260613_1458;Generalização_25;classification;AdaptiveRandomForest;Otimizado_FullFeatures;classifier;classifier;classifier;N/A;N/A;N/A;2000;100;76;9500;0,0000;0,0000;0,0000;0,0000;0,0000;0,0000;0;0;0;0
20260613_1458;Generalização_25;classification;AdaptiveRandomForest;Otimizado_FullFeatures;classifier;classifier;classifier;N/A;N/A;N/A;2000;100;77;9600;0,0000;0,0000;0,0000;0,0000;0,0000;0,0000;0;0;0;0
20260613_1458;Generalização_25;classification;AdaptiveRandomForest;Otimizado_FullFeatures;classifier;classifier;classifier;N/A;N/A;N/A;2000;100;78;9700;0,0000;0,0000;0,0000;0,0000;0,0000;0,0000;0;0;0;0
20260613_1458;Generalização_25;classification;AdaptiveRandomForest;Otimizado_FullFeatures;classifier;classifier;classifier;N/A;N/A;N/A;2000;100;79;9800;0,0000;0,0000;0,0000;0,0000;0,0000;0,0000;0;0;0;0
20260613_1458;Generalização_25;classification;AdaptiveRandomForest;Otimizado_FullFeatures;classifier;classifier;classifier;N/A;N/A;N/A;2000;100;80;9900;0,0000;0,0000;0,0000;0,0000;0,0000;0,0000;0;0;0;0
20260613_1458;Generalização_25;classification;AdaptiveRandomForest;Otimizado_FullFeatures;classifier;classifier;classifier;N/A;N/A;N/A;2000;100;81;10000;0,0000;0,0000;0,0000;0,0000;0,0000;0,0000;0;0;0;0
20260613_1458;Generalização_25;classification;AdaptiveRandomForest;Otimizado_FullFeatures;classifier;classifier;classifier;N/A;N/A;N/A;2000;100;82;10100;0,0000;0,0000;0,0000;0,0000;0,0000;0,0000;0;0;0;0
20260613_1458;Generalização_25;classification;AdaptiveRandomForest;Otimizado_FullFeatures;classifier;classifier;classifier;N/A;N/A;N/A;2000;100;83;10200;0,0000;0,0000;0,0000;0,0000;0,0000;0,0000;0;0;0;0
20260613_1458;Generalização_25;classification;AdaptiveRandomForest;Otimizado_FullFeatures;classifier;classifier;classifier;N/A;N/A;N/A;2000;100;84;10300;0,0000;0,0000;0,0000;0,0000;0,0000;0,0000;0;0;0;0
20260613_1458;Generalização_25;classification;AdaptiveRandomForest;Otimizado_FullFeatures;classifier;classifier;classifier;N/A;N/A;N/A;2000;100;85;10400;0,0000;0,0000;0,0000;0,0000;0,0000;0,0000;0;0;0;0
20260613_1458;Generalização_25;classification;AdaptiveRandomForest;Otimizado_FullFeatures;classifier;classifier;classifier;N/A;N/A;N/A;2000;100;86;10500;0,0000;0,0000;0,0000;0,0000;0,0000;0,0000;0;0;0;0
20260613_1458;Generalização_25;classification;AdaptiveRandomForest;Otimizado_FullFeatures;classifier;classifier;classifier;N/A;N/A;N/A;2000;100;87;10600;0,0000;0,0000;0,0000;0,0000;0,0000;0,0000;0;0;0;0
20260613_1458;Generalização_25;classification;AdaptiveRandomForest;Otimizado_FullFeatures;classifier;classifier;classifier;N/A;N/A;N/A;2000;100;88;10700;0,0000;0,0000;0,0000;0,0000;0,0000;0,0000;0;0;0;0
20260613_1458;Generalização_25;classification;AdaptiveRandomForest;Otimizado_FullFeatures;classifier;classifier;classifier;N/A;N/A;N/A;2000;100;89;10800;0,0000;0,0000;0,0000;0,0000;0,0000;0,0000;0;0;0;0
20260613_1458;Generalização_25;classification;AdaptiveRandomForest;Otimizado_FullFeatures;classifier;classifier;classifier;N/A;N/A;N/A;2000;100;90;10900;0,0000;0,0000;0,0000;0,0000;0,0000;0,0000;0;0;0;0
20260613_1458;Generalização_25;classification;AdaptiveRandomForest;Otimizado_FullFeatures;classifier;classifier;classifier;N/A;N/A;N/A;2000;100;91;11000;0,0000;0,0000;0,0000;0,0000;0,0000;0,0000;0;0;0;0
20260613_1458;Generalização_25;classification;AdaptiveRandomForest;Otimizado_FullFeatures;classifier;classifier;classifier;N/A;N/A;N/A;2000;100;92;11100;0,0000;0,0000;0,0000;0,0000;0,0000;0,0000;0;0;0;0
20260613_1458;Generalização_25;classification;AdaptiveRandomForest;Otimizado_FullFeatures;classifier;classifier;classifier;N/A;N/A;N/A;2000;100;93;11200;0,0000;0,0000;0,0000;0,0000;0,0000;0,0000;0;0;0;0
20260613_1458;Generalização_25;classification;AdaptiveRandomForest;Otimizado_FullFeatures;classifier;classifier;classifier;N/A;N/A;N/A;2000;100;94;11300;100,0000;0,0000;100,0000;0,0000;100,0000;0,0000;0;0;0;0
20260613_1458;Generalização_25;classification;AdaptiveRandomForest;Otimizado_FullFeatures;classifier;classifier;classifier;N/A;N/A;N/A;2000;100;95;11400;97,6744;0,0000;100,0000;0,0000;95,4545;0,0000;0;0;1;0
20260613_1458;Generalização_25;classification;AdaptiveRandomForest;Otimizado_FullFeatures;classifier;classifier;classifier;N/A;N/A;N/A;2000;100;96;11500;0,0000;0,0000;0,0000;0,0000;0,0000;0,0000;0;0;0;0
20260613_1458;Generalização_25;classification;AdaptiveRandomForest;Otimizado_FullFeatures;classifier;classifier;classifier;N/A;N/A;N/A;2000;100;97;11600;0,0000;0,0000;0,0000;0,0000;0,0000;0,0000;0;0;0;0
20260613_1458;Generalização_25;classification;AdaptiveRandomForest;Otimizado_FullFeatures;classifier;classifier;classifier;N/A;N/A;N/A;2000;100;98;11700;0,0000;0,0000;0,0000;0,0000;0,0000;0,0000;0;0;0;0
20260613_1458;Generalização_25;classification;AdaptiveRandomForest;Otimizado_FullFeatures;classifier;classifier;classifier;N/A;N/A;N/A;2000;100;99;11800;0,0000;0,0000;0,0000;0,0000;0,0000;0,0000;0;0;0;0
20260613_1458;Generalização_25;classification;AdaptiveRandomForest;Otimizado_FullFeatures;classifier;classifier;classifier;N/A;N/A;N/A;2000;100;100;11900;0,0000;0,0000;0,0000;0,0000;0,0000;0,0000;0;0;0;0
20260613_1458;Generalização_25;classification;AdaptiveRandomForest;Otimizado_FullFeatures;classifier;classifier;classifier;N/A;N/A;N/A;2000;100;101;12000;0,0000;0,0000;0,0000;0,0000;0,0000;0,0000;0;0;0;0
20260613_1458;Generalização_25;classification;AdaptiveRandomForest;Otimizado_FullFeatures;classifier;classifier;classifier;N/A;N/A;N/A;2000;100;102;12100;0,0000;0,0000;0,0000;0,0000;0,0000;0,0000;0;0;0;0
20260613_1458;Generalização_25;classification;AdaptiveRandomForest;Otimizado_FullFeatures;classifier;classifier;classifier;N/A;N/A;N/A;2000;100;103;12200;0,0000;0,0000;0,0000;0,0000;0,0000;0,0000;0;0;0;0
20260613_1458;Generalização_25;classification;AdaptiveRandomForest;Otimizado_FullFeatures;classifier;classifier;classifier;N/A;N/A;N/A;2000;100;104;12300;0,0000;0,0000;0,0000;0,0000;0,0000;0,0000;0;0;0;0
20260613_1458;Generalização_25;classification;AdaptiveRandomForest;Otimizado_FullFeatures;classifier;classifier;classifier;N/A;N/A;N/A;2000;100;105;12400;0,0000;0,0000;0,0000;0,0000;0,0000;0,0000;0;0;0;0
20260613_1458;Generalização_25;classification;AdaptiveRandomForest;Otimizado_FullFeatures;classifier;classifier;classifier;N/A;N/A;N/A;2000;100;106;12500;0,0000;0,0000;0,0000;0,0000;0,0000;0,0000;0;0;0;0
20260613_1458;Generalização_25;classification;AdaptiveRandomForest;Otimizado_FullFeatures;classifier;classifier;classifier;N/A;N/A;N/A;2000;100;107;12600;0,0000;0,0000;0,0000;0,0000;0,0000;0,0000;0;0;0;0
20260613_1458;Generalização_25;classification;AdaptiveRandomForest;Otimizado_FullFeatures;classifier;classifier;classifier;N/A;N/A;N/A;2000;100;108;12700;0,0000;0,0000;0,0000;0,0000;0,0000;0,0000;0;0;0;0
20260613_1458;Generalização_25;classification;AdaptiveRandomForest;Otimizado_FullFeatures;classifier;classifier;classifier;N/A;N/A;N/A;2000;100;109;12800;0,0000;0,0000;0,0000;0,0000;0,0000;0,0000;0;0;0;0
20260613_1458;Generalização_25;classification;AdaptiveRandomForest;Otimizado_FullFeatures;classifier;classifier;classifier;N/A;N/A;N/A;2000;100;110;12900;0,0000;0,0000;0,0000;0,0000;0,0000;0,0000;0;0;0;0
20260613_1458;Generalização_25;classification;AdaptiveRandomForest;Otimizado_FullFeatures;classifier;classifier;classifier;N/A;N/A;N/A;2000;100;111;13000;0,0000;0,0000;0,0000;0,0000;0,0000;0,0000;0;0;0;0
20260613_1458;Generalização_25;classification;AdaptiveRandomForest;Otimizado_FullFeatures;classifier;classifier;classifier;N/A;N/A;N/A;2000;100;112;13100;0,0000;0,0000;0,0000;0,0000;0,0000;0,0000;0;0;0;0
20260613_1458;Generalização_25;classification;AdaptiveRandomForest;Otimizado_FullFeatures;classifier;classifier;classifier;N/A;N/A;N/A;2000;100;113;13200;0,0000;0,0000;0,0000;0,0000;0,0000;0,0000;0;0;0;0
20260613_1458;Generalização_25;classification;AdaptiveRandomForest;Otimizado_FullFeatures;classifier;classifier;classifier;N/A;N/A;N/A;2000;100;114;13300;0,0000;0,0000;0,0000;0,0000;0,0000;0,0000;0;0;0;0
20260613_1458;Generalização_25;classification;AdaptiveRandomForest;Otimizado_FullFeatures;classifier;classifier;classifier;N/A;N/A;N/A;2000;100;115;13400;0,0000;0,0000;0,0000;0,0000;0,0000;0,0000;0;0;0;0
20260613_1458;Generalização_25;classification;AdaptiveRandomForest;Otimizado_FullFeatures;classifier;classifier;classifier;N/A;N/A;N/A;2000;100;116;13500;0,0000;0,0000;0,0000;0,0000;0,0000;0,0000;0;0;0;0
20260613_1458;Generalização_25;classification;AdaptiveRandomForest;Otimizado_FullFeatures;classifier;classifier;classifier;N/A;N/A;N/A;2000;100;117;13600;0,0000;0,0000;0,0000;0,0000;0,0000;0,0000;0;0;0;0
20260613_1458;Generalização_25;classification;AdaptiveRandomForest;Otimizado_FullFeatures;classifier;classifier;classifier;N/A;N/A;N/A;2000;100;118;13700;0,0000;0,0000;0,0000;0,0000;0,0000;0,0000;0;0;0;0
20260613_1458;Generalização_25;classification;AdaptiveRandomForest;Otimizado_FullFeatures;classifier;classifier;classifier;N/A;N/A;N/A;2000;100;119;13800;0,0000;0,0000;0,0000;0,0000;0,0000;0,0000;0;0;0;0
20260613_1458;Generalização_25;classification;AdaptiveRandomForest;Otimizado_FullFeatures;classifier;classifier;classifier;N/A;N/A;N/A;2000;100;120;13900;0,0000;0,0000;0,0000;0,0000;0,0000;0,0000;0;0;0;0
20260613_1458;Generalização_25;classification;AdaptiveRandomForest;Otimizado_FullFeatures;classifier;classifier;classifier;N/A;N/A;N/A;2000;100;121;14000;0,0000;0,0000;0,0000;0,0000;0,0000;0,0000;0;0;0;0
20260613_1458;Generalização_25;classification;AdaptiveRandomForest;Otimizado_FullFeatures;classifier;classifier;classifier;N/A;N/A;N/A;2000;100;122;14100;0,0000;0,0000;0,0000;0,0000;0,0000;0,0000;0;0;0;0
20260613_1458;Generalização_25;classification;AdaptiveRandomForest;Otimizado_FullFeatures;classifier;classifier;classifier;N/A;N/A;N/A;2000;100;123;14200;0,0000;0,0000;0,0000;0,0000;0,0000;0,0000;0;0;0;0
20260613_1458;Generalização_25;classification;AdaptiveRandomForest;Otimizado_FullFeatures;classifier;classifier;classifier;N/A;N/A;N/A;2000;100;124;14300;0,0000;0,0000;0,0000;0,0000;0,0000;0,0000;0;0;0;0
20260613_1458;Generalização_25;classification;AdaptiveRandomForest;Otimizado_FullFeatures;classifier;classifier;classifier;N/A;N/A;N/A;2000;100;125;14400;0,0000;0,0000;0,0000;0,0000;0,0000;0,0000;0;0;0;0
20260613_1458;Generalização_25;classification;AdaptiveRandomForest;Otimizado_FullFeatures;classifier;classifier;classifier;N/A;N/A;N/A;2000;100;126;14500;0,0000;0,0000;0,0000;0,0000;0,0000;0,0000;0;0;0;0
20260613_1458;Generalização_25;classification;AdaptiveRandomForest;Otimizado_FullFeatures;classifier;classifier;classifier;N/A;N/A;N/A;2000;100;127;14600;0,0000;0,0000;0,0000;0,0000;0,0000;0,0000;0;0;0;0
20260613_1458;Generalização_25;classification;AdaptiveRandomForest;Otimizado_FullFeatures;classifier;classifier;classifier;N/A;N/A;N/A;2000;100;128;14700;0,0000;0,0000;0,0000;0,0000;0,0000;0,0000;0;0;0;0
20260613_1458;Generalização_25;classification;AdaptiveRandomForest;Otimizado_FullFeatures;classifier;classifier;classifier;N/A;N/A;N/A;2000;100;129;14800;0,0000;0,0000;0,0000;0,0000;0,0000;0,0000;0;0;0;0
20260613_1458;Generalização_25;classification;AdaptiveRandomForest;Otimizado_FullFeatures;classifier;classifier;classifier;N/A;N/A;N/A;2000;100;130;14900;0,0000;0,0000;0,0000;0,0000;0,0000;0,0000;0;0;0;0
20260613_1458;Generalização_25;classification;AdaptiveRandomForest;Otimizado_FullFeatures;classifier;classifier;classifier;N/A;N/A;N/A;2000;100;131;15000;0,0000;0,0000;0,0000;0,0000;0,0000;0,0000;0;0;0;0
20260613_1458;Generalização_200;classification;AdaptiveRandomForest;Otimizado_FullFeatures;classifier;classifier;classifier;N/A;N/A;N/A;2000;100;1;2000;0,0000;0,0000;0,0000;0,0000;0,0000;0,0000;0;0;0;0
20260613_1458;Generalização_200;classification;AdaptiveRandomForest;Otimizado_FullFeatures;classifier;classifier;classifier;N/A;N/A;N/A;2000;100;2;2100;0,0000;0,0000;0,0000;0,0000;0,0000;0,0000;0;0;0;0
20260613_1458;Generalização_200;classification;AdaptiveRandomForest;Otimizado_FullFeatures;classifier;classifier;classifier;N/A;N/A;N/A;2000;100;3;2200;0,0000;0,0000;0,0000;0,0000;0,0000;0,0000;0;0;0;0
20260613_1458;Generalização_200;classification;AdaptiveRandomForest;Otimizado_FullFeatures;classifier;classifier;classifier;N/A;N/A;N/A;2000;100;4;2300;0,0000;0,0000;0,0000;0,0000;0,0000;0,0000;0;0;0;0
20260613_1458;Generalização_200;classification;AdaptiveRandomForest;Otimizado_FullFeatures;classifier;classifier;classifier;N/A;N/A;N/A;2000;100;5;2400;0,0000;0,0000;0,0000;0,0000;0,0000;0,0000;0;0;0;0
20260613_1458;Generalização_200;classification;AdaptiveRandomForest;Otimizado_FullFeatures;classifier;classifier;classifier;N/A;N/A;N/A;2000;100;6;2500;0,0000;0,0000;0,0000;0,0000;0,0000;0,0000;0;0;0;0
20260613_1458;Generalização_200;classification;AdaptiveRandomForest;Otimizado_FullFeatures;classifier;classifier;classifier;N/A;N/A;N/A;2000;100;7;2600;0,0000;0,0000;0,0000;0,0000;0,0000;0,0000;0;0;0;0
20260613_1458;Generalização_200;classification;AdaptiveRandomForest;Otimizado_FullFeatures;classifier;classifier;classifier;N/A;N/A;N/A;2000;100;8;2700;0,0000;0,0000;0,0000;0,0000;0,0000;0,0000;0;0;0;0
20260613_1458;Generalização_200;classification;AdaptiveRandomForest;Otimizado_FullFeatures;classifier;classifier;classifier;N/A;N/A;N/A;2000;100;9;2800;0,0000;0,0000;0,0000;0,0000;0,0000;0,0000;0;0;0;0
20260613_1458;Generalização_200;classification;AdaptiveRandomForest;Otimizado_FullFeatures;classifier;classifier;classifier;N/A;N/A;N/A;2000;100;10;2900;0,0000;0,0000;0,0000;0,0000;0,0000;0,0000;0;0;0;0
20260613_1458;Generalização_200;classification;AdaptiveRandomForest;Otimizado_FullFeatures;classifier;classifier;classifier;N/A;N/A;N/A;2000;100;11;3000;0,0000;0,0000;0,0000;0,0000;0,0000;0,0000;0;0;0;0
20260613_1458;Generalização_200;classification;AdaptiveRandomForest;Otimizado_FullFeatures;classifier;classifier;classifier;N/A;N/A;N/A;2000;100;12;3100;0,0000;0,0000;0,0000;0,0000;0,0000;0,0000;0;0;0;0
20260613_1458;Generalização_200;classification;AdaptiveRandomForest;Otimizado_FullFeatures;classifier;classifier;classifier;N/A;N/A;N/A;2000;100;13;3200;0,0000;0,0000;0,0000;0,0000;0,0000;0,0000;0;0;0;0
20260613_1458;Generalização_200;classification;AdaptiveRandomForest;Otimizado_FullFeatures;classifier;classifier;classifier;N/A;N/A;N/A;2000;100;14;3300;0,0000;0,0000;0,0000;0,0000;0,0000;0,0000;0;0;0;0
20260613_1458;Generalização_200;classification;AdaptiveRandomForest;Otimizado_FullFeatures;classifier;classifier;classifier;N/A;N/A;N/A;2000;100;15;3400;0,0000;0,0000;0,0000;0,0000;0,0000;0,0000;0;0;0;0
20260613_1458;Generalização_200;classification;AdaptiveRandomForest;Otimizado_FullFeatures;classifier;classifier;classifier;N/A;N/A;N/A;2000;100;16;3500;0,0000;0,0000;0,0000;0,0000;0,0000;0,0000;0;0;0;0
20260613_1458;Generalização_200;classification;AdaptiveRandomForest;Otimizado_FullFeatures;classifier;classifier;classifier;N/A;N/A;N/A;2000;100;17;3600;0,0000;0,0000;0,0000;0,0000;0,0000;0,0000;0;0;0;0
20260613_1458;Generalização_200;classification;AdaptiveRandomForest;Otimizado_FullFeatures;classifier;classifier;classifier;N/A;N/A;N/A;2000;100;18;3700;0,0000;0,0000;0,0000;0,0000;0,0000;0,0000;0;0;0;0
20260613_1458;Generalização_200;classification;AdaptiveRandomForest;Otimizado_FullFeatures;classifier;classifier;classifier;N/A;N/A;N/A;2000;100;19;3800;95,7447;0,0000;100,0000;0,0000;91,8367;0,0000;0;0;4;0
20260613_1458;Generalização_200;classification;AdaptiveRandomForest;Otimizado_FullFeatures;classifier;classifier;classifier;N/A;N/A;N/A;2000;100;20;3900;98,7654;0,0000;97,5610;0,0000;100,0000;0,0000;2;0;0;0
20260613_1458;Generalização_200;classification;AdaptiveRandomForest;Otimizado_FullFeatures;classifier;classifier;classifier;N/A;N/A;N/A;2000;100;21;4000;95,4297;0,4656;91,2627;0,8532;100,0000;0,0000;5;1;0;0
20260613_1458;Generalização_200;classification;AdaptiveRandomForest;Otimizado_FullFeatures;classifier;classifier;classifier;N/A;N/A;N/A;2000;100;22;4100;0,0000;0,0000;0,0000;0,0000;0,0000;0,0000;0;0;0;0
20260613_1458;Generalização_200;classification;AdaptiveRandomForest;Otimizado_FullFeatures;classifier;classifier;classifier;N/A;N/A;N/A;2000;100;23;4200;0,0000;0,0000;0,0000;0,0000;0,0000;0,0000;1;0;0;0
20260613_1458;Generalização_200;classification;AdaptiveRandomForest;Otimizado_FullFeatures;classifier;classifier;classifier;N/A;N/A;N/A;2000;100;24;4300;0,0000;0,0000;0,0000;0,0000;0,0000;0,0000;0;0;0;0
20260613_1458;Generalização_200;classification;AdaptiveRandomForest;Otimizado_FullFeatures;classifier;classifier;classifier;N/A;N/A;N/A;2000;100;25;4400;0,0000;0,0000;0,0000;0,0000;0,0000;0,0000;0;0;0;0
20260613_1458;Generalização_200;classification;AdaptiveRandomForest;Otimizado_FullFeatures;classifier;classifier;classifier;N/A;N/A;N/A;2000;100;26;4500;0,0000;0,0000;0,0000;0,0000;0,0000;0,0000;0;0;0;0
20260613_1458;Generalização_200;classification;AdaptiveRandomForest;Otimizado_FullFeatures;classifier;classifier;classifier;N/A;N/A;N/A;2000;100;27;4600;0,0000;0,0000;0,0000;0,0000;0,0000;0,0000;0;0;0;0
20260613_1458;Generalização_200;classification;AdaptiveRandomForest;Otimizado_FullFeatures;classifier;classifier;classifier;N/A;N/A;N/A;2000;100;28;4700;0,0000;0,0000;0,0000;0,0000;0,0000;0,0000;0;0;0;0
20260613_1458;Generalização_200;classification;AdaptiveRandomForest;Otimizado_FullFeatures;classifier;classifier;classifier;N/A;N/A;N/A;2000;100;29;4800;0,0000;0,0000;0,0000;0,0000;0,0000;0,0000;1;1;0;0
20260613_1458;Generalização_200;classification;AdaptiveRandomForest;Otimizado_FullFeatures;classifier;classifier;classifier;N/A;N/A;N/A;2000;100;30;4900;0,0000;0,0000;0,0000;0,0000;0,0000;0,0000;0;0;0;0
20260613_1458;Generalização_200;classification;AdaptiveRandomForest;Otimizado_FullFeatures;classifier;classifier;classifier;N/A;N/A;N/A;2000;100;31;5000;0,0000;0,0000;0,0000;0,0000;0,0000;0,0000;0;0;0;0
20260613_1458;Generalização_200;classification;AdaptiveRandomForest;Otimizado_FullFeatures;classifier;classifier;classifier;N/A;N/A;N/A;2000;100;32;5100;0,0000;0,0000;0,0000;0,0000;0,0000;0,0000;0;0;0;0
20260613_1458;Generalização_200;classification;AdaptiveRandomForest;Otimizado_FullFeatures;classifier;classifier;classifier;N/A;N/A;N/A;2000;100;33;5200;0,0000;0,0000;0,0000;0,0000;0,0000;0,0000;0;0;0;0
20260613_1458;Generalização_200;classification;AdaptiveRandomForest;Otimizado_FullFeatures;classifier;classifier;classifier;N/A;N/A;N/A;2000;100;34;5300;0,0000;0,0000;0,0000;0,0000;0,0000;0,0000;0;0;0;0
20260613_1458;Generalização_200;classification;AdaptiveRandomForest;Otimizado_FullFeatures;classifier;classifier;classifier;N/A;N/A;N/A;2000;100;35;5400;0,0000;0,0000;0,0000;0,0000;0,0000;0,0000;0;0;0;0
20260613_1458;Generalização_200;classification;AdaptiveRandomForest;Otimizado_FullFeatures;classifier;classifier;classifier;N/A;N/A;N/A;2000;100;36;5500;0,0000;0,0000;0,0000;0,0000;0,0000;0,0000;0;0;0;0
20260613_1458;Generalização_200;classification;AdaptiveRandomForest;Otimizado_FullFeatures;classifier;classifier;classifier;N/A;N/A;N/A;2000;100;37;5600;0,0000;0,0000;0,0000;0,0000;0,0000;0,0000;0;0;0;0
20260613_1458;Generalização_200;classification;AdaptiveRandomForest;Otimizado_FullFeatures;classifier;classifier;classifier;N/A;N/A;N/A;2000;100;38;5700;0,0000;0,0000;0,0000;0,0000;0,0000;0,0000;0;0;0;0
20260613_1458;Generalização_200;classification;AdaptiveRandomForest;Otimizado_FullFeatures;classifier;classifier;classifier;N/A;N/A;N/A;2000;100;39;5800;0,0000;0,0000;0,0000;0,0000;0,0000;0,0000;0;0;0;0
20260613_1458;Generalização_200;classification;AdaptiveRandomForest;Otimizado_FullFeatures;classifier;classifier;classifier;N/A;N/A;N/A;2000;100;40;5900;0,0000;0,0000;0,0000;0,0000;0,0000;0,0000;0;0;0;0
20260613_1458;Generalização_200;classification;AdaptiveRandomForest;Otimizado_FullFeatures;classifier;classifier;classifier;N/A;N/A;N/A;2000;100;41;6000;0,0000;0,0000;0,0000;0,0000;0,0000;0,0000;0;0;0;0
20260613_1458;Generalização_200;classification;AdaptiveRandomForest;Otimizado_FullFeatures;classifier;classifier;classifier;N/A;N/A;N/A;2000;100;42;6100;0,0000;0,0000;0,0000;0,0000;0,0000;0,0000;0;0;0;0
20260613_1458;Generalização_200;classification;AdaptiveRandomForest;Otimizado_FullFeatures;classifier;classifier;classifier;N/A;N/A;N/A;2000;100;43;6200;0,0000;0,0000;0,0000;0,0000;0,0000;0,0000;0;0;0;0
20260613_1458;Generalização_200;classification;AdaptiveRandomForest;Otimizado_FullFeatures;classifier;classifier;classifier;N/A;N/A;N/A;2000;100;44;6300;0,0000;0,0000;0,0000;0,0000;0,0000;0,0000;0;0;0;0
20260613_1458;Generalização_200;classification;AdaptiveRandomForest;Otimizado_FullFeatures;classifier;classifier;classifier;N/A;N/A;N/A;2000;100;45;6400;0,0000;0,0000;0,0000;0,0000;0,0000;0,0000;0;0;0;0
20260613_1458;Generalização_200;classification;AdaptiveRandomForest;Otimizado_FullFeatures;classifier;classifier;classifier;N/A;N/A;N/A;2000;100;46;6500;0,0000;0,0000;0,0000;0,0000;0,0000;0,0000;0;0;0;0
20260613_1458;Generalização_200;classification;AdaptiveRandomForest;Otimizado_FullFeatures;classifier;classifier;classifier;N/A;N/A;N/A;2000;100;47;6600;0,0000;0,0000;0,0000;0,0000;0,0000;0,0000;0;0;0;0
20260613_1458;Generalização_200;classification;AdaptiveRandomForest;Otimizado_FullFeatures;classifier;classifier;classifier;N/A;N/A;N/A;2000;100;48;6700;0,0000;0,0000;0,0000;0,0000;0,0000;0,0000;0;0;0;0
20260613_1458;Generalização_200;classification;AdaptiveRandomForest;Otimizado_FullFeatures;classifier;classifier;classifier;N/A;N/A;N/A;2000;100;49;6800;0,0000;0,0000;0,0000;0,0000;0,0000;0,0000;0;0;0;0
20260613_1458;Generalização_200;classification;AdaptiveRandomForest;Otimizado_FullFeatures;classifier;classifier;classifier;N/A;N/A;N/A;2000;100;50;6900;0,0000;0,0000;0,0000;0,0000;0,0000;0,0000;0;0;0;0
20260613_1458;Generalização_200;classification;AdaptiveRandomForest;Otimizado_FullFeatures;classifier;classifier;classifier;N/A;N/A;N/A;2000;100;51;7000;0,0000;0,0000;0,0000;0,0000;0,0000;0,0000;0;0;0;0
20260613_1458;Generalização_200;classification;AdaptiveRandomForest;Otimizado_FullFeatures;classifier;classifier;classifier;N/A;N/A;N/A;2000;100;52;7100;0,0000;0,0000;0,0000;0,0000;0,0000;0,0000;0;0;0;0
20260613_1458;Generalização_200;classification;AdaptiveRandomForest;Otimizado_FullFeatures;classifier;classifier;classifier;N/A;N/A;N/A;2000;100;53;7200;0,0000;0,0000;0,0000;0,0000;0,0000;0,0000;0;0;0;0
20260613_1458;Generalização_200;classification;AdaptiveRandomForest;Otimizado_FullFeatures;classifier;classifier;classifier;N/A;N/A;N/A;2000;100;54;7300;0,0000;0,0000;0,0000;0,0000;0,0000;0,0000;0;0;0;0
20260613_1458;Generalização_200;classification;AdaptiveRandomForest;Otimizado_FullFeatures;classifier;classifier;classifier;N/A;N/A;N/A;2000;100;55;7400;0,0000;0,0000;0,0000;0,0000;0,0000;0,0000;0;0;0;0
20260613_1458;Generalização_200;classification;AdaptiveRandomForest;Otimizado_FullFeatures;classifier;classifier;classifier;N/A;N/A;N/A;2000;100;56;7500;0,0000;0,0000;0,0000;0,0000;0,0000;0,0000;0;0;0;0
20260613_1458;Generalização_200;classification;AdaptiveRandomForest;Otimizado_FullFeatures;classifier;classifier;classifier;N/A;N/A;N/A;2000;100;57;7600;0,0000;0,0000;0,0000;0,0000;0,0000;0,0000;0;0;0;0
20260613_1458;Generalização_200;classification;AdaptiveRandomForest;Otimizado_FullFeatures;classifier;classifier;classifier;N/A;N/A;N/A;2000;100;58;7700;20,0000;40,0000;20,0000;40,0000;20,0000;40,0000;0;0;1;1
20260613_1458;Generalização_200;classification;AdaptiveRandomForest;Otimizado_FullFeatures;classifier;classifier;classifier;N/A;N/A;N/A;2000;100;59;7800;97,6452;0,2564;100,0000;0,0000;95,4000;0,4899;0;0;5;1
20260613_1458;Generalização_200;classification;AdaptiveRandomForest;Otimizado_FullFeatures;classifier;classifier;classifier;N/A;N/A;N/A;2000;100;60;7900;100,0000;0,0000;100,0000;0,0000;100,0000;0,0000;0;0;0;0
20260613_1458;Generalização_200;classification;AdaptiveRandomForest;Otimizado_FullFeatures;classifier;classifier;classifier;N/A;N/A;N/A;2000;100;61;8000;0,0000;0,0000;0,0000;0,0000;0,0000;0,0000;0;0;0;0
20260613_1458;Generalização_200;classification;AdaptiveRandomForest;Otimizado_FullFeatures;classifier;classifier;classifier;N/A;N/A;N/A;2000;100;62;8100;0,0000;0,0000;0,0000;0,0000;0,0000;0,0000;0;0;0;0
20260613_1458;Generalização_200;classification;AdaptiveRandomForest;Otimizado_FullFeatures;classifier;classifier;classifier;N/A;N/A;N/A;2000;100;63;8200;0,0000;0,0000;0,0000;0,0000;0,0000;0,0000;0;0;0;0
20260613_1458;Generalização_200;classification;AdaptiveRandomForest;Otimizado_FullFeatures;classifier;classifier;classifier;N/A;N/A;N/A;2000;100;64;8300;0,0000;0,0000;0,0000;0,0000;0,0000;0,0000;0;0;0;0
20260613_1458;Generalização_200;classification;AdaptiveRandomForest;Otimizado_FullFeatures;classifier;classifier;classifier;N/A;N/A;N/A;2000;100;65;8400;0,0000;0,0000;0,0000;0,0000;0,0000;0,0000;0;0;0;0
20260613_1458;Generalização_200;classification;AdaptiveRandomForest;Otimizado_FullFeatures;classifier;classifier;classifier;N/A;N/A;N/A;2000;100;66;8500;0,0000;0,0000;0,0000;0,0000;0,0000;0,0000;0;0;0;0
20260613_1458;Generalização_200;classification;AdaptiveRandomForest;Otimizado_FullFeatures;classifier;classifier;classifier;N/A;N/A;N/A;2000;100;67;8600;0,0000;0,0000;0,0000;0,0000;0,0000;0,0000;0;0;0;0
20260613_1458;Generalização_200;classification;AdaptiveRandomForest;Otimizado_FullFeatures;classifier;classifier;classifier;N/A;N/A;N/A;2000;100;68;8700;0,0000;0,0000;0,0000;0,0000;0,0000;0,0000;0;0;0;0
20260613_1458;Generalização_200;classification;AdaptiveRandomForest;Otimizado_FullFeatures;classifier;classifier;classifier;N/A;N/A;N/A;2000;100;69;8800;0,0000;0,0000;0,0000;0,0000;0,0000;0,0000;0;0;0;0
20260613_1458;Generalização_200;classification;AdaptiveRandomForest;Otimizado_FullFeatures;classifier;classifier;classifier;N/A;N/A;N/A;2000;100;70;8900;0,0000;0,0000;0,0000;0,0000;0,0000;0,0000;0;0;0;0
20260613_1458;Generalização_200;classification;AdaptiveRandomForest;Otimizado_FullFeatures;classifier;classifier;classifier;N/A;N/A;N/A;2000;100;71;9000;0,0000;0,0000;0,0000;0,0000;0,0000;0,0000;0;0;0;0
20260613_1458;Generalização_200;classification;AdaptiveRandomForest;Otimizado_FullFeatures;classifier;classifier;classifier;N/A;N/A;N/A;2000;100;72;9100;0,0000;0,0000;0,0000;0,0000;0,0000;0,0000;0;0;0;0
20260613_1458;Generalização_200;classification;AdaptiveRandomForest;Otimizado_FullFeatures;classifier;classifier;classifier;N/A;N/A;N/A;2000;100;73;9200;0,0000;0,0000;0,0000;0,0000;0,0000;0,0000;0;0;0;0
20260613_1458;Generalização_200;classification;AdaptiveRandomForest;Otimizado_FullFeatures;classifier;classifier;classifier;N/A;N/A;N/A;2000;100;74;9300;0,0000;0,0000;0,0000;0,0000;0,0000;0,0000;0;0;0;0
20260613_1458;Generalização_200;classification;AdaptiveRandomForest;Otimizado_FullFeatures;classifier;classifier;classifier;N/A;N/A;N/A;2000;100;75;9400;0,0000;0,0000;0,0000;0,0000;0,0000;0,0000;0;0;0;0
20260613_1458;Generalização_200;classification;AdaptiveRandomForest;Otimizado_FullFeatures;classifier;classifier;classifier;N/A;N/A;N/A;2000;100;76;9500;0,0000;0,0000;0,0000;0,0000;0,0000;0,0000;0;0;0;0
20260613_1458;Generalização_200;classification;AdaptiveRandomForest;Otimizado_FullFeatures;classifier;classifier;classifier;N/A;N/A;N/A;2000;100;77;9600;0,0000;0,0000;0,0000;0,0000;0,0000;0,0000;0;0;0;0
20260613_1458;Generalização_200;classification;AdaptiveRandomForest;Otimizado_FullFeatures;classifier;classifier;classifier;N/A;N/A;N/A;2000;100;78;9700;0,0000;0,0000;0,0000;0,0000;0,0000;0,0000;0;0;0;0
20260613_1458;Generalização_200;classification;AdaptiveRandomForest;Otimizado_FullFeatures;classifier;classifier;classifier;N/A;N/A;N/A;2000;100;79;9800;0,0000;0,0000;0,0000;0,0000;0,0000;0,0000;0;0;0;0
20260613_1458;Generalização_200;classification;AdaptiveRandomForest;Otimizado_FullFeatures;classifier;classifier;classifier;N/A;N/A;N/A;2000;100;80;9900;0,0000;0,0000;0,0000;0,0000;0,0000;0,0000;0;0;0;0
20260613_1458;Generalização_200;classification;AdaptiveRandomForest;Otimizado_FullFeatures;classifier;classifier;classifier;N/A;N/A;N/A;2000;100;81;10000;0,0000;0,0000;0,0000;0,0000;0,0000;0,0000;0;0;0;0
20260613_1458;Generalização_200;classification;AdaptiveRandomForest;Otimizado_FullFeatures;classifier;classifier;classifier;N/A;N/A;N/A;2000;100;82;10100;0,0000;0,0000;0,0000;0,0000;0,0000;0,0000;0;0;0;0
20260613_1458;Generalização_200;classification;AdaptiveRandomForest;Otimizado_FullFeatures;classifier;classifier;classifier;N/A;N/A;N/A;2000;100;83;10200;0,0000;0,0000;0,0000;0,0000;0,0000;0,0000;0;0;0;0
20260613_1458;Generalização_200;classification;AdaptiveRandomForest;Otimizado_FullFeatures;classifier;classifier;classifier;N/A;N/A;N/A;2000;100;84;10300;0,0000;0,0000;0,0000;0,0000;0,0000;0,0000;0;0;0;0
20260613_1458;Generalização_200;classification;AdaptiveRandomForest;Otimizado_FullFeatures;classifier;classifier;classifier;N/A;N/A;N/A;2000;100;85;10400;0,0000;0,0000;0,0000;0,0000;0,0000;0,0000;0;0;0;0
20260613_1458;Generalização_200;classification;AdaptiveRandomForest;Otimizado_FullFeatures;classifier;classifier;classifier;N/A;N/A;N/A;2000;100;86;10500;0,0000;0,0000;0,0000;0,0000;0,0000;0,0000;0;0;0;0
20260613_1458;Generalização_200;classification;AdaptiveRandomForest;Otimizado_FullFeatures;classifier;classifier;classifier;N/A;N/A;N/A;2000;100;87;10600;0,0000;0,0000;0,0000;0,0000;0,0000;0,0000;0;0;0;0
20260613_1458;Generalização_200;classification;AdaptiveRandomForest;Otimizado_FullFeatures;classifier;classifier;classifier;N/A;N/A;N/A;2000;100;88;10700;0,0000;0,0000;0,0000;0,0000;0,0000;0,0000;0;0;0;0
20260613_1458;Generalização_200;classification;AdaptiveRandomForest;Otimizado_FullFeatures;classifier;classifier;classifier;N/A;N/A;N/A;2000;100;89;10800;0,0000;0,0000;0,0000;0,0000;0,0000;0,0000;0;0;0;0
20260613_1458;Generalização_200;classification;AdaptiveRandomForest;Otimizado_FullFeatures;classifier;classifier;classifier;N/A;N/A;N/A;2000;100;90;10900;0,0000;0,0000;0,0000;0,0000;0,0000;0,0000;0;0;0;0
20260613_1458;Generalização_200;classification;AdaptiveRandomForest;Otimizado_FullFeatures;classifier;classifier;classifier;N/A;N/A;N/A;2000;100;91;11000;0,0000;0,0000;0,0000;0,0000;0,0000;0,0000;0;0;0;0
20260613_1458;Generalização_200;classification;AdaptiveRandomForest;Otimizado_FullFeatures;classifier;classifier;classifier;N/A;N/A;N/A;2000;100;92;11100;0,0000;0,0000;0,0000;0,0000;0,0000;0,0000;0;0;0;0
20260613_1458;Generalização_200;classification;AdaptiveRandomForest;Otimizado_FullFeatures;classifier;classifier;classifier;N/A;N/A;N/A;2000;100;93;11200;0,0000;0,0000;0,0000;0,0000;0,0000;0,0000;0;0;0;0
20260613_1458;Generalização_200;classification;AdaptiveRandomForest;Otimizado_FullFeatures;classifier;classifier;classifier;N/A;N/A;N/A;2000;100;94;11300;0,0000;0,0000;0,0000;0,0000;0,0000;0,0000;0;0;0;0
20260613_1458;Generalização_200;classification;AdaptiveRandomForest;Otimizado_FullFeatures;classifier;classifier;classifier;N/A;N/A;N/A;2000;100;95;11400;0,0000;0,0000;0,0000;0,0000;0,0000;0,0000;0;0;0;0
20260613_1458;Generalização_200;classification;AdaptiveRandomForest;Otimizado_FullFeatures;classifier;classifier;classifier;N/A;N/A;N/A;2000;100;96;11500;0,0000;0,0000;0,0000;0,0000;0,0000;0,0000;0;0;0;0
20260613_1458;Generalização_200;classification;AdaptiveRandomForest;Otimizado_FullFeatures;classifier;classifier;classifier;N/A;N/A;N/A;2000;100;97;11600;0,0000;0,0000;0,0000;0,0000;0,0000;0,0000;0;0;0;0
20260613_1458;Generalização_200;classification;AdaptiveRandomForest;Otimizado_FullFeatures;classifier;classifier;classifier;N/A;N/A;N/A;2000;100;98;11700;98,3672;0,8320;100,0000;0,0000;96,8000;1,6000;0;0;2;1
20260613_1458;Generalização_200;classification;AdaptiveRandomForest;Otimizado_FullFeatures;classifier;classifier;classifier;N/A;N/A;N/A;2000;100;99;11800;98,9418;0,7522;100,0000;0,0000;97,9167;1,4731;0;0;2;2
20260613_1458;Generalização_200;classification;AdaptiveRandomForest;Otimizado_FullFeatures;classifier;classifier;classifier;N/A;N/A;N/A;2000;100;100;11900;98,7586;0,4210;100,0000;0,0000;97,5510;0,8163;0;0;2;1
20260613_1458;Generalização_200;classification;AdaptiveRandomForest;Otimizado_FullFeatures;classifier;classifier;classifier;N/A;N/A;N/A;2000;100;101;12000;0,0000;0,0000;0,0000;0,0000;0,0000;0,0000;0;0;0;0
20260613_1458;Generalização_200;classification;AdaptiveRandomForest;Otimizado_FullFeatures;classifier;classifier;classifier;N/A;N/A;N/A;2000;100;102;12100;0,0000;0,0000;0,0000;0,0000;0,0000;0,0000;0;0;0;0
20260613_1458;Generalização_200;classification;AdaptiveRandomForest;Otimizado_FullFeatures;classifier;classifier;classifier;N/A;N/A;N/A;2000;100;103;12200;0,0000;0,0000;0,0000;0,0000;0,0000;0,0000;0;0;0;0
20260613_1458;Generalização_200;classification;AdaptiveRandomForest;Otimizado_FullFeatures;classifier;classifier;classifier;N/A;N/A;N/A;2000;100;104;12300;0,0000;0,0000;0,0000;0,0000;0,0000;0,0000;0;0;0;0
20260613_1458;Generalização_200;classification;AdaptiveRandomForest;Otimizado_FullFeatures;classifier;classifier;classifier;N/A;N/A;N/A;2000;100;105;12400;0,0000;0,0000;0,0000;0,0000;0,0000;0,0000;0;0;0;0
20260613_1458;Generalização_200;classification;AdaptiveRandomForest;Otimizado_FullFeatures;classifier;classifier;classifier;N/A;N/A;N/A;2000;100;106;12500;0,0000;0,0000;0,0000;0,0000;0,0000;0,0000;0;0;0;0
20260613_1458;Generalização_200;classification;AdaptiveRandomForest;Otimizado_FullFeatures;classifier;classifier;classifier;N/A;N/A;N/A;2000;100;107;12600;0,0000;0,0000;0,0000;0,0000;0,0000;0,0000;0;0;0;0
20260613_1458;Generalização_200;classification;AdaptiveRandomForest;Otimizado_FullFeatures;classifier;classifier;classifier;N/A;N/A;N/A;2000;100;108;12700;0,0000;0,0000;0,0000;0,0000;0,0000;0,0000;0;0;0;0
20260613_1458;Generalização_200;classification;AdaptiveRandomForest;Otimizado_FullFeatures;classifier;classifier;classifier;N/A;N/A;N/A;2000;100;109;12800;0,0000;0,0000;0,0000;0,0000;0,0000;0,0000;0;0;0;0
20260613_1458;Generalização_200;classification;AdaptiveRandomForest;Otimizado_FullFeatures;classifier;classifier;classifier;N/A;N/A;N/A;2000;100;110;12900;0,0000;0,0000;0,0000;0,0000;0,0000;0,0000;0;0;0;0
20260613_1458;Generalização_200;classification;AdaptiveRandomForest;Otimizado_FullFeatures;classifier;classifier;classifier;N/A;N/A;N/A;2000;100;111;13000;0,0000;0,0000;0,0000;0,0000;0,0000;0,0000;0;0;0;0
20260613_1458;Generalização_200;classification;AdaptiveRandomForest;Otimizado_FullFeatures;classifier;classifier;classifier;N/A;N/A;N/A;2000;100;112;13100;0,0000;0,0000;0,0000;0,0000;0,0000;0,0000;0;0;0;0
20260613_1458;Generalização_200;classification;AdaptiveRandomForest;Otimizado_FullFeatures;classifier;classifier;classifier;N/A;N/A;N/A;2000;100;113;13200;0,0000;0,0000;0,0000;0,0000;0,0000;0,0000;0;0;0;0
20260613_1458;Generalização_200;classification;AdaptiveRandomForest;Otimizado_FullFeatures;classifier;classifier;classifier;N/A;N/A;N/A;2000;100;114;13300;0,0000;0,0000;0,0000;0,0000;0,0000;0,0000;0;0;0;0
20260613_1458;Generalização_200;classification;AdaptiveRandomForest;Otimizado_FullFeatures;classifier;classifier;classifier;N/A;N/A;N/A;2000;100;115;13400;0,0000;0,0000;0,0000;0,0000;0,0000;0,0000;0;0;0;0
20260613_1458;Generalização_200;classification;AdaptiveRandomForest;Otimizado_FullFeatures;classifier;classifier;classifier;N/A;N/A;N/A;2000;100;116;13500;0,0000;0,0000;0,0000;0,0000;0,0000;0,0000;0;0;0;0
20260613_1458;Generalização_200;classification;AdaptiveRandomForest;Otimizado_FullFeatures;classifier;classifier;classifier;N/A;N/A;N/A;2000;100;117;13600;0,0000;0,0000;0,0000;0,0000;0,0000;0,0000;0;0;0;0
20260613_1458;Generalização_200;classification;AdaptiveRandomForest;Otimizado_FullFeatures;classifier;classifier;classifier;N/A;N/A;N/A;2000;100;118;13700;0,0000;0,0000;0,0000;0,0000;0,0000;0,0000;0;0;0;0
20260613_1458;Generalização_200;classification;AdaptiveRandomForest;Otimizado_FullFeatures;classifier;classifier;classifier;N/A;N/A;N/A;2000;100;119;13800;0,0000;0,0000;0,0000;0,0000;0,0000;0,0000;0;0;0;0
20260613_1458;Generalização_200;classification;AdaptiveRandomForest;Otimizado_FullFeatures;classifier;classifier;classifier;N/A;N/A;N/A;2000;100;120;13900;0,0000;0,0000;0,0000;0,0000;0,0000;0,0000;0;0;0;0
20260613_1458;Generalização_200;classification;AdaptiveRandomForest;Otimizado_FullFeatures;classifier;classifier;classifier;N/A;N/A;N/A;2000;100;121;14000;0,0000;0,0000;0,0000;0,0000;0,0000;0,0000;0;0;0;0
20260613_1458;Generalização_200;classification;AdaptiveRandomForest;Otimizado_FullFeatures;classifier;classifier;classifier;N/A;N/A;N/A;2000;100;122;14100;0,0000;0,0000;0,0000;0,0000;0,0000;0,0000;0;0;0;0
20260613_1458;Generalização_200;classification;AdaptiveRandomForest;Otimizado_FullFeatures;classifier;classifier;classifier;N/A;N/A;N/A;2000;100;123;14200;0,0000;0,0000;0,0000;0,0000;0,0000;0,0000;0;0;0;0
20260613_1458;Generalização_200;classification;AdaptiveRandomForest;Otimizado_FullFeatures;classifier;classifier;classifier;N/A;N/A;N/A;2000;100;124;14300;0,0000;0,0000;0,0000;0,0000;0,0000;0,0000;0;0;0;0
20260613_1458;Generalização_200;classification;AdaptiveRandomForest;Otimizado_FullFeatures;classifier;classifier;classifier;N/A;N/A;N/A;2000;100;125;14400;0,0000;0,0000;0,0000;0,0000;0,0000;0,0000;0;0;0;0
20260613_1458;Generalização_200;classification;AdaptiveRandomForest;Otimizado_FullFeatures;classifier;classifier;classifier;N/A;N/A;N/A;2000;100;126;14500;0,0000;0,0000;0,0000;0,0000;0,0000;0,0000;0;0;0;0
20260613_1458;Generalização_200;classification;AdaptiveRandomForest;Otimizado_FullFeatures;classifier;classifier;classifier;N/A;N/A;N/A;2000;100;127;14600;0,0000;0,0000;0,0000;0,0000;0,0000;0,0000;0;0;0;0
20260613_1458;Generalização_200;classification;AdaptiveRandomForest;Otimizado_FullFeatures;classifier;classifier;classifier;N/A;N/A;N/A;2000;100;128;14700;0,0000;0,0000;0,0000;0,0000;0,0000;0,0000;0;0;0;0
20260613_1458;Generalização_200;classification;AdaptiveRandomForest;Otimizado_FullFeatures;classifier;classifier;classifier;N/A;N/A;N/A;2000;100;129;14800;0,0000;0,0000;0,0000;0,0000;0,0000;0,0000;0;0;0;0
20260613_1458;Generalização_200;classification;AdaptiveRandomForest;Otimizado_FullFeatures;classifier;classifier;classifier;N/A;N/A;N/A;2000;100;130;14900;0,0000;0,0000;0,0000;0,0000;0,0000;0,0000;0;0;0;0
20260613_1458;Generalização_200;classification;AdaptiveRandomForest;Otimizado_FullFeatures;classifier;classifier;classifier;N/A;N/A;N/A;2000;100;131;15000;0,0000;0,0000;0,0000;0,0000;0,0000;0,0000;0;0;0;0
20260613_1458;Generalização_200;classification;AdaptiveRandomForest;Otimizado_FullFeatures;classifier;classifier;classifier;N/A;N/A;N/A;2000;100;132;15100;0,0000;0,0000;0,0000;0,0000;0,0000;0,0000;0;0;0;0
20260613_1458;Generalização_200;classification;AdaptiveRandomForest;Otimizado_FullFeatures;classifier;classifier;classifier;N/A;N/A;N/A;2000;100;133;15200;0,0000;0,0000;0,0000;0,0000;0,0000;0,0000;0;0;0;0
20260613_1458;Generalização_200;classification;AdaptiveRandomForest;Otimizado_FullFeatures;classifier;classifier;classifier;N/A;N/A;N/A;2000;100;134;15300;0,0000;0,0000;0,0000;0,0000;0,0000;0,0000;0;0;0;0
20260613_1458;Generalização_200;classification;AdaptiveRandomForest;Otimizado_FullFeatures;classifier;classifier;classifier;N/A;N/A;N/A;2000;100;135;15400;0,0000;0,0000;0,0000;0,0000;0,0000;0,0000;0;0;0;0
20260613_1458;Generalização_200;classification;AdaptiveRandomForest;Otimizado_FullFeatures;classifier;classifier;classifier;N/A;N/A;N/A;2000;100;136;15500;0,0000;0,0000;0,0000;0,0000;0,0000;0,0000;0;0;0;0
20260613_1458;Generalização_1000;classification;AdaptiveRandomForest;Otimizado_FullFeatures;classifier;classifier;classifier;N/A;N/A;N/A;2000;100;1;2000;0,0000;0,0000;0,0000;0,0000;0,0000;0,0000;0;0;0;0
20260613_1458;Generalização_1000;classification;AdaptiveRandomForest;Otimizado_FullFeatures;classifier;classifier;classifier;N/A;N/A;N/A;2000;100;2;2100;0,0000;0,0000;0,0000;0,0000;0,0000;0,0000;0;0;0;0
20260613_1458;Generalização_1000;classification;AdaptiveRandomForest;Otimizado_FullFeatures;classifier;classifier;classifier;N/A;N/A;N/A;2000;100;3;2200;0,0000;0,0000;0,0000;0,0000;0,0000;0,0000;0;0;0;0
20260613_1458;Generalização_1000;classification;AdaptiveRandomForest;Otimizado_FullFeatures;classifier;classifier;classifier;N/A;N/A;N/A;2000;100;4;2300;0,0000;0,0000;0,0000;0,0000;0,0000;0,0000;0;0;0;0
20260613_1458;Generalização_1000;classification;AdaptiveRandomForest;Otimizado_FullFeatures;classifier;classifier;classifier;N/A;N/A;N/A;2000;100;5;2400;0,0000;0,0000;0,0000;0,0000;0,0000;0,0000;0;0;0;0
20260613_1458;Generalização_1000;classification;AdaptiveRandomForest;Otimizado_FullFeatures;classifier;classifier;classifier;N/A;N/A;N/A;2000;100;6;2500;0,0000;0,0000;0,0000;0,0000;0,0000;0,0000;0;0;0;0
20260613_1458;Generalização_1000;classification;AdaptiveRandomForest;Otimizado_FullFeatures;classifier;classifier;classifier;N/A;N/A;N/A;2000;100;7;2600;0,0000;0,0000;0,0000;0,0000;0,0000;0,0000;0;0;0;0
20260613_1458;Generalização_1000;classification;AdaptiveRandomForest;Otimizado_FullFeatures;classifier;classifier;classifier;N/A;N/A;N/A;2000;100;8;2700;0,0000;0,0000;0,0000;0,0000;0,0000;0,0000;0;0;0;0
20260613_1458;Generalização_1000;classification;AdaptiveRandomForest;Otimizado_FullFeatures;classifier;classifier;classifier;N/A;N/A;N/A;2000;100;9;2800;0,0000;0,0000;0,0000;0,0000;0,0000;0,0000;0;0;0;0
20260613_1458;Generalização_1000;classification;AdaptiveRandomForest;Otimizado_FullFeatures;classifier;classifier;classifier;N/A;N/A;N/A;2000;100;10;2900;0,0000;0,0000;0,0000;0,0000;0,0000;0,0000;0;0;0;0
20260613_1458;Generalização_1000;classification;AdaptiveRandomForest;Otimizado_FullFeatures;classifier;classifier;classifier;N/A;N/A;N/A;2000;100;11;3000;0,0000;0,0000;0,0000;0,0000;0,0000;0,0000;0;0;0;0
20260613_1458;Generalização_1000;classification;AdaptiveRandomForest;Otimizado_FullFeatures;classifier;classifier;classifier;N/A;N/A;N/A;2000;100;12;3100;0,0000;0,0000;0,0000;0,0000;0,0000;0,0000;0;0;0;0
20260613_1458;Generalização_1000;classification;AdaptiveRandomForest;Otimizado_FullFeatures;classifier;classifier;classifier;N/A;N/A;N/A;2000;100;13;3200;0,0000;0,0000;0,0000;0,0000;0,0000;0,0000;0;0;0;0
20260613_1458;Generalização_1000;classification;AdaptiveRandomForest;Otimizado_FullFeatures;classifier;classifier;classifier;N/A;N/A;N/A;2000;100;14;3300;0,0000;0,0000;0,0000;0,0000;0,0000;0,0000;0;0;0;0
20260613_1458;Generalização_1000;classification;AdaptiveRandomForest;Otimizado_FullFeatures;classifier;classifier;classifier;N/A;N/A;N/A;2000;100;15;3400;0,0000;0,0000;0,0000;0,0000;0,0000;0,0000;0;0;0;0
20260613_1458;Generalização_1000;classification;AdaptiveRandomForest;Otimizado_FullFeatures;classifier;classifier;classifier;N/A;N/A;N/A;2000;100;16;3500;0,0000;0,0000;0,0000;0,0000;0,0000;0,0000;0;0;0;0
20260613_1458;Generalização_1000;classification;AdaptiveRandomForest;Otimizado_FullFeatures;classifier;classifier;classifier;N/A;N/A;N/A;2000;100;17;3600;0,0000;0,0000;0,0000;0,0000;0,0000;0,0000;0;0;0;0
20260613_1458;Generalização_1000;classification;AdaptiveRandomForest;Otimizado_FullFeatures;classifier;classifier;classifier;N/A;N/A;N/A;2000;100;18;3700;0,0000;0,0000;0,0000;0,0000;0,0000;0,0000;0;0;0;0
20260613_1458;Generalização_1000;classification;AdaptiveRandomForest;Otimizado_FullFeatures;classifier;classifier;classifier;N/A;N/A;N/A;2000;100;19;3800;94,8454;0,0000;95,8333;0,0000;93,8776;0,0000;2;0;3;0
20260613_1458;Generalização_1000;classification;AdaptiveRandomForest;Otimizado_FullFeatures;classifier;classifier;classifier;N/A;N/A;N/A;2000;100;20;3900;99,3773;0,3953;99,0093;0,4954;99,7500;0,5000;1;1;1;1
20260613_1458;Generalização_1000;classification;AdaptiveRandomForest;Otimizado_FullFeatures;classifier;classifier;classifier;N/A;N/A;N/A;2000;100;21;4000;99,5897;0,2051;100,0000;0,0000;99,1837;0,4082;0;0;1;1
20260613_1458;Generalização_1000;classification;AdaptiveRandomForest;Otimizado_FullFeatures;classifier;classifier;classifier;N/A;N/A;N/A;2000;100;22;4100;98,8676;0,2030;97,7613;0,3958;100,0000;0,0000;3;1;0;0
20260613_1458;Generalização_1000;classification;AdaptiveRandomForest;Otimizado_FullFeatures;classifier;classifier;classifier;N/A;N/A;N/A;2000;100;23;4200;99,4924;0,0000;100,0000;0,0000;98,9899;0,0000;0;0;1;0
20260613_1458;Generalização_1000;classification;AdaptiveRandomForest;Otimizado_FullFeatures;classifier;classifier;classifier;N/A;N/A;N/A;2000;100;24;4300;92,8910;0,5035;89,1461;0,9259;96,9697;0,0000;8;1;2;0
20260613_1458;Generalização_1000;classification;AdaptiveRandomForest;Otimizado_FullFeatures;classifier;classifier;classifier;N/A;N/A;N/A;2000;100;25;4400;97,3514;1,6705;98,2971;2,0864;96,5217;3,2536;1;1;1;1
20260613_1458;Generalização_1000;classification;AdaptiveRandomForest;Otimizado_FullFeatures;classifier;classifier;classifier;N/A;N/A;N/A;2000;100;26;4500;90,4490;4,4211;100,0000;0,0000;82,8571;7,2843;0;0;3;2
20260613_1458;Generalização_1000;classification;AdaptiveRandomForest;Otimizado_FullFeatures;classifier;classifier;classifier;N/A;N/A;N/A;2000;100;27;4600;97,5904;0,0000;100,0000;0,0000;95,2941;0,0000;0;0;4;0
20260613_1458;Generalização_1000;classification;AdaptiveRandomForest;Otimizado_FullFeatures;classifier;classifier;classifier;N/A;N/A;N/A;2000;100;28;4700;89,4667;1,7963;95,0000;4,0825;84,6154;0,0000;1;1;2;0
20260613_1458;Generalização_1000;classification;AdaptiveRandomForest;Otimizado_FullFeatures;classifier;classifier;classifier;N/A;N/A;N/A;2000;100;29;4800;100,0000;0,0000;100,0000;0,0000;100,0000;0,0000;0;0;0;0
20260613_1458;Generalização_1000;classification;AdaptiveRandomForest;Otimizado_FullFeatures;classifier;classifier;classifier;N/A;N/A;N/A;2000;100;30;4900;0,0000;0,0000;0,0000;0,0000;0,0000;0,0000;0;0;0;0
20260613_1458;Generalização_1000;classification;AdaptiveRandomForest;Otimizado_FullFeatures;classifier;classifier;classifier;N/A;N/A;N/A;2000;100;31;5000;0,0000;0,0000;0,0000;0,0000;0,0000;0,0000;0;0;0;0
20260613_1458;Generalização_1000;classification;AdaptiveRandomForest;Otimizado_FullFeatures;classifier;classifier;classifier;N/A;N/A;N/A;2000;100;32;5100;0,0000;0,0000;0,0000;0,0000;0,0000;0,0000;0;0;0;0
20260613_1458;Generalização_1000;classification;AdaptiveRandomForest;Otimizado_FullFeatures;classifier;classifier;classifier;N/A;N/A;N/A;2000;100;33;5200;0,0000;0,0000;0,0000;0,0000;0,0000;0,0000;0;0;0;0
20260613_1458;Generalização_1000;classification;AdaptiveRandomForest;Otimizado_FullFeatures;classifier;classifier;classifier;N/A;N/A;N/A;2000;100;34;5300;0,0000;0,0000;0,0000;0,0000;0,0000;0,0000;0;0;0;0
20260613_1458;Generalização_1000;classification;AdaptiveRandomForest;Otimizado_FullFeatures;classifier;classifier;classifier;N/A;N/A;N/A;2000;100;35;5400;0,0000;0,0000;0,0000;0,0000;0,0000;0,0000;1;1;0;0
20260613_1458;Generalização_1000;classification;AdaptiveRandomForest;Otimizado_FullFeatures;classifier;classifier;classifier;N/A;N/A;N/A;2000;100;36;5500;0,0000;0,0000;0,0000;0,0000;0,0000;0,0000;1;1;0;0
20260613_1458;Generalização_1000;classification;AdaptiveRandomForest;Otimizado_FullFeatures;classifier;classifier;classifier;N/A;N/A;N/A;2000;100;37;5600;0,0000;0,0000;0,0000;0,0000;0,0000;0,0000;0;0;0;0
20260613_1458;Generalização_1000;classification;AdaptiveRandomForest;Otimizado_FullFeatures;classifier;classifier;classifier;N/A;N/A;N/A;2000;100;38;5700;0,0000;0,0000;0,0000;0,0000;0,0000;0,0000;0;0;0;0
20260613_1458;Generalização_1000;classification;AdaptiveRandomForest;Otimizado_FullFeatures;classifier;classifier;classifier;N/A;N/A;N/A;2000;100;39;5800;0,0000;0,0000;0,0000;0,0000;0,0000;0,0000;0;0;0;0
20260613_1458;Generalização_1000;classification;AdaptiveRandomForest;Otimizado_FullFeatures;classifier;classifier;classifier;N/A;N/A;N/A;2000;100;40;5900;0,0000;0,0000;0,0000;0,0000;0,0000;0,0000;0;0;0;0
20260613_1458;Generalização_1000;classification;AdaptiveRandomForest;Otimizado_FullFeatures;classifier;classifier;classifier;N/A;N/A;N/A;2000;100;41;6000;0,0000;0,0000;0,0000;0,0000;0,0000;0,0000;0;0;0;0
20260613_1458;Generalização_1000;classification;AdaptiveRandomForest;Otimizado_FullFeatures;classifier;classifier;classifier;N/A;N/A;N/A;2000;100;42;6100;0,0000;0,0000;0,0000;0,0000;0,0000;0,0000;0;0;0;0
20260613_1458;Generalização_1000;classification;AdaptiveRandomForest;Otimizado_FullFeatures;classifier;classifier;classifier;N/A;N/A;N/A;2000;100;43;6200;0,0000;0,0000;0,0000;0,0000;0,0000;0,0000;0;0;0;0
20260613_1458;Generalização_1000;classification;AdaptiveRandomForest;Otimizado_FullFeatures;classifier;classifier;classifier;N/A;N/A;N/A;2000;100;44;6300;0,0000;0,0000;0,0000;0,0000;0,0000;0,0000;0;0;0;0
20260613_1458;Generalização_1000;classification;AdaptiveRandomForest;Otimizado_FullFeatures;classifier;classifier;classifier;N/A;N/A;N/A;2000;100;45;6400;0,0000;0,0000;0,0000;0,0000;0,0000;0,0000;0;0;0;0
20260613_1458;Generalização_1000;classification;AdaptiveRandomForest;Otimizado_FullFeatures;classifier;classifier;classifier;N/A;N/A;N/A;2000;100;46;6500;0,0000;0,0000;0,0000;0,0000;0,0000;0,0000;0;0;0;0
20260613_1458;Generalização_1000;classification;AdaptiveRandomForest;Otimizado_FullFeatures;classifier;classifier;classifier;N/A;N/A;N/A;2000;100;47;6600;0,0000;0,0000;0,0000;0,0000;0,0000;0,0000;0;0;0;0
20260613_1458;Generalização_1000;classification;AdaptiveRandomForest;Otimizado_FullFeatures;classifier;classifier;classifier;N/A;N/A;N/A;2000;100;48;6700;0,0000;0,0000;0,0000;0,0000;0,0000;0,0000;0;0;0;0
20260613_1458;Generalização_1000;classification;AdaptiveRandomForest;Otimizado_FullFeatures;classifier;classifier;classifier;N/A;N/A;N/A;2000;100;49;6800;0,0000;0,0000;0,0000;0,0000;0,0000;0,0000;0;0;0;0
20260613_1458;Generalização_1000;classification;AdaptiveRandomForest;Otimizado_FullFeatures;classifier;classifier;classifier;N/A;N/A;N/A;2000;100;50;6900;0,0000;0,0000;0,0000;0,0000;0,0000;0,0000;0;0;0;0
20260613_1458;Generalização_1000;classification;AdaptiveRandomForest;Otimizado_FullFeatures;classifier;classifier;classifier;N/A;N/A;N/A;2000;100;51;7000;0,0000;0,0000;0,0000;0,0000;0,0000;0,0000;0;0;0;0
20260613_1458;Generalização_1000;classification;AdaptiveRandomForest;Otimizado_FullFeatures;classifier;classifier;classifier;N/A;N/A;N/A;2000;100;52;7100;0,0000;0,0000;0,0000;0,0000;0,0000;0,0000;0;0;0;0
20260613_1458;Generalização_1000;classification;AdaptiveRandomForest;Otimizado_FullFeatures;classifier;classifier;classifier;N/A;N/A;N/A;2000;100;53;7200;0,0000;0,0000;0,0000;0,0000;0,0000;0,0000;0;0;0;0
20260613_1458;Generalização_1000;classification;AdaptiveRandomForest;Otimizado_FullFeatures;classifier;classifier;classifier;N/A;N/A;N/A;2000;100;54;7300;0,0000;0,0000;0,0000;0,0000;0,0000;0,0000;0;0;0;0
20260613_1458;Generalização_1000;classification;AdaptiveRandomForest;Otimizado_FullFeatures;classifier;classifier;classifier;N/A;N/A;N/A;2000;100;55;7400;0,0000;0,0000;0,0000;0,0000;0,0000;0,0000;0;0;0;0
20260613_1458;Generalização_1000;classification;AdaptiveRandomForest;Otimizado_FullFeatures;classifier;classifier;classifier;N/A;N/A;N/A;2000;100;56;7500;0,0000;0,0000;0,0000;0,0000;0,0000;0,0000;0;0;0;0
20260613_1458;Generalização_1000;classification;AdaptiveRandomForest;Otimizado_FullFeatures;classifier;classifier;classifier;N/A;N/A;N/A;2000;100;57;7600;0,0000;0,0000;0,0000;0,0000;0,0000;0,0000;0;0;0;0
20260613_1458;Generalização_1000;classification;AdaptiveRandomForest;Otimizado_FullFeatures;classifier;classifier;classifier;N/A;N/A;N/A;2000;100;58;7700;0,0000;0,0000;0,0000;0,0000;0,0000;0,0000;0;0;0;0
20260613_1458;Generalização_1000;classification;AdaptiveRandomForest;Otimizado_FullFeatures;classifier;classifier;classifier;N/A;N/A;N/A;2000;100;59;7800;0,0000;0,0000;0,0000;0,0000;0,0000;0,0000;0;0;0;0
20260613_1458;Generalização_1000;classification;AdaptiveRandomForest;Otimizado_FullFeatures;classifier;classifier;classifier;N/A;N/A;N/A;2000;100;60;7900;0,0000;0,0000;0,0000;0,0000;0,0000;0,0000;0;0;0;0
20260613_1458;Generalização_1000;classification;AdaptiveRandomForest;Otimizado_FullFeatures;classifier;classifier;classifier;N/A;N/A;N/A;2000;100;61;8000;0,0000;0,0000;0,0000;0,0000;0,0000;0,0000;0;0;0;0
20260613_1458;Generalização_1000;classification;AdaptiveRandomForest;Otimizado_FullFeatures;classifier;classifier;classifier;N/A;N/A;N/A;2000;100;62;8100;0,0000;0,0000;0,0000;0,0000;0,0000;0,0000;0;0;0;0
20260613_1458;Generalização_1000;classification;AdaptiveRandomForest;Otimizado_FullFeatures;classifier;classifier;classifier;N/A;N/A;N/A;2000;100;63;8200;0,0000;0,0000;0,0000;0,0000;0,0000;0,0000;0;0;0;0
20260613_1458;Generalização_1000;classification;AdaptiveRandomForest;Otimizado_FullFeatures;classifier;classifier;classifier;N/A;N/A;N/A;2000;100;64;8300;0,0000;0,0000;0,0000;0,0000;0,0000;0,0000;0;0;0;0
20260613_1458;Generalização_1000;classification;AdaptiveRandomForest;Otimizado_FullFeatures;classifier;classifier;classifier;N/A;N/A;N/A;2000;100;65;8400;0,0000;0,0000;0,0000;0,0000;0,0000;0,0000;0;0;0;0
20260613_1458;Generalização_1000;classification;AdaptiveRandomForest;Otimizado_FullFeatures;classifier;classifier;classifier;N/A;N/A;N/A;2000;100;66;8500;0,0000;0,0000;0,0000;0,0000;0,0000;0,0000;0;0;1;0
20260613_1458;Generalização_1000;classification;AdaptiveRandomForest;Otimizado_FullFeatures;classifier;classifier;classifier;N/A;N/A;N/A;2000;100;67;8600;98,9899;0,0000;100,0000;0,0000;98,0000;0,0000;0;0;2;0
20260613_1458;Generalização_1000;classification;AdaptiveRandomForest;Otimizado_FullFeatures;classifier;classifier;classifier;N/A;N/A;N/A;2000;100;68;8700;100,0000;0,0000;100,0000;0,0000;100,0000;0,0000;0;0;0;0
20260613_1458;Generalização_1000;classification;AdaptiveRandomForest;Otimizado_FullFeatures;classifier;classifier;classifier;N/A;N/A;N/A;2000;100;69;8800;100,0000;0,0000;100,0000;0,0000;100,0000;0,0000;0;0;0;0
20260613_1458;Generalização_1000;classification;AdaptiveRandomForest;Otimizado_FullFeatures;classifier;classifier;classifier;N/A;N/A;N/A;2000;100;70;8900;100,0000;0,0000;100,0000;0,0000;100,0000;0,0000;0;0;0;0
20260613_1458;Generalização_1000;classification;AdaptiveRandomForest;Otimizado_FullFeatures;classifier;classifier;classifier;N/A;N/A;N/A;2000;100;71;9000;100,0000;0,0000;100,0000;0,0000;100,0000;0,0000;0;0;0;0
20260613_1458;Generalização_1000;classification;AdaptiveRandomForest;Otimizado_FullFeatures;classifier;classifier;classifier;N/A;N/A;N/A;2000;100;72;9100;100,0000;0,0000;100,0000;0,0000;100,0000;0,0000;0;0;0;0
20260613_1458;Generalização_1000;classification;AdaptiveRandomForest;Otimizado_FullFeatures;classifier;classifier;classifier;N/A;N/A;N/A;2000;100;73;9200;100,0000;0,0000;100,0000;0,0000;100,0000;0,0000;0;0;0;0
20260613_1458;Generalização_1000;classification;AdaptiveRandomForest;Otimizado_FullFeatures;classifier;classifier;classifier;N/A;N/A;N/A;2000;100;74;9300;100,0000;0,0000;100,0000;0,0000;100,0000;0,0000;0;0;0;0
20260613_1458;Generalização_1000;classification;AdaptiveRandomForest;Otimizado_FullFeatures;classifier;classifier;classifier;N/A;N/A;N/A;2000;100;75;9400;100,0000;0,0000;100,0000;0,0000;100,0000;0,0000;0;0;0;0
20260613_1458;Generalização_1000;classification;AdaptiveRandomForest;Otimizado_FullFeatures;classifier;classifier;classifier;N/A;N/A;N/A;2000;100;76;9500;100,0000;0,0000;100,0000;0,0000;100,0000;0,0000;0;0;0;0
20260613_1458;Generalização_1000;classification;AdaptiveRandomForest;Otimizado_FullFeatures;classifier;classifier;classifier;N/A;N/A;N/A;2000;100;77;9600;0,0000;0,0000;0,0000;0,0000;0,0000;0,0000;0;0;0;0
20260613_1458;Generalização_1000;classification;AdaptiveRandomForest;Otimizado_FullFeatures;classifier;classifier;classifier;N/A;N/A;N/A;2000;100;78;9700;0,0000;0,0000;0,0000;0,0000;0,0000;0,0000;0;0;0;0
20260613_1458;Generalização_1000;classification;AdaptiveRandomForest;Otimizado_FullFeatures;classifier;classifier;classifier;N/A;N/A;N/A;2000;100;79;9800;0,0000;0,0000;0,0000;0,0000;0,0000;0,0000;0;0;0;0
20260613_1458;Generalização_1000;classification;AdaptiveRandomForest;Otimizado_FullFeatures;classifier;classifier;classifier;N/A;N/A;N/A;2000;100;80;9900;0,0000;0,0000;0,0000;0,0000;0,0000;0,0000;0;0;0;0
20260613_1458;Generalização_1000;classification;AdaptiveRandomForest;Otimizado_FullFeatures;classifier;classifier;classifier;N/A;N/A;N/A;2000;100;81;10000;0,0000;0,0000;0,0000;0,0000;0,0000;0,0000;0;0;0;0
20260613_1458;Generalização_1000;classification;AdaptiveRandomForest;Otimizado_FullFeatures;classifier;classifier;classifier;N/A;N/A;N/A;2000;100;82;10100;0,0000;0,0000;0,0000;0,0000;0,0000;0,0000;0;0;0;0
20260613_1458;Generalização_1000;classification;AdaptiveRandomForest;Otimizado_FullFeatures;classifier;classifier;classifier;N/A;N/A;N/A;2000;100;83;10200;0,0000;0,0000;0,0000;0,0000;0,0000;0,0000;0;0;0;0
20260613_1458;Generalização_1000;classification;AdaptiveRandomForest;Otimizado_FullFeatures;classifier;classifier;classifier;N/A;N/A;N/A;2000;100;84;10300;0,0000;0,0000;0,0000;0,0000;0,0000;0,0000;0;0;0;0
20260613_1458;Generalização_1000;classification;AdaptiveRandomForest;Otimizado_FullFeatures;classifier;classifier;classifier;N/A;N/A;N/A;2000;100;85;10400;0,0000;0,0000;0,0000;0,0000;0,0000;0,0000;0;0;0;0
20260613_1458;Generalização_1000;classification;AdaptiveRandomForest;Otimizado_FullFeatures;classifier;classifier;classifier;N/A;N/A;N/A;2000;100;86;10500;0,0000;0,0000;0,0000;0,0000;0,0000;0,0000;0;0;0;0
20260613_1458;Generalização_1000;classification;AdaptiveRandomForest;Otimizado_FullFeatures;classifier;classifier;classifier;N/A;N/A;N/A;2000;100;87;10600;0,0000;0,0000;0,0000;0,0000;0,0000;0,0000;0;0;0;0
20260613_1458;Generalização_1000;classification;AdaptiveRandomForest;Otimizado_FullFeatures;classifier;classifier;classifier;N/A;N/A;N/A;2000;100;88;10700;0,0000;0,0000;0,0000;0,0000;0,0000;0,0000;0;0;0;0
20260613_1458;Generalização_1000;classification;AdaptiveRandomForest;Otimizado_FullFeatures;classifier;classifier;classifier;N/A;N/A;N/A;2000;100;89;10800;0,0000;0,0000;0,0000;0,0000;0,0000;0,0000;0;0;0;0
20260613_1458;Generalização_1000;classification;AdaptiveRandomForest;Otimizado_FullFeatures;classifier;classifier;classifier;N/A;N/A;N/A;2000;100;90;10900;0,0000;0,0000;0,0000;0,0000;0,0000;0,0000;0;0;0;0
20260613_1458;Generalização_1000;classification;AdaptiveRandomForest;Otimizado_FullFeatures;classifier;classifier;classifier;N/A;N/A;N/A;2000;100;91;11000;0,0000;0,0000;0,0000;0,0000;0,0000;0,0000;0;0;0;0
20260613_1458;Generalização_1000;classification;AdaptiveRandomForest;Otimizado_FullFeatures;classifier;classifier;classifier;N/A;N/A;N/A;2000;100;92;11100;0,0000;0,0000;0,0000;0,0000;0,0000;0,0000;0;0;0;0
20260613_1458;Generalização_1000;classification;AdaptiveRandomForest;Otimizado_FullFeatures;classifier;classifier;classifier;N/A;N/A;N/A;2000;100;93;11200;0,0000;0,0000;0,0000;0,0000;0,0000;0,0000;0;0;0;0
20260613_1458;Generalização_1000;classification;AdaptiveRandomForest;Otimizado_FullFeatures;classifier;classifier;classifier;N/A;N/A;N/A;2000;100;94;11300;0,0000;0,0000;0,0000;0,0000;0,0000;0,0000;0;0;0;0
20260613_1458;Generalização_1000;classification;AdaptiveRandomForest;Otimizado_FullFeatures;classifier;classifier;classifier;N/A;N/A;N/A;2000;100;95;11400;0,0000;0,0000;0,0000;0,0000;0,0000;0,0000;0;0;0;0
20260613_1458;Generalização_1000;classification;AdaptiveRandomForest;Otimizado_FullFeatures;classifier;classifier;classifier;N/A;N/A;N/A;2000;100;96;11500;0,0000;0,0000;0,0000;0,0000;0,0000;0,0000;0;0;0;0
20260613_1458;Generalização_1000;classification;AdaptiveRandomForest;Otimizado_FullFeatures;classifier;classifier;classifier;N/A;N/A;N/A;2000;100;97;11600;0,0000;0,0000;0,0000;0,0000;0,0000;0,0000;0;0;0;0
20260613_1458;Generalização_1000;classification;AdaptiveRandomForest;Otimizado_FullFeatures;classifier;classifier;classifier;N/A;N/A;N/A;2000;100;98;11700;0,0000;0,0000;0,0000;0,0000;0,0000;0,0000;0;0;0;0
20260613_1458;Generalização_1000;classification;AdaptiveRandomForest;Otimizado_FullFeatures;classifier;classifier;classifier;N/A;N/A;N/A;2000;100;99;11800;0,0000;0,0000;0,0000;0,0000;0,0000;0,0000;0;0;0;0
20260613_1458;Generalização_1000;classification;AdaptiveRandomForest;Otimizado_FullFeatures;classifier;classifier;classifier;N/A;N/A;N/A;2000;100;100;11900;0,0000;0,0000;0,0000;0,0000;0,0000;0,0000;0;0;0;0
20260613_1458;Generalização_1000;classification;AdaptiveRandomForest;Otimizado_FullFeatures;classifier;classifier;classifier;N/A;N/A;N/A;2000;100;101;12000;0,0000;0,0000;0,0000;0,0000;0,0000;0,0000;0;0;0;0
20260613_1458;Generalização_1000;classification;AdaptiveRandomForest;Otimizado_FullFeatures;classifier;classifier;classifier;N/A;N/A;N/A;2000;100;102;12100;0,0000;0,0000;0,0000;0,0000;0,0000;0,0000;0;0;0;0
20260613_1458;Generalização_1000;classification;AdaptiveRandomForest;Otimizado_FullFeatures;classifier;classifier;classifier;N/A;N/A;N/A;2000;100;103;12200;0,0000;0,0000;0,0000;0,0000;0,0000;0,0000;0;0;0;0
20260613_1458;Generalização_1000;classification;AdaptiveRandomForest;Otimizado_FullFeatures;classifier;classifier;classifier;N/A;N/A;N/A;2000;100;104;12300;0,0000;0,0000;0,0000;0,0000;0,0000;0,0000;0;0;0;0
20260613_1458;Generalização_1000;classification;AdaptiveRandomForest;Otimizado_FullFeatures;classifier;classifier;classifier;N/A;N/A;N/A;2000;100;105;12400;0,0000;0,0000;0,0000;0,0000;0,0000;0,0000;0;0;0;0
20260613_1458;Generalização_1000;classification;AdaptiveRandomForest;Otimizado_FullFeatures;classifier;classifier;classifier;N/A;N/A;N/A;2000;100;106;12500;0,0000;0,0000;0,0000;0,0000;0,0000;0,0000;0;0;0;0
20260613_1458;Generalização_1000;classification;AdaptiveRandomForest;Otimizado_FullFeatures;classifier;classifier;classifier;N/A;N/A;N/A;2000;100;107;12600;0,0000;0,0000;0,0000;0,0000;0,0000;0,0000;0;0;0;0
20260613_1458;Generalização_1000;classification;AdaptiveRandomForest;Otimizado_FullFeatures;classifier;classifier;classifier;N/A;N/A;N/A;2000;100;108;12700;0,0000;0,0000;0,0000;0,0000;0,0000;0,0000;0;0;0;0
20260613_1458;Generalização_1000;classification;AdaptiveRandomForest;Otimizado_FullFeatures;classifier;classifier;classifier;N/A;N/A;N/A;2000;100;109;12800;0,0000;0,0000;0,0000;0,0000;0,0000;0,0000;0;0;0;0
20260613_1458;Generalização_1000;classification;AdaptiveRandomForest;Otimizado_FullFeatures;classifier;classifier;classifier;N/A;N/A;N/A;2000;100;110;12900;0,0000;0,0000;0,0000;0,0000;0,0000;0,0000;0;0;0;0
20260613_1458;Generalização_1000;classification;AdaptiveRandomForest;Otimizado_FullFeatures;classifier;classifier;classifier;N/A;N/A;N/A;2000;100;111;13000;0,0000;0,0000;0,0000;0,0000;0,0000;0,0000;0;0;0;0
20260613_1458;Generalização_1000;classification;AdaptiveRandomForest;Otimizado_FullFeatures;classifier;classifier;classifier;N/A;N/A;N/A;2000;100;112;13100;0,0000;0,0000;0,0000;0,0000;0,0000;0,0000;0;0;0;0
20260613_1458;Generalização_1000;classification;AdaptiveRandomForest;Otimizado_FullFeatures;classifier;classifier;classifier;N/A;N/A;N/A;2000;100;113;13200;0,0000;0,0000;0,0000;0,0000;0,0000;0,0000;0;0;0;0
20260613_1458;Generalização_1000;classification;AdaptiveRandomForest;Otimizado_FullFeatures;classifier;classifier;classifier;N/A;N/A;N/A;2000;100;114;13300;95,0808;0,9495;100,0000;0,0000;90,6383;1,7021;0;0;5;1
20260613_1458;Generalização_1000;classification;AdaptiveRandomForest;Otimizado_FullFeatures;classifier;classifier;classifier;N/A;N/A;N/A;2000;100;115;13400;96,3956;0,7651;100,0000;0,0000;93,0526;1,4279;0;0;7;2
20260613_1458;Generalização_1000;classification;AdaptiveRandomForest;Otimizado_FullFeatures;classifier;classifier;classifier;N/A;N/A;N/A;2000;100;116;13500;95,3536;0,7563;91,8797;1,4608;99,1209;0,8223;8;2;1;1
20260613_1458;Generalização_1000;classification;AdaptiveRandomForest;Otimizado_FullFeatures;classifier;classifier;classifier;N/A;N/A;N/A;2000;100;117;13600;93,9542;3,0482;90,1868;5,2917;98,2090;0,5970;8;5;2;1
20260613_1458;Generalização_1000;classification;AdaptiveRandomForest;Otimizado_FullFeatures;classifier;classifier;classifier;N/A;N/A;N/A;2000;100;118;13700;98,0817;1,1932;97,2542;1,2587;98,9247;1,1779;3;2;1;2
20260613_1458;Generalização_1000;classification;AdaptiveRandomForest;Otimizado_FullFeatures;classifier;classifier;classifier;N/A;N/A;N/A;2000;100;119;13800;99,4975;0,0000;99,0000;0,0000;100,0000;0,0000;1;0;0;0
20260613_1458;Generalização_1000;classification;AdaptiveRandomForest;Otimizado_FullFeatures;classifier;classifier;classifier;N/A;N/A;N/A;2000;100;120;13900;98,7786;0,6938;98,3796;0,4985;99,1837;0,9998;2;1;1;1
20260613_1458;Generalização_1000;classification;AdaptiveRandomForest;Otimizado_FullFeatures;classifier;classifier;classifier;N/A;N/A;N/A;2000;100;121;14000;100,0000;0,0000;100,0000;0,0000;100,0000;0,0000;0;0;0;0
20260613_1458;Generalização_1000;classification;AdaptiveRandomForest;Otimizado_FullFeatures;classifier;classifier;classifier;N/A;N/A;N/A;2000;100;122;14100;100,0000;0,0000;100,0000;0,0000;100,0000;0,0000;0;0;0;0
20260613_1458;Generalização_1000;classification;AdaptiveRandomForest;Otimizado_FullFeatures;classifier;classifier;classifier;N/A;N/A;N/A;2000;100;123;14200;100,0000;0,0000;100,0000;0,0000;100,0000;0,0000;0;0;0;0
20260613_1458;Generalização_1000;classification;AdaptiveRandomForest;Otimizado_FullFeatures;classifier;classifier;classifier;N/A;N/A;N/A;2000;100;124;14300;92,4660;1,1038;86,0073;1,9107;100,0000;0,0000;8;2;0;0
20260613_1458;Generalização_1000;classification;AdaptiveRandomForest;Otimizado_FullFeatures;classifier;classifier;classifier;N/A;N/A;N/A;2000;100;125;14400;0,0000;0,0000;0,0000;0,0000;0,0000;0,0000;1;1;0;0
20260613_1458;Generalização_1000;classification;AdaptiveRandomForest;Otimizado_FullFeatures;classifier;classifier;classifier;N/A;N/A;N/A;2000;100;126;14500;0,0000;0,0000;0,0000;0,0000;0,0000;0,0000;0;0;0;0
20260613_1458;Generalização_1000;classification;AdaptiveRandomForest;Otimizado_FullFeatures;classifier;classifier;classifier;N/A;N/A;N/A;2000;100;127;14600;0,0000;0,0000;0,0000;0,0000;0,0000;0,0000;0;0;0;0
20260613_1458;Generalização_1000;classification;AdaptiveRandomForest;Otimizado_FullFeatures;classifier;classifier;classifier;N/A;N/A;N/A;2000;100;128;14700;0,0000;0,0000;0,0000;0,0000;0,0000;0,0000;0;0;0;0
20260613_1458;Generalização_1000;classification;AdaptiveRandomForest;Otimizado_FullFeatures;classifier;classifier;classifier;N/A;N/A;N/A;2000;100;129;14800;0,0000;0,0000;0,0000;0,0000;0,0000;0,0000;0;0;0;0
20260613_1458;Generalização_1000;classification;AdaptiveRandomForest;Otimizado_FullFeatures;classifier;classifier;classifier;N/A;N/A;N/A;2000;100;130;14900;0,0000;0,0000;0,0000;0,0000;0,0000;0,0000;0;0;0;0
20260613_1458;Generalização_1000;classification;AdaptiveRandomForest;Otimizado_FullFeatures;classifier;classifier;classifier;N/A;N/A;N/A;2000;100;131;15000;0,0000;0,0000;0,0000;0,0000;0,0000;0,0000;0;0;0;0
20260613_1458;Generalização_1000;classification;AdaptiveRandomForest;Otimizado_FullFeatures;classifier;classifier;classifier;N/A;N/A;N/A;2000;100;132;15100;0,0000;0,0000;0,0000;0,0000;0,0000;0,0000;0;0;0;0
20260613_1458;Generalização_1000;classification;AdaptiveRandomForest;Otimizado_FullFeatures;classifier;classifier;classifier;N/A;N/A;N/A;2000;100;133;15200;0,0000;0,0000;0,0000;0,0000;0,0000;0,0000;0;0;0;0
20260613_1458;Generalização_1000;classification;AdaptiveRandomForest;Otimizado_FullFeatures;classifier;classifier;classifier;N/A;N/A;N/A;2000;100;134;15300;0,0000;0,0000;0,0000;0,0000;0,0000;0,0000;0;0;0;0
20260613_1458;Generalização_1000;classification;AdaptiveRandomForest;Otimizado_FullFeatures;classifier;classifier;classifier;N/A;N/A;N/A;2000;100;135;15400;0,0000;0,0000;0,0000;0,0000;0,0000;0,0000;0;0;0;0
20260613_1458;Generalização_1000;classification;AdaptiveRandomForest;Otimizado_FullFeatures;classifier;classifier;classifier;N/A;N/A;N/A;2000;100;136;15500;0,0000;0,0000;0,0000;0,0000;0,0000;0,0000;0;0;0;0
20260613_1458;Generalização_1000;classification;AdaptiveRandomForest;Otimizado_FullFeatures;classifier;classifier;classifier;N/A;N/A;N/A;2000;100;137;15600;0,0000;0,0000;0,0000;0,0000;0,0000;0,0000;0;0;0;0
20260613_1458;Generalização_1000;classification;AdaptiveRandomForest;Otimizado_FullFeatures;classifier;classifier;classifier;N/A;N/A;N/A;2000;100;138;15700;0,0000;0,0000;0,0000;0,0000;0,0000;0,0000;0;0;0;0
20260613_1458;Generalização_1000;classification;AdaptiveRandomForest;Otimizado_FullFeatures;classifier;classifier;classifier;N/A;N/A;N/A;2000;100;139;15800;0,0000;0,0000;0,0000;0,0000;0,0000;0,0000;0;0;0;0
20260613_1458;Generalização_1000;classification;AdaptiveRandomForest;Otimizado_FullFeatures;classifier;classifier;classifier;N/A;N/A;N/A;2000;100;140;15900;0,0000;0,0000;0,0000;0,0000;0,0000;0,0000;0;0;0;0
20260613_1458;Generalização_1000;classification;AdaptiveRandomForest;Otimizado_FullFeatures;classifier;classifier;classifier;N/A;N/A;N/A;2000;100;141;16000;0,0000;0,0000;0,0000;0,0000;0,0000;0,0000;0;0;0;0
20260613_1458;Generalização_1000;classification;AdaptiveRandomForest;Otimizado_FullFeatures;classifier;classifier;classifier;N/A;N/A;N/A;2000;100;142;16100;0,0000;0,0000;0,0000;0,0000;0,0000;0,0000;0;0;0;0
20260613_1458;Generalização_1000;classification;AdaptiveRandomForest;Otimizado_FullFeatures;classifier;classifier;classifier;N/A;N/A;N/A;2000;100;143;16200;0,0000;0,0000;0,0000;0,0000;0,0000;0,0000;0;0;0;0
20260613_1458;Generalização_1000;classification;AdaptiveRandomForest;Otimizado_FullFeatures;classifier;classifier;classifier;N/A;N/A;N/A;2000;100;144;16300;0,0000;0,0000;0,0000;0,0000;0,0000;0,0000;0;0;0;0
20260613_1458;Generalização_1000;classification;AdaptiveRandomForest;Otimizado_FullFeatures;classifier;classifier;classifier;N/A;N/A;N/A;2000;100;145;16400;0,0000;0,0000;0,0000;0,0000;0,0000;0,0000;0;0;0;0
20260613_1458;Generalização_1000;classification;AdaptiveRandomForest;Otimizado_FullFeatures;classifier;classifier;classifier;N/A;N/A;N/A;2000;100;146;16500;0,0000;0,0000;0,0000;0,0000;0,0000;0,0000;0;0;0;0
20260613_1458;Generalização_1000;classification;AdaptiveRandomForest;Otimizado_FullFeatures;classifier;classifier;classifier;N/A;N/A;N/A;2000;100;147;16600;0,0000;0,0000;0,0000;0,0000;0,0000;0,0000;0;0;0;0
20260613_1458;Generalização_1000;classification;AdaptiveRandomForest;Otimizado_FullFeatures;classifier;classifier;classifier;N/A;N/A;N/A;2000;100;148;16700;0,0000;0,0000;0,0000;0,0000;0,0000;0,0000;0;0;0;0
20260613_1458;Generalização_1000;classification;AdaptiveRandomForest;Otimizado_FullFeatures;classifier;classifier;classifier;N/A;N/A;N/A;2000;100;149;16800;0,0000;0,0000;0,0000;0,0000;0,0000;0,0000;0;0;0;0
20260613_1458;Generalização_1000;classification;AdaptiveRandomForest;Otimizado_FullFeatures;classifier;classifier;classifier;N/A;N/A;N/A;2000;100;150;16900;0,0000;0,0000;0,0000;0,0000;0,0000;0,0000;0;0;0;0
20260613_1458;Generalização_1000;classification;AdaptiveRandomForest;Otimizado_FullFeatures;classifier;classifier;classifier;N/A;N/A;N/A;2000;100;151;17000;0,0000;0,0000;0,0000;0,0000;0,0000;0,0000;0;0;0;0
20260613_1458;Generalização_1000;classification;AdaptiveRandomForest;Otimizado_FullFeatures;classifier;classifier;classifier;N/A;N/A;N/A;2000;100;152;17100;0,0000;0,0000;0,0000;0,0000;0,0000;0,0000;0;0;0;0
20260613_1458;Generalização_1000;classification;AdaptiveRandomForest;Otimizado_FullFeatures;classifier;classifier;classifier;N/A;N/A;N/A;2000;100;153;17200;0,0000;0,0000;0,0000;0,0000;0,0000;0,0000;0;0;0;0
20260613_1458;Generalização_1000;classification;AdaptiveRandomForest;Otimizado_FullFeatures;classifier;classifier;classifier;N/A;N/A;N/A;2000;100;154;17300;0,0000;0,0000;0,0000;0,0000;0,0000;0,0000;0;0;0;0
20260613_1458;Generalização_1000;classification;AdaptiveRandomForest;Otimizado_FullFeatures;classifier;classifier;classifier;N/A;N/A;N/A;2000;100;155;17400;0,0000;0,0000;0,0000;0,0000;0,0000;0,0000;0;0;0;0
20260613_1458;Generalização_1000;classification;AdaptiveRandomForest;Otimizado_FullFeatures;classifier;classifier;classifier;N/A;N/A;N/A;2000;100;156;17500;0,0000;0,0000;0,0000;0,0000;0,0000;0,0000;0;0;0;0
20260613_1458;Generalização_1000;classification;AdaptiveRandomForest;Otimizado_FullFeatures;classifier;classifier;classifier;N/A;N/A;N/A;2000;100;157;17600;0,0000;0,0000;0,0000;0,0000;0,0000;0,0000;0;0;0;0
20260613_1458;Generalização_1000;classification;AdaptiveRandomForest;Otimizado_FullFeatures;classifier;classifier;classifier;N/A;N/A;N/A;2000;100;158;17700;0,0000;0,0000;0,0000;0,0000;0,0000;0,0000;0;0;0;0
20260613_1458;Generalização_1000;classification;AdaptiveRandomForest;Otimizado_FullFeatures;classifier;classifier;classifier;N/A;N/A;N/A;2000;100;159;17800;0,0000;0,0000;0,0000;0,0000;0,0000;0,0000;0;0;0;0
20260613_1458;Generalização_1000;classification;AdaptiveRandomForest;Otimizado_FullFeatures;classifier;classifier;classifier;N/A;N/A;N/A;2000;100;160;17900;0,0000;0,0000;0,0000;0,0000;0,0000;0,0000;0;0;0;0
20260614_0117;Consistência_25;classification;AdaptiveRandomForest;Otimizado_FullFeatures;classifier;classifier;classifier;N/A;N/A;N/A;2000;100;1;2000;0,0000;0,0000;0,0000;0,0000;0,0000;0,0000;0;0;0;0
20260614_0117;Consistência_25;classification;AdaptiveRandomForest;Otimizado_FullFeatures;classifier;classifier;classifier;N/A;N/A;N/A;2000;100;2;2100;0,0000;0,0000;0,0000;0,0000;0,0000;0,0000;0;0;0;0
20260614_0117;Consistência_25;classification;AdaptiveRandomForest;Otimizado_FullFeatures;classifier;classifier;classifier;N/A;N/A;N/A;2000;100;3;2200;0,0000;0,0000;0,0000;0,0000;0,0000;0,0000;0;0;0;0
20260614_0117;Consistência_25;classification;AdaptiveRandomForest;Otimizado_FullFeatures;classifier;classifier;classifier;N/A;N/A;N/A;2000;100;4;2300;0,0000;0,0000;0,0000;0,0000;0,0000;0,0000;0;0;0;0
20260614_0117;Consistência_25;classification;AdaptiveRandomForest;Otimizado_FullFeatures;classifier;classifier;classifier;N/A;N/A;N/A;2000;100;5;2400;0,0000;0,0000;0,0000;0,0000;0,0000;0,0000;0;0;0;0
20260614_0117;Consistência_25;classification;AdaptiveRandomForest;Otimizado_FullFeatures;classifier;classifier;classifier;N/A;N/A;N/A;2000;100;6;2500;0,0000;0,0000;0,0000;0,0000;0,0000;0,0000;0;0;0;0
20260614_0117;Consistência_25;classification;AdaptiveRandomForest;Otimizado_FullFeatures;classifier;classifier;classifier;N/A;N/A;N/A;2000;100;7;2600;0,0000;0,0000;0,0000;0,0000;0,0000;0,0000;0;0;0;0
20260614_0117;Consistência_25;classification;AdaptiveRandomForest;Otimizado_FullFeatures;classifier;classifier;classifier;N/A;N/A;N/A;2000;100;8;2700;0,0000;0,0000;0,0000;0,0000;0,0000;0,0000;0;0;0;0
20260614_0117;Consistência_25;classification;AdaptiveRandomForest;Otimizado_FullFeatures;classifier;classifier;classifier;N/A;N/A;N/A;2000;100;9;2800;0,0000;0,0000;0,0000;0,0000;0,0000;0,0000;0;0;0;0
20260614_0117;Consistência_25;classification;AdaptiveRandomForest;Otimizado_FullFeatures;classifier;classifier;classifier;N/A;N/A;N/A;2000;100;10;2900;0,0000;0,0000;0,0000;0,0000;0,0000;0,0000;0;0;0;0
20260614_0117;Consistência_25;classification;AdaptiveRandomForest;Otimizado_FullFeatures;classifier;classifier;classifier;N/A;N/A;N/A;2000;100;11;3000;0,0000;0,0000;0,0000;0,0000;0,0000;0,0000;0;0;0;0
20260614_0117;Consistência_25;classification;AdaptiveRandomForest;Otimizado_FullFeatures;classifier;classifier;classifier;N/A;N/A;N/A;2000;100;12;3100;0,0000;0,0000;0,0000;0,0000;0,0000;0,0000;0;0;0;0
20260614_0117;Consistência_25;classification;AdaptiveRandomForest;Otimizado_FullFeatures;classifier;classifier;classifier;N/A;N/A;N/A;2000;100;13;3200;0,0000;0,0000;0,0000;0,0000;0,0000;0,0000;0;0;0;0
20260614_0117;Consistência_25;classification;AdaptiveRandomForest;Otimizado_FullFeatures;classifier;classifier;classifier;N/A;N/A;N/A;2000;100;14;3300;0,0000;0,0000;0,0000;0,0000;0,0000;0,0000;0;0;0;0
20260614_0117;Consistência_25;classification;AdaptiveRandomForest;Otimizado_FullFeatures;classifier;classifier;classifier;N/A;N/A;N/A;2000;100;15;3400;0,0000;0,0000;0,0000;0,0000;0,0000;0,0000;0;0;0;0
20260614_0117;Consistência_25;classification;AdaptiveRandomForest;Otimizado_FullFeatures;classifier;classifier;classifier;N/A;N/A;N/A;2000;100;16;3500;0,0000;0,0000;0,0000;0,0000;0,0000;0,0000;0;0;0;0
20260614_0117;Consistência_25;classification;AdaptiveRandomForest;Otimizado_FullFeatures;classifier;classifier;classifier;N/A;N/A;N/A;2000;100;17;3600;0,0000;0,0000;0,0000;0,0000;0,0000;0,0000;0;0;0;0
20260614_0117;Consistência_25;classification;AdaptiveRandomForest;Otimizado_FullFeatures;classifier;classifier;classifier;N/A;N/A;N/A;2000;100;18;3700;0,0000;0,0000;0,0000;0,0000;0,0000;0,0000;0;0;0;0
20260614_0117;Consistência_25;classification;AdaptiveRandomForest;Otimizado_FullFeatures;classifier;classifier;classifier;N/A;N/A;N/A;2000;100;19;3800;89,0186;3,6780;98,0383;2,4133;81,6000;4,8000;1;1;5;2
20260614_0117;Consistência_25;classification;AdaptiveRandomForest;Otimizado_FullFeatures;classifier;classifier;classifier;N/A;N/A;N/A;2000;100;20;3900;0,0000;0,0000;0,0000;0,0000;0,0000;0,0000;2;2;0;0
20260614_0117;Consistência_25;classification;AdaptiveRandomForest;Otimizado_FullFeatures;classifier;classifier;classifier;N/A;N/A;N/A;2000;100;21;4000;0,0000;0,0000;0,0000;0,0000;0,0000;0,0000;1;1;0;0
20260614_0117;Consistência_25;classification;AdaptiveRandomForest;Otimizado_FullFeatures;classifier;classifier;classifier;N/A;N/A;N/A;2000;100;22;4100;0,0000;0,0000;0,0000;0,0000;0,0000;0,0000;0;0;0;0
20260614_0117;Consistência_25;classification;AdaptiveRandomForest;Otimizado_FullFeatures;classifier;classifier;classifier;N/A;N/A;N/A;2000;100;23;4200;0,0000;0,0000;0,0000;0,0000;0,0000;0,0000;0;0;0;0
20260614_0117;Consistência_25;classification;AdaptiveRandomForest;Otimizado_FullFeatures;classifier;classifier;classifier;N/A;N/A;N/A;2000;100;24;4300;0,0000;0,0000;0,0000;0,0000;0,0000;0,0000;0;0;0;0
20260614_0117;Consistência_25;classification;AdaptiveRandomForest;Otimizado_FullFeatures;classifier;classifier;classifier;N/A;N/A;N/A;2000;100;25;4400;0,0000;0,0000;0,0000;0,0000;0,0000;0,0000;0;0;0;0
20260614_0117;Consistência_25;classification;AdaptiveRandomForest;Otimizado_FullFeatures;classifier;classifier;classifier;N/A;N/A;N/A;2000;100;26;4500;0,0000;0,0000;0,0000;0,0000;0,0000;0,0000;0;0;0;0
20260614_0117;Consistência_25;classification;AdaptiveRandomForest;Otimizado_FullFeatures;classifier;classifier;classifier;N/A;N/A;N/A;2000;100;27;4600;0,0000;0,0000;0,0000;0,0000;0,0000;0,0000;0;0;0;0
20260614_0117;Consistência_25;classification;AdaptiveRandomForest;Otimizado_FullFeatures;classifier;classifier;classifier;N/A;N/A;N/A;2000;100;28;4700;0,0000;0,0000;0,0000;0,0000;0,0000;0,0000;0;0;0;0
20260614_0117;Consistência_25;classification;AdaptiveRandomForest;Otimizado_FullFeatures;classifier;classifier;classifier;N/A;N/A;N/A;2000;100;29;4800;0,0000;0,0000;0,0000;0,0000;0,0000;0,0000;0;0;0;0
20260614_0117;Consistência_25;classification;AdaptiveRandomForest;Otimizado_FullFeatures;classifier;classifier;classifier;N/A;N/A;N/A;2000;100;30;4900;0,0000;0,0000;0,0000;0,0000;0,0000;0,0000;0;0;0;0
20260614_0117;Consistência_25;classification;AdaptiveRandomForest;Otimizado_FullFeatures;classifier;classifier;classifier;N/A;N/A;N/A;2000;100;31;5000;0,0000;0,0000;0,0000;0,0000;0,0000;0,0000;0;0;0;0
20260614_0117;Consistência_25;classification;AdaptiveRandomForest;Otimizado_FullFeatures;classifier;classifier;classifier;N/A;N/A;N/A;2000;100;32;5100;0,0000;0,0000;0,0000;0,0000;0,0000;0,0000;0;0;0;0
20260614_0117;Consistência_25;classification;AdaptiveRandomForest;Otimizado_FullFeatures;classifier;classifier;classifier;N/A;N/A;N/A;2000;100;33;5200;0,0000;0,0000;0,0000;0,0000;0,0000;0,0000;0;0;0;0
20260614_0117;Consistência_25;classification;AdaptiveRandomForest;Otimizado_FullFeatures;classifier;classifier;classifier;N/A;N/A;N/A;2000;100;34;5300;0,0000;0,0000;0,0000;0,0000;0,0000;0,0000;0;0;0;0
20260614_0117;Consistência_25;classification;AdaptiveRandomForest;Otimizado_FullFeatures;classifier;classifier;classifier;N/A;N/A;N/A;2000;100;35;5400;0,0000;0,0000;0,0000;0,0000;0,0000;0,0000;0;0;0;0
20260614_0117;Consistência_25;classification;AdaptiveRandomForest;Otimizado_FullFeatures;classifier;classifier;classifier;N/A;N/A;N/A;2000;100;36;5500;0,0000;0,0000;0,0000;0,0000;0,0000;0,0000;0;0;0;0
20260614_0117;Consistência_25;classification;AdaptiveRandomForest;Otimizado_FullFeatures;classifier;classifier;classifier;N/A;N/A;N/A;2000;100;37;5600;0,0000;0,0000;0,0000;0,0000;0,0000;0,0000;0;0;0;0
20260614_0117;Consistência_25;classification;AdaptiveRandomForest;Otimizado_FullFeatures;classifier;classifier;classifier;N/A;N/A;N/A;2000;100;38;5700;0,0000;0,0000;0,0000;0,0000;0,0000;0,0000;0;0;0;0
20260614_0117;Consistência_25;classification;AdaptiveRandomForest;Otimizado_FullFeatures;classifier;classifier;classifier;N/A;N/A;N/A;2000;100;39;5800;0,0000;0,0000;0,0000;0,0000;0,0000;0,0000;0;0;0;0
20260614_0117;Consistência_25;classification;AdaptiveRandomForest;Otimizado_FullFeatures;classifier;classifier;classifier;N/A;N/A;N/A;2000;100;40;5900;0,0000;0,0000;0,0000;0,0000;0,0000;0,0000;0;0;0;0
20260614_0117;Consistência_25;classification;AdaptiveRandomForest;Otimizado_FullFeatures;classifier;classifier;classifier;N/A;N/A;N/A;2000;100;41;6000;0,0000;0,0000;0,0000;0,0000;0,0000;0,0000;0;0;0;0
20260614_0117;Consistência_25;classification;AdaptiveRandomForest;Otimizado_FullFeatures;classifier;classifier;classifier;N/A;N/A;N/A;2000;100;42;6100;0,0000;0,0000;0,0000;0,0000;0,0000;0,0000;0;0;0;0
20260614_0117;Consistência_25;classification;AdaptiveRandomForest;Otimizado_FullFeatures;classifier;classifier;classifier;N/A;N/A;N/A;2000;100;43;6200;0,0000;0,0000;0,0000;0,0000;0,0000;0,0000;0;0;0;0
20260614_0117;Consistência_25;classification;AdaptiveRandomForest;Otimizado_FullFeatures;classifier;classifier;classifier;N/A;N/A;N/A;2000;100;44;6300;0,0000;0,0000;0,0000;0,0000;0,0000;0,0000;0;0;0;0
20260614_0117;Consistência_25;classification;AdaptiveRandomForest;Otimizado_FullFeatures;classifier;classifier;classifier;N/A;N/A;N/A;2000;100;45;6400;0,0000;0,0000;0,0000;0,0000;0,0000;0,0000;0;0;0;0
20260614_0117;Consistência_25;classification;AdaptiveRandomForest;Otimizado_FullFeatures;classifier;classifier;classifier;N/A;N/A;N/A;2000;100;46;6500;0,0000;0,0000;0,0000;0,0000;0,0000;0,0000;0;0;0;0
20260614_0117;Consistência_25;classification;AdaptiveRandomForest;Otimizado_FullFeatures;classifier;classifier;classifier;N/A;N/A;N/A;2000;100;47;6600;0,0000;0,0000;0,0000;0,0000;0,0000;0,0000;0;0;0;0
20260614_0117;Consistência_25;classification;AdaptiveRandomForest;Otimizado_FullFeatures;classifier;classifier;classifier;N/A;N/A;N/A;2000;100;48;6700;0,0000;0,0000;0,0000;0,0000;0,0000;0,0000;0;0;0;0
20260614_0117;Consistência_25;classification;AdaptiveRandomForest;Otimizado_FullFeatures;classifier;classifier;classifier;N/A;N/A;N/A;2000;100;49;6800;0,0000;0,0000;0,0000;0,0000;0,0000;0,0000;0;0;0;0
20260614_0117;Consistência_25;classification;AdaptiveRandomForest;Otimizado_FullFeatures;classifier;classifier;classifier;N/A;N/A;N/A;2000;100;50;6900;0,0000;0,0000;0,0000;0,0000;0,0000;0,0000;0;0;0;0
20260614_0117;Consistência_25;classification;AdaptiveRandomForest;Otimizado_FullFeatures;classifier;classifier;classifier;N/A;N/A;N/A;2000;100;51;7000;0,0000;0,0000;0,0000;0,0000;0,0000;0,0000;0;0;0;0
20260614_0117;Consistência_25;classification;AdaptiveRandomForest;Otimizado_FullFeatures;classifier;classifier;classifier;N/A;N/A;N/A;2000;100;52;7100;0,0000;0,0000;0,0000;0,0000;0,0000;0,0000;0;0;0;0
20260614_0117;Consistência_25;classification;AdaptiveRandomForest;Otimizado_FullFeatures;classifier;classifier;classifier;N/A;N/A;N/A;2000;100;53;7200;0,0000;0,0000;0,0000;0,0000;0,0000;0,0000;0;0;0;0
20260614_0117;Consistência_25;classification;AdaptiveRandomForest;Otimizado_FullFeatures;classifier;classifier;classifier;N/A;N/A;N/A;2000;100;54;7300;0,0000;0,0000;0,0000;0,0000;0,0000;0,0000;0;0;0;0
20260614_0117;Consistência_25;classification;AdaptiveRandomForest;Otimizado_FullFeatures;classifier;classifier;classifier;N/A;N/A;N/A;2000;100;55;7400;0,0000;0,0000;0,0000;0,0000;0,0000;0,0000;0;0;0;0
20260614_0117;Consistência_25;classification;AdaptiveRandomForest;Otimizado_FullFeatures;classifier;classifier;classifier;N/A;N/A;N/A;2000;100;56;7500;0,0000;0,0000;0,0000;0,0000;0,0000;0,0000;0;0;0;0
20260614_0117;Consistência_25;classification;AdaptiveRandomForest;Otimizado_FullFeatures;classifier;classifier;classifier;N/A;N/A;N/A;2000;100;57;7600;97,7778;0,0000;100,0000;0,0000;95,6522;0,0000;0;0;1;0
20260614_0117;Consistência_25;classification;AdaptiveRandomForest;Otimizado_FullFeatures;classifier;classifier;classifier;N/A;N/A;N/A;2000;100;58;7700;0,0000;0,0000;0,0000;0,0000;0,0000;0,0000;0;0;0;0
20260614_0117;Consistência_25;classification;AdaptiveRandomForest;Otimizado_FullFeatures;classifier;classifier;classifier;N/A;N/A;N/A;2000;100;59;7800;0,0000;0,0000;0,0000;0,0000;0,0000;0,0000;0;0;0;0
20260614_0117;Consistência_25;classification;AdaptiveRandomForest;Otimizado_FullFeatures;classifier;classifier;classifier;N/A;N/A;N/A;2000;100;60;7900;0,0000;0,0000;0,0000;0,0000;0,0000;0,0000;0;0;0;0
20260614_0117;Consistência_25;classification;AdaptiveRandomForest;Otimizado_FullFeatures;classifier;classifier;classifier;N/A;N/A;N/A;2000;100;61;8000;0,0000;0,0000;0,0000;0,0000;0,0000;0,0000;0;0;0;0
20260614_0117;Consistência_25;classification;AdaptiveRandomForest;Otimizado_FullFeatures;classifier;classifier;classifier;N/A;N/A;N/A;2000;100;62;8100;0,0000;0,0000;0,0000;0,0000;0,0000;0,0000;0;0;0;0
20260614_0117;Consistência_25;classification;AdaptiveRandomForest;Otimizado_FullFeatures;classifier;classifier;classifier;N/A;N/A;N/A;2000;100;63;8200;0,0000;0,0000;0,0000;0,0000;0,0000;0,0000;0;0;0;0
20260614_0117;Consistência_25;classification;AdaptiveRandomForest;Otimizado_FullFeatures;classifier;classifier;classifier;N/A;N/A;N/A;2000;100;64;8300;0,0000;0,0000;0,0000;0,0000;0,0000;0,0000;0;0;0;0
20260614_0117;Consistência_25;classification;AdaptiveRandomForest;Otimizado_FullFeatures;classifier;classifier;classifier;N/A;N/A;N/A;2000;100;65;8400;0,0000;0,0000;0,0000;0,0000;0,0000;0,0000;0;0;0;0
20260614_0117;Consistência_25;classification;AdaptiveRandomForest;Otimizado_FullFeatures;classifier;classifier;classifier;N/A;N/A;N/A;2000;100;66;8500;0,0000;0,0000;0,0000;0,0000;0,0000;0,0000;0;0;0;0
20260614_0117;Consistência_25;classification;AdaptiveRandomForest;Otimizado_FullFeatures;classifier;classifier;classifier;N/A;N/A;N/A;2000;100;67;8600;0,0000;0,0000;0,0000;0,0000;0,0000;0,0000;0;0;0;0
20260614_0117;Consistência_25;classification;AdaptiveRandomForest;Otimizado_FullFeatures;classifier;classifier;classifier;N/A;N/A;N/A;2000;100;68;8700;0,0000;0,0000;0,0000;0,0000;0,0000;0,0000;0;0;0;0
20260614_0117;Consistência_25;classification;AdaptiveRandomForest;Otimizado_FullFeatures;classifier;classifier;classifier;N/A;N/A;N/A;2000;100;69;8800;0,0000;0,0000;0,0000;0,0000;0,0000;0,0000;0;0;0;0
20260614_0117;Consistência_25;classification;AdaptiveRandomForest;Otimizado_FullFeatures;classifier;classifier;classifier;N/A;N/A;N/A;2000;100;70;8900;0,0000;0,0000;0,0000;0,0000;0,0000;0,0000;0;0;0;0
20260614_0117;Consistência_25;classification;AdaptiveRandomForest;Otimizado_FullFeatures;classifier;classifier;classifier;N/A;N/A;N/A;2000;100;71;9000;0,0000;0,0000;0,0000;0,0000;0,0000;0,0000;0;0;0;0
20260614_0117;Consistência_25;classification;AdaptiveRandomForest;Otimizado_FullFeatures;classifier;classifier;classifier;N/A;N/A;N/A;2000;100;72;9100;0,0000;0,0000;0,0000;0,0000;0,0000;0,0000;0;0;0;0
20260614_0117;Consistência_25;classification;AdaptiveRandomForest;Otimizado_FullFeatures;classifier;classifier;classifier;N/A;N/A;N/A;2000;100;73;9200;0,0000;0,0000;0,0000;0,0000;0,0000;0,0000;0;0;0;0
20260614_0117;Consistência_25;classification;AdaptiveRandomForest;Otimizado_FullFeatures;classifier;classifier;classifier;N/A;N/A;N/A;2000;100;74;9300;0,0000;0,0000;0,0000;0,0000;0,0000;0,0000;0;0;0;0
20260614_0117;Consistência_25;classification;AdaptiveRandomForest;Otimizado_FullFeatures;classifier;classifier;classifier;N/A;N/A;N/A;2000;100;75;9400;0,0000;0,0000;0,0000;0,0000;0,0000;0,0000;0;0;0;0
20260614_0117;Consistência_25;classification;AdaptiveRandomForest;Otimizado_FullFeatures;classifier;classifier;classifier;N/A;N/A;N/A;2000;100;76;9500;0,0000;0,0000;0,0000;0,0000;0,0000;0,0000;0;0;0;0
20260614_0117;Consistência_25;classification;AdaptiveRandomForest;Otimizado_FullFeatures;classifier;classifier;classifier;N/A;N/A;N/A;2000;100;77;9600;0,0000;0,0000;0,0000;0,0000;0,0000;0,0000;0;0;0;0
20260614_0117;Consistência_25;classification;AdaptiveRandomForest;Otimizado_FullFeatures;classifier;classifier;classifier;N/A;N/A;N/A;2000;100;78;9700;0,0000;0,0000;0,0000;0,0000;0,0000;0,0000;0;0;0;0
20260614_0117;Consistência_25;classification;AdaptiveRandomForest;Otimizado_FullFeatures;classifier;classifier;classifier;N/A;N/A;N/A;2000;100;79;9800;0,0000;0,0000;0,0000;0,0000;0,0000;0,0000;0;0;0;0
20260614_0117;Consistência_25;classification;AdaptiveRandomForest;Otimizado_FullFeatures;classifier;classifier;classifier;N/A;N/A;N/A;2000;100;80;9900;0,0000;0,0000;0,0000;0,0000;0,0000;0,0000;0;0;0;0
20260614_0117;Consistência_25;classification;AdaptiveRandomForest;Otimizado_FullFeatures;classifier;classifier;classifier;N/A;N/A;N/A;2000;100;81;10000;0,0000;0,0000;0,0000;0,0000;0,0000;0,0000;0;0;0;0
20260614_0117;Consistência_25;classification;AdaptiveRandomForest;Otimizado_FullFeatures;classifier;classifier;classifier;N/A;N/A;N/A;2000;100;82;10100;0,0000;0,0000;0,0000;0,0000;0,0000;0,0000;0;0;0;0
20260614_0117;Consistência_25;classification;AdaptiveRandomForest;Otimizado_FullFeatures;classifier;classifier;classifier;N/A;N/A;N/A;2000;100;83;10200;0,0000;0,0000;0,0000;0,0000;0,0000;0,0000;0;0;0;0
20260614_0117;Consistência_25;classification;AdaptiveRandomForest;Otimizado_FullFeatures;classifier;classifier;classifier;N/A;N/A;N/A;2000;100;84;10300;0,0000;0,0000;0,0000;0,0000;0,0000;0,0000;0;0;0;0
20260614_0117;Consistência_25;classification;AdaptiveRandomForest;Otimizado_FullFeatures;classifier;classifier;classifier;N/A;N/A;N/A;2000;100;85;10400;0,0000;0,0000;0,0000;0,0000;0,0000;0,0000;0;0;0;0
20260614_0117;Consistência_25;classification;AdaptiveRandomForest;Otimizado_FullFeatures;classifier;classifier;classifier;N/A;N/A;N/A;2000;100;86;10500;0,0000;0,0000;0,0000;0,0000;0,0000;0,0000;0;0;0;0
20260614_0117;Consistência_25;classification;AdaptiveRandomForest;Otimizado_FullFeatures;classifier;classifier;classifier;N/A;N/A;N/A;2000;100;87;10600;0,0000;0,0000;0,0000;0,0000;0,0000;0,0000;0;0;0;0
20260614_0117;Consistência_25;classification;AdaptiveRandomForest;Otimizado_FullFeatures;classifier;classifier;classifier;N/A;N/A;N/A;2000;100;88;10700;0,0000;0,0000;0,0000;0,0000;0,0000;0,0000;0;0;0;0
20260614_0117;Consistência_25;classification;AdaptiveRandomForest;Otimizado_FullFeatures;classifier;classifier;classifier;N/A;N/A;N/A;2000;100;89;10800;0,0000;0,0000;0,0000;0,0000;0,0000;0,0000;0;0;0;0
20260614_0117;Consistência_25;classification;AdaptiveRandomForest;Otimizado_FullFeatures;classifier;classifier;classifier;N/A;N/A;N/A;2000;100;90;10900;0,0000;0,0000;0,0000;0,0000;0,0000;0,0000;0;0;0;0
20260614_0117;Consistência_25;classification;AdaptiveRandomForest;Otimizado_FullFeatures;classifier;classifier;classifier;N/A;N/A;N/A;2000;100;91;11000;0,0000;0,0000;0,0000;0,0000;0,0000;0,0000;0;0;0;0
20260614_0117;Consistência_25;classification;AdaptiveRandomForest;Otimizado_FullFeatures;classifier;classifier;classifier;N/A;N/A;N/A;2000;100;92;11100;0,0000;0,0000;0,0000;0,0000;0,0000;0,0000;0;0;0;0
20260614_0117;Consistência_25;classification;AdaptiveRandomForest;Otimizado_FullFeatures;classifier;classifier;classifier;N/A;N/A;N/A;2000;100;93;11200;0,0000;0,0000;0,0000;0,0000;0,0000;0,0000;0;0;0;0
20260614_0117;Consistência_25;classification;AdaptiveRandomForest;Otimizado_FullFeatures;classifier;classifier;classifier;N/A;N/A;N/A;2000;100;94;11300;100,0000;0,0000;100,0000;0,0000;100,0000;0,0000;0;0;0;0
20260614_0117;Consistência_25;classification;AdaptiveRandomForest;Otimizado_FullFeatures;classifier;classifier;classifier;N/A;N/A;N/A;2000;100;95;11400;97,7778;0,0000;100,0000;0,0000;95,6522;0,0000;0;0;1;0
20260614_0117;Consistência_25;classification;AdaptiveRandomForest;Otimizado_FullFeatures;classifier;classifier;classifier;N/A;N/A;N/A;2000;100;96;11500;0,0000;0,0000;0,0000;0,0000;0,0000;0,0000;0;0;0;0
20260614_0117;Consistência_25;classification;AdaptiveRandomForest;Otimizado_FullFeatures;classifier;classifier;classifier;N/A;N/A;N/A;2000;100;97;11600;0,0000;0,0000;0,0000;0,0000;0,0000;0,0000;0;0;0;0
20260614_0117;Consistência_25;classification;AdaptiveRandomForest;Otimizado_FullFeatures;classifier;classifier;classifier;N/A;N/A;N/A;2000;100;98;11700;0,0000;0,0000;0,0000;0,0000;0,0000;0,0000;0;0;0;0
20260614_0117;Consistência_25;classification;AdaptiveRandomForest;Otimizado_FullFeatures;classifier;classifier;classifier;N/A;N/A;N/A;2000;100;99;11800;0,0000;0,0000;0,0000;0,0000;0,0000;0,0000;0;0;0;0
20260614_0117;Consistência_25;classification;AdaptiveRandomForest;Otimizado_FullFeatures;classifier;classifier;classifier;N/A;N/A;N/A;2000;100;100;11900;0,0000;0,0000;0,0000;0,0000;0,0000;0,0000;0;0;0;0
20260614_0117;Consistência_25;classification;AdaptiveRandomForest;Otimizado_FullFeatures;classifier;classifier;classifier;N/A;N/A;N/A;2000;100;101;12000;0,0000;0,0000;0,0000;0,0000;0,0000;0,0000;0;0;0;0
20260614_0117;Consistência_25;classification;AdaptiveRandomForest;Otimizado_FullFeatures;classifier;classifier;classifier;N/A;N/A;N/A;2000;100;102;12100;0,0000;0,0000;0,0000;0,0000;0,0000;0,0000;0;0;0;0
20260614_0117;Consistência_25;classification;AdaptiveRandomForest;Otimizado_FullFeatures;classifier;classifier;classifier;N/A;N/A;N/A;2000;100;103;12200;0,0000;0,0000;0,0000;0,0000;0,0000;0,0000;0;0;0;0
20260614_0117;Consistência_25;classification;AdaptiveRandomForest;Otimizado_FullFeatures;classifier;classifier;classifier;N/A;N/A;N/A;2000;100;104;12300;0,0000;0,0000;0,0000;0,0000;0,0000;0,0000;0;0;0;0
20260614_0117;Consistência_25;classification;AdaptiveRandomForest;Otimizado_FullFeatures;classifier;classifier;classifier;N/A;N/A;N/A;2000;100;105;12400;0,0000;0,0000;0,0000;0,0000;0,0000;0,0000;0;0;0;0
20260614_0117;Consistência_25;classification;AdaptiveRandomForest;Otimizado_FullFeatures;classifier;classifier;classifier;N/A;N/A;N/A;2000;100;106;12500;0,0000;0,0000;0,0000;0,0000;0,0000;0,0000;0;0;0;0
20260614_0117;Consistência_25;classification;AdaptiveRandomForest;Otimizado_FullFeatures;classifier;classifier;classifier;N/A;N/A;N/A;2000;100;107;12600;0,0000;0,0000;0,0000;0,0000;0,0000;0,0000;0;0;0;0
20260614_0117;Consistência_25;classification;AdaptiveRandomForest;Otimizado_FullFeatures;classifier;classifier;classifier;N/A;N/A;N/A;2000;100;108;12700;0,0000;0,0000;0,0000;0,0000;0,0000;0,0000;0;0;0;0
20260614_0117;Consistência_25;classification;AdaptiveRandomForest;Otimizado_FullFeatures;classifier;classifier;classifier;N/A;N/A;N/A;2000;100;109;12800;0,0000;0,0000;0,0000;0,0000;0,0000;0,0000;0;0;0;0
20260614_0117;Consistência_25;classification;AdaptiveRandomForest;Otimizado_FullFeatures;classifier;classifier;classifier;N/A;N/A;N/A;2000;100;110;12900;0,0000;0,0000;0,0000;0,0000;0,0000;0,0000;0;0;0;0
20260614_0117;Consistência_25;classification;AdaptiveRandomForest;Otimizado_FullFeatures;classifier;classifier;classifier;N/A;N/A;N/A;2000;100;111;13000;0,0000;0,0000;0,0000;0,0000;0,0000;0,0000;0;0;0;0
20260614_0117;Consistência_25;classification;AdaptiveRandomForest;Otimizado_FullFeatures;classifier;classifier;classifier;N/A;N/A;N/A;2000;100;112;13100;0,0000;0,0000;0,0000;0,0000;0,0000;0,0000;0;0;0;0
20260614_0117;Consistência_25;classification;AdaptiveRandomForest;Otimizado_FullFeatures;classifier;classifier;classifier;N/A;N/A;N/A;2000;100;113;13200;0,0000;0,0000;0,0000;0,0000;0,0000;0,0000;0;0;0;0
20260614_0117;Consistência_25;classification;AdaptiveRandomForest;Otimizado_FullFeatures;classifier;classifier;classifier;N/A;N/A;N/A;2000;100;114;13300;0,0000;0,0000;0,0000;0,0000;0,0000;0,0000;0;0;0;0
20260614_0117;Consistência_25;classification;AdaptiveRandomForest;Otimizado_FullFeatures;classifier;classifier;classifier;N/A;N/A;N/A;2000;100;115;13400;0,0000;0,0000;0,0000;0,0000;0,0000;0,0000;0;0;0;0
20260614_0117;Consistência_25;classification;AdaptiveRandomForest;Otimizado_FullFeatures;classifier;classifier;classifier;N/A;N/A;N/A;2000;100;116;13500;0,0000;0,0000;0,0000;0,0000;0,0000;0,0000;0;0;0;0
20260614_0117;Consistência_25;classification;AdaptiveRandomForest;Otimizado_FullFeatures;classifier;classifier;classifier;N/A;N/A;N/A;2000;100;117;13600;0,0000;0,0000;0,0000;0,0000;0,0000;0,0000;0;0;0;0
20260614_0117;Consistência_25;classification;AdaptiveRandomForest;Otimizado_FullFeatures;classifier;classifier;classifier;N/A;N/A;N/A;2000;100;118;13700;0,0000;0,0000;0,0000;0,0000;0,0000;0,0000;0;0;0;0
20260614_0117;Consistência_25;classification;AdaptiveRandomForest;Otimizado_FullFeatures;classifier;classifier;classifier;N/A;N/A;N/A;2000;100;119;13800;0,0000;0,0000;0,0000;0,0000;0,0000;0,0000;0;0;0;0
20260614_0117;Consistência_25;classification;AdaptiveRandomForest;Otimizado_FullFeatures;classifier;classifier;classifier;N/A;N/A;N/A;2000;100;120;13900;0,0000;0,0000;0,0000;0,0000;0,0000;0,0000;0;0;0;0
20260614_0117;Consistência_25;classification;AdaptiveRandomForest;Otimizado_FullFeatures;classifier;classifier;classifier;N/A;N/A;N/A;2000;100;121;14000;0,0000;0,0000;0,0000;0,0000;0,0000;0,0000;0;0;0;0
20260614_0117;Consistência_25;classification;AdaptiveRandomForest;Otimizado_FullFeatures;classifier;classifier;classifier;N/A;N/A;N/A;2000;100;122;14100;0,0000;0,0000;0,0000;0,0000;0,0000;0,0000;0;0;0;0
20260614_0117;Consistência_25;classification;AdaptiveRandomForest;Otimizado_FullFeatures;classifier;classifier;classifier;N/A;N/A;N/A;2000;100;123;14200;0,0000;0,0000;0,0000;0,0000;0,0000;0,0000;0;0;0;0
20260614_0117;Consistência_25;classification;AdaptiveRandomForest;Otimizado_FullFeatures;classifier;classifier;classifier;N/A;N/A;N/A;2000;100;124;14300;0,0000;0,0000;0,0000;0,0000;0,0000;0,0000;0;0;0;0
20260614_0117;Consistência_25;classification;AdaptiveRandomForest;Otimizado_FullFeatures;classifier;classifier;classifier;N/A;N/A;N/A;2000;100;125;14400;0,0000;0,0000;0,0000;0,0000;0,0000;0,0000;0;0;0;0
20260614_0117;Consistência_25;classification;AdaptiveRandomForest;Otimizado_FullFeatures;classifier;classifier;classifier;N/A;N/A;N/A;2000;100;126;14500;0,0000;0,0000;0,0000;0,0000;0,0000;0,0000;0;0;0;0
20260614_0117;Consistência_25;classification;AdaptiveRandomForest;Otimizado_FullFeatures;classifier;classifier;classifier;N/A;N/A;N/A;2000;100;127;14600;0,0000;0,0000;0,0000;0,0000;0,0000;0,0000;0;0;0;0
20260614_0117;Consistência_25;classification;AdaptiveRandomForest;Otimizado_FullFeatures;classifier;classifier;classifier;N/A;N/A;N/A;2000;100;128;14700;0,0000;0,0000;0,0000;0,0000;0,0000;0,0000;0;0;0;0
20260614_0117;Consistência_25;classification;AdaptiveRandomForest;Otimizado_FullFeatures;classifier;classifier;classifier;N/A;N/A;N/A;2000;100;129;14800;0,0000;0,0000;0,0000;0,0000;0,0000;0,0000;0;0;0;0
20260614_0117;Consistência_25;classification;AdaptiveRandomForest;Otimizado_FullFeatures;classifier;classifier;classifier;N/A;N/A;N/A;2000;100;130;14900;0,0000;0,0000;0,0000;0,0000;0,0000;0,0000;0;0;0;0
20260614_0117;Consistência_25;classification;AdaptiveRandomForest;Otimizado_FullFeatures;classifier;classifier;classifier;N/A;N/A;N/A;2000;100;131;15000;0,0000;0,0000;0,0000;0,0000;0,0000;0,0000;0;0;0;0
20260614_0117;Consistência_200;classification;AdaptiveRandomForest;Otimizado_FullFeatures;classifier;classifier;classifier;N/A;N/A;N/A;2000;100;1;2000;0,0000;0,0000;0,0000;0,0000;0,0000;0,0000;0;0;0;0
20260614_0117;Consistência_200;classification;AdaptiveRandomForest;Otimizado_FullFeatures;classifier;classifier;classifier;N/A;N/A;N/A;2000;100;2;2100;0,0000;0,0000;0,0000;0,0000;0,0000;0,0000;0;0;0;0
20260614_0117;Consistência_200;classification;AdaptiveRandomForest;Otimizado_FullFeatures;classifier;classifier;classifier;N/A;N/A;N/A;2000;100;3;2200;0,0000;0,0000;0,0000;0,0000;0,0000;0,0000;0;0;0;0
20260614_0117;Consistência_200;classification;AdaptiveRandomForest;Otimizado_FullFeatures;classifier;classifier;classifier;N/A;N/A;N/A;2000;100;4;2300;0,0000;0,0000;0,0000;0,0000;0,0000;0,0000;0;0;0;0
20260614_0117;Consistência_200;classification;AdaptiveRandomForest;Otimizado_FullFeatures;classifier;classifier;classifier;N/A;N/A;N/A;2000;100;5;2400;0,0000;0,0000;0,0000;0,0000;0,0000;0,0000;0;0;0;0
20260614_0117;Consistência_200;classification;AdaptiveRandomForest;Otimizado_FullFeatures;classifier;classifier;classifier;N/A;N/A;N/A;2000;100;6;2500;0,0000;0,0000;0,0000;0,0000;0,0000;0,0000;0;0;0;0
20260614_0117;Consistência_200;classification;AdaptiveRandomForest;Otimizado_FullFeatures;classifier;classifier;classifier;N/A;N/A;N/A;2000;100;7;2600;0,0000;0,0000;0,0000;0,0000;0,0000;0,0000;0;0;0;0
20260614_0117;Consistência_200;classification;AdaptiveRandomForest;Otimizado_FullFeatures;classifier;classifier;classifier;N/A;N/A;N/A;2000;100;8;2700;0,0000;0,0000;0,0000;0,0000;0,0000;0,0000;0;0;0;0
20260614_0117;Consistência_200;classification;AdaptiveRandomForest;Otimizado_FullFeatures;classifier;classifier;classifier;N/A;N/A;N/A;2000;100;9;2800;0,0000;0,0000;0,0000;0,0000;0,0000;0,0000;0;0;0;0
20260614_0117;Consistência_200;classification;AdaptiveRandomForest;Otimizado_FullFeatures;classifier;classifier;classifier;N/A;N/A;N/A;2000;100;10;2900;0,0000;0,0000;0,0000;0,0000;0,0000;0,0000;0;0;0;0
20260614_0117;Consistência_200;classification;AdaptiveRandomForest;Otimizado_FullFeatures;classifier;classifier;classifier;N/A;N/A;N/A;2000;100;11;3000;0,0000;0,0000;0,0000;0,0000;0,0000;0,0000;0;0;0;0
20260614_0117;Consistência_200;classification;AdaptiveRandomForest;Otimizado_FullFeatures;classifier;classifier;classifier;N/A;N/A;N/A;2000;100;12;3100;0,0000;0,0000;0,0000;0,0000;0,0000;0,0000;0;0;0;0
20260614_0117;Consistência_200;classification;AdaptiveRandomForest;Otimizado_FullFeatures;classifier;classifier;classifier;N/A;N/A;N/A;2000;100;13;3200;0,0000;0,0000;0,0000;0,0000;0,0000;0,0000;0;0;0;0
20260614_0117;Consistência_200;classification;AdaptiveRandomForest;Otimizado_FullFeatures;classifier;classifier;classifier;N/A;N/A;N/A;2000;100;14;3300;0,0000;0,0000;0,0000;0,0000;0,0000;0,0000;0;0;0;0
20260614_0117;Consistência_200;classification;AdaptiveRandomForest;Otimizado_FullFeatures;classifier;classifier;classifier;N/A;N/A;N/A;2000;100;15;3400;0,0000;0,0000;0,0000;0,0000;0,0000;0,0000;0;0;0;0
20260614_0117;Consistência_200;classification;AdaptiveRandomForest;Otimizado_FullFeatures;classifier;classifier;classifier;N/A;N/A;N/A;2000;100;16;3500;0,0000;0,0000;0,0000;0,0000;0,0000;0,0000;0;0;0;0
20260614_0117;Consistência_200;classification;AdaptiveRandomForest;Otimizado_FullFeatures;classifier;classifier;classifier;N/A;N/A;N/A;2000;100;17;3600;0,0000;0,0000;0,0000;0,0000;0,0000;0,0000;0;0;0;0
20260614_0117;Consistência_200;classification;AdaptiveRandomForest;Otimizado_FullFeatures;classifier;classifier;classifier;N/A;N/A;N/A;2000;100;18;3700;0,0000;0,0000;0,0000;0,0000;0,0000;0,0000;0;0;0;0
20260614_0117;Consistência_200;classification;AdaptiveRandomForest;Otimizado_FullFeatures;classifier;classifier;classifier;N/A;N/A;N/A;2000;100;19;3800;94,1223;0,8128;97,0024;1,6931;91,4286;0,8163;2;1;5;1
20260614_0117;Consistência_200;classification;AdaptiveRandomForest;Otimizado_FullFeatures;classifier;classifier;classifier;N/A;N/A;N/A;2000;100;20;3900;99,6273;0,3043;99,2593;0,6048;100,0000;0,0000;1;1;0;0
20260614_0117;Consistência_200;classification;AdaptiveRandomForest;Otimizado_FullFeatures;classifier;classifier;classifier;N/A;N/A;N/A;2000;100;21;4000;98,9691;0,0000;97,9592;0,0000;100,0000;0,0000;1;0;0;0
20260614_0117;Consistência_200;classification;AdaptiveRandomForest;Otimizado_FullFeatures;classifier;classifier;classifier;N/A;N/A;N/A;2000;100;22;4100;0,0000;0,0000;0,0000;0,0000;0,0000;0,0000;0;0;0;0
20260614_0117;Consistência_200;classification;AdaptiveRandomForest;Otimizado_FullFeatures;classifier;classifier;classifier;N/A;N/A;N/A;2000;100;23;4200;0,0000;0,0000;0,0000;0,0000;0,0000;0,0000;0;0;0;0
20260614_0117;Consistência_200;classification;AdaptiveRandomForest;Otimizado_FullFeatures;classifier;classifier;classifier;N/A;N/A;N/A;2000;100;24;4300;0,0000;0,0000;0,0000;0,0000;0,0000;0,0000;0;0;0;0
20260614_0117;Consistência_200;classification;AdaptiveRandomForest;Otimizado_FullFeatures;classifier;classifier;classifier;N/A;N/A;N/A;2000;100;25;4400;0,0000;0,0000;0,0000;0,0000;0,0000;0,0000;0;0;0;0
20260614_0117;Consistência_200;classification;AdaptiveRandomForest;Otimizado_FullFeatures;classifier;classifier;classifier;N/A;N/A;N/A;2000;100;26;4500;0,0000;0,0000;0,0000;0,0000;0,0000;0,0000;0;0;0;0
20260614_0117;Consistência_200;classification;AdaptiveRandomForest;Otimizado_FullFeatures;classifier;classifier;classifier;N/A;N/A;N/A;2000;100;27;4600;0,0000;0,0000;0,0000;0,0000;0,0000;0,0000;1;1;0;0
20260614_0117;Consistência_200;classification;AdaptiveRandomForest;Otimizado_FullFeatures;classifier;classifier;classifier;N/A;N/A;N/A;2000;100;28;4700;0,0000;0,0000;0,0000;0,0000;0,0000;0,0000;0;0;0;0
20260614_0117;Consistência_200;classification;AdaptiveRandomForest;Otimizado_FullFeatures;classifier;classifier;classifier;N/A;N/A;N/A;2000;100;29;4800;0,0000;0,0000;0,0000;0,0000;0,0000;0,0000;0;0;0;0
20260614_0117;Consistência_200;classification;AdaptiveRandomForest;Otimizado_FullFeatures;classifier;classifier;classifier;N/A;N/A;N/A;2000;100;30;4900;0,0000;0,0000;0,0000;0,0000;0,0000;0,0000;0;0;0;0
20260614_0117;Consistência_200;classification;AdaptiveRandomForest;Otimizado_FullFeatures;classifier;classifier;classifier;N/A;N/A;N/A;2000;100;31;5000;0,0000;0,0000;0,0000;0,0000;0,0000;0,0000;0;0;0;0
20260614_0117;Consistência_200;classification;AdaptiveRandomForest;Otimizado_FullFeatures;classifier;classifier;classifier;N/A;N/A;N/A;2000;100;32;5100;0,0000;0,0000;0,0000;0,0000;0,0000;0,0000;0;0;0;0
20260614_0117;Consistência_200;classification;AdaptiveRandomForest;Otimizado_FullFeatures;classifier;classifier;classifier;N/A;N/A;N/A;2000;100;33;5200;0,0000;0,0000;0,0000;0,0000;0,0000;0,0000;0;0;0;0
20260614_0117;Consistência_200;classification;AdaptiveRandomForest;Otimizado_FullFeatures;classifier;classifier;classifier;N/A;N/A;N/A;2000;100;34;5300;0,0000;0,0000;0,0000;0,0000;0,0000;0,0000;0;0;0;0
20260614_0117;Consistência_200;classification;AdaptiveRandomForest;Otimizado_FullFeatures;classifier;classifier;classifier;N/A;N/A;N/A;2000;100;35;5400;0,0000;0,0000;0,0000;0,0000;0,0000;0,0000;0;0;0;0
20260614_0117;Consistência_200;classification;AdaptiveRandomForest;Otimizado_FullFeatures;classifier;classifier;classifier;N/A;N/A;N/A;2000;100;36;5500;0,0000;0,0000;0,0000;0,0000;0,0000;0,0000;0;0;0;0
20260614_0117;Consistência_200;classification;AdaptiveRandomForest;Otimizado_FullFeatures;classifier;classifier;classifier;N/A;N/A;N/A;2000;100;37;5600;0,0000;0,0000;0,0000;0,0000;0,0000;0,0000;0;0;0;0
20260614_0117;Consistência_200;classification;AdaptiveRandomForest;Otimizado_FullFeatures;classifier;classifier;classifier;N/A;N/A;N/A;2000;100;38;5700;0,0000;0,0000;0,0000;0,0000;0,0000;0,0000;0;0;0;0
20260614_0117;Consistência_200;classification;AdaptiveRandomForest;Otimizado_FullFeatures;classifier;classifier;classifier;N/A;N/A;N/A;2000;100;39;5800;0,0000;0,0000;0,0000;0,0000;0,0000;0,0000;0;0;0;0
20260614_0117;Consistência_200;classification;AdaptiveRandomForest;Otimizado_FullFeatures;classifier;classifier;classifier;N/A;N/A;N/A;2000;100;40;5900;0,0000;0,0000;0,0000;0,0000;0,0000;0,0000;0;0;0;0
20260614_0117;Consistência_200;classification;AdaptiveRandomForest;Otimizado_FullFeatures;classifier;classifier;classifier;N/A;N/A;N/A;2000;100;41;6000;0,0000;0,0000;0,0000;0,0000;0,0000;0,0000;0;0;0;0
20260614_0117;Consistência_200;classification;AdaptiveRandomForest;Otimizado_FullFeatures;classifier;classifier;classifier;N/A;N/A;N/A;2000;100;42;6100;0,0000;0,0000;0,0000;0,0000;0,0000;0,0000;0;0;0;0
20260614_0117;Consistência_200;classification;AdaptiveRandomForest;Otimizado_FullFeatures;classifier;classifier;classifier;N/A;N/A;N/A;2000;100;43;6200;0,0000;0,0000;0,0000;0,0000;0,0000;0,0000;0;0;0;0
20260614_0117;Consistência_200;classification;AdaptiveRandomForest;Otimizado_FullFeatures;classifier;classifier;classifier;N/A;N/A;N/A;2000;100;44;6300;0,0000;0,0000;0,0000;0,0000;0,0000;0,0000;0;0;0;0
20260614_0117;Consistência_200;classification;AdaptiveRandomForest;Otimizado_FullFeatures;classifier;classifier;classifier;N/A;N/A;N/A;2000;100;45;6400;0,0000;0,0000;0,0000;0,0000;0,0000;0,0000;0;0;0;0
20260614_0117;Consistência_200;classification;AdaptiveRandomForest;Otimizado_FullFeatures;classifier;classifier;classifier;N/A;N/A;N/A;2000;100;46;6500;0,0000;0,0000;0,0000;0,0000;0,0000;0,0000;0;0;0;0
20260614_0117;Consistência_200;classification;AdaptiveRandomForest;Otimizado_FullFeatures;classifier;classifier;classifier;N/A;N/A;N/A;2000;100;47;6600;0,0000;0,0000;0,0000;0,0000;0,0000;0,0000;0;0;0;0
20260614_0117;Consistência_200;classification;AdaptiveRandomForest;Otimizado_FullFeatures;classifier;classifier;classifier;N/A;N/A;N/A;2000;100;48;6700;0,0000;0,0000;0,0000;0,0000;0,0000;0,0000;0;0;0;0
20260614_0117;Consistência_200;classification;AdaptiveRandomForest;Otimizado_FullFeatures;classifier;classifier;classifier;N/A;N/A;N/A;2000;100;49;6800;0,0000;0,0000;0,0000;0,0000;0,0000;0,0000;0;0;0;0
20260614_0117;Consistência_200;classification;AdaptiveRandomForest;Otimizado_FullFeatures;classifier;classifier;classifier;N/A;N/A;N/A;2000;100;50;6900;0,0000;0,0000;0,0000;0,0000;0,0000;0,0000;0;0;0;0
20260614_0117;Consistência_200;classification;AdaptiveRandomForest;Otimizado_FullFeatures;classifier;classifier;classifier;N/A;N/A;N/A;2000;100;51;7000;0,0000;0,0000;0,0000;0,0000;0,0000;0,0000;0;0;0;0
20260614_0117;Consistência_200;classification;AdaptiveRandomForest;Otimizado_FullFeatures;classifier;classifier;classifier;N/A;N/A;N/A;2000;100;52;7100;0,0000;0,0000;0,0000;0,0000;0,0000;0,0000;0;0;0;0
20260614_0117;Consistência_200;classification;AdaptiveRandomForest;Otimizado_FullFeatures;classifier;classifier;classifier;N/A;N/A;N/A;2000;100;53;7200;0,0000;0,0000;0,0000;0,0000;0,0000;0,0000;0;0;0;0
20260614_0117;Consistência_200;classification;AdaptiveRandomForest;Otimizado_FullFeatures;classifier;classifier;classifier;N/A;N/A;N/A;2000;100;54;7300;0,0000;0,0000;0,0000;0,0000;0,0000;0,0000;0;0;0;0
20260614_0117;Consistência_200;classification;AdaptiveRandomForest;Otimizado_FullFeatures;classifier;classifier;classifier;N/A;N/A;N/A;2000;100;55;7400;0,0000;0,0000;0,0000;0,0000;0,0000;0,0000;0;0;0;0
20260614_0117;Consistência_200;classification;AdaptiveRandomForest;Otimizado_FullFeatures;classifier;classifier;classifier;N/A;N/A;N/A;2000;100;56;7500;0,0000;0,0000;0,0000;0,0000;0,0000;0,0000;0;0;0;0
20260614_0117;Consistência_200;classification;AdaptiveRandomForest;Otimizado_FullFeatures;classifier;classifier;classifier;N/A;N/A;N/A;2000;100;57;7600;0,0000;0,0000;0,0000;0,0000;0,0000;0,0000;0;0;0;0
20260614_0117;Consistência_200;classification;AdaptiveRandomForest;Otimizado_FullFeatures;classifier;classifier;classifier;N/A;N/A;N/A;2000;100;58;7700;0,0000;0,0000;0,0000;0,0000;0,0000;0,0000;0;0;1;0
20260614_0117;Consistência_200;classification;AdaptiveRandomForest;Otimizado_FullFeatures;classifier;classifier;classifier;N/A;N/A;N/A;2000;100;59;7800;97,8324;0,2115;100,0000;0,0000;95,7576;0,4040;0;0;5;1
20260614_0117;Consistência_200;classification;AdaptiveRandomForest;Otimizado_FullFeatures;classifier;classifier;classifier;N/A;N/A;N/A;2000;100;60;7900;99,3640;0,2139;100,0000;0,0000;98,7368;0,4211;0;0;2;1
20260614_0117;Consistência_200;classification;AdaptiveRandomForest;Otimizado_FullFeatures;classifier;classifier;classifier;N/A;N/A;N/A;2000;100;61;8000;0,0000;0,0000;0,0000;0,0000;0,0000;0,0000;0;0;0;0
20260614_0117;Consistência_200;classification;AdaptiveRandomForest;Otimizado_FullFeatures;classifier;classifier;classifier;N/A;N/A;N/A;2000;100;62;8100;0,0000;0,0000;0,0000;0,0000;0,0000;0,0000;0;0;0;0
20260614_0117;Consistência_200;classification;AdaptiveRandomForest;Otimizado_FullFeatures;classifier;classifier;classifier;N/A;N/A;N/A;2000;100;63;8200;0,0000;0,0000;0,0000;0,0000;0,0000;0,0000;0;0;0;0
20260614_0117;Consistência_200;classification;AdaptiveRandomForest;Otimizado_FullFeatures;classifier;classifier;classifier;N/A;N/A;N/A;2000;100;64;8300;0,0000;0,0000;0,0000;0,0000;0,0000;0,0000;0;0;0;0
20260614_0117;Consistência_200;classification;AdaptiveRandomForest;Otimizado_FullFeatures;classifier;classifier;classifier;N/A;N/A;N/A;2000;100;65;8400;0,0000;0,0000;0,0000;0,0000;0,0000;0,0000;0;0;0;0
20260614_0117;Consistência_200;classification;AdaptiveRandomForest;Otimizado_FullFeatures;classifier;classifier;classifier;N/A;N/A;N/A;2000;100;66;8500;0,0000;0,0000;0,0000;0,0000;0,0000;0,0000;0;0;0;0
20260614_0117;Consistência_200;classification;AdaptiveRandomForest;Otimizado_FullFeatures;classifier;classifier;classifier;N/A;N/A;N/A;2000;100;67;8600;0,0000;0,0000;0,0000;0,0000;0,0000;0,0000;0;0;0;0
20260614_0117;Consistência_200;classification;AdaptiveRandomForest;Otimizado_FullFeatures;classifier;classifier;classifier;N/A;N/A;N/A;2000;100;68;8700;0,0000;0,0000;0,0000;0,0000;0,0000;0,0000;0;0;0;0
20260614_0117;Consistência_200;classification;AdaptiveRandomForest;Otimizado_FullFeatures;classifier;classifier;classifier;N/A;N/A;N/A;2000;100;69;8800;0,0000;0,0000;0,0000;0,0000;0,0000;0,0000;0;0;0;0
20260614_0117;Consistência_200;classification;AdaptiveRandomForest;Otimizado_FullFeatures;classifier;classifier;classifier;N/A;N/A;N/A;2000;100;70;8900;0,0000;0,0000;0,0000;0,0000;0,0000;0,0000;0;0;0;0
20260614_0117;Consistência_200;classification;AdaptiveRandomForest;Otimizado_FullFeatures;classifier;classifier;classifier;N/A;N/A;N/A;2000;100;71;9000;0,0000;0,0000;0,0000;0,0000;0,0000;0,0000;0;0;0;0
20260614_0117;Consistência_200;classification;AdaptiveRandomForest;Otimizado_FullFeatures;classifier;classifier;classifier;N/A;N/A;N/A;2000;100;72;9100;0,0000;0,0000;0,0000;0,0000;0,0000;0,0000;0;0;0;0
20260614_0117;Consistência_200;classification;AdaptiveRandomForest;Otimizado_FullFeatures;classifier;classifier;classifier;N/A;N/A;N/A;2000;100;73;9200;0,0000;0,0000;0,0000;0,0000;0,0000;0,0000;0;0;0;0
20260614_0117;Consistência_200;classification;AdaptiveRandomForest;Otimizado_FullFeatures;classifier;classifier;classifier;N/A;N/A;N/A;2000;100;74;9300;0,0000;0,0000;0,0000;0,0000;0,0000;0,0000;0;0;0;0
20260614_0117;Consistência_200;classification;AdaptiveRandomForest;Otimizado_FullFeatures;classifier;classifier;classifier;N/A;N/A;N/A;2000;100;75;9400;0,0000;0,0000;0,0000;0,0000;0,0000;0,0000;0;0;0;0
20260614_0117;Consistência_200;classification;AdaptiveRandomForest;Otimizado_FullFeatures;classifier;classifier;classifier;N/A;N/A;N/A;2000;100;76;9500;0,0000;0,0000;0,0000;0,0000;0,0000;0,0000;0;0;0;0
20260614_0117;Consistência_200;classification;AdaptiveRandomForest;Otimizado_FullFeatures;classifier;classifier;classifier;N/A;N/A;N/A;2000;100;77;9600;0,0000;0,0000;0,0000;0,0000;0,0000;0,0000;0;0;0;0
20260614_0117;Consistência_200;classification;AdaptiveRandomForest;Otimizado_FullFeatures;classifier;classifier;classifier;N/A;N/A;N/A;2000;100;78;9700;0,0000;0,0000;0,0000;0,0000;0,0000;0,0000;0;0;0;0
20260614_0117;Consistência_200;classification;AdaptiveRandomForest;Otimizado_FullFeatures;classifier;classifier;classifier;N/A;N/A;N/A;2000;100;79;9800;0,0000;0,0000;0,0000;0,0000;0,0000;0,0000;0;0;0;0
20260614_0117;Consistência_200;classification;AdaptiveRandomForest;Otimizado_FullFeatures;classifier;classifier;classifier;N/A;N/A;N/A;2000;100;80;9900;0,0000;0,0000;0,0000;0,0000;0,0000;0,0000;0;0;0;0
20260614_0117;Consistência_200;classification;AdaptiveRandomForest;Otimizado_FullFeatures;classifier;classifier;classifier;N/A;N/A;N/A;2000;100;81;10000;0,0000;0,0000;0,0000;0,0000;0,0000;0,0000;0;0;0;0
20260614_0117;Consistência_200;classification;AdaptiveRandomForest;Otimizado_FullFeatures;classifier;classifier;classifier;N/A;N/A;N/A;2000;100;82;10100;0,0000;0,0000;0,0000;0,0000;0,0000;0,0000;0;0;0;0
20260614_0117;Consistência_200;classification;AdaptiveRandomForest;Otimizado_FullFeatures;classifier;classifier;classifier;N/A;N/A;N/A;2000;100;83;10200;0,0000;0,0000;0,0000;0,0000;0,0000;0,0000;0;0;0;0
20260614_0117;Consistência_200;classification;AdaptiveRandomForest;Otimizado_FullFeatures;classifier;classifier;classifier;N/A;N/A;N/A;2000;100;84;10300;0,0000;0,0000;0,0000;0,0000;0,0000;0,0000;0;0;0;0
20260614_0117;Consistência_200;classification;AdaptiveRandomForest;Otimizado_FullFeatures;classifier;classifier;classifier;N/A;N/A;N/A;2000;100;85;10400;0,0000;0,0000;0,0000;0,0000;0,0000;0,0000;0;0;0;0
20260614_0117;Consistência_200;classification;AdaptiveRandomForest;Otimizado_FullFeatures;classifier;classifier;classifier;N/A;N/A;N/A;2000;100;86;10500;0,0000;0,0000;0,0000;0,0000;0,0000;0,0000;0;0;0;0
20260614_0117;Consistência_200;classification;AdaptiveRandomForest;Otimizado_FullFeatures;classifier;classifier;classifier;N/A;N/A;N/A;2000;100;87;10600;0,0000;0,0000;0,0000;0,0000;0,0000;0,0000;0;0;0;0
20260614_0117;Consistência_200;classification;AdaptiveRandomForest;Otimizado_FullFeatures;classifier;classifier;classifier;N/A;N/A;N/A;2000;100;88;10700;0,0000;0,0000;0,0000;0,0000;0,0000;0,0000;0;0;0;0
20260614_0117;Consistência_200;classification;AdaptiveRandomForest;Otimizado_FullFeatures;classifier;classifier;classifier;N/A;N/A;N/A;2000;100;89;10800;0,0000;0,0000;0,0000;0,0000;0,0000;0,0000;0;0;0;0
20260614_0117;Consistência_200;classification;AdaptiveRandomForest;Otimizado_FullFeatures;classifier;classifier;classifier;N/A;N/A;N/A;2000;100;90;10900;0,0000;0,0000;0,0000;0,0000;0,0000;0,0000;0;0;0;0
20260614_0117;Consistência_200;classification;AdaptiveRandomForest;Otimizado_FullFeatures;classifier;classifier;classifier;N/A;N/A;N/A;2000;100;91;11000;0,0000;0,0000;0,0000;0,0000;0,0000;0,0000;0;0;0;0
20260614_0117;Consistência_200;classification;AdaptiveRandomForest;Otimizado_FullFeatures;classifier;classifier;classifier;N/A;N/A;N/A;2000;100;92;11100;0,0000;0,0000;0,0000;0,0000;0,0000;0,0000;0;0;0;0
20260614_0117;Consistência_200;classification;AdaptiveRandomForest;Otimizado_FullFeatures;classifier;classifier;classifier;N/A;N/A;N/A;2000;100;93;11200;0,0000;0,0000;0,0000;0,0000;0,0000;0,0000;0;0;0;0
20260614_0117;Consistência_200;classification;AdaptiveRandomForest;Otimizado_FullFeatures;classifier;classifier;classifier;N/A;N/A;N/A;2000;100;94;11300;0,0000;0,0000;0,0000;0,0000;0,0000;0,0000;0;0;0;0
20260614_0117;Consistência_200;classification;AdaptiveRandomForest;Otimizado_FullFeatures;classifier;classifier;classifier;N/A;N/A;N/A;2000;100;95;11400;0,0000;0,0000;0,0000;0,0000;0,0000;0,0000;0;0;0;0
20260614_0117;Consistência_200;classification;AdaptiveRandomForest;Otimizado_FullFeatures;classifier;classifier;classifier;N/A;N/A;N/A;2000;100;96;11500;0,0000;0,0000;0,0000;0,0000;0,0000;0,0000;0;0;0;0
20260614_0117;Consistência_200;classification;AdaptiveRandomForest;Otimizado_FullFeatures;classifier;classifier;classifier;N/A;N/A;N/A;2000;100;97;11600;0,0000;0,0000;0,0000;0,0000;0,0000;0,0000;0;0;0;0
20260614_0117;Consistência_200;classification;AdaptiveRandomForest;Otimizado_FullFeatures;classifier;classifier;classifier;N/A;N/A;N/A;2000;100;98;11700;97,3236;0,8493;100,0000;0,0000;94,8000;1,6000;0;0;3;1
20260614_0117;Consistência_200;classification;AdaptiveRandomForest;Otimizado_FullFeatures;classifier;classifier;classifier;N/A;N/A;N/A;2000;100;99;11800;95,2275;1,0520;100,0000;0,0000;90,9091;1,9165;0;0;6;2
20260614_0117;Consistência_200;classification;AdaptiveRandomForest;Otimizado_FullFeatures;classifier;classifier;classifier;N/A;N/A;N/A;2000;100;100;11900;88,8670;1,5764;100,0000;0,0000;80,0000;2,5000;0;0;4;1
20260614_0117;Consistência_200;classification;AdaptiveRandomForest;Otimizado_FullFeatures;classifier;classifier;classifier;N/A;N/A;N/A;2000;100;101;12000;0,0000;0,0000;0,0000;0,0000;0,0000;0,0000;0;0;0;0
20260614_0117;Consistência_200;classification;AdaptiveRandomForest;Otimizado_FullFeatures;classifier;classifier;classifier;N/A;N/A;N/A;2000;100;102;12100;0,0000;0,0000;0,0000;0,0000;0,0000;0,0000;0;0;0;0
20260614_0117;Consistência_200;classification;AdaptiveRandomForest;Otimizado_FullFeatures;classifier;classifier;classifier;N/A;N/A;N/A;2000;100;103;12200;0,0000;0,0000;0,0000;0,0000;0,0000;0,0000;0;0;0;0
20260614_0117;Consistência_200;classification;AdaptiveRandomForest;Otimizado_FullFeatures;classifier;classifier;classifier;N/A;N/A;N/A;2000;100;104;12300;0,0000;0,0000;0,0000;0,0000;0,0000;0,0000;0;0;0;0
20260614_0117;Consistência_200;classification;AdaptiveRandomForest;Otimizado_FullFeatures;classifier;classifier;classifier;N/A;N/A;N/A;2000;100;105;12400;0,0000;0,0000;0,0000;0,0000;0,0000;0,0000;0;0;0;0
20260614_0117;Consistência_200;classification;AdaptiveRandomForest;Otimizado_FullFeatures;classifier;classifier;classifier;N/A;N/A;N/A;2000;100;106;12500;0,0000;0,0000;0,0000;0,0000;0,0000;0,0000;0;0;0;0
20260614_0117;Consistência_200;classification;AdaptiveRandomForest;Otimizado_FullFeatures;classifier;classifier;classifier;N/A;N/A;N/A;2000;100;107;12600;0,0000;0,0000;0,0000;0,0000;0,0000;0,0000;0;0;0;0
20260614_0117;Consistência_200;classification;AdaptiveRandomForest;Otimizado_FullFeatures;classifier;classifier;classifier;N/A;N/A;N/A;2000;100;108;12700;0,0000;0,0000;0,0000;0,0000;0,0000;0,0000;0;0;0;0
20260614_0117;Consistência_200;classification;AdaptiveRandomForest;Otimizado_FullFeatures;classifier;classifier;classifier;N/A;N/A;N/A;2000;100;109;12800;0,0000;0,0000;0,0000;0,0000;0,0000;0,0000;0;0;0;0
20260614_0117;Consistência_200;classification;AdaptiveRandomForest;Otimizado_FullFeatures;classifier;classifier;classifier;N/A;N/A;N/A;2000;100;110;12900;0,0000;0,0000;0,0000;0,0000;0,0000;0,0000;0;0;0;0
20260614_0117;Consistência_200;classification;AdaptiveRandomForest;Otimizado_FullFeatures;classifier;classifier;classifier;N/A;N/A;N/A;2000;100;111;13000;0,0000;0,0000;0,0000;0,0000;0,0000;0,0000;0;0;0;0
20260614_0117;Consistência_200;classification;AdaptiveRandomForest;Otimizado_FullFeatures;classifier;classifier;classifier;N/A;N/A;N/A;2000;100;112;13100;0,0000;0,0000;0,0000;0,0000;0,0000;0,0000;0;0;0;0
20260614_0117;Consistência_200;classification;AdaptiveRandomForest;Otimizado_FullFeatures;classifier;classifier;classifier;N/A;N/A;N/A;2000;100;113;13200;0,0000;0,0000;0,0000;0,0000;0,0000;0,0000;0;0;0;0
20260614_0117;Consistência_200;classification;AdaptiveRandomForest;Otimizado_FullFeatures;classifier;classifier;classifier;N/A;N/A;N/A;2000;100;114;13300;0,0000;0,0000;0,0000;0,0000;0,0000;0,0000;0;0;0;0
20260614_0117;Consistência_200;classification;AdaptiveRandomForest;Otimizado_FullFeatures;classifier;classifier;classifier;N/A;N/A;N/A;2000;100;115;13400;0,0000;0,0000;0,0000;0,0000;0,0000;0,0000;0;0;0;0
20260614_0117;Consistência_200;classification;AdaptiveRandomForest;Otimizado_FullFeatures;classifier;classifier;classifier;N/A;N/A;N/A;2000;100;116;13500;0,0000;0,0000;0,0000;0,0000;0,0000;0,0000;0;0;0;0
20260614_0117;Consistência_200;classification;AdaptiveRandomForest;Otimizado_FullFeatures;classifier;classifier;classifier;N/A;N/A;N/A;2000;100;117;13600;0,0000;0,0000;0,0000;0,0000;0,0000;0,0000;0;0;0;0
20260614_0117;Consistência_200;classification;AdaptiveRandomForest;Otimizado_FullFeatures;classifier;classifier;classifier;N/A;N/A;N/A;2000;100;118;13700;0,0000;0,0000;0,0000;0,0000;0,0000;0,0000;0;0;0;0
20260614_0117;Consistência_200;classification;AdaptiveRandomForest;Otimizado_FullFeatures;classifier;classifier;classifier;N/A;N/A;N/A;2000;100;119;13800;0,0000;0,0000;0,0000;0,0000;0,0000;0,0000;0;0;0;0
20260614_0117;Consistência_200;classification;AdaptiveRandomForest;Otimizado_FullFeatures;classifier;classifier;classifier;N/A;N/A;N/A;2000;100;120;13900;0,0000;0,0000;0,0000;0,0000;0,0000;0,0000;0;0;0;0
20260614_0117;Consistência_200;classification;AdaptiveRandomForest;Otimizado_FullFeatures;classifier;classifier;classifier;N/A;N/A;N/A;2000;100;121;14000;0,0000;0,0000;0,0000;0,0000;0,0000;0,0000;0;0;0;0
20260614_0117;Consistência_200;classification;AdaptiveRandomForest;Otimizado_FullFeatures;classifier;classifier;classifier;N/A;N/A;N/A;2000;100;122;14100;0,0000;0,0000;0,0000;0,0000;0,0000;0,0000;0;0;0;0
20260614_0117;Consistência_200;classification;AdaptiveRandomForest;Otimizado_FullFeatures;classifier;classifier;classifier;N/A;N/A;N/A;2000;100;123;14200;0,0000;0,0000;0,0000;0,0000;0,0000;0,0000;0;0;0;0
20260614_0117;Consistência_200;classification;AdaptiveRandomForest;Otimizado_FullFeatures;classifier;classifier;classifier;N/A;N/A;N/A;2000;100;124;14300;0,0000;0,0000;0,0000;0,0000;0,0000;0,0000;0;0;0;0
20260614_0117;Consistência_200;classification;AdaptiveRandomForest;Otimizado_FullFeatures;classifier;classifier;classifier;N/A;N/A;N/A;2000;100;125;14400;0,0000;0,0000;0,0000;0,0000;0,0000;0,0000;0;0;0;0
20260614_0117;Consistência_200;classification;AdaptiveRandomForest;Otimizado_FullFeatures;classifier;classifier;classifier;N/A;N/A;N/A;2000;100;126;14500;0,0000;0,0000;0,0000;0,0000;0,0000;0,0000;0;0;0;0
20260614_0117;Consistência_200;classification;AdaptiveRandomForest;Otimizado_FullFeatures;classifier;classifier;classifier;N/A;N/A;N/A;2000;100;127;14600;0,0000;0,0000;0,0000;0,0000;0,0000;0,0000;0;0;0;0
20260614_0117;Consistência_200;classification;AdaptiveRandomForest;Otimizado_FullFeatures;classifier;classifier;classifier;N/A;N/A;N/A;2000;100;128;14700;0,0000;0,0000;0,0000;0,0000;0,0000;0,0000;0;0;0;0
20260614_0117;Consistência_200;classification;AdaptiveRandomForest;Otimizado_FullFeatures;classifier;classifier;classifier;N/A;N/A;N/A;2000;100;129;14800;0,0000;0,0000;0,0000;0,0000;0,0000;0,0000;0;0;0;0
20260614_0117;Consistência_200;classification;AdaptiveRandomForest;Otimizado_FullFeatures;classifier;classifier;classifier;N/A;N/A;N/A;2000;100;130;14900;0,0000;0,0000;0,0000;0,0000;0,0000;0,0000;0;0;0;0
20260614_0117;Consistência_200;classification;AdaptiveRandomForest;Otimizado_FullFeatures;classifier;classifier;classifier;N/A;N/A;N/A;2000;100;131;15000;0,0000;0,0000;0,0000;0,0000;0,0000;0,0000;0;0;0;0
20260614_0117;Consistência_200;classification;AdaptiveRandomForest;Otimizado_FullFeatures;classifier;classifier;classifier;N/A;N/A;N/A;2000;100;132;15100;0,0000;0,0000;0,0000;0,0000;0,0000;0,0000;0;0;0;0
20260614_0117;Consistência_200;classification;AdaptiveRandomForest;Otimizado_FullFeatures;classifier;classifier;classifier;N/A;N/A;N/A;2000;100;133;15200;0,0000;0,0000;0,0000;0,0000;0,0000;0,0000;0;0;0;0
20260614_0117;Consistência_200;classification;AdaptiveRandomForest;Otimizado_FullFeatures;classifier;classifier;classifier;N/A;N/A;N/A;2000;100;134;15300;0,0000;0,0000;0,0000;0,0000;0,0000;0,0000;0;0;0;0
20260614_0117;Consistência_200;classification;AdaptiveRandomForest;Otimizado_FullFeatures;classifier;classifier;classifier;N/A;N/A;N/A;2000;100;135;15400;0,0000;0,0000;0,0000;0,0000;0,0000;0,0000;0;0;0;0
20260614_0117;Consistência_200;classification;AdaptiveRandomForest;Otimizado_FullFeatures;classifier;classifier;classifier;N/A;N/A;N/A;2000;100;136;15500;0,0000;0,0000;0,0000;0,0000;0,0000;0,0000;0;0;0;0
20260614_0117;Consistência_1000;classification;AdaptiveRandomForest;Otimizado_FullFeatures;classifier;classifier;classifier;N/A;N/A;N/A;2000;100;1;2000;0,0000;0,0000;0,0000;0,0000;0,0000;0,0000;0;0;0;0
20260614_0117;Consistência_1000;classification;AdaptiveRandomForest;Otimizado_FullFeatures;classifier;classifier;classifier;N/A;N/A;N/A;2000;100;2;2100;0,0000;0,0000;0,0000;0,0000;0,0000;0,0000;0;0;0;0
20260614_0117;Consistência_1000;classification;AdaptiveRandomForest;Otimizado_FullFeatures;classifier;classifier;classifier;N/A;N/A;N/A;2000;100;3;2200;0,0000;0,0000;0,0000;0,0000;0,0000;0,0000;0;0;0;0
20260614_0117;Consistência_1000;classification;AdaptiveRandomForest;Otimizado_FullFeatures;classifier;classifier;classifier;N/A;N/A;N/A;2000;100;4;2300;0,0000;0,0000;0,0000;0,0000;0,0000;0,0000;0;0;0;0
20260614_0117;Consistência_1000;classification;AdaptiveRandomForest;Otimizado_FullFeatures;classifier;classifier;classifier;N/A;N/A;N/A;2000;100;5;2400;0,0000;0,0000;0,0000;0,0000;0,0000;0,0000;0;0;0;0
20260614_0117;Consistência_1000;classification;AdaptiveRandomForest;Otimizado_FullFeatures;classifier;classifier;classifier;N/A;N/A;N/A;2000;100;6;2500;0,0000;0,0000;0,0000;0,0000;0,0000;0,0000;0;0;0;0
20260614_0117;Consistência_1000;classification;AdaptiveRandomForest;Otimizado_FullFeatures;classifier;classifier;classifier;N/A;N/A;N/A;2000;100;7;2600;0,0000;0,0000;0,0000;0,0000;0,0000;0,0000;0;0;0;0
20260614_0117;Consistência_1000;classification;AdaptiveRandomForest;Otimizado_FullFeatures;classifier;classifier;classifier;N/A;N/A;N/A;2000;100;8;2700;0,0000;0,0000;0,0000;0,0000;0,0000;0,0000;0;0;0;0
20260614_0117;Consistência_1000;classification;AdaptiveRandomForest;Otimizado_FullFeatures;classifier;classifier;classifier;N/A;N/A;N/A;2000;100;9;2800;0,0000;0,0000;0,0000;0,0000;0,0000;0,0000;0;0;0;0
20260614_0117;Consistência_1000;classification;AdaptiveRandomForest;Otimizado_FullFeatures;classifier;classifier;classifier;N/A;N/A;N/A;2000;100;10;2900;0,0000;0,0000;0,0000;0,0000;0,0000;0,0000;0;0;0;0
20260614_0117;Consistência_1000;classification;AdaptiveRandomForest;Otimizado_FullFeatures;classifier;classifier;classifier;N/A;N/A;N/A;2000;100;11;3000;0,0000;0,0000;0,0000;0,0000;0,0000;0,0000;0;0;0;0
20260614_0117;Consistência_1000;classification;AdaptiveRandomForest;Otimizado_FullFeatures;classifier;classifier;classifier;N/A;N/A;N/A;2000;100;12;3100;0,0000;0,0000;0,0000;0,0000;0,0000;0,0000;0;0;0;0
20260614_0117;Consistência_1000;classification;AdaptiveRandomForest;Otimizado_FullFeatures;classifier;classifier;classifier;N/A;N/A;N/A;2000;100;13;3200;0,0000;0,0000;0,0000;0,0000;0,0000;0,0000;0;0;0;0
20260614_0117;Consistência_1000;classification;AdaptiveRandomForest;Otimizado_FullFeatures;classifier;classifier;classifier;N/A;N/A;N/A;2000;100;14;3300;0,0000;0,0000;0,0000;0,0000;0,0000;0,0000;0;0;0;0
20260614_0117;Consistência_1000;classification;AdaptiveRandomForest;Otimizado_FullFeatures;classifier;classifier;classifier;N/A;N/A;N/A;2000;100;15;3400;0,0000;0,0000;0,0000;0,0000;0,0000;0,0000;0;0;0;0
20260614_0117;Consistência_1000;classification;AdaptiveRandomForest;Otimizado_FullFeatures;classifier;classifier;classifier;N/A;N/A;N/A;2000;100;16;3500;0,0000;0,0000;0,0000;0,0000;0,0000;0,0000;0;0;0;0
20260614_0117;Consistência_1000;classification;AdaptiveRandomForest;Otimizado_FullFeatures;classifier;classifier;classifier;N/A;N/A;N/A;2000;100;17;3600;0,0000;0,0000;0,0000;0,0000;0,0000;0,0000;0;0;0;0
20260614_0117;Consistência_1000;classification;AdaptiveRandomForest;Otimizado_FullFeatures;classifier;classifier;classifier;N/A;N/A;N/A;2000;100;18;3700;0,0000;0,0000;0,0000;0,0000;0,0000;0,0000;0;0;0;0
20260614_0117;Consistência_1000;classification;AdaptiveRandomForest;Otimizado_FullFeatures;classifier;classifier;classifier;N/A;N/A;N/A;2000;100;19;3800;95,7447;0,0000;100,0000;0,0000;91,8367;0,0000;0;0;4;0
20260614_0117;Consistência_1000;classification;AdaptiveRandomForest;Otimizado_FullFeatures;classifier;classifier;classifier;N/A;N/A;N/A;2000;100;20;3900;96,8306;0,4453;94,5341;0,8776;99,2500;0,6124;5;1;1;1
20260614_0117;Consistência_1000;classification;AdaptiveRandomForest;Otimizado_FullFeatures;classifier;classifier;classifier;N/A;N/A;N/A;2000;100;21;4000;100,0000;0,0000;100,0000;0,0000;100,0000;0,0000;0;0;0;0
20260614_0117;Consistência_1000;classification;AdaptiveRandomForest;Otimizado_FullFeatures;classifier;classifier;classifier;N/A;N/A;N/A;2000;100;22;4100;98,5641;0,3781;97,1716;0,7341;100,0000;0,0000;3;1;0;0
20260614_0117;Consistência_1000;classification;AdaptiveRandomForest;Otimizado_FullFeatures;classifier;classifier;classifier;N/A;N/A;N/A;2000;100;23;4200;99,4924;0,0000;100,0000;0,0000;98,9899;0,0000;0;0;1;0
20260614_0117;Consistência_1000;classification;AdaptiveRandomForest;Otimizado_FullFeatures;classifier;classifier;classifier;N/A;N/A;N/A;2000;100;24;4300;95,2433;0,7022;90,9271;1,2825;100,0000;0,0000;7;2;0;0
20260614_0117;Consistência_1000;classification;AdaptiveRandomForest;Otimizado_FullFeatures;classifier;classifier;classifier;N/A;N/A;N/A;2000;100;25;4400;89,6970;0,9897;92,6407;2,1208;86,9565;0,0000;2;1;3;0
20260614_0117;Consistência_1000;classification;AdaptiveRandomForest;Otimizado_FullFeatures;classifier;classifier;classifier;N/A;N/A;N/A;2000;100;26;4500;92,3077;0,0000;100,0000;0,0000;85,7143;0,0000;0;0;2;0
20260614_0117;Consistência_1000;classification;AdaptiveRandomForest;Otimizado_FullFeatures;classifier;classifier;classifier;N/A;N/A;N/A;2000;100;27;4600;99,7633;0,2899;100,0000;0,0000;99,5294;0,5764;0;0;1;1
20260614_0117;Consistência_1000;classification;AdaptiveRandomForest;Otimizado_FullFeatures;classifier;classifier;classifier;N/A;N/A;N/A;2000;100;28;4700;100,0000;0,0000;100,0000;0,0000;100,0000;0,0000;0;0;0;0
20260614_0117;Consistência_1000;classification;AdaptiveRandomForest;Otimizado_FullFeatures;classifier;classifier;classifier;N/A;N/A;N/A;2000;100;29;4800;100,0000;0,0000;100,0000;0,0000;100,0000;0,0000;0;0;0;0
20260614_0117;Consistência_1000;classification;AdaptiveRandomForest;Otimizado_FullFeatures;classifier;classifier;classifier;N/A;N/A;N/A;2000;100;30;4900;0,0000;0,0000;0,0000;0,0000;0,0000;0,0000;0;0;0;0
20260614_0117;Consistência_1000;classification;AdaptiveRandomForest;Otimizado_FullFeatures;classifier;classifier;classifier;N/A;N/A;N/A;2000;100;31;5000;0,0000;0,0000;0,0000;0,0000;0,0000;0,0000;3;1;0;0
20260614_0117;Consistência_1000;classification;AdaptiveRandomForest;Otimizado_FullFeatures;classifier;classifier;classifier;N/A;N/A;N/A;2000;100;32;5100;0,0000;0,0000;0,0000;0,0000;0,0000;0,0000;0;0;0;0
20260614_0117;Consistência_1000;classification;AdaptiveRandomForest;Otimizado_FullFeatures;classifier;classifier;classifier;N/A;N/A;N/A;2000;100;33;5200;0,0000;0,0000;0,0000;0,0000;0,0000;0,0000;0;0;0;0
20260614_0117;Consistência_1000;classification;AdaptiveRandomForest;Otimizado_FullFeatures;classifier;classifier;classifier;N/A;N/A;N/A;2000;100;34;5300;0,0000;0,0000;0,0000;0,0000;0,0000;0,0000;0;0;0;0
20260614_0117;Consistência_1000;classification;AdaptiveRandomForest;Otimizado_FullFeatures;classifier;classifier;classifier;N/A;N/A;N/A;2000;100;35;5400;0,0000;0,0000;0,0000;0,0000;0,0000;0,0000;0;0;0;0
20260614_0117;Consistência_1000;classification;AdaptiveRandomForest;Otimizado_FullFeatures;classifier;classifier;classifier;N/A;N/A;N/A;2000;100;36;5500;0,0000;0,0000;0,0000;0,0000;0,0000;0,0000;0;0;0;0
20260614_0117;Consistência_1000;classification;AdaptiveRandomForest;Otimizado_FullFeatures;classifier;classifier;classifier;N/A;N/A;N/A;2000;100;37;5600;0,0000;0,0000;0,0000;0,0000;0,0000;0,0000;4;0;0;0
20260614_0117;Consistência_1000;classification;AdaptiveRandomForest;Otimizado_FullFeatures;classifier;classifier;classifier;N/A;N/A;N/A;2000;100;38;5700;0,0000;0,0000;0,0000;0,0000;0,0000;0,0000;1;0;0;0
20260614_0117;Consistência_1000;classification;AdaptiveRandomForest;Otimizado_FullFeatures;classifier;classifier;classifier;N/A;N/A;N/A;2000;100;39;5800;0,0000;0,0000;0,0000;0,0000;0,0000;0,0000;0;0;0;0
20260614_0117;Consistência_1000;classification;AdaptiveRandomForest;Otimizado_FullFeatures;classifier;classifier;classifier;N/A;N/A;N/A;2000;100;40;5900;0,0000;0,0000;0,0000;0,0000;0,0000;0,0000;0;0;0;0
20260614_0117;Consistência_1000;classification;AdaptiveRandomForest;Otimizado_FullFeatures;classifier;classifier;classifier;N/A;N/A;N/A;2000;100;41;6000;0,0000;0,0000;0,0000;0,0000;0,0000;0,0000;0;0;0;0
20260614_0117;Consistência_1000;classification;AdaptiveRandomForest;Otimizado_FullFeatures;classifier;classifier;classifier;N/A;N/A;N/A;2000;100;42;6100;0,0000;0,0000;0,0000;0,0000;0,0000;0,0000;0;0;0;0
20260614_0117;Consistência_1000;classification;AdaptiveRandomForest;Otimizado_FullFeatures;classifier;classifier;classifier;N/A;N/A;N/A;2000;100;43;6200;0,0000;0,0000;0,0000;0,0000;0,0000;0,0000;0;0;0;0
20260614_0117;Consistência_1000;classification;AdaptiveRandomForest;Otimizado_FullFeatures;classifier;classifier;classifier;N/A;N/A;N/A;2000;100;44;6300;0,0000;0,0000;0,0000;0,0000;0,0000;0,0000;0;0;0;0
20260614_0117;Consistência_1000;classification;AdaptiveRandomForest;Otimizado_FullFeatures;classifier;classifier;classifier;N/A;N/A;N/A;2000;100;45;6400;0,0000;0,0000;0,0000;0,0000;0,0000;0,0000;0;0;0;0
20260614_0117;Consistência_1000;classification;AdaptiveRandomForest;Otimizado_FullFeatures;classifier;classifier;classifier;N/A;N/A;N/A;2000;100;46;6500;0,0000;0,0000;0,0000;0,0000;0,0000;0,0000;0;0;0;0
20260614_0117;Consistência_1000;classification;AdaptiveRandomForest;Otimizado_FullFeatures;classifier;classifier;classifier;N/A;N/A;N/A;2000;100;47;6600;0,0000;0,0000;0,0000;0,0000;0,0000;0,0000;1;1;0;0
20260614_0117;Consistência_1000;classification;AdaptiveRandomForest;Otimizado_FullFeatures;classifier;classifier;classifier;N/A;N/A;N/A;2000;100;48;6700;0,0000;0,0000;0,0000;0,0000;0,0000;0,0000;0;0;0;0
20260614_0117;Consistência_1000;classification;AdaptiveRandomForest;Otimizado_FullFeatures;classifier;classifier;classifier;N/A;N/A;N/A;2000;100;49;6800;0,0000;0,0000;0,0000;0,0000;0,0000;0,0000;0;0;0;0
20260614_0117;Consistência_1000;classification;AdaptiveRandomForest;Otimizado_FullFeatures;classifier;classifier;classifier;N/A;N/A;N/A;2000;100;50;6900;0,0000;0,0000;0,0000;0,0000;0,0000;0,0000;0;0;0;0
20260614_0117;Consistência_1000;classification;AdaptiveRandomForest;Otimizado_FullFeatures;classifier;classifier;classifier;N/A;N/A;N/A;2000;100;51;7000;0,0000;0,0000;0,0000;0,0000;0,0000;0,0000;0;0;0;0
20260614_0117;Consistência_1000;classification;AdaptiveRandomForest;Otimizado_FullFeatures;classifier;classifier;classifier;N/A;N/A;N/A;2000;100;52;7100;0,0000;0,0000;0,0000;0,0000;0,0000;0,0000;0;0;0;0
20260614_0117;Consistência_1000;classification;AdaptiveRandomForest;Otimizado_FullFeatures;classifier;classifier;classifier;N/A;N/A;N/A;2000;100;53;7200;0,0000;0,0000;0,0000;0,0000;0,0000;0,0000;0;0;0;0
20260614_0117;Consistência_1000;classification;AdaptiveRandomForest;Otimizado_FullFeatures;classifier;classifier;classifier;N/A;N/A;N/A;2000;100;54;7300;0,0000;0,0000;0,0000;0,0000;0,0000;0,0000;0;0;0;0
20260614_0117;Consistência_1000;classification;AdaptiveRandomForest;Otimizado_FullFeatures;classifier;classifier;classifier;N/A;N/A;N/A;2000;100;55;7400;0,0000;0,0000;0,0000;0,0000;0,0000;0,0000;0;0;0;0
20260614_0117;Consistência_1000;classification;AdaptiveRandomForest;Otimizado_FullFeatures;classifier;classifier;classifier;N/A;N/A;N/A;2000;100;56;7500;0,0000;0,0000;0,0000;0,0000;0,0000;0,0000;0;0;0;0
20260614_0117;Consistência_1000;classification;AdaptiveRandomForest;Otimizado_FullFeatures;classifier;classifier;classifier;N/A;N/A;N/A;2000;100;57;7600;0,0000;0,0000;0,0000;0,0000;0,0000;0,0000;0;0;0;0
20260614_0117;Consistência_1000;classification;AdaptiveRandomForest;Otimizado_FullFeatures;classifier;classifier;classifier;N/A;N/A;N/A;2000;100;58;7700;0,0000;0,0000;0,0000;0,0000;0,0000;0,0000;0;0;0;0
20260614_0117;Consistência_1000;classification;AdaptiveRandomForest;Otimizado_FullFeatures;classifier;classifier;classifier;N/A;N/A;N/A;2000;100;59;7800;0,0000;0,0000;0,0000;0,0000;0,0000;0,0000;0;0;0;0
20260614_0117;Consistência_1000;classification;AdaptiveRandomForest;Otimizado_FullFeatures;classifier;classifier;classifier;N/A;N/A;N/A;2000;100;60;7900;0,0000;0,0000;0,0000;0,0000;0,0000;0,0000;0;0;0;0
20260614_0117;Consistência_1000;classification;AdaptiveRandomForest;Otimizado_FullFeatures;classifier;classifier;classifier;N/A;N/A;N/A;2000;100;61;8000;0,0000;0,0000;0,0000;0,0000;0,0000;0,0000;0;0;0;0
20260614_0117;Consistência_1000;classification;AdaptiveRandomForest;Otimizado_FullFeatures;classifier;classifier;classifier;N/A;N/A;N/A;2000;100;62;8100;0,0000;0,0000;0,0000;0,0000;0,0000;0,0000;0;0;0;0
20260614_0117;Consistência_1000;classification;AdaptiveRandomForest;Otimizado_FullFeatures;classifier;classifier;classifier;N/A;N/A;N/A;2000;100;63;8200;0,0000;0,0000;0,0000;0,0000;0,0000;0,0000;0;0;0;0
20260614_0117;Consistência_1000;classification;AdaptiveRandomForest;Otimizado_FullFeatures;classifier;classifier;classifier;N/A;N/A;N/A;2000;100;64;8300;0,0000;0,0000;0,0000;0,0000;0,0000;0,0000;0;0;0;0
20260614_0117;Consistência_1000;classification;AdaptiveRandomForest;Otimizado_FullFeatures;classifier;classifier;classifier;N/A;N/A;N/A;2000;100;65;8400;0,0000;0,0000;0,0000;0,0000;0,0000;0,0000;0;0;0;0
20260614_0117;Consistência_1000;classification;AdaptiveRandomForest;Otimizado_FullFeatures;classifier;classifier;classifier;N/A;N/A;N/A;2000;100;66;8500;100,0000;0,0000;100,0000;0,0000;100,0000;0,0000;0;0;0;0
20260614_0117;Consistência_1000;classification;AdaptiveRandomForest;Otimizado_FullFeatures;classifier;classifier;classifier;N/A;N/A;N/A;2000;100;67;8600;98,0955;0,2798;100,0000;0,0000;96,2637;0,5383;0;0;4;1
20260614_0117;Consistência_1000;classification;AdaptiveRandomForest;Otimizado_FullFeatures;classifier;classifier;classifier;N/A;N/A;N/A;2000;100;68;8700;96,4799;0,2137;100,0000;0,0000;93,2000;0,4000;0;0;7;1
20260614_0117;Consistência_1000;classification;AdaptiveRandomForest;Otimizado_FullFeatures;classifier;classifier;classifier;N/A;N/A;N/A;2000;100;69;8800;98,3871;0,0000;100,0000;0,0000;96,8254;0,0000;0;0;2;0
20260614_0117;Consistência_1000;classification;AdaptiveRandomForest;Otimizado_FullFeatures;classifier;classifier;classifier;N/A;N/A;N/A;2000;100;70;8900;98,6466;0,4548;100,0000;0,0000;97,3333;0,8889;0;0;3;1
20260614_0117;Consistência_1000;classification;AdaptiveRandomForest;Otimizado_FullFeatures;classifier;classifier;classifier;N/A;N/A;N/A;2000;100;71;9000;100,0000;0,0000;100,0000;0,0000;100,0000;0,0000;0;0;0;0
20260614_0117;Consistência_1000;classification;AdaptiveRandomForest;Otimizado_FullFeatures;classifier;classifier;classifier;N/A;N/A;N/A;2000;100;72;9100;100,0000;0,0000;100,0000;0,0000;100,0000;0,0000;0;0;0;0
20260614_0117;Consistência_1000;classification;AdaptiveRandomForest;Otimizado_FullFeatures;classifier;classifier;classifier;N/A;N/A;N/A;2000;100;73;9200;98,5351;0,2116;100,0000;0,0000;97,1134;0,4124;0;0;3;1
20260614_0117;Consistência_1000;classification;AdaptiveRandomForest;Otimizado_FullFeatures;classifier;classifier;classifier;N/A;N/A;N/A;2000;100;74;9300;100,0000;0,0000;100,0000;0,0000;100,0000;0,0000;0;0;0;0
20260614_0117;Consistência_1000;classification;AdaptiveRandomForest;Otimizado_FullFeatures;classifier;classifier;classifier;N/A;N/A;N/A;2000;100;75;9400;100,0000;0,0000;100,0000;0,0000;100,0000;0,0000;0;0;0;0
20260614_0117;Consistência_1000;classification;AdaptiveRandomForest;Otimizado_FullFeatures;classifier;classifier;classifier;N/A;N/A;N/A;2000;100;76;9500;100,0000;0,0000;100,0000;0,0000;100,0000;0,0000;0;0;0;0
20260614_0117;Consistência_1000;classification;AdaptiveRandomForest;Otimizado_FullFeatures;classifier;classifier;classifier;N/A;N/A;N/A;2000;100;77;9600;0,0000;0,0000;0,0000;0,0000;0,0000;0,0000;1;1;0;0
20260614_0117;Consistência_1000;classification;AdaptiveRandomForest;Otimizado_FullFeatures;classifier;classifier;classifier;N/A;N/A;N/A;2000;100;78;9700;0,0000;0,0000;0,0000;0,0000;0,0000;0,0000;0;0;0;0
20260614_0117;Consistência_1000;classification;AdaptiveRandomForest;Otimizado_FullFeatures;classifier;classifier;classifier;N/A;N/A;N/A;2000;100;79;9800;0,0000;0,0000;0,0000;0,0000;0,0000;0,0000;0;0;0;0
20260614_0117;Consistência_1000;classification;AdaptiveRandomForest;Otimizado_FullFeatures;classifier;classifier;classifier;N/A;N/A;N/A;2000;100;80;9900;0,0000;0,0000;0,0000;0,0000;0,0000;0,0000;0;0;0;0
20260614_0117;Consistência_1000;classification;AdaptiveRandomForest;Otimizado_FullFeatures;classifier;classifier;classifier;N/A;N/A;N/A;2000;100;81;10000;0,0000;0,0000;0,0000;0,0000;0,0000;0,0000;0;0;0;0
20260614_0117;Consistência_1000;classification;AdaptiveRandomForest;Otimizado_FullFeatures;classifier;classifier;classifier;N/A;N/A;N/A;2000;100;82;10100;0,0000;0,0000;0,0000;0,0000;0,0000;0,0000;1;1;0;0
20260614_0117;Consistência_1000;classification;AdaptiveRandomForest;Otimizado_FullFeatures;classifier;classifier;classifier;N/A;N/A;N/A;2000;100;83;10200;0,0000;0,0000;0,0000;0,0000;0,0000;0,0000;0;0;0;0
20260614_0117;Consistência_1000;classification;AdaptiveRandomForest;Otimizado_FullFeatures;classifier;classifier;classifier;N/A;N/A;N/A;2000;100;84;10300;0,0000;0,0000;0,0000;0,0000;0,0000;0,0000;0;0;0;0
20260614_0117;Consistência_1000;classification;AdaptiveRandomForest;Otimizado_FullFeatures;classifier;classifier;classifier;N/A;N/A;N/A;2000;100;85;10400;0,0000;0,0000;0,0000;0,0000;0,0000;0,0000;0;0;0;0
20260614_0117;Consistência_1000;classification;AdaptiveRandomForest;Otimizado_FullFeatures;classifier;classifier;classifier;N/A;N/A;N/A;2000;100;86;10500;0,0000;0,0000;0,0000;0,0000;0,0000;0,0000;0;0;0;0
20260614_0117;Consistência_1000;classification;AdaptiveRandomForest;Otimizado_FullFeatures;classifier;classifier;classifier;N/A;N/A;N/A;2000;100;87;10600;0,0000;0,0000;0,0000;0,0000;0,0000;0,0000;0;0;0;0
20260614_0117;Consistência_1000;classification;AdaptiveRandomForest;Otimizado_FullFeatures;classifier;classifier;classifier;N/A;N/A;N/A;2000;100;88;10700;0,0000;0,0000;0,0000;0,0000;0,0000;0,0000;1;1;0;0
20260614_0117;Consistência_1000;classification;AdaptiveRandomForest;Otimizado_FullFeatures;classifier;classifier;classifier;N/A;N/A;N/A;2000;100;89;10800;0,0000;0,0000;0,0000;0,0000;0,0000;0,0000;0;0;0;0
20260614_0117;Consistência_1000;classification;AdaptiveRandomForest;Otimizado_FullFeatures;classifier;classifier;classifier;N/A;N/A;N/A;2000;100;90;10900;0,0000;0,0000;0,0000;0,0000;0,0000;0,0000;0;0;0;0
20260614_0117;Consistência_1000;classification;AdaptiveRandomForest;Otimizado_FullFeatures;classifier;classifier;classifier;N/A;N/A;N/A;2000;100;91;11000;0,0000;0,0000;0,0000;0,0000;0,0000;0,0000;0;0;0;0
20260614_0117;Consistência_1000;classification;AdaptiveRandomForest;Otimizado_FullFeatures;classifier;classifier;classifier;N/A;N/A;N/A;2000;100;92;11100;0,0000;0,0000;0,0000;0,0000;0,0000;0,0000;0;0;0;0
20260614_0117;Consistência_1000;classification;AdaptiveRandomForest;Otimizado_FullFeatures;classifier;classifier;classifier;N/A;N/A;N/A;2000;100;93;11200;0,0000;0,0000;0,0000;0,0000;0,0000;0,0000;0;0;0;0
20260614_0117;Consistência_1000;classification;AdaptiveRandomForest;Otimizado_FullFeatures;classifier;classifier;classifier;N/A;N/A;N/A;2000;100;94;11300;0,0000;0,0000;0,0000;0,0000;0,0000;0,0000;0;0;0;0
20260614_0117;Consistência_1000;classification;AdaptiveRandomForest;Otimizado_FullFeatures;classifier;classifier;classifier;N/A;N/A;N/A;2000;100;95;11400;0,0000;0,0000;0,0000;0,0000;0,0000;0,0000;0;0;0;0
20260614_0117;Consistência_1000;classification;AdaptiveRandomForest;Otimizado_FullFeatures;classifier;classifier;classifier;N/A;N/A;N/A;2000;100;96;11500;0,0000;0,0000;0,0000;0,0000;0,0000;0,0000;0;0;0;0
20260614_0117;Consistência_1000;classification;AdaptiveRandomForest;Otimizado_FullFeatures;classifier;classifier;classifier;N/A;N/A;N/A;2000;100;97;11600;0,0000;0,0000;0,0000;0,0000;0,0000;0,0000;0;0;0;0
20260614_0117;Consistência_1000;classification;AdaptiveRandomForest;Otimizado_FullFeatures;classifier;classifier;classifier;N/A;N/A;N/A;2000;100;98;11700;0,0000;0,0000;0,0000;0,0000;0,0000;0,0000;1;0;0;0
20260614_0117;Consistência_1000;classification;AdaptiveRandomForest;Otimizado_FullFeatures;classifier;classifier;classifier;N/A;N/A;N/A;2000;100;99;11800;0,0000;0,0000;0,0000;0,0000;0,0000;0,0000;0;0;0;0
20260614_0117;Consistência_1000;classification;AdaptiveRandomForest;Otimizado_FullFeatures;classifier;classifier;classifier;N/A;N/A;N/A;2000;100;100;11900;0,0000;0,0000;0,0000;0,0000;0,0000;0,0000;0;0;0;0
20260614_0117;Consistência_1000;classification;AdaptiveRandomForest;Otimizado_FullFeatures;classifier;classifier;classifier;N/A;N/A;N/A;2000;100;101;12000;0,0000;0,0000;0,0000;0,0000;0,0000;0,0000;0;0;0;0
20260614_0117;Consistência_1000;classification;AdaptiveRandomForest;Otimizado_FullFeatures;classifier;classifier;classifier;N/A;N/A;N/A;2000;100;102;12100;0,0000;0,0000;0,0000;0,0000;0,0000;0,0000;0;0;0;0
20260614_0117;Consistência_1000;classification;AdaptiveRandomForest;Otimizado_FullFeatures;classifier;classifier;classifier;N/A;N/A;N/A;2000;100;103;12200;0,0000;0,0000;0,0000;0,0000;0,0000;0,0000;0;0;0;0
20260614_0117;Consistência_1000;classification;AdaptiveRandomForest;Otimizado_FullFeatures;classifier;classifier;classifier;N/A;N/A;N/A;2000;100;104;12300;0,0000;0,0000;0,0000;0,0000;0,0000;0,0000;0;0;0;0
20260614_0117;Consistência_1000;classification;AdaptiveRandomForest;Otimizado_FullFeatures;classifier;classifier;classifier;N/A;N/A;N/A;2000;100;105;12400;0,0000;0,0000;0,0000;0,0000;0,0000;0,0000;0;0;0;0
20260614_0117;Consistência_1000;classification;AdaptiveRandomForest;Otimizado_FullFeatures;classifier;classifier;classifier;N/A;N/A;N/A;2000;100;106;12500;0,0000;0,0000;0,0000;0,0000;0,0000;0,0000;0;0;0;0
20260614_0117;Consistência_1000;classification;AdaptiveRandomForest;Otimizado_FullFeatures;classifier;classifier;classifier;N/A;N/A;N/A;2000;100;107;12600;0,0000;0,0000;0,0000;0,0000;0,0000;0,0000;0;0;0;0
20260614_0117;Consistência_1000;classification;AdaptiveRandomForest;Otimizado_FullFeatures;classifier;classifier;classifier;N/A;N/A;N/A;2000;100;108;12700;0,0000;0,0000;0,0000;0,0000;0,0000;0,0000;0;0;0;0
20260614_0117;Consistência_1000;classification;AdaptiveRandomForest;Otimizado_FullFeatures;classifier;classifier;classifier;N/A;N/A;N/A;2000;100;109;12800;0,0000;0,0000;0,0000;0,0000;0,0000;0,0000;0;0;0;0
20260614_0117;Consistência_1000;classification;AdaptiveRandomForest;Otimizado_FullFeatures;classifier;classifier;classifier;N/A;N/A;N/A;2000;100;110;12900;0,0000;0,0000;0,0000;0,0000;0,0000;0,0000;0;0;0;0
20260614_0117;Consistência_1000;classification;AdaptiveRandomForest;Otimizado_FullFeatures;classifier;classifier;classifier;N/A;N/A;N/A;2000;100;111;13000;0,0000;0,0000;0,0000;0,0000;0,0000;0,0000;0;0;0;0
20260614_0117;Consistência_1000;classification;AdaptiveRandomForest;Otimizado_FullFeatures;classifier;classifier;classifier;N/A;N/A;N/A;2000;100;112;13100;0,0000;0,0000;0,0000;0,0000;0,0000;0,0000;1;0;0;0
20260614_0117;Consistência_1000;classification;AdaptiveRandomForest;Otimizado_FullFeatures;classifier;classifier;classifier;N/A;N/A;N/A;2000;100;113;13200;0,0000;0,0000;0,0000;0,0000;0,0000;0,0000;0;0;0;0
20260614_0117;Consistência_1000;classification;AdaptiveRandomForest;Otimizado_FullFeatures;classifier;classifier;classifier;N/A;N/A;N/A;2000;100;114;13300;98,8040;0,7494;100,0000;0,0000;97,6471;1,4673;0;0;2;1
20260614_0117;Consistência_1000;classification;AdaptiveRandomForest;Otimizado_FullFeatures;classifier;classifier;classifier;N/A;N/A;N/A;2000;100;115;13400;100,0000;0,0000;100,0000;0,0000;100,0000;0,0000;0;0;0;0
20260614_0117;Consistência_1000;classification;AdaptiveRandomForest;Otimizado_FullFeatures;classifier;classifier;classifier;N/A;N/A;N/A;2000;100;116;13500;99,4975;0,0000;100,0000;0,0000;99,0000;0,0000;0;0;1;0
20260614_0117;Consistência_1000;classification;AdaptiveRandomForest;Otimizado_FullFeatures;classifier;classifier;classifier;N/A;N/A;N/A;2000;100;117;13600;99,8582;0,2837;100,0000;0,0000;99,7183;0,5634;0;0;1;1
20260614_0117;Consistência_1000;classification;AdaptiveRandomForest;Otimizado_FullFeatures;classifier;classifier;classifier;N/A;N/A;N/A;2000;100;118;13700;100,0000;0,0000;100,0000;0,0000;100,0000;0,0000;0;0;0;0
20260614_0117;Consistência_1000;classification;AdaptiveRandomForest;Otimizado_FullFeatures;classifier;classifier;classifier;N/A;N/A;N/A;2000;100;119;13800;98,8281;0,2162;100,0000;0,0000;97,6842;0,4211;0;0;3;1
20260614_0117;Consistência_1000;classification;AdaptiveRandomForest;Otimizado_FullFeatures;classifier;classifier;classifier;N/A;N/A;N/A;2000;100;120;13900;100,0000;0,0000;100,0000;0,0000;100,0000;0,0000;0;0;0;0
20260614_0117;Consistência_1000;classification;AdaptiveRandomForest;Otimizado_FullFeatures;classifier;classifier;classifier;N/A;N/A;N/A;2000;100;121;14000;100,0000;0,0000;100,0000;0,0000;100,0000;0,0000;0;0;0;0
20260614_0117;Consistência_1000;classification;AdaptiveRandomForest;Otimizado_FullFeatures;classifier;classifier;classifier;N/A;N/A;N/A;2000;100;122;14100;100,0000;0,0000;100,0000;0,0000;100,0000;0,0000;0;0;0;0
20260614_0117;Consistência_1000;classification;AdaptiveRandomForest;Otimizado_FullFeatures;classifier;classifier;classifier;N/A;N/A;N/A;2000;100;123;14200;100,0000;0,0000;100,0000;0,0000;100,0000;0,0000;0;0;0;0
20260614_0117;Consistência_1000;classification;AdaptiveRandomForest;Otimizado_FullFeatures;classifier;classifier;classifier;N/A;N/A;N/A;2000;100;124;14300;100,0000;0,0000;100,0000;0,0000;100,0000;0,0000;0;0;0;0
20260614_0117;Consistência_1000;classification;AdaptiveRandomForest;Otimizado_FullFeatures;classifier;classifier;classifier;N/A;N/A;N/A;2000;100;125;14400;0,0000;0,0000;0,0000;0,0000;0,0000;0,0000;0;0;0;0
20260614_0117;Consistência_1000;classification;AdaptiveRandomForest;Otimizado_FullFeatures;classifier;classifier;classifier;N/A;N/A;N/A;2000;100;126;14500;0,0000;0,0000;0,0000;0,0000;0,0000;0,0000;0;0;0;0
20260614_0117;Consistência_1000;classification;AdaptiveRandomForest;Otimizado_FullFeatures;classifier;classifier;classifier;N/A;N/A;N/A;2000;100;127;14600;0,0000;0,0000;0,0000;0,0000;0,0000;0,0000;0;0;0;0
20260614_0117;Consistência_1000;classification;AdaptiveRandomForest;Otimizado_FullFeatures;classifier;classifier;classifier;N/A;N/A;N/A;2000;100;128;14700;0,0000;0,0000;0,0000;0,0000;0,0000;0,0000;0;0;0;0
20260614_0117;Consistência_1000;classification;AdaptiveRandomForest;Otimizado_FullFeatures;classifier;classifier;classifier;N/A;N/A;N/A;2000;100;129;14800;0,0000;0,0000;0,0000;0,0000;0,0000;0,0000;1;0;0;0
20260614_0117;Consistência_1000;classification;AdaptiveRandomForest;Otimizado_FullFeatures;classifier;classifier;classifier;N/A;N/A;N/A;2000;100;130;14900;0,0000;0,0000;0,0000;0,0000;0,0000;0,0000;0;0;0;0
20260614_0117;Consistência_1000;classification;AdaptiveRandomForest;Otimizado_FullFeatures;classifier;classifier;classifier;N/A;N/A;N/A;2000;100;131;15000;0,0000;0,0000;0,0000;0,0000;0,0000;0,0000;0;0;0;0
20260614_0117;Consistência_1000;classification;AdaptiveRandomForest;Otimizado_FullFeatures;classifier;classifier;classifier;N/A;N/A;N/A;2000;100;132;15100;0,0000;0,0000;0,0000;0,0000;0,0000;0,0000;0;0;0;0
20260614_0117;Consistência_1000;classification;AdaptiveRandomForest;Otimizado_FullFeatures;classifier;classifier;classifier;N/A;N/A;N/A;2000;100;133;15200;0,0000;0,0000;0,0000;0,0000;0,0000;0,0000;0;0;0;0
20260614_0117;Consistência_1000;classification;AdaptiveRandomForest;Otimizado_FullFeatures;classifier;classifier;classifier;N/A;N/A;N/A;2000;100;134;15300;0,0000;0,0000;0,0000;0,0000;0,0000;0,0000;1;1;0;0
20260614_0117;Consistência_1000;classification;AdaptiveRandomForest;Otimizado_FullFeatures;classifier;classifier;classifier;N/A;N/A;N/A;2000;100;135;15400;0,0000;0,0000;0,0000;0,0000;0,0000;0,0000;0;0;0;0
20260614_0117;Consistência_1000;classification;AdaptiveRandomForest;Otimizado_FullFeatures;classifier;classifier;classifier;N/A;N/A;N/A;2000;100;136;15500;0,0000;0,0000;0,0000;0,0000;0,0000;0,0000;0;0;0;0
20260614_0117;Consistência_1000;classification;AdaptiveRandomForest;Otimizado_FullFeatures;classifier;classifier;classifier;N/A;N/A;N/A;2000;100;137;15600;0,0000;0,0000;0,0000;0,0000;0,0000;0,0000;0;0;0;0
20260614_0117;Consistência_1000;classification;AdaptiveRandomForest;Otimizado_FullFeatures;classifier;classifier;classifier;N/A;N/A;N/A;2000;100;138;15700;0,0000;0,0000;0,0000;0,0000;0,0000;0,0000;0;0;0;0
20260614_0117;Consistência_1000;classification;AdaptiveRandomForest;Otimizado_FullFeatures;classifier;classifier;classifier;N/A;N/A;N/A;2000;100;139;15800;0,0000;0,0000;0,0000;0,0000;0,0000;0,0000;0;0;0;0
20260614_0117;Consistência_1000;classification;AdaptiveRandomForest;Otimizado_FullFeatures;classifier;classifier;classifier;N/A;N/A;N/A;2000;100;140;15900;0,0000;0,0000;0,0000;0,0000;0,0000;0,0000;0;0;0;0
20260614_0117;Consistência_1000;classification;AdaptiveRandomForest;Otimizado_FullFeatures;classifier;classifier;classifier;N/A;N/A;N/A;2000;100;141;16000;0,0000;0,0000;0,0000;0,0000;0,0000;0,0000;0;0;0;0
20260614_0117;Consistência_1000;classification;AdaptiveRandomForest;Otimizado_FullFeatures;classifier;classifier;classifier;N/A;N/A;N/A;2000;100;142;16100;0,0000;0,0000;0,0000;0,0000;0,0000;0,0000;0;0;0;0
20260614_0117;Consistência_1000;classification;AdaptiveRandomForest;Otimizado_FullFeatures;classifier;classifier;classifier;N/A;N/A;N/A;2000;100;143;16200;0,0000;0,0000;0,0000;0,0000;0,0000;0,0000;0;0;0;0
20260614_0117;Consistência_1000;classification;AdaptiveRandomForest;Otimizado_FullFeatures;classifier;classifier;classifier;N/A;N/A;N/A;2000;100;144;16300;0,0000;0,0000;0,0000;0,0000;0,0000;0,0000;0;0;0;0
20260614_0117;Consistência_1000;classification;AdaptiveRandomForest;Otimizado_FullFeatures;classifier;classifier;classifier;N/A;N/A;N/A;2000;100;145;16400;0,0000;0,0000;0,0000;0,0000;0,0000;0,0000;0;0;0;0
20260614_0117;Consistência_1000;classification;AdaptiveRandomForest;Otimizado_FullFeatures;classifier;classifier;classifier;N/A;N/A;N/A;2000;100;146;16500;0,0000;0,0000;0,0000;0,0000;0,0000;0,0000;0;0;0;0
20260614_0117;Consistência_1000;classification;AdaptiveRandomForest;Otimizado_FullFeatures;classifier;classifier;classifier;N/A;N/A;N/A;2000;100;147;16600;0,0000;0,0000;0,0000;0,0000;0,0000;0,0000;0;0;0;0
20260614_0117;Consistência_1000;classification;AdaptiveRandomForest;Otimizado_FullFeatures;classifier;classifier;classifier;N/A;N/A;N/A;2000;100;148;16700;0,0000;0,0000;0,0000;0,0000;0,0000;0,0000;0;0;0;0
20260614_0117;Consistência_1000;classification;AdaptiveRandomForest;Otimizado_FullFeatures;classifier;classifier;classifier;N/A;N/A;N/A;2000;100;149;16800;0,0000;0,0000;0,0000;0,0000;0,0000;0,0000;0;0;0;0
20260614_0117;Consistência_1000;classification;AdaptiveRandomForest;Otimizado_FullFeatures;classifier;classifier;classifier;N/A;N/A;N/A;2000;100;150;16900;0,0000;0,0000;0,0000;0,0000;0,0000;0,0000;0;0;0;0
20260614_0117;Consistência_1000;classification;AdaptiveRandomForest;Otimizado_FullFeatures;classifier;classifier;classifier;N/A;N/A;N/A;2000;100;151;17000;0,0000;0,0000;0,0000;0,0000;0,0000;0,0000;0;0;0;0
20260614_0117;Consistência_1000;classification;AdaptiveRandomForest;Otimizado_FullFeatures;classifier;classifier;classifier;N/A;N/A;N/A;2000;100;152;17100;0,0000;0,0000;0,0000;0,0000;0,0000;0,0000;0;0;0;0
20260614_0117;Consistência_1000;classification;AdaptiveRandomForest;Otimizado_FullFeatures;classifier;classifier;classifier;N/A;N/A;N/A;2000;100;153;17200;0,0000;0,0000;0,0000;0,0000;0,0000;0,0000;0;0;0;0
20260614_0117;Consistência_1000;classification;AdaptiveRandomForest;Otimizado_FullFeatures;classifier;classifier;classifier;N/A;N/A;N/A;2000;100;154;17300;0,0000;0,0000;0,0000;0,0000;0,0000;0,0000;0;0;0;0
20260614_0117;Consistência_1000;classification;AdaptiveRandomForest;Otimizado_FullFeatures;classifier;classifier;classifier;N/A;N/A;N/A;2000;100;155;17400;0,0000;0,0000;0,0000;0,0000;0,0000;0,0000;0;0;0;0
20260614_0117;Consistência_1000;classification;AdaptiveRandomForest;Otimizado_FullFeatures;classifier;classifier;classifier;N/A;N/A;N/A;2000;100;156;17500;0,0000;0,0000;0,0000;0,0000;0,0000;0,0000;0;0;0;0
20260614_0117;Consistência_1000;classification;AdaptiveRandomForest;Otimizado_FullFeatures;classifier;classifier;classifier;N/A;N/A;N/A;2000;100;157;17600;0,0000;0,0000;0,0000;0,0000;0,0000;0,0000;0;0;0;0
20260614_0117;Consistência_1000;classification;AdaptiveRandomForest;Otimizado_FullFeatures;classifier;classifier;classifier;N/A;N/A;N/A;2000;100;158;17700;0,0000;0,0000;0,0000;0,0000;0,0000;0,0000;0;0;0;0
20260614_0117;Consistência_1000;classification;AdaptiveRandomForest;Otimizado_FullFeatures;classifier;classifier;classifier;N/A;N/A;N/A;2000;100;159;17800;0,0000;0,0000;0,0000;0,0000;0,0000;0,0000;0;0;0;0
20260614_0117;Consistência_1000;classification;AdaptiveRandomForest;Otimizado_FullFeatures;classifier;classifier;classifier;N/A;N/A;N/A;2000;100;160;17900;0,0000;0,0000;0,0000;0,0000;0,0000;0,0000;0;0;0;0
