Exec_ID;Dataset;Task_Type;Model;Scenario;Strategy;Threshold_Strategy;Decision_Strategy;Decision_Window;Persistence_K;Persistence_N;Warmup;Window_Size;Window_Index;Instance;F1_avg;F1_std;Prec_avg;Prec_std;Rec_avg;Rec_std;FP_avg;FP_std;FN_avg;FN_std
20260614_0639;Consistência_25;classification;HoeffdingTree;Default_FullFeatures;classifier;classifier;classifier;N/A;N/A;N/A;2000;100;1;2000;0,0000;0,0000;0,0000;0,0000;0,0000;0,0000;0;0;0;0
20260614_0639;Consistência_25;classification;HoeffdingTree;Default_FullFeatures;classifier;classifier;classifier;N/A;N/A;N/A;2000;100;2;2100;0,0000;0,0000;0,0000;0,0000;0,0000;0,0000;0;0;0;0
20260614_0639;Consistência_25;classification;HoeffdingTree;Default_FullFeatures;classifier;classifier;classifier;N/A;N/A;N/A;2000;100;3;2200;0,0000;0,0000;0,0000;0,0000;0,0000;0,0000;0;0;0;0
20260614_0639;Consistência_25;classification;HoeffdingTree;Default_FullFeatures;classifier;classifier;classifier;N/A;N/A;N/A;2000;100;4;2300;0,0000;0,0000;0,0000;0,0000;0,0000;0,0000;0;0;0;0
20260614_0639;Consistência_25;classification;HoeffdingTree;Default_FullFeatures;classifier;classifier;classifier;N/A;N/A;N/A;2000;100;5;2400;0,0000;0,0000;0,0000;0,0000;0,0000;0,0000;0;0;0;0
20260614_0639;Consistência_25;classification;HoeffdingTree;Default_FullFeatures;classifier;classifier;classifier;N/A;N/A;N/A;2000;100;6;2500;0,0000;0,0000;0,0000;0,0000;0,0000;0,0000;0;0;0;0
20260614_0639;Consistência_25;classification;HoeffdingTree;Default_FullFeatures;classifier;classifier;classifier;N/A;N/A;N/A;2000;100;7;2600;0,0000;0,0000;0,0000;0,0000;0,0000;0,0000;0;0;0;0
20260614_0639;Consistência_25;classification;HoeffdingTree;Default_FullFeatures;classifier;classifier;classifier;N/A;N/A;N/A;2000;100;8;2700;0,0000;0,0000;0,0000;0,0000;0,0000;0,0000;0;0;0;0
20260614_0639;Consistência_25;classification;HoeffdingTree;Default_FullFeatures;classifier;classifier;classifier;N/A;N/A;N/A;2000;100;9;2800;0,0000;0,0000;0,0000;0,0000;0,0000;0,0000;0;0;0;0
20260614_0639;Consistência_25;classification;HoeffdingTree;Default_FullFeatures;classifier;classifier;classifier;N/A;N/A;N/A;2000;100;10;2900;0,0000;0,0000;0,0000;0,0000;0,0000;0,0000;0;0;0;0
20260614_0639;Consistência_25;classification;HoeffdingTree;Default_FullFeatures;classifier;classifier;classifier;N/A;N/A;N/A;2000;100;11;3000;0,0000;0,0000;0,0000;0,0000;0,0000;0,0000;0;0;0;0
20260614_0639;Consistência_25;classification;HoeffdingTree;Default_FullFeatures;classifier;classifier;classifier;N/A;N/A;N/A;2000;100;12;3100;0,0000;0,0000;0,0000;0,0000;0,0000;0,0000;0;0;0;0
20260614_0639;Consistência_25;classification;HoeffdingTree;Default_FullFeatures;classifier;classifier;classifier;N/A;N/A;N/A;2000;100;13;3200;0,0000;0,0000;0,0000;0,0000;0,0000;0,0000;0;0;0;0
20260614_0639;Consistência_25;classification;HoeffdingTree;Default_FullFeatures;classifier;classifier;classifier;N/A;N/A;N/A;2000;100;14;3300;0,0000;0,0000;0,0000;0,0000;0,0000;0,0000;0;0;0;0
20260614_0639;Consistência_25;classification;HoeffdingTree;Default_FullFeatures;classifier;classifier;classifier;N/A;N/A;N/A;2000;100;15;3400;0,0000;0,0000;0,0000;0,0000;0,0000;0,0000;0;0;0;0
20260614_0639;Consistência_25;classification;HoeffdingTree;Default_FullFeatures;classifier;classifier;classifier;N/A;N/A;N/A;2000;100;16;3500;0,0000;0,0000;0,0000;0,0000;0,0000;0,0000;0;0;0;0
20260614_0639;Consistência_25;classification;HoeffdingTree;Default_FullFeatures;classifier;classifier;classifier;N/A;N/A;N/A;2000;100;17;3600;0,0000;0,0000;0,0000;0,0000;0,0000;0,0000;0;0;0;0
20260614_0639;Consistência_25;classification;HoeffdingTree;Default_FullFeatures;classifier;classifier;classifier;N/A;N/A;N/A;2000;100;18;3700;0,0000;0,0000;0,0000;0,0000;0,0000;0,0000;0;0;0;0
20260614_0639;Consistência_25;classification;HoeffdingTree;Default_FullFeatures;classifier;classifier;classifier;N/A;N/A;N/A;2000;100;19;3800;86,9565;0,0000;95,2381;0,0000;80,0000;0,0000;1;0;5;0
20260614_0639;Consistência_25;classification;HoeffdingTree;Default_FullFeatures;classifier;classifier;classifier;N/A;N/A;N/A;2000;100;20;3900;0,0000;0,0000;0,0000;0,0000;0,0000;0,0000;1;0;0;0
20260614_0639;Consistência_25;classification;HoeffdingTree;Default_FullFeatures;classifier;classifier;classifier;N/A;N/A;N/A;2000;100;21;4000;0,0000;0,0000;0,0000;0,0000;0,0000;0,0000;0;0;0;0
20260614_0639;Consistência_25;classification;HoeffdingTree;Default_FullFeatures;classifier;classifier;classifier;N/A;N/A;N/A;2000;100;22;4100;0,0000;0,0000;0,0000;0,0000;0,0000;0,0000;0;0;0;0
20260614_0639;Consistência_25;classification;HoeffdingTree;Default_FullFeatures;classifier;classifier;classifier;N/A;N/A;N/A;2000;100;23;4200;0,0000;0,0000;0,0000;0,0000;0,0000;0,0000;0;0;0;0
20260614_0639;Consistência_25;classification;HoeffdingTree;Default_FullFeatures;classifier;classifier;classifier;N/A;N/A;N/A;2000;100;24;4300;0,0000;0,0000;0,0000;0,0000;0,0000;0,0000;0;0;0;0
20260614_0639;Consistência_25;classification;HoeffdingTree;Default_FullFeatures;classifier;classifier;classifier;N/A;N/A;N/A;2000;100;25;4400;0,0000;0,0000;0,0000;0,0000;0,0000;0,0000;0;0;0;0
20260614_0639;Consistência_25;classification;HoeffdingTree;Default_FullFeatures;classifier;classifier;classifier;N/A;N/A;N/A;2000;100;26;4500;0,0000;0,0000;0,0000;0,0000;0,0000;0,0000;0;0;0;0
20260614_0639;Consistência_25;classification;HoeffdingTree;Default_FullFeatures;classifier;classifier;classifier;N/A;N/A;N/A;2000;100;27;4600;0,0000;0,0000;0,0000;0,0000;0,0000;0,0000;0;0;0;0
20260614_0639;Consistência_25;classification;HoeffdingTree;Default_FullFeatures;classifier;classifier;classifier;N/A;N/A;N/A;2000;100;28;4700;0,0000;0,0000;0,0000;0,0000;0,0000;0,0000;0;0;0;0
20260614_0639;Consistência_25;classification;HoeffdingTree;Default_FullFeatures;classifier;classifier;classifier;N/A;N/A;N/A;2000;100;29;4800;0,0000;0,0000;0,0000;0,0000;0,0000;0,0000;0;0;0;0
20260614_0639;Consistência_25;classification;HoeffdingTree;Default_FullFeatures;classifier;classifier;classifier;N/A;N/A;N/A;2000;100;30;4900;0,0000;0,0000;0,0000;0,0000;0,0000;0,0000;0;0;0;0
20260614_0639;Consistência_25;classification;HoeffdingTree;Default_FullFeatures;classifier;classifier;classifier;N/A;N/A;N/A;2000;100;31;5000;0,0000;0,0000;0,0000;0,0000;0,0000;0,0000;0;0;0;0
20260614_0639;Consistência_25;classification;HoeffdingTree;Default_FullFeatures;classifier;classifier;classifier;N/A;N/A;N/A;2000;100;32;5100;0,0000;0,0000;0,0000;0,0000;0,0000;0,0000;0;0;0;0
20260614_0639;Consistência_25;classification;HoeffdingTree;Default_FullFeatures;classifier;classifier;classifier;N/A;N/A;N/A;2000;100;33;5200;0,0000;0,0000;0,0000;0,0000;0,0000;0,0000;0;0;0;0
20260614_0639;Consistência_25;classification;HoeffdingTree;Default_FullFeatures;classifier;classifier;classifier;N/A;N/A;N/A;2000;100;34;5300;0,0000;0,0000;0,0000;0,0000;0,0000;0,0000;0;0;0;0
20260614_0639;Consistência_25;classification;HoeffdingTree;Default_FullFeatures;classifier;classifier;classifier;N/A;N/A;N/A;2000;100;35;5400;0,0000;0,0000;0,0000;0,0000;0,0000;0,0000;0;0;0;0
20260614_0639;Consistência_25;classification;HoeffdingTree;Default_FullFeatures;classifier;classifier;classifier;N/A;N/A;N/A;2000;100;36;5500;0,0000;0,0000;0,0000;0,0000;0,0000;0,0000;0;0;0;0
20260614_0639;Consistência_25;classification;HoeffdingTree;Default_FullFeatures;classifier;classifier;classifier;N/A;N/A;N/A;2000;100;37;5600;0,0000;0,0000;0,0000;0,0000;0,0000;0,0000;0;0;0;0
20260614_0639;Consistência_25;classification;HoeffdingTree;Default_FullFeatures;classifier;classifier;classifier;N/A;N/A;N/A;2000;100;38;5700;0,0000;0,0000;0,0000;0,0000;0,0000;0,0000;0;0;0;0
20260614_0639;Consistência_25;classification;HoeffdingTree;Default_FullFeatures;classifier;classifier;classifier;N/A;N/A;N/A;2000;100;39;5800;0,0000;0,0000;0,0000;0,0000;0,0000;0,0000;0;0;0;0
20260614_0639;Consistência_25;classification;HoeffdingTree;Default_FullFeatures;classifier;classifier;classifier;N/A;N/A;N/A;2000;100;40;5900;0,0000;0,0000;0,0000;0,0000;0,0000;0,0000;0;0;0;0
20260614_0639;Consistência_25;classification;HoeffdingTree;Default_FullFeatures;classifier;classifier;classifier;N/A;N/A;N/A;2000;100;41;6000;0,0000;0,0000;0,0000;0,0000;0,0000;0,0000;0;0;0;0
20260614_0639;Consistência_25;classification;HoeffdingTree;Default_FullFeatures;classifier;classifier;classifier;N/A;N/A;N/A;2000;100;42;6100;0,0000;0,0000;0,0000;0,0000;0,0000;0,0000;0;0;0;0
20260614_0639;Consistência_25;classification;HoeffdingTree;Default_FullFeatures;classifier;classifier;classifier;N/A;N/A;N/A;2000;100;43;6200;0,0000;0,0000;0,0000;0,0000;0,0000;0,0000;0;0;0;0
20260614_0639;Consistência_25;classification;HoeffdingTree;Default_FullFeatures;classifier;classifier;classifier;N/A;N/A;N/A;2000;100;44;6300;0,0000;0,0000;0,0000;0,0000;0,0000;0,0000;0;0;0;0
20260614_0639;Consistência_25;classification;HoeffdingTree;Default_FullFeatures;classifier;classifier;classifier;N/A;N/A;N/A;2000;100;45;6400;0,0000;0,0000;0,0000;0,0000;0,0000;0,0000;0;0;0;0
20260614_0639;Consistência_25;classification;HoeffdingTree;Default_FullFeatures;classifier;classifier;classifier;N/A;N/A;N/A;2000;100;46;6500;0,0000;0,0000;0,0000;0,0000;0,0000;0,0000;0;0;0;0
20260614_0639;Consistência_25;classification;HoeffdingTree;Default_FullFeatures;classifier;classifier;classifier;N/A;N/A;N/A;2000;100;47;6600;0,0000;0,0000;0,0000;0,0000;0,0000;0,0000;0;0;0;0
20260614_0639;Consistência_25;classification;HoeffdingTree;Default_FullFeatures;classifier;classifier;classifier;N/A;N/A;N/A;2000;100;48;6700;0,0000;0,0000;0,0000;0,0000;0,0000;0,0000;0;0;0;0
20260614_0639;Consistência_25;classification;HoeffdingTree;Default_FullFeatures;classifier;classifier;classifier;N/A;N/A;N/A;2000;100;49;6800;0,0000;0,0000;0,0000;0,0000;0,0000;0,0000;0;0;0;0
20260614_0639;Consistência_25;classification;HoeffdingTree;Default_FullFeatures;classifier;classifier;classifier;N/A;N/A;N/A;2000;100;50;6900;0,0000;0,0000;0,0000;0,0000;0,0000;0,0000;0;0;0;0
20260614_0639;Consistência_25;classification;HoeffdingTree;Default_FullFeatures;classifier;classifier;classifier;N/A;N/A;N/A;2000;100;51;7000;0,0000;0,0000;0,0000;0,0000;0,0000;0,0000;0;0;0;0
20260614_0639;Consistência_25;classification;HoeffdingTree;Default_FullFeatures;classifier;classifier;classifier;N/A;N/A;N/A;2000;100;52;7100;0,0000;0,0000;0,0000;0,0000;0,0000;0,0000;0;0;0;0
20260614_0639;Consistência_25;classification;HoeffdingTree;Default_FullFeatures;classifier;classifier;classifier;N/A;N/A;N/A;2000;100;53;7200;0,0000;0,0000;0,0000;0,0000;0,0000;0,0000;0;0;0;0
20260614_0639;Consistência_25;classification;HoeffdingTree;Default_FullFeatures;classifier;classifier;classifier;N/A;N/A;N/A;2000;100;54;7300;0,0000;0,0000;0,0000;0,0000;0,0000;0,0000;0;0;0;0
20260614_0639;Consistência_25;classification;HoeffdingTree;Default_FullFeatures;classifier;classifier;classifier;N/A;N/A;N/A;2000;100;55;7400;0,0000;0,0000;0,0000;0,0000;0,0000;0,0000;0;0;0;0
20260614_0639;Consistência_25;classification;HoeffdingTree;Default_FullFeatures;classifier;classifier;classifier;N/A;N/A;N/A;2000;100;56;7500;0,0000;0,0000;0,0000;0,0000;0,0000;0,0000;0;0;0;0
20260614_0639;Consistência_25;classification;HoeffdingTree;Default_FullFeatures;classifier;classifier;classifier;N/A;N/A;N/A;2000;100;57;7600;87,8049;0,0000;100,0000;0,0000;78,2609;0,0000;0;0;5;0
20260614_0639;Consistência_25;classification;HoeffdingTree;Default_FullFeatures;classifier;classifier;classifier;N/A;N/A;N/A;2000;100;58;7700;0,0000;0,0000;0,0000;0,0000;0,0000;0,0000;0;0;0;0
20260614_0639;Consistência_25;classification;HoeffdingTree;Default_FullFeatures;classifier;classifier;classifier;N/A;N/A;N/A;2000;100;59;7800;0,0000;0,0000;0,0000;0,0000;0,0000;0,0000;0;0;0;0
20260614_0639;Consistência_25;classification;HoeffdingTree;Default_FullFeatures;classifier;classifier;classifier;N/A;N/A;N/A;2000;100;60;7900;0,0000;0,0000;0,0000;0,0000;0,0000;0,0000;0;0;0;0
20260614_0639;Consistência_25;classification;HoeffdingTree;Default_FullFeatures;classifier;classifier;classifier;N/A;N/A;N/A;2000;100;61;8000;0,0000;0,0000;0,0000;0,0000;0,0000;0,0000;0;0;0;0
20260614_0639;Consistência_25;classification;HoeffdingTree;Default_FullFeatures;classifier;classifier;classifier;N/A;N/A;N/A;2000;100;62;8100;0,0000;0,0000;0,0000;0,0000;0,0000;0,0000;0;0;0;0
20260614_0639;Consistência_25;classification;HoeffdingTree;Default_FullFeatures;classifier;classifier;classifier;N/A;N/A;N/A;2000;100;63;8200;0,0000;0,0000;0,0000;0,0000;0,0000;0,0000;0;0;0;0
20260614_0639;Consistência_25;classification;HoeffdingTree;Default_FullFeatures;classifier;classifier;classifier;N/A;N/A;N/A;2000;100;64;8300;0,0000;0,0000;0,0000;0,0000;0,0000;0,0000;0;0;0;0
20260614_0639;Consistência_25;classification;HoeffdingTree;Default_FullFeatures;classifier;classifier;classifier;N/A;N/A;N/A;2000;100;65;8400;0,0000;0,0000;0,0000;0,0000;0,0000;0,0000;0;0;0;0
20260614_0639;Consistência_25;classification;HoeffdingTree;Default_FullFeatures;classifier;classifier;classifier;N/A;N/A;N/A;2000;100;66;8500;0,0000;0,0000;0,0000;0,0000;0,0000;0,0000;0;0;0;0
20260614_0639;Consistência_25;classification;HoeffdingTree;Default_FullFeatures;classifier;classifier;classifier;N/A;N/A;N/A;2000;100;67;8600;0,0000;0,0000;0,0000;0,0000;0,0000;0,0000;0;0;0;0
20260614_0639;Consistência_25;classification;HoeffdingTree;Default_FullFeatures;classifier;classifier;classifier;N/A;N/A;N/A;2000;100;68;8700;0,0000;0,0000;0,0000;0,0000;0,0000;0,0000;0;0;0;0
20260614_0639;Consistência_25;classification;HoeffdingTree;Default_FullFeatures;classifier;classifier;classifier;N/A;N/A;N/A;2000;100;69;8800;0,0000;0,0000;0,0000;0,0000;0,0000;0,0000;0;0;0;0
20260614_0639;Consistência_25;classification;HoeffdingTree;Default_FullFeatures;classifier;classifier;classifier;N/A;N/A;N/A;2000;100;70;8900;0,0000;0,0000;0,0000;0,0000;0,0000;0,0000;0;0;0;0
20260614_0639;Consistência_25;classification;HoeffdingTree;Default_FullFeatures;classifier;classifier;classifier;N/A;N/A;N/A;2000;100;71;9000;0,0000;0,0000;0,0000;0,0000;0,0000;0,0000;0;0;0;0
20260614_0639;Consistência_25;classification;HoeffdingTree;Default_FullFeatures;classifier;classifier;classifier;N/A;N/A;N/A;2000;100;72;9100;0,0000;0,0000;0,0000;0,0000;0,0000;0,0000;0;0;0;0
20260614_0639;Consistência_25;classification;HoeffdingTree;Default_FullFeatures;classifier;classifier;classifier;N/A;N/A;N/A;2000;100;73;9200;0,0000;0,0000;0,0000;0,0000;0,0000;0,0000;0;0;0;0
20260614_0639;Consistência_25;classification;HoeffdingTree;Default_FullFeatures;classifier;classifier;classifier;N/A;N/A;N/A;2000;100;74;9300;0,0000;0,0000;0,0000;0,0000;0,0000;0,0000;0;0;0;0
20260614_0639;Consistência_25;classification;HoeffdingTree;Default_FullFeatures;classifier;classifier;classifier;N/A;N/A;N/A;2000;100;75;9400;0,0000;0,0000;0,0000;0,0000;0,0000;0,0000;0;0;0;0
20260614_0639;Consistência_25;classification;HoeffdingTree;Default_FullFeatures;classifier;classifier;classifier;N/A;N/A;N/A;2000;100;76;9500;0,0000;0,0000;0,0000;0,0000;0,0000;0,0000;0;0;0;0
20260614_0639;Consistência_25;classification;HoeffdingTree;Default_FullFeatures;classifier;classifier;classifier;N/A;N/A;N/A;2000;100;77;9600;0,0000;0,0000;0,0000;0,0000;0,0000;0,0000;0;0;0;0
20260614_0639;Consistência_25;classification;HoeffdingTree;Default_FullFeatures;classifier;classifier;classifier;N/A;N/A;N/A;2000;100;78;9700;0,0000;0,0000;0,0000;0,0000;0,0000;0,0000;0;0;0;0
20260614_0639;Consistência_25;classification;HoeffdingTree;Default_FullFeatures;classifier;classifier;classifier;N/A;N/A;N/A;2000;100;79;9800;0,0000;0,0000;0,0000;0,0000;0,0000;0,0000;0;0;0;0
20260614_0639;Consistência_25;classification;HoeffdingTree;Default_FullFeatures;classifier;classifier;classifier;N/A;N/A;N/A;2000;100;80;9900;0,0000;0,0000;0,0000;0,0000;0,0000;0,0000;0;0;0;0
20260614_0639;Consistência_25;classification;HoeffdingTree;Default_FullFeatures;classifier;classifier;classifier;N/A;N/A;N/A;2000;100;81;10000;0,0000;0,0000;0,0000;0,0000;0,0000;0,0000;0;0;0;0
20260614_0639;Consistência_25;classification;HoeffdingTree;Default_FullFeatures;classifier;classifier;classifier;N/A;N/A;N/A;2000;100;82;10100;0,0000;0,0000;0,0000;0,0000;0,0000;0,0000;0;0;0;0
20260614_0639;Consistência_25;classification;HoeffdingTree;Default_FullFeatures;classifier;classifier;classifier;N/A;N/A;N/A;2000;100;83;10200;0,0000;0,0000;0,0000;0,0000;0,0000;0,0000;0;0;0;0
20260614_0639;Consistência_25;classification;HoeffdingTree;Default_FullFeatures;classifier;classifier;classifier;N/A;N/A;N/A;2000;100;84;10300;0,0000;0,0000;0,0000;0,0000;0,0000;0,0000;0;0;0;0
20260614_0639;Consistência_25;classification;HoeffdingTree;Default_FullFeatures;classifier;classifier;classifier;N/A;N/A;N/A;2000;100;85;10400;0,0000;0,0000;0,0000;0,0000;0,0000;0,0000;0;0;0;0
20260614_0639;Consistência_25;classification;HoeffdingTree;Default_FullFeatures;classifier;classifier;classifier;N/A;N/A;N/A;2000;100;86;10500;0,0000;0,0000;0,0000;0,0000;0,0000;0,0000;0;0;0;0
20260614_0639;Consistência_25;classification;HoeffdingTree;Default_FullFeatures;classifier;classifier;classifier;N/A;N/A;N/A;2000;100;87;10600;0,0000;0,0000;0,0000;0,0000;0,0000;0,0000;0;0;0;0
20260614_0639;Consistência_25;classification;HoeffdingTree;Default_FullFeatures;classifier;classifier;classifier;N/A;N/A;N/A;2000;100;88;10700;0,0000;0,0000;0,0000;0,0000;0,0000;0,0000;0;0;0;0
20260614_0639;Consistência_25;classification;HoeffdingTree;Default_FullFeatures;classifier;classifier;classifier;N/A;N/A;N/A;2000;100;89;10800;0,0000;0,0000;0,0000;0,0000;0,0000;0,0000;0;0;0;0
20260614_0639;Consistência_25;classification;HoeffdingTree;Default_FullFeatures;classifier;classifier;classifier;N/A;N/A;N/A;2000;100;90;10900;0,0000;0,0000;0,0000;0,0000;0,0000;0,0000;0;0;0;0
20260614_0639;Consistência_25;classification;HoeffdingTree;Default_FullFeatures;classifier;classifier;classifier;N/A;N/A;N/A;2000;100;91;11000;0,0000;0,0000;0,0000;0,0000;0,0000;0,0000;0;0;0;0
20260614_0639;Consistência_25;classification;HoeffdingTree;Default_FullFeatures;classifier;classifier;classifier;N/A;N/A;N/A;2000;100;92;11100;0,0000;0,0000;0,0000;0,0000;0,0000;0,0000;0;0;0;0
20260614_0639;Consistência_25;classification;HoeffdingTree;Default_FullFeatures;classifier;classifier;classifier;N/A;N/A;N/A;2000;100;93;11200;0,0000;0,0000;0,0000;0,0000;0,0000;0,0000;0;0;0;0
20260614_0639;Consistência_25;classification;HoeffdingTree;Default_FullFeatures;classifier;classifier;classifier;N/A;N/A;N/A;2000;100;94;11300;100,0000;0,0000;100,0000;0,0000;100,0000;0,0000;0;0;0;0
20260614_0639;Consistência_25;classification;HoeffdingTree;Default_FullFeatures;classifier;classifier;classifier;N/A;N/A;N/A;2000;100;95;11400;93,0233;0,0000;100,0000;0,0000;86,9565;0,0000;0;0;3;0
20260614_0639;Consistência_25;classification;HoeffdingTree;Default_FullFeatures;classifier;classifier;classifier;N/A;N/A;N/A;2000;100;96;11500;0,0000;0,0000;0,0000;0,0000;0,0000;0,0000;0;0;0;0
20260614_0639;Consistência_25;classification;HoeffdingTree;Default_FullFeatures;classifier;classifier;classifier;N/A;N/A;N/A;2000;100;97;11600;0,0000;0,0000;0,0000;0,0000;0,0000;0,0000;0;0;0;0
20260614_0639;Consistência_25;classification;HoeffdingTree;Default_FullFeatures;classifier;classifier;classifier;N/A;N/A;N/A;2000;100;98;11700;0,0000;0,0000;0,0000;0,0000;0,0000;0,0000;0;0;0;0
20260614_0639;Consistência_25;classification;HoeffdingTree;Default_FullFeatures;classifier;classifier;classifier;N/A;N/A;N/A;2000;100;99;11800;0,0000;0,0000;0,0000;0,0000;0,0000;0,0000;0;0;0;0
20260614_0639;Consistência_25;classification;HoeffdingTree;Default_FullFeatures;classifier;classifier;classifier;N/A;N/A;N/A;2000;100;100;11900;0,0000;0,0000;0,0000;0,0000;0,0000;0,0000;0;0;0;0
20260614_0639;Consistência_25;classification;HoeffdingTree;Default_FullFeatures;classifier;classifier;classifier;N/A;N/A;N/A;2000;100;101;12000;0,0000;0,0000;0,0000;0,0000;0,0000;0,0000;0;0;0;0
20260614_0639;Consistência_25;classification;HoeffdingTree;Default_FullFeatures;classifier;classifier;classifier;N/A;N/A;N/A;2000;100;102;12100;0,0000;0,0000;0,0000;0,0000;0,0000;0,0000;0;0;0;0
20260614_0639;Consistência_25;classification;HoeffdingTree;Default_FullFeatures;classifier;classifier;classifier;N/A;N/A;N/A;2000;100;103;12200;0,0000;0,0000;0,0000;0,0000;0,0000;0,0000;0;0;0;0
20260614_0639;Consistência_25;classification;HoeffdingTree;Default_FullFeatures;classifier;classifier;classifier;N/A;N/A;N/A;2000;100;104;12300;0,0000;0,0000;0,0000;0,0000;0,0000;0,0000;0;0;0;0
20260614_0639;Consistência_25;classification;HoeffdingTree;Default_FullFeatures;classifier;classifier;classifier;N/A;N/A;N/A;2000;100;105;12400;0,0000;0,0000;0,0000;0,0000;0,0000;0,0000;0;0;0;0
20260614_0639;Consistência_25;classification;HoeffdingTree;Default_FullFeatures;classifier;classifier;classifier;N/A;N/A;N/A;2000;100;106;12500;0,0000;0,0000;0,0000;0,0000;0,0000;0,0000;0;0;0;0
20260614_0639;Consistência_25;classification;HoeffdingTree;Default_FullFeatures;classifier;classifier;classifier;N/A;N/A;N/A;2000;100;107;12600;0,0000;0,0000;0,0000;0,0000;0,0000;0,0000;0;0;0;0
20260614_0639;Consistência_25;classification;HoeffdingTree;Default_FullFeatures;classifier;classifier;classifier;N/A;N/A;N/A;2000;100;108;12700;0,0000;0,0000;0,0000;0,0000;0,0000;0,0000;0;0;0;0
20260614_0639;Consistência_25;classification;HoeffdingTree;Default_FullFeatures;classifier;classifier;classifier;N/A;N/A;N/A;2000;100;109;12800;0,0000;0,0000;0,0000;0,0000;0,0000;0,0000;0;0;0;0
20260614_0639;Consistência_25;classification;HoeffdingTree;Default_FullFeatures;classifier;classifier;classifier;N/A;N/A;N/A;2000;100;110;12900;0,0000;0,0000;0,0000;0,0000;0,0000;0,0000;0;0;0;0
20260614_0639;Consistência_25;classification;HoeffdingTree;Default_FullFeatures;classifier;classifier;classifier;N/A;N/A;N/A;2000;100;111;13000;0,0000;0,0000;0,0000;0,0000;0,0000;0,0000;0;0;0;0
20260614_0639;Consistência_25;classification;HoeffdingTree;Default_FullFeatures;classifier;classifier;classifier;N/A;N/A;N/A;2000;100;112;13100;0,0000;0,0000;0,0000;0,0000;0,0000;0,0000;0;0;0;0
20260614_0639;Consistência_25;classification;HoeffdingTree;Default_FullFeatures;classifier;classifier;classifier;N/A;N/A;N/A;2000;100;113;13200;0,0000;0,0000;0,0000;0,0000;0,0000;0,0000;0;0;0;0
20260614_0639;Consistência_25;classification;HoeffdingTree;Default_FullFeatures;classifier;classifier;classifier;N/A;N/A;N/A;2000;100;114;13300;0,0000;0,0000;0,0000;0,0000;0,0000;0,0000;0;0;0;0
20260614_0639;Consistência_25;classification;HoeffdingTree;Default_FullFeatures;classifier;classifier;classifier;N/A;N/A;N/A;2000;100;115;13400;0,0000;0,0000;0,0000;0,0000;0,0000;0,0000;0;0;0;0
20260614_0639;Consistência_25;classification;HoeffdingTree;Default_FullFeatures;classifier;classifier;classifier;N/A;N/A;N/A;2000;100;116;13500;0,0000;0,0000;0,0000;0,0000;0,0000;0,0000;0;0;0;0
20260614_0639;Consistência_25;classification;HoeffdingTree;Default_FullFeatures;classifier;classifier;classifier;N/A;N/A;N/A;2000;100;117;13600;0,0000;0,0000;0,0000;0,0000;0,0000;0,0000;0;0;0;0
20260614_0639;Consistência_25;classification;HoeffdingTree;Default_FullFeatures;classifier;classifier;classifier;N/A;N/A;N/A;2000;100;118;13700;0,0000;0,0000;0,0000;0,0000;0,0000;0,0000;0;0;0;0
20260614_0639;Consistência_25;classification;HoeffdingTree;Default_FullFeatures;classifier;classifier;classifier;N/A;N/A;N/A;2000;100;119;13800;0,0000;0,0000;0,0000;0,0000;0,0000;0,0000;0;0;0;0
20260614_0639;Consistência_25;classification;HoeffdingTree;Default_FullFeatures;classifier;classifier;classifier;N/A;N/A;N/A;2000;100;120;13900;0,0000;0,0000;0,0000;0,0000;0,0000;0,0000;0;0;0;0
20260614_0639;Consistência_25;classification;HoeffdingTree;Default_FullFeatures;classifier;classifier;classifier;N/A;N/A;N/A;2000;100;121;14000;0,0000;0,0000;0,0000;0,0000;0,0000;0,0000;0;0;0;0
20260614_0639;Consistência_25;classification;HoeffdingTree;Default_FullFeatures;classifier;classifier;classifier;N/A;N/A;N/A;2000;100;122;14100;0,0000;0,0000;0,0000;0,0000;0,0000;0,0000;0;0;0;0
20260614_0639;Consistência_25;classification;HoeffdingTree;Default_FullFeatures;classifier;classifier;classifier;N/A;N/A;N/A;2000;100;123;14200;0,0000;0,0000;0,0000;0,0000;0,0000;0,0000;0;0;0;0
20260614_0639;Consistência_25;classification;HoeffdingTree;Default_FullFeatures;classifier;classifier;classifier;N/A;N/A;N/A;2000;100;124;14300;0,0000;0,0000;0,0000;0,0000;0,0000;0,0000;0;0;0;0
20260614_0639;Consistência_25;classification;HoeffdingTree;Default_FullFeatures;classifier;classifier;classifier;N/A;N/A;N/A;2000;100;125;14400;0,0000;0,0000;0,0000;0,0000;0,0000;0,0000;0;0;0;0
20260614_0639;Consistência_25;classification;HoeffdingTree;Default_FullFeatures;classifier;classifier;classifier;N/A;N/A;N/A;2000;100;126;14500;0,0000;0,0000;0,0000;0,0000;0,0000;0,0000;0;0;0;0
20260614_0639;Consistência_25;classification;HoeffdingTree;Default_FullFeatures;classifier;classifier;classifier;N/A;N/A;N/A;2000;100;127;14600;0,0000;0,0000;0,0000;0,0000;0,0000;0,0000;0;0;0;0
20260614_0639;Consistência_25;classification;HoeffdingTree;Default_FullFeatures;classifier;classifier;classifier;N/A;N/A;N/A;2000;100;128;14700;0,0000;0,0000;0,0000;0,0000;0,0000;0,0000;0;0;0;0
20260614_0639;Consistência_25;classification;HoeffdingTree;Default_FullFeatures;classifier;classifier;classifier;N/A;N/A;N/A;2000;100;129;14800;0,0000;0,0000;0,0000;0,0000;0,0000;0,0000;0;0;0;0
20260614_0639;Consistência_25;classification;HoeffdingTree;Default_FullFeatures;classifier;classifier;classifier;N/A;N/A;N/A;2000;100;130;14900;0,0000;0,0000;0,0000;0,0000;0,0000;0,0000;0;0;0;0
20260614_0639;Consistência_25;classification;HoeffdingTree;Default_FullFeatures;classifier;classifier;classifier;N/A;N/A;N/A;2000;100;131;15000;0,0000;0,0000;0,0000;0,0000;0,0000;0,0000;0;0;0;0
20260614_0639;Consistência_200;classification;HoeffdingTree;Default_FullFeatures;classifier;classifier;classifier;N/A;N/A;N/A;2000;100;1;2000;0,0000;0,0000;0,0000;0,0000;0,0000;0,0000;0;0;0;0
20260614_0639;Consistência_200;classification;HoeffdingTree;Default_FullFeatures;classifier;classifier;classifier;N/A;N/A;N/A;2000;100;2;2100;0,0000;0,0000;0,0000;0,0000;0,0000;0,0000;0;0;0;0
20260614_0639;Consistência_200;classification;HoeffdingTree;Default_FullFeatures;classifier;classifier;classifier;N/A;N/A;N/A;2000;100;3;2200;0,0000;0,0000;0,0000;0,0000;0,0000;0,0000;0;0;0;0
20260614_0639;Consistência_200;classification;HoeffdingTree;Default_FullFeatures;classifier;classifier;classifier;N/A;N/A;N/A;2000;100;4;2300;0,0000;0,0000;0,0000;0,0000;0,0000;0,0000;0;0;0;0
20260614_0639;Consistência_200;classification;HoeffdingTree;Default_FullFeatures;classifier;classifier;classifier;N/A;N/A;N/A;2000;100;5;2400;0,0000;0,0000;0,0000;0,0000;0,0000;0,0000;0;0;0;0
20260614_0639;Consistência_200;classification;HoeffdingTree;Default_FullFeatures;classifier;classifier;classifier;N/A;N/A;N/A;2000;100;6;2500;0,0000;0,0000;0,0000;0,0000;0,0000;0,0000;0;0;0;0
20260614_0639;Consistência_200;classification;HoeffdingTree;Default_FullFeatures;classifier;classifier;classifier;N/A;N/A;N/A;2000;100;7;2600;0,0000;0,0000;0,0000;0,0000;0,0000;0,0000;0;0;0;0
20260614_0639;Consistência_200;classification;HoeffdingTree;Default_FullFeatures;classifier;classifier;classifier;N/A;N/A;N/A;2000;100;8;2700;0,0000;0,0000;0,0000;0,0000;0,0000;0,0000;0;0;0;0
20260614_0639;Consistência_200;classification;HoeffdingTree;Default_FullFeatures;classifier;classifier;classifier;N/A;N/A;N/A;2000;100;9;2800;0,0000;0,0000;0,0000;0,0000;0,0000;0,0000;0;0;0;0
20260614_0639;Consistência_200;classification;HoeffdingTree;Default_FullFeatures;classifier;classifier;classifier;N/A;N/A;N/A;2000;100;10;2900;0,0000;0,0000;0,0000;0,0000;0,0000;0,0000;0;0;0;0
20260614_0639;Consistência_200;classification;HoeffdingTree;Default_FullFeatures;classifier;classifier;classifier;N/A;N/A;N/A;2000;100;11;3000;0,0000;0,0000;0,0000;0,0000;0,0000;0,0000;0;0;0;0
20260614_0639;Consistência_200;classification;HoeffdingTree;Default_FullFeatures;classifier;classifier;classifier;N/A;N/A;N/A;2000;100;12;3100;0,0000;0,0000;0,0000;0,0000;0,0000;0,0000;0;0;0;0
20260614_0639;Consistência_200;classification;HoeffdingTree;Default_FullFeatures;classifier;classifier;classifier;N/A;N/A;N/A;2000;100;13;3200;0,0000;0,0000;0,0000;0,0000;0,0000;0,0000;0;0;0;0
20260614_0639;Consistência_200;classification;HoeffdingTree;Default_FullFeatures;classifier;classifier;classifier;N/A;N/A;N/A;2000;100;14;3300;0,0000;0,0000;0,0000;0,0000;0,0000;0,0000;0;0;0;0
20260614_0639;Consistência_200;classification;HoeffdingTree;Default_FullFeatures;classifier;classifier;classifier;N/A;N/A;N/A;2000;100;15;3400;0,0000;0,0000;0,0000;0,0000;0,0000;0,0000;0;0;0;0
20260614_0639;Consistência_200;classification;HoeffdingTree;Default_FullFeatures;classifier;classifier;classifier;N/A;N/A;N/A;2000;100;16;3500;0,0000;0,0000;0,0000;0,0000;0,0000;0,0000;0;0;0;0
20260614_0639;Consistência_200;classification;HoeffdingTree;Default_FullFeatures;classifier;classifier;classifier;N/A;N/A;N/A;2000;100;17;3600;0,0000;0,0000;0,0000;0,0000;0,0000;0,0000;0;0;0;0
20260614_0639;Consistência_200;classification;HoeffdingTree;Default_FullFeatures;classifier;classifier;classifier;N/A;N/A;N/A;2000;100;18;3700;0,0000;0,0000;0,0000;0,0000;0,0000;0,0000;0;0;0;0
20260614_0639;Consistência_200;classification;HoeffdingTree;Default_FullFeatures;classifier;classifier;classifier;N/A;N/A;N/A;2000;100;19;3800;94,6237;0,0000;100,0000;0,0000;89,7959;0,0000;0;0;5;0
20260614_0639;Consistência_200;classification;HoeffdingTree;Default_FullFeatures;classifier;classifier;classifier;N/A;N/A;N/A;2000;100;20;3900;98,0892;0,0000;100,0000;0,0000;96,2500;0,0000;0;0;3;0
20260614_0639;Consistência_200;classification;HoeffdingTree;Default_FullFeatures;classifier;classifier;classifier;N/A;N/A;N/A;2000;100;21;4000;97,8723;0,0000;100,0000;0,0000;95,8333;0,0000;0;0;2;0
20260614_0639;Consistência_200;classification;HoeffdingTree;Default_FullFeatures;classifier;classifier;classifier;N/A;N/A;N/A;2000;100;22;4100;0,0000;0,0000;0,0000;0,0000;0,0000;0,0000;2;0;0;0
20260614_0639;Consistência_200;classification;HoeffdingTree;Default_FullFeatures;classifier;classifier;classifier;N/A;N/A;N/A;2000;100;23;4200;0,0000;0,0000;0,0000;0,0000;0,0000;0,0000;3;0;0;0
20260614_0639;Consistência_200;classification;HoeffdingTree;Default_FullFeatures;classifier;classifier;classifier;N/A;N/A;N/A;2000;100;24;4300;0,0000;0,0000;0,0000;0,0000;0,0000;0,0000;0;0;0;0
20260614_0639;Consistência_200;classification;HoeffdingTree;Default_FullFeatures;classifier;classifier;classifier;N/A;N/A;N/A;2000;100;25;4400;0,0000;0,0000;0,0000;0,0000;0,0000;0,0000;1;0;0;0
20260614_0639;Consistência_200;classification;HoeffdingTree;Default_FullFeatures;classifier;classifier;classifier;N/A;N/A;N/A;2000;100;26;4500;0,0000;0,0000;0,0000;0,0000;0,0000;0,0000;1;0;0;0
20260614_0639;Consistência_200;classification;HoeffdingTree;Default_FullFeatures;classifier;classifier;classifier;N/A;N/A;N/A;2000;100;27;4600;0,0000;0,0000;0,0000;0,0000;0,0000;0,0000;0;0;0;0
20260614_0639;Consistência_200;classification;HoeffdingTree;Default_FullFeatures;classifier;classifier;classifier;N/A;N/A;N/A;2000;100;28;4700;0,0000;0,0000;0,0000;0,0000;0,0000;0,0000;0;0;0;0
20260614_0639;Consistência_200;classification;HoeffdingTree;Default_FullFeatures;classifier;classifier;classifier;N/A;N/A;N/A;2000;100;29;4800;0,0000;0,0000;0,0000;0,0000;0,0000;0,0000;1;0;0;0
20260614_0639;Consistência_200;classification;HoeffdingTree;Default_FullFeatures;classifier;classifier;classifier;N/A;N/A;N/A;2000;100;30;4900;0,0000;0,0000;0,0000;0,0000;0,0000;0,0000;0;0;0;0
20260614_0639;Consistência_200;classification;HoeffdingTree;Default_FullFeatures;classifier;classifier;classifier;N/A;N/A;N/A;2000;100;31;5000;0,0000;0,0000;0,0000;0,0000;0,0000;0,0000;0;0;0;0
20260614_0639;Consistência_200;classification;HoeffdingTree;Default_FullFeatures;classifier;classifier;classifier;N/A;N/A;N/A;2000;100;32;5100;0,0000;0,0000;0,0000;0,0000;0,0000;0,0000;0;0;0;0
20260614_0639;Consistência_200;classification;HoeffdingTree;Default_FullFeatures;classifier;classifier;classifier;N/A;N/A;N/A;2000;100;33;5200;0,0000;0,0000;0,0000;0,0000;0,0000;0,0000;0;0;0;0
20260614_0639;Consistência_200;classification;HoeffdingTree;Default_FullFeatures;classifier;classifier;classifier;N/A;N/A;N/A;2000;100;34;5300;0,0000;0,0000;0,0000;0,0000;0,0000;0,0000;0;0;0;0
20260614_0639;Consistência_200;classification;HoeffdingTree;Default_FullFeatures;classifier;classifier;classifier;N/A;N/A;N/A;2000;100;35;5400;0,0000;0,0000;0,0000;0,0000;0,0000;0,0000;0;0;0;0
20260614_0639;Consistência_200;classification;HoeffdingTree;Default_FullFeatures;classifier;classifier;classifier;N/A;N/A;N/A;2000;100;36;5500;0,0000;0,0000;0,0000;0,0000;0,0000;0,0000;0;0;0;0
20260614_0639;Consistência_200;classification;HoeffdingTree;Default_FullFeatures;classifier;classifier;classifier;N/A;N/A;N/A;2000;100;37;5600;0,0000;0,0000;0,0000;0,0000;0,0000;0,0000;0;0;0;0
20260614_0639;Consistência_200;classification;HoeffdingTree;Default_FullFeatures;classifier;classifier;classifier;N/A;N/A;N/A;2000;100;38;5700;0,0000;0,0000;0,0000;0,0000;0,0000;0,0000;0;0;0;0
20260614_0639;Consistência_200;classification;HoeffdingTree;Default_FullFeatures;classifier;classifier;classifier;N/A;N/A;N/A;2000;100;39;5800;0,0000;0,0000;0,0000;0,0000;0,0000;0,0000;0;0;0;0
20260614_0639;Consistência_200;classification;HoeffdingTree;Default_FullFeatures;classifier;classifier;classifier;N/A;N/A;N/A;2000;100;40;5900;0,0000;0,0000;0,0000;0,0000;0,0000;0,0000;0;0;0;0
20260614_0639;Consistência_200;classification;HoeffdingTree;Default_FullFeatures;classifier;classifier;classifier;N/A;N/A;N/A;2000;100;41;6000;0,0000;0,0000;0,0000;0,0000;0,0000;0,0000;0;0;0;0
20260614_0639;Consistência_200;classification;HoeffdingTree;Default_FullFeatures;classifier;classifier;classifier;N/A;N/A;N/A;2000;100;42;6100;0,0000;0,0000;0,0000;0,0000;0,0000;0,0000;0;0;0;0
20260614_0639;Consistência_200;classification;HoeffdingTree;Default_FullFeatures;classifier;classifier;classifier;N/A;N/A;N/A;2000;100;43;6200;0,0000;0,0000;0,0000;0,0000;0,0000;0,0000;0;0;0;0
20260614_0639;Consistência_200;classification;HoeffdingTree;Default_FullFeatures;classifier;classifier;classifier;N/A;N/A;N/A;2000;100;44;6300;0,0000;0,0000;0,0000;0,0000;0,0000;0,0000;0;0;0;0
20260614_0639;Consistência_200;classification;HoeffdingTree;Default_FullFeatures;classifier;classifier;classifier;N/A;N/A;N/A;2000;100;45;6400;0,0000;0,0000;0,0000;0,0000;0,0000;0,0000;0;0;0;0
20260614_0639;Consistência_200;classification;HoeffdingTree;Default_FullFeatures;classifier;classifier;classifier;N/A;N/A;N/A;2000;100;46;6500;0,0000;0,0000;0,0000;0,0000;0,0000;0,0000;0;0;0;0
20260614_0639;Consistência_200;classification;HoeffdingTree;Default_FullFeatures;classifier;classifier;classifier;N/A;N/A;N/A;2000;100;47;6600;0,0000;0,0000;0,0000;0,0000;0,0000;0,0000;0;0;0;0
20260614_0639;Consistência_200;classification;HoeffdingTree;Default_FullFeatures;classifier;classifier;classifier;N/A;N/A;N/A;2000;100;48;6700;0,0000;0,0000;0,0000;0,0000;0,0000;0,0000;0;0;0;0
20260614_0639;Consistência_200;classification;HoeffdingTree;Default_FullFeatures;classifier;classifier;classifier;N/A;N/A;N/A;2000;100;49;6800;0,0000;0,0000;0,0000;0,0000;0,0000;0,0000;0;0;0;0
20260614_0639;Consistência_200;classification;HoeffdingTree;Default_FullFeatures;classifier;classifier;classifier;N/A;N/A;N/A;2000;100;50;6900;0,0000;0,0000;0,0000;0,0000;0,0000;0,0000;0;0;0;0
20260614_0639;Consistência_200;classification;HoeffdingTree;Default_FullFeatures;classifier;classifier;classifier;N/A;N/A;N/A;2000;100;51;7000;0,0000;0,0000;0,0000;0,0000;0,0000;0,0000;0;0;0;0
20260614_0639;Consistência_200;classification;HoeffdingTree;Default_FullFeatures;classifier;classifier;classifier;N/A;N/A;N/A;2000;100;52;7100;0,0000;0,0000;0,0000;0,0000;0,0000;0,0000;0;0;0;0
20260614_0639;Consistência_200;classification;HoeffdingTree;Default_FullFeatures;classifier;classifier;classifier;N/A;N/A;N/A;2000;100;53;7200;0,0000;0,0000;0,0000;0,0000;0,0000;0,0000;0;0;0;0
20260614_0639;Consistência_200;classification;HoeffdingTree;Default_FullFeatures;classifier;classifier;classifier;N/A;N/A;N/A;2000;100;54;7300;0,0000;0,0000;0,0000;0,0000;0,0000;0,0000;0;0;0;0
20260614_0639;Consistência_200;classification;HoeffdingTree;Default_FullFeatures;classifier;classifier;classifier;N/A;N/A;N/A;2000;100;55;7400;0,0000;0,0000;0,0000;0,0000;0,0000;0,0000;0;0;0;0
20260614_0639;Consistência_200;classification;HoeffdingTree;Default_FullFeatures;classifier;classifier;classifier;N/A;N/A;N/A;2000;100;56;7500;0,0000;0,0000;0,0000;0,0000;0,0000;0,0000;0;0;0;0
20260614_0639;Consistência_200;classification;HoeffdingTree;Default_FullFeatures;classifier;classifier;classifier;N/A;N/A;N/A;2000;100;57;7600;0,0000;0,0000;0,0000;0,0000;0,0000;0,0000;0;0;0;0
20260614_0639;Consistência_200;classification;HoeffdingTree;Default_FullFeatures;classifier;classifier;classifier;N/A;N/A;N/A;2000;100;58;7700;100,0000;0,0000;100,0000;0,0000;100,0000;0,0000;0;0;0;0
20260614_0639;Consistência_200;classification;HoeffdingTree;Default_FullFeatures;classifier;classifier;classifier;N/A;N/A;N/A;2000;100;59;7800;96,3351;0,0000;100,0000;0,0000;92,9293;0,0000;0;0;7;0
20260614_0639;Consistência_200;classification;HoeffdingTree;Default_FullFeatures;classifier;classifier;classifier;N/A;N/A;N/A;2000;100;60;7900;96,1749;0,0000;100,0000;0,0000;92,6316;0,0000;0;0;7;0
20260614_0639;Consistência_200;classification;HoeffdingTree;Default_FullFeatures;classifier;classifier;classifier;N/A;N/A;N/A;2000;100;61;8000;0,0000;0,0000;0,0000;0,0000;0,0000;0,0000;0;0;0;0
20260614_0639;Consistência_200;classification;HoeffdingTree;Default_FullFeatures;classifier;classifier;classifier;N/A;N/A;N/A;2000;100;62;8100;0,0000;0,0000;0,0000;0,0000;0,0000;0,0000;0;0;0;0
20260614_0639;Consistência_200;classification;HoeffdingTree;Default_FullFeatures;classifier;classifier;classifier;N/A;N/A;N/A;2000;100;63;8200;0,0000;0,0000;0,0000;0,0000;0,0000;0,0000;0;0;0;0
20260614_0639;Consistência_200;classification;HoeffdingTree;Default_FullFeatures;classifier;classifier;classifier;N/A;N/A;N/A;2000;100;64;8300;0,0000;0,0000;0,0000;0,0000;0,0000;0,0000;0;0;0;0
20260614_0639;Consistência_200;classification;HoeffdingTree;Default_FullFeatures;classifier;classifier;classifier;N/A;N/A;N/A;2000;100;65;8400;0,0000;0,0000;0,0000;0,0000;0,0000;0,0000;0;0;0;0
20260614_0639;Consistência_200;classification;HoeffdingTree;Default_FullFeatures;classifier;classifier;classifier;N/A;N/A;N/A;2000;100;66;8500;0,0000;0,0000;0,0000;0,0000;0,0000;0,0000;0;0;0;0
20260614_0639;Consistência_200;classification;HoeffdingTree;Default_FullFeatures;classifier;classifier;classifier;N/A;N/A;N/A;2000;100;67;8600;0,0000;0,0000;0,0000;0,0000;0,0000;0,0000;0;0;0;0
20260614_0639;Consistência_200;classification;HoeffdingTree;Default_FullFeatures;classifier;classifier;classifier;N/A;N/A;N/A;2000;100;68;8700;0,0000;0,0000;0,0000;0,0000;0,0000;0,0000;0;0;0;0
20260614_0639;Consistência_200;classification;HoeffdingTree;Default_FullFeatures;classifier;classifier;classifier;N/A;N/A;N/A;2000;100;69;8800;0,0000;0,0000;0,0000;0,0000;0,0000;0,0000;0;0;0;0
20260614_0639;Consistência_200;classification;HoeffdingTree;Default_FullFeatures;classifier;classifier;classifier;N/A;N/A;N/A;2000;100;70;8900;0,0000;0,0000;0,0000;0,0000;0,0000;0,0000;0;0;0;0
20260614_0639;Consistência_200;classification;HoeffdingTree;Default_FullFeatures;classifier;classifier;classifier;N/A;N/A;N/A;2000;100;71;9000;0,0000;0,0000;0,0000;0,0000;0,0000;0,0000;0;0;0;0
20260614_0639;Consistência_200;classification;HoeffdingTree;Default_FullFeatures;classifier;classifier;classifier;N/A;N/A;N/A;2000;100;72;9100;0,0000;0,0000;0,0000;0,0000;0,0000;0,0000;0;0;0;0
20260614_0639;Consistência_200;classification;HoeffdingTree;Default_FullFeatures;classifier;classifier;classifier;N/A;N/A;N/A;2000;100;73;9200;0,0000;0,0000;0,0000;0,0000;0,0000;0,0000;0;0;0;0
20260614_0639;Consistência_200;classification;HoeffdingTree;Default_FullFeatures;classifier;classifier;classifier;N/A;N/A;N/A;2000;100;74;9300;0,0000;0,0000;0,0000;0,0000;0,0000;0,0000;0;0;0;0
20260614_0639;Consistência_200;classification;HoeffdingTree;Default_FullFeatures;classifier;classifier;classifier;N/A;N/A;N/A;2000;100;75;9400;0,0000;0,0000;0,0000;0,0000;0,0000;0,0000;0;0;0;0
20260614_0639;Consistência_200;classification;HoeffdingTree;Default_FullFeatures;classifier;classifier;classifier;N/A;N/A;N/A;2000;100;76;9500;0,0000;0,0000;0,0000;0,0000;0,0000;0,0000;0;0;0;0
20260614_0639;Consistência_200;classification;HoeffdingTree;Default_FullFeatures;classifier;classifier;classifier;N/A;N/A;N/A;2000;100;77;9600;0,0000;0,0000;0,0000;0,0000;0,0000;0,0000;0;0;0;0
20260614_0639;Consistência_200;classification;HoeffdingTree;Default_FullFeatures;classifier;classifier;classifier;N/A;N/A;N/A;2000;100;78;9700;0,0000;0,0000;0,0000;0,0000;0,0000;0,0000;0;0;0;0
20260614_0639;Consistência_200;classification;HoeffdingTree;Default_FullFeatures;classifier;classifier;classifier;N/A;N/A;N/A;2000;100;79;9800;0,0000;0,0000;0,0000;0,0000;0,0000;0,0000;0;0;0;0
20260614_0639;Consistência_200;classification;HoeffdingTree;Default_FullFeatures;classifier;classifier;classifier;N/A;N/A;N/A;2000;100;80;9900;0,0000;0,0000;0,0000;0,0000;0,0000;0,0000;0;0;0;0
20260614_0639;Consistência_200;classification;HoeffdingTree;Default_FullFeatures;classifier;classifier;classifier;N/A;N/A;N/A;2000;100;81;10000;0,0000;0,0000;0,0000;0,0000;0,0000;0,0000;0;0;0;0
20260614_0639;Consistência_200;classification;HoeffdingTree;Default_FullFeatures;classifier;classifier;classifier;N/A;N/A;N/A;2000;100;82;10100;0,0000;0,0000;0,0000;0,0000;0,0000;0,0000;0;0;0;0
20260614_0639;Consistência_200;classification;HoeffdingTree;Default_FullFeatures;classifier;classifier;classifier;N/A;N/A;N/A;2000;100;83;10200;0,0000;0,0000;0,0000;0,0000;0,0000;0,0000;0;0;0;0
20260614_0639;Consistência_200;classification;HoeffdingTree;Default_FullFeatures;classifier;classifier;classifier;N/A;N/A;N/A;2000;100;84;10300;0,0000;0,0000;0,0000;0,0000;0,0000;0,0000;0;0;0;0
20260614_0639;Consistência_200;classification;HoeffdingTree;Default_FullFeatures;classifier;classifier;classifier;N/A;N/A;N/A;2000;100;85;10400;0,0000;0,0000;0,0000;0,0000;0,0000;0,0000;0;0;0;0
20260614_0639;Consistência_200;classification;HoeffdingTree;Default_FullFeatures;classifier;classifier;classifier;N/A;N/A;N/A;2000;100;86;10500;0,0000;0,0000;0,0000;0,0000;0,0000;0,0000;0;0;0;0
20260614_0639;Consistência_200;classification;HoeffdingTree;Default_FullFeatures;classifier;classifier;classifier;N/A;N/A;N/A;2000;100;87;10600;0,0000;0,0000;0,0000;0,0000;0,0000;0,0000;0;0;0;0
20260614_0639;Consistência_200;classification;HoeffdingTree;Default_FullFeatures;classifier;classifier;classifier;N/A;N/A;N/A;2000;100;88;10700;0,0000;0,0000;0,0000;0,0000;0,0000;0,0000;0;0;0;0
20260614_0639;Consistência_200;classification;HoeffdingTree;Default_FullFeatures;classifier;classifier;classifier;N/A;N/A;N/A;2000;100;89;10800;0,0000;0,0000;0,0000;0,0000;0,0000;0,0000;0;0;0;0
20260614_0639;Consistência_200;classification;HoeffdingTree;Default_FullFeatures;classifier;classifier;classifier;N/A;N/A;N/A;2000;100;90;10900;0,0000;0,0000;0,0000;0,0000;0,0000;0,0000;0;0;0;0
20260614_0639;Consistência_200;classification;HoeffdingTree;Default_FullFeatures;classifier;classifier;classifier;N/A;N/A;N/A;2000;100;91;11000;0,0000;0,0000;0,0000;0,0000;0,0000;0,0000;0;0;0;0
20260614_0639;Consistência_200;classification;HoeffdingTree;Default_FullFeatures;classifier;classifier;classifier;N/A;N/A;N/A;2000;100;92;11100;0,0000;0,0000;0,0000;0,0000;0,0000;0,0000;0;0;0;0
20260614_0639;Consistência_200;classification;HoeffdingTree;Default_FullFeatures;classifier;classifier;classifier;N/A;N/A;N/A;2000;100;93;11200;0,0000;0,0000;0,0000;0,0000;0,0000;0,0000;0;0;0;0
20260614_0639;Consistência_200;classification;HoeffdingTree;Default_FullFeatures;classifier;classifier;classifier;N/A;N/A;N/A;2000;100;94;11300;0,0000;0,0000;0,0000;0,0000;0,0000;0,0000;0;0;0;0
20260614_0639;Consistência_200;classification;HoeffdingTree;Default_FullFeatures;classifier;classifier;classifier;N/A;N/A;N/A;2000;100;95;11400;0,0000;0,0000;0,0000;0,0000;0,0000;0,0000;0;0;0;0
20260614_0639;Consistência_200;classification;HoeffdingTree;Default_FullFeatures;classifier;classifier;classifier;N/A;N/A;N/A;2000;100;96;11500;0,0000;0,0000;0,0000;0,0000;0,0000;0,0000;0;0;0;0
20260614_0639;Consistência_200;classification;HoeffdingTree;Default_FullFeatures;classifier;classifier;classifier;N/A;N/A;N/A;2000;100;97;11600;0,0000;0,0000;0,0000;0,0000;0,0000;0,0000;0;0;0;0
20260614_0639;Consistência_200;classification;HoeffdingTree;Default_FullFeatures;classifier;classifier;classifier;N/A;N/A;N/A;2000;100;98;11700;92,4731;0,0000;100,0000;0,0000;86,0000;0,0000;0;0;7;0
20260614_0639;Consistência_200;classification;HoeffdingTree;Default_FullFeatures;classifier;classifier;classifier;N/A;N/A;N/A;2000;100;99;11800;82,1429;0,0000;100,0000;0,0000;69,6970;0,0000;0;0;20;0
20260614_0639;Consistência_200;classification;HoeffdingTree;Default_FullFeatures;classifier;classifier;classifier;N/A;N/A;N/A;2000;100;100;11900;85,7143;0,0000;100,0000;0,0000;75,0000;0,0000;0;0;4;0
20260614_0639;Consistência_200;classification;HoeffdingTree;Default_FullFeatures;classifier;classifier;classifier;N/A;N/A;N/A;2000;100;101;12000;0,0000;0,0000;0,0000;0,0000;0,0000;0,0000;0;0;0;0
20260614_0639;Consistência_200;classification;HoeffdingTree;Default_FullFeatures;classifier;classifier;classifier;N/A;N/A;N/A;2000;100;102;12100;0,0000;0,0000;0,0000;0,0000;0,0000;0,0000;0;0;0;0
20260614_0639;Consistência_200;classification;HoeffdingTree;Default_FullFeatures;classifier;classifier;classifier;N/A;N/A;N/A;2000;100;103;12200;0,0000;0,0000;0,0000;0,0000;0,0000;0,0000;0;0;0;0
20260614_0639;Consistência_200;classification;HoeffdingTree;Default_FullFeatures;classifier;classifier;classifier;N/A;N/A;N/A;2000;100;104;12300;0,0000;0,0000;0,0000;0,0000;0,0000;0,0000;0;0;0;0
20260614_0639;Consistência_200;classification;HoeffdingTree;Default_FullFeatures;classifier;classifier;classifier;N/A;N/A;N/A;2000;100;105;12400;0,0000;0,0000;0,0000;0,0000;0,0000;0,0000;0;0;0;0
20260614_0639;Consistência_200;classification;HoeffdingTree;Default_FullFeatures;classifier;classifier;classifier;N/A;N/A;N/A;2000;100;106;12500;0,0000;0,0000;0,0000;0,0000;0,0000;0,0000;0;0;0;0
20260614_0639;Consistência_200;classification;HoeffdingTree;Default_FullFeatures;classifier;classifier;classifier;N/A;N/A;N/A;2000;100;107;12600;0,0000;0,0000;0,0000;0,0000;0,0000;0,0000;0;0;0;0
20260614_0639;Consistência_200;classification;HoeffdingTree;Default_FullFeatures;classifier;classifier;classifier;N/A;N/A;N/A;2000;100;108;12700;0,0000;0,0000;0,0000;0,0000;0,0000;0,0000;0;0;0;0
20260614_0639;Consistência_200;classification;HoeffdingTree;Default_FullFeatures;classifier;classifier;classifier;N/A;N/A;N/A;2000;100;109;12800;0,0000;0,0000;0,0000;0,0000;0,0000;0,0000;0;0;0;0
20260614_0639;Consistência_200;classification;HoeffdingTree;Default_FullFeatures;classifier;classifier;classifier;N/A;N/A;N/A;2000;100;110;12900;0,0000;0,0000;0,0000;0,0000;0,0000;0,0000;0;0;0;0
20260614_0639;Consistência_200;classification;HoeffdingTree;Default_FullFeatures;classifier;classifier;classifier;N/A;N/A;N/A;2000;100;111;13000;0,0000;0,0000;0,0000;0,0000;0,0000;0,0000;0;0;0;0
20260614_0639;Consistência_200;classification;HoeffdingTree;Default_FullFeatures;classifier;classifier;classifier;N/A;N/A;N/A;2000;100;112;13100;0,0000;0,0000;0,0000;0,0000;0,0000;0,0000;0;0;0;0
20260614_0639;Consistência_200;classification;HoeffdingTree;Default_FullFeatures;classifier;classifier;classifier;N/A;N/A;N/A;2000;100;113;13200;0,0000;0,0000;0,0000;0,0000;0,0000;0,0000;0;0;0;0
20260614_0639;Consistência_200;classification;HoeffdingTree;Default_FullFeatures;classifier;classifier;classifier;N/A;N/A;N/A;2000;100;114;13300;0,0000;0,0000;0,0000;0,0000;0,0000;0,0000;0;0;0;0
20260614_0639;Consistência_200;classification;HoeffdingTree;Default_FullFeatures;classifier;classifier;classifier;N/A;N/A;N/A;2000;100;115;13400;0,0000;0,0000;0,0000;0,0000;0,0000;0,0000;0;0;0;0
20260614_0639;Consistência_200;classification;HoeffdingTree;Default_FullFeatures;classifier;classifier;classifier;N/A;N/A;N/A;2000;100;116;13500;0,0000;0,0000;0,0000;0,0000;0,0000;0,0000;0;0;0;0
20260614_0639;Consistência_200;classification;HoeffdingTree;Default_FullFeatures;classifier;classifier;classifier;N/A;N/A;N/A;2000;100;117;13600;0,0000;0,0000;0,0000;0,0000;0,0000;0,0000;0;0;0;0
20260614_0639;Consistência_200;classification;HoeffdingTree;Default_FullFeatures;classifier;classifier;classifier;N/A;N/A;N/A;2000;100;118;13700;0,0000;0,0000;0,0000;0,0000;0,0000;0,0000;0;0;0;0
20260614_0639;Consistência_200;classification;HoeffdingTree;Default_FullFeatures;classifier;classifier;classifier;N/A;N/A;N/A;2000;100;119;13800;0,0000;0,0000;0,0000;0,0000;0,0000;0,0000;0;0;0;0
20260614_0639;Consistência_200;classification;HoeffdingTree;Default_FullFeatures;classifier;classifier;classifier;N/A;N/A;N/A;2000;100;120;13900;0,0000;0,0000;0,0000;0,0000;0,0000;0,0000;0;0;0;0
20260614_0639;Consistência_200;classification;HoeffdingTree;Default_FullFeatures;classifier;classifier;classifier;N/A;N/A;N/A;2000;100;121;14000;0,0000;0,0000;0,0000;0,0000;0,0000;0,0000;0;0;0;0
20260614_0639;Consistência_200;classification;HoeffdingTree;Default_FullFeatures;classifier;classifier;classifier;N/A;N/A;N/A;2000;100;122;14100;0,0000;0,0000;0,0000;0,0000;0,0000;0,0000;0;0;0;0
20260614_0639;Consistência_200;classification;HoeffdingTree;Default_FullFeatures;classifier;classifier;classifier;N/A;N/A;N/A;2000;100;123;14200;0,0000;0,0000;0,0000;0,0000;0,0000;0,0000;0;0;0;0
20260614_0639;Consistência_200;classification;HoeffdingTree;Default_FullFeatures;classifier;classifier;classifier;N/A;N/A;N/A;2000;100;124;14300;0,0000;0,0000;0,0000;0,0000;0,0000;0,0000;0;0;0;0
20260614_0639;Consistência_200;classification;HoeffdingTree;Default_FullFeatures;classifier;classifier;classifier;N/A;N/A;N/A;2000;100;125;14400;0,0000;0,0000;0,0000;0,0000;0,0000;0,0000;0;0;0;0
20260614_0639;Consistência_200;classification;HoeffdingTree;Default_FullFeatures;classifier;classifier;classifier;N/A;N/A;N/A;2000;100;126;14500;0,0000;0,0000;0,0000;0,0000;0,0000;0,0000;0;0;0;0
20260614_0639;Consistência_200;classification;HoeffdingTree;Default_FullFeatures;classifier;classifier;classifier;N/A;N/A;N/A;2000;100;127;14600;0,0000;0,0000;0,0000;0,0000;0,0000;0,0000;0;0;0;0
20260614_0639;Consistência_200;classification;HoeffdingTree;Default_FullFeatures;classifier;classifier;classifier;N/A;N/A;N/A;2000;100;128;14700;0,0000;0,0000;0,0000;0,0000;0,0000;0,0000;0;0;0;0
20260614_0639;Consistência_200;classification;HoeffdingTree;Default_FullFeatures;classifier;classifier;classifier;N/A;N/A;N/A;2000;100;129;14800;0,0000;0,0000;0,0000;0,0000;0,0000;0,0000;0;0;0;0
20260614_0639;Consistência_200;classification;HoeffdingTree;Default_FullFeatures;classifier;classifier;classifier;N/A;N/A;N/A;2000;100;130;14900;0,0000;0,0000;0,0000;0,0000;0,0000;0,0000;0;0;0;0
20260614_0639;Consistência_200;classification;HoeffdingTree;Default_FullFeatures;classifier;classifier;classifier;N/A;N/A;N/A;2000;100;131;15000;0,0000;0,0000;0,0000;0,0000;0,0000;0,0000;0;0;0;0
20260614_0639;Consistência_200;classification;HoeffdingTree;Default_FullFeatures;classifier;classifier;classifier;N/A;N/A;N/A;2000;100;132;15100;0,0000;0,0000;0,0000;0,0000;0,0000;0,0000;0;0;0;0
20260614_0639;Consistência_200;classification;HoeffdingTree;Default_FullFeatures;classifier;classifier;classifier;N/A;N/A;N/A;2000;100;133;15200;0,0000;0,0000;0,0000;0,0000;0,0000;0,0000;0;0;0;0
20260614_0639;Consistência_200;classification;HoeffdingTree;Default_FullFeatures;classifier;classifier;classifier;N/A;N/A;N/A;2000;100;134;15300;0,0000;0,0000;0,0000;0,0000;0,0000;0,0000;0;0;0;0
20260614_0639;Consistência_200;classification;HoeffdingTree;Default_FullFeatures;classifier;classifier;classifier;N/A;N/A;N/A;2000;100;135;15400;0,0000;0,0000;0,0000;0,0000;0,0000;0,0000;0;0;0;0
20260614_0639;Consistência_200;classification;HoeffdingTree;Default_FullFeatures;classifier;classifier;classifier;N/A;N/A;N/A;2000;100;136;15500;0,0000;0,0000;0,0000;0,0000;0,0000;0,0000;0;0;0;0
20260614_0639;Consistência_1000;classification;HoeffdingTree;Default_FullFeatures;classifier;classifier;classifier;N/A;N/A;N/A;2000;100;1;2000;0,0000;0,0000;0,0000;0,0000;0,0000;0,0000;0;0;0;0
20260614_0639;Consistência_1000;classification;HoeffdingTree;Default_FullFeatures;classifier;classifier;classifier;N/A;N/A;N/A;2000;100;2;2100;0,0000;0,0000;0,0000;0,0000;0,0000;0,0000;0;0;0;0
20260614_0639;Consistência_1000;classification;HoeffdingTree;Default_FullFeatures;classifier;classifier;classifier;N/A;N/A;N/A;2000;100;3;2200;0,0000;0,0000;0,0000;0,0000;0,0000;0,0000;0;0;0;0
20260614_0639;Consistência_1000;classification;HoeffdingTree;Default_FullFeatures;classifier;classifier;classifier;N/A;N/A;N/A;2000;100;4;2300;0,0000;0,0000;0,0000;0,0000;0,0000;0,0000;0;0;0;0
20260614_0639;Consistência_1000;classification;HoeffdingTree;Default_FullFeatures;classifier;classifier;classifier;N/A;N/A;N/A;2000;100;5;2400;0,0000;0,0000;0,0000;0,0000;0,0000;0,0000;0;0;0;0
20260614_0639;Consistência_1000;classification;HoeffdingTree;Default_FullFeatures;classifier;classifier;classifier;N/A;N/A;N/A;2000;100;6;2500;0,0000;0,0000;0,0000;0,0000;0,0000;0,0000;0;0;0;0
20260614_0639;Consistência_1000;classification;HoeffdingTree;Default_FullFeatures;classifier;classifier;classifier;N/A;N/A;N/A;2000;100;7;2600;0,0000;0,0000;0,0000;0,0000;0,0000;0,0000;0;0;0;0
20260614_0639;Consistência_1000;classification;HoeffdingTree;Default_FullFeatures;classifier;classifier;classifier;N/A;N/A;N/A;2000;100;8;2700;0,0000;0,0000;0,0000;0,0000;0,0000;0,0000;0;0;0;0
20260614_0639;Consistência_1000;classification;HoeffdingTree;Default_FullFeatures;classifier;classifier;classifier;N/A;N/A;N/A;2000;100;9;2800;0,0000;0,0000;0,0000;0,0000;0,0000;0,0000;0;0;0;0
20260614_0639;Consistência_1000;classification;HoeffdingTree;Default_FullFeatures;classifier;classifier;classifier;N/A;N/A;N/A;2000;100;10;2900;0,0000;0,0000;0,0000;0,0000;0,0000;0,0000;0;0;0;0
20260614_0639;Consistência_1000;classification;HoeffdingTree;Default_FullFeatures;classifier;classifier;classifier;N/A;N/A;N/A;2000;100;11;3000;0,0000;0,0000;0,0000;0,0000;0,0000;0,0000;0;0;0;0
20260614_0639;Consistência_1000;classification;HoeffdingTree;Default_FullFeatures;classifier;classifier;classifier;N/A;N/A;N/A;2000;100;12;3100;0,0000;0,0000;0,0000;0,0000;0,0000;0,0000;0;0;0;0
20260614_0639;Consistência_1000;classification;HoeffdingTree;Default_FullFeatures;classifier;classifier;classifier;N/A;N/A;N/A;2000;100;13;3200;0,0000;0,0000;0,0000;0,0000;0,0000;0,0000;0;0;0;0
20260614_0639;Consistência_1000;classification;HoeffdingTree;Default_FullFeatures;classifier;classifier;classifier;N/A;N/A;N/A;2000;100;14;3300;0,0000;0,0000;0,0000;0,0000;0,0000;0,0000;0;0;0;0
20260614_0639;Consistência_1000;classification;HoeffdingTree;Default_FullFeatures;classifier;classifier;classifier;N/A;N/A;N/A;2000;100;15;3400;0,0000;0,0000;0,0000;0,0000;0,0000;0,0000;0;0;0;0
20260614_0639;Consistência_1000;classification;HoeffdingTree;Default_FullFeatures;classifier;classifier;classifier;N/A;N/A;N/A;2000;100;16;3500;0,0000;0,0000;0,0000;0,0000;0,0000;0,0000;0;0;0;0
20260614_0639;Consistência_1000;classification;HoeffdingTree;Default_FullFeatures;classifier;classifier;classifier;N/A;N/A;N/A;2000;100;17;3600;0,0000;0,0000;0,0000;0,0000;0,0000;0,0000;0;0;0;0
20260614_0639;Consistência_1000;classification;HoeffdingTree;Default_FullFeatures;classifier;classifier;classifier;N/A;N/A;N/A;2000;100;18;3700;0,0000;0,0000;0,0000;0,0000;0,0000;0,0000;0;0;0;0
20260614_0639;Consistência_1000;classification;HoeffdingTree;Default_FullFeatures;classifier;classifier;classifier;N/A;N/A;N/A;2000;100;19;3800;94,6237;0,0000;100,0000;0,0000;89,7959;0,0000;0;0;5;0
20260614_0639;Consistência_1000;classification;HoeffdingTree;Default_FullFeatures;classifier;classifier;classifier;N/A;N/A;N/A;2000;100;20;3900;98,0892;0,0000;100,0000;0,0000;96,2500;0,0000;0;0;3;0
20260614_0639;Consistência_1000;classification;HoeffdingTree;Default_FullFeatures;classifier;classifier;classifier;N/A;N/A;N/A;2000;100;21;4000;97,9167;0,0000;100,0000;0,0000;95,9184;0,0000;0;0;4;0
20260614_0639;Consistência_1000;classification;HoeffdingTree;Default_FullFeatures;classifier;classifier;classifier;N/A;N/A;N/A;2000;100;22;4100;100,0000;0,0000;100,0000;0,0000;100,0000;0,0000;0;0;0;0
20260614_0639;Consistência_1000;classification;HoeffdingTree;Default_FullFeatures;classifier;classifier;classifier;N/A;N/A;N/A;2000;100;23;4200;98,9796;0,0000;100,0000;0,0000;97,9798;0,0000;0;0;2;0
20260614_0639;Consistência_1000;classification;HoeffdingTree;Default_FullFeatures;classifier;classifier;classifier;N/A;N/A;N/A;2000;100;24;4300;93,5484;0,0000;100,0000;0,0000;87,8788;0,0000;0;0;8;0
20260614_0639;Consistência_1000;classification;HoeffdingTree;Default_FullFeatures;classifier;classifier;classifier;N/A;N/A;N/A;2000;100;25;4400;86,9565;0,0000;86,9565;0,0000;86,9565;0,0000;3;0;3;0
20260614_0639;Consistência_1000;classification;HoeffdingTree;Default_FullFeatures;classifier;classifier;classifier;N/A;N/A;N/A;2000;100;26;4500;88,0000;0,0000;100,0000;0,0000;78,5714;0,0000;0;0;3;0
20260614_0639;Consistência_1000;classification;HoeffdingTree;Default_FullFeatures;classifier;classifier;classifier;N/A;N/A;N/A;2000;100;27;4600;96,9697;0,0000;100,0000;0,0000;94,1176;0,0000;0;0;5;0
20260614_0639;Consistência_1000;classification;HoeffdingTree;Default_FullFeatures;classifier;classifier;classifier;N/A;N/A;N/A;2000;100;28;4700;89,6552;0,0000;81,2500;0,0000;100,0000;0,0000;3;0;0;0
20260614_0639;Consistência_1000;classification;HoeffdingTree;Default_FullFeatures;classifier;classifier;classifier;N/A;N/A;N/A;2000;100;29;4800;100,0000;0,0000;100,0000;0,0000;100,0000;0,0000;0;0;0;0
20260614_0639;Consistência_1000;classification;HoeffdingTree;Default_FullFeatures;classifier;classifier;classifier;N/A;N/A;N/A;2000;100;30;4900;0,0000;0,0000;0,0000;0,0000;0,0000;0,0000;0;0;0;0
20260614_0639;Consistência_1000;classification;HoeffdingTree;Default_FullFeatures;classifier;classifier;classifier;N/A;N/A;N/A;2000;100;31;5000;0,0000;0,0000;0,0000;0,0000;0,0000;0,0000;0;0;0;0
20260614_0639;Consistência_1000;classification;HoeffdingTree;Default_FullFeatures;classifier;classifier;classifier;N/A;N/A;N/A;2000;100;32;5100;0,0000;0,0000;0,0000;0,0000;0,0000;0,0000;0;0;0;0
20260614_0639;Consistência_1000;classification;HoeffdingTree;Default_FullFeatures;classifier;classifier;classifier;N/A;N/A;N/A;2000;100;33;5200;0,0000;0,0000;0,0000;0,0000;0,0000;0,0000;0;0;0;0
20260614_0639;Consistência_1000;classification;HoeffdingTree;Default_FullFeatures;classifier;classifier;classifier;N/A;N/A;N/A;2000;100;34;5300;0,0000;0,0000;0,0000;0,0000;0,0000;0,0000;0;0;0;0
20260614_0639;Consistência_1000;classification;HoeffdingTree;Default_FullFeatures;classifier;classifier;classifier;N/A;N/A;N/A;2000;100;35;5400;0,0000;0,0000;0,0000;0,0000;0,0000;0,0000;0;0;0;0
20260614_0639;Consistência_1000;classification;HoeffdingTree;Default_FullFeatures;classifier;classifier;classifier;N/A;N/A;N/A;2000;100;36;5500;0,0000;0,0000;0,0000;0,0000;0,0000;0,0000;0;0;0;0
20260614_0639;Consistência_1000;classification;HoeffdingTree;Default_FullFeatures;classifier;classifier;classifier;N/A;N/A;N/A;2000;100;37;5600;0,0000;0,0000;0,0000;0,0000;0,0000;0,0000;0;0;0;0
20260614_0639;Consistência_1000;classification;HoeffdingTree;Default_FullFeatures;classifier;classifier;classifier;N/A;N/A;N/A;2000;100;38;5700;0,0000;0,0000;0,0000;0,0000;0,0000;0,0000;1;0;0;0
20260614_0639;Consistência_1000;classification;HoeffdingTree;Default_FullFeatures;classifier;classifier;classifier;N/A;N/A;N/A;2000;100;39;5800;0,0000;0,0000;0,0000;0,0000;0,0000;0,0000;0;0;0;0
20260614_0639;Consistência_1000;classification;HoeffdingTree;Default_FullFeatures;classifier;classifier;classifier;N/A;N/A;N/A;2000;100;40;5900;0,0000;0,0000;0,0000;0,0000;0,0000;0,0000;0;0;0;0
20260614_0639;Consistência_1000;classification;HoeffdingTree;Default_FullFeatures;classifier;classifier;classifier;N/A;N/A;N/A;2000;100;41;6000;0,0000;0,0000;0,0000;0,0000;0,0000;0,0000;1;0;0;0
20260614_0639;Consistência_1000;classification;HoeffdingTree;Default_FullFeatures;classifier;classifier;classifier;N/A;N/A;N/A;2000;100;42;6100;0,0000;0,0000;0,0000;0,0000;0,0000;0,0000;0;0;0;0
20260614_0639;Consistência_1000;classification;HoeffdingTree;Default_FullFeatures;classifier;classifier;classifier;N/A;N/A;N/A;2000;100;43;6200;0,0000;0,0000;0,0000;0,0000;0,0000;0,0000;0;0;0;0
20260614_0639;Consistência_1000;classification;HoeffdingTree;Default_FullFeatures;classifier;classifier;classifier;N/A;N/A;N/A;2000;100;44;6300;0,0000;0,0000;0,0000;0,0000;0,0000;0,0000;0;0;0;0
20260614_0639;Consistência_1000;classification;HoeffdingTree;Default_FullFeatures;classifier;classifier;classifier;N/A;N/A;N/A;2000;100;45;6400;0,0000;0,0000;0,0000;0,0000;0,0000;0,0000;0;0;0;0
20260614_0639;Consistência_1000;classification;HoeffdingTree;Default_FullFeatures;classifier;classifier;classifier;N/A;N/A;N/A;2000;100;46;6500;0,0000;0,0000;0,0000;0,0000;0,0000;0,0000;0;0;0;0
20260614_0639;Consistência_1000;classification;HoeffdingTree;Default_FullFeatures;classifier;classifier;classifier;N/A;N/A;N/A;2000;100;47;6600;0,0000;0,0000;0,0000;0,0000;0,0000;0,0000;0;0;0;0
20260614_0639;Consistência_1000;classification;HoeffdingTree;Default_FullFeatures;classifier;classifier;classifier;N/A;N/A;N/A;2000;100;48;6700;0,0000;0,0000;0,0000;0,0000;0,0000;0,0000;0;0;0;0
20260614_0639;Consistência_1000;classification;HoeffdingTree;Default_FullFeatures;classifier;classifier;classifier;N/A;N/A;N/A;2000;100;49;6800;0,0000;0,0000;0,0000;0,0000;0,0000;0,0000;0;0;0;0
20260614_0639;Consistência_1000;classification;HoeffdingTree;Default_FullFeatures;classifier;classifier;classifier;N/A;N/A;N/A;2000;100;50;6900;0,0000;0,0000;0,0000;0,0000;0,0000;0,0000;0;0;0;0
20260614_0639;Consistência_1000;classification;HoeffdingTree;Default_FullFeatures;classifier;classifier;classifier;N/A;N/A;N/A;2000;100;51;7000;0,0000;0,0000;0,0000;0,0000;0,0000;0,0000;0;0;0;0
20260614_0639;Consistência_1000;classification;HoeffdingTree;Default_FullFeatures;classifier;classifier;classifier;N/A;N/A;N/A;2000;100;52;7100;0,0000;0,0000;0,0000;0,0000;0,0000;0,0000;0;0;0;0
20260614_0639;Consistência_1000;classification;HoeffdingTree;Default_FullFeatures;classifier;classifier;classifier;N/A;N/A;N/A;2000;100;53;7200;0,0000;0,0000;0,0000;0,0000;0,0000;0,0000;0;0;0;0
20260614_0639;Consistência_1000;classification;HoeffdingTree;Default_FullFeatures;classifier;classifier;classifier;N/A;N/A;N/A;2000;100;54;7300;0,0000;0,0000;0,0000;0,0000;0,0000;0,0000;0;0;0;0
20260614_0639;Consistência_1000;classification;HoeffdingTree;Default_FullFeatures;classifier;classifier;classifier;N/A;N/A;N/A;2000;100;55;7400;0,0000;0,0000;0,0000;0,0000;0,0000;0,0000;0;0;0;0
20260614_0639;Consistência_1000;classification;HoeffdingTree;Default_FullFeatures;classifier;classifier;classifier;N/A;N/A;N/A;2000;100;56;7500;0,0000;0,0000;0,0000;0,0000;0,0000;0,0000;0;0;0;0
20260614_0639;Consistência_1000;classification;HoeffdingTree;Default_FullFeatures;classifier;classifier;classifier;N/A;N/A;N/A;2000;100;57;7600;0,0000;0,0000;0,0000;0,0000;0,0000;0,0000;0;0;0;0
20260614_0639;Consistência_1000;classification;HoeffdingTree;Default_FullFeatures;classifier;classifier;classifier;N/A;N/A;N/A;2000;100;58;7700;0,0000;0,0000;0,0000;0,0000;0,0000;0,0000;0;0;0;0
20260614_0639;Consistência_1000;classification;HoeffdingTree;Default_FullFeatures;classifier;classifier;classifier;N/A;N/A;N/A;2000;100;59;7800;0,0000;0,0000;0,0000;0,0000;0,0000;0,0000;0;0;0;0
20260614_0639;Consistência_1000;classification;HoeffdingTree;Default_FullFeatures;classifier;classifier;classifier;N/A;N/A;N/A;2000;100;60;7900;0,0000;0,0000;0,0000;0,0000;0,0000;0,0000;0;0;0;0
20260614_0639;Consistência_1000;classification;HoeffdingTree;Default_FullFeatures;classifier;classifier;classifier;N/A;N/A;N/A;2000;100;61;8000;0,0000;0,0000;0,0000;0,0000;0,0000;0,0000;0;0;0;0
20260614_0639;Consistência_1000;classification;HoeffdingTree;Default_FullFeatures;classifier;classifier;classifier;N/A;N/A;N/A;2000;100;62;8100;0,0000;0,0000;0,0000;0,0000;0,0000;0,0000;0;0;0;0
20260614_0639;Consistência_1000;classification;HoeffdingTree;Default_FullFeatures;classifier;classifier;classifier;N/A;N/A;N/A;2000;100;63;8200;0,0000;0,0000;0,0000;0,0000;0,0000;0,0000;0;0;0;0
20260614_0639;Consistência_1000;classification;HoeffdingTree;Default_FullFeatures;classifier;classifier;classifier;N/A;N/A;N/A;2000;100;64;8300;0,0000;0,0000;0,0000;0,0000;0,0000;0,0000;0;0;0;0
20260614_0639;Consistência_1000;classification;HoeffdingTree;Default_FullFeatures;classifier;classifier;classifier;N/A;N/A;N/A;2000;100;65;8400;0,0000;0,0000;0,0000;0,0000;0,0000;0,0000;0;0;0;0
20260614_0639;Consistência_1000;classification;HoeffdingTree;Default_FullFeatures;classifier;classifier;classifier;N/A;N/A;N/A;2000;100;66;8500;100,0000;0,0000;100,0000;0,0000;100,0000;0,0000;0;0;0;0
20260614_0639;Consistência_1000;classification;HoeffdingTree;Default_FullFeatures;classifier;classifier;classifier;N/A;N/A;N/A;2000;100;67;8600;92,3077;0,0000;100,0000;0,0000;85,7143;0,0000;0;0;13;0
20260614_0639;Consistência_1000;classification;HoeffdingTree;Default_FullFeatures;classifier;classifier;classifier;N/A;N/A;N/A;2000;100;68;8700;90,7104;0,0000;100,0000;0,0000;83,0000;0,0000;0;0;17;0
20260614_0639;Consistência_1000;classification;HoeffdingTree;Default_FullFeatures;classifier;classifier;classifier;N/A;N/A;N/A;2000;100;69;8800;78,7402;0,0000;78,1250;0,0000;79,3651;0,0000;14;0;13;0
20260614_0639;Consistência_1000;classification;HoeffdingTree;Default_FullFeatures;classifier;classifier;classifier;N/A;N/A;N/A;2000;100;70;8900;87,6543;0,0000;98,6111;0,0000;78,8889;0,0000;1;0;19;0
20260614_0639;Consistência_1000;classification;HoeffdingTree;Default_FullFeatures;classifier;classifier;classifier;N/A;N/A;N/A;2000;100;71;9000;98,9583;0,0000;100,0000;0,0000;97,9381;0,0000;0;0;2;0
20260614_0639;Consistência_1000;classification;HoeffdingTree;Default_FullFeatures;classifier;classifier;classifier;N/A;N/A;N/A;2000;100;72;9100;99,4975;0,0000;100,0000;0,0000;99,0000;0,0000;0;0;1;0
20260614_0639;Consistência_1000;classification;HoeffdingTree;Default_FullFeatures;classifier;classifier;classifier;N/A;N/A;N/A;2000;100;73;9200;98,4293;0,0000;100,0000;0,0000;96,9072;0,0000;0;0;3;0
20260614_0639;Consistência_1000;classification;HoeffdingTree;Default_FullFeatures;classifier;classifier;classifier;N/A;N/A;N/A;2000;100;74;9300;100,0000;0,0000;100,0000;0,0000;100,0000;0,0000;0;0;0;0
20260614_0639;Consistência_1000;classification;HoeffdingTree;Default_FullFeatures;classifier;classifier;classifier;N/A;N/A;N/A;2000;100;75;9400;99,4872;0,0000;100,0000;0,0000;98,9796;0,0000;0;0;1;0
20260614_0639;Consistência_1000;classification;HoeffdingTree;Default_FullFeatures;classifier;classifier;classifier;N/A;N/A;N/A;2000;100;76;9500;100,0000;0,0000;100,0000;0,0000;100,0000;0,0000;0;0;0;0
20260614_0639;Consistência_1000;classification;HoeffdingTree;Default_FullFeatures;classifier;classifier;classifier;N/A;N/A;N/A;2000;100;77;9600;0,0000;0,0000;0,0000;0,0000;0,0000;0,0000;17;0;0;0
20260614_0639;Consistência_1000;classification;HoeffdingTree;Default_FullFeatures;classifier;classifier;classifier;N/A;N/A;N/A;2000;100;78;9700;0,0000;0,0000;0,0000;0,0000;0,0000;0,0000;0;0;0;0
20260614_0639;Consistência_1000;classification;HoeffdingTree;Default_FullFeatures;classifier;classifier;classifier;N/A;N/A;N/A;2000;100;79;9800;0,0000;0,0000;0,0000;0,0000;0,0000;0,0000;1;0;0;0
20260614_0639;Consistência_1000;classification;HoeffdingTree;Default_FullFeatures;classifier;classifier;classifier;N/A;N/A;N/A;2000;100;80;9900;0,0000;0,0000;0,0000;0,0000;0,0000;0,0000;3;0;0;0
20260614_0639;Consistência_1000;classification;HoeffdingTree;Default_FullFeatures;classifier;classifier;classifier;N/A;N/A;N/A;2000;100;81;10000;0,0000;0,0000;0,0000;0,0000;0,0000;0,0000;7;0;0;0
20260614_0639;Consistência_1000;classification;HoeffdingTree;Default_FullFeatures;classifier;classifier;classifier;N/A;N/A;N/A;2000;100;82;10100;0,0000;0,0000;0,0000;0,0000;0,0000;0,0000;1;0;0;0
20260614_0639;Consistência_1000;classification;HoeffdingTree;Default_FullFeatures;classifier;classifier;classifier;N/A;N/A;N/A;2000;100;83;10200;0,0000;0,0000;0,0000;0,0000;0,0000;0,0000;0;0;0;0
20260614_0639;Consistência_1000;classification;HoeffdingTree;Default_FullFeatures;classifier;classifier;classifier;N/A;N/A;N/A;2000;100;84;10300;0,0000;0,0000;0,0000;0,0000;0,0000;0,0000;0;0;0;0
20260614_0639;Consistência_1000;classification;HoeffdingTree;Default_FullFeatures;classifier;classifier;classifier;N/A;N/A;N/A;2000;100;85;10400;0,0000;0,0000;0,0000;0,0000;0,0000;0,0000;2;0;0;0
20260614_0639;Consistência_1000;classification;HoeffdingTree;Default_FullFeatures;classifier;classifier;classifier;N/A;N/A;N/A;2000;100;86;10500;0,0000;0,0000;0,0000;0,0000;0,0000;0,0000;0;0;0;0
20260614_0639;Consistência_1000;classification;HoeffdingTree;Default_FullFeatures;classifier;classifier;classifier;N/A;N/A;N/A;2000;100;87;10600;0,0000;0,0000;0,0000;0,0000;0,0000;0,0000;0;0;0;0
20260614_0639;Consistência_1000;classification;HoeffdingTree;Default_FullFeatures;classifier;classifier;classifier;N/A;N/A;N/A;2000;100;88;10700;0,0000;0,0000;0,0000;0,0000;0,0000;0,0000;1;0;0;0
20260614_0639;Consistência_1000;classification;HoeffdingTree;Default_FullFeatures;classifier;classifier;classifier;N/A;N/A;N/A;2000;100;89;10800;0,0000;0,0000;0,0000;0,0000;0,0000;0,0000;1;0;0;0
20260614_0639;Consistência_1000;classification;HoeffdingTree;Default_FullFeatures;classifier;classifier;classifier;N/A;N/A;N/A;2000;100;90;10900;0,0000;0,0000;0,0000;0,0000;0,0000;0,0000;1;0;0;0
20260614_0639;Consistência_1000;classification;HoeffdingTree;Default_FullFeatures;classifier;classifier;classifier;N/A;N/A;N/A;2000;100;91;11000;0,0000;0,0000;0,0000;0,0000;0,0000;0,0000;1;0;0;0
20260614_0639;Consistência_1000;classification;HoeffdingTree;Default_FullFeatures;classifier;classifier;classifier;N/A;N/A;N/A;2000;100;92;11100;0,0000;0,0000;0,0000;0,0000;0,0000;0,0000;0;0;0;0
20260614_0639;Consistência_1000;classification;HoeffdingTree;Default_FullFeatures;classifier;classifier;classifier;N/A;N/A;N/A;2000;100;93;11200;0,0000;0,0000;0,0000;0,0000;0,0000;0,0000;0;0;0;0
20260614_0639;Consistência_1000;classification;HoeffdingTree;Default_FullFeatures;classifier;classifier;classifier;N/A;N/A;N/A;2000;100;94;11300;0,0000;0,0000;0,0000;0,0000;0,0000;0,0000;0;0;0;0
20260614_0639;Consistência_1000;classification;HoeffdingTree;Default_FullFeatures;classifier;classifier;classifier;N/A;N/A;N/A;2000;100;95;11400;0,0000;0,0000;0,0000;0,0000;0,0000;0,0000;1;0;0;0
20260614_0639;Consistência_1000;classification;HoeffdingTree;Default_FullFeatures;classifier;classifier;classifier;N/A;N/A;N/A;2000;100;96;11500;0,0000;0,0000;0,0000;0,0000;0,0000;0,0000;2;0;0;0
20260614_0639;Consistência_1000;classification;HoeffdingTree;Default_FullFeatures;classifier;classifier;classifier;N/A;N/A;N/A;2000;100;97;11600;0,0000;0,0000;0,0000;0,0000;0,0000;0,0000;0;0;0;0
20260614_0639;Consistência_1000;classification;HoeffdingTree;Default_FullFeatures;classifier;classifier;classifier;N/A;N/A;N/A;2000;100;98;11700;0,0000;0,0000;0,0000;0,0000;0,0000;0,0000;1;0;0;0
20260614_0639;Consistência_1000;classification;HoeffdingTree;Default_FullFeatures;classifier;classifier;classifier;N/A;N/A;N/A;2000;100;99;11800;0,0000;0,0000;0,0000;0,0000;0,0000;0,0000;0;0;0;0
20260614_0639;Consistência_1000;classification;HoeffdingTree;Default_FullFeatures;classifier;classifier;classifier;N/A;N/A;N/A;2000;100;100;11900;0,0000;0,0000;0,0000;0,0000;0,0000;0,0000;0;0;0;0
20260614_0639;Consistência_1000;classification;HoeffdingTree;Default_FullFeatures;classifier;classifier;classifier;N/A;N/A;N/A;2000;100;101;12000;0,0000;0,0000;0,0000;0,0000;0,0000;0,0000;1;0;0;0
20260614_0639;Consistência_1000;classification;HoeffdingTree;Default_FullFeatures;classifier;classifier;classifier;N/A;N/A;N/A;2000;100;102;12100;0,0000;0,0000;0,0000;0,0000;0,0000;0,0000;0;0;0;0
20260614_0639;Consistência_1000;classification;HoeffdingTree;Default_FullFeatures;classifier;classifier;classifier;N/A;N/A;N/A;2000;100;103;12200;0,0000;0,0000;0,0000;0,0000;0,0000;0,0000;1;0;0;0
20260614_0639;Consistência_1000;classification;HoeffdingTree;Default_FullFeatures;classifier;classifier;classifier;N/A;N/A;N/A;2000;100;104;12300;0,0000;0,0000;0,0000;0,0000;0,0000;0,0000;0;0;0;0
20260614_0639;Consistência_1000;classification;HoeffdingTree;Default_FullFeatures;classifier;classifier;classifier;N/A;N/A;N/A;2000;100;105;12400;0,0000;0,0000;0,0000;0,0000;0,0000;0,0000;1;0;0;0
20260614_0639;Consistência_1000;classification;HoeffdingTree;Default_FullFeatures;classifier;classifier;classifier;N/A;N/A;N/A;2000;100;106;12500;0,0000;0,0000;0,0000;0,0000;0,0000;0,0000;0;0;0;0
20260614_0639;Consistência_1000;classification;HoeffdingTree;Default_FullFeatures;classifier;classifier;classifier;N/A;N/A;N/A;2000;100;107;12600;0,0000;0,0000;0,0000;0,0000;0,0000;0,0000;2;0;0;0
20260614_0639;Consistência_1000;classification;HoeffdingTree;Default_FullFeatures;classifier;classifier;classifier;N/A;N/A;N/A;2000;100;108;12700;0,0000;0,0000;0,0000;0,0000;0,0000;0,0000;0;0;0;0
20260614_0639;Consistência_1000;classification;HoeffdingTree;Default_FullFeatures;classifier;classifier;classifier;N/A;N/A;N/A;2000;100;109;12800;0,0000;0,0000;0,0000;0,0000;0,0000;0,0000;1;0;0;0
20260614_0639;Consistência_1000;classification;HoeffdingTree;Default_FullFeatures;classifier;classifier;classifier;N/A;N/A;N/A;2000;100;110;12900;0,0000;0,0000;0,0000;0,0000;0,0000;0,0000;0;0;0;0
20260614_0639;Consistência_1000;classification;HoeffdingTree;Default_FullFeatures;classifier;classifier;classifier;N/A;N/A;N/A;2000;100;111;13000;0,0000;0,0000;0,0000;0,0000;0,0000;0,0000;0;0;0;0
20260614_0639;Consistência_1000;classification;HoeffdingTree;Default_FullFeatures;classifier;classifier;classifier;N/A;N/A;N/A;2000;100;112;13100;0,0000;0,0000;0,0000;0,0000;0,0000;0,0000;1;0;0;0
20260614_0639;Consistência_1000;classification;HoeffdingTree;Default_FullFeatures;classifier;classifier;classifier;N/A;N/A;N/A;2000;100;113;13200;0,0000;0,0000;0,0000;0,0000;0,0000;0,0000;1;0;0;0
20260614_0639;Consistência_1000;classification;HoeffdingTree;Default_FullFeatures;classifier;classifier;classifier;N/A;N/A;N/A;2000;100;114;13300;98,0000;0,0000;100,0000;0,0000;96,0784;0,0000;0;0;2;0
20260614_0639;Consistência_1000;classification;HoeffdingTree;Default_FullFeatures;classifier;classifier;classifier;N/A;N/A;N/A;2000;100;115;13400;100,0000;0,0000;100,0000;0,0000;100,0000;0,0000;0;0;0;0
20260614_0639;Consistência_1000;classification;HoeffdingTree;Default_FullFeatures;classifier;classifier;classifier;N/A;N/A;N/A;2000;100;116;13500;99,4975;0,0000;100,0000;0,0000;99,0000;0,0000;0;0;1;0
20260614_0639;Consistência_1000;classification;HoeffdingTree;Default_FullFeatures;classifier;classifier;classifier;N/A;N/A;N/A;2000;100;117;13600;97,1429;0,0000;98,5507;0,0000;95,7746;0,0000;1;0;3;0
20260614_0639;Consistência_1000;classification;HoeffdingTree;Default_FullFeatures;classifier;classifier;classifier;N/A;N/A;N/A;2000;100;118;13700;100,0000;0,0000;100,0000;0,0000;100,0000;0,0000;0;0;0;0
20260614_0639;Consistência_1000;classification;HoeffdingTree;Default_FullFeatures;classifier;classifier;classifier;N/A;N/A;N/A;2000;100;119;13800;93,2584;0,0000;100,0000;0,0000;87,3684;0,0000;0;0;12;0
20260614_0639;Consistência_1000;classification;HoeffdingTree;Default_FullFeatures;classifier;classifier;classifier;N/A;N/A;N/A;2000;100;120;13900;87,3563;0,0000;98,7013;0,0000;78,3505;0,0000;1;0;21;0
20260614_0639;Consistência_1000;classification;HoeffdingTree;Default_FullFeatures;classifier;classifier;classifier;N/A;N/A;N/A;2000;100;121;14000;100,0000;0,0000;100,0000;0,0000;100,0000;0,0000;0;0;0;0
20260614_0639;Consistência_1000;classification;HoeffdingTree;Default_FullFeatures;classifier;classifier;classifier;N/A;N/A;N/A;2000;100;122;14100;100,0000;0,0000;100,0000;0,0000;100,0000;0,0000;0;0;0;0
20260614_0639;Consistência_1000;classification;HoeffdingTree;Default_FullFeatures;classifier;classifier;classifier;N/A;N/A;N/A;2000;100;123;14200;99,4872;0,0000;100,0000;0,0000;98,9796;0,0000;0;0;1;0
20260614_0639;Consistência_1000;classification;HoeffdingTree;Default_FullFeatures;classifier;classifier;classifier;N/A;N/A;N/A;2000;100;124;14300;98,9899;0,0000;98,0000;0,0000;100,0000;0,0000;1;0;0;0
20260614_0639;Consistência_1000;classification;HoeffdingTree;Default_FullFeatures;classifier;classifier;classifier;N/A;N/A;N/A;2000;100;125;14400;0,0000;0,0000;0,0000;0,0000;0,0000;0,0000;1;0;0;0
20260614_0639;Consistência_1000;classification;HoeffdingTree;Default_FullFeatures;classifier;classifier;classifier;N/A;N/A;N/A;2000;100;126;14500;0,0000;0,0000;0,0000;0,0000;0,0000;0,0000;1;0;0;0
20260614_0639;Consistência_1000;classification;HoeffdingTree;Default_FullFeatures;classifier;classifier;classifier;N/A;N/A;N/A;2000;100;127;14600;0,0000;0,0000;0,0000;0,0000;0,0000;0,0000;2;0;0;0
20260614_0639;Consistência_1000;classification;HoeffdingTree;Default_FullFeatures;classifier;classifier;classifier;N/A;N/A;N/A;2000;100;128;14700;0,0000;0,0000;0,0000;0,0000;0,0000;0,0000;2;0;0;0
20260614_0639;Consistência_1000;classification;HoeffdingTree;Default_FullFeatures;classifier;classifier;classifier;N/A;N/A;N/A;2000;100;129;14800;0,0000;0,0000;0,0000;0,0000;0,0000;0,0000;1;0;0;0
20260614_0639;Consistência_1000;classification;HoeffdingTree;Default_FullFeatures;classifier;classifier;classifier;N/A;N/A;N/A;2000;100;130;14900;0,0000;0,0000;0,0000;0,0000;0,0000;0,0000;1;0;0;0
20260614_0639;Consistência_1000;classification;HoeffdingTree;Default_FullFeatures;classifier;classifier;classifier;N/A;N/A;N/A;2000;100;131;15000;0,0000;0,0000;0,0000;0,0000;0,0000;0,0000;0;0;0;0
20260614_0639;Consistência_1000;classification;HoeffdingTree;Default_FullFeatures;classifier;classifier;classifier;N/A;N/A;N/A;2000;100;132;15100;0,0000;0,0000;0,0000;0,0000;0,0000;0,0000;1;0;0;0
20260614_0639;Consistência_1000;classification;HoeffdingTree;Default_FullFeatures;classifier;classifier;classifier;N/A;N/A;N/A;2000;100;133;15200;0,0000;0,0000;0,0000;0,0000;0,0000;0,0000;0;0;0;0
20260614_0639;Consistência_1000;classification;HoeffdingTree;Default_FullFeatures;classifier;classifier;classifier;N/A;N/A;N/A;2000;100;134;15300;0,0000;0,0000;0,0000;0,0000;0,0000;0,0000;2;0;0;0
20260614_0639;Consistência_1000;classification;HoeffdingTree;Default_FullFeatures;classifier;classifier;classifier;N/A;N/A;N/A;2000;100;135;15400;0,0000;0,0000;0,0000;0,0000;0,0000;0,0000;0;0;0;0
20260614_0639;Consistência_1000;classification;HoeffdingTree;Default_FullFeatures;classifier;classifier;classifier;N/A;N/A;N/A;2000;100;136;15500;0,0000;0,0000;0,0000;0,0000;0,0000;0,0000;0;0;0;0
20260614_0639;Consistência_1000;classification;HoeffdingTree;Default_FullFeatures;classifier;classifier;classifier;N/A;N/A;N/A;2000;100;137;15600;0,0000;0,0000;0,0000;0,0000;0,0000;0,0000;1;0;0;0
20260614_0639;Consistência_1000;classification;HoeffdingTree;Default_FullFeatures;classifier;classifier;classifier;N/A;N/A;N/A;2000;100;138;15700;0,0000;0,0000;0,0000;0,0000;0,0000;0,0000;1;0;0;0
20260614_0639;Consistência_1000;classification;HoeffdingTree;Default_FullFeatures;classifier;classifier;classifier;N/A;N/A;N/A;2000;100;139;15800;0,0000;0,0000;0,0000;0,0000;0,0000;0,0000;2;0;0;0
20260614_0639;Consistência_1000;classification;HoeffdingTree;Default_FullFeatures;classifier;classifier;classifier;N/A;N/A;N/A;2000;100;140;15900;0,0000;0,0000;0,0000;0,0000;0,0000;0,0000;1;0;0;0
20260614_0639;Consistência_1000;classification;HoeffdingTree;Default_FullFeatures;classifier;classifier;classifier;N/A;N/A;N/A;2000;100;141;16000;0,0000;0,0000;0,0000;0,0000;0,0000;0,0000;1;0;0;0
20260614_0639;Consistência_1000;classification;HoeffdingTree;Default_FullFeatures;classifier;classifier;classifier;N/A;N/A;N/A;2000;100;142;16100;0,0000;0,0000;0,0000;0,0000;0,0000;0,0000;0;0;0;0
20260614_0639;Consistência_1000;classification;HoeffdingTree;Default_FullFeatures;classifier;classifier;classifier;N/A;N/A;N/A;2000;100;143;16200;0,0000;0,0000;0,0000;0,0000;0,0000;0,0000;0;0;0;0
20260614_0639;Consistência_1000;classification;HoeffdingTree;Default_FullFeatures;classifier;classifier;classifier;N/A;N/A;N/A;2000;100;144;16300;0,0000;0,0000;0,0000;0,0000;0,0000;0,0000;1;0;0;0
20260614_0639;Consistência_1000;classification;HoeffdingTree;Default_FullFeatures;classifier;classifier;classifier;N/A;N/A;N/A;2000;100;145;16400;0,0000;0,0000;0,0000;0,0000;0,0000;0,0000;1;0;0;0
20260614_0639;Consistência_1000;classification;HoeffdingTree;Default_FullFeatures;classifier;classifier;classifier;N/A;N/A;N/A;2000;100;146;16500;0,0000;0,0000;0,0000;0,0000;0,0000;0,0000;3;0;0;0
20260614_0639;Consistência_1000;classification;HoeffdingTree;Default_FullFeatures;classifier;classifier;classifier;N/A;N/A;N/A;2000;100;147;16600;0,0000;0,0000;0,0000;0,0000;0,0000;0,0000;0;0;0;0
20260614_0639;Consistência_1000;classification;HoeffdingTree;Default_FullFeatures;classifier;classifier;classifier;N/A;N/A;N/A;2000;100;148;16700;0,0000;0,0000;0,0000;0,0000;0,0000;0,0000;0;0;0;0
20260614_0639;Consistência_1000;classification;HoeffdingTree;Default_FullFeatures;classifier;classifier;classifier;N/A;N/A;N/A;2000;100;149;16800;0,0000;0,0000;0,0000;0,0000;0,0000;0,0000;1;0;0;0
20260614_0639;Consistência_1000;classification;HoeffdingTree;Default_FullFeatures;classifier;classifier;classifier;N/A;N/A;N/A;2000;100;150;16900;0,0000;0,0000;0,0000;0,0000;0,0000;0,0000;2;0;0;0
20260614_0639;Consistência_1000;classification;HoeffdingTree;Default_FullFeatures;classifier;classifier;classifier;N/A;N/A;N/A;2000;100;151;17000;0,0000;0,0000;0,0000;0,0000;0,0000;0,0000;0;0;0;0
20260614_0639;Consistência_1000;classification;HoeffdingTree;Default_FullFeatures;classifier;classifier;classifier;N/A;N/A;N/A;2000;100;152;17100;0,0000;0,0000;0,0000;0,0000;0,0000;0,0000;2;0;0;0
20260614_0639;Consistência_1000;classification;HoeffdingTree;Default_FullFeatures;classifier;classifier;classifier;N/A;N/A;N/A;2000;100;153;17200;0,0000;0,0000;0,0000;0,0000;0,0000;0,0000;0;0;0;0
20260614_0639;Consistência_1000;classification;HoeffdingTree;Default_FullFeatures;classifier;classifier;classifier;N/A;N/A;N/A;2000;100;154;17300;0,0000;0,0000;0,0000;0,0000;0,0000;0,0000;0;0;0;0
20260614_0639;Consistência_1000;classification;HoeffdingTree;Default_FullFeatures;classifier;classifier;classifier;N/A;N/A;N/A;2000;100;155;17400;0,0000;0,0000;0,0000;0,0000;0,0000;0,0000;0;0;0;0
20260614_0639;Consistência_1000;classification;HoeffdingTree;Default_FullFeatures;classifier;classifier;classifier;N/A;N/A;N/A;2000;100;156;17500;0,0000;0,0000;0,0000;0,0000;0,0000;0,0000;2;0;0;0
20260614_0639;Consistência_1000;classification;HoeffdingTree;Default_FullFeatures;classifier;classifier;classifier;N/A;N/A;N/A;2000;100;157;17600;0,0000;0,0000;0,0000;0,0000;0,0000;0,0000;0;0;0;0
20260614_0639;Consistência_1000;classification;HoeffdingTree;Default_FullFeatures;classifier;classifier;classifier;N/A;N/A;N/A;2000;100;158;17700;0,0000;0,0000;0,0000;0,0000;0,0000;0,0000;0;0;0;0
20260614_0639;Consistência_1000;classification;HoeffdingTree;Default_FullFeatures;classifier;classifier;classifier;N/A;N/A;N/A;2000;100;159;17800;0,0000;0,0000;0,0000;0,0000;0,0000;0,0000;0;0;0;0
20260614_0639;Consistência_1000;classification;HoeffdingTree;Default_FullFeatures;classifier;classifier;classifier;N/A;N/A;N/A;2000;100;160;17900;0,0000;0,0000;0,0000;0,0000;0,0000;0,0000;0;0;0;0
20260614_0639;Generalização_25;classification;HoeffdingTree;Default_FullFeatures;classifier;classifier;classifier;N/A;N/A;N/A;2000;100;1;2000;0,0000;0,0000;0,0000;0,0000;0,0000;0,0000;0;0;0;0
20260614_0639;Generalização_25;classification;HoeffdingTree;Default_FullFeatures;classifier;classifier;classifier;N/A;N/A;N/A;2000;100;2;2100;0,0000;0,0000;0,0000;0,0000;0,0000;0,0000;0;0;0;0
20260614_0639;Generalização_25;classification;HoeffdingTree;Default_FullFeatures;classifier;classifier;classifier;N/A;N/A;N/A;2000;100;3;2200;0,0000;0,0000;0,0000;0,0000;0,0000;0,0000;0;0;0;0
20260614_0639;Generalização_25;classification;HoeffdingTree;Default_FullFeatures;classifier;classifier;classifier;N/A;N/A;N/A;2000;100;4;2300;0,0000;0,0000;0,0000;0,0000;0,0000;0,0000;0;0;0;0
20260614_0639;Generalização_25;classification;HoeffdingTree;Default_FullFeatures;classifier;classifier;classifier;N/A;N/A;N/A;2000;100;5;2400;0,0000;0,0000;0,0000;0,0000;0,0000;0,0000;0;0;0;0
20260614_0639;Generalização_25;classification;HoeffdingTree;Default_FullFeatures;classifier;classifier;classifier;N/A;N/A;N/A;2000;100;6;2500;0,0000;0,0000;0,0000;0,0000;0,0000;0,0000;0;0;0;0
20260614_0639;Generalização_25;classification;HoeffdingTree;Default_FullFeatures;classifier;classifier;classifier;N/A;N/A;N/A;2000;100;7;2600;0,0000;0,0000;0,0000;0,0000;0,0000;0,0000;0;0;0;0
20260614_0639;Generalização_25;classification;HoeffdingTree;Default_FullFeatures;classifier;classifier;classifier;N/A;N/A;N/A;2000;100;8;2700;0,0000;0,0000;0,0000;0,0000;0,0000;0,0000;0;0;0;0
20260614_0639;Generalização_25;classification;HoeffdingTree;Default_FullFeatures;classifier;classifier;classifier;N/A;N/A;N/A;2000;100;9;2800;0,0000;0,0000;0,0000;0,0000;0,0000;0,0000;0;0;0;0
20260614_0639;Generalização_25;classification;HoeffdingTree;Default_FullFeatures;classifier;classifier;classifier;N/A;N/A;N/A;2000;100;10;2900;0,0000;0,0000;0,0000;0,0000;0,0000;0,0000;0;0;0;0
20260614_0639;Generalização_25;classification;HoeffdingTree;Default_FullFeatures;classifier;classifier;classifier;N/A;N/A;N/A;2000;100;11;3000;0,0000;0,0000;0,0000;0,0000;0,0000;0,0000;0;0;0;0
20260614_0639;Generalização_25;classification;HoeffdingTree;Default_FullFeatures;classifier;classifier;classifier;N/A;N/A;N/A;2000;100;12;3100;0,0000;0,0000;0,0000;0,0000;0,0000;0,0000;0;0;0;0
20260614_0639;Generalização_25;classification;HoeffdingTree;Default_FullFeatures;classifier;classifier;classifier;N/A;N/A;N/A;2000;100;13;3200;0,0000;0,0000;0,0000;0,0000;0,0000;0,0000;0;0;0;0
20260614_0639;Generalização_25;classification;HoeffdingTree;Default_FullFeatures;classifier;classifier;classifier;N/A;N/A;N/A;2000;100;14;3300;0,0000;0,0000;0,0000;0,0000;0,0000;0,0000;0;0;0;0
20260614_0639;Generalização_25;classification;HoeffdingTree;Default_FullFeatures;classifier;classifier;classifier;N/A;N/A;N/A;2000;100;15;3400;0,0000;0,0000;0,0000;0,0000;0,0000;0,0000;0;0;0;0
20260614_0639;Generalização_25;classification;HoeffdingTree;Default_FullFeatures;classifier;classifier;classifier;N/A;N/A;N/A;2000;100;16;3500;0,0000;0,0000;0,0000;0,0000;0,0000;0,0000;0;0;0;0
20260614_0639;Generalização_25;classification;HoeffdingTree;Default_FullFeatures;classifier;classifier;classifier;N/A;N/A;N/A;2000;100;17;3600;0,0000;0,0000;0,0000;0,0000;0,0000;0,0000;0;0;0;0
20260614_0639;Generalização_25;classification;HoeffdingTree;Default_FullFeatures;classifier;classifier;classifier;N/A;N/A;N/A;2000;100;18;3700;0,0000;0,0000;0,0000;0,0000;0,0000;0,0000;0;0;0;0
20260614_0639;Generalização_25;classification;HoeffdingTree;Default_FullFeatures;classifier;classifier;classifier;N/A;N/A;N/A;2000;100;19;3800;86,9565;0,0000;95,2381;0,0000;80,0000;0,0000;1;0;5;0
20260614_0639;Generalização_25;classification;HoeffdingTree;Default_FullFeatures;classifier;classifier;classifier;N/A;N/A;N/A;2000;100;20;3900;0,0000;0,0000;0,0000;0,0000;0,0000;0,0000;1;0;0;0
20260614_0639;Generalização_25;classification;HoeffdingTree;Default_FullFeatures;classifier;classifier;classifier;N/A;N/A;N/A;2000;100;21;4000;0,0000;0,0000;0,0000;0,0000;0,0000;0,0000;0;0;0;0
20260614_0639;Generalização_25;classification;HoeffdingTree;Default_FullFeatures;classifier;classifier;classifier;N/A;N/A;N/A;2000;100;22;4100;0,0000;0,0000;0,0000;0,0000;0,0000;0,0000;0;0;0;0
20260614_0639;Generalização_25;classification;HoeffdingTree;Default_FullFeatures;classifier;classifier;classifier;N/A;N/A;N/A;2000;100;23;4200;0,0000;0,0000;0,0000;0,0000;0,0000;0,0000;0;0;0;0
20260614_0639;Generalização_25;classification;HoeffdingTree;Default_FullFeatures;classifier;classifier;classifier;N/A;N/A;N/A;2000;100;24;4300;0,0000;0,0000;0,0000;0,0000;0,0000;0,0000;0;0;0;0
20260614_0639;Generalização_25;classification;HoeffdingTree;Default_FullFeatures;classifier;classifier;classifier;N/A;N/A;N/A;2000;100;25;4400;0,0000;0,0000;0,0000;0,0000;0,0000;0,0000;0;0;0;0
20260614_0639;Generalização_25;classification;HoeffdingTree;Default_FullFeatures;classifier;classifier;classifier;N/A;N/A;N/A;2000;100;26;4500;0,0000;0,0000;0,0000;0,0000;0,0000;0,0000;0;0;0;0
20260614_0639;Generalização_25;classification;HoeffdingTree;Default_FullFeatures;classifier;classifier;classifier;N/A;N/A;N/A;2000;100;27;4600;0,0000;0,0000;0,0000;0,0000;0,0000;0,0000;0;0;0;0
20260614_0639;Generalização_25;classification;HoeffdingTree;Default_FullFeatures;classifier;classifier;classifier;N/A;N/A;N/A;2000;100;28;4700;0,0000;0,0000;0,0000;0,0000;0,0000;0,0000;0;0;0;0
20260614_0639;Generalização_25;classification;HoeffdingTree;Default_FullFeatures;classifier;classifier;classifier;N/A;N/A;N/A;2000;100;29;4800;0,0000;0,0000;0,0000;0,0000;0,0000;0,0000;0;0;0;0
20260614_0639;Generalização_25;classification;HoeffdingTree;Default_FullFeatures;classifier;classifier;classifier;N/A;N/A;N/A;2000;100;30;4900;0,0000;0,0000;0,0000;0,0000;0,0000;0,0000;0;0;0;0
20260614_0639;Generalização_25;classification;HoeffdingTree;Default_FullFeatures;classifier;classifier;classifier;N/A;N/A;N/A;2000;100;31;5000;0,0000;0,0000;0,0000;0,0000;0,0000;0,0000;0;0;0;0
20260614_0639;Generalização_25;classification;HoeffdingTree;Default_FullFeatures;classifier;classifier;classifier;N/A;N/A;N/A;2000;100;32;5100;0,0000;0,0000;0,0000;0,0000;0,0000;0,0000;0;0;0;0
20260614_0639;Generalização_25;classification;HoeffdingTree;Default_FullFeatures;classifier;classifier;classifier;N/A;N/A;N/A;2000;100;33;5200;0,0000;0,0000;0,0000;0,0000;0,0000;0,0000;0;0;0;0
20260614_0639;Generalização_25;classification;HoeffdingTree;Default_FullFeatures;classifier;classifier;classifier;N/A;N/A;N/A;2000;100;34;5300;0,0000;0,0000;0,0000;0,0000;0,0000;0,0000;0;0;0;0
20260614_0639;Generalização_25;classification;HoeffdingTree;Default_FullFeatures;classifier;classifier;classifier;N/A;N/A;N/A;2000;100;35;5400;0,0000;0,0000;0,0000;0,0000;0,0000;0,0000;0;0;0;0
20260614_0639;Generalização_25;classification;HoeffdingTree;Default_FullFeatures;classifier;classifier;classifier;N/A;N/A;N/A;2000;100;36;5500;0,0000;0,0000;0,0000;0,0000;0,0000;0,0000;0;0;0;0
20260614_0639;Generalização_25;classification;HoeffdingTree;Default_FullFeatures;classifier;classifier;classifier;N/A;N/A;N/A;2000;100;37;5600;0,0000;0,0000;0,0000;0,0000;0,0000;0,0000;0;0;0;0
20260614_0639;Generalização_25;classification;HoeffdingTree;Default_FullFeatures;classifier;classifier;classifier;N/A;N/A;N/A;2000;100;38;5700;0,0000;0,0000;0,0000;0,0000;0,0000;0,0000;0;0;0;0
20260614_0639;Generalização_25;classification;HoeffdingTree;Default_FullFeatures;classifier;classifier;classifier;N/A;N/A;N/A;2000;100;39;5800;0,0000;0,0000;0,0000;0,0000;0,0000;0,0000;0;0;0;0
20260614_0639;Generalização_25;classification;HoeffdingTree;Default_FullFeatures;classifier;classifier;classifier;N/A;N/A;N/A;2000;100;40;5900;0,0000;0,0000;0,0000;0,0000;0,0000;0,0000;0;0;0;0
20260614_0639;Generalização_25;classification;HoeffdingTree;Default_FullFeatures;classifier;classifier;classifier;N/A;N/A;N/A;2000;100;41;6000;0,0000;0,0000;0,0000;0,0000;0,0000;0,0000;0;0;0;0
20260614_0639;Generalização_25;classification;HoeffdingTree;Default_FullFeatures;classifier;classifier;classifier;N/A;N/A;N/A;2000;100;42;6100;0,0000;0,0000;0,0000;0,0000;0,0000;0,0000;0;0;0;0
20260614_0639;Generalização_25;classification;HoeffdingTree;Default_FullFeatures;classifier;classifier;classifier;N/A;N/A;N/A;2000;100;43;6200;0,0000;0,0000;0,0000;0,0000;0,0000;0,0000;0;0;0;0
20260614_0639;Generalização_25;classification;HoeffdingTree;Default_FullFeatures;classifier;classifier;classifier;N/A;N/A;N/A;2000;100;44;6300;0,0000;0,0000;0,0000;0,0000;0,0000;0,0000;0;0;0;0
20260614_0639;Generalização_25;classification;HoeffdingTree;Default_FullFeatures;classifier;classifier;classifier;N/A;N/A;N/A;2000;100;45;6400;0,0000;0,0000;0,0000;0,0000;0,0000;0,0000;0;0;0;0
20260614_0639;Generalização_25;classification;HoeffdingTree;Default_FullFeatures;classifier;classifier;classifier;N/A;N/A;N/A;2000;100;46;6500;0,0000;0,0000;0,0000;0,0000;0,0000;0,0000;0;0;0;0
20260614_0639;Generalização_25;classification;HoeffdingTree;Default_FullFeatures;classifier;classifier;classifier;N/A;N/A;N/A;2000;100;47;6600;0,0000;0,0000;0,0000;0,0000;0,0000;0,0000;0;0;0;0
20260614_0639;Generalização_25;classification;HoeffdingTree;Default_FullFeatures;classifier;classifier;classifier;N/A;N/A;N/A;2000;100;48;6700;0,0000;0,0000;0,0000;0,0000;0,0000;0,0000;0;0;0;0
20260614_0639;Generalização_25;classification;HoeffdingTree;Default_FullFeatures;classifier;classifier;classifier;N/A;N/A;N/A;2000;100;49;6800;0,0000;0,0000;0,0000;0,0000;0,0000;0,0000;0;0;0;0
20260614_0639;Generalização_25;classification;HoeffdingTree;Default_FullFeatures;classifier;classifier;classifier;N/A;N/A;N/A;2000;100;50;6900;0,0000;0,0000;0,0000;0,0000;0,0000;0,0000;0;0;0;0
20260614_0639;Generalização_25;classification;HoeffdingTree;Default_FullFeatures;classifier;classifier;classifier;N/A;N/A;N/A;2000;100;51;7000;0,0000;0,0000;0,0000;0,0000;0,0000;0,0000;0;0;0;0
20260614_0639;Generalização_25;classification;HoeffdingTree;Default_FullFeatures;classifier;classifier;classifier;N/A;N/A;N/A;2000;100;52;7100;0,0000;0,0000;0,0000;0,0000;0,0000;0,0000;0;0;0;0
20260614_0639;Generalização_25;classification;HoeffdingTree;Default_FullFeatures;classifier;classifier;classifier;N/A;N/A;N/A;2000;100;53;7200;0,0000;0,0000;0,0000;0,0000;0,0000;0,0000;0;0;0;0
20260614_0639;Generalização_25;classification;HoeffdingTree;Default_FullFeatures;classifier;classifier;classifier;N/A;N/A;N/A;2000;100;54;7300;0,0000;0,0000;0,0000;0,0000;0,0000;0,0000;0;0;0;0
20260614_0639;Generalização_25;classification;HoeffdingTree;Default_FullFeatures;classifier;classifier;classifier;N/A;N/A;N/A;2000;100;55;7400;0,0000;0,0000;0,0000;0,0000;0,0000;0,0000;0;0;0;0
20260614_0639;Generalização_25;classification;HoeffdingTree;Default_FullFeatures;classifier;classifier;classifier;N/A;N/A;N/A;2000;100;56;7500;0,0000;0,0000;0,0000;0,0000;0,0000;0,0000;0;0;0;0
20260614_0639;Generalização_25;classification;HoeffdingTree;Default_FullFeatures;classifier;classifier;classifier;N/A;N/A;N/A;2000;100;57;7600;95,8333;0,0000;100,0000;0,0000;92,0000;0,0000;0;0;2;0
20260614_0639;Generalização_25;classification;HoeffdingTree;Default_FullFeatures;classifier;classifier;classifier;N/A;N/A;N/A;2000;100;58;7700;0,0000;0,0000;0,0000;0,0000;0,0000;0,0000;0;0;0;0
20260614_0639;Generalização_25;classification;HoeffdingTree;Default_FullFeatures;classifier;classifier;classifier;N/A;N/A;N/A;2000;100;59;7800;0,0000;0,0000;0,0000;0,0000;0,0000;0,0000;0;0;0;0
20260614_0639;Generalização_25;classification;HoeffdingTree;Default_FullFeatures;classifier;classifier;classifier;N/A;N/A;N/A;2000;100;60;7900;0,0000;0,0000;0,0000;0,0000;0,0000;0,0000;1;0;0;0
20260614_0639;Generalização_25;classification;HoeffdingTree;Default_FullFeatures;classifier;classifier;classifier;N/A;N/A;N/A;2000;100;61;8000;0,0000;0,0000;0,0000;0,0000;0,0000;0,0000;0;0;0;0
20260614_0639;Generalização_25;classification;HoeffdingTree;Default_FullFeatures;classifier;classifier;classifier;N/A;N/A;N/A;2000;100;62;8100;0,0000;0,0000;0,0000;0,0000;0,0000;0,0000;0;0;0;0
20260614_0639;Generalização_25;classification;HoeffdingTree;Default_FullFeatures;classifier;classifier;classifier;N/A;N/A;N/A;2000;100;63;8200;0,0000;0,0000;0,0000;0,0000;0,0000;0,0000;0;0;0;0
20260614_0639;Generalização_25;classification;HoeffdingTree;Default_FullFeatures;classifier;classifier;classifier;N/A;N/A;N/A;2000;100;64;8300;0,0000;0,0000;0,0000;0,0000;0,0000;0,0000;0;0;0;0
20260614_0639;Generalização_25;classification;HoeffdingTree;Default_FullFeatures;classifier;classifier;classifier;N/A;N/A;N/A;2000;100;65;8400;0,0000;0,0000;0,0000;0,0000;0,0000;0,0000;0;0;0;0
20260614_0639;Generalização_25;classification;HoeffdingTree;Default_FullFeatures;classifier;classifier;classifier;N/A;N/A;N/A;2000;100;66;8500;0,0000;0,0000;0,0000;0,0000;0,0000;0,0000;0;0;0;0
20260614_0639;Generalização_25;classification;HoeffdingTree;Default_FullFeatures;classifier;classifier;classifier;N/A;N/A;N/A;2000;100;67;8600;0,0000;0,0000;0,0000;0,0000;0,0000;0,0000;0;0;0;0
20260614_0639;Generalização_25;classification;HoeffdingTree;Default_FullFeatures;classifier;classifier;classifier;N/A;N/A;N/A;2000;100;68;8700;0,0000;0,0000;0,0000;0,0000;0,0000;0,0000;0;0;0;0
20260614_0639;Generalização_25;classification;HoeffdingTree;Default_FullFeatures;classifier;classifier;classifier;N/A;N/A;N/A;2000;100;69;8800;0,0000;0,0000;0,0000;0,0000;0,0000;0,0000;0;0;0;0
20260614_0639;Generalização_25;classification;HoeffdingTree;Default_FullFeatures;classifier;classifier;classifier;N/A;N/A;N/A;2000;100;70;8900;0,0000;0,0000;0,0000;0,0000;0,0000;0,0000;0;0;0;0
20260614_0639;Generalização_25;classification;HoeffdingTree;Default_FullFeatures;classifier;classifier;classifier;N/A;N/A;N/A;2000;100;71;9000;0,0000;0,0000;0,0000;0,0000;0,0000;0,0000;0;0;0;0
20260614_0639;Generalização_25;classification;HoeffdingTree;Default_FullFeatures;classifier;classifier;classifier;N/A;N/A;N/A;2000;100;72;9100;0,0000;0,0000;0,0000;0,0000;0,0000;0,0000;0;0;0;0
20260614_0639;Generalização_25;classification;HoeffdingTree;Default_FullFeatures;classifier;classifier;classifier;N/A;N/A;N/A;2000;100;73;9200;0,0000;0,0000;0,0000;0,0000;0,0000;0,0000;0;0;0;0
20260614_0639;Generalização_25;classification;HoeffdingTree;Default_FullFeatures;classifier;classifier;classifier;N/A;N/A;N/A;2000;100;74;9300;0,0000;0,0000;0,0000;0,0000;0,0000;0,0000;0;0;0;0
20260614_0639;Generalização_25;classification;HoeffdingTree;Default_FullFeatures;classifier;classifier;classifier;N/A;N/A;N/A;2000;100;75;9400;0,0000;0,0000;0,0000;0,0000;0,0000;0,0000;0;0;0;0
20260614_0639;Generalização_25;classification;HoeffdingTree;Default_FullFeatures;classifier;classifier;classifier;N/A;N/A;N/A;2000;100;76;9500;0,0000;0,0000;0,0000;0,0000;0,0000;0,0000;0;0;0;0
20260614_0639;Generalização_25;classification;HoeffdingTree;Default_FullFeatures;classifier;classifier;classifier;N/A;N/A;N/A;2000;100;77;9600;0,0000;0,0000;0,0000;0,0000;0,0000;0,0000;0;0;0;0
20260614_0639;Generalização_25;classification;HoeffdingTree;Default_FullFeatures;classifier;classifier;classifier;N/A;N/A;N/A;2000;100;78;9700;0,0000;0,0000;0,0000;0,0000;0,0000;0,0000;0;0;0;0
20260614_0639;Generalização_25;classification;HoeffdingTree;Default_FullFeatures;classifier;classifier;classifier;N/A;N/A;N/A;2000;100;79;9800;0,0000;0,0000;0,0000;0,0000;0,0000;0,0000;0;0;0;0
20260614_0639;Generalização_25;classification;HoeffdingTree;Default_FullFeatures;classifier;classifier;classifier;N/A;N/A;N/A;2000;100;80;9900;0,0000;0,0000;0,0000;0,0000;0,0000;0,0000;0;0;0;0
20260614_0639;Generalização_25;classification;HoeffdingTree;Default_FullFeatures;classifier;classifier;classifier;N/A;N/A;N/A;2000;100;81;10000;0,0000;0,0000;0,0000;0,0000;0,0000;0,0000;0;0;0;0
20260614_0639;Generalização_25;classification;HoeffdingTree;Default_FullFeatures;classifier;classifier;classifier;N/A;N/A;N/A;2000;100;82;10100;0,0000;0,0000;0,0000;0,0000;0,0000;0,0000;0;0;0;0
20260614_0639;Generalização_25;classification;HoeffdingTree;Default_FullFeatures;classifier;classifier;classifier;N/A;N/A;N/A;2000;100;83;10200;0,0000;0,0000;0,0000;0,0000;0,0000;0,0000;0;0;0;0
20260614_0639;Generalização_25;classification;HoeffdingTree;Default_FullFeatures;classifier;classifier;classifier;N/A;N/A;N/A;2000;100;84;10300;0,0000;0,0000;0,0000;0,0000;0,0000;0,0000;0;0;0;0
20260614_0639;Generalização_25;classification;HoeffdingTree;Default_FullFeatures;classifier;classifier;classifier;N/A;N/A;N/A;2000;100;85;10400;0,0000;0,0000;0,0000;0,0000;0,0000;0,0000;0;0;0;0
20260614_0639;Generalização_25;classification;HoeffdingTree;Default_FullFeatures;classifier;classifier;classifier;N/A;N/A;N/A;2000;100;86;10500;0,0000;0,0000;0,0000;0,0000;0,0000;0,0000;0;0;0;0
20260614_0639;Generalização_25;classification;HoeffdingTree;Default_FullFeatures;classifier;classifier;classifier;N/A;N/A;N/A;2000;100;87;10600;0,0000;0,0000;0,0000;0,0000;0,0000;0,0000;0;0;0;0
20260614_0639;Generalização_25;classification;HoeffdingTree;Default_FullFeatures;classifier;classifier;classifier;N/A;N/A;N/A;2000;100;88;10700;0,0000;0,0000;0,0000;0,0000;0,0000;0,0000;0;0;0;0
20260614_0639;Generalização_25;classification;HoeffdingTree;Default_FullFeatures;classifier;classifier;classifier;N/A;N/A;N/A;2000;100;89;10800;0,0000;0,0000;0,0000;0,0000;0,0000;0,0000;0;0;0;0
20260614_0639;Generalização_25;classification;HoeffdingTree;Default_FullFeatures;classifier;classifier;classifier;N/A;N/A;N/A;2000;100;90;10900;0,0000;0,0000;0,0000;0,0000;0,0000;0,0000;0;0;0;0
20260614_0639;Generalização_25;classification;HoeffdingTree;Default_FullFeatures;classifier;classifier;classifier;N/A;N/A;N/A;2000;100;91;11000;0,0000;0,0000;0,0000;0,0000;0,0000;0,0000;0;0;0;0
20260614_0639;Generalização_25;classification;HoeffdingTree;Default_FullFeatures;classifier;classifier;classifier;N/A;N/A;N/A;2000;100;92;11100;0,0000;0,0000;0,0000;0,0000;0,0000;0,0000;0;0;0;0
20260614_0639;Generalização_25;classification;HoeffdingTree;Default_FullFeatures;classifier;classifier;classifier;N/A;N/A;N/A;2000;100;93;11200;0,0000;0,0000;0,0000;0,0000;0,0000;0,0000;0;0;0;0
20260614_0639;Generalização_25;classification;HoeffdingTree;Default_FullFeatures;classifier;classifier;classifier;N/A;N/A;N/A;2000;100;94;11300;0,0000;0,0000;0,0000;0,0000;0,0000;0,0000;0;0;1;0
20260614_0639;Generalização_25;classification;HoeffdingTree;Default_FullFeatures;classifier;classifier;classifier;N/A;N/A;N/A;2000;100;95;11400;90,0000;0,0000;100,0000;0,0000;81,8182;0,0000;0;0;4;0
20260614_0639;Generalização_25;classification;HoeffdingTree;Default_FullFeatures;classifier;classifier;classifier;N/A;N/A;N/A;2000;100;96;11500;0,0000;0,0000;0,0000;0,0000;0,0000;0,0000;0;0;0;0
20260614_0639;Generalização_25;classification;HoeffdingTree;Default_FullFeatures;classifier;classifier;classifier;N/A;N/A;N/A;2000;100;97;11600;0,0000;0,0000;0,0000;0,0000;0,0000;0,0000;0;0;0;0
20260614_0639;Generalização_25;classification;HoeffdingTree;Default_FullFeatures;classifier;classifier;classifier;N/A;N/A;N/A;2000;100;98;11700;0,0000;0,0000;0,0000;0,0000;0,0000;0,0000;0;0;0;0
20260614_0639;Generalização_25;classification;HoeffdingTree;Default_FullFeatures;classifier;classifier;classifier;N/A;N/A;N/A;2000;100;99;11800;0,0000;0,0000;0,0000;0,0000;0,0000;0,0000;0;0;0;0
20260614_0639;Generalização_25;classification;HoeffdingTree;Default_FullFeatures;classifier;classifier;classifier;N/A;N/A;N/A;2000;100;100;11900;0,0000;0,0000;0,0000;0,0000;0,0000;0,0000;0;0;0;0
20260614_0639;Generalização_25;classification;HoeffdingTree;Default_FullFeatures;classifier;classifier;classifier;N/A;N/A;N/A;2000;100;101;12000;0,0000;0,0000;0,0000;0,0000;0,0000;0,0000;0;0;0;0
20260614_0639;Generalização_25;classification;HoeffdingTree;Default_FullFeatures;classifier;classifier;classifier;N/A;N/A;N/A;2000;100;102;12100;0,0000;0,0000;0,0000;0,0000;0,0000;0,0000;0;0;0;0
20260614_0639;Generalização_25;classification;HoeffdingTree;Default_FullFeatures;classifier;classifier;classifier;N/A;N/A;N/A;2000;100;103;12200;0,0000;0,0000;0,0000;0,0000;0,0000;0,0000;0;0;0;0
20260614_0639;Generalização_25;classification;HoeffdingTree;Default_FullFeatures;classifier;classifier;classifier;N/A;N/A;N/A;2000;100;104;12300;0,0000;0,0000;0,0000;0,0000;0,0000;0,0000;0;0;0;0
20260614_0639;Generalização_25;classification;HoeffdingTree;Default_FullFeatures;classifier;classifier;classifier;N/A;N/A;N/A;2000;100;105;12400;0,0000;0,0000;0,0000;0,0000;0,0000;0,0000;0;0;0;0
20260614_0639;Generalização_25;classification;HoeffdingTree;Default_FullFeatures;classifier;classifier;classifier;N/A;N/A;N/A;2000;100;106;12500;0,0000;0,0000;0,0000;0,0000;0,0000;0,0000;0;0;0;0
20260614_0639;Generalização_25;classification;HoeffdingTree;Default_FullFeatures;classifier;classifier;classifier;N/A;N/A;N/A;2000;100;107;12600;0,0000;0,0000;0,0000;0,0000;0,0000;0,0000;0;0;0;0
20260614_0639;Generalização_25;classification;HoeffdingTree;Default_FullFeatures;classifier;classifier;classifier;N/A;N/A;N/A;2000;100;108;12700;0,0000;0,0000;0,0000;0,0000;0,0000;0,0000;0;0;0;0
20260614_0639;Generalização_25;classification;HoeffdingTree;Default_FullFeatures;classifier;classifier;classifier;N/A;N/A;N/A;2000;100;109;12800;0,0000;0,0000;0,0000;0,0000;0,0000;0,0000;0;0;0;0
20260614_0639;Generalização_25;classification;HoeffdingTree;Default_FullFeatures;classifier;classifier;classifier;N/A;N/A;N/A;2000;100;110;12900;0,0000;0,0000;0,0000;0,0000;0,0000;0,0000;0;0;0;0
20260614_0639;Generalização_25;classification;HoeffdingTree;Default_FullFeatures;classifier;classifier;classifier;N/A;N/A;N/A;2000;100;111;13000;0,0000;0,0000;0,0000;0,0000;0,0000;0,0000;0;0;0;0
20260614_0639;Generalização_25;classification;HoeffdingTree;Default_FullFeatures;classifier;classifier;classifier;N/A;N/A;N/A;2000;100;112;13100;0,0000;0,0000;0,0000;0,0000;0,0000;0,0000;0;0;0;0
20260614_0639;Generalização_25;classification;HoeffdingTree;Default_FullFeatures;classifier;classifier;classifier;N/A;N/A;N/A;2000;100;113;13200;0,0000;0,0000;0,0000;0,0000;0,0000;0,0000;0;0;0;0
20260614_0639;Generalização_25;classification;HoeffdingTree;Default_FullFeatures;classifier;classifier;classifier;N/A;N/A;N/A;2000;100;114;13300;0,0000;0,0000;0,0000;0,0000;0,0000;0,0000;0;0;0;0
20260614_0639;Generalização_25;classification;HoeffdingTree;Default_FullFeatures;classifier;classifier;classifier;N/A;N/A;N/A;2000;100;115;13400;0,0000;0,0000;0,0000;0,0000;0,0000;0,0000;0;0;0;0
20260614_0639;Generalização_25;classification;HoeffdingTree;Default_FullFeatures;classifier;classifier;classifier;N/A;N/A;N/A;2000;100;116;13500;0,0000;0,0000;0,0000;0,0000;0,0000;0,0000;0;0;0;0
20260614_0639;Generalização_25;classification;HoeffdingTree;Default_FullFeatures;classifier;classifier;classifier;N/A;N/A;N/A;2000;100;117;13600;0,0000;0,0000;0,0000;0,0000;0,0000;0,0000;0;0;0;0
20260614_0639;Generalização_25;classification;HoeffdingTree;Default_FullFeatures;classifier;classifier;classifier;N/A;N/A;N/A;2000;100;118;13700;0,0000;0,0000;0,0000;0,0000;0,0000;0,0000;0;0;0;0
20260614_0639;Generalização_25;classification;HoeffdingTree;Default_FullFeatures;classifier;classifier;classifier;N/A;N/A;N/A;2000;100;119;13800;0,0000;0,0000;0,0000;0,0000;0,0000;0,0000;0;0;0;0
20260614_0639;Generalização_25;classification;HoeffdingTree;Default_FullFeatures;classifier;classifier;classifier;N/A;N/A;N/A;2000;100;120;13900;0,0000;0,0000;0,0000;0,0000;0,0000;0,0000;0;0;0;0
20260614_0639;Generalização_25;classification;HoeffdingTree;Default_FullFeatures;classifier;classifier;classifier;N/A;N/A;N/A;2000;100;121;14000;0,0000;0,0000;0,0000;0,0000;0,0000;0,0000;0;0;0;0
20260614_0639;Generalização_25;classification;HoeffdingTree;Default_FullFeatures;classifier;classifier;classifier;N/A;N/A;N/A;2000;100;122;14100;0,0000;0,0000;0,0000;0,0000;0,0000;0,0000;0;0;0;0
20260614_0639;Generalização_25;classification;HoeffdingTree;Default_FullFeatures;classifier;classifier;classifier;N/A;N/A;N/A;2000;100;123;14200;0,0000;0,0000;0,0000;0,0000;0,0000;0,0000;0;0;0;0
20260614_0639;Generalização_25;classification;HoeffdingTree;Default_FullFeatures;classifier;classifier;classifier;N/A;N/A;N/A;2000;100;124;14300;0,0000;0,0000;0,0000;0,0000;0,0000;0,0000;0;0;0;0
20260614_0639;Generalização_25;classification;HoeffdingTree;Default_FullFeatures;classifier;classifier;classifier;N/A;N/A;N/A;2000;100;125;14400;0,0000;0,0000;0,0000;0,0000;0,0000;0,0000;0;0;0;0
20260614_0639;Generalização_25;classification;HoeffdingTree;Default_FullFeatures;classifier;classifier;classifier;N/A;N/A;N/A;2000;100;126;14500;0,0000;0,0000;0,0000;0,0000;0,0000;0,0000;0;0;0;0
20260614_0639;Generalização_25;classification;HoeffdingTree;Default_FullFeatures;classifier;classifier;classifier;N/A;N/A;N/A;2000;100;127;14600;0,0000;0,0000;0,0000;0,0000;0,0000;0,0000;0;0;0;0
20260614_0639;Generalização_25;classification;HoeffdingTree;Default_FullFeatures;classifier;classifier;classifier;N/A;N/A;N/A;2000;100;128;14700;0,0000;0,0000;0,0000;0,0000;0,0000;0,0000;0;0;0;0
20260614_0639;Generalização_25;classification;HoeffdingTree;Default_FullFeatures;classifier;classifier;classifier;N/A;N/A;N/A;2000;100;129;14800;0,0000;0,0000;0,0000;0,0000;0,0000;0,0000;0;0;0;0
20260614_0639;Generalização_25;classification;HoeffdingTree;Default_FullFeatures;classifier;classifier;classifier;N/A;N/A;N/A;2000;100;130;14900;0,0000;0,0000;0,0000;0,0000;0,0000;0,0000;0;0;0;0
20260614_0639;Generalização_25;classification;HoeffdingTree;Default_FullFeatures;classifier;classifier;classifier;N/A;N/A;N/A;2000;100;131;15000;0,0000;0,0000;0,0000;0,0000;0,0000;0,0000;0;0;0;0
20260614_0639;Generalização_200;classification;HoeffdingTree;Default_FullFeatures;classifier;classifier;classifier;N/A;N/A;N/A;2000;100;1;2000;0,0000;0,0000;0,0000;0,0000;0,0000;0,0000;0;0;0;0
20260614_0639;Generalização_200;classification;HoeffdingTree;Default_FullFeatures;classifier;classifier;classifier;N/A;N/A;N/A;2000;100;2;2100;0,0000;0,0000;0,0000;0,0000;0,0000;0,0000;0;0;0;0
20260614_0639;Generalização_200;classification;HoeffdingTree;Default_FullFeatures;classifier;classifier;classifier;N/A;N/A;N/A;2000;100;3;2200;0,0000;0,0000;0,0000;0,0000;0,0000;0,0000;0;0;0;0
20260614_0639;Generalização_200;classification;HoeffdingTree;Default_FullFeatures;classifier;classifier;classifier;N/A;N/A;N/A;2000;100;4;2300;0,0000;0,0000;0,0000;0,0000;0,0000;0,0000;0;0;0;0
20260614_0639;Generalização_200;classification;HoeffdingTree;Default_FullFeatures;classifier;classifier;classifier;N/A;N/A;N/A;2000;100;5;2400;0,0000;0,0000;0,0000;0,0000;0,0000;0,0000;0;0;0;0
20260614_0639;Generalização_200;classification;HoeffdingTree;Default_FullFeatures;classifier;classifier;classifier;N/A;N/A;N/A;2000;100;6;2500;0,0000;0,0000;0,0000;0,0000;0,0000;0,0000;0;0;0;0
20260614_0639;Generalização_200;classification;HoeffdingTree;Default_FullFeatures;classifier;classifier;classifier;N/A;N/A;N/A;2000;100;7;2600;0,0000;0,0000;0,0000;0,0000;0,0000;0,0000;0;0;0;0
20260614_0639;Generalização_200;classification;HoeffdingTree;Default_FullFeatures;classifier;classifier;classifier;N/A;N/A;N/A;2000;100;8;2700;0,0000;0,0000;0,0000;0,0000;0,0000;0,0000;0;0;0;0
20260614_0639;Generalização_200;classification;HoeffdingTree;Default_FullFeatures;classifier;classifier;classifier;N/A;N/A;N/A;2000;100;9;2800;0,0000;0,0000;0,0000;0,0000;0,0000;0,0000;0;0;0;0
20260614_0639;Generalização_200;classification;HoeffdingTree;Default_FullFeatures;classifier;classifier;classifier;N/A;N/A;N/A;2000;100;10;2900;0,0000;0,0000;0,0000;0,0000;0,0000;0,0000;0;0;0;0
20260614_0639;Generalização_200;classification;HoeffdingTree;Default_FullFeatures;classifier;classifier;classifier;N/A;N/A;N/A;2000;100;11;3000;0,0000;0,0000;0,0000;0,0000;0,0000;0,0000;0;0;0;0
20260614_0639;Generalização_200;classification;HoeffdingTree;Default_FullFeatures;classifier;classifier;classifier;N/A;N/A;N/A;2000;100;12;3100;0,0000;0,0000;0,0000;0,0000;0,0000;0,0000;0;0;0;0
20260614_0639;Generalização_200;classification;HoeffdingTree;Default_FullFeatures;classifier;classifier;classifier;N/A;N/A;N/A;2000;100;13;3200;0,0000;0,0000;0,0000;0,0000;0,0000;0,0000;0;0;0;0
20260614_0639;Generalização_200;classification;HoeffdingTree;Default_FullFeatures;classifier;classifier;classifier;N/A;N/A;N/A;2000;100;14;3300;0,0000;0,0000;0,0000;0,0000;0,0000;0,0000;0;0;0;0
20260614_0639;Generalização_200;classification;HoeffdingTree;Default_FullFeatures;classifier;classifier;classifier;N/A;N/A;N/A;2000;100;15;3400;0,0000;0,0000;0,0000;0,0000;0,0000;0,0000;0;0;0;0
20260614_0639;Generalização_200;classification;HoeffdingTree;Default_FullFeatures;classifier;classifier;classifier;N/A;N/A;N/A;2000;100;16;3500;0,0000;0,0000;0,0000;0,0000;0,0000;0,0000;0;0;0;0
20260614_0639;Generalização_200;classification;HoeffdingTree;Default_FullFeatures;classifier;classifier;classifier;N/A;N/A;N/A;2000;100;17;3600;0,0000;0,0000;0,0000;0,0000;0,0000;0,0000;0;0;0;0
20260614_0639;Generalização_200;classification;HoeffdingTree;Default_FullFeatures;classifier;classifier;classifier;N/A;N/A;N/A;2000;100;18;3700;0,0000;0,0000;0,0000;0,0000;0,0000;0,0000;0;0;0;0
20260614_0639;Generalização_200;classification;HoeffdingTree;Default_FullFeatures;classifier;classifier;classifier;N/A;N/A;N/A;2000;100;19;3800;94,6237;0,0000;100,0000;0,0000;89,7959;0,0000;0;0;5;0
20260614_0639;Generalização_200;classification;HoeffdingTree;Default_FullFeatures;classifier;classifier;classifier;N/A;N/A;N/A;2000;100;20;3900;98,0892;0,0000;100,0000;0,0000;96,2500;0,0000;0;0;3;0
20260614_0639;Generalização_200;classification;HoeffdingTree;Default_FullFeatures;classifier;classifier;classifier;N/A;N/A;N/A;2000;100;21;4000;97,8723;0,0000;100,0000;0,0000;95,8333;0,0000;0;0;2;0
20260614_0639;Generalização_200;classification;HoeffdingTree;Default_FullFeatures;classifier;classifier;classifier;N/A;N/A;N/A;2000;100;22;4100;0,0000;0,0000;0,0000;0,0000;0,0000;0,0000;2;0;0;0
20260614_0639;Generalização_200;classification;HoeffdingTree;Default_FullFeatures;classifier;classifier;classifier;N/A;N/A;N/A;2000;100;23;4200;0,0000;0,0000;0,0000;0,0000;0,0000;0,0000;3;0;0;0
20260614_0639;Generalização_200;classification;HoeffdingTree;Default_FullFeatures;classifier;classifier;classifier;N/A;N/A;N/A;2000;100;24;4300;0,0000;0,0000;0,0000;0,0000;0,0000;0,0000;0;0;0;0
20260614_0639;Generalização_200;classification;HoeffdingTree;Default_FullFeatures;classifier;classifier;classifier;N/A;N/A;N/A;2000;100;25;4400;0,0000;0,0000;0,0000;0,0000;0,0000;0,0000;1;0;0;0
20260614_0639;Generalização_200;classification;HoeffdingTree;Default_FullFeatures;classifier;classifier;classifier;N/A;N/A;N/A;2000;100;26;4500;0,0000;0,0000;0,0000;0,0000;0,0000;0,0000;1;0;0;0
20260614_0639;Generalização_200;classification;HoeffdingTree;Default_FullFeatures;classifier;classifier;classifier;N/A;N/A;N/A;2000;100;27;4600;0,0000;0,0000;0,0000;0,0000;0,0000;0,0000;0;0;0;0
20260614_0639;Generalização_200;classification;HoeffdingTree;Default_FullFeatures;classifier;classifier;classifier;N/A;N/A;N/A;2000;100;28;4700;0,0000;0,0000;0,0000;0,0000;0,0000;0,0000;0;0;0;0
20260614_0639;Generalização_200;classification;HoeffdingTree;Default_FullFeatures;classifier;classifier;classifier;N/A;N/A;N/A;2000;100;29;4800;0,0000;0,0000;0,0000;0,0000;0,0000;0,0000;1;0;0;0
20260614_0639;Generalização_200;classification;HoeffdingTree;Default_FullFeatures;classifier;classifier;classifier;N/A;N/A;N/A;2000;100;30;4900;0,0000;0,0000;0,0000;0,0000;0,0000;0,0000;0;0;0;0
20260614_0639;Generalização_200;classification;HoeffdingTree;Default_FullFeatures;classifier;classifier;classifier;N/A;N/A;N/A;2000;100;31;5000;0,0000;0,0000;0,0000;0,0000;0,0000;0,0000;0;0;0;0
20260614_0639;Generalização_200;classification;HoeffdingTree;Default_FullFeatures;classifier;classifier;classifier;N/A;N/A;N/A;2000;100;32;5100;0,0000;0,0000;0,0000;0,0000;0,0000;0,0000;0;0;0;0
20260614_0639;Generalização_200;classification;HoeffdingTree;Default_FullFeatures;classifier;classifier;classifier;N/A;N/A;N/A;2000;100;33;5200;0,0000;0,0000;0,0000;0,0000;0,0000;0,0000;0;0;0;0
20260614_0639;Generalização_200;classification;HoeffdingTree;Default_FullFeatures;classifier;classifier;classifier;N/A;N/A;N/A;2000;100;34;5300;0,0000;0,0000;0,0000;0,0000;0,0000;0,0000;0;0;0;0
20260614_0639;Generalização_200;classification;HoeffdingTree;Default_FullFeatures;classifier;classifier;classifier;N/A;N/A;N/A;2000;100;35;5400;0,0000;0,0000;0,0000;0,0000;0,0000;0,0000;0;0;0;0
20260614_0639;Generalização_200;classification;HoeffdingTree;Default_FullFeatures;classifier;classifier;classifier;N/A;N/A;N/A;2000;100;36;5500;0,0000;0,0000;0,0000;0,0000;0,0000;0,0000;0;0;0;0
20260614_0639;Generalização_200;classification;HoeffdingTree;Default_FullFeatures;classifier;classifier;classifier;N/A;N/A;N/A;2000;100;37;5600;0,0000;0,0000;0,0000;0,0000;0,0000;0,0000;0;0;0;0
20260614_0639;Generalização_200;classification;HoeffdingTree;Default_FullFeatures;classifier;classifier;classifier;N/A;N/A;N/A;2000;100;38;5700;0,0000;0,0000;0,0000;0,0000;0,0000;0,0000;0;0;0;0
20260614_0639;Generalização_200;classification;HoeffdingTree;Default_FullFeatures;classifier;classifier;classifier;N/A;N/A;N/A;2000;100;39;5800;0,0000;0,0000;0,0000;0,0000;0,0000;0,0000;0;0;0;0
20260614_0639;Generalização_200;classification;HoeffdingTree;Default_FullFeatures;classifier;classifier;classifier;N/A;N/A;N/A;2000;100;40;5900;0,0000;0,0000;0,0000;0,0000;0,0000;0,0000;0;0;0;0
20260614_0639;Generalização_200;classification;HoeffdingTree;Default_FullFeatures;classifier;classifier;classifier;N/A;N/A;N/A;2000;100;41;6000;0,0000;0,0000;0,0000;0,0000;0,0000;0,0000;0;0;0;0
20260614_0639;Generalização_200;classification;HoeffdingTree;Default_FullFeatures;classifier;classifier;classifier;N/A;N/A;N/A;2000;100;42;6100;0,0000;0,0000;0,0000;0,0000;0,0000;0,0000;0;0;0;0
20260614_0639;Generalização_200;classification;HoeffdingTree;Default_FullFeatures;classifier;classifier;classifier;N/A;N/A;N/A;2000;100;43;6200;0,0000;0,0000;0,0000;0,0000;0,0000;0,0000;0;0;0;0
20260614_0639;Generalização_200;classification;HoeffdingTree;Default_FullFeatures;classifier;classifier;classifier;N/A;N/A;N/A;2000;100;44;6300;0,0000;0,0000;0,0000;0,0000;0,0000;0,0000;0;0;0;0
20260614_0639;Generalização_200;classification;HoeffdingTree;Default_FullFeatures;classifier;classifier;classifier;N/A;N/A;N/A;2000;100;45;6400;0,0000;0,0000;0,0000;0,0000;0,0000;0,0000;0;0;0;0
20260614_0639;Generalização_200;classification;HoeffdingTree;Default_FullFeatures;classifier;classifier;classifier;N/A;N/A;N/A;2000;100;46;6500;0,0000;0,0000;0,0000;0,0000;0,0000;0,0000;0;0;0;0
20260614_0639;Generalização_200;classification;HoeffdingTree;Default_FullFeatures;classifier;classifier;classifier;N/A;N/A;N/A;2000;100;47;6600;0,0000;0,0000;0,0000;0,0000;0,0000;0,0000;0;0;0;0
20260614_0639;Generalização_200;classification;HoeffdingTree;Default_FullFeatures;classifier;classifier;classifier;N/A;N/A;N/A;2000;100;48;6700;0,0000;0,0000;0,0000;0,0000;0,0000;0,0000;0;0;0;0
20260614_0639;Generalização_200;classification;HoeffdingTree;Default_FullFeatures;classifier;classifier;classifier;N/A;N/A;N/A;2000;100;49;6800;0,0000;0,0000;0,0000;0,0000;0,0000;0,0000;0;0;0;0
20260614_0639;Generalização_200;classification;HoeffdingTree;Default_FullFeatures;classifier;classifier;classifier;N/A;N/A;N/A;2000;100;50;6900;0,0000;0,0000;0,0000;0,0000;0,0000;0,0000;0;0;0;0
20260614_0639;Generalização_200;classification;HoeffdingTree;Default_FullFeatures;classifier;classifier;classifier;N/A;N/A;N/A;2000;100;51;7000;0,0000;0,0000;0,0000;0,0000;0,0000;0,0000;0;0;0;0
20260614_0639;Generalização_200;classification;HoeffdingTree;Default_FullFeatures;classifier;classifier;classifier;N/A;N/A;N/A;2000;100;52;7100;0,0000;0,0000;0,0000;0,0000;0,0000;0,0000;0;0;0;0
20260614_0639;Generalização_200;classification;HoeffdingTree;Default_FullFeatures;classifier;classifier;classifier;N/A;N/A;N/A;2000;100;53;7200;0,0000;0,0000;0,0000;0,0000;0,0000;0,0000;0;0;0;0
20260614_0639;Generalização_200;classification;HoeffdingTree;Default_FullFeatures;classifier;classifier;classifier;N/A;N/A;N/A;2000;100;54;7300;0,0000;0,0000;0,0000;0,0000;0,0000;0,0000;0;0;0;0
20260614_0639;Generalização_200;classification;HoeffdingTree;Default_FullFeatures;classifier;classifier;classifier;N/A;N/A;N/A;2000;100;55;7400;0,0000;0,0000;0,0000;0,0000;0,0000;0,0000;0;0;0;0
20260614_0639;Generalização_200;classification;HoeffdingTree;Default_FullFeatures;classifier;classifier;classifier;N/A;N/A;N/A;2000;100;56;7500;0,0000;0,0000;0,0000;0,0000;0,0000;0,0000;0;0;0;0
20260614_0639;Generalização_200;classification;HoeffdingTree;Default_FullFeatures;classifier;classifier;classifier;N/A;N/A;N/A;2000;100;57;7600;0,0000;0,0000;0,0000;0,0000;0,0000;0,0000;0;0;0;0
20260614_0639;Generalização_200;classification;HoeffdingTree;Default_FullFeatures;classifier;classifier;classifier;N/A;N/A;N/A;2000;100;58;7700;0,0000;0,0000;0,0000;0,0000;0,0000;0,0000;0;0;1;0
20260614_0639;Generalização_200;classification;HoeffdingTree;Default_FullFeatures;classifier;classifier;classifier;N/A;N/A;N/A;2000;100;59;7800;94,7368;0,0000;100,0000;0,0000;90,0000;0,0000;0;0;10;0
20260614_0639;Generalização_200;classification;HoeffdingTree;Default_FullFeatures;classifier;classifier;classifier;N/A;N/A;N/A;2000;100;60;7900;96,8750;0,0000;100,0000;0,0000;93,9394;0,0000;0;0;6;0
20260614_0639;Generalização_200;classification;HoeffdingTree;Default_FullFeatures;classifier;classifier;classifier;N/A;N/A;N/A;2000;100;61;8000;0,0000;0,0000;0,0000;0,0000;0,0000;0,0000;0;0;0;0
20260614_0639;Generalização_200;classification;HoeffdingTree;Default_FullFeatures;classifier;classifier;classifier;N/A;N/A;N/A;2000;100;62;8100;0,0000;0,0000;0,0000;0,0000;0,0000;0,0000;0;0;0;0
20260614_0639;Generalização_200;classification;HoeffdingTree;Default_FullFeatures;classifier;classifier;classifier;N/A;N/A;N/A;2000;100;63;8200;0,0000;0,0000;0,0000;0,0000;0,0000;0,0000;0;0;0;0
20260614_0639;Generalização_200;classification;HoeffdingTree;Default_FullFeatures;classifier;classifier;classifier;N/A;N/A;N/A;2000;100;64;8300;0,0000;0,0000;0,0000;0,0000;0,0000;0,0000;0;0;0;0
20260614_0639;Generalização_200;classification;HoeffdingTree;Default_FullFeatures;classifier;classifier;classifier;N/A;N/A;N/A;2000;100;65;8400;0,0000;0,0000;0,0000;0,0000;0,0000;0,0000;0;0;0;0
20260614_0639;Generalização_200;classification;HoeffdingTree;Default_FullFeatures;classifier;classifier;classifier;N/A;N/A;N/A;2000;100;66;8500;0,0000;0,0000;0,0000;0,0000;0,0000;0,0000;0;0;0;0
20260614_0639;Generalização_200;classification;HoeffdingTree;Default_FullFeatures;classifier;classifier;classifier;N/A;N/A;N/A;2000;100;67;8600;0,0000;0,0000;0,0000;0,0000;0,0000;0,0000;0;0;0;0
20260614_0639;Generalização_200;classification;HoeffdingTree;Default_FullFeatures;classifier;classifier;classifier;N/A;N/A;N/A;2000;100;68;8700;0,0000;0,0000;0,0000;0,0000;0,0000;0,0000;0;0;0;0
20260614_0639;Generalização_200;classification;HoeffdingTree;Default_FullFeatures;classifier;classifier;classifier;N/A;N/A;N/A;2000;100;69;8800;0,0000;0,0000;0,0000;0,0000;0,0000;0,0000;0;0;0;0
20260614_0639;Generalização_200;classification;HoeffdingTree;Default_FullFeatures;classifier;classifier;classifier;N/A;N/A;N/A;2000;100;70;8900;0,0000;0,0000;0,0000;0,0000;0,0000;0,0000;0;0;0;0
20260614_0639;Generalização_200;classification;HoeffdingTree;Default_FullFeatures;classifier;classifier;classifier;N/A;N/A;N/A;2000;100;71;9000;0,0000;0,0000;0,0000;0,0000;0,0000;0,0000;0;0;0;0
20260614_0639;Generalização_200;classification;HoeffdingTree;Default_FullFeatures;classifier;classifier;classifier;N/A;N/A;N/A;2000;100;72;9100;0,0000;0,0000;0,0000;0,0000;0,0000;0,0000;0;0;0;0
20260614_0639;Generalização_200;classification;HoeffdingTree;Default_FullFeatures;classifier;classifier;classifier;N/A;N/A;N/A;2000;100;73;9200;0,0000;0,0000;0,0000;0,0000;0,0000;0,0000;0;0;0;0
20260614_0639;Generalização_200;classification;HoeffdingTree;Default_FullFeatures;classifier;classifier;classifier;N/A;N/A;N/A;2000;100;74;9300;0,0000;0,0000;0,0000;0,0000;0,0000;0,0000;0;0;0;0
20260614_0639;Generalização_200;classification;HoeffdingTree;Default_FullFeatures;classifier;classifier;classifier;N/A;N/A;N/A;2000;100;75;9400;0,0000;0,0000;0,0000;0,0000;0,0000;0,0000;0;0;0;0
20260614_0639;Generalização_200;classification;HoeffdingTree;Default_FullFeatures;classifier;classifier;classifier;N/A;N/A;N/A;2000;100;76;9500;0,0000;0,0000;0,0000;0,0000;0,0000;0,0000;0;0;0;0
20260614_0639;Generalização_200;classification;HoeffdingTree;Default_FullFeatures;classifier;classifier;classifier;N/A;N/A;N/A;2000;100;77;9600;0,0000;0,0000;0,0000;0,0000;0,0000;0,0000;0;0;0;0
20260614_0639;Generalização_200;classification;HoeffdingTree;Default_FullFeatures;classifier;classifier;classifier;N/A;N/A;N/A;2000;100;78;9700;0,0000;0,0000;0,0000;0,0000;0,0000;0,0000;0;0;0;0
20260614_0639;Generalização_200;classification;HoeffdingTree;Default_FullFeatures;classifier;classifier;classifier;N/A;N/A;N/A;2000;100;79;9800;0,0000;0,0000;0,0000;0,0000;0,0000;0,0000;0;0;0;0
20260614_0639;Generalização_200;classification;HoeffdingTree;Default_FullFeatures;classifier;classifier;classifier;N/A;N/A;N/A;2000;100;80;9900;0,0000;0,0000;0,0000;0,0000;0,0000;0,0000;0;0;0;0
20260614_0639;Generalização_200;classification;HoeffdingTree;Default_FullFeatures;classifier;classifier;classifier;N/A;N/A;N/A;2000;100;81;10000;0,0000;0,0000;0,0000;0,0000;0,0000;0,0000;0;0;0;0
20260614_0639;Generalização_200;classification;HoeffdingTree;Default_FullFeatures;classifier;classifier;classifier;N/A;N/A;N/A;2000;100;82;10100;0,0000;0,0000;0,0000;0,0000;0,0000;0,0000;0;0;0;0
20260614_0639;Generalização_200;classification;HoeffdingTree;Default_FullFeatures;classifier;classifier;classifier;N/A;N/A;N/A;2000;100;83;10200;0,0000;0,0000;0,0000;0,0000;0,0000;0,0000;0;0;0;0
20260614_0639;Generalização_200;classification;HoeffdingTree;Default_FullFeatures;classifier;classifier;classifier;N/A;N/A;N/A;2000;100;84;10300;0,0000;0,0000;0,0000;0,0000;0,0000;0,0000;0;0;0;0
20260614_0639;Generalização_200;classification;HoeffdingTree;Default_FullFeatures;classifier;classifier;classifier;N/A;N/A;N/A;2000;100;85;10400;0,0000;0,0000;0,0000;0,0000;0,0000;0,0000;0;0;0;0
20260614_0639;Generalização_200;classification;HoeffdingTree;Default_FullFeatures;classifier;classifier;classifier;N/A;N/A;N/A;2000;100;86;10500;0,0000;0,0000;0,0000;0,0000;0,0000;0,0000;0;0;0;0
20260614_0639;Generalização_200;classification;HoeffdingTree;Default_FullFeatures;classifier;classifier;classifier;N/A;N/A;N/A;2000;100;87;10600;0,0000;0,0000;0,0000;0,0000;0,0000;0,0000;0;0;0;0
20260614_0639;Generalização_200;classification;HoeffdingTree;Default_FullFeatures;classifier;classifier;classifier;N/A;N/A;N/A;2000;100;88;10700;0,0000;0,0000;0,0000;0,0000;0,0000;0,0000;0;0;0;0
20260614_0639;Generalização_200;classification;HoeffdingTree;Default_FullFeatures;classifier;classifier;classifier;N/A;N/A;N/A;2000;100;89;10800;0,0000;0,0000;0,0000;0,0000;0,0000;0,0000;0;0;0;0
20260614_0639;Generalização_200;classification;HoeffdingTree;Default_FullFeatures;classifier;classifier;classifier;N/A;N/A;N/A;2000;100;90;10900;0,0000;0,0000;0,0000;0,0000;0,0000;0,0000;0;0;0;0
20260614_0639;Generalização_200;classification;HoeffdingTree;Default_FullFeatures;classifier;classifier;classifier;N/A;N/A;N/A;2000;100;91;11000;0,0000;0,0000;0,0000;0,0000;0,0000;0,0000;0;0;0;0
20260614_0639;Generalização_200;classification;HoeffdingTree;Default_FullFeatures;classifier;classifier;classifier;N/A;N/A;N/A;2000;100;92;11100;0,0000;0,0000;0,0000;0,0000;0,0000;0,0000;0;0;0;0
20260614_0639;Generalização_200;classification;HoeffdingTree;Default_FullFeatures;classifier;classifier;classifier;N/A;N/A;N/A;2000;100;93;11200;0,0000;0,0000;0,0000;0,0000;0,0000;0,0000;0;0;0;0
20260614_0639;Generalização_200;classification;HoeffdingTree;Default_FullFeatures;classifier;classifier;classifier;N/A;N/A;N/A;2000;100;94;11300;0,0000;0,0000;0,0000;0,0000;0,0000;0,0000;0;0;0;0
20260614_0639;Generalização_200;classification;HoeffdingTree;Default_FullFeatures;classifier;classifier;classifier;N/A;N/A;N/A;2000;100;95;11400;0,0000;0,0000;0,0000;0,0000;0,0000;0,0000;0;0;0;0
20260614_0639;Generalização_200;classification;HoeffdingTree;Default_FullFeatures;classifier;classifier;classifier;N/A;N/A;N/A;2000;100;96;11500;0,0000;0,0000;0,0000;0,0000;0,0000;0,0000;0;0;0;0
20260614_0639;Generalização_200;classification;HoeffdingTree;Default_FullFeatures;classifier;classifier;classifier;N/A;N/A;N/A;2000;100;97;11600;0,0000;0,0000;0,0000;0,0000;0,0000;0,0000;0;0;0;0
20260614_0639;Generalização_200;classification;HoeffdingTree;Default_FullFeatures;classifier;classifier;classifier;N/A;N/A;N/A;2000;100;98;11700;96,9072;0,0000;100,0000;0,0000;94,0000;0,0000;0;0;3;0
20260614_0639;Generalização_200;classification;HoeffdingTree;Default_FullFeatures;classifier;classifier;classifier;N/A;N/A;N/A;2000;100;99;11800;96,2162;0,0000;100,0000;0,0000;92,7083;0,0000;0;0;7;0
20260614_0639;Generalização_200;classification;HoeffdingTree;Default_FullFeatures;classifier;classifier;classifier;N/A;N/A;N/A;2000;100;100;11900;95,7447;0,0000;100,0000;0,0000;91,8367;0,0000;0;0;4;0
20260614_0639;Generalização_200;classification;HoeffdingTree;Default_FullFeatures;classifier;classifier;classifier;N/A;N/A;N/A;2000;100;101;12000;0,0000;0,0000;0,0000;0,0000;0,0000;0,0000;0;0;0;0
20260614_0639;Generalização_200;classification;HoeffdingTree;Default_FullFeatures;classifier;classifier;classifier;N/A;N/A;N/A;2000;100;102;12100;0,0000;0,0000;0,0000;0,0000;0,0000;0,0000;0;0;0;0
20260614_0639;Generalização_200;classification;HoeffdingTree;Default_FullFeatures;classifier;classifier;classifier;N/A;N/A;N/A;2000;100;103;12200;0,0000;0,0000;0,0000;0,0000;0,0000;0,0000;0;0;0;0
20260614_0639;Generalização_200;classification;HoeffdingTree;Default_FullFeatures;classifier;classifier;classifier;N/A;N/A;N/A;2000;100;104;12300;0,0000;0,0000;0,0000;0,0000;0,0000;0,0000;0;0;0;0
20260614_0639;Generalização_200;classification;HoeffdingTree;Default_FullFeatures;classifier;classifier;classifier;N/A;N/A;N/A;2000;100;105;12400;0,0000;0,0000;0,0000;0,0000;0,0000;0,0000;0;0;0;0
20260614_0639;Generalização_200;classification;HoeffdingTree;Default_FullFeatures;classifier;classifier;classifier;N/A;N/A;N/A;2000;100;106;12500;0,0000;0,0000;0,0000;0,0000;0,0000;0,0000;0;0;0;0
20260614_0639;Generalização_200;classification;HoeffdingTree;Default_FullFeatures;classifier;classifier;classifier;N/A;N/A;N/A;2000;100;107;12600;0,0000;0,0000;0,0000;0,0000;0,0000;0,0000;0;0;0;0
20260614_0639;Generalização_200;classification;HoeffdingTree;Default_FullFeatures;classifier;classifier;classifier;N/A;N/A;N/A;2000;100;108;12700;0,0000;0,0000;0,0000;0,0000;0,0000;0,0000;0;0;0;0
20260614_0639;Generalização_200;classification;HoeffdingTree;Default_FullFeatures;classifier;classifier;classifier;N/A;N/A;N/A;2000;100;109;12800;0,0000;0,0000;0,0000;0,0000;0,0000;0,0000;0;0;0;0
20260614_0639;Generalização_200;classification;HoeffdingTree;Default_FullFeatures;classifier;classifier;classifier;N/A;N/A;N/A;2000;100;110;12900;0,0000;0,0000;0,0000;0,0000;0,0000;0,0000;0;0;0;0
20260614_0639;Generalização_200;classification;HoeffdingTree;Default_FullFeatures;classifier;classifier;classifier;N/A;N/A;N/A;2000;100;111;13000;0,0000;0,0000;0,0000;0,0000;0,0000;0,0000;0;0;0;0
20260614_0639;Generalização_200;classification;HoeffdingTree;Default_FullFeatures;classifier;classifier;classifier;N/A;N/A;N/A;2000;100;112;13100;0,0000;0,0000;0,0000;0,0000;0,0000;0,0000;0;0;0;0
20260614_0639;Generalização_200;classification;HoeffdingTree;Default_FullFeatures;classifier;classifier;classifier;N/A;N/A;N/A;2000;100;113;13200;0,0000;0,0000;0,0000;0,0000;0,0000;0,0000;0;0;0;0
20260614_0639;Generalização_200;classification;HoeffdingTree;Default_FullFeatures;classifier;classifier;classifier;N/A;N/A;N/A;2000;100;114;13300;0,0000;0,0000;0,0000;0,0000;0,0000;0,0000;0;0;0;0
20260614_0639;Generalização_200;classification;HoeffdingTree;Default_FullFeatures;classifier;classifier;classifier;N/A;N/A;N/A;2000;100;115;13400;0,0000;0,0000;0,0000;0,0000;0,0000;0,0000;0;0;0;0
20260614_0639;Generalização_200;classification;HoeffdingTree;Default_FullFeatures;classifier;classifier;classifier;N/A;N/A;N/A;2000;100;116;13500;0,0000;0,0000;0,0000;0,0000;0,0000;0,0000;0;0;0;0
20260614_0639;Generalização_200;classification;HoeffdingTree;Default_FullFeatures;classifier;classifier;classifier;N/A;N/A;N/A;2000;100;117;13600;0,0000;0,0000;0,0000;0,0000;0,0000;0,0000;0;0;0;0
20260614_0639;Generalização_200;classification;HoeffdingTree;Default_FullFeatures;classifier;classifier;classifier;N/A;N/A;N/A;2000;100;118;13700;0,0000;0,0000;0,0000;0,0000;0,0000;0,0000;0;0;0;0
20260614_0639;Generalização_200;classification;HoeffdingTree;Default_FullFeatures;classifier;classifier;classifier;N/A;N/A;N/A;2000;100;119;13800;0,0000;0,0000;0,0000;0,0000;0,0000;0,0000;0;0;0;0
20260614_0639;Generalização_200;classification;HoeffdingTree;Default_FullFeatures;classifier;classifier;classifier;N/A;N/A;N/A;2000;100;120;13900;0,0000;0,0000;0,0000;0,0000;0,0000;0,0000;0;0;0;0
20260614_0639;Generalização_200;classification;HoeffdingTree;Default_FullFeatures;classifier;classifier;classifier;N/A;N/A;N/A;2000;100;121;14000;0,0000;0,0000;0,0000;0,0000;0,0000;0,0000;0;0;0;0
20260614_0639;Generalização_200;classification;HoeffdingTree;Default_FullFeatures;classifier;classifier;classifier;N/A;N/A;N/A;2000;100;122;14100;0,0000;0,0000;0,0000;0,0000;0,0000;0,0000;0;0;0;0
20260614_0639;Generalização_200;classification;HoeffdingTree;Default_FullFeatures;classifier;classifier;classifier;N/A;N/A;N/A;2000;100;123;14200;0,0000;0,0000;0,0000;0,0000;0,0000;0,0000;0;0;0;0
20260614_0639;Generalização_200;classification;HoeffdingTree;Default_FullFeatures;classifier;classifier;classifier;N/A;N/A;N/A;2000;100;124;14300;0,0000;0,0000;0,0000;0,0000;0,0000;0,0000;0;0;0;0
20260614_0639;Generalização_200;classification;HoeffdingTree;Default_FullFeatures;classifier;classifier;classifier;N/A;N/A;N/A;2000;100;125;14400;0,0000;0,0000;0,0000;0,0000;0,0000;0,0000;0;0;0;0
20260614_0639;Generalização_200;classification;HoeffdingTree;Default_FullFeatures;classifier;classifier;classifier;N/A;N/A;N/A;2000;100;126;14500;0,0000;0,0000;0,0000;0,0000;0,0000;0,0000;0;0;0;0
20260614_0639;Generalização_200;classification;HoeffdingTree;Default_FullFeatures;classifier;classifier;classifier;N/A;N/A;N/A;2000;100;127;14600;0,0000;0,0000;0,0000;0,0000;0,0000;0,0000;0;0;0;0
20260614_0639;Generalização_200;classification;HoeffdingTree;Default_FullFeatures;classifier;classifier;classifier;N/A;N/A;N/A;2000;100;128;14700;0,0000;0,0000;0,0000;0,0000;0,0000;0,0000;0;0;0;0
20260614_0639;Generalização_200;classification;HoeffdingTree;Default_FullFeatures;classifier;classifier;classifier;N/A;N/A;N/A;2000;100;129;14800;0,0000;0,0000;0,0000;0,0000;0,0000;0,0000;0;0;0;0
20260614_0639;Generalização_200;classification;HoeffdingTree;Default_FullFeatures;classifier;classifier;classifier;N/A;N/A;N/A;2000;100;130;14900;0,0000;0,0000;0,0000;0,0000;0,0000;0,0000;0;0;0;0
20260614_0639;Generalização_200;classification;HoeffdingTree;Default_FullFeatures;classifier;classifier;classifier;N/A;N/A;N/A;2000;100;131;15000;0,0000;0,0000;0,0000;0,0000;0,0000;0,0000;0;0;0;0
20260614_0639;Generalização_200;classification;HoeffdingTree;Default_FullFeatures;classifier;classifier;classifier;N/A;N/A;N/A;2000;100;132;15100;0,0000;0,0000;0,0000;0,0000;0,0000;0,0000;0;0;0;0
20260614_0639;Generalização_200;classification;HoeffdingTree;Default_FullFeatures;classifier;classifier;classifier;N/A;N/A;N/A;2000;100;133;15200;0,0000;0,0000;0,0000;0,0000;0,0000;0,0000;0;0;0;0
20260614_0639;Generalização_200;classification;HoeffdingTree;Default_FullFeatures;classifier;classifier;classifier;N/A;N/A;N/A;2000;100;134;15300;0,0000;0,0000;0,0000;0,0000;0,0000;0,0000;0;0;0;0
20260614_0639;Generalização_200;classification;HoeffdingTree;Default_FullFeatures;classifier;classifier;classifier;N/A;N/A;N/A;2000;100;135;15400;0,0000;0,0000;0,0000;0,0000;0,0000;0,0000;0;0;0;0
20260614_0639;Generalização_200;classification;HoeffdingTree;Default_FullFeatures;classifier;classifier;classifier;N/A;N/A;N/A;2000;100;136;15500;0,0000;0,0000;0,0000;0,0000;0,0000;0,0000;0;0;0;0
20260614_0639;Generalização_1000;classification;HoeffdingTree;Default_FullFeatures;classifier;classifier;classifier;N/A;N/A;N/A;2000;100;1;2000;0,0000;0,0000;0,0000;0,0000;0,0000;0,0000;0;0;0;0
20260614_0639;Generalização_1000;classification;HoeffdingTree;Default_FullFeatures;classifier;classifier;classifier;N/A;N/A;N/A;2000;100;2;2100;0,0000;0,0000;0,0000;0,0000;0,0000;0,0000;0;0;0;0
20260614_0639;Generalização_1000;classification;HoeffdingTree;Default_FullFeatures;classifier;classifier;classifier;N/A;N/A;N/A;2000;100;3;2200;0,0000;0,0000;0,0000;0,0000;0,0000;0,0000;0;0;0;0
20260614_0639;Generalização_1000;classification;HoeffdingTree;Default_FullFeatures;classifier;classifier;classifier;N/A;N/A;N/A;2000;100;4;2300;0,0000;0,0000;0,0000;0,0000;0,0000;0,0000;0;0;0;0
20260614_0639;Generalização_1000;classification;HoeffdingTree;Default_FullFeatures;classifier;classifier;classifier;N/A;N/A;N/A;2000;100;5;2400;0,0000;0,0000;0,0000;0,0000;0,0000;0,0000;0;0;0;0
20260614_0639;Generalização_1000;classification;HoeffdingTree;Default_FullFeatures;classifier;classifier;classifier;N/A;N/A;N/A;2000;100;6;2500;0,0000;0,0000;0,0000;0,0000;0,0000;0,0000;0;0;0;0
20260614_0639;Generalização_1000;classification;HoeffdingTree;Default_FullFeatures;classifier;classifier;classifier;N/A;N/A;N/A;2000;100;7;2600;0,0000;0,0000;0,0000;0,0000;0,0000;0,0000;0;0;0;0
20260614_0639;Generalização_1000;classification;HoeffdingTree;Default_FullFeatures;classifier;classifier;classifier;N/A;N/A;N/A;2000;100;8;2700;0,0000;0,0000;0,0000;0,0000;0,0000;0,0000;0;0;0;0
20260614_0639;Generalização_1000;classification;HoeffdingTree;Default_FullFeatures;classifier;classifier;classifier;N/A;N/A;N/A;2000;100;9;2800;0,0000;0,0000;0,0000;0,0000;0,0000;0,0000;0;0;0;0
20260614_0639;Generalização_1000;classification;HoeffdingTree;Default_FullFeatures;classifier;classifier;classifier;N/A;N/A;N/A;2000;100;10;2900;0,0000;0,0000;0,0000;0,0000;0,0000;0,0000;0;0;0;0
20260614_0639;Generalização_1000;classification;HoeffdingTree;Default_FullFeatures;classifier;classifier;classifier;N/A;N/A;N/A;2000;100;11;3000;0,0000;0,0000;0,0000;0,0000;0,0000;0,0000;0;0;0;0
20260614_0639;Generalização_1000;classification;HoeffdingTree;Default_FullFeatures;classifier;classifier;classifier;N/A;N/A;N/A;2000;100;12;3100;0,0000;0,0000;0,0000;0,0000;0,0000;0,0000;0;0;0;0
20260614_0639;Generalização_1000;classification;HoeffdingTree;Default_FullFeatures;classifier;classifier;classifier;N/A;N/A;N/A;2000;100;13;3200;0,0000;0,0000;0,0000;0,0000;0,0000;0,0000;0;0;0;0
20260614_0639;Generalização_1000;classification;HoeffdingTree;Default_FullFeatures;classifier;classifier;classifier;N/A;N/A;N/A;2000;100;14;3300;0,0000;0,0000;0,0000;0,0000;0,0000;0,0000;0;0;0;0
20260614_0639;Generalização_1000;classification;HoeffdingTree;Default_FullFeatures;classifier;classifier;classifier;N/A;N/A;N/A;2000;100;15;3400;0,0000;0,0000;0,0000;0,0000;0,0000;0,0000;0;0;0;0
20260614_0639;Generalização_1000;classification;HoeffdingTree;Default_FullFeatures;classifier;classifier;classifier;N/A;N/A;N/A;2000;100;16;3500;0,0000;0,0000;0,0000;0,0000;0,0000;0,0000;0;0;0;0
20260614_0639;Generalização_1000;classification;HoeffdingTree;Default_FullFeatures;classifier;classifier;classifier;N/A;N/A;N/A;2000;100;17;3600;0,0000;0,0000;0,0000;0,0000;0,0000;0,0000;0;0;0;0
20260614_0639;Generalização_1000;classification;HoeffdingTree;Default_FullFeatures;classifier;classifier;classifier;N/A;N/A;N/A;2000;100;18;3700;0,0000;0,0000;0,0000;0,0000;0,0000;0,0000;0;0;0;0
20260614_0639;Generalização_1000;classification;HoeffdingTree;Default_FullFeatures;classifier;classifier;classifier;N/A;N/A;N/A;2000;100;19;3800;94,6237;0,0000;100,0000;0,0000;89,7959;0,0000;0;0;5;0
20260614_0639;Generalização_1000;classification;HoeffdingTree;Default_FullFeatures;classifier;classifier;classifier;N/A;N/A;N/A;2000;100;20;3900;98,0892;0,0000;100,0000;0,0000;96,2500;0,0000;0;0;3;0
20260614_0639;Generalização_1000;classification;HoeffdingTree;Default_FullFeatures;classifier;classifier;classifier;N/A;N/A;N/A;2000;100;21;4000;97,9167;0,0000;100,0000;0,0000;95,9184;0,0000;0;0;4;0
20260614_0639;Generalização_1000;classification;HoeffdingTree;Default_FullFeatures;classifier;classifier;classifier;N/A;N/A;N/A;2000;100;22;4100;100,0000;0,0000;100,0000;0,0000;100,0000;0,0000;0;0;0;0
20260614_0639;Generalização_1000;classification;HoeffdingTree;Default_FullFeatures;classifier;classifier;classifier;N/A;N/A;N/A;2000;100;23;4200;98,9796;0,0000;100,0000;0,0000;97,9798;0,0000;0;0;2;0
20260614_0639;Generalização_1000;classification;HoeffdingTree;Default_FullFeatures;classifier;classifier;classifier;N/A;N/A;N/A;2000;100;24;4300;93,5484;0,0000;100,0000;0,0000;87,8788;0,0000;0;0;8;0
20260614_0639;Generalização_1000;classification;HoeffdingTree;Default_FullFeatures;classifier;classifier;classifier;N/A;N/A;N/A;2000;100;25;4400;86,9565;0,0000;86,9565;0,0000;86,9565;0,0000;3;0;3;0
20260614_0639;Generalização_1000;classification;HoeffdingTree;Default_FullFeatures;classifier;classifier;classifier;N/A;N/A;N/A;2000;100;26;4500;88,0000;0,0000;100,0000;0,0000;78,5714;0,0000;0;0;3;0
20260614_0639;Generalização_1000;classification;HoeffdingTree;Default_FullFeatures;classifier;classifier;classifier;N/A;N/A;N/A;2000;100;27;4600;96,9697;0,0000;100,0000;0,0000;94,1176;0,0000;0;0;5;0
20260614_0639;Generalização_1000;classification;HoeffdingTree;Default_FullFeatures;classifier;classifier;classifier;N/A;N/A;N/A;2000;100;28;4700;89,6552;0,0000;81,2500;0,0000;100,0000;0,0000;3;0;0;0
20260614_0639;Generalização_1000;classification;HoeffdingTree;Default_FullFeatures;classifier;classifier;classifier;N/A;N/A;N/A;2000;100;29;4800;100,0000;0,0000;100,0000;0,0000;100,0000;0,0000;0;0;0;0
20260614_0639;Generalização_1000;classification;HoeffdingTree;Default_FullFeatures;classifier;classifier;classifier;N/A;N/A;N/A;2000;100;30;4900;0,0000;0,0000;0,0000;0,0000;0,0000;0,0000;0;0;0;0
20260614_0639;Generalização_1000;classification;HoeffdingTree;Default_FullFeatures;classifier;classifier;classifier;N/A;N/A;N/A;2000;100;31;5000;0,0000;0,0000;0,0000;0,0000;0,0000;0,0000;0;0;0;0
20260614_0639;Generalização_1000;classification;HoeffdingTree;Default_FullFeatures;classifier;classifier;classifier;N/A;N/A;N/A;2000;100;32;5100;0,0000;0,0000;0,0000;0,0000;0,0000;0,0000;0;0;0;0
20260614_0639;Generalização_1000;classification;HoeffdingTree;Default_FullFeatures;classifier;classifier;classifier;N/A;N/A;N/A;2000;100;33;5200;0,0000;0,0000;0,0000;0,0000;0,0000;0,0000;0;0;0;0
20260614_0639;Generalização_1000;classification;HoeffdingTree;Default_FullFeatures;classifier;classifier;classifier;N/A;N/A;N/A;2000;100;34;5300;0,0000;0,0000;0,0000;0,0000;0,0000;0,0000;0;0;0;0
20260614_0639;Generalização_1000;classification;HoeffdingTree;Default_FullFeatures;classifier;classifier;classifier;N/A;N/A;N/A;2000;100;35;5400;0,0000;0,0000;0,0000;0,0000;0,0000;0,0000;0;0;0;0
20260614_0639;Generalização_1000;classification;HoeffdingTree;Default_FullFeatures;classifier;classifier;classifier;N/A;N/A;N/A;2000;100;36;5500;0,0000;0,0000;0,0000;0,0000;0,0000;0,0000;0;0;0;0
20260614_0639;Generalização_1000;classification;HoeffdingTree;Default_FullFeatures;classifier;classifier;classifier;N/A;N/A;N/A;2000;100;37;5600;0,0000;0,0000;0,0000;0,0000;0,0000;0,0000;0;0;0;0
20260614_0639;Generalização_1000;classification;HoeffdingTree;Default_FullFeatures;classifier;classifier;classifier;N/A;N/A;N/A;2000;100;38;5700;0,0000;0,0000;0,0000;0,0000;0,0000;0,0000;1;0;0;0
20260614_0639;Generalização_1000;classification;HoeffdingTree;Default_FullFeatures;classifier;classifier;classifier;N/A;N/A;N/A;2000;100;39;5800;0,0000;0,0000;0,0000;0,0000;0,0000;0,0000;0;0;0;0
20260614_0639;Generalização_1000;classification;HoeffdingTree;Default_FullFeatures;classifier;classifier;classifier;N/A;N/A;N/A;2000;100;40;5900;0,0000;0,0000;0,0000;0,0000;0,0000;0,0000;0;0;0;0
20260614_0639;Generalização_1000;classification;HoeffdingTree;Default_FullFeatures;classifier;classifier;classifier;N/A;N/A;N/A;2000;100;41;6000;0,0000;0,0000;0,0000;0,0000;0,0000;0,0000;1;0;0;0
20260614_0639;Generalização_1000;classification;HoeffdingTree;Default_FullFeatures;classifier;classifier;classifier;N/A;N/A;N/A;2000;100;42;6100;0,0000;0,0000;0,0000;0,0000;0,0000;0,0000;0;0;0;0
20260614_0639;Generalização_1000;classification;HoeffdingTree;Default_FullFeatures;classifier;classifier;classifier;N/A;N/A;N/A;2000;100;43;6200;0,0000;0,0000;0,0000;0,0000;0,0000;0,0000;0;0;0;0
20260614_0639;Generalização_1000;classification;HoeffdingTree;Default_FullFeatures;classifier;classifier;classifier;N/A;N/A;N/A;2000;100;44;6300;0,0000;0,0000;0,0000;0,0000;0,0000;0,0000;0;0;0;0
20260614_0639;Generalização_1000;classification;HoeffdingTree;Default_FullFeatures;classifier;classifier;classifier;N/A;N/A;N/A;2000;100;45;6400;0,0000;0,0000;0,0000;0,0000;0,0000;0,0000;0;0;0;0
20260614_0639;Generalização_1000;classification;HoeffdingTree;Default_FullFeatures;classifier;classifier;classifier;N/A;N/A;N/A;2000;100;46;6500;0,0000;0,0000;0,0000;0,0000;0,0000;0,0000;0;0;0;0
20260614_0639;Generalização_1000;classification;HoeffdingTree;Default_FullFeatures;classifier;classifier;classifier;N/A;N/A;N/A;2000;100;47;6600;0,0000;0,0000;0,0000;0,0000;0,0000;0,0000;0;0;0;0
20260614_0639;Generalização_1000;classification;HoeffdingTree;Default_FullFeatures;classifier;classifier;classifier;N/A;N/A;N/A;2000;100;48;6700;0,0000;0,0000;0,0000;0,0000;0,0000;0,0000;0;0;0;0
20260614_0639;Generalização_1000;classification;HoeffdingTree;Default_FullFeatures;classifier;classifier;classifier;N/A;N/A;N/A;2000;100;49;6800;0,0000;0,0000;0,0000;0,0000;0,0000;0,0000;0;0;0;0
20260614_0639;Generalização_1000;classification;HoeffdingTree;Default_FullFeatures;classifier;classifier;classifier;N/A;N/A;N/A;2000;100;50;6900;0,0000;0,0000;0,0000;0,0000;0,0000;0,0000;0;0;0;0
20260614_0639;Generalização_1000;classification;HoeffdingTree;Default_FullFeatures;classifier;classifier;classifier;N/A;N/A;N/A;2000;100;51;7000;0,0000;0,0000;0,0000;0,0000;0,0000;0,0000;0;0;0;0
20260614_0639;Generalização_1000;classification;HoeffdingTree;Default_FullFeatures;classifier;classifier;classifier;N/A;N/A;N/A;2000;100;52;7100;0,0000;0,0000;0,0000;0,0000;0,0000;0,0000;0;0;0;0
20260614_0639;Generalização_1000;classification;HoeffdingTree;Default_FullFeatures;classifier;classifier;classifier;N/A;N/A;N/A;2000;100;53;7200;0,0000;0,0000;0,0000;0,0000;0,0000;0,0000;0;0;0;0
20260614_0639;Generalização_1000;classification;HoeffdingTree;Default_FullFeatures;classifier;classifier;classifier;N/A;N/A;N/A;2000;100;54;7300;0,0000;0,0000;0,0000;0,0000;0,0000;0,0000;0;0;0;0
20260614_0639;Generalização_1000;classification;HoeffdingTree;Default_FullFeatures;classifier;classifier;classifier;N/A;N/A;N/A;2000;100;55;7400;0,0000;0,0000;0,0000;0,0000;0,0000;0,0000;0;0;0;0
20260614_0639;Generalização_1000;classification;HoeffdingTree;Default_FullFeatures;classifier;classifier;classifier;N/A;N/A;N/A;2000;100;56;7500;0,0000;0,0000;0,0000;0,0000;0,0000;0,0000;0;0;0;0
20260614_0639;Generalização_1000;classification;HoeffdingTree;Default_FullFeatures;classifier;classifier;classifier;N/A;N/A;N/A;2000;100;57;7600;0,0000;0,0000;0,0000;0,0000;0,0000;0,0000;0;0;0;0
20260614_0639;Generalização_1000;classification;HoeffdingTree;Default_FullFeatures;classifier;classifier;classifier;N/A;N/A;N/A;2000;100;58;7700;0,0000;0,0000;0,0000;0,0000;0,0000;0,0000;0;0;0;0
20260614_0639;Generalização_1000;classification;HoeffdingTree;Default_FullFeatures;classifier;classifier;classifier;N/A;N/A;N/A;2000;100;59;7800;0,0000;0,0000;0,0000;0,0000;0,0000;0,0000;0;0;0;0
20260614_0639;Generalização_1000;classification;HoeffdingTree;Default_FullFeatures;classifier;classifier;classifier;N/A;N/A;N/A;2000;100;60;7900;0,0000;0,0000;0,0000;0,0000;0,0000;0,0000;0;0;0;0
20260614_0639;Generalização_1000;classification;HoeffdingTree;Default_FullFeatures;classifier;classifier;classifier;N/A;N/A;N/A;2000;100;61;8000;0,0000;0,0000;0,0000;0,0000;0,0000;0,0000;0;0;0;0
20260614_0639;Generalização_1000;classification;HoeffdingTree;Default_FullFeatures;classifier;classifier;classifier;N/A;N/A;N/A;2000;100;62;8100;0,0000;0,0000;0,0000;0,0000;0,0000;0,0000;0;0;0;0
20260614_0639;Generalização_1000;classification;HoeffdingTree;Default_FullFeatures;classifier;classifier;classifier;N/A;N/A;N/A;2000;100;63;8200;0,0000;0,0000;0,0000;0,0000;0,0000;0,0000;0;0;0;0
20260614_0639;Generalização_1000;classification;HoeffdingTree;Default_FullFeatures;classifier;classifier;classifier;N/A;N/A;N/A;2000;100;64;8300;0,0000;0,0000;0,0000;0,0000;0,0000;0,0000;0;0;0;0
20260614_0639;Generalização_1000;classification;HoeffdingTree;Default_FullFeatures;classifier;classifier;classifier;N/A;N/A;N/A;2000;100;65;8400;0,0000;0,0000;0,0000;0,0000;0,0000;0,0000;0;0;0;0
20260614_0639;Generalização_1000;classification;HoeffdingTree;Default_FullFeatures;classifier;classifier;classifier;N/A;N/A;N/A;2000;100;66;8500;0,0000;0,0000;0,0000;0,0000;0,0000;0,0000;0;0;1;0
20260614_0639;Generalização_1000;classification;HoeffdingTree;Default_FullFeatures;classifier;classifier;classifier;N/A;N/A;N/A;2000;100;67;8600;96,3731;0,0000;100,0000;0,0000;93,0000;0,0000;0;0;7;0
20260614_0639;Generalização_1000;classification;HoeffdingTree;Default_FullFeatures;classifier;classifier;classifier;N/A;N/A;N/A;2000;100;68;8700;99,4975;0,0000;100,0000;0,0000;99,0000;0,0000;0;0;1;0
20260614_0639;Generalização_1000;classification;HoeffdingTree;Default_FullFeatures;classifier;classifier;classifier;N/A;N/A;N/A;2000;100;69;8800;98,9899;0,0000;100,0000;0,0000;98,0000;0,0000;0;0;2;0
20260614_0639;Generalização_1000;classification;HoeffdingTree;Default_FullFeatures;classifier;classifier;classifier;N/A;N/A;N/A;2000;100;70;8900;100,0000;0,0000;100,0000;0,0000;100,0000;0,0000;0;0;0;0
20260614_0639;Generalização_1000;classification;HoeffdingTree;Default_FullFeatures;classifier;classifier;classifier;N/A;N/A;N/A;2000;100;71;9000;100,0000;0,0000;100,0000;0,0000;100,0000;0,0000;0;0;0;0
20260614_0639;Generalização_1000;classification;HoeffdingTree;Default_FullFeatures;classifier;classifier;classifier;N/A;N/A;N/A;2000;100;72;9100;98,9899;0,0000;100,0000;0,0000;98,0000;0,0000;0;0;2;0
20260614_0639;Generalização_1000;classification;HoeffdingTree;Default_FullFeatures;classifier;classifier;classifier;N/A;N/A;N/A;2000;100;73;9200;99,4975;0,0000;100,0000;0,0000;99,0000;0,0000;0;0;1;0
20260614_0639;Generalização_1000;classification;HoeffdingTree;Default_FullFeatures;classifier;classifier;classifier;N/A;N/A;N/A;2000;100;74;9300;100,0000;0,0000;100,0000;0,0000;100,0000;0,0000;0;0;0;0
20260614_0639;Generalização_1000;classification;HoeffdingTree;Default_FullFeatures;classifier;classifier;classifier;N/A;N/A;N/A;2000;100;75;9400;100,0000;0,0000;100,0000;0,0000;100,0000;0,0000;0;0;0;0
20260614_0639;Generalização_1000;classification;HoeffdingTree;Default_FullFeatures;classifier;classifier;classifier;N/A;N/A;N/A;2000;100;76;9500;100,0000;0,0000;100,0000;0,0000;100,0000;0,0000;0;0;0;0
20260614_0639;Generalização_1000;classification;HoeffdingTree;Default_FullFeatures;classifier;classifier;classifier;N/A;N/A;N/A;2000;100;77;9600;0,0000;0,0000;0,0000;0,0000;0,0000;0,0000;0;0;0;0
20260614_0639;Generalização_1000;classification;HoeffdingTree;Default_FullFeatures;classifier;classifier;classifier;N/A;N/A;N/A;2000;100;78;9700;0,0000;0,0000;0,0000;0,0000;0,0000;0,0000;0;0;0;0
20260614_0639;Generalização_1000;classification;HoeffdingTree;Default_FullFeatures;classifier;classifier;classifier;N/A;N/A;N/A;2000;100;79;9800;0,0000;0,0000;0,0000;0,0000;0,0000;0,0000;0;0;0;0
20260614_0639;Generalização_1000;classification;HoeffdingTree;Default_FullFeatures;classifier;classifier;classifier;N/A;N/A;N/A;2000;100;80;9900;0,0000;0,0000;0,0000;0,0000;0,0000;0,0000;0;0;0;0
20260614_0639;Generalização_1000;classification;HoeffdingTree;Default_FullFeatures;classifier;classifier;classifier;N/A;N/A;N/A;2000;100;81;10000;0,0000;0,0000;0,0000;0,0000;0,0000;0,0000;0;0;0;0
20260614_0639;Generalização_1000;classification;HoeffdingTree;Default_FullFeatures;classifier;classifier;classifier;N/A;N/A;N/A;2000;100;82;10100;0,0000;0,0000;0,0000;0,0000;0,0000;0,0000;0;0;0;0
20260614_0639;Generalização_1000;classification;HoeffdingTree;Default_FullFeatures;classifier;classifier;classifier;N/A;N/A;N/A;2000;100;83;10200;0,0000;0,0000;0,0000;0,0000;0,0000;0,0000;0;0;0;0
20260614_0639;Generalização_1000;classification;HoeffdingTree;Default_FullFeatures;classifier;classifier;classifier;N/A;N/A;N/A;2000;100;84;10300;0,0000;0,0000;0,0000;0,0000;0,0000;0,0000;0;0;0;0
20260614_0639;Generalização_1000;classification;HoeffdingTree;Default_FullFeatures;classifier;classifier;classifier;N/A;N/A;N/A;2000;100;85;10400;0,0000;0,0000;0,0000;0,0000;0,0000;0,0000;0;0;0;0
20260614_0639;Generalização_1000;classification;HoeffdingTree;Default_FullFeatures;classifier;classifier;classifier;N/A;N/A;N/A;2000;100;86;10500;0,0000;0,0000;0,0000;0,0000;0,0000;0,0000;0;0;0;0
20260614_0639;Generalização_1000;classification;HoeffdingTree;Default_FullFeatures;classifier;classifier;classifier;N/A;N/A;N/A;2000;100;87;10600;0,0000;0,0000;0,0000;0,0000;0,0000;0,0000;0;0;0;0
20260614_0639;Generalização_1000;classification;HoeffdingTree;Default_FullFeatures;classifier;classifier;classifier;N/A;N/A;N/A;2000;100;88;10700;0,0000;0,0000;0,0000;0,0000;0,0000;0,0000;0;0;0;0
20260614_0639;Generalização_1000;classification;HoeffdingTree;Default_FullFeatures;classifier;classifier;classifier;N/A;N/A;N/A;2000;100;89;10800;0,0000;0,0000;0,0000;0,0000;0,0000;0,0000;0;0;0;0
20260614_0639;Generalização_1000;classification;HoeffdingTree;Default_FullFeatures;classifier;classifier;classifier;N/A;N/A;N/A;2000;100;90;10900;0,0000;0,0000;0,0000;0,0000;0,0000;0,0000;0;0;0;0
20260614_0639;Generalização_1000;classification;HoeffdingTree;Default_FullFeatures;classifier;classifier;classifier;N/A;N/A;N/A;2000;100;91;11000;0,0000;0,0000;0,0000;0,0000;0,0000;0,0000;0;0;0;0
20260614_0639;Generalização_1000;classification;HoeffdingTree;Default_FullFeatures;classifier;classifier;classifier;N/A;N/A;N/A;2000;100;92;11100;0,0000;0,0000;0,0000;0,0000;0,0000;0,0000;0;0;0;0
20260614_0639;Generalização_1000;classification;HoeffdingTree;Default_FullFeatures;classifier;classifier;classifier;N/A;N/A;N/A;2000;100;93;11200;0,0000;0,0000;0,0000;0,0000;0,0000;0,0000;0;0;0;0
20260614_0639;Generalização_1000;classification;HoeffdingTree;Default_FullFeatures;classifier;classifier;classifier;N/A;N/A;N/A;2000;100;94;11300;0,0000;0,0000;0,0000;0,0000;0,0000;0,0000;0;0;0;0
20260614_0639;Generalização_1000;classification;HoeffdingTree;Default_FullFeatures;classifier;classifier;classifier;N/A;N/A;N/A;2000;100;95;11400;0,0000;0,0000;0,0000;0,0000;0,0000;0,0000;0;0;0;0
20260614_0639;Generalização_1000;classification;HoeffdingTree;Default_FullFeatures;classifier;classifier;classifier;N/A;N/A;N/A;2000;100;96;11500;0,0000;0,0000;0,0000;0,0000;0,0000;0,0000;0;0;0;0
20260614_0639;Generalização_1000;classification;HoeffdingTree;Default_FullFeatures;classifier;classifier;classifier;N/A;N/A;N/A;2000;100;97;11600;0,0000;0,0000;0,0000;0,0000;0,0000;0,0000;0;0;0;0
20260614_0639;Generalização_1000;classification;HoeffdingTree;Default_FullFeatures;classifier;classifier;classifier;N/A;N/A;N/A;2000;100;98;11700;0,0000;0,0000;0,0000;0,0000;0,0000;0,0000;0;0;0;0
20260614_0639;Generalização_1000;classification;HoeffdingTree;Default_FullFeatures;classifier;classifier;classifier;N/A;N/A;N/A;2000;100;99;11800;0,0000;0,0000;0,0000;0,0000;0,0000;0,0000;0;0;0;0
20260614_0639;Generalização_1000;classification;HoeffdingTree;Default_FullFeatures;classifier;classifier;classifier;N/A;N/A;N/A;2000;100;100;11900;0,0000;0,0000;0,0000;0,0000;0,0000;0,0000;0;0;0;0
20260614_0639;Generalização_1000;classification;HoeffdingTree;Default_FullFeatures;classifier;classifier;classifier;N/A;N/A;N/A;2000;100;101;12000;0,0000;0,0000;0,0000;0,0000;0,0000;0,0000;0;0;0;0
20260614_0639;Generalização_1000;classification;HoeffdingTree;Default_FullFeatures;classifier;classifier;classifier;N/A;N/A;N/A;2000;100;102;12100;0,0000;0,0000;0,0000;0,0000;0,0000;0,0000;0;0;0;0
20260614_0639;Generalização_1000;classification;HoeffdingTree;Default_FullFeatures;classifier;classifier;classifier;N/A;N/A;N/A;2000;100;103;12200;0,0000;0,0000;0,0000;0,0000;0,0000;0,0000;0;0;0;0
20260614_0639;Generalização_1000;classification;HoeffdingTree;Default_FullFeatures;classifier;classifier;classifier;N/A;N/A;N/A;2000;100;104;12300;0,0000;0,0000;0,0000;0,0000;0,0000;0,0000;0;0;0;0
20260614_0639;Generalização_1000;classification;HoeffdingTree;Default_FullFeatures;classifier;classifier;classifier;N/A;N/A;N/A;2000;100;105;12400;0,0000;0,0000;0,0000;0,0000;0,0000;0,0000;0;0;0;0
20260614_0639;Generalização_1000;classification;HoeffdingTree;Default_FullFeatures;classifier;classifier;classifier;N/A;N/A;N/A;2000;100;106;12500;0,0000;0,0000;0,0000;0,0000;0,0000;0,0000;0;0;0;0
20260614_0639;Generalização_1000;classification;HoeffdingTree;Default_FullFeatures;classifier;classifier;classifier;N/A;N/A;N/A;2000;100;107;12600;0,0000;0,0000;0,0000;0,0000;0,0000;0,0000;0;0;0;0
20260614_0639;Generalização_1000;classification;HoeffdingTree;Default_FullFeatures;classifier;classifier;classifier;N/A;N/A;N/A;2000;100;108;12700;0,0000;0,0000;0,0000;0,0000;0,0000;0,0000;0;0;0;0
20260614_0639;Generalização_1000;classification;HoeffdingTree;Default_FullFeatures;classifier;classifier;classifier;N/A;N/A;N/A;2000;100;109;12800;0,0000;0,0000;0,0000;0,0000;0,0000;0,0000;0;0;0;0
20260614_0639;Generalização_1000;classification;HoeffdingTree;Default_FullFeatures;classifier;classifier;classifier;N/A;N/A;N/A;2000;100;110;12900;0,0000;0,0000;0,0000;0,0000;0,0000;0,0000;0;0;0;0
20260614_0639;Generalização_1000;classification;HoeffdingTree;Default_FullFeatures;classifier;classifier;classifier;N/A;N/A;N/A;2000;100;111;13000;0,0000;0,0000;0,0000;0,0000;0,0000;0,0000;0;0;0;0
20260614_0639;Generalização_1000;classification;HoeffdingTree;Default_FullFeatures;classifier;classifier;classifier;N/A;N/A;N/A;2000;100;112;13100;0,0000;0,0000;0,0000;0,0000;0,0000;0,0000;0;0;0;0
20260614_0639;Generalização_1000;classification;HoeffdingTree;Default_FullFeatures;classifier;classifier;classifier;N/A;N/A;N/A;2000;100;113;13200;0,0000;0,0000;0,0000;0,0000;0,0000;0,0000;0;0;0;0
20260614_0639;Generalização_1000;classification;HoeffdingTree;Default_FullFeatures;classifier;classifier;classifier;N/A;N/A;N/A;2000;100;114;13300;89,4118;0,0000;100,0000;0,0000;80,8511;0,0000;0;0;9;0
20260614_0639;Generalização_1000;classification;HoeffdingTree;Default_FullFeatures;classifier;classifier;classifier;N/A;N/A;N/A;2000;100;115;13400;92,0455;0,0000;100,0000;0,0000;85,2632;0,0000;0;0;14;0
20260614_0639;Generalização_1000;classification;HoeffdingTree;Default_FullFeatures;classifier;classifier;classifier;N/A;N/A;N/A;2000;100;116;13500;89,0244;0,0000;100,0000;0,0000;80,2198;0,0000;0;0;18;0
20260614_0639;Generalização_1000;classification;HoeffdingTree;Default_FullFeatures;classifier;classifier;classifier;N/A;N/A;N/A;2000;100;117;13600;85,9155;0,0000;81,3333;0,0000;91,0448;0,0000;14;0;6;0
20260614_0639;Generalização_1000;classification;HoeffdingTree;Default_FullFeatures;classifier;classifier;classifier;N/A;N/A;N/A;2000;100;118;13700;86,7470;0,0000;98,6301;0,0000;77,4194;0,0000;1;0;21;0
20260614_0639;Generalização_1000;classification;HoeffdingTree;Default_FullFeatures;classifier;classifier;classifier;N/A;N/A;N/A;2000;100;119;13800;92,3913;0,0000;100,0000;0,0000;85,8586;0,0000;0;0;14;0
20260614_0639;Generalização_1000;classification;HoeffdingTree;Default_FullFeatures;classifier;classifier;classifier;N/A;N/A;N/A;2000;100;120;13900;88,6364;0,0000;100,0000;0,0000;79,5918;0,0000;0;0;20;0
20260614_0639;Generalização_1000;classification;HoeffdingTree;Default_FullFeatures;classifier;classifier;classifier;N/A;N/A;N/A;2000;100;121;14000;94,1176;0,0000;100,0000;0,0000;88,8889;0,0000;0;0;11;0
20260614_0639;Generalização_1000;classification;HoeffdingTree;Default_FullFeatures;classifier;classifier;classifier;N/A;N/A;N/A;2000;100;122;14100;97,4093;0,0000;100,0000;0,0000;94,9495;0,0000;0;0;5;0
20260614_0639;Generalização_1000;classification;HoeffdingTree;Default_FullFeatures;classifier;classifier;classifier;N/A;N/A;N/A;2000;100;123;14200;96,8421;0,0000;100,0000;0,0000;93,8776;0,0000;0;0;6;0
20260614_0639;Generalização_1000;classification;HoeffdingTree;Default_FullFeatures;classifier;classifier;classifier;N/A;N/A;N/A;2000;100;124;14300;77,3585;0,0000;71,9298;0,0000;83,6735;0,0000;16;0;8;0
20260614_0639;Generalização_1000;classification;HoeffdingTree;Default_FullFeatures;classifier;classifier;classifier;N/A;N/A;N/A;2000;100;125;14400;0,0000;0,0000;0,0000;0,0000;0,0000;0,0000;0;0;0;0
20260614_0639;Generalização_1000;classification;HoeffdingTree;Default_FullFeatures;classifier;classifier;classifier;N/A;N/A;N/A;2000;100;126;14500;0,0000;0,0000;0,0000;0,0000;0,0000;0,0000;0;0;0;0
20260614_0639;Generalização_1000;classification;HoeffdingTree;Default_FullFeatures;classifier;classifier;classifier;N/A;N/A;N/A;2000;100;127;14600;0,0000;0,0000;0,0000;0,0000;0,0000;0,0000;0;0;0;0
20260614_0639;Generalização_1000;classification;HoeffdingTree;Default_FullFeatures;classifier;classifier;classifier;N/A;N/A;N/A;2000;100;128;14700;0,0000;0,0000;0,0000;0,0000;0,0000;0,0000;0;0;0;0
20260614_0639;Generalização_1000;classification;HoeffdingTree;Default_FullFeatures;classifier;classifier;classifier;N/A;N/A;N/A;2000;100;129;14800;0,0000;0,0000;0,0000;0,0000;0,0000;0,0000;0;0;0;0
20260614_0639;Generalização_1000;classification;HoeffdingTree;Default_FullFeatures;classifier;classifier;classifier;N/A;N/A;N/A;2000;100;130;14900;0,0000;0,0000;0,0000;0,0000;0,0000;0,0000;0;0;0;0
20260614_0639;Generalização_1000;classification;HoeffdingTree;Default_FullFeatures;classifier;classifier;classifier;N/A;N/A;N/A;2000;100;131;15000;0,0000;0,0000;0,0000;0,0000;0,0000;0,0000;0;0;0;0
20260614_0639;Generalização_1000;classification;HoeffdingTree;Default_FullFeatures;classifier;classifier;classifier;N/A;N/A;N/A;2000;100;132;15100;0,0000;0,0000;0,0000;0,0000;0,0000;0,0000;0;0;0;0
20260614_0639;Generalização_1000;classification;HoeffdingTree;Default_FullFeatures;classifier;classifier;classifier;N/A;N/A;N/A;2000;100;133;15200;0,0000;0,0000;0,0000;0,0000;0,0000;0,0000;0;0;0;0
20260614_0639;Generalização_1000;classification;HoeffdingTree;Default_FullFeatures;classifier;classifier;classifier;N/A;N/A;N/A;2000;100;134;15300;0,0000;0,0000;0,0000;0,0000;0,0000;0,0000;0;0;0;0
20260614_0639;Generalização_1000;classification;HoeffdingTree;Default_FullFeatures;classifier;classifier;classifier;N/A;N/A;N/A;2000;100;135;15400;0,0000;0,0000;0,0000;0,0000;0,0000;0,0000;0;0;0;0
20260614_0639;Generalização_1000;classification;HoeffdingTree;Default_FullFeatures;classifier;classifier;classifier;N/A;N/A;N/A;2000;100;136;15500;0,0000;0,0000;0,0000;0,0000;0,0000;0,0000;0;0;0;0
20260614_0639;Generalização_1000;classification;HoeffdingTree;Default_FullFeatures;classifier;classifier;classifier;N/A;N/A;N/A;2000;100;137;15600;0,0000;0,0000;0,0000;0,0000;0,0000;0,0000;0;0;0;0
20260614_0639;Generalização_1000;classification;HoeffdingTree;Default_FullFeatures;classifier;classifier;classifier;N/A;N/A;N/A;2000;100;138;15700;0,0000;0,0000;0,0000;0,0000;0,0000;0,0000;0;0;0;0
20260614_0639;Generalização_1000;classification;HoeffdingTree;Default_FullFeatures;classifier;classifier;classifier;N/A;N/A;N/A;2000;100;139;15800;0,0000;0,0000;0,0000;0,0000;0,0000;0,0000;0;0;0;0
20260614_0639;Generalização_1000;classification;HoeffdingTree;Default_FullFeatures;classifier;classifier;classifier;N/A;N/A;N/A;2000;100;140;15900;0,0000;0,0000;0,0000;0,0000;0,0000;0,0000;0;0;0;0
20260614_0639;Generalização_1000;classification;HoeffdingTree;Default_FullFeatures;classifier;classifier;classifier;N/A;N/A;N/A;2000;100;141;16000;0,0000;0,0000;0,0000;0,0000;0,0000;0,0000;0;0;0;0
20260614_0639;Generalização_1000;classification;HoeffdingTree;Default_FullFeatures;classifier;classifier;classifier;N/A;N/A;N/A;2000;100;142;16100;0,0000;0,0000;0,0000;0,0000;0,0000;0,0000;0;0;0;0
20260614_0639;Generalização_1000;classification;HoeffdingTree;Default_FullFeatures;classifier;classifier;classifier;N/A;N/A;N/A;2000;100;143;16200;0,0000;0,0000;0,0000;0,0000;0,0000;0,0000;0;0;0;0
20260614_0639;Generalização_1000;classification;HoeffdingTree;Default_FullFeatures;classifier;classifier;classifier;N/A;N/A;N/A;2000;100;144;16300;0,0000;0,0000;0,0000;0,0000;0,0000;0,0000;0;0;0;0
20260614_0639;Generalização_1000;classification;HoeffdingTree;Default_FullFeatures;classifier;classifier;classifier;N/A;N/A;N/A;2000;100;145;16400;0,0000;0,0000;0,0000;0,0000;0,0000;0,0000;0;0;0;0
20260614_0639;Generalização_1000;classification;HoeffdingTree;Default_FullFeatures;classifier;classifier;classifier;N/A;N/A;N/A;2000;100;146;16500;0,0000;0,0000;0,0000;0,0000;0,0000;0,0000;0;0;0;0
20260614_0639;Generalização_1000;classification;HoeffdingTree;Default_FullFeatures;classifier;classifier;classifier;N/A;N/A;N/A;2000;100;147;16600;0,0000;0,0000;0,0000;0,0000;0,0000;0,0000;0;0;0;0
20260614_0639;Generalização_1000;classification;HoeffdingTree;Default_FullFeatures;classifier;classifier;classifier;N/A;N/A;N/A;2000;100;148;16700;0,0000;0,0000;0,0000;0,0000;0,0000;0,0000;0;0;0;0
20260614_0639;Generalização_1000;classification;HoeffdingTree;Default_FullFeatures;classifier;classifier;classifier;N/A;N/A;N/A;2000;100;149;16800;0,0000;0,0000;0,0000;0,0000;0,0000;0,0000;0;0;0;0
20260614_0639;Generalização_1000;classification;HoeffdingTree;Default_FullFeatures;classifier;classifier;classifier;N/A;N/A;N/A;2000;100;150;16900;0,0000;0,0000;0,0000;0,0000;0,0000;0,0000;0;0;0;0
20260614_0639;Generalização_1000;classification;HoeffdingTree;Default_FullFeatures;classifier;classifier;classifier;N/A;N/A;N/A;2000;100;151;17000;0,0000;0,0000;0,0000;0,0000;0,0000;0,0000;0;0;0;0
20260614_0639;Generalização_1000;classification;HoeffdingTree;Default_FullFeatures;classifier;classifier;classifier;N/A;N/A;N/A;2000;100;152;17100;0,0000;0,0000;0,0000;0,0000;0,0000;0,0000;0;0;0;0
20260614_0639;Generalização_1000;classification;HoeffdingTree;Default_FullFeatures;classifier;classifier;classifier;N/A;N/A;N/A;2000;100;153;17200;0,0000;0,0000;0,0000;0,0000;0,0000;0,0000;0;0;0;0
20260614_0639;Generalização_1000;classification;HoeffdingTree;Default_FullFeatures;classifier;classifier;classifier;N/A;N/A;N/A;2000;100;154;17300;0,0000;0,0000;0,0000;0,0000;0,0000;0,0000;0;0;0;0
20260614_0639;Generalização_1000;classification;HoeffdingTree;Default_FullFeatures;classifier;classifier;classifier;N/A;N/A;N/A;2000;100;155;17400;0,0000;0,0000;0,0000;0,0000;0,0000;0,0000;0;0;0;0
20260614_0639;Generalização_1000;classification;HoeffdingTree;Default_FullFeatures;classifier;classifier;classifier;N/A;N/A;N/A;2000;100;156;17500;0,0000;0,0000;0,0000;0,0000;0,0000;0,0000;0;0;0;0
20260614_0639;Generalização_1000;classification;HoeffdingTree;Default_FullFeatures;classifier;classifier;classifier;N/A;N/A;N/A;2000;100;157;17600;0,0000;0,0000;0,0000;0,0000;0,0000;0,0000;0;0;0;0
20260614_0639;Generalização_1000;classification;HoeffdingTree;Default_FullFeatures;classifier;classifier;classifier;N/A;N/A;N/A;2000;100;158;17700;0,0000;0,0000;0,0000;0,0000;0,0000;0,0000;0;0;0;0
20260614_0639;Generalização_1000;classification;HoeffdingTree;Default_FullFeatures;classifier;classifier;classifier;N/A;N/A;N/A;2000;100;159;17800;0,0000;0,0000;0,0000;0,0000;0,0000;0,0000;0;0;0;0
20260614_0639;Generalização_1000;classification;HoeffdingTree;Default_FullFeatures;classifier;classifier;classifier;N/A;N/A;N/A;2000;100;160;17900;0,0000;0,0000;0,0000;0,0000;0,0000;0,0000;0;0;0;0
20260614_0639;Adaptação_25;classification;HoeffdingTree;Default_FullFeatures;classifier;classifier;classifier;N/A;N/A;N/A;2000;100;1;2000;0,0000;0,0000;0,0000;0,0000;0,0000;0,0000;0;0;0;0
20260614_0639;Adaptação_25;classification;HoeffdingTree;Default_FullFeatures;classifier;classifier;classifier;N/A;N/A;N/A;2000;100;2;2100;0,0000;0,0000;0,0000;0,0000;0,0000;0,0000;0;0;0;0
20260614_0639;Adaptação_25;classification;HoeffdingTree;Default_FullFeatures;classifier;classifier;classifier;N/A;N/A;N/A;2000;100;3;2200;0,0000;0,0000;0,0000;0,0000;0,0000;0,0000;0;0;0;0
20260614_0639;Adaptação_25;classification;HoeffdingTree;Default_FullFeatures;classifier;classifier;classifier;N/A;N/A;N/A;2000;100;4;2300;0,0000;0,0000;0,0000;0,0000;0,0000;0,0000;0;0;0;0
20260614_0639;Adaptação_25;classification;HoeffdingTree;Default_FullFeatures;classifier;classifier;classifier;N/A;N/A;N/A;2000;100;5;2400;0,0000;0,0000;0,0000;0,0000;0,0000;0,0000;0;0;0;0
20260614_0639;Adaptação_25;classification;HoeffdingTree;Default_FullFeatures;classifier;classifier;classifier;N/A;N/A;N/A;2000;100;6;2500;0,0000;0,0000;0,0000;0,0000;0,0000;0,0000;0;0;0;0
20260614_0639;Adaptação_25;classification;HoeffdingTree;Default_FullFeatures;classifier;classifier;classifier;N/A;N/A;N/A;2000;100;7;2600;0,0000;0,0000;0,0000;0,0000;0,0000;0,0000;0;0;0;0
20260614_0639;Adaptação_25;classification;HoeffdingTree;Default_FullFeatures;classifier;classifier;classifier;N/A;N/A;N/A;2000;100;8;2700;0,0000;0,0000;0,0000;0,0000;0,0000;0,0000;0;0;0;0
20260614_0639;Adaptação_25;classification;HoeffdingTree;Default_FullFeatures;classifier;classifier;classifier;N/A;N/A;N/A;2000;100;9;2800;0,0000;0,0000;0,0000;0,0000;0,0000;0,0000;0;0;0;0
20260614_0639;Adaptação_25;classification;HoeffdingTree;Default_FullFeatures;classifier;classifier;classifier;N/A;N/A;N/A;2000;100;10;2900;0,0000;0,0000;0,0000;0,0000;0,0000;0,0000;0;0;0;0
20260614_0639;Adaptação_25;classification;HoeffdingTree;Default_FullFeatures;classifier;classifier;classifier;N/A;N/A;N/A;2000;100;11;3000;0,0000;0,0000;0,0000;0,0000;0,0000;0,0000;0;0;0;0
20260614_0639;Adaptação_25;classification;HoeffdingTree;Default_FullFeatures;classifier;classifier;classifier;N/A;N/A;N/A;2000;100;12;3100;0,0000;0,0000;0,0000;0,0000;0,0000;0,0000;0;0;0;0
20260614_0639;Adaptação_25;classification;HoeffdingTree;Default_FullFeatures;classifier;classifier;classifier;N/A;N/A;N/A;2000;100;13;3200;0,0000;0,0000;0,0000;0,0000;0,0000;0,0000;0;0;0;0
20260614_0639;Adaptação_25;classification;HoeffdingTree;Default_FullFeatures;classifier;classifier;classifier;N/A;N/A;N/A;2000;100;14;3300;0,0000;0,0000;0,0000;0,0000;0,0000;0,0000;0;0;0;0
20260614_0639;Adaptação_25;classification;HoeffdingTree;Default_FullFeatures;classifier;classifier;classifier;N/A;N/A;N/A;2000;100;15;3400;0,0000;0,0000;0,0000;0,0000;0,0000;0,0000;0;0;0;0
20260614_0639;Adaptação_25;classification;HoeffdingTree;Default_FullFeatures;classifier;classifier;classifier;N/A;N/A;N/A;2000;100;16;3500;0,0000;0,0000;0,0000;0,0000;0,0000;0,0000;0;0;0;0
20260614_0639;Adaptação_25;classification;HoeffdingTree;Default_FullFeatures;classifier;classifier;classifier;N/A;N/A;N/A;2000;100;17;3600;0,0000;0,0000;0,0000;0,0000;0,0000;0,0000;0;0;0;0
20260614_0639;Adaptação_25;classification;HoeffdingTree;Default_FullFeatures;classifier;classifier;classifier;N/A;N/A;N/A;2000;100;18;3700;0,0000;0,0000;0,0000;0,0000;0,0000;0,0000;0;0;0;0
20260614_0639;Adaptação_25;classification;HoeffdingTree;Default_FullFeatures;classifier;classifier;classifier;N/A;N/A;N/A;2000;100;19;3800;86,9565;0,0000;95,2381;0,0000;80,0000;0,0000;1;0;5;0
20260614_0639;Adaptação_25;classification;HoeffdingTree;Default_FullFeatures;classifier;classifier;classifier;N/A;N/A;N/A;2000;100;20;3900;0,0000;0,0000;0,0000;0,0000;0,0000;0,0000;1;0;0;0
20260614_0639;Adaptação_25;classification;HoeffdingTree;Default_FullFeatures;classifier;classifier;classifier;N/A;N/A;N/A;2000;100;21;4000;0,0000;0,0000;0,0000;0,0000;0,0000;0,0000;0;0;0;0
20260614_0639;Adaptação_25;classification;HoeffdingTree;Default_FullFeatures;classifier;classifier;classifier;N/A;N/A;N/A;2000;100;22;4100;0,0000;0,0000;0,0000;0,0000;0,0000;0,0000;0;0;0;0
20260614_0639;Adaptação_25;classification;HoeffdingTree;Default_FullFeatures;classifier;classifier;classifier;N/A;N/A;N/A;2000;100;23;4200;0,0000;0,0000;0,0000;0,0000;0,0000;0,0000;0;0;0;0
20260614_0639;Adaptação_25;classification;HoeffdingTree;Default_FullFeatures;classifier;classifier;classifier;N/A;N/A;N/A;2000;100;24;4300;0,0000;0,0000;0,0000;0,0000;0,0000;0,0000;0;0;0;0
20260614_0639;Adaptação_25;classification;HoeffdingTree;Default_FullFeatures;classifier;classifier;classifier;N/A;N/A;N/A;2000;100;25;4400;0,0000;0,0000;0,0000;0,0000;0,0000;0,0000;0;0;0;0
20260614_0639;Adaptação_25;classification;HoeffdingTree;Default_FullFeatures;classifier;classifier;classifier;N/A;N/A;N/A;2000;100;26;4500;0,0000;0,0000;0,0000;0,0000;0,0000;0,0000;0;0;0;0
20260614_0639;Adaptação_25;classification;HoeffdingTree;Default_FullFeatures;classifier;classifier;classifier;N/A;N/A;N/A;2000;100;27;4600;0,0000;0,0000;0,0000;0,0000;0,0000;0,0000;0;0;0;0
20260614_0639;Adaptação_25;classification;HoeffdingTree;Default_FullFeatures;classifier;classifier;classifier;N/A;N/A;N/A;2000;100;28;4700;0,0000;0,0000;0,0000;0,0000;0,0000;0,0000;0;0;0;0
20260614_0639;Adaptação_25;classification;HoeffdingTree;Default_FullFeatures;classifier;classifier;classifier;N/A;N/A;N/A;2000;100;29;4800;0,0000;0,0000;0,0000;0,0000;0,0000;0,0000;0;0;0;0
20260614_0639;Adaptação_25;classification;HoeffdingTree;Default_FullFeatures;classifier;classifier;classifier;N/A;N/A;N/A;2000;100;30;4900;0,0000;0,0000;0,0000;0,0000;0,0000;0,0000;0;0;0;0
20260614_0639;Adaptação_25;classification;HoeffdingTree;Default_FullFeatures;classifier;classifier;classifier;N/A;N/A;N/A;2000;100;31;5000;0,0000;0,0000;0,0000;0,0000;0,0000;0,0000;0;0;0;0
20260614_0639;Adaptação_25;classification;HoeffdingTree;Default_FullFeatures;classifier;classifier;classifier;N/A;N/A;N/A;2000;100;32;5100;0,0000;0,0000;0,0000;0,0000;0,0000;0,0000;0;0;0;0
20260614_0639;Adaptação_25;classification;HoeffdingTree;Default_FullFeatures;classifier;classifier;classifier;N/A;N/A;N/A;2000;100;33;5200;0,0000;0,0000;0,0000;0,0000;0,0000;0,0000;0;0;0;0
20260614_0639;Adaptação_25;classification;HoeffdingTree;Default_FullFeatures;classifier;classifier;classifier;N/A;N/A;N/A;2000;100;34;5300;0,0000;0,0000;0,0000;0,0000;0,0000;0,0000;0;0;0;0
20260614_0639;Adaptação_25;classification;HoeffdingTree;Default_FullFeatures;classifier;classifier;classifier;N/A;N/A;N/A;2000;100;35;5400;0,0000;0,0000;0,0000;0,0000;0,0000;0,0000;0;0;0;0
20260614_0639;Adaptação_25;classification;HoeffdingTree;Default_FullFeatures;classifier;classifier;classifier;N/A;N/A;N/A;2000;100;36;5500;0,0000;0,0000;0,0000;0,0000;0,0000;0,0000;0;0;0;0
20260614_0639;Adaptação_25;classification;HoeffdingTree;Default_FullFeatures;classifier;classifier;classifier;N/A;N/A;N/A;2000;100;37;5600;0,0000;0,0000;0,0000;0,0000;0,0000;0,0000;0;0;0;0
20260614_0639;Adaptação_25;classification;HoeffdingTree;Default_FullFeatures;classifier;classifier;classifier;N/A;N/A;N/A;2000;100;38;5700;0,0000;0,0000;0,0000;0,0000;0,0000;0,0000;0;0;0;0
20260614_0639;Adaptação_25;classification;HoeffdingTree;Default_FullFeatures;classifier;classifier;classifier;N/A;N/A;N/A;2000;100;39;5800;0,0000;0,0000;0,0000;0,0000;0,0000;0,0000;0;0;0;0
20260614_0639;Adaptação_25;classification;HoeffdingTree;Default_FullFeatures;classifier;classifier;classifier;N/A;N/A;N/A;2000;100;40;5900;0,0000;0,0000;0,0000;0,0000;0,0000;0,0000;0;0;0;0
20260614_0639;Adaptação_25;classification;HoeffdingTree;Default_FullFeatures;classifier;classifier;classifier;N/A;N/A;N/A;2000;100;41;6000;0,0000;0,0000;0,0000;0,0000;0,0000;0,0000;0;0;0;0
20260614_0639;Adaptação_25;classification;HoeffdingTree;Default_FullFeatures;classifier;classifier;classifier;N/A;N/A;N/A;2000;100;42;6100;0,0000;0,0000;0,0000;0,0000;0,0000;0,0000;0;0;0;0
20260614_0639;Adaptação_25;classification;HoeffdingTree;Default_FullFeatures;classifier;classifier;classifier;N/A;N/A;N/A;2000;100;43;6200;0,0000;0,0000;0,0000;0,0000;0,0000;0,0000;0;0;0;0
20260614_0639;Adaptação_25;classification;HoeffdingTree;Default_FullFeatures;classifier;classifier;classifier;N/A;N/A;N/A;2000;100;44;6300;0,0000;0,0000;0,0000;0,0000;0,0000;0,0000;0;0;0;0
20260614_0639;Adaptação_25;classification;HoeffdingTree;Default_FullFeatures;classifier;classifier;classifier;N/A;N/A;N/A;2000;100;45;6400;0,0000;0,0000;0,0000;0,0000;0,0000;0,0000;0;0;0;0
20260614_0639;Adaptação_25;classification;HoeffdingTree;Default_FullFeatures;classifier;classifier;classifier;N/A;N/A;N/A;2000;100;46;6500;0,0000;0,0000;0,0000;0,0000;0,0000;0,0000;0;0;0;0
20260614_0639;Adaptação_25;classification;HoeffdingTree;Default_FullFeatures;classifier;classifier;classifier;N/A;N/A;N/A;2000;100;47;6600;0,0000;0,0000;0,0000;0,0000;0,0000;0,0000;0;0;0;0
20260614_0639;Adaptação_25;classification;HoeffdingTree;Default_FullFeatures;classifier;classifier;classifier;N/A;N/A;N/A;2000;100;48;6700;0,0000;0,0000;0,0000;0,0000;0,0000;0,0000;0;0;0;0
20260614_0639;Adaptação_25;classification;HoeffdingTree;Default_FullFeatures;classifier;classifier;classifier;N/A;N/A;N/A;2000;100;49;6800;0,0000;0,0000;0,0000;0,0000;0,0000;0,0000;0;0;0;0
20260614_0639;Adaptação_25;classification;HoeffdingTree;Default_FullFeatures;classifier;classifier;classifier;N/A;N/A;N/A;2000;100;50;6900;0,0000;0,0000;0,0000;0,0000;0,0000;0,0000;0;0;0;0
20260614_0639;Adaptação_25;classification;HoeffdingTree;Default_FullFeatures;classifier;classifier;classifier;N/A;N/A;N/A;2000;100;51;7000;0,0000;0,0000;0,0000;0,0000;0,0000;0,0000;0;0;0;0
20260614_0639;Adaptação_25;classification;HoeffdingTree;Default_FullFeatures;classifier;classifier;classifier;N/A;N/A;N/A;2000;100;52;7100;0,0000;0,0000;0,0000;0,0000;0,0000;0,0000;0;0;0;0
20260614_0639;Adaptação_25;classification;HoeffdingTree;Default_FullFeatures;classifier;classifier;classifier;N/A;N/A;N/A;2000;100;53;7200;0,0000;0,0000;0,0000;0,0000;0,0000;0,0000;0;0;0;0
20260614_0639;Adaptação_25;classification;HoeffdingTree;Default_FullFeatures;classifier;classifier;classifier;N/A;N/A;N/A;2000;100;54;7300;0,0000;0,0000;0,0000;0,0000;0,0000;0,0000;0;0;0;0
20260614_0639;Adaptação_25;classification;HoeffdingTree;Default_FullFeatures;classifier;classifier;classifier;N/A;N/A;N/A;2000;100;55;7400;0,0000;0,0000;0,0000;0,0000;0,0000;0,0000;0;0;0;0
20260614_0639;Adaptação_25;classification;HoeffdingTree;Default_FullFeatures;classifier;classifier;classifier;N/A;N/A;N/A;2000;100;56;7500;0,0000;0,0000;0,0000;0,0000;0,0000;0,0000;0;0;0;0
20260614_0639;Adaptação_25;classification;HoeffdingTree;Default_FullFeatures;classifier;classifier;classifier;N/A;N/A;N/A;2000;100;57;7600;68,5714;0,0000;100,0000;0,0000;52,1739;0,0000;0;0;11;0
20260614_0639;Adaptação_25;classification;HoeffdingTree;Default_FullFeatures;classifier;classifier;classifier;N/A;N/A;N/A;2000;100;58;7700;0,0000;0,0000;0,0000;0,0000;0,0000;0,0000;0;0;0;0
20260614_0639;Adaptação_25;classification;HoeffdingTree;Default_FullFeatures;classifier;classifier;classifier;N/A;N/A;N/A;2000;100;59;7800;0,0000;0,0000;0,0000;0,0000;0,0000;0,0000;0;0;0;0
20260614_0639;Adaptação_25;classification;HoeffdingTree;Default_FullFeatures;classifier;classifier;classifier;N/A;N/A;N/A;2000;100;60;7900;0,0000;0,0000;0,0000;0,0000;0,0000;0,0000;0;0;0;0
20260614_0639;Adaptação_25;classification;HoeffdingTree;Default_FullFeatures;classifier;classifier;classifier;N/A;N/A;N/A;2000;100;61;8000;0,0000;0,0000;0,0000;0,0000;0,0000;0,0000;0;0;0;0
20260614_0639;Adaptação_25;classification;HoeffdingTree;Default_FullFeatures;classifier;classifier;classifier;N/A;N/A;N/A;2000;100;62;8100;0,0000;0,0000;0,0000;0,0000;0,0000;0,0000;0;0;0;0
20260614_0639;Adaptação_25;classification;HoeffdingTree;Default_FullFeatures;classifier;classifier;classifier;N/A;N/A;N/A;2000;100;63;8200;0,0000;0,0000;0,0000;0,0000;0,0000;0,0000;0;0;0;0
20260614_0639;Adaptação_25;classification;HoeffdingTree;Default_FullFeatures;classifier;classifier;classifier;N/A;N/A;N/A;2000;100;64;8300;0,0000;0,0000;0,0000;0,0000;0,0000;0,0000;0;0;0;0
20260614_0639;Adaptação_25;classification;HoeffdingTree;Default_FullFeatures;classifier;classifier;classifier;N/A;N/A;N/A;2000;100;65;8400;0,0000;0,0000;0,0000;0,0000;0,0000;0,0000;0;0;0;0
20260614_0639;Adaptação_25;classification;HoeffdingTree;Default_FullFeatures;classifier;classifier;classifier;N/A;N/A;N/A;2000;100;66;8500;0,0000;0,0000;0,0000;0,0000;0,0000;0,0000;0;0;0;0
20260614_0639;Adaptação_25;classification;HoeffdingTree;Default_FullFeatures;classifier;classifier;classifier;N/A;N/A;N/A;2000;100;67;8600;0,0000;0,0000;0,0000;0,0000;0,0000;0,0000;0;0;0;0
20260614_0639;Adaptação_25;classification;HoeffdingTree;Default_FullFeatures;classifier;classifier;classifier;N/A;N/A;N/A;2000;100;68;8700;0,0000;0,0000;0,0000;0,0000;0,0000;0,0000;0;0;0;0
20260614_0639;Adaptação_25;classification;HoeffdingTree;Default_FullFeatures;classifier;classifier;classifier;N/A;N/A;N/A;2000;100;69;8800;0,0000;0,0000;0,0000;0,0000;0,0000;0,0000;0;0;0;0
20260614_0639;Adaptação_25;classification;HoeffdingTree;Default_FullFeatures;classifier;classifier;classifier;N/A;N/A;N/A;2000;100;70;8900;0,0000;0,0000;0,0000;0,0000;0,0000;0,0000;0;0;0;0
20260614_0639;Adaptação_25;classification;HoeffdingTree;Default_FullFeatures;classifier;classifier;classifier;N/A;N/A;N/A;2000;100;71;9000;0,0000;0,0000;0,0000;0,0000;0,0000;0,0000;0;0;0;0
20260614_0639;Adaptação_25;classification;HoeffdingTree;Default_FullFeatures;classifier;classifier;classifier;N/A;N/A;N/A;2000;100;72;9100;0,0000;0,0000;0,0000;0,0000;0,0000;0,0000;0;0;0;0
20260614_0639;Adaptação_25;classification;HoeffdingTree;Default_FullFeatures;classifier;classifier;classifier;N/A;N/A;N/A;2000;100;73;9200;0,0000;0,0000;0,0000;0,0000;0,0000;0,0000;0;0;0;0
20260614_0639;Adaptação_25;classification;HoeffdingTree;Default_FullFeatures;classifier;classifier;classifier;N/A;N/A;N/A;2000;100;74;9300;0,0000;0,0000;0,0000;0,0000;0,0000;0,0000;0;0;0;0
20260614_0639;Adaptação_25;classification;HoeffdingTree;Default_FullFeatures;classifier;classifier;classifier;N/A;N/A;N/A;2000;100;75;9400;0,0000;0,0000;0,0000;0,0000;0,0000;0,0000;0;0;0;0
20260614_0639;Adaptação_25;classification;HoeffdingTree;Default_FullFeatures;classifier;classifier;classifier;N/A;N/A;N/A;2000;100;76;9500;0,0000;0,0000;0,0000;0,0000;0,0000;0,0000;0;0;0;0
20260614_0639;Adaptação_25;classification;HoeffdingTree;Default_FullFeatures;classifier;classifier;classifier;N/A;N/A;N/A;2000;100;77;9600;0,0000;0,0000;0,0000;0,0000;0,0000;0,0000;0;0;0;0
20260614_0639;Adaptação_25;classification;HoeffdingTree;Default_FullFeatures;classifier;classifier;classifier;N/A;N/A;N/A;2000;100;78;9700;0,0000;0,0000;0,0000;0,0000;0,0000;0,0000;0;0;0;0
20260614_0639;Adaptação_25;classification;HoeffdingTree;Default_FullFeatures;classifier;classifier;classifier;N/A;N/A;N/A;2000;100;79;9800;0,0000;0,0000;0,0000;0,0000;0,0000;0,0000;0;0;0;0
20260614_0639;Adaptação_25;classification;HoeffdingTree;Default_FullFeatures;classifier;classifier;classifier;N/A;N/A;N/A;2000;100;80;9900;0,0000;0,0000;0,0000;0,0000;0,0000;0,0000;0;0;0;0
20260614_0639;Adaptação_25;classification;HoeffdingTree;Default_FullFeatures;classifier;classifier;classifier;N/A;N/A;N/A;2000;100;81;10000;0,0000;0,0000;0,0000;0,0000;0,0000;0,0000;0;0;0;0
20260614_0639;Adaptação_25;classification;HoeffdingTree;Default_FullFeatures;classifier;classifier;classifier;N/A;N/A;N/A;2000;100;82;10100;0,0000;0,0000;0,0000;0,0000;0,0000;0,0000;0;0;0;0
20260614_0639;Adaptação_25;classification;HoeffdingTree;Default_FullFeatures;classifier;classifier;classifier;N/A;N/A;N/A;2000;100;83;10200;0,0000;0,0000;0,0000;0,0000;0,0000;0,0000;0;0;0;0
20260614_0639;Adaptação_25;classification;HoeffdingTree;Default_FullFeatures;classifier;classifier;classifier;N/A;N/A;N/A;2000;100;84;10300;0,0000;0,0000;0,0000;0,0000;0,0000;0,0000;0;0;0;0
20260614_0639;Adaptação_25;classification;HoeffdingTree;Default_FullFeatures;classifier;classifier;classifier;N/A;N/A;N/A;2000;100;85;10400;0,0000;0,0000;0,0000;0,0000;0,0000;0,0000;0;0;0;0
20260614_0639;Adaptação_25;classification;HoeffdingTree;Default_FullFeatures;classifier;classifier;classifier;N/A;N/A;N/A;2000;100;86;10500;0,0000;0,0000;0,0000;0,0000;0,0000;0,0000;0;0;0;0
20260614_0639;Adaptação_25;classification;HoeffdingTree;Default_FullFeatures;classifier;classifier;classifier;N/A;N/A;N/A;2000;100;87;10600;0,0000;0,0000;0,0000;0,0000;0,0000;0,0000;0;0;0;0
20260614_0639;Adaptação_25;classification;HoeffdingTree;Default_FullFeatures;classifier;classifier;classifier;N/A;N/A;N/A;2000;100;88;10700;0,0000;0,0000;0,0000;0,0000;0,0000;0,0000;0;0;0;0
20260614_0639;Adaptação_25;classification;HoeffdingTree;Default_FullFeatures;classifier;classifier;classifier;N/A;N/A;N/A;2000;100;89;10800;0,0000;0,0000;0,0000;0,0000;0,0000;0,0000;0;0;0;0
20260614_0639;Adaptação_25;classification;HoeffdingTree;Default_FullFeatures;classifier;classifier;classifier;N/A;N/A;N/A;2000;100;90;10900;0,0000;0,0000;0,0000;0,0000;0,0000;0,0000;0;0;0;0
20260614_0639;Adaptação_25;classification;HoeffdingTree;Default_FullFeatures;classifier;classifier;classifier;N/A;N/A;N/A;2000;100;91;11000;0,0000;0,0000;0,0000;0,0000;0,0000;0,0000;0;0;0;0
20260614_0639;Adaptação_25;classification;HoeffdingTree;Default_FullFeatures;classifier;classifier;classifier;N/A;N/A;N/A;2000;100;92;11100;0,0000;0,0000;0,0000;0,0000;0,0000;0,0000;0;0;0;0
20260614_0639;Adaptação_25;classification;HoeffdingTree;Default_FullFeatures;classifier;classifier;classifier;N/A;N/A;N/A;2000;100;93;11200;0,0000;0,0000;0,0000;0,0000;0,0000;0,0000;0;0;0;0
20260614_0639;Adaptação_25;classification;HoeffdingTree;Default_FullFeatures;classifier;classifier;classifier;N/A;N/A;N/A;2000;100;94;11300;0,0000;0,0000;0,0000;0,0000;0,0000;0,0000;0;0;1;0
20260614_0639;Adaptação_25;classification;HoeffdingTree;Default_FullFeatures;classifier;classifier;classifier;N/A;N/A;N/A;2000;100;95;11400;90,0000;0,0000;100,0000;0,0000;81,8182;0,0000;0;0;4;0
20260614_0639;Adaptação_25;classification;HoeffdingTree;Default_FullFeatures;classifier;classifier;classifier;N/A;N/A;N/A;2000;100;96;11500;0,0000;0,0000;0,0000;0,0000;0,0000;0,0000;0;0;0;0
20260614_0639;Adaptação_25;classification;HoeffdingTree;Default_FullFeatures;classifier;classifier;classifier;N/A;N/A;N/A;2000;100;97;11600;0,0000;0,0000;0,0000;0,0000;0,0000;0,0000;0;0;0;0
20260614_0639;Adaptação_25;classification;HoeffdingTree;Default_FullFeatures;classifier;classifier;classifier;N/A;N/A;N/A;2000;100;98;11700;0,0000;0,0000;0,0000;0,0000;0,0000;0,0000;0;0;0;0
20260614_0639;Adaptação_25;classification;HoeffdingTree;Default_FullFeatures;classifier;classifier;classifier;N/A;N/A;N/A;2000;100;99;11800;0,0000;0,0000;0,0000;0,0000;0,0000;0,0000;0;0;0;0
20260614_0639;Adaptação_25;classification;HoeffdingTree;Default_FullFeatures;classifier;classifier;classifier;N/A;N/A;N/A;2000;100;100;11900;0,0000;0,0000;0,0000;0,0000;0,0000;0,0000;0;0;0;0
20260614_0639;Adaptação_25;classification;HoeffdingTree;Default_FullFeatures;classifier;classifier;classifier;N/A;N/A;N/A;2000;100;101;12000;0,0000;0,0000;0,0000;0,0000;0,0000;0,0000;0;0;0;0
20260614_0639;Adaptação_25;classification;HoeffdingTree;Default_FullFeatures;classifier;classifier;classifier;N/A;N/A;N/A;2000;100;102;12100;0,0000;0,0000;0,0000;0,0000;0,0000;0,0000;0;0;0;0
20260614_0639;Adaptação_25;classification;HoeffdingTree;Default_FullFeatures;classifier;classifier;classifier;N/A;N/A;N/A;2000;100;103;12200;0,0000;0,0000;0,0000;0,0000;0,0000;0,0000;0;0;0;0
20260614_0639;Adaptação_25;classification;HoeffdingTree;Default_FullFeatures;classifier;classifier;classifier;N/A;N/A;N/A;2000;100;104;12300;0,0000;0,0000;0,0000;0,0000;0,0000;0,0000;0;0;0;0
20260614_0639;Adaptação_25;classification;HoeffdingTree;Default_FullFeatures;classifier;classifier;classifier;N/A;N/A;N/A;2000;100;105;12400;0,0000;0,0000;0,0000;0,0000;0,0000;0,0000;0;0;0;0
20260614_0639;Adaptação_25;classification;HoeffdingTree;Default_FullFeatures;classifier;classifier;classifier;N/A;N/A;N/A;2000;100;106;12500;0,0000;0,0000;0,0000;0,0000;0,0000;0,0000;0;0;0;0
20260614_0639;Adaptação_25;classification;HoeffdingTree;Default_FullFeatures;classifier;classifier;classifier;N/A;N/A;N/A;2000;100;107;12600;0,0000;0,0000;0,0000;0,0000;0,0000;0,0000;0;0;0;0
20260614_0639;Adaptação_25;classification;HoeffdingTree;Default_FullFeatures;classifier;classifier;classifier;N/A;N/A;N/A;2000;100;108;12700;0,0000;0,0000;0,0000;0,0000;0,0000;0,0000;0;0;0;0
20260614_0639;Adaptação_25;classification;HoeffdingTree;Default_FullFeatures;classifier;classifier;classifier;N/A;N/A;N/A;2000;100;109;12800;0,0000;0,0000;0,0000;0,0000;0,0000;0,0000;0;0;0;0
20260614_0639;Adaptação_25;classification;HoeffdingTree;Default_FullFeatures;classifier;classifier;classifier;N/A;N/A;N/A;2000;100;110;12900;0,0000;0,0000;0,0000;0,0000;0,0000;0,0000;0;0;0;0
20260614_0639;Adaptação_25;classification;HoeffdingTree;Default_FullFeatures;classifier;classifier;classifier;N/A;N/A;N/A;2000;100;111;13000;0,0000;0,0000;0,0000;0,0000;0,0000;0,0000;0;0;0;0
20260614_0639;Adaptação_25;classification;HoeffdingTree;Default_FullFeatures;classifier;classifier;classifier;N/A;N/A;N/A;2000;100;112;13100;0,0000;0,0000;0,0000;0,0000;0,0000;0,0000;0;0;0;0
20260614_0639;Adaptação_25;classification;HoeffdingTree;Default_FullFeatures;classifier;classifier;classifier;N/A;N/A;N/A;2000;100;113;13200;0,0000;0,0000;0,0000;0,0000;0,0000;0,0000;0;0;0;0
20260614_0639;Adaptação_25;classification;HoeffdingTree;Default_FullFeatures;classifier;classifier;classifier;N/A;N/A;N/A;2000;100;114;13300;0,0000;0,0000;0,0000;0,0000;0,0000;0,0000;0;0;0;0
20260614_0639;Adaptação_25;classification;HoeffdingTree;Default_FullFeatures;classifier;classifier;classifier;N/A;N/A;N/A;2000;100;115;13400;0,0000;0,0000;0,0000;0,0000;0,0000;0,0000;0;0;0;0
20260614_0639;Adaptação_25;classification;HoeffdingTree;Default_FullFeatures;classifier;classifier;classifier;N/A;N/A;N/A;2000;100;116;13500;0,0000;0,0000;0,0000;0,0000;0,0000;0,0000;0;0;0;0
20260614_0639;Adaptação_25;classification;HoeffdingTree;Default_FullFeatures;classifier;classifier;classifier;N/A;N/A;N/A;2000;100;117;13600;0,0000;0,0000;0,0000;0,0000;0,0000;0,0000;0;0;0;0
20260614_0639;Adaptação_25;classification;HoeffdingTree;Default_FullFeatures;classifier;classifier;classifier;N/A;N/A;N/A;2000;100;118;13700;0,0000;0,0000;0,0000;0,0000;0,0000;0,0000;0;0;0;0
20260614_0639;Adaptação_25;classification;HoeffdingTree;Default_FullFeatures;classifier;classifier;classifier;N/A;N/A;N/A;2000;100;119;13800;0,0000;0,0000;0,0000;0,0000;0,0000;0,0000;0;0;0;0
20260614_0639;Adaptação_25;classification;HoeffdingTree;Default_FullFeatures;classifier;classifier;classifier;N/A;N/A;N/A;2000;100;120;13900;0,0000;0,0000;0,0000;0,0000;0,0000;0,0000;0;0;0;0
20260614_0639;Adaptação_25;classification;HoeffdingTree;Default_FullFeatures;classifier;classifier;classifier;N/A;N/A;N/A;2000;100;121;14000;0,0000;0,0000;0,0000;0,0000;0,0000;0,0000;0;0;0;0
20260614_0639;Adaptação_25;classification;HoeffdingTree;Default_FullFeatures;classifier;classifier;classifier;N/A;N/A;N/A;2000;100;122;14100;0,0000;0,0000;0,0000;0,0000;0,0000;0,0000;0;0;0;0
20260614_0639;Adaptação_25;classification;HoeffdingTree;Default_FullFeatures;classifier;classifier;classifier;N/A;N/A;N/A;2000;100;123;14200;0,0000;0,0000;0,0000;0,0000;0,0000;0,0000;0;0;0;0
20260614_0639;Adaptação_25;classification;HoeffdingTree;Default_FullFeatures;classifier;classifier;classifier;N/A;N/A;N/A;2000;100;124;14300;0,0000;0,0000;0,0000;0,0000;0,0000;0,0000;0;0;0;0
20260614_0639;Adaptação_25;classification;HoeffdingTree;Default_FullFeatures;classifier;classifier;classifier;N/A;N/A;N/A;2000;100;125;14400;0,0000;0,0000;0,0000;0,0000;0,0000;0,0000;0;0;0;0
20260614_0639;Adaptação_25;classification;HoeffdingTree;Default_FullFeatures;classifier;classifier;classifier;N/A;N/A;N/A;2000;100;126;14500;0,0000;0,0000;0,0000;0,0000;0,0000;0,0000;0;0;0;0
20260614_0639;Adaptação_25;classification;HoeffdingTree;Default_FullFeatures;classifier;classifier;classifier;N/A;N/A;N/A;2000;100;127;14600;0,0000;0,0000;0,0000;0,0000;0,0000;0,0000;0;0;0;0
20260614_0639;Adaptação_25;classification;HoeffdingTree;Default_FullFeatures;classifier;classifier;classifier;N/A;N/A;N/A;2000;100;128;14700;0,0000;0,0000;0,0000;0,0000;0,0000;0,0000;0;0;0;0
20260614_0639;Adaptação_25;classification;HoeffdingTree;Default_FullFeatures;classifier;classifier;classifier;N/A;N/A;N/A;2000;100;129;14800;0,0000;0,0000;0,0000;0,0000;0,0000;0,0000;0;0;0;0
20260614_0639;Adaptação_25;classification;HoeffdingTree;Default_FullFeatures;classifier;classifier;classifier;N/A;N/A;N/A;2000;100;130;14900;0,0000;0,0000;0,0000;0,0000;0,0000;0,0000;0;0;0;0
20260614_0639;Adaptação_25;classification;HoeffdingTree;Default_FullFeatures;classifier;classifier;classifier;N/A;N/A;N/A;2000;100;131;15000;0,0000;0,0000;0,0000;0,0000;0,0000;0,0000;0;0;0;0
20260614_0639;Adaptação_200;classification;HoeffdingTree;Default_FullFeatures;classifier;classifier;classifier;N/A;N/A;N/A;2000;100;1;2000;0,0000;0,0000;0,0000;0,0000;0,0000;0,0000;0;0;0;0
20260614_0639;Adaptação_200;classification;HoeffdingTree;Default_FullFeatures;classifier;classifier;classifier;N/A;N/A;N/A;2000;100;2;2100;0,0000;0,0000;0,0000;0,0000;0,0000;0,0000;0;0;0;0
20260614_0639;Adaptação_200;classification;HoeffdingTree;Default_FullFeatures;classifier;classifier;classifier;N/A;N/A;N/A;2000;100;3;2200;0,0000;0,0000;0,0000;0,0000;0,0000;0,0000;0;0;0;0
20260614_0639;Adaptação_200;classification;HoeffdingTree;Default_FullFeatures;classifier;classifier;classifier;N/A;N/A;N/A;2000;100;4;2300;0,0000;0,0000;0,0000;0,0000;0,0000;0,0000;0;0;0;0
20260614_0639;Adaptação_200;classification;HoeffdingTree;Default_FullFeatures;classifier;classifier;classifier;N/A;N/A;N/A;2000;100;5;2400;0,0000;0,0000;0,0000;0,0000;0,0000;0,0000;0;0;0;0
20260614_0639;Adaptação_200;classification;HoeffdingTree;Default_FullFeatures;classifier;classifier;classifier;N/A;N/A;N/A;2000;100;6;2500;0,0000;0,0000;0,0000;0,0000;0,0000;0,0000;0;0;0;0
20260614_0639;Adaptação_200;classification;HoeffdingTree;Default_FullFeatures;classifier;classifier;classifier;N/A;N/A;N/A;2000;100;7;2600;0,0000;0,0000;0,0000;0,0000;0,0000;0,0000;0;0;0;0
20260614_0639;Adaptação_200;classification;HoeffdingTree;Default_FullFeatures;classifier;classifier;classifier;N/A;N/A;N/A;2000;100;8;2700;0,0000;0,0000;0,0000;0,0000;0,0000;0,0000;0;0;0;0
20260614_0639;Adaptação_200;classification;HoeffdingTree;Default_FullFeatures;classifier;classifier;classifier;N/A;N/A;N/A;2000;100;9;2800;0,0000;0,0000;0,0000;0,0000;0,0000;0,0000;0;0;0;0
20260614_0639;Adaptação_200;classification;HoeffdingTree;Default_FullFeatures;classifier;classifier;classifier;N/A;N/A;N/A;2000;100;10;2900;0,0000;0,0000;0,0000;0,0000;0,0000;0,0000;0;0;0;0
20260614_0639;Adaptação_200;classification;HoeffdingTree;Default_FullFeatures;classifier;classifier;classifier;N/A;N/A;N/A;2000;100;11;3000;0,0000;0,0000;0,0000;0,0000;0,0000;0,0000;0;0;0;0
20260614_0639;Adaptação_200;classification;HoeffdingTree;Default_FullFeatures;classifier;classifier;classifier;N/A;N/A;N/A;2000;100;12;3100;0,0000;0,0000;0,0000;0,0000;0,0000;0,0000;0;0;0;0
20260614_0639;Adaptação_200;classification;HoeffdingTree;Default_FullFeatures;classifier;classifier;classifier;N/A;N/A;N/A;2000;100;13;3200;0,0000;0,0000;0,0000;0,0000;0,0000;0,0000;0;0;0;0
20260614_0639;Adaptação_200;classification;HoeffdingTree;Default_FullFeatures;classifier;classifier;classifier;N/A;N/A;N/A;2000;100;14;3300;0,0000;0,0000;0,0000;0,0000;0,0000;0,0000;0;0;0;0
20260614_0639;Adaptação_200;classification;HoeffdingTree;Default_FullFeatures;classifier;classifier;classifier;N/A;N/A;N/A;2000;100;15;3400;0,0000;0,0000;0,0000;0,0000;0,0000;0,0000;0;0;0;0
20260614_0639;Adaptação_200;classification;HoeffdingTree;Default_FullFeatures;classifier;classifier;classifier;N/A;N/A;N/A;2000;100;16;3500;0,0000;0,0000;0,0000;0,0000;0,0000;0,0000;0;0;0;0
20260614_0639;Adaptação_200;classification;HoeffdingTree;Default_FullFeatures;classifier;classifier;classifier;N/A;N/A;N/A;2000;100;17;3600;0,0000;0,0000;0,0000;0,0000;0,0000;0,0000;0;0;0;0
20260614_0639;Adaptação_200;classification;HoeffdingTree;Default_FullFeatures;classifier;classifier;classifier;N/A;N/A;N/A;2000;100;18;3700;0,0000;0,0000;0,0000;0,0000;0,0000;0,0000;0;0;0;0
20260614_0639;Adaptação_200;classification;HoeffdingTree;Default_FullFeatures;classifier;classifier;classifier;N/A;N/A;N/A;2000;100;19;3800;94,6237;0,0000;100,0000;0,0000;89,7959;0,0000;0;0;5;0
20260614_0639;Adaptação_200;classification;HoeffdingTree;Default_FullFeatures;classifier;classifier;classifier;N/A;N/A;N/A;2000;100;20;3900;98,0892;0,0000;100,0000;0,0000;96,2500;0,0000;0;0;3;0
20260614_0639;Adaptação_200;classification;HoeffdingTree;Default_FullFeatures;classifier;classifier;classifier;N/A;N/A;N/A;2000;100;21;4000;97,8723;0,0000;100,0000;0,0000;95,8333;0,0000;0;0;2;0
20260614_0639;Adaptação_200;classification;HoeffdingTree;Default_FullFeatures;classifier;classifier;classifier;N/A;N/A;N/A;2000;100;22;4100;0,0000;0,0000;0,0000;0,0000;0,0000;0,0000;2;0;0;0
20260614_0639;Adaptação_200;classification;HoeffdingTree;Default_FullFeatures;classifier;classifier;classifier;N/A;N/A;N/A;2000;100;23;4200;0,0000;0,0000;0,0000;0,0000;0,0000;0,0000;3;0;0;0
20260614_0639;Adaptação_200;classification;HoeffdingTree;Default_FullFeatures;classifier;classifier;classifier;N/A;N/A;N/A;2000;100;24;4300;0,0000;0,0000;0,0000;0,0000;0,0000;0,0000;0;0;0;0
20260614_0639;Adaptação_200;classification;HoeffdingTree;Default_FullFeatures;classifier;classifier;classifier;N/A;N/A;N/A;2000;100;25;4400;0,0000;0,0000;0,0000;0,0000;0,0000;0,0000;1;0;0;0
20260614_0639;Adaptação_200;classification;HoeffdingTree;Default_FullFeatures;classifier;classifier;classifier;N/A;N/A;N/A;2000;100;26;4500;0,0000;0,0000;0,0000;0,0000;0,0000;0,0000;1;0;0;0
20260614_0639;Adaptação_200;classification;HoeffdingTree;Default_FullFeatures;classifier;classifier;classifier;N/A;N/A;N/A;2000;100;27;4600;0,0000;0,0000;0,0000;0,0000;0,0000;0,0000;0;0;0;0
20260614_0639;Adaptação_200;classification;HoeffdingTree;Default_FullFeatures;classifier;classifier;classifier;N/A;N/A;N/A;2000;100;28;4700;0,0000;0,0000;0,0000;0,0000;0,0000;0,0000;0;0;0;0
20260614_0639;Adaptação_200;classification;HoeffdingTree;Default_FullFeatures;classifier;classifier;classifier;N/A;N/A;N/A;2000;100;29;4800;0,0000;0,0000;0,0000;0,0000;0,0000;0,0000;1;0;0;0
20260614_0639;Adaptação_200;classification;HoeffdingTree;Default_FullFeatures;classifier;classifier;classifier;N/A;N/A;N/A;2000;100;30;4900;0,0000;0,0000;0,0000;0,0000;0,0000;0,0000;0;0;0;0
20260614_0639;Adaptação_200;classification;HoeffdingTree;Default_FullFeatures;classifier;classifier;classifier;N/A;N/A;N/A;2000;100;31;5000;0,0000;0,0000;0,0000;0,0000;0,0000;0,0000;0;0;0;0
20260614_0639;Adaptação_200;classification;HoeffdingTree;Default_FullFeatures;classifier;classifier;classifier;N/A;N/A;N/A;2000;100;32;5100;0,0000;0,0000;0,0000;0,0000;0,0000;0,0000;0;0;0;0
20260614_0639;Adaptação_200;classification;HoeffdingTree;Default_FullFeatures;classifier;classifier;classifier;N/A;N/A;N/A;2000;100;33;5200;0,0000;0,0000;0,0000;0,0000;0,0000;0,0000;0;0;0;0
20260614_0639;Adaptação_200;classification;HoeffdingTree;Default_FullFeatures;classifier;classifier;classifier;N/A;N/A;N/A;2000;100;34;5300;0,0000;0,0000;0,0000;0,0000;0,0000;0,0000;0;0;0;0
20260614_0639;Adaptação_200;classification;HoeffdingTree;Default_FullFeatures;classifier;classifier;classifier;N/A;N/A;N/A;2000;100;35;5400;0,0000;0,0000;0,0000;0,0000;0,0000;0,0000;0;0;0;0
20260614_0639;Adaptação_200;classification;HoeffdingTree;Default_FullFeatures;classifier;classifier;classifier;N/A;N/A;N/A;2000;100;36;5500;0,0000;0,0000;0,0000;0,0000;0,0000;0,0000;0;0;0;0
20260614_0639;Adaptação_200;classification;HoeffdingTree;Default_FullFeatures;classifier;classifier;classifier;N/A;N/A;N/A;2000;100;37;5600;0,0000;0,0000;0,0000;0,0000;0,0000;0,0000;0;0;0;0
20260614_0639;Adaptação_200;classification;HoeffdingTree;Default_FullFeatures;classifier;classifier;classifier;N/A;N/A;N/A;2000;100;38;5700;0,0000;0,0000;0,0000;0,0000;0,0000;0,0000;0;0;0;0
20260614_0639;Adaptação_200;classification;HoeffdingTree;Default_FullFeatures;classifier;classifier;classifier;N/A;N/A;N/A;2000;100;39;5800;0,0000;0,0000;0,0000;0,0000;0,0000;0,0000;0;0;0;0
20260614_0639;Adaptação_200;classification;HoeffdingTree;Default_FullFeatures;classifier;classifier;classifier;N/A;N/A;N/A;2000;100;40;5900;0,0000;0,0000;0,0000;0,0000;0,0000;0,0000;0;0;0;0
20260614_0639;Adaptação_200;classification;HoeffdingTree;Default_FullFeatures;classifier;classifier;classifier;N/A;N/A;N/A;2000;100;41;6000;0,0000;0,0000;0,0000;0,0000;0,0000;0,0000;0;0;0;0
20260614_0639;Adaptação_200;classification;HoeffdingTree;Default_FullFeatures;classifier;classifier;classifier;N/A;N/A;N/A;2000;100;42;6100;0,0000;0,0000;0,0000;0,0000;0,0000;0,0000;0;0;0;0
20260614_0639;Adaptação_200;classification;HoeffdingTree;Default_FullFeatures;classifier;classifier;classifier;N/A;N/A;N/A;2000;100;43;6200;0,0000;0,0000;0,0000;0,0000;0,0000;0,0000;0;0;0;0
20260614_0639;Adaptação_200;classification;HoeffdingTree;Default_FullFeatures;classifier;classifier;classifier;N/A;N/A;N/A;2000;100;44;6300;0,0000;0,0000;0,0000;0,0000;0,0000;0,0000;0;0;0;0
20260614_0639;Adaptação_200;classification;HoeffdingTree;Default_FullFeatures;classifier;classifier;classifier;N/A;N/A;N/A;2000;100;45;6400;0,0000;0,0000;0,0000;0,0000;0,0000;0,0000;0;0;0;0
20260614_0639;Adaptação_200;classification;HoeffdingTree;Default_FullFeatures;classifier;classifier;classifier;N/A;N/A;N/A;2000;100;46;6500;0,0000;0,0000;0,0000;0,0000;0,0000;0,0000;0;0;0;0
20260614_0639;Adaptação_200;classification;HoeffdingTree;Default_FullFeatures;classifier;classifier;classifier;N/A;N/A;N/A;2000;100;47;6600;0,0000;0,0000;0,0000;0,0000;0,0000;0,0000;0;0;0;0
20260614_0639;Adaptação_200;classification;HoeffdingTree;Default_FullFeatures;classifier;classifier;classifier;N/A;N/A;N/A;2000;100;48;6700;0,0000;0,0000;0,0000;0,0000;0,0000;0,0000;0;0;0;0
20260614_0639;Adaptação_200;classification;HoeffdingTree;Default_FullFeatures;classifier;classifier;classifier;N/A;N/A;N/A;2000;100;49;6800;0,0000;0,0000;0,0000;0,0000;0,0000;0,0000;0;0;0;0
20260614_0639;Adaptação_200;classification;HoeffdingTree;Default_FullFeatures;classifier;classifier;classifier;N/A;N/A;N/A;2000;100;50;6900;0,0000;0,0000;0,0000;0,0000;0,0000;0,0000;0;0;0;0
20260614_0639;Adaptação_200;classification;HoeffdingTree;Default_FullFeatures;classifier;classifier;classifier;N/A;N/A;N/A;2000;100;51;7000;0,0000;0,0000;0,0000;0,0000;0,0000;0,0000;0;0;0;0
20260614_0639;Adaptação_200;classification;HoeffdingTree;Default_FullFeatures;classifier;classifier;classifier;N/A;N/A;N/A;2000;100;52;7100;0,0000;0,0000;0,0000;0,0000;0,0000;0,0000;0;0;0;0
20260614_0639;Adaptação_200;classification;HoeffdingTree;Default_FullFeatures;classifier;classifier;classifier;N/A;N/A;N/A;2000;100;53;7200;0,0000;0,0000;0,0000;0,0000;0,0000;0,0000;0;0;0;0
20260614_0639;Adaptação_200;classification;HoeffdingTree;Default_FullFeatures;classifier;classifier;classifier;N/A;N/A;N/A;2000;100;54;7300;0,0000;0,0000;0,0000;0,0000;0,0000;0,0000;0;0;0;0
20260614_0639;Adaptação_200;classification;HoeffdingTree;Default_FullFeatures;classifier;classifier;classifier;N/A;N/A;N/A;2000;100;55;7400;0,0000;0,0000;0,0000;0,0000;0,0000;0,0000;0;0;0;0
20260614_0639;Adaptação_200;classification;HoeffdingTree;Default_FullFeatures;classifier;classifier;classifier;N/A;N/A;N/A;2000;100;56;7500;0,0000;0,0000;0,0000;0,0000;0,0000;0,0000;0;0;0;0
20260614_0639;Adaptação_200;classification;HoeffdingTree;Default_FullFeatures;classifier;classifier;classifier;N/A;N/A;N/A;2000;100;57;7600;0,0000;0,0000;0,0000;0,0000;0,0000;0,0000;0;0;0;0
20260614_0639;Adaptação_200;classification;HoeffdingTree;Default_FullFeatures;classifier;classifier;classifier;N/A;N/A;N/A;2000;100;58;7700;0,0000;0,0000;0,0000;0,0000;0,0000;0,0000;0;0;1;0
20260614_0639;Adaptação_200;classification;HoeffdingTree;Default_FullFeatures;classifier;classifier;classifier;N/A;N/A;N/A;2000;100;59;7800;72,7273;0,0000;100,0000;0,0000;57,1429;0,0000;0;0;42;0
20260614_0639;Adaptação_200;classification;HoeffdingTree;Default_FullFeatures;classifier;classifier;classifier;N/A;N/A;N/A;2000;100;60;7900;80,0000;0,0000;100,0000;0,0000;66,6667;0,0000;0;0;33;0
20260614_0639;Adaptação_200;classification;HoeffdingTree;Default_FullFeatures;classifier;classifier;classifier;N/A;N/A;N/A;2000;100;61;8000;0,0000;0,0000;0,0000;0,0000;0,0000;0,0000;1;0;0;0
20260614_0639;Adaptação_200;classification;HoeffdingTree;Default_FullFeatures;classifier;classifier;classifier;N/A;N/A;N/A;2000;100;62;8100;0,0000;0,0000;0,0000;0,0000;0,0000;0,0000;0;0;0;0
20260614_0639;Adaptação_200;classification;HoeffdingTree;Default_FullFeatures;classifier;classifier;classifier;N/A;N/A;N/A;2000;100;63;8200;0,0000;0,0000;0,0000;0,0000;0,0000;0,0000;0;0;0;0
20260614_0639;Adaptação_200;classification;HoeffdingTree;Default_FullFeatures;classifier;classifier;classifier;N/A;N/A;N/A;2000;100;64;8300;0,0000;0,0000;0,0000;0,0000;0,0000;0,0000;0;0;0;0
20260614_0639;Adaptação_200;classification;HoeffdingTree;Default_FullFeatures;classifier;classifier;classifier;N/A;N/A;N/A;2000;100;65;8400;0,0000;0,0000;0,0000;0,0000;0,0000;0,0000;0;0;0;0
20260614_0639;Adaptação_200;classification;HoeffdingTree;Default_FullFeatures;classifier;classifier;classifier;N/A;N/A;N/A;2000;100;66;8500;0,0000;0,0000;0,0000;0,0000;0,0000;0,0000;0;0;0;0
20260614_0639;Adaptação_200;classification;HoeffdingTree;Default_FullFeatures;classifier;classifier;classifier;N/A;N/A;N/A;2000;100;67;8600;0,0000;0,0000;0,0000;0,0000;0,0000;0,0000;0;0;0;0
20260614_0639;Adaptação_200;classification;HoeffdingTree;Default_FullFeatures;classifier;classifier;classifier;N/A;N/A;N/A;2000;100;68;8700;0,0000;0,0000;0,0000;0,0000;0,0000;0,0000;0;0;0;0
20260614_0639;Adaptação_200;classification;HoeffdingTree;Default_FullFeatures;classifier;classifier;classifier;N/A;N/A;N/A;2000;100;69;8800;0,0000;0,0000;0,0000;0,0000;0,0000;0,0000;0;0;0;0
20260614_0639;Adaptação_200;classification;HoeffdingTree;Default_FullFeatures;classifier;classifier;classifier;N/A;N/A;N/A;2000;100;70;8900;0,0000;0,0000;0,0000;0,0000;0,0000;0,0000;0;0;0;0
20260614_0639;Adaptação_200;classification;HoeffdingTree;Default_FullFeatures;classifier;classifier;classifier;N/A;N/A;N/A;2000;100;71;9000;0,0000;0,0000;0,0000;0,0000;0,0000;0,0000;0;0;0;0
20260614_0639;Adaptação_200;classification;HoeffdingTree;Default_FullFeatures;classifier;classifier;classifier;N/A;N/A;N/A;2000;100;72;9100;0,0000;0,0000;0,0000;0,0000;0,0000;0,0000;0;0;0;0
20260614_0639;Adaptação_200;classification;HoeffdingTree;Default_FullFeatures;classifier;classifier;classifier;N/A;N/A;N/A;2000;100;73;9200;0,0000;0,0000;0,0000;0,0000;0,0000;0,0000;0;0;0;0
20260614_0639;Adaptação_200;classification;HoeffdingTree;Default_FullFeatures;classifier;classifier;classifier;N/A;N/A;N/A;2000;100;74;9300;0,0000;0,0000;0,0000;0,0000;0,0000;0,0000;0;0;0;0
20260614_0639;Adaptação_200;classification;HoeffdingTree;Default_FullFeatures;classifier;classifier;classifier;N/A;N/A;N/A;2000;100;75;9400;0,0000;0,0000;0,0000;0,0000;0,0000;0,0000;0;0;0;0
20260614_0639;Adaptação_200;classification;HoeffdingTree;Default_FullFeatures;classifier;classifier;classifier;N/A;N/A;N/A;2000;100;76;9500;0,0000;0,0000;0,0000;0,0000;0,0000;0,0000;0;0;0;0
20260614_0639;Adaptação_200;classification;HoeffdingTree;Default_FullFeatures;classifier;classifier;classifier;N/A;N/A;N/A;2000;100;77;9600;0,0000;0,0000;0,0000;0,0000;0,0000;0,0000;0;0;0;0
20260614_0639;Adaptação_200;classification;HoeffdingTree;Default_FullFeatures;classifier;classifier;classifier;N/A;N/A;N/A;2000;100;78;9700;0,0000;0,0000;0,0000;0,0000;0,0000;0,0000;0;0;0;0
20260614_0639;Adaptação_200;classification;HoeffdingTree;Default_FullFeatures;classifier;classifier;classifier;N/A;N/A;N/A;2000;100;79;9800;0,0000;0,0000;0,0000;0,0000;0,0000;0,0000;0;0;0;0
20260614_0639;Adaptação_200;classification;HoeffdingTree;Default_FullFeatures;classifier;classifier;classifier;N/A;N/A;N/A;2000;100;80;9900;0,0000;0,0000;0,0000;0,0000;0,0000;0,0000;0;0;0;0
20260614_0639;Adaptação_200;classification;HoeffdingTree;Default_FullFeatures;classifier;classifier;classifier;N/A;N/A;N/A;2000;100;81;10000;0,0000;0,0000;0,0000;0,0000;0,0000;0,0000;0;0;0;0
20260614_0639;Adaptação_200;classification;HoeffdingTree;Default_FullFeatures;classifier;classifier;classifier;N/A;N/A;N/A;2000;100;82;10100;0,0000;0,0000;0,0000;0,0000;0,0000;0,0000;0;0;0;0
20260614_0639;Adaptação_200;classification;HoeffdingTree;Default_FullFeatures;classifier;classifier;classifier;N/A;N/A;N/A;2000;100;83;10200;0,0000;0,0000;0,0000;0,0000;0,0000;0,0000;0;0;0;0
20260614_0639;Adaptação_200;classification;HoeffdingTree;Default_FullFeatures;classifier;classifier;classifier;N/A;N/A;N/A;2000;100;84;10300;0,0000;0,0000;0,0000;0,0000;0,0000;0,0000;0;0;0;0
20260614_0639;Adaptação_200;classification;HoeffdingTree;Default_FullFeatures;classifier;classifier;classifier;N/A;N/A;N/A;2000;100;85;10400;0,0000;0,0000;0,0000;0,0000;0,0000;0,0000;0;0;0;0
20260614_0639;Adaptação_200;classification;HoeffdingTree;Default_FullFeatures;classifier;classifier;classifier;N/A;N/A;N/A;2000;100;86;10500;0,0000;0,0000;0,0000;0,0000;0,0000;0,0000;0;0;0;0
20260614_0639;Adaptação_200;classification;HoeffdingTree;Default_FullFeatures;classifier;classifier;classifier;N/A;N/A;N/A;2000;100;87;10600;0,0000;0,0000;0,0000;0,0000;0,0000;0,0000;0;0;0;0
20260614_0639;Adaptação_200;classification;HoeffdingTree;Default_FullFeatures;classifier;classifier;classifier;N/A;N/A;N/A;2000;100;88;10700;0,0000;0,0000;0,0000;0,0000;0,0000;0,0000;0;0;0;0
20260614_0639;Adaptação_200;classification;HoeffdingTree;Default_FullFeatures;classifier;classifier;classifier;N/A;N/A;N/A;2000;100;89;10800;0,0000;0,0000;0,0000;0,0000;0,0000;0,0000;0;0;0;0
20260614_0639;Adaptação_200;classification;HoeffdingTree;Default_FullFeatures;classifier;classifier;classifier;N/A;N/A;N/A;2000;100;90;10900;0,0000;0,0000;0,0000;0,0000;0,0000;0,0000;0;0;0;0
20260614_0639;Adaptação_200;classification;HoeffdingTree;Default_FullFeatures;classifier;classifier;classifier;N/A;N/A;N/A;2000;100;91;11000;0,0000;0,0000;0,0000;0,0000;0,0000;0,0000;0;0;0;0
20260614_0639;Adaptação_200;classification;HoeffdingTree;Default_FullFeatures;classifier;classifier;classifier;N/A;N/A;N/A;2000;100;92;11100;0,0000;0,0000;0,0000;0,0000;0,0000;0,0000;0;0;0;0
20260614_0639;Adaptação_200;classification;HoeffdingTree;Default_FullFeatures;classifier;classifier;classifier;N/A;N/A;N/A;2000;100;93;11200;0,0000;0,0000;0,0000;0,0000;0,0000;0,0000;0;0;0;0
20260614_0639;Adaptação_200;classification;HoeffdingTree;Default_FullFeatures;classifier;classifier;classifier;N/A;N/A;N/A;2000;100;94;11300;0,0000;0,0000;0,0000;0,0000;0,0000;0,0000;0;0;0;0
20260614_0639;Adaptação_200;classification;HoeffdingTree;Default_FullFeatures;classifier;classifier;classifier;N/A;N/A;N/A;2000;100;95;11400;0,0000;0,0000;0,0000;0,0000;0,0000;0,0000;0;0;0;0
20260614_0639;Adaptação_200;classification;HoeffdingTree;Default_FullFeatures;classifier;classifier;classifier;N/A;N/A;N/A;2000;100;96;11500;0,0000;0,0000;0,0000;0,0000;0,0000;0,0000;0;0;0;0
20260614_0639;Adaptação_200;classification;HoeffdingTree;Default_FullFeatures;classifier;classifier;classifier;N/A;N/A;N/A;2000;100;97;11600;0,0000;0,0000;0,0000;0,0000;0,0000;0,0000;0;0;0;0
20260614_0639;Adaptação_200;classification;HoeffdingTree;Default_FullFeatures;classifier;classifier;classifier;N/A;N/A;N/A;2000;100;98;11700;96,9072;0,0000;100,0000;0,0000;94,0000;0,0000;0;0;3;0
20260614_0639;Adaptação_200;classification;HoeffdingTree;Default_FullFeatures;classifier;classifier;classifier;N/A;N/A;N/A;2000;100;99;11800;96,2162;0,0000;100,0000;0,0000;92,7083;0,0000;0;0;7;0
20260614_0639;Adaptação_200;classification;HoeffdingTree;Default_FullFeatures;classifier;classifier;classifier;N/A;N/A;N/A;2000;100;100;11900;95,7447;0,0000;100,0000;0,0000;91,8367;0,0000;0;0;4;0
20260614_0639;Adaptação_200;classification;HoeffdingTree;Default_FullFeatures;classifier;classifier;classifier;N/A;N/A;N/A;2000;100;101;12000;0,0000;0,0000;0,0000;0,0000;0,0000;0,0000;0;0;0;0
20260614_0639;Adaptação_200;classification;HoeffdingTree;Default_FullFeatures;classifier;classifier;classifier;N/A;N/A;N/A;2000;100;102;12100;0,0000;0,0000;0,0000;0,0000;0,0000;0,0000;0;0;0;0
20260614_0639;Adaptação_200;classification;HoeffdingTree;Default_FullFeatures;classifier;classifier;classifier;N/A;N/A;N/A;2000;100;103;12200;0,0000;0,0000;0,0000;0,0000;0,0000;0,0000;0;0;0;0
20260614_0639;Adaptação_200;classification;HoeffdingTree;Default_FullFeatures;classifier;classifier;classifier;N/A;N/A;N/A;2000;100;104;12300;0,0000;0,0000;0,0000;0,0000;0,0000;0,0000;0;0;0;0
20260614_0639;Adaptação_200;classification;HoeffdingTree;Default_FullFeatures;classifier;classifier;classifier;N/A;N/A;N/A;2000;100;105;12400;0,0000;0,0000;0,0000;0,0000;0,0000;0,0000;0;0;0;0
20260614_0639;Adaptação_200;classification;HoeffdingTree;Default_FullFeatures;classifier;classifier;classifier;N/A;N/A;N/A;2000;100;106;12500;0,0000;0,0000;0,0000;0,0000;0,0000;0,0000;0;0;0;0
20260614_0639;Adaptação_200;classification;HoeffdingTree;Default_FullFeatures;classifier;classifier;classifier;N/A;N/A;N/A;2000;100;107;12600;0,0000;0,0000;0,0000;0,0000;0,0000;0,0000;0;0;0;0
20260614_0639;Adaptação_200;classification;HoeffdingTree;Default_FullFeatures;classifier;classifier;classifier;N/A;N/A;N/A;2000;100;108;12700;0,0000;0,0000;0,0000;0,0000;0,0000;0,0000;0;0;0;0
20260614_0639;Adaptação_200;classification;HoeffdingTree;Default_FullFeatures;classifier;classifier;classifier;N/A;N/A;N/A;2000;100;109;12800;0,0000;0,0000;0,0000;0,0000;0,0000;0,0000;0;0;0;0
20260614_0639;Adaptação_200;classification;HoeffdingTree;Default_FullFeatures;classifier;classifier;classifier;N/A;N/A;N/A;2000;100;110;12900;0,0000;0,0000;0,0000;0,0000;0,0000;0,0000;0;0;0;0
20260614_0639;Adaptação_200;classification;HoeffdingTree;Default_FullFeatures;classifier;classifier;classifier;N/A;N/A;N/A;2000;100;111;13000;0,0000;0,0000;0,0000;0,0000;0,0000;0,0000;0;0;0;0
20260614_0639;Adaptação_200;classification;HoeffdingTree;Default_FullFeatures;classifier;classifier;classifier;N/A;N/A;N/A;2000;100;112;13100;0,0000;0,0000;0,0000;0,0000;0,0000;0,0000;0;0;0;0
20260614_0639;Adaptação_200;classification;HoeffdingTree;Default_FullFeatures;classifier;classifier;classifier;N/A;N/A;N/A;2000;100;113;13200;0,0000;0,0000;0,0000;0,0000;0,0000;0,0000;0;0;0;0
20260614_0639;Adaptação_200;classification;HoeffdingTree;Default_FullFeatures;classifier;classifier;classifier;N/A;N/A;N/A;2000;100;114;13300;0,0000;0,0000;0,0000;0,0000;0,0000;0,0000;0;0;0;0
20260614_0639;Adaptação_200;classification;HoeffdingTree;Default_FullFeatures;classifier;classifier;classifier;N/A;N/A;N/A;2000;100;115;13400;0,0000;0,0000;0,0000;0,0000;0,0000;0,0000;0;0;0;0
20260614_0639;Adaptação_200;classification;HoeffdingTree;Default_FullFeatures;classifier;classifier;classifier;N/A;N/A;N/A;2000;100;116;13500;0,0000;0,0000;0,0000;0,0000;0,0000;0,0000;0;0;0;0
20260614_0639;Adaptação_200;classification;HoeffdingTree;Default_FullFeatures;classifier;classifier;classifier;N/A;N/A;N/A;2000;100;117;13600;0,0000;0,0000;0,0000;0,0000;0,0000;0,0000;0;0;0;0
20260614_0639;Adaptação_200;classification;HoeffdingTree;Default_FullFeatures;classifier;classifier;classifier;N/A;N/A;N/A;2000;100;118;13700;0,0000;0,0000;0,0000;0,0000;0,0000;0,0000;0;0;0;0
20260614_0639;Adaptação_200;classification;HoeffdingTree;Default_FullFeatures;classifier;classifier;classifier;N/A;N/A;N/A;2000;100;119;13800;0,0000;0,0000;0,0000;0,0000;0,0000;0,0000;0;0;0;0
20260614_0639;Adaptação_200;classification;HoeffdingTree;Default_FullFeatures;classifier;classifier;classifier;N/A;N/A;N/A;2000;100;120;13900;0,0000;0,0000;0,0000;0,0000;0,0000;0,0000;0;0;0;0
20260614_0639;Adaptação_200;classification;HoeffdingTree;Default_FullFeatures;classifier;classifier;classifier;N/A;N/A;N/A;2000;100;121;14000;0,0000;0,0000;0,0000;0,0000;0,0000;0,0000;0;0;0;0
20260614_0639;Adaptação_200;classification;HoeffdingTree;Default_FullFeatures;classifier;classifier;classifier;N/A;N/A;N/A;2000;100;122;14100;0,0000;0,0000;0,0000;0,0000;0,0000;0,0000;0;0;0;0
20260614_0639;Adaptação_200;classification;HoeffdingTree;Default_FullFeatures;classifier;classifier;classifier;N/A;N/A;N/A;2000;100;123;14200;0,0000;0,0000;0,0000;0,0000;0,0000;0,0000;0;0;0;0
20260614_0639;Adaptação_200;classification;HoeffdingTree;Default_FullFeatures;classifier;classifier;classifier;N/A;N/A;N/A;2000;100;124;14300;0,0000;0,0000;0,0000;0,0000;0,0000;0,0000;0;0;0;0
20260614_0639;Adaptação_200;classification;HoeffdingTree;Default_FullFeatures;classifier;classifier;classifier;N/A;N/A;N/A;2000;100;125;14400;0,0000;0,0000;0,0000;0,0000;0,0000;0,0000;0;0;0;0
20260614_0639;Adaptação_200;classification;HoeffdingTree;Default_FullFeatures;classifier;classifier;classifier;N/A;N/A;N/A;2000;100;126;14500;0,0000;0,0000;0,0000;0,0000;0,0000;0,0000;0;0;0;0
20260614_0639;Adaptação_200;classification;HoeffdingTree;Default_FullFeatures;classifier;classifier;classifier;N/A;N/A;N/A;2000;100;127;14600;0,0000;0,0000;0,0000;0,0000;0,0000;0,0000;0;0;0;0
20260614_0639;Adaptação_200;classification;HoeffdingTree;Default_FullFeatures;classifier;classifier;classifier;N/A;N/A;N/A;2000;100;128;14700;0,0000;0,0000;0,0000;0,0000;0,0000;0,0000;0;0;0;0
20260614_0639;Adaptação_200;classification;HoeffdingTree;Default_FullFeatures;classifier;classifier;classifier;N/A;N/A;N/A;2000;100;129;14800;0,0000;0,0000;0,0000;0,0000;0,0000;0,0000;0;0;0;0
20260614_0639;Adaptação_200;classification;HoeffdingTree;Default_FullFeatures;classifier;classifier;classifier;N/A;N/A;N/A;2000;100;130;14900;0,0000;0,0000;0,0000;0,0000;0,0000;0,0000;0;0;0;0
20260614_0639;Adaptação_200;classification;HoeffdingTree;Default_FullFeatures;classifier;classifier;classifier;N/A;N/A;N/A;2000;100;131;15000;0,0000;0,0000;0,0000;0,0000;0,0000;0,0000;0;0;0;0
20260614_0639;Adaptação_200;classification;HoeffdingTree;Default_FullFeatures;classifier;classifier;classifier;N/A;N/A;N/A;2000;100;132;15100;0,0000;0,0000;0,0000;0,0000;0,0000;0,0000;0;0;0;0
20260614_0639;Adaptação_200;classification;HoeffdingTree;Default_FullFeatures;classifier;classifier;classifier;N/A;N/A;N/A;2000;100;133;15200;0,0000;0,0000;0,0000;0,0000;0,0000;0,0000;0;0;0;0
20260614_0639;Adaptação_200;classification;HoeffdingTree;Default_FullFeatures;classifier;classifier;classifier;N/A;N/A;N/A;2000;100;134;15300;0,0000;0,0000;0,0000;0,0000;0,0000;0,0000;0;0;0;0
20260614_0639;Adaptação_200;classification;HoeffdingTree;Default_FullFeatures;classifier;classifier;classifier;N/A;N/A;N/A;2000;100;135;15400;0,0000;0,0000;0,0000;0,0000;0,0000;0,0000;0;0;0;0
20260614_0639;Adaptação_200;classification;HoeffdingTree;Default_FullFeatures;classifier;classifier;classifier;N/A;N/A;N/A;2000;100;136;15500;0,0000;0,0000;0,0000;0,0000;0,0000;0,0000;0;0;0;0
20260614_0639;Adaptação_1000;classification;HoeffdingTree;Default_FullFeatures;classifier;classifier;classifier;N/A;N/A;N/A;2000;100;1;2000;0,0000;0,0000;0,0000;0,0000;0,0000;0,0000;0;0;0;0
20260614_0639;Adaptação_1000;classification;HoeffdingTree;Default_FullFeatures;classifier;classifier;classifier;N/A;N/A;N/A;2000;100;2;2100;0,0000;0,0000;0,0000;0,0000;0,0000;0,0000;0;0;0;0
20260614_0639;Adaptação_1000;classification;HoeffdingTree;Default_FullFeatures;classifier;classifier;classifier;N/A;N/A;N/A;2000;100;3;2200;0,0000;0,0000;0,0000;0,0000;0,0000;0,0000;0;0;0;0
20260614_0639;Adaptação_1000;classification;HoeffdingTree;Default_FullFeatures;classifier;classifier;classifier;N/A;N/A;N/A;2000;100;4;2300;0,0000;0,0000;0,0000;0,0000;0,0000;0,0000;0;0;0;0
20260614_0639;Adaptação_1000;classification;HoeffdingTree;Default_FullFeatures;classifier;classifier;classifier;N/A;N/A;N/A;2000;100;5;2400;0,0000;0,0000;0,0000;0,0000;0,0000;0,0000;0;0;0;0
20260614_0639;Adaptação_1000;classification;HoeffdingTree;Default_FullFeatures;classifier;classifier;classifier;N/A;N/A;N/A;2000;100;6;2500;0,0000;0,0000;0,0000;0,0000;0,0000;0,0000;0;0;0;0
20260614_0639;Adaptação_1000;classification;HoeffdingTree;Default_FullFeatures;classifier;classifier;classifier;N/A;N/A;N/A;2000;100;7;2600;0,0000;0,0000;0,0000;0,0000;0,0000;0,0000;0;0;0;0
20260614_0639;Adaptação_1000;classification;HoeffdingTree;Default_FullFeatures;classifier;classifier;classifier;N/A;N/A;N/A;2000;100;8;2700;0,0000;0,0000;0,0000;0,0000;0,0000;0,0000;0;0;0;0
20260614_0639;Adaptação_1000;classification;HoeffdingTree;Default_FullFeatures;classifier;classifier;classifier;N/A;N/A;N/A;2000;100;9;2800;0,0000;0,0000;0,0000;0,0000;0,0000;0,0000;0;0;0;0
20260614_0639;Adaptação_1000;classification;HoeffdingTree;Default_FullFeatures;classifier;classifier;classifier;N/A;N/A;N/A;2000;100;10;2900;0,0000;0,0000;0,0000;0,0000;0,0000;0,0000;0;0;0;0
20260614_0639;Adaptação_1000;classification;HoeffdingTree;Default_FullFeatures;classifier;classifier;classifier;N/A;N/A;N/A;2000;100;11;3000;0,0000;0,0000;0,0000;0,0000;0,0000;0,0000;0;0;0;0
20260614_0639;Adaptação_1000;classification;HoeffdingTree;Default_FullFeatures;classifier;classifier;classifier;N/A;N/A;N/A;2000;100;12;3100;0,0000;0,0000;0,0000;0,0000;0,0000;0,0000;0;0;0;0
20260614_0639;Adaptação_1000;classification;HoeffdingTree;Default_FullFeatures;classifier;classifier;classifier;N/A;N/A;N/A;2000;100;13;3200;0,0000;0,0000;0,0000;0,0000;0,0000;0,0000;0;0;0;0
20260614_0639;Adaptação_1000;classification;HoeffdingTree;Default_FullFeatures;classifier;classifier;classifier;N/A;N/A;N/A;2000;100;14;3300;0,0000;0,0000;0,0000;0,0000;0,0000;0,0000;0;0;0;0
20260614_0639;Adaptação_1000;classification;HoeffdingTree;Default_FullFeatures;classifier;classifier;classifier;N/A;N/A;N/A;2000;100;15;3400;0,0000;0,0000;0,0000;0,0000;0,0000;0,0000;0;0;0;0
20260614_0639;Adaptação_1000;classification;HoeffdingTree;Default_FullFeatures;classifier;classifier;classifier;N/A;N/A;N/A;2000;100;16;3500;0,0000;0,0000;0,0000;0,0000;0,0000;0,0000;0;0;0;0
20260614_0639;Adaptação_1000;classification;HoeffdingTree;Default_FullFeatures;classifier;classifier;classifier;N/A;N/A;N/A;2000;100;17;3600;0,0000;0,0000;0,0000;0,0000;0,0000;0,0000;0;0;0;0
20260614_0639;Adaptação_1000;classification;HoeffdingTree;Default_FullFeatures;classifier;classifier;classifier;N/A;N/A;N/A;2000;100;18;3700;0,0000;0,0000;0,0000;0,0000;0,0000;0,0000;0;0;0;0
20260614_0639;Adaptação_1000;classification;HoeffdingTree;Default_FullFeatures;classifier;classifier;classifier;N/A;N/A;N/A;2000;100;19;3800;94,6237;0,0000;100,0000;0,0000;89,7959;0,0000;0;0;5;0
20260614_0639;Adaptação_1000;classification;HoeffdingTree;Default_FullFeatures;classifier;classifier;classifier;N/A;N/A;N/A;2000;100;20;3900;98,0892;0,0000;100,0000;0,0000;96,2500;0,0000;0;0;3;0
20260614_0639;Adaptação_1000;classification;HoeffdingTree;Default_FullFeatures;classifier;classifier;classifier;N/A;N/A;N/A;2000;100;21;4000;97,9167;0,0000;100,0000;0,0000;95,9184;0,0000;0;0;4;0
20260614_0639;Adaptação_1000;classification;HoeffdingTree;Default_FullFeatures;classifier;classifier;classifier;N/A;N/A;N/A;2000;100;22;4100;100,0000;0,0000;100,0000;0,0000;100,0000;0,0000;0;0;0;0
20260614_0639;Adaptação_1000;classification;HoeffdingTree;Default_FullFeatures;classifier;classifier;classifier;N/A;N/A;N/A;2000;100;23;4200;98,9796;0,0000;100,0000;0,0000;97,9798;0,0000;0;0;2;0
20260614_0639;Adaptação_1000;classification;HoeffdingTree;Default_FullFeatures;classifier;classifier;classifier;N/A;N/A;N/A;2000;100;24;4300;93,5484;0,0000;100,0000;0,0000;87,8788;0,0000;0;0;8;0
20260614_0639;Adaptação_1000;classification;HoeffdingTree;Default_FullFeatures;classifier;classifier;classifier;N/A;N/A;N/A;2000;100;25;4400;86,9565;0,0000;86,9565;0,0000;86,9565;0,0000;3;0;3;0
20260614_0639;Adaptação_1000;classification;HoeffdingTree;Default_FullFeatures;classifier;classifier;classifier;N/A;N/A;N/A;2000;100;26;4500;88,0000;0,0000;100,0000;0,0000;78,5714;0,0000;0;0;3;0
20260614_0639;Adaptação_1000;classification;HoeffdingTree;Default_FullFeatures;classifier;classifier;classifier;N/A;N/A;N/A;2000;100;27;4600;96,9697;0,0000;100,0000;0,0000;94,1176;0,0000;0;0;5;0
20260614_0639;Adaptação_1000;classification;HoeffdingTree;Default_FullFeatures;classifier;classifier;classifier;N/A;N/A;N/A;2000;100;28;4700;89,6552;0,0000;81,2500;0,0000;100,0000;0,0000;3;0;0;0
20260614_0639;Adaptação_1000;classification;HoeffdingTree;Default_FullFeatures;classifier;classifier;classifier;N/A;N/A;N/A;2000;100;29;4800;100,0000;0,0000;100,0000;0,0000;100,0000;0,0000;0;0;0;0
20260614_0639;Adaptação_1000;classification;HoeffdingTree;Default_FullFeatures;classifier;classifier;classifier;N/A;N/A;N/A;2000;100;30;4900;0,0000;0,0000;0,0000;0,0000;0,0000;0,0000;0;0;0;0
20260614_0639;Adaptação_1000;classification;HoeffdingTree;Default_FullFeatures;classifier;classifier;classifier;N/A;N/A;N/A;2000;100;31;5000;0,0000;0,0000;0,0000;0,0000;0,0000;0,0000;0;0;0;0
20260614_0639;Adaptação_1000;classification;HoeffdingTree;Default_FullFeatures;classifier;classifier;classifier;N/A;N/A;N/A;2000;100;32;5100;0,0000;0,0000;0,0000;0,0000;0,0000;0,0000;0;0;0;0
20260614_0639;Adaptação_1000;classification;HoeffdingTree;Default_FullFeatures;classifier;classifier;classifier;N/A;N/A;N/A;2000;100;33;5200;0,0000;0,0000;0,0000;0,0000;0,0000;0,0000;0;0;0;0
20260614_0639;Adaptação_1000;classification;HoeffdingTree;Default_FullFeatures;classifier;classifier;classifier;N/A;N/A;N/A;2000;100;34;5300;0,0000;0,0000;0,0000;0,0000;0,0000;0,0000;0;0;0;0
20260614_0639;Adaptação_1000;classification;HoeffdingTree;Default_FullFeatures;classifier;classifier;classifier;N/A;N/A;N/A;2000;100;35;5400;0,0000;0,0000;0,0000;0,0000;0,0000;0,0000;0;0;0;0
20260614_0639;Adaptação_1000;classification;HoeffdingTree;Default_FullFeatures;classifier;classifier;classifier;N/A;N/A;N/A;2000;100;36;5500;0,0000;0,0000;0,0000;0,0000;0,0000;0,0000;0;0;0;0
20260614_0639;Adaptação_1000;classification;HoeffdingTree;Default_FullFeatures;classifier;classifier;classifier;N/A;N/A;N/A;2000;100;37;5600;0,0000;0,0000;0,0000;0,0000;0,0000;0,0000;0;0;0;0
20260614_0639;Adaptação_1000;classification;HoeffdingTree;Default_FullFeatures;classifier;classifier;classifier;N/A;N/A;N/A;2000;100;38;5700;0,0000;0,0000;0,0000;0,0000;0,0000;0,0000;1;0;0;0
20260614_0639;Adaptação_1000;classification;HoeffdingTree;Default_FullFeatures;classifier;classifier;classifier;N/A;N/A;N/A;2000;100;39;5800;0,0000;0,0000;0,0000;0,0000;0,0000;0,0000;0;0;0;0
20260614_0639;Adaptação_1000;classification;HoeffdingTree;Default_FullFeatures;classifier;classifier;classifier;N/A;N/A;N/A;2000;100;40;5900;0,0000;0,0000;0,0000;0,0000;0,0000;0,0000;0;0;0;0
20260614_0639;Adaptação_1000;classification;HoeffdingTree;Default_FullFeatures;classifier;classifier;classifier;N/A;N/A;N/A;2000;100;41;6000;0,0000;0,0000;0,0000;0,0000;0,0000;0,0000;1;0;0;0
20260614_0639;Adaptação_1000;classification;HoeffdingTree;Default_FullFeatures;classifier;classifier;classifier;N/A;N/A;N/A;2000;100;42;6100;0,0000;0,0000;0,0000;0,0000;0,0000;0,0000;0;0;0;0
20260614_0639;Adaptação_1000;classification;HoeffdingTree;Default_FullFeatures;classifier;classifier;classifier;N/A;N/A;N/A;2000;100;43;6200;0,0000;0,0000;0,0000;0,0000;0,0000;0,0000;0;0;0;0
20260614_0639;Adaptação_1000;classification;HoeffdingTree;Default_FullFeatures;classifier;classifier;classifier;N/A;N/A;N/A;2000;100;44;6300;0,0000;0,0000;0,0000;0,0000;0,0000;0,0000;0;0;0;0
20260614_0639;Adaptação_1000;classification;HoeffdingTree;Default_FullFeatures;classifier;classifier;classifier;N/A;N/A;N/A;2000;100;45;6400;0,0000;0,0000;0,0000;0,0000;0,0000;0,0000;0;0;0;0
20260614_0639;Adaptação_1000;classification;HoeffdingTree;Default_FullFeatures;classifier;classifier;classifier;N/A;N/A;N/A;2000;100;46;6500;0,0000;0,0000;0,0000;0,0000;0,0000;0,0000;0;0;0;0
20260614_0639;Adaptação_1000;classification;HoeffdingTree;Default_FullFeatures;classifier;classifier;classifier;N/A;N/A;N/A;2000;100;47;6600;0,0000;0,0000;0,0000;0,0000;0,0000;0,0000;0;0;0;0
20260614_0639;Adaptação_1000;classification;HoeffdingTree;Default_FullFeatures;classifier;classifier;classifier;N/A;N/A;N/A;2000;100;48;6700;0,0000;0,0000;0,0000;0,0000;0,0000;0,0000;0;0;0;0
20260614_0639;Adaptação_1000;classification;HoeffdingTree;Default_FullFeatures;classifier;classifier;classifier;N/A;N/A;N/A;2000;100;49;6800;0,0000;0,0000;0,0000;0,0000;0,0000;0,0000;0;0;0;0
20260614_0639;Adaptação_1000;classification;HoeffdingTree;Default_FullFeatures;classifier;classifier;classifier;N/A;N/A;N/A;2000;100;50;6900;0,0000;0,0000;0,0000;0,0000;0,0000;0,0000;0;0;0;0
20260614_0639;Adaptação_1000;classification;HoeffdingTree;Default_FullFeatures;classifier;classifier;classifier;N/A;N/A;N/A;2000;100;51;7000;0,0000;0,0000;0,0000;0,0000;0,0000;0,0000;0;0;0;0
20260614_0639;Adaptação_1000;classification;HoeffdingTree;Default_FullFeatures;classifier;classifier;classifier;N/A;N/A;N/A;2000;100;52;7100;0,0000;0,0000;0,0000;0,0000;0,0000;0,0000;0;0;0;0
20260614_0639;Adaptação_1000;classification;HoeffdingTree;Default_FullFeatures;classifier;classifier;classifier;N/A;N/A;N/A;2000;100;53;7200;0,0000;0,0000;0,0000;0,0000;0,0000;0,0000;0;0;0;0
20260614_0639;Adaptação_1000;classification;HoeffdingTree;Default_FullFeatures;classifier;classifier;classifier;N/A;N/A;N/A;2000;100;54;7300;0,0000;0,0000;0,0000;0,0000;0,0000;0,0000;0;0;0;0
20260614_0639;Adaptação_1000;classification;HoeffdingTree;Default_FullFeatures;classifier;classifier;classifier;N/A;N/A;N/A;2000;100;55;7400;0,0000;0,0000;0,0000;0,0000;0,0000;0,0000;0;0;0;0
20260614_0639;Adaptação_1000;classification;HoeffdingTree;Default_FullFeatures;classifier;classifier;classifier;N/A;N/A;N/A;2000;100;56;7500;0,0000;0,0000;0,0000;0,0000;0,0000;0,0000;0;0;0;0
20260614_0639;Adaptação_1000;classification;HoeffdingTree;Default_FullFeatures;classifier;classifier;classifier;N/A;N/A;N/A;2000;100;57;7600;0,0000;0,0000;0,0000;0,0000;0,0000;0,0000;0;0;0;0
20260614_0639;Adaptação_1000;classification;HoeffdingTree;Default_FullFeatures;classifier;classifier;classifier;N/A;N/A;N/A;2000;100;58;7700;0,0000;0,0000;0,0000;0,0000;0,0000;0,0000;0;0;0;0
20260614_0639;Adaptação_1000;classification;HoeffdingTree;Default_FullFeatures;classifier;classifier;classifier;N/A;N/A;N/A;2000;100;59;7800;0,0000;0,0000;0,0000;0,0000;0,0000;0,0000;0;0;0;0
20260614_0639;Adaptação_1000;classification;HoeffdingTree;Default_FullFeatures;classifier;classifier;classifier;N/A;N/A;N/A;2000;100;60;7900;0,0000;0,0000;0,0000;0,0000;0,0000;0,0000;0;0;0;0
20260614_0639;Adaptação_1000;classification;HoeffdingTree;Default_FullFeatures;classifier;classifier;classifier;N/A;N/A;N/A;2000;100;61;8000;0,0000;0,0000;0,0000;0,0000;0,0000;0,0000;0;0;0;0
20260614_0639;Adaptação_1000;classification;HoeffdingTree;Default_FullFeatures;classifier;classifier;classifier;N/A;N/A;N/A;2000;100;62;8100;0,0000;0,0000;0,0000;0,0000;0,0000;0,0000;0;0;0;0
20260614_0639;Adaptação_1000;classification;HoeffdingTree;Default_FullFeatures;classifier;classifier;classifier;N/A;N/A;N/A;2000;100;63;8200;0,0000;0,0000;0,0000;0,0000;0,0000;0,0000;0;0;0;0
20260614_0639;Adaptação_1000;classification;HoeffdingTree;Default_FullFeatures;classifier;classifier;classifier;N/A;N/A;N/A;2000;100;64;8300;0,0000;0,0000;0,0000;0,0000;0,0000;0,0000;0;0;0;0
20260614_0639;Adaptação_1000;classification;HoeffdingTree;Default_FullFeatures;classifier;classifier;classifier;N/A;N/A;N/A;2000;100;65;8400;0,0000;0,0000;0,0000;0,0000;0,0000;0,0000;0;0;0;0
20260614_0639;Adaptação_1000;classification;HoeffdingTree;Default_FullFeatures;classifier;classifier;classifier;N/A;N/A;N/A;2000;100;66;8500;0,0000;0,0000;0,0000;0,0000;0,0000;0,0000;0;0;1;0
20260614_0639;Adaptação_1000;classification;HoeffdingTree;Default_FullFeatures;classifier;classifier;classifier;N/A;N/A;N/A;2000;100;67;8600;72,7273;0,0000;100,0000;0,0000;57,1429;0,0000;0;0;42;0
20260614_0639;Adaptação_1000;classification;HoeffdingTree;Default_FullFeatures;classifier;classifier;classifier;N/A;N/A;N/A;2000;100;68;8700;79,5181;0,0000;100,0000;0,0000;66,0000;0,0000;0;0;34;0
20260614_0639;Adaptação_1000;classification;HoeffdingTree;Default_FullFeatures;classifier;classifier;classifier;N/A;N/A;N/A;2000;100;69;8800;80,9524;0,0000;100,0000;0,0000;68,0000;0,0000;0;0;32;0
20260614_0639;Adaptação_1000;classification;HoeffdingTree;Default_FullFeatures;classifier;classifier;classifier;N/A;N/A;N/A;2000;100;70;8900;78,0488;0,0000;100,0000;0,0000;64,0000;0,0000;0;0;36;0
20260614_0639;Adaptação_1000;classification;HoeffdingTree;Default_FullFeatures;classifier;classifier;classifier;N/A;N/A;N/A;2000;100;71;9000;78,7879;0,0000;100,0000;0,0000;65,0000;0,0000;0;0;35;0
20260614_0639;Adaptação_1000;classification;HoeffdingTree;Default_FullFeatures;classifier;classifier;classifier;N/A;N/A;N/A;2000;100;72;9100;74,2138;0,0000;100,0000;0,0000;59,0000;0,0000;0;0;41;0
20260614_0639;Adaptação_1000;classification;HoeffdingTree;Default_FullFeatures;classifier;classifier;classifier;N/A;N/A;N/A;2000;100;73;9200;77,3006;0,0000;100,0000;0,0000;63,0000;0,0000;0;0;37;0
20260614_0639;Adaptação_1000;classification;HoeffdingTree;Default_FullFeatures;classifier;classifier;classifier;N/A;N/A;N/A;2000;100;74;9300;75,0000;0,0000;100,0000;0,0000;60,0000;0,0000;0;0;40;0
20260614_0639;Adaptação_1000;classification;HoeffdingTree;Default_FullFeatures;classifier;classifier;classifier;N/A;N/A;N/A;2000;100;75;9400;78,7879;0,0000;100,0000;0,0000;65,0000;0,0000;0;0;35;0
20260614_0639;Adaptação_1000;classification;HoeffdingTree;Default_FullFeatures;classifier;classifier;classifier;N/A;N/A;N/A;2000;100;76;9500;77,7778;0,0000;100,0000;0,0000;63,6364;0,0000;0;0;36;0
20260614_0639;Adaptação_1000;classification;HoeffdingTree;Default_FullFeatures;classifier;classifier;classifier;N/A;N/A;N/A;2000;100;77;9600;0,0000;0,0000;0,0000;0,0000;0,0000;0,0000;0;0;0;0
20260614_0639;Adaptação_1000;classification;HoeffdingTree;Default_FullFeatures;classifier;classifier;classifier;N/A;N/A;N/A;2000;100;78;9700;0,0000;0,0000;0,0000;0,0000;0,0000;0,0000;0;0;0;0
20260614_0639;Adaptação_1000;classification;HoeffdingTree;Default_FullFeatures;classifier;classifier;classifier;N/A;N/A;N/A;2000;100;79;9800;0,0000;0,0000;0,0000;0,0000;0,0000;0,0000;0;0;0;0
20260614_0639;Adaptação_1000;classification;HoeffdingTree;Default_FullFeatures;classifier;classifier;classifier;N/A;N/A;N/A;2000;100;80;9900;0,0000;0,0000;0,0000;0,0000;0,0000;0,0000;0;0;0;0
20260614_0639;Adaptação_1000;classification;HoeffdingTree;Default_FullFeatures;classifier;classifier;classifier;N/A;N/A;N/A;2000;100;81;10000;0,0000;0,0000;0,0000;0,0000;0,0000;0,0000;0;0;0;0
20260614_0639;Adaptação_1000;classification;HoeffdingTree;Default_FullFeatures;classifier;classifier;classifier;N/A;N/A;N/A;2000;100;82;10100;0,0000;0,0000;0,0000;0,0000;0,0000;0,0000;0;0;0;0
20260614_0639;Adaptação_1000;classification;HoeffdingTree;Default_FullFeatures;classifier;classifier;classifier;N/A;N/A;N/A;2000;100;83;10200;0,0000;0,0000;0,0000;0,0000;0,0000;0,0000;0;0;0;0
20260614_0639;Adaptação_1000;classification;HoeffdingTree;Default_FullFeatures;classifier;classifier;classifier;N/A;N/A;N/A;2000;100;84;10300;0,0000;0,0000;0,0000;0,0000;0,0000;0,0000;0;0;0;0
20260614_0639;Adaptação_1000;classification;HoeffdingTree;Default_FullFeatures;classifier;classifier;classifier;N/A;N/A;N/A;2000;100;85;10400;0,0000;0,0000;0,0000;0,0000;0,0000;0,0000;0;0;0;0
20260614_0639;Adaptação_1000;classification;HoeffdingTree;Default_FullFeatures;classifier;classifier;classifier;N/A;N/A;N/A;2000;100;86;10500;0,0000;0,0000;0,0000;0,0000;0,0000;0,0000;0;0;0;0
20260614_0639;Adaptação_1000;classification;HoeffdingTree;Default_FullFeatures;classifier;classifier;classifier;N/A;N/A;N/A;2000;100;87;10600;0,0000;0,0000;0,0000;0,0000;0,0000;0,0000;0;0;0;0
20260614_0639;Adaptação_1000;classification;HoeffdingTree;Default_FullFeatures;classifier;classifier;classifier;N/A;N/A;N/A;2000;100;88;10700;0,0000;0,0000;0,0000;0,0000;0,0000;0,0000;0;0;0;0
20260614_0639;Adaptação_1000;classification;HoeffdingTree;Default_FullFeatures;classifier;classifier;classifier;N/A;N/A;N/A;2000;100;89;10800;0,0000;0,0000;0,0000;0,0000;0,0000;0,0000;0;0;0;0
20260614_0639;Adaptação_1000;classification;HoeffdingTree;Default_FullFeatures;classifier;classifier;classifier;N/A;N/A;N/A;2000;100;90;10900;0,0000;0,0000;0,0000;0,0000;0,0000;0,0000;0;0;0;0
20260614_0639;Adaptação_1000;classification;HoeffdingTree;Default_FullFeatures;classifier;classifier;classifier;N/A;N/A;N/A;2000;100;91;11000;0,0000;0,0000;0,0000;0,0000;0,0000;0,0000;0;0;0;0
20260614_0639;Adaptação_1000;classification;HoeffdingTree;Default_FullFeatures;classifier;classifier;classifier;N/A;N/A;N/A;2000;100;92;11100;0,0000;0,0000;0,0000;0,0000;0,0000;0,0000;0;0;0;0
20260614_0639;Adaptação_1000;classification;HoeffdingTree;Default_FullFeatures;classifier;classifier;classifier;N/A;N/A;N/A;2000;100;93;11200;0,0000;0,0000;0,0000;0,0000;0,0000;0,0000;0;0;0;0
20260614_0639;Adaptação_1000;classification;HoeffdingTree;Default_FullFeatures;classifier;classifier;classifier;N/A;N/A;N/A;2000;100;94;11300;0,0000;0,0000;0,0000;0,0000;0,0000;0,0000;0;0;0;0
20260614_0639;Adaptação_1000;classification;HoeffdingTree;Default_FullFeatures;classifier;classifier;classifier;N/A;N/A;N/A;2000;100;95;11400;0,0000;0,0000;0,0000;0,0000;0,0000;0,0000;0;0;0;0
20260614_0639;Adaptação_1000;classification;HoeffdingTree;Default_FullFeatures;classifier;classifier;classifier;N/A;N/A;N/A;2000;100;96;11500;0,0000;0,0000;0,0000;0,0000;0,0000;0,0000;0;0;0;0
20260614_0639;Adaptação_1000;classification;HoeffdingTree;Default_FullFeatures;classifier;classifier;classifier;N/A;N/A;N/A;2000;100;97;11600;0,0000;0,0000;0,0000;0,0000;0,0000;0,0000;0;0;0;0
20260614_0639;Adaptação_1000;classification;HoeffdingTree;Default_FullFeatures;classifier;classifier;classifier;N/A;N/A;N/A;2000;100;98;11700;0,0000;0,0000;0,0000;0,0000;0,0000;0,0000;0;0;0;0
20260614_0639;Adaptação_1000;classification;HoeffdingTree;Default_FullFeatures;classifier;classifier;classifier;N/A;N/A;N/A;2000;100;99;11800;0,0000;0,0000;0,0000;0,0000;0,0000;0,0000;0;0;0;0
20260614_0639;Adaptação_1000;classification;HoeffdingTree;Default_FullFeatures;classifier;classifier;classifier;N/A;N/A;N/A;2000;100;100;11900;0,0000;0,0000;0,0000;0,0000;0,0000;0,0000;0;0;0;0
20260614_0639;Adaptação_1000;classification;HoeffdingTree;Default_FullFeatures;classifier;classifier;classifier;N/A;N/A;N/A;2000;100;101;12000;0,0000;0,0000;0,0000;0,0000;0,0000;0,0000;0;0;0;0
20260614_0639;Adaptação_1000;classification;HoeffdingTree;Default_FullFeatures;classifier;classifier;classifier;N/A;N/A;N/A;2000;100;102;12100;0,0000;0,0000;0,0000;0,0000;0,0000;0,0000;0;0;0;0
20260614_0639;Adaptação_1000;classification;HoeffdingTree;Default_FullFeatures;classifier;classifier;classifier;N/A;N/A;N/A;2000;100;103;12200;0,0000;0,0000;0,0000;0,0000;0,0000;0,0000;0;0;0;0
20260614_0639;Adaptação_1000;classification;HoeffdingTree;Default_FullFeatures;classifier;classifier;classifier;N/A;N/A;N/A;2000;100;104;12300;0,0000;0,0000;0,0000;0,0000;0,0000;0,0000;0;0;0;0
20260614_0639;Adaptação_1000;classification;HoeffdingTree;Default_FullFeatures;classifier;classifier;classifier;N/A;N/A;N/A;2000;100;105;12400;0,0000;0,0000;0,0000;0,0000;0,0000;0,0000;0;0;0;0
20260614_0639;Adaptação_1000;classification;HoeffdingTree;Default_FullFeatures;classifier;classifier;classifier;N/A;N/A;N/A;2000;100;106;12500;0,0000;0,0000;0,0000;0,0000;0,0000;0,0000;0;0;0;0
20260614_0639;Adaptação_1000;classification;HoeffdingTree;Default_FullFeatures;classifier;classifier;classifier;N/A;N/A;N/A;2000;100;107;12600;0,0000;0,0000;0,0000;0,0000;0,0000;0,0000;0;0;0;0
20260614_0639;Adaptação_1000;classification;HoeffdingTree;Default_FullFeatures;classifier;classifier;classifier;N/A;N/A;N/A;2000;100;108;12700;0,0000;0,0000;0,0000;0,0000;0,0000;0,0000;0;0;0;0
20260614_0639;Adaptação_1000;classification;HoeffdingTree;Default_FullFeatures;classifier;classifier;classifier;N/A;N/A;N/A;2000;100;109;12800;0,0000;0,0000;0,0000;0,0000;0,0000;0,0000;1;0;0;0
20260614_0639;Adaptação_1000;classification;HoeffdingTree;Default_FullFeatures;classifier;classifier;classifier;N/A;N/A;N/A;2000;100;110;12900;0,0000;0,0000;0,0000;0,0000;0,0000;0,0000;0;0;0;0
20260614_0639;Adaptação_1000;classification;HoeffdingTree;Default_FullFeatures;classifier;classifier;classifier;N/A;N/A;N/A;2000;100;111;13000;0,0000;0,0000;0,0000;0,0000;0,0000;0,0000;0;0;0;0
20260614_0639;Adaptação_1000;classification;HoeffdingTree;Default_FullFeatures;classifier;classifier;classifier;N/A;N/A;N/A;2000;100;112;13100;0,0000;0,0000;0,0000;0,0000;0,0000;0,0000;0;0;0;0
20260614_0639;Adaptação_1000;classification;HoeffdingTree;Default_FullFeatures;classifier;classifier;classifier;N/A;N/A;N/A;2000;100;113;13200;0,0000;0,0000;0,0000;0,0000;0,0000;0,0000;0;0;0;0
20260614_0639;Adaptação_1000;classification;HoeffdingTree;Default_FullFeatures;classifier;classifier;classifier;N/A;N/A;N/A;2000;100;114;13300;89,4118;0,0000;100,0000;0,0000;80,8511;0,0000;0;0;9;0
20260614_0639;Adaptação_1000;classification;HoeffdingTree;Default_FullFeatures;classifier;classifier;classifier;N/A;N/A;N/A;2000;100;115;13400;91,4286;0,0000;100,0000;0,0000;84,2105;0,0000;0;0;15;0
20260614_0639;Adaptação_1000;classification;HoeffdingTree;Default_FullFeatures;classifier;classifier;classifier;N/A;N/A;N/A;2000;100;116;13500;89,0244;0,0000;100,0000;0,0000;80,2198;0,0000;0;0;18;0
20260614_0639;Adaptação_1000;classification;HoeffdingTree;Default_FullFeatures;classifier;classifier;classifier;N/A;N/A;N/A;2000;100;117;13600;95,3125;0,0000;100,0000;0,0000;91,0448;0,0000;0;0;6;0
20260614_0639;Adaptação_1000;classification;HoeffdingTree;Default_FullFeatures;classifier;classifier;classifier;N/A;N/A;N/A;2000;100;118;13700;88,0952;0,0000;98,6667;0,0000;79,5699;0,0000;1;0;19;0
20260614_0639;Adaptação_1000;classification;HoeffdingTree;Default_FullFeatures;classifier;classifier;classifier;N/A;N/A;N/A;2000;100;119;13800;92,3913;0,0000;100,0000;0,0000;85,8586;0,0000;0;0;14;0
20260614_0639;Adaptação_1000;classification;HoeffdingTree;Default_FullFeatures;classifier;classifier;classifier;N/A;N/A;N/A;2000;100;120;13900;89,2655;0,0000;100,0000;0,0000;80,6122;0,0000;0;0;19;0
20260614_0639;Adaptação_1000;classification;HoeffdingTree;Default_FullFeatures;classifier;classifier;classifier;N/A;N/A;N/A;2000;100;121;14000;98,9796;0,0000;100,0000;0,0000;97,9798;0,0000;0;0;2;0
20260614_0639;Adaptação_1000;classification;HoeffdingTree;Default_FullFeatures;classifier;classifier;classifier;N/A;N/A;N/A;2000;100;122;14100;99,4924;0,0000;100,0000;0,0000;98,9899;0,0000;0;0;1;0
20260614_0639;Adaptação_1000;classification;HoeffdingTree;Default_FullFeatures;classifier;classifier;classifier;N/A;N/A;N/A;2000;100;123;14200;99,4872;0,0000;100,0000;0,0000;98,9796;0,0000;0;0;1;0
20260614_0639;Adaptação_1000;classification;HoeffdingTree;Default_FullFeatures;classifier;classifier;classifier;N/A;N/A;N/A;2000;100;124;14300;98,9899;0,0000;98,0000;0,0000;100,0000;0,0000;1;0;0;0
20260614_0639;Adaptação_1000;classification;HoeffdingTree;Default_FullFeatures;classifier;classifier;classifier;N/A;N/A;N/A;2000;100;125;14400;0,0000;0,0000;0,0000;0,0000;0,0000;0,0000;1;0;0;0
20260614_0639;Adaptação_1000;classification;HoeffdingTree;Default_FullFeatures;classifier;classifier;classifier;N/A;N/A;N/A;2000;100;126;14500;0,0000;0,0000;0,0000;0,0000;0,0000;0,0000;2;0;0;0
20260614_0639;Adaptação_1000;classification;HoeffdingTree;Default_FullFeatures;classifier;classifier;classifier;N/A;N/A;N/A;2000;100;127;14600;0,0000;0,0000;0,0000;0,0000;0,0000;0,0000;2;0;0;0
20260614_0639;Adaptação_1000;classification;HoeffdingTree;Default_FullFeatures;classifier;classifier;classifier;N/A;N/A;N/A;2000;100;128;14700;0,0000;0,0000;0,0000;0,0000;0,0000;0,0000;2;0;0;0
20260614_0639;Adaptação_1000;classification;HoeffdingTree;Default_FullFeatures;classifier;classifier;classifier;N/A;N/A;N/A;2000;100;129;14800;0,0000;0,0000;0,0000;0,0000;0,0000;0,0000;3;0;0;0
20260614_0639;Adaptação_1000;classification;HoeffdingTree;Default_FullFeatures;classifier;classifier;classifier;N/A;N/A;N/A;2000;100;130;14900;0,0000;0,0000;0,0000;0,0000;0,0000;0,0000;1;0;0;0
20260614_0639;Adaptação_1000;classification;HoeffdingTree;Default_FullFeatures;classifier;classifier;classifier;N/A;N/A;N/A;2000;100;131;15000;0,0000;0,0000;0,0000;0,0000;0,0000;0,0000;0;0;0;0
20260614_0639;Adaptação_1000;classification;HoeffdingTree;Default_FullFeatures;classifier;classifier;classifier;N/A;N/A;N/A;2000;100;132;15100;0,0000;0,0000;0,0000;0,0000;0,0000;0,0000;1;0;0;0
20260614_0639;Adaptação_1000;classification;HoeffdingTree;Default_FullFeatures;classifier;classifier;classifier;N/A;N/A;N/A;2000;100;133;15200;0,0000;0,0000;0,0000;0,0000;0,0000;0,0000;1;0;0;0
20260614_0639;Adaptação_1000;classification;HoeffdingTree;Default_FullFeatures;classifier;classifier;classifier;N/A;N/A;N/A;2000;100;134;15300;0,0000;0,0000;0,0000;0,0000;0,0000;0,0000;6;0;0;0
20260614_0639;Adaptação_1000;classification;HoeffdingTree;Default_FullFeatures;classifier;classifier;classifier;N/A;N/A;N/A;2000;100;135;15400;0,0000;0,0000;0,0000;0,0000;0,0000;0,0000;0;0;0;0
20260614_0639;Adaptação_1000;classification;HoeffdingTree;Default_FullFeatures;classifier;classifier;classifier;N/A;N/A;N/A;2000;100;136;15500;0,0000;0,0000;0,0000;0,0000;0,0000;0,0000;0;0;0;0
20260614_0639;Adaptação_1000;classification;HoeffdingTree;Default_FullFeatures;classifier;classifier;classifier;N/A;N/A;N/A;2000;100;137;15600;0,0000;0,0000;0,0000;0,0000;0,0000;0,0000;1;0;0;0
20260614_0639;Adaptação_1000;classification;HoeffdingTree;Default_FullFeatures;classifier;classifier;classifier;N/A;N/A;N/A;2000;100;138;15700;0,0000;0,0000;0,0000;0,0000;0,0000;0,0000;1;0;0;0
20260614_0639;Adaptação_1000;classification;HoeffdingTree;Default_FullFeatures;classifier;classifier;classifier;N/A;N/A;N/A;2000;100;139;15800;0,0000;0,0000;0,0000;0,0000;0,0000;0,0000;2;0;0;0
20260614_0639;Adaptação_1000;classification;HoeffdingTree;Default_FullFeatures;classifier;classifier;classifier;N/A;N/A;N/A;2000;100;140;15900;0,0000;0,0000;0,0000;0,0000;0,0000;0,0000;1;0;0;0
20260614_0639;Adaptação_1000;classification;HoeffdingTree;Default_FullFeatures;classifier;classifier;classifier;N/A;N/A;N/A;2000;100;141;16000;0,0000;0,0000;0,0000;0,0000;0,0000;0,0000;1;0;0;0
20260614_0639;Adaptação_1000;classification;HoeffdingTree;Default_FullFeatures;classifier;classifier;classifier;N/A;N/A;N/A;2000;100;142;16100;0,0000;0,0000;0,0000;0,0000;0,0000;0,0000;2;0;0;0
20260614_0639;Adaptação_1000;classification;HoeffdingTree;Default_FullFeatures;classifier;classifier;classifier;N/A;N/A;N/A;2000;100;143;16200;0,0000;0,0000;0,0000;0,0000;0,0000;0,0000;0;0;0;0
20260614_0639;Adaptação_1000;classification;HoeffdingTree;Default_FullFeatures;classifier;classifier;classifier;N/A;N/A;N/A;2000;100;144;16300;0,0000;0,0000;0,0000;0,0000;0,0000;0,0000;1;0;0;0
20260614_0639;Adaptação_1000;classification;HoeffdingTree;Default_FullFeatures;classifier;classifier;classifier;N/A;N/A;N/A;2000;100;145;16400;0,0000;0,0000;0,0000;0,0000;0,0000;0,0000;1;0;0;0
20260614_0639;Adaptação_1000;classification;HoeffdingTree;Default_FullFeatures;classifier;classifier;classifier;N/A;N/A;N/A;2000;100;146;16500;0,0000;0,0000;0,0000;0,0000;0,0000;0,0000;3;0;0;0
20260614_0639;Adaptação_1000;classification;HoeffdingTree;Default_FullFeatures;classifier;classifier;classifier;N/A;N/A;N/A;2000;100;147;16600;0,0000;0,0000;0,0000;0,0000;0,0000;0,0000;0;0;0;0
20260614_0639;Adaptação_1000;classification;HoeffdingTree;Default_FullFeatures;classifier;classifier;classifier;N/A;N/A;N/A;2000;100;148;16700;0,0000;0,0000;0,0000;0,0000;0,0000;0,0000;0;0;0;0
20260614_0639;Adaptação_1000;classification;HoeffdingTree;Default_FullFeatures;classifier;classifier;classifier;N/A;N/A;N/A;2000;100;149;16800;0,0000;0,0000;0,0000;0,0000;0,0000;0,0000;1;0;0;0
20260614_0639;Adaptação_1000;classification;HoeffdingTree;Default_FullFeatures;classifier;classifier;classifier;N/A;N/A;N/A;2000;100;150;16900;0,0000;0,0000;0,0000;0,0000;0,0000;0,0000;2;0;0;0
20260614_0639;Adaptação_1000;classification;HoeffdingTree;Default_FullFeatures;classifier;classifier;classifier;N/A;N/A;N/A;2000;100;151;17000;0,0000;0,0000;0,0000;0,0000;0,0000;0,0000;0;0;0;0
20260614_0639;Adaptação_1000;classification;HoeffdingTree;Default_FullFeatures;classifier;classifier;classifier;N/A;N/A;N/A;2000;100;152;17100;0,0000;0,0000;0,0000;0,0000;0,0000;0,0000;2;0;0;0
20260614_0639;Adaptação_1000;classification;HoeffdingTree;Default_FullFeatures;classifier;classifier;classifier;N/A;N/A;N/A;2000;100;153;17200;0,0000;0,0000;0,0000;0,0000;0,0000;0,0000;0;0;0;0
20260614_0639;Adaptação_1000;classification;HoeffdingTree;Default_FullFeatures;classifier;classifier;classifier;N/A;N/A;N/A;2000;100;154;17300;0,0000;0,0000;0,0000;0,0000;0,0000;0,0000;0;0;0;0
20260614_0639;Adaptação_1000;classification;HoeffdingTree;Default_FullFeatures;classifier;classifier;classifier;N/A;N/A;N/A;2000;100;155;17400;0,0000;0,0000;0,0000;0,0000;0,0000;0,0000;0;0;0;0
20260614_0639;Adaptação_1000;classification;HoeffdingTree;Default_FullFeatures;classifier;classifier;classifier;N/A;N/A;N/A;2000;100;156;17500;0,0000;0,0000;0,0000;0,0000;0,0000;0,0000;1;0;0;0
20260614_0639;Adaptação_1000;classification;HoeffdingTree;Default_FullFeatures;classifier;classifier;classifier;N/A;N/A;N/A;2000;100;157;17600;0,0000;0,0000;0,0000;0,0000;0,0000;0,0000;0;0;0;0
20260614_0639;Adaptação_1000;classification;HoeffdingTree;Default_FullFeatures;classifier;classifier;classifier;N/A;N/A;N/A;2000;100;158;17700;0,0000;0,0000;0,0000;0,0000;0,0000;0,0000;0;0;0;0
20260614_0639;Adaptação_1000;classification;HoeffdingTree;Default_FullFeatures;classifier;classifier;classifier;N/A;N/A;N/A;2000;100;159;17800;0,0000;0,0000;0,0000;0,0000;0,0000;0,0000;0;0;0;0
20260614_0639;Adaptação_1000;classification;HoeffdingTree;Default_FullFeatures;classifier;classifier;classifier;N/A;N/A;N/A;2000;100;160;17900;0,0000;0,0000;0,0000;0,0000;0,0000;0,0000;0;0;0;0
20260614_0639;Recorrência_25;classification;HoeffdingTree;Default_FullFeatures;classifier;classifier;classifier;N/A;N/A;N/A;2000;100;1;2000;0,0000;0,0000;0,0000;0,0000;0,0000;0,0000;0;0;0;0
20260614_0639;Recorrência_25;classification;HoeffdingTree;Default_FullFeatures;classifier;classifier;classifier;N/A;N/A;N/A;2000;100;2;2100;0,0000;0,0000;0,0000;0,0000;0,0000;0,0000;0;0;0;0
20260614_0639;Recorrência_25;classification;HoeffdingTree;Default_FullFeatures;classifier;classifier;classifier;N/A;N/A;N/A;2000;100;3;2200;90,9091;0,0000;100,0000;0,0000;83,3333;0,0000;0;0;2;0
20260614_0639;Recorrência_25;classification;HoeffdingTree;Default_FullFeatures;classifier;classifier;classifier;N/A;N/A;N/A;2000;100;4;2300;0,0000;0,0000;0,0000;0,0000;0,0000;0,0000;0;0;0;0
20260614_0639;Recorrência_25;classification;HoeffdingTree;Default_FullFeatures;classifier;classifier;classifier;N/A;N/A;N/A;2000;100;5;2400;0,0000;0,0000;0,0000;0,0000;0,0000;0,0000;0;0;0;0
20260614_0639;Recorrência_25;classification;HoeffdingTree;Default_FullFeatures;classifier;classifier;classifier;N/A;N/A;N/A;2000;100;6;2500;0,0000;0,0000;0,0000;0,0000;0,0000;0,0000;0;0;0;0
20260614_0639;Recorrência_25;classification;HoeffdingTree;Default_FullFeatures;classifier;classifier;classifier;N/A;N/A;N/A;2000;100;7;2600;0,0000;0,0000;0,0000;0,0000;0,0000;0,0000;0;0;0;0
20260614_0639;Recorrência_25;classification;HoeffdingTree;Default_FullFeatures;classifier;classifier;classifier;N/A;N/A;N/A;2000;100;8;2700;0,0000;0,0000;0,0000;0,0000;0,0000;0,0000;0;0;0;0
20260614_0639;Recorrência_25;classification;HoeffdingTree;Default_FullFeatures;classifier;classifier;classifier;N/A;N/A;N/A;2000;100;9;2800;0,0000;0,0000;0,0000;0,0000;0,0000;0,0000;0;0;0;0
20260614_0639;Recorrência_25;classification;HoeffdingTree;Default_FullFeatures;classifier;classifier;classifier;N/A;N/A;N/A;2000;100;10;2900;0,0000;0,0000;0,0000;0,0000;0,0000;0,0000;0;0;0;0
20260614_0639;Recorrência_25;classification;HoeffdingTree;Default_FullFeatures;classifier;classifier;classifier;N/A;N/A;N/A;2000;100;11;3000;0,0000;0,0000;0,0000;0,0000;0,0000;0,0000;0;0;0;0
20260614_0639;Recorrência_25;classification;HoeffdingTree;Default_FullFeatures;classifier;classifier;classifier;N/A;N/A;N/A;2000;100;12;3100;0,0000;0,0000;0,0000;0,0000;0,0000;0,0000;0;0;0;0
20260614_0639;Recorrência_25;classification;HoeffdingTree;Default_FullFeatures;classifier;classifier;classifier;N/A;N/A;N/A;2000;100;13;3200;0,0000;0,0000;0,0000;0,0000;0,0000;0,0000;0;0;0;0
20260614_0639;Recorrência_25;classification;HoeffdingTree;Default_FullFeatures;classifier;classifier;classifier;N/A;N/A;N/A;2000;100;14;3300;0,0000;0,0000;0,0000;0,0000;0,0000;0,0000;0;0;0;0
20260614_0639;Recorrência_25;classification;HoeffdingTree;Default_FullFeatures;classifier;classifier;classifier;N/A;N/A;N/A;2000;100;15;3400;0,0000;0,0000;0,0000;0,0000;0,0000;0,0000;0;0;0;0
20260614_0639;Recorrência_25;classification;HoeffdingTree;Default_FullFeatures;classifier;classifier;classifier;N/A;N/A;N/A;2000;100;16;3500;0,0000;0,0000;0,0000;0,0000;0,0000;0,0000;0;0;0;0
20260614_0639;Recorrência_25;classification;HoeffdingTree;Default_FullFeatures;classifier;classifier;classifier;N/A;N/A;N/A;2000;100;17;3600;0,0000;0,0000;0,0000;0,0000;0,0000;0,0000;0;0;0;0
20260614_0639;Recorrência_25;classification;HoeffdingTree;Default_FullFeatures;classifier;classifier;classifier;N/A;N/A;N/A;2000;100;18;3700;0,0000;0,0000;0,0000;0,0000;0,0000;0,0000;0;0;0;0
20260614_0639;Recorrência_25;classification;HoeffdingTree;Default_FullFeatures;classifier;classifier;classifier;N/A;N/A;N/A;2000;100;19;3800;0,0000;0,0000;0,0000;0,0000;0,0000;0,0000;0;0;0;0
20260614_0639;Recorrência_25;classification;HoeffdingTree;Default_FullFeatures;classifier;classifier;classifier;N/A;N/A;N/A;2000;100;20;3900;0,0000;0,0000;0,0000;0,0000;0,0000;0,0000;0;0;0;0
20260614_0639;Recorrência_25;classification;HoeffdingTree;Default_FullFeatures;classifier;classifier;classifier;N/A;N/A;N/A;2000;100;21;4000;0,0000;0,0000;0,0000;0,0000;0,0000;0,0000;0;0;0;0
20260614_0639;Recorrência_25;classification;HoeffdingTree;Default_FullFeatures;classifier;classifier;classifier;N/A;N/A;N/A;2000;100;22;4100;0,0000;0,0000;0,0000;0,0000;0,0000;0,0000;0;0;0;0
20260614_0639;Recorrência_25;classification;HoeffdingTree;Default_FullFeatures;classifier;classifier;classifier;N/A;N/A;N/A;2000;100;23;4200;0,0000;0,0000;0,0000;0,0000;0,0000;0,0000;0;0;0;0
20260614_0639;Recorrência_25;classification;HoeffdingTree;Default_FullFeatures;classifier;classifier;classifier;N/A;N/A;N/A;2000;100;24;4300;0,0000;0,0000;0,0000;0,0000;0,0000;0,0000;0;0;5;0
20260614_0639;Recorrência_25;classification;HoeffdingTree;Default_FullFeatures;classifier;classifier;classifier;N/A;N/A;N/A;2000;100;25;4400;72,7273;0,0000;100,0000;0,0000;57,1429;0,0000;0;0;3;0
20260614_0639;Recorrência_25;classification;HoeffdingTree;Default_FullFeatures;classifier;classifier;classifier;N/A;N/A;N/A;2000;100;26;4500;0,0000;0,0000;0,0000;0,0000;0,0000;0,0000;0;0;0;0
20260614_0639;Recorrência_25;classification;HoeffdingTree;Default_FullFeatures;classifier;classifier;classifier;N/A;N/A;N/A;2000;100;27;4600;0,0000;0,0000;0,0000;0,0000;0,0000;0,0000;0;0;0;0
20260614_0639;Recorrência_25;classification;HoeffdingTree;Default_FullFeatures;classifier;classifier;classifier;N/A;N/A;N/A;2000;100;28;4700;0,0000;0,0000;0,0000;0,0000;0,0000;0,0000;0;0;0;0
20260614_0639;Recorrência_25;classification;HoeffdingTree;Default_FullFeatures;classifier;classifier;classifier;N/A;N/A;N/A;2000;100;29;4800;0,0000;0,0000;0,0000;0,0000;0,0000;0,0000;0;0;0;0
20260614_0639;Recorrência_25;classification;HoeffdingTree;Default_FullFeatures;classifier;classifier;classifier;N/A;N/A;N/A;2000;100;30;4900;0,0000;0,0000;0,0000;0,0000;0,0000;0,0000;0;0;0;0
20260614_0639;Recorrência_25;classification;HoeffdingTree;Default_FullFeatures;classifier;classifier;classifier;N/A;N/A;N/A;2000;100;31;5000;0,0000;0,0000;0,0000;0,0000;0,0000;0,0000;0;0;0;0
20260614_0639;Recorrência_25;classification;HoeffdingTree;Default_FullFeatures;classifier;classifier;classifier;N/A;N/A;N/A;2000;100;32;5100;0,0000;0,0000;0,0000;0,0000;0,0000;0,0000;0;0;0;0
20260614_0639;Recorrência_25;classification;HoeffdingTree;Default_FullFeatures;classifier;classifier;classifier;N/A;N/A;N/A;2000;100;33;5200;0,0000;0,0000;0,0000;0,0000;0,0000;0,0000;0;0;0;0
20260614_0639;Recorrência_25;classification;HoeffdingTree;Default_FullFeatures;classifier;classifier;classifier;N/A;N/A;N/A;2000;100;34;5300;0,0000;0,0000;0,0000;0,0000;0,0000;0,0000;0;0;0;0
20260614_0639;Recorrência_25;classification;HoeffdingTree;Default_FullFeatures;classifier;classifier;classifier;N/A;N/A;N/A;2000;100;35;5400;0,0000;0,0000;0,0000;0,0000;0,0000;0,0000;0;0;0;0
20260614_0639;Recorrência_25;classification;HoeffdingTree;Default_FullFeatures;classifier;classifier;classifier;N/A;N/A;N/A;2000;100;36;5500;0,0000;0,0000;0,0000;0,0000;0,0000;0,0000;0;0;0;0
20260614_0639;Recorrência_25;classification;HoeffdingTree;Default_FullFeatures;classifier;classifier;classifier;N/A;N/A;N/A;2000;100;37;5600;0,0000;0,0000;0,0000;0,0000;0,0000;0,0000;0;0;0;0
20260614_0639;Recorrência_25;classification;HoeffdingTree;Default_FullFeatures;classifier;classifier;classifier;N/A;N/A;N/A;2000;100;38;5700;0,0000;0,0000;0,0000;0,0000;0,0000;0,0000;0;0;0;0
20260614_0639;Recorrência_25;classification;HoeffdingTree;Default_FullFeatures;classifier;classifier;classifier;N/A;N/A;N/A;2000;100;39;5800;0,0000;0,0000;0,0000;0,0000;0,0000;0,0000;0;0;0;0
20260614_0639;Recorrência_25;classification;HoeffdingTree;Default_FullFeatures;classifier;classifier;classifier;N/A;N/A;N/A;2000;100;40;5900;0,0000;0,0000;0,0000;0,0000;0,0000;0,0000;0;0;0;0
20260614_0639;Recorrência_25;classification;HoeffdingTree;Default_FullFeatures;classifier;classifier;classifier;N/A;N/A;N/A;2000;100;41;6000;0,0000;0,0000;0,0000;0,0000;0,0000;0,0000;0;0;0;0
20260614_0639;Recorrência_25;classification;HoeffdingTree;Default_FullFeatures;classifier;classifier;classifier;N/A;N/A;N/A;2000;100;42;6100;0,0000;0,0000;0,0000;0,0000;0,0000;0,0000;0;0;0;0
20260614_0639;Recorrência_25;classification;HoeffdingTree;Default_FullFeatures;classifier;classifier;classifier;N/A;N/A;N/A;2000;100;43;6200;0,0000;0,0000;0,0000;0,0000;0,0000;0,0000;0;0;0;0
20260614_0639;Recorrência_25;classification;HoeffdingTree;Default_FullFeatures;classifier;classifier;classifier;N/A;N/A;N/A;2000;100;44;6300;0,0000;0,0000;0,0000;0,0000;0,0000;0,0000;0;0;0;0
20260614_0639;Recorrência_25;classification;HoeffdingTree;Default_FullFeatures;classifier;classifier;classifier;N/A;N/A;N/A;2000;100;45;6400;0,0000;0,0000;0,0000;0,0000;0,0000;0,0000;0;0;0;0
20260614_0639;Recorrência_25;classification;HoeffdingTree;Default_FullFeatures;classifier;classifier;classifier;N/A;N/A;N/A;2000;100;46;6500;80,0000;0,0000;76,9231;0,0000;83,3333;0,0000;3;0;2;0
20260614_0639;Recorrência_25;classification;HoeffdingTree;Default_FullFeatures;classifier;classifier;classifier;N/A;N/A;N/A;2000;100;47;6600;0,0000;0,0000;0,0000;0,0000;0,0000;0,0000;8;0;0;0
20260614_0639;Recorrência_25;classification;HoeffdingTree;Default_FullFeatures;classifier;classifier;classifier;N/A;N/A;N/A;2000;100;48;6700;0,0000;0,0000;0,0000;0,0000;0,0000;0,0000;0;0;0;0
20260614_0639;Recorrência_25;classification;HoeffdingTree;Default_FullFeatures;classifier;classifier;classifier;N/A;N/A;N/A;2000;100;49;6800;0,0000;0,0000;0,0000;0,0000;0,0000;0,0000;0;0;0;0
20260614_0639;Recorrência_25;classification;HoeffdingTree;Default_FullFeatures;classifier;classifier;classifier;N/A;N/A;N/A;2000;100;50;6900;0,0000;0,0000;0,0000;0,0000;0,0000;0,0000;0;0;0;0
20260614_0639;Recorrência_25;classification;HoeffdingTree;Default_FullFeatures;classifier;classifier;classifier;N/A;N/A;N/A;2000;100;51;7000;0,0000;0,0000;0,0000;0,0000;0,0000;0,0000;0;0;0;0
20260614_0639;Recorrência_25;classification;HoeffdingTree;Default_FullFeatures;classifier;classifier;classifier;N/A;N/A;N/A;2000;100;52;7100;0,0000;0,0000;0,0000;0,0000;0,0000;0,0000;0;0;0;0
20260614_0639;Recorrência_25;classification;HoeffdingTree;Default_FullFeatures;classifier;classifier;classifier;N/A;N/A;N/A;2000;100;53;7200;0,0000;0,0000;0,0000;0,0000;0,0000;0,0000;0;0;0;0
20260614_0639;Recorrência_25;classification;HoeffdingTree;Default_FullFeatures;classifier;classifier;classifier;N/A;N/A;N/A;2000;100;54;7300;0,0000;0,0000;0,0000;0,0000;0,0000;0,0000;0;0;0;0
20260614_0639;Recorrência_25;classification;HoeffdingTree;Default_FullFeatures;classifier;classifier;classifier;N/A;N/A;N/A;2000;100;55;7400;0,0000;0,0000;0,0000;0,0000;0,0000;0,0000;0;0;0;0
20260614_0639;Recorrência_25;classification;HoeffdingTree;Default_FullFeatures;classifier;classifier;classifier;N/A;N/A;N/A;2000;100;56;7500;0,0000;0,0000;0,0000;0,0000;0,0000;0,0000;0;0;0;0
20260614_0639;Recorrência_25;classification;HoeffdingTree;Default_FullFeatures;classifier;classifier;classifier;N/A;N/A;N/A;2000;100;57;7600;0,0000;0,0000;0,0000;0,0000;0,0000;0,0000;0;0;0;0
20260614_0639;Recorrência_25;classification;HoeffdingTree;Default_FullFeatures;classifier;classifier;classifier;N/A;N/A;N/A;2000;100;58;7700;0,0000;0,0000;0,0000;0,0000;0,0000;0,0000;0;0;0;0
20260614_0639;Recorrência_25;classification;HoeffdingTree;Default_FullFeatures;classifier;classifier;classifier;N/A;N/A;N/A;2000;100;59;7800;0,0000;0,0000;0,0000;0,0000;0,0000;0,0000;0;0;0;0
20260614_0639;Recorrência_25;classification;HoeffdingTree;Default_FullFeatures;classifier;classifier;classifier;N/A;N/A;N/A;2000;100;60;7900;0,0000;0,0000;0,0000;0,0000;0,0000;0,0000;0;0;0;0
20260614_0639;Recorrência_25;classification;HoeffdingTree;Default_FullFeatures;classifier;classifier;classifier;N/A;N/A;N/A;2000;100;61;8000;0,0000;0,0000;0,0000;0,0000;0,0000;0,0000;0;0;0;0
20260614_0639;Recorrência_25;classification;HoeffdingTree;Default_FullFeatures;classifier;classifier;classifier;N/A;N/A;N/A;2000;100;62;8100;0,0000;0,0000;0,0000;0,0000;0,0000;0,0000;0;0;0;0
20260614_0639;Recorrência_25;classification;HoeffdingTree;Default_FullFeatures;classifier;classifier;classifier;N/A;N/A;N/A;2000;100;63;8200;0,0000;0,0000;0,0000;0,0000;0,0000;0,0000;0;0;0;0
20260614_0639;Recorrência_25;classification;HoeffdingTree;Default_FullFeatures;classifier;classifier;classifier;N/A;N/A;N/A;2000;100;64;8300;0,0000;0,0000;0,0000;0,0000;0,0000;0,0000;0;0;0;0
20260614_0639;Recorrência_25;classification;HoeffdingTree;Default_FullFeatures;classifier;classifier;classifier;N/A;N/A;N/A;2000;100;65;8400;0,0000;0,0000;0,0000;0,0000;0,0000;0,0000;0;0;0;0
20260614_0639;Recorrência_25;classification;HoeffdingTree;Default_FullFeatures;classifier;classifier;classifier;N/A;N/A;N/A;2000;100;66;8500;0,0000;0,0000;0,0000;0,0000;0,0000;0,0000;0;0;0;0
20260614_0639;Recorrência_25;classification;HoeffdingTree;Default_FullFeatures;classifier;classifier;classifier;N/A;N/A;N/A;2000;100;67;8600;0,0000;0,0000;0,0000;0,0000;0,0000;0,0000;0;0;0;0
20260614_0639;Recorrência_25;classification;HoeffdingTree;Default_FullFeatures;classifier;classifier;classifier;N/A;N/A;N/A;2000;100;68;8700;66,6667;0,0000;100,0000;0,0000;50,0000;0,0000;0;0;6;0
20260614_0639;Recorrência_25;classification;HoeffdingTree;Default_FullFeatures;classifier;classifier;classifier;N/A;N/A;N/A;2000;100;69;8800;0,0000;0,0000;0,0000;0,0000;0,0000;0,0000;0;0;0;0
20260614_0639;Recorrência_25;classification;HoeffdingTree;Default_FullFeatures;classifier;classifier;classifier;N/A;N/A;N/A;2000;100;70;8900;0,0000;0,0000;0,0000;0,0000;0,0000;0,0000;0;0;0;0
20260614_0639;Recorrência_25;classification;HoeffdingTree;Default_FullFeatures;classifier;classifier;classifier;N/A;N/A;N/A;2000;100;71;9000;0,0000;0,0000;0,0000;0,0000;0,0000;0,0000;0;0;0;0
20260614_0639;Recorrência_25;classification;HoeffdingTree;Default_FullFeatures;classifier;classifier;classifier;N/A;N/A;N/A;2000;100;72;9100;0,0000;0,0000;0,0000;0,0000;0,0000;0,0000;0;0;0;0
20260614_0639;Recorrência_25;classification;HoeffdingTree;Default_FullFeatures;classifier;classifier;classifier;N/A;N/A;N/A;2000;100;73;9200;0,0000;0,0000;0,0000;0,0000;0,0000;0,0000;0;0;0;0
20260614_0639;Recorrência_25;classification;HoeffdingTree;Default_FullFeatures;classifier;classifier;classifier;N/A;N/A;N/A;2000;100;74;9300;0,0000;0,0000;0,0000;0,0000;0,0000;0,0000;0;0;0;0
20260614_0639;Recorrência_25;classification;HoeffdingTree;Default_FullFeatures;classifier;classifier;classifier;N/A;N/A;N/A;2000;100;75;9400;0,0000;0,0000;0,0000;0,0000;0,0000;0,0000;0;0;0;0
20260614_0639;Recorrência_25;classification;HoeffdingTree;Default_FullFeatures;classifier;classifier;classifier;N/A;N/A;N/A;2000;100;76;9500;0,0000;0,0000;0,0000;0,0000;0,0000;0,0000;0;0;0;0
20260614_0639;Recorrência_25;classification;HoeffdingTree;Default_FullFeatures;classifier;classifier;classifier;N/A;N/A;N/A;2000;100;77;9600;0,0000;0,0000;0,0000;0,0000;0,0000;0,0000;0;0;0;0
20260614_0639;Recorrência_25;classification;HoeffdingTree;Default_FullFeatures;classifier;classifier;classifier;N/A;N/A;N/A;2000;100;78;9700;0,0000;0,0000;0,0000;0,0000;0,0000;0,0000;0;0;0;0
20260614_0639;Recorrência_25;classification;HoeffdingTree;Default_FullFeatures;classifier;classifier;classifier;N/A;N/A;N/A;2000;100;79;9800;0,0000;0,0000;0,0000;0,0000;0,0000;0,0000;0;0;0;0
20260614_0639;Recorrência_25;classification;HoeffdingTree;Default_FullFeatures;classifier;classifier;classifier;N/A;N/A;N/A;2000;100;80;9900;0,0000;0,0000;0,0000;0,0000;0,0000;0,0000;0;0;0;0
20260614_0639;Recorrência_25;classification;HoeffdingTree;Default_FullFeatures;classifier;classifier;classifier;N/A;N/A;N/A;2000;100;81;10000;0,0000;0,0000;0,0000;0,0000;0,0000;0,0000;0;0;0;0
20260614_0639;Recorrência_25;classification;HoeffdingTree;Default_FullFeatures;classifier;classifier;classifier;N/A;N/A;N/A;2000;100;82;10100;0,0000;0,0000;0,0000;0,0000;0,0000;0,0000;0;0;0;0
20260614_0639;Recorrência_25;classification;HoeffdingTree;Default_FullFeatures;classifier;classifier;classifier;N/A;N/A;N/A;2000;100;83;10200;0,0000;0,0000;0,0000;0,0000;0,0000;0,0000;0;0;0;0
20260614_0639;Recorrência_25;classification;HoeffdingTree;Default_FullFeatures;classifier;classifier;classifier;N/A;N/A;N/A;2000;100;84;10300;0,0000;0,0000;0,0000;0,0000;0,0000;0,0000;0;0;0;0
20260614_0639;Recorrência_25;classification;HoeffdingTree;Default_FullFeatures;classifier;classifier;classifier;N/A;N/A;N/A;2000;100;85;10400;0,0000;0,0000;0,0000;0,0000;0,0000;0,0000;0;0;0;0
20260614_0639;Recorrência_25;classification;HoeffdingTree;Default_FullFeatures;classifier;classifier;classifier;N/A;N/A;N/A;2000;100;86;10500;0,0000;0,0000;0,0000;0,0000;0,0000;0,0000;0;0;0;0
20260614_0639;Recorrência_25;classification;HoeffdingTree;Default_FullFeatures;classifier;classifier;classifier;N/A;N/A;N/A;2000;100;87;10600;0,0000;0,0000;0,0000;0,0000;0,0000;0,0000;0;0;0;0
20260614_0639;Recorrência_25;classification;HoeffdingTree;Default_FullFeatures;classifier;classifier;classifier;N/A;N/A;N/A;2000;100;88;10700;0,0000;0,0000;0,0000;0,0000;0,0000;0,0000;0;0;0;0
20260614_0639;Recorrência_25;classification;HoeffdingTree;Default_FullFeatures;classifier;classifier;classifier;N/A;N/A;N/A;2000;100;89;10800;66,6667;0,0000;100,0000;0,0000;50,0000;0,0000;0;0;5;0
20260614_0639;Recorrência_25;classification;HoeffdingTree;Default_FullFeatures;classifier;classifier;classifier;N/A;N/A;N/A;2000;100;90;10900;0,0000;0,0000;0,0000;0,0000;0,0000;0,0000;0;0;0;0
20260614_0639;Recorrência_25;classification;HoeffdingTree;Default_FullFeatures;classifier;classifier;classifier;N/A;N/A;N/A;2000;100;91;11000;0,0000;0,0000;0,0000;0,0000;0,0000;0,0000;0;0;0;0
20260614_0639;Recorrência_25;classification;HoeffdingTree;Default_FullFeatures;classifier;classifier;classifier;N/A;N/A;N/A;2000;100;92;11100;0,0000;0,0000;0,0000;0,0000;0,0000;0,0000;0;0;0;0
20260614_0639;Recorrência_25;classification;HoeffdingTree;Default_FullFeatures;classifier;classifier;classifier;N/A;N/A;N/A;2000;100;93;11200;0,0000;0,0000;0,0000;0,0000;0,0000;0,0000;0;0;0;0
20260614_0639;Recorrência_25;classification;HoeffdingTree;Default_FullFeatures;classifier;classifier;classifier;N/A;N/A;N/A;2000;100;94;11300;0,0000;0,0000;0,0000;0,0000;0,0000;0,0000;0;0;0;0
20260614_0639;Recorrência_25;classification;HoeffdingTree;Default_FullFeatures;classifier;classifier;classifier;N/A;N/A;N/A;2000;100;95;11400;0,0000;0,0000;0,0000;0,0000;0,0000;0,0000;0;0;0;0
20260614_0639;Recorrência_25;classification;HoeffdingTree;Default_FullFeatures;classifier;classifier;classifier;N/A;N/A;N/A;2000;100;96;11500;0,0000;0,0000;0,0000;0,0000;0,0000;0,0000;0;0;0;0
20260614_0639;Recorrência_25;classification;HoeffdingTree;Default_FullFeatures;classifier;classifier;classifier;N/A;N/A;N/A;2000;100;97;11600;0,0000;0,0000;0,0000;0,0000;0,0000;0,0000;0;0;0;0
20260614_0639;Recorrência_25;classification;HoeffdingTree;Default_FullFeatures;classifier;classifier;classifier;N/A;N/A;N/A;2000;100;98;11700;0,0000;0,0000;0,0000;0,0000;0,0000;0,0000;0;0;0;0
20260614_0639;Recorrência_25;classification;HoeffdingTree;Default_FullFeatures;classifier;classifier;classifier;N/A;N/A;N/A;2000;100;99;11800;0,0000;0,0000;0,0000;0,0000;0,0000;0,0000;0;0;0;0
20260614_0639;Recorrência_25;classification;HoeffdingTree;Default_FullFeatures;classifier;classifier;classifier;N/A;N/A;N/A;2000;100;100;11900;0,0000;0,0000;0,0000;0,0000;0,0000;0,0000;0;0;0;0
20260614_0639;Recorrência_25;classification;HoeffdingTree;Default_FullFeatures;classifier;classifier;classifier;N/A;N/A;N/A;2000;100;101;12000;0,0000;0,0000;0,0000;0,0000;0,0000;0,0000;0;0;0;0
20260614_0639;Recorrência_25;classification;HoeffdingTree;Default_FullFeatures;classifier;classifier;classifier;N/A;N/A;N/A;2000;100;102;12100;0,0000;0,0000;0,0000;0,0000;0,0000;0,0000;0;0;0;0
20260614_0639;Recorrência_25;classification;HoeffdingTree;Default_FullFeatures;classifier;classifier;classifier;N/A;N/A;N/A;2000;100;103;12200;0,0000;0,0000;0,0000;0,0000;0,0000;0,0000;0;0;0;0
20260614_0639;Recorrência_25;classification;HoeffdingTree;Default_FullFeatures;classifier;classifier;classifier;N/A;N/A;N/A;2000;100;104;12300;0,0000;0,0000;0,0000;0,0000;0,0000;0,0000;0;0;0;0
20260614_0639;Recorrência_25;classification;HoeffdingTree;Default_FullFeatures;classifier;classifier;classifier;N/A;N/A;N/A;2000;100;105;12400;0,0000;0,0000;0,0000;0,0000;0,0000;0,0000;0;0;0;0
20260614_0639;Recorrência_25;classification;HoeffdingTree;Default_FullFeatures;classifier;classifier;classifier;N/A;N/A;N/A;2000;100;106;12500;0,0000;0,0000;0,0000;0,0000;0,0000;0,0000;0;0;0;0
20260614_0639;Recorrência_25;classification;HoeffdingTree;Default_FullFeatures;classifier;classifier;classifier;N/A;N/A;N/A;2000;100;107;12600;0,0000;0,0000;0,0000;0,0000;0,0000;0,0000;0;0;0;0
20260614_0639;Recorrência_25;classification;HoeffdingTree;Default_FullFeatures;classifier;classifier;classifier;N/A;N/A;N/A;2000;100;108;12700;0,0000;0,0000;0,0000;0,0000;0,0000;0,0000;0;0;0;0
20260614_0639;Recorrência_25;classification;HoeffdingTree;Default_FullFeatures;classifier;classifier;classifier;N/A;N/A;N/A;2000;100;109;12800;0,0000;0,0000;0,0000;0,0000;0,0000;0,0000;0;0;0;0
20260614_0639;Recorrência_25;classification;HoeffdingTree;Default_FullFeatures;classifier;classifier;classifier;N/A;N/A;N/A;2000;100;110;12900;0,0000;0,0000;0,0000;0,0000;0,0000;0,0000;0;0;0;0
20260614_0639;Recorrência_25;classification;HoeffdingTree;Default_FullFeatures;classifier;classifier;classifier;N/A;N/A;N/A;2000;100;111;13000;85,7143;0,0000;100,0000;0,0000;75,0000;0,0000;0;0;3;0
20260614_0639;Recorrência_25;classification;HoeffdingTree;Default_FullFeatures;classifier;classifier;classifier;N/A;N/A;N/A;2000;100;112;13100;0,0000;0,0000;0,0000;0,0000;0,0000;0,0000;0;0;0;0
20260614_0639;Recorrência_25;classification;HoeffdingTree;Default_FullFeatures;classifier;classifier;classifier;N/A;N/A;N/A;2000;100;113;13200;0,0000;0,0000;0,0000;0,0000;0,0000;0,0000;0;0;0;0
20260614_0639;Recorrência_25;classification;HoeffdingTree;Default_FullFeatures;classifier;classifier;classifier;N/A;N/A;N/A;2000;100;114;13300;0,0000;0,0000;0,0000;0,0000;0,0000;0,0000;0;0;0;0
20260614_0639;Recorrência_25;classification;HoeffdingTree;Default_FullFeatures;classifier;classifier;classifier;N/A;N/A;N/A;2000;100;115;13400;0,0000;0,0000;0,0000;0,0000;0,0000;0,0000;0;0;0;0
20260614_0639;Recorrência_25;classification;HoeffdingTree;Default_FullFeatures;classifier;classifier;classifier;N/A;N/A;N/A;2000;100;116;13500;0,0000;0,0000;0,0000;0,0000;0,0000;0,0000;0;0;0;0
20260614_0639;Recorrência_25;classification;HoeffdingTree;Default_FullFeatures;classifier;classifier;classifier;N/A;N/A;N/A;2000;100;117;13600;0,0000;0,0000;0,0000;0,0000;0,0000;0,0000;0;0;0;0
20260614_0639;Recorrência_25;classification;HoeffdingTree;Default_FullFeatures;classifier;classifier;classifier;N/A;N/A;N/A;2000;100;118;13700;0,0000;0,0000;0,0000;0,0000;0,0000;0,0000;0;0;0;0
20260614_0639;Recorrência_25;classification;HoeffdingTree;Default_FullFeatures;classifier;classifier;classifier;N/A;N/A;N/A;2000;100;119;13800;0,0000;0,0000;0,0000;0,0000;0,0000;0,0000;0;0;0;0
20260614_0639;Recorrência_25;classification;HoeffdingTree;Default_FullFeatures;classifier;classifier;classifier;N/A;N/A;N/A;2000;100;120;13900;0,0000;0,0000;0,0000;0,0000;0,0000;0,0000;0;0;0;0
20260614_0639;Recorrência_25;classification;HoeffdingTree;Default_FullFeatures;classifier;classifier;classifier;N/A;N/A;N/A;2000;100;121;14000;0,0000;0,0000;0,0000;0,0000;0,0000;0,0000;0;0;0;0
20260614_0639;Recorrência_25;classification;HoeffdingTree;Default_FullFeatures;classifier;classifier;classifier;N/A;N/A;N/A;2000;100;122;14100;0,0000;0,0000;0,0000;0,0000;0,0000;0,0000;0;0;0;0
20260614_0639;Recorrência_25;classification;HoeffdingTree;Default_FullFeatures;classifier;classifier;classifier;N/A;N/A;N/A;2000;100;123;14200;0,0000;0,0000;0,0000;0,0000;0,0000;0,0000;0;0;0;0
20260614_0639;Recorrência_25;classification;HoeffdingTree;Default_FullFeatures;classifier;classifier;classifier;N/A;N/A;N/A;2000;100;124;14300;0,0000;0,0000;0,0000;0,0000;0,0000;0,0000;0;0;0;0
20260614_0639;Recorrência_25;classification;HoeffdingTree;Default_FullFeatures;classifier;classifier;classifier;N/A;N/A;N/A;2000;100;125;14400;0,0000;0,0000;0,0000;0,0000;0,0000;0,0000;0;0;0;0
20260614_0639;Recorrência_25;classification;HoeffdingTree;Default_FullFeatures;classifier;classifier;classifier;N/A;N/A;N/A;2000;100;126;14500;0,0000;0,0000;0,0000;0,0000;0,0000;0,0000;0;0;0;0
20260614_0639;Recorrência_25;classification;HoeffdingTree;Default_FullFeatures;classifier;classifier;classifier;N/A;N/A;N/A;2000;100;127;14600;0,0000;0,0000;0,0000;0,0000;0,0000;0,0000;0;0;0;0
20260614_0639;Recorrência_25;classification;HoeffdingTree;Default_FullFeatures;classifier;classifier;classifier;N/A;N/A;N/A;2000;100;128;14700;0,0000;0,0000;0,0000;0,0000;0,0000;0,0000;0;0;0;0
20260614_0639;Recorrência_25;classification;HoeffdingTree;Default_FullFeatures;classifier;classifier;classifier;N/A;N/A;N/A;2000;100;129;14800;0,0000;0,0000;0,0000;0,0000;0,0000;0,0000;0;0;0;0
20260614_0639;Recorrência_25;classification;HoeffdingTree;Default_FullFeatures;classifier;classifier;classifier;N/A;N/A;N/A;2000;100;130;14900;0,0000;0,0000;0,0000;0,0000;0,0000;0,0000;0;0;0;0
20260614_0639;Recorrência_25;classification;HoeffdingTree;Default_FullFeatures;classifier;classifier;classifier;N/A;N/A;N/A;2000;100;131;15000;0,0000;0,0000;0,0000;0,0000;0,0000;0,0000;0;0;0;0
20260614_0639;Recorrência_200;classification;HoeffdingTree;Default_FullFeatures;classifier;classifier;classifier;N/A;N/A;N/A;2000;100;1;2000;0,0000;0,0000;0,0000;0,0000;0,0000;0,0000;0;0;0;0
20260614_0639;Recorrência_200;classification;HoeffdingTree;Default_FullFeatures;classifier;classifier;classifier;N/A;N/A;N/A;2000;100;2;2100;0,0000;0,0000;0,0000;0,0000;0,0000;0,0000;0;0;0;0
20260614_0639;Recorrência_200;classification;HoeffdingTree;Default_FullFeatures;classifier;classifier;classifier;N/A;N/A;N/A;2000;100;3;2200;93,3333;0,0000;100,0000;0,0000;87,5000;0,0000;0;0;7;0
20260614_0639;Recorrência_200;classification;HoeffdingTree;Default_FullFeatures;classifier;classifier;classifier;N/A;N/A;N/A;2000;100;4;2300;98,5915;0,0000;100,0000;0,0000;97,2222;0,0000;0;0;1;0
20260614_0639;Recorrência_200;classification;HoeffdingTree;Default_FullFeatures;classifier;classifier;classifier;N/A;N/A;N/A;2000;100;5;2400;0,0000;0,0000;0,0000;0,0000;0,0000;0,0000;1;0;0;0
20260614_0639;Recorrência_200;classification;HoeffdingTree;Default_FullFeatures;classifier;classifier;classifier;N/A;N/A;N/A;2000;100;6;2500;0,0000;0,0000;0,0000;0,0000;0,0000;0,0000;1;0;0;0
20260614_0639;Recorrência_200;classification;HoeffdingTree;Default_FullFeatures;classifier;classifier;classifier;N/A;N/A;N/A;2000;100;7;2600;0,0000;0,0000;0,0000;0,0000;0,0000;0,0000;0;0;0;0
20260614_0639;Recorrência_200;classification;HoeffdingTree;Default_FullFeatures;classifier;classifier;classifier;N/A;N/A;N/A;2000;100;8;2700;0,0000;0,0000;0,0000;0,0000;0,0000;0,0000;1;0;0;0
20260614_0639;Recorrência_200;classification;HoeffdingTree;Default_FullFeatures;classifier;classifier;classifier;N/A;N/A;N/A;2000;100;9;2800;0,0000;0,0000;0,0000;0,0000;0,0000;0,0000;0;0;0;0
20260614_0639;Recorrência_200;classification;HoeffdingTree;Default_FullFeatures;classifier;classifier;classifier;N/A;N/A;N/A;2000;100;10;2900;0,0000;0,0000;0,0000;0,0000;0,0000;0,0000;0;0;0;0
20260614_0639;Recorrência_200;classification;HoeffdingTree;Default_FullFeatures;classifier;classifier;classifier;N/A;N/A;N/A;2000;100;11;3000;0,0000;0,0000;0,0000;0,0000;0,0000;0,0000;0;0;0;0
20260614_0639;Recorrência_200;classification;HoeffdingTree;Default_FullFeatures;classifier;classifier;classifier;N/A;N/A;N/A;2000;100;12;3100;0,0000;0,0000;0,0000;0,0000;0,0000;0,0000;0;0;0;0
20260614_0639;Recorrência_200;classification;HoeffdingTree;Default_FullFeatures;classifier;classifier;classifier;N/A;N/A;N/A;2000;100;13;3200;0,0000;0,0000;0,0000;0,0000;0,0000;0,0000;1;0;0;0
20260614_0639;Recorrência_200;classification;HoeffdingTree;Default_FullFeatures;classifier;classifier;classifier;N/A;N/A;N/A;2000;100;14;3300;0,0000;0,0000;0,0000;0,0000;0,0000;0,0000;1;0;0;0
20260614_0639;Recorrência_200;classification;HoeffdingTree;Default_FullFeatures;classifier;classifier;classifier;N/A;N/A;N/A;2000;100;15;3400;0,0000;0,0000;0,0000;0,0000;0,0000;0,0000;0;0;0;0
20260614_0639;Recorrência_200;classification;HoeffdingTree;Default_FullFeatures;classifier;classifier;classifier;N/A;N/A;N/A;2000;100;16;3500;0,0000;0,0000;0,0000;0,0000;0,0000;0,0000;0;0;0;0
20260614_0639;Recorrência_200;classification;HoeffdingTree;Default_FullFeatures;classifier;classifier;classifier;N/A;N/A;N/A;2000;100;17;3600;0,0000;0,0000;0,0000;0,0000;0,0000;0,0000;0;0;0;0
20260614_0639;Recorrência_200;classification;HoeffdingTree;Default_FullFeatures;classifier;classifier;classifier;N/A;N/A;N/A;2000;100;18;3700;0,0000;0,0000;0,0000;0,0000;0,0000;0,0000;0;0;0;0
20260614_0639;Recorrência_200;classification;HoeffdingTree;Default_FullFeatures;classifier;classifier;classifier;N/A;N/A;N/A;2000;100;19;3800;0,0000;0,0000;0,0000;0,0000;0,0000;0,0000;0;0;0;0
20260614_0639;Recorrência_200;classification;HoeffdingTree;Default_FullFeatures;classifier;classifier;classifier;N/A;N/A;N/A;2000;100;20;3900;0,0000;0,0000;0,0000;0,0000;0,0000;0,0000;0;0;0;0
20260614_0639;Recorrência_200;classification;HoeffdingTree;Default_FullFeatures;classifier;classifier;classifier;N/A;N/A;N/A;2000;100;21;4000;0,0000;0,0000;0,0000;0,0000;0,0000;0,0000;0;0;0;0
20260614_0639;Recorrência_200;classification;HoeffdingTree;Default_FullFeatures;classifier;classifier;classifier;N/A;N/A;N/A;2000;100;22;4100;0,0000;0,0000;0,0000;0,0000;0,0000;0,0000;0;0;0;0
20260614_0639;Recorrência_200;classification;HoeffdingTree;Default_FullFeatures;classifier;classifier;classifier;N/A;N/A;N/A;2000;100;23;4200;0,0000;0,0000;0,0000;0,0000;0,0000;0,0000;0;0;0;0
20260614_0639;Recorrência_200;classification;HoeffdingTree;Default_FullFeatures;classifier;classifier;classifier;N/A;N/A;N/A;2000;100;24;4300;0,0000;0,0000;0,0000;0,0000;0,0000;0,0000;0;0;0;0
20260614_0639;Recorrência_200;classification;HoeffdingTree;Default_FullFeatures;classifier;classifier;classifier;N/A;N/A;N/A;2000;100;25;4400;50,0000;0,0000;100,0000;0,0000;33,3333;0,0000;0;0;10;0
20260614_0639;Recorrência_200;classification;HoeffdingTree;Default_FullFeatures;classifier;classifier;classifier;N/A;N/A;N/A;2000;100;26;4500;75,1880;0,0000;100,0000;0,0000;60,2410;0,0000;0;0;33;0
20260614_0639;Recorrência_200;classification;HoeffdingTree;Default_FullFeatures;classifier;classifier;classifier;N/A;N/A;N/A;2000;100;27;4600;0,0000;0,0000;0,0000;0,0000;0,0000;0,0000;1;0;0;0
20260614_0639;Recorrência_200;classification;HoeffdingTree;Default_FullFeatures;classifier;classifier;classifier;N/A;N/A;N/A;2000;100;28;4700;0,0000;0,0000;0,0000;0,0000;0,0000;0,0000;0;0;0;0
20260614_0639;Recorrência_200;classification;HoeffdingTree;Default_FullFeatures;classifier;classifier;classifier;N/A;N/A;N/A;2000;100;29;4800;0,0000;0,0000;0,0000;0,0000;0,0000;0,0000;0;0;0;0
20260614_0639;Recorrência_200;classification;HoeffdingTree;Default_FullFeatures;classifier;classifier;classifier;N/A;N/A;N/A;2000;100;30;4900;0,0000;0,0000;0,0000;0,0000;0,0000;0,0000;0;0;0;0
20260614_0639;Recorrência_200;classification;HoeffdingTree;Default_FullFeatures;classifier;classifier;classifier;N/A;N/A;N/A;2000;100;31;5000;0,0000;0,0000;0,0000;0,0000;0,0000;0,0000;0;0;0;0
20260614_0639;Recorrência_200;classification;HoeffdingTree;Default_FullFeatures;classifier;classifier;classifier;N/A;N/A;N/A;2000;100;32;5100;0,0000;0,0000;0,0000;0,0000;0,0000;0,0000;0;0;0;0
20260614_0639;Recorrência_200;classification;HoeffdingTree;Default_FullFeatures;classifier;classifier;classifier;N/A;N/A;N/A;2000;100;33;5200;0,0000;0,0000;0,0000;0,0000;0,0000;0,0000;0;0;0;0
20260614_0639;Recorrência_200;classification;HoeffdingTree;Default_FullFeatures;classifier;classifier;classifier;N/A;N/A;N/A;2000;100;34;5300;0,0000;0,0000;0,0000;0,0000;0,0000;0,0000;0;0;0;0
20260614_0639;Recorrência_200;classification;HoeffdingTree;Default_FullFeatures;classifier;classifier;classifier;N/A;N/A;N/A;2000;100;35;5400;0,0000;0,0000;0,0000;0,0000;0,0000;0,0000;0;0;0;0
20260614_0639;Recorrência_200;classification;HoeffdingTree;Default_FullFeatures;classifier;classifier;classifier;N/A;N/A;N/A;2000;100;36;5500;0,0000;0,0000;0,0000;0,0000;0,0000;0,0000;0;0;0;0
20260614_0639;Recorrência_200;classification;HoeffdingTree;Default_FullFeatures;classifier;classifier;classifier;N/A;N/A;N/A;2000;100;37;5600;0,0000;0,0000;0,0000;0,0000;0,0000;0,0000;0;0;0;0
20260614_0639;Recorrência_200;classification;HoeffdingTree;Default_FullFeatures;classifier;classifier;classifier;N/A;N/A;N/A;2000;100;38;5700;0,0000;0,0000;0,0000;0,0000;0,0000;0,0000;0;0;0;0
20260614_0639;Recorrência_200;classification;HoeffdingTree;Default_FullFeatures;classifier;classifier;classifier;N/A;N/A;N/A;2000;100;39;5800;0,0000;0,0000;0,0000;0,0000;0,0000;0,0000;0;0;0;0
20260614_0639;Recorrência_200;classification;HoeffdingTree;Default_FullFeatures;classifier;classifier;classifier;N/A;N/A;N/A;2000;100;40;5900;0,0000;0,0000;0,0000;0,0000;0,0000;0,0000;0;0;0;0
20260614_0639;Recorrência_200;classification;HoeffdingTree;Default_FullFeatures;classifier;classifier;classifier;N/A;N/A;N/A;2000;100;41;6000;0,0000;0,0000;0,0000;0,0000;0,0000;0,0000;0;0;0;0
20260614_0639;Recorrência_200;classification;HoeffdingTree;Default_FullFeatures;classifier;classifier;classifier;N/A;N/A;N/A;2000;100;42;6100;0,0000;0,0000;0,0000;0,0000;0,0000;0,0000;0;0;0;0
20260614_0639;Recorrência_200;classification;HoeffdingTree;Default_FullFeatures;classifier;classifier;classifier;N/A;N/A;N/A;2000;100;43;6200;0,0000;0,0000;0,0000;0,0000;0,0000;0,0000;0;0;0;0
20260614_0639;Recorrência_200;classification;HoeffdingTree;Default_FullFeatures;classifier;classifier;classifier;N/A;N/A;N/A;2000;100;44;6300;0,0000;0,0000;0,0000;0,0000;0,0000;0,0000;0;0;0;0
20260614_0639;Recorrência_200;classification;HoeffdingTree;Default_FullFeatures;classifier;classifier;classifier;N/A;N/A;N/A;2000;100;45;6400;0,0000;0,0000;0,0000;0,0000;0,0000;0,0000;0;0;0;0
20260614_0639;Recorrência_200;classification;HoeffdingTree;Default_FullFeatures;classifier;classifier;classifier;N/A;N/A;N/A;2000;100;46;6500;0,0000;0,0000;0,0000;0,0000;0,0000;0,0000;0;0;0;0
20260614_0639;Recorrência_200;classification;HoeffdingTree;Default_FullFeatures;classifier;classifier;classifier;N/A;N/A;N/A;2000;100;47;6600;0,0000;0,0000;0,0000;0,0000;0,0000;0,0000;0;0;0;0
20260614_0639;Recorrência_200;classification;HoeffdingTree;Default_FullFeatures;classifier;classifier;classifier;N/A;N/A;N/A;2000;100;48;6700;94,3662;0,0000;100,0000;0,0000;89,3333;0,0000;0;0;8;0
20260614_0639;Recorrência_200;classification;HoeffdingTree;Default_FullFeatures;classifier;classifier;classifier;N/A;N/A;N/A;2000;100;49;6800;95,8333;0,0000;100,0000;0,0000;92,0000;0,0000;0;0;2;0
20260614_0639;Recorrência_200;classification;HoeffdingTree;Default_FullFeatures;classifier;classifier;classifier;N/A;N/A;N/A;2000;100;50;6900;0,0000;0,0000;0,0000;0,0000;0,0000;0,0000;0;0;0;0
20260614_0639;Recorrência_200;classification;HoeffdingTree;Default_FullFeatures;classifier;classifier;classifier;N/A;N/A;N/A;2000;100;51;7000;0,0000;0,0000;0,0000;0,0000;0,0000;0,0000;0;0;0;0
20260614_0639;Recorrência_200;classification;HoeffdingTree;Default_FullFeatures;classifier;classifier;classifier;N/A;N/A;N/A;2000;100;52;7100;0,0000;0,0000;0,0000;0,0000;0,0000;0,0000;0;0;0;0
20260614_0639;Recorrência_200;classification;HoeffdingTree;Default_FullFeatures;classifier;classifier;classifier;N/A;N/A;N/A;2000;100;53;7200;0,0000;0,0000;0,0000;0,0000;0,0000;0,0000;0;0;0;0
20260614_0639;Recorrência_200;classification;HoeffdingTree;Default_FullFeatures;classifier;classifier;classifier;N/A;N/A;N/A;2000;100;54;7300;0,0000;0,0000;0,0000;0,0000;0,0000;0,0000;0;0;0;0
20260614_0639;Recorrência_200;classification;HoeffdingTree;Default_FullFeatures;classifier;classifier;classifier;N/A;N/A;N/A;2000;100;55;7400;0,0000;0,0000;0,0000;0,0000;0,0000;0,0000;0;0;0;0
20260614_0639;Recorrência_200;classification;HoeffdingTree;Default_FullFeatures;classifier;classifier;classifier;N/A;N/A;N/A;2000;100;56;7500;0,0000;0,0000;0,0000;0,0000;0,0000;0,0000;0;0;0;0
20260614_0639;Recorrência_200;classification;HoeffdingTree;Default_FullFeatures;classifier;classifier;classifier;N/A;N/A;N/A;2000;100;57;7600;0,0000;0,0000;0,0000;0,0000;0,0000;0,0000;0;0;0;0
20260614_0639;Recorrência_200;classification;HoeffdingTree;Default_FullFeatures;classifier;classifier;classifier;N/A;N/A;N/A;2000;100;58;7700;0,0000;0,0000;0,0000;0,0000;0,0000;0,0000;0;0;0;0
20260614_0639;Recorrência_200;classification;HoeffdingTree;Default_FullFeatures;classifier;classifier;classifier;N/A;N/A;N/A;2000;100;59;7800;0,0000;0,0000;0,0000;0,0000;0,0000;0,0000;0;0;0;0
20260614_0639;Recorrência_200;classification;HoeffdingTree;Default_FullFeatures;classifier;classifier;classifier;N/A;N/A;N/A;2000;100;60;7900;0,0000;0,0000;0,0000;0,0000;0,0000;0,0000;0;0;0;0
20260614_0639;Recorrência_200;classification;HoeffdingTree;Default_FullFeatures;classifier;classifier;classifier;N/A;N/A;N/A;2000;100;61;8000;0,0000;0,0000;0,0000;0,0000;0,0000;0,0000;0;0;0;0
20260614_0639;Recorrência_200;classification;HoeffdingTree;Default_FullFeatures;classifier;classifier;classifier;N/A;N/A;N/A;2000;100;62;8100;0,0000;0,0000;0,0000;0,0000;0,0000;0,0000;0;0;0;0
20260614_0639;Recorrência_200;classification;HoeffdingTree;Default_FullFeatures;classifier;classifier;classifier;N/A;N/A;N/A;2000;100;63;8200;0,0000;0,0000;0,0000;0,0000;0,0000;0,0000;0;0;0;0
20260614_0639;Recorrência_200;classification;HoeffdingTree;Default_FullFeatures;classifier;classifier;classifier;N/A;N/A;N/A;2000;100;64;8300;0,0000;0,0000;0,0000;0,0000;0,0000;0,0000;0;0;0;0
20260614_0639;Recorrência_200;classification;HoeffdingTree;Default_FullFeatures;classifier;classifier;classifier;N/A;N/A;N/A;2000;100;65;8400;0,0000;0,0000;0,0000;0,0000;0,0000;0,0000;0;0;0;0
20260614_0639;Recorrência_200;classification;HoeffdingTree;Default_FullFeatures;classifier;classifier;classifier;N/A;N/A;N/A;2000;100;66;8500;0,0000;0,0000;0,0000;0,0000;0,0000;0,0000;0;0;0;0
20260614_0639;Recorrência_200;classification;HoeffdingTree;Default_FullFeatures;classifier;classifier;classifier;N/A;N/A;N/A;2000;100;67;8600;0,0000;0,0000;0,0000;0,0000;0,0000;0,0000;0;0;0;0
20260614_0639;Recorrência_200;classification;HoeffdingTree;Default_FullFeatures;classifier;classifier;classifier;N/A;N/A;N/A;2000;100;68;8700;0,0000;0,0000;0,0000;0,0000;0,0000;0,0000;0;0;0;0
20260614_0639;Recorrência_200;classification;HoeffdingTree;Default_FullFeatures;classifier;classifier;classifier;N/A;N/A;N/A;2000;100;69;8800;0,0000;0,0000;0,0000;0,0000;0,0000;0,0000;0;0;0;0
20260614_0639;Recorrência_200;classification;HoeffdingTree;Default_FullFeatures;classifier;classifier;classifier;N/A;N/A;N/A;2000;100;70;8900;97,2973;0,0000;100,0000;0,0000;94,7368;0,0000;0;0;1;0
20260614_0639;Recorrência_200;classification;HoeffdingTree;Default_FullFeatures;classifier;classifier;classifier;N/A;N/A;N/A;2000;100;71;9000;95,2381;0,0000;100,0000;0,0000;90,9091;0,0000;0;0;6;0
20260614_0639;Recorrência_200;classification;HoeffdingTree;Default_FullFeatures;classifier;classifier;classifier;N/A;N/A;N/A;2000;100;72;9100;0,0000;0,0000;0,0000;0,0000;0,0000;0,0000;0;0;0;0
20260614_0639;Recorrência_200;classification;HoeffdingTree;Default_FullFeatures;classifier;classifier;classifier;N/A;N/A;N/A;2000;100;73;9200;0,0000;0,0000;0,0000;0,0000;0,0000;0,0000;0;0;0;0
20260614_0639;Recorrência_200;classification;HoeffdingTree;Default_FullFeatures;classifier;classifier;classifier;N/A;N/A;N/A;2000;100;74;9300;0,0000;0,0000;0,0000;0,0000;0,0000;0,0000;0;0;0;0
20260614_0639;Recorrência_200;classification;HoeffdingTree;Default_FullFeatures;classifier;classifier;classifier;N/A;N/A;N/A;2000;100;75;9400;0,0000;0,0000;0,0000;0,0000;0,0000;0,0000;0;0;0;0
20260614_0639;Recorrência_200;classification;HoeffdingTree;Default_FullFeatures;classifier;classifier;classifier;N/A;N/A;N/A;2000;100;76;9500;0,0000;0,0000;0,0000;0,0000;0,0000;0,0000;0;0;0;0
20260614_0639;Recorrência_200;classification;HoeffdingTree;Default_FullFeatures;classifier;classifier;classifier;N/A;N/A;N/A;2000;100;77;9600;0,0000;0,0000;0,0000;0,0000;0,0000;0,0000;0;0;0;0
20260614_0639;Recorrência_200;classification;HoeffdingTree;Default_FullFeatures;classifier;classifier;classifier;N/A;N/A;N/A;2000;100;78;9700;0,0000;0,0000;0,0000;0,0000;0,0000;0,0000;0;0;0;0
20260614_0639;Recorrência_200;classification;HoeffdingTree;Default_FullFeatures;classifier;classifier;classifier;N/A;N/A;N/A;2000;100;79;9800;0,0000;0,0000;0,0000;0,0000;0,0000;0,0000;0;0;0;0
20260614_0639;Recorrência_200;classification;HoeffdingTree;Default_FullFeatures;classifier;classifier;classifier;N/A;N/A;N/A;2000;100;80;9900;0,0000;0,0000;0,0000;0,0000;0,0000;0,0000;0;0;0;0
20260614_0639;Recorrência_200;classification;HoeffdingTree;Default_FullFeatures;classifier;classifier;classifier;N/A;N/A;N/A;2000;100;81;10000;0,0000;0,0000;0,0000;0,0000;0,0000;0,0000;0;0;0;0
20260614_0639;Recorrência_200;classification;HoeffdingTree;Default_FullFeatures;classifier;classifier;classifier;N/A;N/A;N/A;2000;100;82;10100;0,0000;0,0000;0,0000;0,0000;0,0000;0,0000;0;0;0;0
20260614_0639;Recorrência_200;classification;HoeffdingTree;Default_FullFeatures;classifier;classifier;classifier;N/A;N/A;N/A;2000;100;83;10200;0,0000;0,0000;0,0000;0,0000;0,0000;0,0000;0;0;0;0
20260614_0639;Recorrência_200;classification;HoeffdingTree;Default_FullFeatures;classifier;classifier;classifier;N/A;N/A;N/A;2000;100;84;10300;0,0000;0,0000;0,0000;0,0000;0,0000;0,0000;0;0;0;0
20260614_0639;Recorrência_200;classification;HoeffdingTree;Default_FullFeatures;classifier;classifier;classifier;N/A;N/A;N/A;2000;100;85;10400;0,0000;0,0000;0,0000;0,0000;0,0000;0,0000;0;0;0;0
20260614_0639;Recorrência_200;classification;HoeffdingTree;Default_FullFeatures;classifier;classifier;classifier;N/A;N/A;N/A;2000;100;86;10500;0,0000;0,0000;0,0000;0,0000;0,0000;0,0000;0;0;0;0
20260614_0639;Recorrência_200;classification;HoeffdingTree;Default_FullFeatures;classifier;classifier;classifier;N/A;N/A;N/A;2000;100;87;10600;0,0000;0,0000;0,0000;0,0000;0,0000;0,0000;0;0;0;0
20260614_0639;Recorrência_200;classification;HoeffdingTree;Default_FullFeatures;classifier;classifier;classifier;N/A;N/A;N/A;2000;100;88;10700;0,0000;0,0000;0,0000;0,0000;0,0000;0,0000;0;0;0;0
20260614_0639;Recorrência_200;classification;HoeffdingTree;Default_FullFeatures;classifier;classifier;classifier;N/A;N/A;N/A;2000;100;89;10800;0,0000;0,0000;0,0000;0,0000;0,0000;0,0000;0;0;0;0
20260614_0639;Recorrência_200;classification;HoeffdingTree;Default_FullFeatures;classifier;classifier;classifier;N/A;N/A;N/A;2000;100;90;10900;0,0000;0,0000;0,0000;0,0000;0,0000;0,0000;0;0;0;0
20260614_0639;Recorrência_200;classification;HoeffdingTree;Default_FullFeatures;classifier;classifier;classifier;N/A;N/A;N/A;2000;100;91;11000;0,0000;0,0000;0,0000;0,0000;0,0000;0,0000;0;0;0;0
20260614_0639;Recorrência_200;classification;HoeffdingTree;Default_FullFeatures;classifier;classifier;classifier;N/A;N/A;N/A;2000;100;92;11100;0,0000;0,0000;0,0000;0,0000;0,0000;0,0000;0;0;0;0
20260614_0639;Recorrência_200;classification;HoeffdingTree;Default_FullFeatures;classifier;classifier;classifier;N/A;N/A;N/A;2000;100;93;11200;75,3425;0,0000;100,0000;0,0000;60,4396;0,0000;0;0;36;0
20260614_0639;Recorrência_200;classification;HoeffdingTree;Default_FullFeatures;classifier;classifier;classifier;N/A;N/A;N/A;2000;100;94;11300;87,5000;0,0000;100,0000;0,0000;77,7778;0,0000;0;0;2;0
20260614_0639;Recorrência_200;classification;HoeffdingTree;Default_FullFeatures;classifier;classifier;classifier;N/A;N/A;N/A;2000;100;95;11400;0,0000;0,0000;0,0000;0,0000;0,0000;0,0000;0;0;0;0
20260614_0639;Recorrência_200;classification;HoeffdingTree;Default_FullFeatures;classifier;classifier;classifier;N/A;N/A;N/A;2000;100;96;11500;0,0000;0,0000;0,0000;0,0000;0,0000;0,0000;0;0;0;0
20260614_0639;Recorrência_200;classification;HoeffdingTree;Default_FullFeatures;classifier;classifier;classifier;N/A;N/A;N/A;2000;100;97;11600;0,0000;0,0000;0,0000;0,0000;0,0000;0,0000;0;0;0;0
20260614_0639;Recorrência_200;classification;HoeffdingTree;Default_FullFeatures;classifier;classifier;classifier;N/A;N/A;N/A;2000;100;98;11700;0,0000;0,0000;0,0000;0,0000;0,0000;0,0000;0;0;0;0
20260614_0639;Recorrência_200;classification;HoeffdingTree;Default_FullFeatures;classifier;classifier;classifier;N/A;N/A;N/A;2000;100;99;11800;0,0000;0,0000;0,0000;0,0000;0,0000;0,0000;0;0;0;0
20260614_0639;Recorrência_200;classification;HoeffdingTree;Default_FullFeatures;classifier;classifier;classifier;N/A;N/A;N/A;2000;100;100;11900;0,0000;0,0000;0,0000;0,0000;0,0000;0,0000;0;0;0;0
20260614_0639;Recorrência_200;classification;HoeffdingTree;Default_FullFeatures;classifier;classifier;classifier;N/A;N/A;N/A;2000;100;101;12000;0,0000;0,0000;0,0000;0,0000;0,0000;0,0000;0;0;0;0
20260614_0639;Recorrência_200;classification;HoeffdingTree;Default_FullFeatures;classifier;classifier;classifier;N/A;N/A;N/A;2000;100;102;12100;0,0000;0,0000;0,0000;0,0000;0,0000;0,0000;0;0;0;0
20260614_0639;Recorrência_200;classification;HoeffdingTree;Default_FullFeatures;classifier;classifier;classifier;N/A;N/A;N/A;2000;100;103;12200;0,0000;0,0000;0,0000;0,0000;0,0000;0,0000;0;0;0;0
20260614_0639;Recorrência_200;classification;HoeffdingTree;Default_FullFeatures;classifier;classifier;classifier;N/A;N/A;N/A;2000;100;104;12300;0,0000;0,0000;0,0000;0,0000;0,0000;0,0000;0;0;0;0
20260614_0639;Recorrência_200;classification;HoeffdingTree;Default_FullFeatures;classifier;classifier;classifier;N/A;N/A;N/A;2000;100;105;12400;0,0000;0,0000;0,0000;0,0000;0,0000;0,0000;0;0;0;0
20260614_0639;Recorrência_200;classification;HoeffdingTree;Default_FullFeatures;classifier;classifier;classifier;N/A;N/A;N/A;2000;100;106;12500;0,0000;0,0000;0,0000;0,0000;0,0000;0,0000;0;0;0;0
20260614_0639;Recorrência_200;classification;HoeffdingTree;Default_FullFeatures;classifier;classifier;classifier;N/A;N/A;N/A;2000;100;107;12600;0,0000;0,0000;0,0000;0,0000;0,0000;0,0000;0;0;0;0
20260614_0639;Recorrência_200;classification;HoeffdingTree;Default_FullFeatures;classifier;classifier;classifier;N/A;N/A;N/A;2000;100;108;12700;0,0000;0,0000;0,0000;0,0000;0,0000;0,0000;1;0;0;0
20260614_0639;Recorrência_200;classification;HoeffdingTree;Default_FullFeatures;classifier;classifier;classifier;N/A;N/A;N/A;2000;100;109;12800;0,0000;0,0000;0,0000;0,0000;0,0000;0,0000;0;0;0;0
20260614_0639;Recorrência_200;classification;HoeffdingTree;Default_FullFeatures;classifier;classifier;classifier;N/A;N/A;N/A;2000;100;110;12900;0,0000;0,0000;0,0000;0,0000;0,0000;0,0000;0;0;0;0
20260614_0639;Recorrência_200;classification;HoeffdingTree;Default_FullFeatures;classifier;classifier;classifier;N/A;N/A;N/A;2000;100;111;13000;0,0000;0,0000;0,0000;0,0000;0,0000;0,0000;0;0;0;0
20260614_0639;Recorrência_200;classification;HoeffdingTree;Default_FullFeatures;classifier;classifier;classifier;N/A;N/A;N/A;2000;100;112;13100;0,0000;0,0000;0,0000;0,0000;0,0000;0,0000;0;0;0;0
20260614_0639;Recorrência_200;classification;HoeffdingTree;Default_FullFeatures;classifier;classifier;classifier;N/A;N/A;N/A;2000;100;113;13200;0,0000;0,0000;0,0000;0,0000;0,0000;0,0000;0;0;0;0
20260614_0639;Recorrência_200;classification;HoeffdingTree;Default_FullFeatures;classifier;classifier;classifier;N/A;N/A;N/A;2000;100;114;13300;0,0000;0,0000;0,0000;0,0000;0,0000;0,0000;0;0;0;0
20260614_0639;Recorrência_200;classification;HoeffdingTree;Default_FullFeatures;classifier;classifier;classifier;N/A;N/A;N/A;2000;100;115;13400;98,9691;0,0000;100,0000;0,0000;97,9592;0,0000;0;0;1;0
20260614_0639;Recorrência_200;classification;HoeffdingTree;Default_FullFeatures;classifier;classifier;classifier;N/A;N/A;N/A;2000;100;116;13500;98,0000;0,0000;100,0000;0,0000;96,0784;0,0000;0;0;2;0
20260614_0639;Recorrência_200;classification;HoeffdingTree;Default_FullFeatures;classifier;classifier;classifier;N/A;N/A;N/A;2000;100;117;13600;0,0000;0,0000;0,0000;0,0000;0,0000;0,0000;0;0;0;0
20260614_0639;Recorrência_200;classification;HoeffdingTree;Default_FullFeatures;classifier;classifier;classifier;N/A;N/A;N/A;2000;100;118;13700;0,0000;0,0000;0,0000;0,0000;0,0000;0,0000;0;0;0;0
20260614_0639;Recorrência_200;classification;HoeffdingTree;Default_FullFeatures;classifier;classifier;classifier;N/A;N/A;N/A;2000;100;119;13800;0,0000;0,0000;0,0000;0,0000;0,0000;0,0000;0;0;0;0
20260614_0639;Recorrência_200;classification;HoeffdingTree;Default_FullFeatures;classifier;classifier;classifier;N/A;N/A;N/A;2000;100;120;13900;0,0000;0,0000;0,0000;0,0000;0,0000;0,0000;0;0;0;0
20260614_0639;Recorrência_200;classification;HoeffdingTree;Default_FullFeatures;classifier;classifier;classifier;N/A;N/A;N/A;2000;100;121;14000;0,0000;0,0000;0,0000;0,0000;0,0000;0,0000;0;0;0;0
20260614_0639;Recorrência_200;classification;HoeffdingTree;Default_FullFeatures;classifier;classifier;classifier;N/A;N/A;N/A;2000;100;122;14100;0,0000;0,0000;0,0000;0,0000;0,0000;0,0000;0;0;0;0
20260614_0639;Recorrência_200;classification;HoeffdingTree;Default_FullFeatures;classifier;classifier;classifier;N/A;N/A;N/A;2000;100;123;14200;0,0000;0,0000;0,0000;0,0000;0,0000;0,0000;0;0;0;0
20260614_0639;Recorrência_200;classification;HoeffdingTree;Default_FullFeatures;classifier;classifier;classifier;N/A;N/A;N/A;2000;100;124;14300;0,0000;0,0000;0,0000;0,0000;0,0000;0,0000;0;0;0;0
20260614_0639;Recorrência_200;classification;HoeffdingTree;Default_FullFeatures;classifier;classifier;classifier;N/A;N/A;N/A;2000;100;125;14400;0,0000;0,0000;0,0000;0,0000;0,0000;0,0000;0;0;0;0
20260614_0639;Recorrência_200;classification;HoeffdingTree;Default_FullFeatures;classifier;classifier;classifier;N/A;N/A;N/A;2000;100;126;14500;0,0000;0,0000;0,0000;0,0000;0,0000;0,0000;0;0;0;0
20260614_0639;Recorrência_200;classification;HoeffdingTree;Default_FullFeatures;classifier;classifier;classifier;N/A;N/A;N/A;2000;100;127;14600;0,0000;0,0000;0,0000;0,0000;0,0000;0,0000;0;0;0;0
20260614_0639;Recorrência_200;classification;HoeffdingTree;Default_FullFeatures;classifier;classifier;classifier;N/A;N/A;N/A;2000;100;128;14700;0,0000;0,0000;0,0000;0,0000;0,0000;0,0000;0;0;0;0
20260614_0639;Recorrência_200;classification;HoeffdingTree;Default_FullFeatures;classifier;classifier;classifier;N/A;N/A;N/A;2000;100;129;14800;0,0000;0,0000;0,0000;0,0000;0,0000;0,0000;0;0;0;0
20260614_0639;Recorrência_200;classification;HoeffdingTree;Default_FullFeatures;classifier;classifier;classifier;N/A;N/A;N/A;2000;100;130;14900;0,0000;0,0000;0,0000;0,0000;0,0000;0,0000;0;0;0;0
20260614_0639;Recorrência_200;classification;HoeffdingTree;Default_FullFeatures;classifier;classifier;classifier;N/A;N/A;N/A;2000;100;131;15000;0,0000;0,0000;0,0000;0,0000;0,0000;0,0000;0;0;0;0
20260614_0639;Recorrência_200;classification;HoeffdingTree;Default_FullFeatures;classifier;classifier;classifier;N/A;N/A;N/A;2000;100;132;15100;0,0000;0,0000;0,0000;0,0000;0,0000;0,0000;0;0;0;0
20260614_0639;Recorrência_200;classification;HoeffdingTree;Default_FullFeatures;classifier;classifier;classifier;N/A;N/A;N/A;2000;100;133;15200;0,0000;0,0000;0,0000;0,0000;0,0000;0,0000;0;0;0;0
20260614_0639;Recorrência_200;classification;HoeffdingTree;Default_FullFeatures;classifier;classifier;classifier;N/A;N/A;N/A;2000;100;134;15300;0,0000;0,0000;0,0000;0,0000;0,0000;0,0000;0;0;0;0
20260614_0639;Recorrência_200;classification;HoeffdingTree;Default_FullFeatures;classifier;classifier;classifier;N/A;N/A;N/A;2000;100;135;15400;0,0000;0,0000;0,0000;0,0000;0,0000;0,0000;0;0;0;0
20260614_0639;Recorrência_200;classification;HoeffdingTree;Default_FullFeatures;classifier;classifier;classifier;N/A;N/A;N/A;2000;100;136;15500;0,0000;0,0000;0,0000;0,0000;0,0000;0,0000;0;0;0;0
20260614_0639;Recorrência_1000;classification;HoeffdingTree;Default_FullFeatures;classifier;classifier;classifier;N/A;N/A;N/A;2000;100;1;2000;0,0000;0,0000;0,0000;0,0000;0,0000;0,0000;0;0;0;0
20260614_0639;Recorrência_1000;classification;HoeffdingTree;Default_FullFeatures;classifier;classifier;classifier;N/A;N/A;N/A;2000;100;2;2100;0,0000;0,0000;0,0000;0,0000;0,0000;0,0000;0;0;0;0
20260614_0639;Recorrência_1000;classification;HoeffdingTree;Default_FullFeatures;classifier;classifier;classifier;N/A;N/A;N/A;2000;100;3;2200;93,3333;0,0000;100,0000;0,0000;87,5000;0,0000;0;0;7;0
20260614_0639;Recorrência_1000;classification;HoeffdingTree;Default_FullFeatures;classifier;classifier;classifier;N/A;N/A;N/A;2000;100;4;2300;99,3789;0,0000;100,0000;0,0000;98,7654;0,0000;0;0;1;0
20260614_0639;Recorrência_1000;classification;HoeffdingTree;Default_FullFeatures;classifier;classifier;classifier;N/A;N/A;N/A;2000;100;5;2400;99,4872;0,0000;100,0000;0,0000;98,9796;0,0000;0;0;1;0
20260614_0639;Recorrência_1000;classification;HoeffdingTree;Default_FullFeatures;classifier;classifier;classifier;N/A;N/A;N/A;2000;100;6;2500;100,0000;0,0000;100,0000;0,0000;100,0000;0,0000;0;0;0;0
20260614_0639;Recorrência_1000;classification;HoeffdingTree;Default_FullFeatures;classifier;classifier;classifier;N/A;N/A;N/A;2000;100;7;2600;98,4615;0,0000;100,0000;0,0000;96,9697;0,0000;0;0;3;0
20260614_0639;Recorrência_1000;classification;HoeffdingTree;Default_FullFeatures;classifier;classifier;classifier;N/A;N/A;N/A;2000;100;8;2700;90,6977;0,0000;84,7826;0,0000;97,5000;0,0000;7;0;1;0
20260614_0639;Recorrência_1000;classification;HoeffdingTree;Default_FullFeatures;classifier;classifier;classifier;N/A;N/A;N/A;2000;100;9;2800;0,0000;0,0000;0,0000;0,0000;0,0000;0,0000;1;0;0;0
20260614_0639;Recorrência_1000;classification;HoeffdingTree;Default_FullFeatures;classifier;classifier;classifier;N/A;N/A;N/A;2000;100;10;2900;0,0000;0,0000;0,0000;0,0000;0,0000;0,0000;1;0;0;0
20260614_0639;Recorrência_1000;classification;HoeffdingTree;Default_FullFeatures;classifier;classifier;classifier;N/A;N/A;N/A;2000;100;11;3000;0,0000;0,0000;0,0000;0,0000;0,0000;0,0000;0;0;0;0
20260614_0639;Recorrência_1000;classification;HoeffdingTree;Default_FullFeatures;classifier;classifier;classifier;N/A;N/A;N/A;2000;100;12;3100;0,0000;0,0000;0,0000;0,0000;0,0000;0,0000;1;0;0;0
20260614_0639;Recorrência_1000;classification;HoeffdingTree;Default_FullFeatures;classifier;classifier;classifier;N/A;N/A;N/A;2000;100;13;3200;0,0000;0,0000;0,0000;0,0000;0,0000;0,0000;0;0;0;0
20260614_0639;Recorrência_1000;classification;HoeffdingTree;Default_FullFeatures;classifier;classifier;classifier;N/A;N/A;N/A;2000;100;14;3300;0,0000;0,0000;0,0000;0,0000;0,0000;0,0000;0;0;0;0
20260614_0639;Recorrência_1000;classification;HoeffdingTree;Default_FullFeatures;classifier;classifier;classifier;N/A;N/A;N/A;2000;100;15;3400;0,0000;0,0000;0,0000;0,0000;0,0000;0,0000;0;0;0;0
20260614_0639;Recorrência_1000;classification;HoeffdingTree;Default_FullFeatures;classifier;classifier;classifier;N/A;N/A;N/A;2000;100;16;3500;0,0000;0,0000;0,0000;0,0000;0,0000;0,0000;0;0;0;0
20260614_0639;Recorrência_1000;classification;HoeffdingTree;Default_FullFeatures;classifier;classifier;classifier;N/A;N/A;N/A;2000;100;17;3600;0,0000;0,0000;0,0000;0,0000;0,0000;0,0000;1;0;0;0
20260614_0639;Recorrência_1000;classification;HoeffdingTree;Default_FullFeatures;classifier;classifier;classifier;N/A;N/A;N/A;2000;100;18;3700;0,0000;0,0000;0,0000;0,0000;0,0000;0,0000;2;0;0;0
20260614_0639;Recorrência_1000;classification;HoeffdingTree;Default_FullFeatures;classifier;classifier;classifier;N/A;N/A;N/A;2000;100;19;3800;0,0000;0,0000;0,0000;0,0000;0,0000;0,0000;1;0;0;0
20260614_0639;Recorrência_1000;classification;HoeffdingTree;Default_FullFeatures;classifier;classifier;classifier;N/A;N/A;N/A;2000;100;20;3900;0,0000;0,0000;0,0000;0,0000;0,0000;0,0000;0;0;0;0
20260614_0639;Recorrência_1000;classification;HoeffdingTree;Default_FullFeatures;classifier;classifier;classifier;N/A;N/A;N/A;2000;100;21;4000;0,0000;0,0000;0,0000;0,0000;0,0000;0,0000;0;0;0;0
20260614_0639;Recorrência_1000;classification;HoeffdingTree;Default_FullFeatures;classifier;classifier;classifier;N/A;N/A;N/A;2000;100;22;4100;0,0000;0,0000;0,0000;0,0000;0,0000;0,0000;0;0;0;0
20260614_0639;Recorrência_1000;classification;HoeffdingTree;Default_FullFeatures;classifier;classifier;classifier;N/A;N/A;N/A;2000;100;23;4200;0,0000;0,0000;0,0000;0,0000;0,0000;0,0000;0;0;0;0
20260614_0639;Recorrência_1000;classification;HoeffdingTree;Default_FullFeatures;classifier;classifier;classifier;N/A;N/A;N/A;2000;100;24;4300;0,0000;0,0000;0,0000;0,0000;0,0000;0,0000;0;0;0;0
20260614_0639;Recorrência_1000;classification;HoeffdingTree;Default_FullFeatures;classifier;classifier;classifier;N/A;N/A;N/A;2000;100;25;4400;0,0000;0,0000;0,0000;0,0000;0,0000;0,0000;0;0;0;0
20260614_0639;Recorrência_1000;classification;HoeffdingTree;Default_FullFeatures;classifier;classifier;classifier;N/A;N/A;N/A;2000;100;26;4500;0,0000;0,0000;0,0000;0,0000;0,0000;0,0000;1;0;0;0
20260614_0639;Recorrência_1000;classification;HoeffdingTree;Default_FullFeatures;classifier;classifier;classifier;N/A;N/A;N/A;2000;100;27;4600;0,0000;0,0000;0,0000;0,0000;0,0000;0,0000;0;0;0;0
20260614_0639;Recorrência_1000;classification;HoeffdingTree;Default_FullFeatures;classifier;classifier;classifier;N/A;N/A;N/A;2000;100;28;4700;0,0000;0,0000;0,0000;0,0000;0,0000;0,0000;1;0;0;0
20260614_0639;Recorrência_1000;classification;HoeffdingTree;Default_FullFeatures;classifier;classifier;classifier;N/A;N/A;N/A;2000;100;29;4800;75,0000;0,0000;100,0000;0,0000;60,0000;0,0000;0;0;6;0
20260614_0639;Recorrência_1000;classification;HoeffdingTree;Default_FullFeatures;classifier;classifier;classifier;N/A;N/A;N/A;2000;100;30;4900;97,9592;0,0000;100,0000;0,0000;96,0000;0,0000;0;0;4;0
20260614_0639;Recorrência_1000;classification;HoeffdingTree;Default_FullFeatures;classifier;classifier;classifier;N/A;N/A;N/A;2000;100;31;5000;100,0000;0,0000;100,0000;0,0000;100,0000;0,0000;0;0;0;0
20260614_0639;Recorrência_1000;classification;HoeffdingTree;Default_FullFeatures;classifier;classifier;classifier;N/A;N/A;N/A;2000;100;32;5100;99,4975;0,0000;100,0000;0,0000;99,0000;0,0000;0;0;1;0
20260614_0639;Recorrência_1000;classification;HoeffdingTree;Default_FullFeatures;classifier;classifier;classifier;N/A;N/A;N/A;2000;100;33;5200;98,4772;0,0000;100,0000;0,0000;97,0000;0,0000;0;0;3;0
20260614_0639;Recorrência_1000;classification;HoeffdingTree;Default_FullFeatures;classifier;classifier;classifier;N/A;N/A;N/A;2000;100;34;5300;99,3939;0,0000;100,0000;0,0000;98,7952;0,0000;0;0;1;0
20260614_0639;Recorrência_1000;classification;HoeffdingTree;Default_FullFeatures;classifier;classifier;classifier;N/A;N/A;N/A;2000;100;35;5400;0,0000;0,0000;0,0000;0,0000;0,0000;0,0000;0;0;0;0
20260614_0639;Recorrência_1000;classification;HoeffdingTree;Default_FullFeatures;classifier;classifier;classifier;N/A;N/A;N/A;2000;100;36;5500;0,0000;0,0000;0,0000;0,0000;0,0000;0,0000;0;0;0;0
20260614_0639;Recorrência_1000;classification;HoeffdingTree;Default_FullFeatures;classifier;classifier;classifier;N/A;N/A;N/A;2000;100;37;5600;0,0000;0,0000;0,0000;0,0000;0,0000;0,0000;1;0;0;0
20260614_0639;Recorrência_1000;classification;HoeffdingTree;Default_FullFeatures;classifier;classifier;classifier;N/A;N/A;N/A;2000;100;38;5700;0,0000;0,0000;0,0000;0,0000;0,0000;0,0000;0;0;0;0
20260614_0639;Recorrência_1000;classification;HoeffdingTree;Default_FullFeatures;classifier;classifier;classifier;N/A;N/A;N/A;2000;100;39;5800;0,0000;0,0000;0,0000;0,0000;0,0000;0,0000;0;0;0;0
20260614_0639;Recorrência_1000;classification;HoeffdingTree;Default_FullFeatures;classifier;classifier;classifier;N/A;N/A;N/A;2000;100;40;5900;0,0000;0,0000;0,0000;0,0000;0,0000;0,0000;0;0;0;0
20260614_0639;Recorrência_1000;classification;HoeffdingTree;Default_FullFeatures;classifier;classifier;classifier;N/A;N/A;N/A;2000;100;41;6000;0,0000;0,0000;0,0000;0,0000;0,0000;0,0000;0;0;0;0
20260614_0639;Recorrência_1000;classification;HoeffdingTree;Default_FullFeatures;classifier;classifier;classifier;N/A;N/A;N/A;2000;100;42;6100;0,0000;0,0000;0,0000;0,0000;0,0000;0,0000;0;0;0;0
20260614_0639;Recorrência_1000;classification;HoeffdingTree;Default_FullFeatures;classifier;classifier;classifier;N/A;N/A;N/A;2000;100;43;6200;0,0000;0,0000;0,0000;0,0000;0,0000;0,0000;0;0;0;0
20260614_0639;Recorrência_1000;classification;HoeffdingTree;Default_FullFeatures;classifier;classifier;classifier;N/A;N/A;N/A;2000;100;44;6300;0,0000;0,0000;0,0000;0,0000;0,0000;0,0000;0;0;0;0
20260614_0639;Recorrência_1000;classification;HoeffdingTree;Default_FullFeatures;classifier;classifier;classifier;N/A;N/A;N/A;2000;100;45;6400;0,0000;0,0000;0,0000;0,0000;0,0000;0,0000;0;0;0;0
20260614_0639;Recorrência_1000;classification;HoeffdingTree;Default_FullFeatures;classifier;classifier;classifier;N/A;N/A;N/A;2000;100;46;6500;0,0000;0,0000;0,0000;0,0000;0,0000;0,0000;0;0;0;0
20260614_0639;Recorrência_1000;classification;HoeffdingTree;Default_FullFeatures;classifier;classifier;classifier;N/A;N/A;N/A;2000;100;47;6600;0,0000;0,0000;0,0000;0,0000;0,0000;0,0000;0;0;0;0
20260614_0639;Recorrência_1000;classification;HoeffdingTree;Default_FullFeatures;classifier;classifier;classifier;N/A;N/A;N/A;2000;100;48;6700;0,0000;0,0000;0,0000;0,0000;0,0000;0,0000;0;0;0;0
20260614_0639;Recorrência_1000;classification;HoeffdingTree;Default_FullFeatures;classifier;classifier;classifier;N/A;N/A;N/A;2000;100;49;6800;0,0000;0,0000;0,0000;0,0000;0,0000;0,0000;0;0;0;0
20260614_0639;Recorrência_1000;classification;HoeffdingTree;Default_FullFeatures;classifier;classifier;classifier;N/A;N/A;N/A;2000;100;50;6900;0,0000;0,0000;0,0000;0,0000;0,0000;0,0000;0;0;0;0
20260614_0639;Recorrência_1000;classification;HoeffdingTree;Default_FullFeatures;classifier;classifier;classifier;N/A;N/A;N/A;2000;100;51;7000;0,0000;0,0000;0,0000;0,0000;0,0000;0,0000;0;0;0;0
20260614_0639;Recorrência_1000;classification;HoeffdingTree;Default_FullFeatures;classifier;classifier;classifier;N/A;N/A;N/A;2000;100;52;7100;0,0000;0,0000;0,0000;0,0000;0,0000;0,0000;1;0;0;0
20260614_0639;Recorrência_1000;classification;HoeffdingTree;Default_FullFeatures;classifier;classifier;classifier;N/A;N/A;N/A;2000;100;53;7200;0,0000;0,0000;0,0000;0,0000;0,0000;0,0000;0;0;0;0
20260614_0639;Recorrência_1000;classification;HoeffdingTree;Default_FullFeatures;classifier;classifier;classifier;N/A;N/A;N/A;2000;100;54;7300;0,0000;0,0000;0,0000;0,0000;0,0000;0,0000;0;0;0;0
20260614_0639;Recorrência_1000;classification;HoeffdingTree;Default_FullFeatures;classifier;classifier;classifier;N/A;N/A;N/A;2000;100;55;7400;0,0000;0,0000;0,0000;0,0000;0,0000;0,0000;0;0;0;0
20260614_0639;Recorrência_1000;classification;HoeffdingTree;Default_FullFeatures;classifier;classifier;classifier;N/A;N/A;N/A;2000;100;56;7500;94,3662;0,0000;100,0000;0,0000;89,3333;0,0000;0;0;8;0
20260614_0639;Recorrência_1000;classification;HoeffdingTree;Default_FullFeatures;classifier;classifier;classifier;N/A;N/A;N/A;2000;100;57;7600;94,1799;0,0000;100,0000;0,0000;89,0000;0,0000;0;0;11;0
20260614_0639;Recorrência_1000;classification;HoeffdingTree;Default_FullFeatures;classifier;classifier;classifier;N/A;N/A;N/A;2000;100;58;7700;95,8333;0,0000;100,0000;0,0000;92,0000;0,0000;0;0;8;0
20260614_0639;Recorrência_1000;classification;HoeffdingTree;Default_FullFeatures;classifier;classifier;classifier;N/A;N/A;N/A;2000;100;59;7800;94,1799;0,0000;100,0000;0,0000;89,0000;0,0000;0;0;11;0
20260614_0639;Recorrência_1000;classification;HoeffdingTree;Default_FullFeatures;classifier;classifier;classifier;N/A;N/A;N/A;2000;100;60;7900;95,2880;0,0000;100,0000;0,0000;91,0000;0,0000;0;0;9;0
20260614_0639;Recorrência_1000;classification;HoeffdingTree;Default_FullFeatures;classifier;classifier;classifier;N/A;N/A;N/A;2000;100;61;8000;93,6170;0,0000;100,0000;0,0000;88,0000;0,0000;0;0;3;0
20260614_0639;Recorrência_1000;classification;HoeffdingTree;Default_FullFeatures;classifier;classifier;classifier;N/A;N/A;N/A;2000;100;62;8100;0,0000;0,0000;0,0000;0,0000;0,0000;0,0000;0;0;0;0
20260614_0639;Recorrência_1000;classification;HoeffdingTree;Default_FullFeatures;classifier;classifier;classifier;N/A;N/A;N/A;2000;100;63;8200;0,0000;0,0000;0,0000;0,0000;0,0000;0,0000;0;0;0;0
20260614_0639;Recorrência_1000;classification;HoeffdingTree;Default_FullFeatures;classifier;classifier;classifier;N/A;N/A;N/A;2000;100;64;8300;0,0000;0,0000;0,0000;0,0000;0,0000;0,0000;0;0;0;0
20260614_0639;Recorrência_1000;classification;HoeffdingTree;Default_FullFeatures;classifier;classifier;classifier;N/A;N/A;N/A;2000;100;65;8400;0,0000;0,0000;0,0000;0,0000;0,0000;0,0000;0;0;0;0
20260614_0639;Recorrência_1000;classification;HoeffdingTree;Default_FullFeatures;classifier;classifier;classifier;N/A;N/A;N/A;2000;100;66;8500;0,0000;0,0000;0,0000;0,0000;0,0000;0,0000;0;0;0;0
20260614_0639;Recorrência_1000;classification;HoeffdingTree;Default_FullFeatures;classifier;classifier;classifier;N/A;N/A;N/A;2000;100;67;8600;0,0000;0,0000;0,0000;0,0000;0,0000;0,0000;0;0;0;0
20260614_0639;Recorrência_1000;classification;HoeffdingTree;Default_FullFeatures;classifier;classifier;classifier;N/A;N/A;N/A;2000;100;68;8700;0,0000;0,0000;0,0000;0,0000;0,0000;0,0000;0;0;0;0
20260614_0639;Recorrência_1000;classification;HoeffdingTree;Default_FullFeatures;classifier;classifier;classifier;N/A;N/A;N/A;2000;100;69;8800;0,0000;0,0000;0,0000;0,0000;0,0000;0,0000;0;0;0;0
20260614_0639;Recorrência_1000;classification;HoeffdingTree;Default_FullFeatures;classifier;classifier;classifier;N/A;N/A;N/A;2000;100;70;8900;0,0000;0,0000;0,0000;0,0000;0,0000;0,0000;0;0;0;0
20260614_0639;Recorrência_1000;classification;HoeffdingTree;Default_FullFeatures;classifier;classifier;classifier;N/A;N/A;N/A;2000;100;71;9000;0,0000;0,0000;0,0000;0,0000;0,0000;0,0000;0;0;0;0
20260614_0639;Recorrência_1000;classification;HoeffdingTree;Default_FullFeatures;classifier;classifier;classifier;N/A;N/A;N/A;2000;100;72;9100;0,0000;0,0000;0,0000;0,0000;0,0000;0,0000;0;0;0;0
20260614_0639;Recorrência_1000;classification;HoeffdingTree;Default_FullFeatures;classifier;classifier;classifier;N/A;N/A;N/A;2000;100;73;9200;0,0000;0,0000;0,0000;0,0000;0,0000;0,0000;0;0;0;0
20260614_0639;Recorrência_1000;classification;HoeffdingTree;Default_FullFeatures;classifier;classifier;classifier;N/A;N/A;N/A;2000;100;74;9300;0,0000;0,0000;0,0000;0,0000;0,0000;0,0000;0;0;0;0
20260614_0639;Recorrência_1000;classification;HoeffdingTree;Default_FullFeatures;classifier;classifier;classifier;N/A;N/A;N/A;2000;100;75;9400;0,0000;0,0000;0,0000;0,0000;0,0000;0,0000;0;0;0;0
20260614_0639;Recorrência_1000;classification;HoeffdingTree;Default_FullFeatures;classifier;classifier;classifier;N/A;N/A;N/A;2000;100;76;9500;0,0000;0,0000;0,0000;0,0000;0,0000;0,0000;0;0;0;0
20260614_0639;Recorrência_1000;classification;HoeffdingTree;Default_FullFeatures;classifier;classifier;classifier;N/A;N/A;N/A;2000;100;77;9600;0,0000;0,0000;0,0000;0,0000;0,0000;0,0000;0;0;0;0
20260614_0639;Recorrência_1000;classification;HoeffdingTree;Default_FullFeatures;classifier;classifier;classifier;N/A;N/A;N/A;2000;100;78;9700;0,0000;0,0000;0,0000;0,0000;0,0000;0,0000;0;0;0;0
20260614_0639;Recorrência_1000;classification;HoeffdingTree;Default_FullFeatures;classifier;classifier;classifier;N/A;N/A;N/A;2000;100;79;9800;0,0000;0,0000;0,0000;0,0000;0,0000;0,0000;0;0;0;0
20260614_0639;Recorrência_1000;classification;HoeffdingTree;Default_FullFeatures;classifier;classifier;classifier;N/A;N/A;N/A;2000;100;80;9900;0,0000;0,0000;0,0000;0,0000;0,0000;0,0000;0;0;0;0
20260614_0639;Recorrência_1000;classification;HoeffdingTree;Default_FullFeatures;classifier;classifier;classifier;N/A;N/A;N/A;2000;100;81;10000;0,0000;0,0000;0,0000;0,0000;0,0000;0,0000;0;0;0;0
20260614_0639;Recorrência_1000;classification;HoeffdingTree;Default_FullFeatures;classifier;classifier;classifier;N/A;N/A;N/A;2000;100;82;10100;86,9565;0,0000;100,0000;0,0000;76,9231;0,0000;0;0;3;0
20260614_0639;Recorrência_1000;classification;HoeffdingTree;Default_FullFeatures;classifier;classifier;classifier;N/A;N/A;N/A;2000;100;83;10200;96,1538;0,0000;100,0000;0,0000;92,5926;0,0000;0;0;2;0
20260614_0639;Recorrência_1000;classification;HoeffdingTree;Default_FullFeatures;classifier;classifier;classifier;N/A;N/A;N/A;2000;100;84;10300;83,3333;0,0000;100,0000;0,0000;71,4286;0,0000;0;0;2;0
20260614_0639;Recorrência_1000;classification;HoeffdingTree;Default_FullFeatures;classifier;classifier;classifier;N/A;N/A;N/A;2000;100;85;10400;93,7931;0,0000;100,0000;0,0000;88,3117;0,0000;0;0;9;0
20260614_0639;Recorrência_1000;classification;HoeffdingTree;Default_FullFeatures;classifier;classifier;classifier;N/A;N/A;N/A;2000;100;86;10500;88,8889;0,0000;100,0000;0,0000;80,0000;0,0000;0;0;5;0
20260614_0639;Recorrência_1000;classification;HoeffdingTree;Default_FullFeatures;classifier;classifier;classifier;N/A;N/A;N/A;2000;100;87;10600;92,8571;0,0000;100,0000;0,0000;86,6667;0,0000;0;0;2;0
20260614_0639;Recorrência_1000;classification;HoeffdingTree;Default_FullFeatures;classifier;classifier;classifier;N/A;N/A;N/A;2000;100;88;10700;0,0000;0,0000;0,0000;0,0000;0,0000;0,0000;0;0;0;0
20260614_0639;Recorrência_1000;classification;HoeffdingTree;Default_FullFeatures;classifier;classifier;classifier;N/A;N/A;N/A;2000;100;89;10800;0,0000;0,0000;0,0000;0,0000;0,0000;0,0000;0;0;0;0
20260614_0639;Recorrência_1000;classification;HoeffdingTree;Default_FullFeatures;classifier;classifier;classifier;N/A;N/A;N/A;2000;100;90;10900;0,0000;0,0000;0,0000;0,0000;0,0000;0,0000;0;0;0;0
20260614_0639;Recorrência_1000;classification;HoeffdingTree;Default_FullFeatures;classifier;classifier;classifier;N/A;N/A;N/A;2000;100;91;11000;0,0000;0,0000;0,0000;0,0000;0,0000;0,0000;0;0;0;0
20260614_0639;Recorrência_1000;classification;HoeffdingTree;Default_FullFeatures;classifier;classifier;classifier;N/A;N/A;N/A;2000;100;92;11100;0,0000;0,0000;0,0000;0,0000;0,0000;0,0000;0;0;0;0
20260614_0639;Recorrência_1000;classification;HoeffdingTree;Default_FullFeatures;classifier;classifier;classifier;N/A;N/A;N/A;2000;100;93;11200;0,0000;0,0000;0,0000;0,0000;0,0000;0,0000;0;0;0;0
20260614_0639;Recorrência_1000;classification;HoeffdingTree;Default_FullFeatures;classifier;classifier;classifier;N/A;N/A;N/A;2000;100;94;11300;0,0000;0,0000;0,0000;0,0000;0,0000;0,0000;0;0;0;0
20260614_0639;Recorrência_1000;classification;HoeffdingTree;Default_FullFeatures;classifier;classifier;classifier;N/A;N/A;N/A;2000;100;95;11400;0,0000;0,0000;0,0000;0,0000;0,0000;0,0000;0;0;0;0
20260614_0639;Recorrência_1000;classification;HoeffdingTree;Default_FullFeatures;classifier;classifier;classifier;N/A;N/A;N/A;2000;100;96;11500;0,0000;0,0000;0,0000;0,0000;0,0000;0,0000;0;0;0;0
20260614_0639;Recorrência_1000;classification;HoeffdingTree;Default_FullFeatures;classifier;classifier;classifier;N/A;N/A;N/A;2000;100;97;11600;0,0000;0,0000;0,0000;0,0000;0,0000;0,0000;1;0;0;0
20260614_0639;Recorrência_1000;classification;HoeffdingTree;Default_FullFeatures;classifier;classifier;classifier;N/A;N/A;N/A;2000;100;98;11700;0,0000;0,0000;0,0000;0,0000;0,0000;0,0000;2;0;0;0
20260614_0639;Recorrência_1000;classification;HoeffdingTree;Default_FullFeatures;classifier;classifier;classifier;N/A;N/A;N/A;2000;100;99;11800;0,0000;0,0000;0,0000;0,0000;0,0000;0,0000;0;0;0;0
20260614_0639;Recorrência_1000;classification;HoeffdingTree;Default_FullFeatures;classifier;classifier;classifier;N/A;N/A;N/A;2000;100;100;11900;0,0000;0,0000;0,0000;0,0000;0,0000;0,0000;0;0;0;0
20260614_0639;Recorrência_1000;classification;HoeffdingTree;Default_FullFeatures;classifier;classifier;classifier;N/A;N/A;N/A;2000;100;101;12000;0,0000;0,0000;0,0000;0,0000;0,0000;0,0000;1;0;0;0
20260614_0639;Recorrência_1000;classification;HoeffdingTree;Default_FullFeatures;classifier;classifier;classifier;N/A;N/A;N/A;2000;100;102;12100;0,0000;0,0000;0,0000;0,0000;0,0000;0,0000;0;0;0;0
20260614_0639;Recorrência_1000;classification;HoeffdingTree;Default_FullFeatures;classifier;classifier;classifier;N/A;N/A;N/A;2000;100;103;12200;0,0000;0,0000;0,0000;0,0000;0,0000;0,0000;0;0;0;0
20260614_0639;Recorrência_1000;classification;HoeffdingTree;Default_FullFeatures;classifier;classifier;classifier;N/A;N/A;N/A;2000;100;104;12300;0,0000;0,0000;0,0000;0,0000;0,0000;0,0000;0;0;0;0
20260614_0639;Recorrência_1000;classification;HoeffdingTree;Default_FullFeatures;classifier;classifier;classifier;N/A;N/A;N/A;2000;100;105;12400;0,0000;0,0000;0,0000;0,0000;0,0000;0,0000;0;0;0;0
20260614_0639;Recorrência_1000;classification;HoeffdingTree;Default_FullFeatures;classifier;classifier;classifier;N/A;N/A;N/A;2000;100;106;12500;0,0000;0,0000;0,0000;0,0000;0,0000;0,0000;0;0;0;0
20260614_0639;Recorrência_1000;classification;HoeffdingTree;Default_FullFeatures;classifier;classifier;classifier;N/A;N/A;N/A;2000;100;107;12600;0,0000;0,0000;0,0000;0,0000;0,0000;0,0000;0;0;0;0
20260614_0639;Recorrência_1000;classification;HoeffdingTree;Default_FullFeatures;classifier;classifier;classifier;N/A;N/A;N/A;2000;100;108;12700;0,0000;0,0000;0,0000;0,0000;0,0000;0,0000;0;0;0;0
20260614_0639;Recorrência_1000;classification;HoeffdingTree;Default_FullFeatures;classifier;classifier;classifier;N/A;N/A;N/A;2000;100;109;12800;74,4828;0,0000;100,0000;0,0000;59,3407;0,0000;0;0;37;0
20260614_0639;Recorrência_1000;classification;HoeffdingTree;Default_FullFeatures;classifier;classifier;classifier;N/A;N/A;N/A;2000;100;110;12900;72,6115;0,0000;100,0000;0,0000;57,0000;0,0000;0;0;43;0
20260614_0639;Recorrência_1000;classification;HoeffdingTree;Default_FullFeatures;classifier;classifier;classifier;N/A;N/A;N/A;2000;100;111;13000;78,7879;0,0000;100,0000;0,0000;65,0000;0,0000;0;0;35;0
20260614_0639;Recorrência_1000;classification;HoeffdingTree;Default_FullFeatures;classifier;classifier;classifier;N/A;N/A;N/A;2000;100;112;13100;78,7879;0,0000;100,0000;0,0000;65,0000;0,0000;0;0;35;0
20260614_0639;Recorrência_1000;classification;HoeffdingTree;Default_FullFeatures;classifier;classifier;classifier;N/A;N/A;N/A;2000;100;113;13200;100,0000;0,0000;100,0000;0,0000;100,0000;0,0000;0;0;0;0
20260614_0639;Recorrência_1000;classification;HoeffdingTree;Default_FullFeatures;classifier;classifier;classifier;N/A;N/A;N/A;2000;100;114;13300;51,4286;0,0000;34,6154;0,0000;100,0000;0,0000;17;0;0;0
20260614_0639;Recorrência_1000;classification;HoeffdingTree;Default_FullFeatures;classifier;classifier;classifier;N/A;N/A;N/A;2000;100;115;13400;0,0000;0,0000;0,0000;0,0000;0,0000;0,0000;20;0;0;0
20260614_0639;Recorrência_1000;classification;HoeffdingTree;Default_FullFeatures;classifier;classifier;classifier;N/A;N/A;N/A;2000;100;116;13500;0,0000;0,0000;0,0000;0,0000;0,0000;0,0000;6;0;0;0
20260614_0639;Recorrência_1000;classification;HoeffdingTree;Default_FullFeatures;classifier;classifier;classifier;N/A;N/A;N/A;2000;100;117;13600;0,0000;0,0000;0,0000;0,0000;0,0000;0,0000;0;0;0;0
20260614_0639;Recorrência_1000;classification;HoeffdingTree;Default_FullFeatures;classifier;classifier;classifier;N/A;N/A;N/A;2000;100;118;13700;0,0000;0,0000;0,0000;0,0000;0,0000;0,0000;0;0;0;0
20260614_0639;Recorrência_1000;classification;HoeffdingTree;Default_FullFeatures;classifier;classifier;classifier;N/A;N/A;N/A;2000;100;119;13800;0,0000;0,0000;0,0000;0,0000;0,0000;0,0000;0;0;0;0
20260614_0639;Recorrência_1000;classification;HoeffdingTree;Default_FullFeatures;classifier;classifier;classifier;N/A;N/A;N/A;2000;100;120;13900;0,0000;0,0000;0,0000;0,0000;0,0000;0,0000;0;0;0;0
20260614_0639;Recorrência_1000;classification;HoeffdingTree;Default_FullFeatures;classifier;classifier;classifier;N/A;N/A;N/A;2000;100;121;14000;0,0000;0,0000;0,0000;0,0000;0,0000;0,0000;0;0;0;0
20260614_0639;Recorrência_1000;classification;HoeffdingTree;Default_FullFeatures;classifier;classifier;classifier;N/A;N/A;N/A;2000;100;122;14100;0,0000;0,0000;0,0000;0,0000;0,0000;0,0000;0;0;0;0
20260614_0639;Recorrência_1000;classification;HoeffdingTree;Default_FullFeatures;classifier;classifier;classifier;N/A;N/A;N/A;2000;100;123;14200;0,0000;0,0000;0,0000;0,0000;0,0000;0,0000;0;0;0;0
20260614_0639;Recorrência_1000;classification;HoeffdingTree;Default_FullFeatures;classifier;classifier;classifier;N/A;N/A;N/A;2000;100;124;14300;0,0000;0,0000;0,0000;0,0000;0,0000;0,0000;0;0;0;0
20260614_0639;Recorrência_1000;classification;HoeffdingTree;Default_FullFeatures;classifier;classifier;classifier;N/A;N/A;N/A;2000;100;125;14400;0,0000;0,0000;0,0000;0,0000;0,0000;0,0000;0;0;0;0
20260614_0639;Recorrência_1000;classification;HoeffdingTree;Default_FullFeatures;classifier;classifier;classifier;N/A;N/A;N/A;2000;100;126;14500;0,0000;0,0000;0,0000;0,0000;0,0000;0,0000;0;0;0;0
20260614_0639;Recorrência_1000;classification;HoeffdingTree;Default_FullFeatures;classifier;classifier;classifier;N/A;N/A;N/A;2000;100;127;14600;0,0000;0,0000;0,0000;0,0000;0,0000;0,0000;0;0;0;0
20260614_0639;Recorrência_1000;classification;HoeffdingTree;Default_FullFeatures;classifier;classifier;classifier;N/A;N/A;N/A;2000;100;128;14700;0,0000;0,0000;0,0000;0,0000;0,0000;0,0000;0;0;0;0
20260614_0639;Recorrência_1000;classification;HoeffdingTree;Default_FullFeatures;classifier;classifier;classifier;N/A;N/A;N/A;2000;100;129;14800;0,0000;0,0000;0,0000;0,0000;0,0000;0,0000;0;0;0;0
20260614_0639;Recorrência_1000;classification;HoeffdingTree;Default_FullFeatures;classifier;classifier;classifier;N/A;N/A;N/A;2000;100;130;14900;0,0000;0,0000;0,0000;0,0000;0,0000;0,0000;0;0;0;0
20260614_0639;Recorrência_1000;classification;HoeffdingTree;Default_FullFeatures;classifier;classifier;classifier;N/A;N/A;N/A;2000;100;131;15000;0,0000;0,0000;0,0000;0,0000;0,0000;0,0000;0;0;0;0
20260614_0639;Recorrência_1000;classification;HoeffdingTree;Default_FullFeatures;classifier;classifier;classifier;N/A;N/A;N/A;2000;100;132;15100;0,0000;0,0000;0,0000;0,0000;0,0000;0,0000;0;0;0;0
20260614_0639;Recorrência_1000;classification;HoeffdingTree;Default_FullFeatures;classifier;classifier;classifier;N/A;N/A;N/A;2000;100;133;15200;0,0000;0,0000;0,0000;0,0000;0,0000;0,0000;0;0;0;0
20260614_0639;Recorrência_1000;classification;HoeffdingTree;Default_FullFeatures;classifier;classifier;classifier;N/A;N/A;N/A;2000;100;134;15300;0,0000;0,0000;0,0000;0,0000;0,0000;0,0000;0;0;0;0
20260614_0639;Recorrência_1000;classification;HoeffdingTree;Default_FullFeatures;classifier;classifier;classifier;N/A;N/A;N/A;2000;100;135;15400;98,9691;0,0000;100,0000;0,0000;97,9592;0,0000;0;0;1;0
20260614_0639;Recorrência_1000;classification;HoeffdingTree;Default_FullFeatures;classifier;classifier;classifier;N/A;N/A;N/A;2000;100;136;15500;98,9899;0,0000;100,0000;0,0000;98,0000;0,0000;0;0;2;0
20260614_0639;Recorrência_1000;classification;HoeffdingTree;Default_FullFeatures;classifier;classifier;classifier;N/A;N/A;N/A;2000;100;137;15600;98,4772;0,0000;100,0000;0,0000;97,0000;0,0000;0;0;3;0
20260614_0639;Recorrência_1000;classification;HoeffdingTree;Default_FullFeatures;classifier;classifier;classifier;N/A;N/A;N/A;2000;100;138;15700;100,0000;0,0000;100,0000;0,0000;100,0000;0,0000;0;0;0;0
20260614_0639;Recorrência_1000;classification;HoeffdingTree;Default_FullFeatures;classifier;classifier;classifier;N/A;N/A;N/A;2000;100;139;15800;100,0000;0,0000;100,0000;0,0000;100,0000;0,0000;0;0;0;0
20260614_0639;Recorrência_1000;classification;HoeffdingTree;Default_FullFeatures;classifier;classifier;classifier;N/A;N/A;N/A;2000;100;140;15900;99,0099;0,0000;100,0000;0,0000;98,0392;0,0000;0;0;1;0
20260614_0639;Recorrência_1000;classification;HoeffdingTree;Default_FullFeatures;classifier;classifier;classifier;N/A;N/A;N/A;2000;100;141;16000;0,0000;0,0000;0,0000;0,0000;0,0000;0,0000;0;0;0;0
20260614_0639;Recorrência_1000;classification;HoeffdingTree;Default_FullFeatures;classifier;classifier;classifier;N/A;N/A;N/A;2000;100;142;16100;0,0000;0,0000;0,0000;0,0000;0,0000;0,0000;0;0;0;0
20260614_0639;Recorrência_1000;classification;HoeffdingTree;Default_FullFeatures;classifier;classifier;classifier;N/A;N/A;N/A;2000;100;143;16200;0,0000;0,0000;0,0000;0,0000;0,0000;0,0000;0;0;0;0
20260614_0639;Recorrência_1000;classification;HoeffdingTree;Default_FullFeatures;classifier;classifier;classifier;N/A;N/A;N/A;2000;100;144;16300;0,0000;0,0000;0,0000;0,0000;0,0000;0,0000;0;0;0;0
20260614_0639;Recorrência_1000;classification;HoeffdingTree;Default_FullFeatures;classifier;classifier;classifier;N/A;N/A;N/A;2000;100;145;16400;0,0000;0,0000;0,0000;0,0000;0,0000;0,0000;0;0;0;0
20260614_0639;Recorrência_1000;classification;HoeffdingTree;Default_FullFeatures;classifier;classifier;classifier;N/A;N/A;N/A;2000;100;146;16500;0,0000;0,0000;0,0000;0,0000;0,0000;0,0000;0;0;0;0
20260614_0639;Recorrência_1000;classification;HoeffdingTree;Default_FullFeatures;classifier;classifier;classifier;N/A;N/A;N/A;2000;100;147;16600;0,0000;0,0000;0,0000;0,0000;0,0000;0,0000;0;0;0;0
20260614_0639;Recorrência_1000;classification;HoeffdingTree;Default_FullFeatures;classifier;classifier;classifier;N/A;N/A;N/A;2000;100;148;16700;0,0000;0,0000;0,0000;0,0000;0,0000;0,0000;0;0;0;0
20260614_0639;Recorrência_1000;classification;HoeffdingTree;Default_FullFeatures;classifier;classifier;classifier;N/A;N/A;N/A;2000;100;149;16800;0,0000;0,0000;0,0000;0,0000;0,0000;0,0000;0;0;0;0
20260614_0639;Recorrência_1000;classification;HoeffdingTree;Default_FullFeatures;classifier;classifier;classifier;N/A;N/A;N/A;2000;100;150;16900;0,0000;0,0000;0,0000;0,0000;0,0000;0,0000;0;0;0;0
20260614_0639;Recorrência_1000;classification;HoeffdingTree;Default_FullFeatures;classifier;classifier;classifier;N/A;N/A;N/A;2000;100;151;17000;0,0000;0,0000;0,0000;0,0000;0,0000;0,0000;0;0;0;0
20260614_0639;Recorrência_1000;classification;HoeffdingTree;Default_FullFeatures;classifier;classifier;classifier;N/A;N/A;N/A;2000;100;152;17100;0,0000;0,0000;0,0000;0,0000;0,0000;0,0000;0;0;0;0
20260614_0639;Recorrência_1000;classification;HoeffdingTree;Default_FullFeatures;classifier;classifier;classifier;N/A;N/A;N/A;2000;100;153;17200;0,0000;0,0000;0,0000;0,0000;0,0000;0,0000;0;0;0;0
20260614_0639;Recorrência_1000;classification;HoeffdingTree;Default_FullFeatures;classifier;classifier;classifier;N/A;N/A;N/A;2000;100;154;17300;0,0000;0,0000;0,0000;0,0000;0,0000;0,0000;0;0;0;0
20260614_0639;Recorrência_1000;classification;HoeffdingTree;Default_FullFeatures;classifier;classifier;classifier;N/A;N/A;N/A;2000;100;155;17400;0,0000;0,0000;0,0000;0,0000;0,0000;0,0000;0;0;0;0
20260614_0639;Recorrência_1000;classification;HoeffdingTree;Default_FullFeatures;classifier;classifier;classifier;N/A;N/A;N/A;2000;100;156;17500;0,0000;0,0000;0,0000;0,0000;0,0000;0,0000;0;0;0;0
20260614_0639;Recorrência_1000;classification;HoeffdingTree;Default_FullFeatures;classifier;classifier;classifier;N/A;N/A;N/A;2000;100;157;17600;0,0000;0,0000;0,0000;0,0000;0,0000;0,0000;0;0;0;0
20260614_0639;Recorrência_1000;classification;HoeffdingTree;Default_FullFeatures;classifier;classifier;classifier;N/A;N/A;N/A;2000;100;158;17700;0,0000;0,0000;0,0000;0,0000;0,0000;0,0000;0;0;0;0
20260614_0639;Recorrência_1000;classification;HoeffdingTree;Default_FullFeatures;classifier;classifier;classifier;N/A;N/A;N/A;2000;100;159;17800;0,0000;0,0000;0,0000;0,0000;0,0000;0,0000;0;0;0;0
20260614_0639;Recorrência_1000;classification;HoeffdingTree;Default_FullFeatures;classifier;classifier;classifier;N/A;N/A;N/A;2000;100;160;17900;0,0000;0,0000;0,0000;0,0000;0,0000;0,0000;0;0;0;0
