Exec_ID;Dataset;Task_Type;Model;Scenario;Strategy;Threshold_Strategy;Decision_Strategy;Decision_Window;Persistence_K;Persistence_N;Warmup;Window_Size;Window_Index;Instance;F1_avg;F1_std;Prec_avg;Prec_std;Rec_avg;Rec_std;FP_avg;FP_std;FN_avg;FN_std
20260611_1518;Consistência_25;classification;LeveragingBagging;Otimizado_FullFeatures;classifier;classifier;classifier;N/A;N/A;N/A;2000;100;1;2000;0,0000;0,0000;0,0000;0,0000;0,0000;0,0000;0;0;0;0
20260611_1518;Consistência_25;classification;LeveragingBagging;Otimizado_FullFeatures;classifier;classifier;classifier;N/A;N/A;N/A;2000;100;2;2100;0,0000;0,0000;0,0000;0,0000;0,0000;0,0000;0;0;0;0
20260611_1518;Consistência_25;classification;LeveragingBagging;Otimizado_FullFeatures;classifier;classifier;classifier;N/A;N/A;N/A;2000;100;3;2200;0,0000;0,0000;0,0000;0,0000;0,0000;0,0000;0;0;0;0
20260611_1518;Consistência_25;classification;LeveragingBagging;Otimizado_FullFeatures;classifier;classifier;classifier;N/A;N/A;N/A;2000;100;4;2300;0,0000;0,0000;0,0000;0,0000;0,0000;0,0000;0;0;0;0
20260611_1518;Consistência_25;classification;LeveragingBagging;Otimizado_FullFeatures;classifier;classifier;classifier;N/A;N/A;N/A;2000;100;5;2400;0,0000;0,0000;0,0000;0,0000;0,0000;0,0000;0;0;0;0
20260611_1518;Consistência_25;classification;LeveragingBagging;Otimizado_FullFeatures;classifier;classifier;classifier;N/A;N/A;N/A;2000;100;6;2500;0,0000;0,0000;0,0000;0,0000;0,0000;0,0000;0;0;0;0
20260611_1518;Consistência_25;classification;LeveragingBagging;Otimizado_FullFeatures;classifier;classifier;classifier;N/A;N/A;N/A;2000;100;7;2600;0,0000;0,0000;0,0000;0,0000;0,0000;0,0000;0;0;0;0
20260611_1518;Consistência_25;classification;LeveragingBagging;Otimizado_FullFeatures;classifier;classifier;classifier;N/A;N/A;N/A;2000;100;8;2700;0,0000;0,0000;0,0000;0,0000;0,0000;0,0000;0;0;0;0
20260611_1518;Consistência_25;classification;LeveragingBagging;Otimizado_FullFeatures;classifier;classifier;classifier;N/A;N/A;N/A;2000;100;9;2800;0,0000;0,0000;0,0000;0,0000;0,0000;0,0000;0;0;0;0
20260611_1518;Consistência_25;classification;LeveragingBagging;Otimizado_FullFeatures;classifier;classifier;classifier;N/A;N/A;N/A;2000;100;10;2900;0,0000;0,0000;0,0000;0,0000;0,0000;0,0000;0;0;0;0
20260611_1518;Consistência_25;classification;LeveragingBagging;Otimizado_FullFeatures;classifier;classifier;classifier;N/A;N/A;N/A;2000;100;11;3000;0,0000;0,0000;0,0000;0,0000;0,0000;0,0000;0;0;0;0
20260611_1518;Consistência_25;classification;LeveragingBagging;Otimizado_FullFeatures;classifier;classifier;classifier;N/A;N/A;N/A;2000;100;12;3100;0,0000;0,0000;0,0000;0,0000;0,0000;0,0000;0;0;0;0
20260611_1518;Consistência_25;classification;LeveragingBagging;Otimizado_FullFeatures;classifier;classifier;classifier;N/A;N/A;N/A;2000;100;13;3200;0,0000;0,0000;0,0000;0,0000;0,0000;0,0000;0;0;0;0
20260611_1518;Consistência_25;classification;LeveragingBagging;Otimizado_FullFeatures;classifier;classifier;classifier;N/A;N/A;N/A;2000;100;14;3300;0,0000;0,0000;0,0000;0,0000;0,0000;0,0000;0;0;0;0
20260611_1518;Consistência_25;classification;LeveragingBagging;Otimizado_FullFeatures;classifier;classifier;classifier;N/A;N/A;N/A;2000;100;15;3400;0,0000;0,0000;0,0000;0,0000;0,0000;0,0000;0;0;0;0
20260611_1518;Consistência_25;classification;LeveragingBagging;Otimizado_FullFeatures;classifier;classifier;classifier;N/A;N/A;N/A;2000;100;16;3500;0,0000;0,0000;0,0000;0,0000;0,0000;0,0000;0;0;0;0
20260611_1518;Consistência_25;classification;LeveragingBagging;Otimizado_FullFeatures;classifier;classifier;classifier;N/A;N/A;N/A;2000;100;17;3600;0,0000;0,0000;0,0000;0,0000;0,0000;0,0000;0;0;0;0
20260611_1518;Consistência_25;classification;LeveragingBagging;Otimizado_FullFeatures;classifier;classifier;classifier;N/A;N/A;N/A;2000;100;18;3700;0,0000;0,0000;0,0000;0,0000;0,0000;0,0000;0;0;0;0
20260611_1518;Consistência_25;classification;LeveragingBagging;Otimizado_FullFeatures;classifier;classifier;classifier;N/A;N/A;N/A;2000;100;19;3800;89,8551;1,1833;100,0000;0,0000;81,6000;1,9596;0;0;5;1
20260611_1518;Consistência_25;classification;LeveragingBagging;Otimizado_FullFeatures;classifier;classifier;classifier;N/A;N/A;N/A;2000;100;20;3900;0,0000;0,0000;0,0000;0,0000;0,0000;0,0000;2;1;0;0
20260611_1518;Consistência_25;classification;LeveragingBagging;Otimizado_FullFeatures;classifier;classifier;classifier;N/A;N/A;N/A;2000;100;21;4000;0,0000;0,0000;0,0000;0,0000;0,0000;0,0000;1;0;0;0
20260611_1518;Consistência_25;classification;LeveragingBagging;Otimizado_FullFeatures;classifier;classifier;classifier;N/A;N/A;N/A;2000;100;22;4100;0,0000;0,0000;0,0000;0,0000;0,0000;0,0000;0;0;0;0
20260611_1518;Consistência_25;classification;LeveragingBagging;Otimizado_FullFeatures;classifier;classifier;classifier;N/A;N/A;N/A;2000;100;23;4200;0,0000;0,0000;0,0000;0,0000;0,0000;0,0000;0;0;0;0
20260611_1518;Consistência_25;classification;LeveragingBagging;Otimizado_FullFeatures;classifier;classifier;classifier;N/A;N/A;N/A;2000;100;24;4300;0,0000;0,0000;0,0000;0,0000;0,0000;0,0000;0;0;0;0
20260611_1518;Consistência_25;classification;LeveragingBagging;Otimizado_FullFeatures;classifier;classifier;classifier;N/A;N/A;N/A;2000;100;25;4400;0,0000;0,0000;0,0000;0,0000;0,0000;0,0000;0;0;0;0
20260611_1518;Consistência_25;classification;LeveragingBagging;Otimizado_FullFeatures;classifier;classifier;classifier;N/A;N/A;N/A;2000;100;26;4500;0,0000;0,0000;0,0000;0,0000;0,0000;0,0000;0;0;0;0
20260611_1518;Consistência_25;classification;LeveragingBagging;Otimizado_FullFeatures;classifier;classifier;classifier;N/A;N/A;N/A;2000;100;27;4600;0,0000;0,0000;0,0000;0,0000;0,0000;0,0000;0;0;0;0
20260611_1518;Consistência_25;classification;LeveragingBagging;Otimizado_FullFeatures;classifier;classifier;classifier;N/A;N/A;N/A;2000;100;28;4700;0,0000;0,0000;0,0000;0,0000;0,0000;0,0000;0;0;0;0
20260611_1518;Consistência_25;classification;LeveragingBagging;Otimizado_FullFeatures;classifier;classifier;classifier;N/A;N/A;N/A;2000;100;29;4800;0,0000;0,0000;0,0000;0,0000;0,0000;0,0000;0;0;0;0
20260611_1518;Consistência_25;classification;LeveragingBagging;Otimizado_FullFeatures;classifier;classifier;classifier;N/A;N/A;N/A;2000;100;30;4900;0,0000;0,0000;0,0000;0,0000;0,0000;0,0000;0;0;0;0
20260611_1518;Consistência_25;classification;LeveragingBagging;Otimizado_FullFeatures;classifier;classifier;classifier;N/A;N/A;N/A;2000;100;31;5000;0,0000;0,0000;0,0000;0,0000;0,0000;0,0000;0;0;0;0
20260611_1518;Consistência_25;classification;LeveragingBagging;Otimizado_FullFeatures;classifier;classifier;classifier;N/A;N/A;N/A;2000;100;32;5100;0,0000;0,0000;0,0000;0,0000;0,0000;0,0000;0;0;0;0
20260611_1518;Consistência_25;classification;LeveragingBagging;Otimizado_FullFeatures;classifier;classifier;classifier;N/A;N/A;N/A;2000;100;33;5200;0,0000;0,0000;0,0000;0,0000;0,0000;0,0000;0;0;0;0
20260611_1518;Consistência_25;classification;LeveragingBagging;Otimizado_FullFeatures;classifier;classifier;classifier;N/A;N/A;N/A;2000;100;34;5300;0,0000;0,0000;0,0000;0,0000;0,0000;0,0000;0;0;0;0
20260611_1518;Consistência_25;classification;LeveragingBagging;Otimizado_FullFeatures;classifier;classifier;classifier;N/A;N/A;N/A;2000;100;35;5400;0,0000;0,0000;0,0000;0,0000;0,0000;0,0000;0;0;0;0
20260611_1518;Consistência_25;classification;LeveragingBagging;Otimizado_FullFeatures;classifier;classifier;classifier;N/A;N/A;N/A;2000;100;36;5500;0,0000;0,0000;0,0000;0,0000;0,0000;0,0000;0;0;0;0
20260611_1518;Consistência_25;classification;LeveragingBagging;Otimizado_FullFeatures;classifier;classifier;classifier;N/A;N/A;N/A;2000;100;37;5600;0,0000;0,0000;0,0000;0,0000;0,0000;0,0000;0;0;0;0
20260611_1518;Consistência_25;classification;LeveragingBagging;Otimizado_FullFeatures;classifier;classifier;classifier;N/A;N/A;N/A;2000;100;38;5700;0,0000;0,0000;0,0000;0,0000;0,0000;0,0000;0;0;0;0
20260611_1518;Consistência_25;classification;LeveragingBagging;Otimizado_FullFeatures;classifier;classifier;classifier;N/A;N/A;N/A;2000;100;39;5800;0,0000;0,0000;0,0000;0,0000;0,0000;0,0000;0;0;0;0
20260611_1518;Consistência_25;classification;LeveragingBagging;Otimizado_FullFeatures;classifier;classifier;classifier;N/A;N/A;N/A;2000;100;40;5900;0,0000;0,0000;0,0000;0,0000;0,0000;0,0000;0;0;0;0
20260611_1518;Consistência_25;classification;LeveragingBagging;Otimizado_FullFeatures;classifier;classifier;classifier;N/A;N/A;N/A;2000;100;41;6000;0,0000;0,0000;0,0000;0,0000;0,0000;0,0000;0;0;0;0
20260611_1518;Consistência_25;classification;LeveragingBagging;Otimizado_FullFeatures;classifier;classifier;classifier;N/A;N/A;N/A;2000;100;42;6100;0,0000;0,0000;0,0000;0,0000;0,0000;0,0000;0;0;0;0
20260611_1518;Consistência_25;classification;LeveragingBagging;Otimizado_FullFeatures;classifier;classifier;classifier;N/A;N/A;N/A;2000;100;43;6200;0,0000;0,0000;0,0000;0,0000;0,0000;0,0000;0;0;0;0
20260611_1518;Consistência_25;classification;LeveragingBagging;Otimizado_FullFeatures;classifier;classifier;classifier;N/A;N/A;N/A;2000;100;44;6300;0,0000;0,0000;0,0000;0,0000;0,0000;0,0000;0;0;0;0
20260611_1518;Consistência_25;classification;LeveragingBagging;Otimizado_FullFeatures;classifier;classifier;classifier;N/A;N/A;N/A;2000;100;45;6400;0,0000;0,0000;0,0000;0,0000;0,0000;0,0000;0;0;0;0
20260611_1518;Consistência_25;classification;LeveragingBagging;Otimizado_FullFeatures;classifier;classifier;classifier;N/A;N/A;N/A;2000;100;46;6500;0,0000;0,0000;0,0000;0,0000;0,0000;0,0000;0;0;0;0
20260611_1518;Consistência_25;classification;LeveragingBagging;Otimizado_FullFeatures;classifier;classifier;classifier;N/A;N/A;N/A;2000;100;47;6600;0,0000;0,0000;0,0000;0,0000;0,0000;0,0000;0;0;0;0
20260611_1518;Consistência_25;classification;LeveragingBagging;Otimizado_FullFeatures;classifier;classifier;classifier;N/A;N/A;N/A;2000;100;48;6700;0,0000;0,0000;0,0000;0,0000;0,0000;0,0000;0;0;0;0
20260611_1518;Consistência_25;classification;LeveragingBagging;Otimizado_FullFeatures;classifier;classifier;classifier;N/A;N/A;N/A;2000;100;49;6800;0,0000;0,0000;0,0000;0,0000;0,0000;0,0000;0;0;0;0
20260611_1518;Consistência_25;classification;LeveragingBagging;Otimizado_FullFeatures;classifier;classifier;classifier;N/A;N/A;N/A;2000;100;50;6900;0,0000;0,0000;0,0000;0,0000;0,0000;0,0000;0;0;0;0
20260611_1518;Consistência_25;classification;LeveragingBagging;Otimizado_FullFeatures;classifier;classifier;classifier;N/A;N/A;N/A;2000;100;51;7000;0,0000;0,0000;0,0000;0,0000;0,0000;0,0000;0;0;0;0
20260611_1518;Consistência_25;classification;LeveragingBagging;Otimizado_FullFeatures;classifier;classifier;classifier;N/A;N/A;N/A;2000;100;52;7100;0,0000;0,0000;0,0000;0,0000;0,0000;0,0000;0;0;0;0
20260611_1518;Consistência_25;classification;LeveragingBagging;Otimizado_FullFeatures;classifier;classifier;classifier;N/A;N/A;N/A;2000;100;53;7200;0,0000;0,0000;0,0000;0,0000;0,0000;0,0000;0;0;0;0
20260611_1518;Consistência_25;classification;LeveragingBagging;Otimizado_FullFeatures;classifier;classifier;classifier;N/A;N/A;N/A;2000;100;54;7300;0,0000;0,0000;0,0000;0,0000;0,0000;0,0000;0;0;0;0
20260611_1518;Consistência_25;classification;LeveragingBagging;Otimizado_FullFeatures;classifier;classifier;classifier;N/A;N/A;N/A;2000;100;55;7400;0,0000;0,0000;0,0000;0,0000;0,0000;0,0000;0;0;0;0
20260611_1518;Consistência_25;classification;LeveragingBagging;Otimizado_FullFeatures;classifier;classifier;classifier;N/A;N/A;N/A;2000;100;56;7500;0,0000;0,0000;0,0000;0,0000;0,0000;0,0000;0;0;0;0
20260611_1518;Consistência_25;classification;LeveragingBagging;Otimizado_FullFeatures;classifier;classifier;classifier;N/A;N/A;N/A;2000;100;57;7600;97,7778;0,0000;100,0000;0,0000;95,6522;0,0000;0;0;1;0
20260611_1518;Consistência_25;classification;LeveragingBagging;Otimizado_FullFeatures;classifier;classifier;classifier;N/A;N/A;N/A;2000;100;58;7700;0,0000;0,0000;0,0000;0,0000;0,0000;0,0000;0;0;0;0
20260611_1518;Consistência_25;classification;LeveragingBagging;Otimizado_FullFeatures;classifier;classifier;classifier;N/A;N/A;N/A;2000;100;59;7800;0,0000;0,0000;0,0000;0,0000;0,0000;0,0000;0;0;0;0
20260611_1518;Consistência_25;classification;LeveragingBagging;Otimizado_FullFeatures;classifier;classifier;classifier;N/A;N/A;N/A;2000;100;60;7900;0,0000;0,0000;0,0000;0,0000;0,0000;0,0000;0;0;0;0
20260611_1518;Consistência_25;classification;LeveragingBagging;Otimizado_FullFeatures;classifier;classifier;classifier;N/A;N/A;N/A;2000;100;61;8000;0,0000;0,0000;0,0000;0,0000;0,0000;0,0000;0;0;0;0
20260611_1518;Consistência_25;classification;LeveragingBagging;Otimizado_FullFeatures;classifier;classifier;classifier;N/A;N/A;N/A;2000;100;62;8100;0,0000;0,0000;0,0000;0,0000;0,0000;0,0000;0;0;0;0
20260611_1518;Consistência_25;classification;LeveragingBagging;Otimizado_FullFeatures;classifier;classifier;classifier;N/A;N/A;N/A;2000;100;63;8200;0,0000;0,0000;0,0000;0,0000;0,0000;0,0000;0;0;0;0
20260611_1518;Consistência_25;classification;LeveragingBagging;Otimizado_FullFeatures;classifier;classifier;classifier;N/A;N/A;N/A;2000;100;64;8300;0,0000;0,0000;0,0000;0,0000;0,0000;0,0000;0;0;0;0
20260611_1518;Consistência_25;classification;LeveragingBagging;Otimizado_FullFeatures;classifier;classifier;classifier;N/A;N/A;N/A;2000;100;65;8400;0,0000;0,0000;0,0000;0,0000;0,0000;0,0000;0;0;0;0
20260611_1518;Consistência_25;classification;LeveragingBagging;Otimizado_FullFeatures;classifier;classifier;classifier;N/A;N/A;N/A;2000;100;66;8500;0,0000;0,0000;0,0000;0,0000;0,0000;0,0000;0;0;0;0
20260611_1518;Consistência_25;classification;LeveragingBagging;Otimizado_FullFeatures;classifier;classifier;classifier;N/A;N/A;N/A;2000;100;67;8600;0,0000;0,0000;0,0000;0,0000;0,0000;0,0000;0;0;0;0
20260611_1518;Consistência_25;classification;LeveragingBagging;Otimizado_FullFeatures;classifier;classifier;classifier;N/A;N/A;N/A;2000;100;68;8700;0,0000;0,0000;0,0000;0,0000;0,0000;0,0000;0;0;0;0
20260611_1518;Consistência_25;classification;LeveragingBagging;Otimizado_FullFeatures;classifier;classifier;classifier;N/A;N/A;N/A;2000;100;69;8800;0,0000;0,0000;0,0000;0,0000;0,0000;0,0000;0;0;0;0
20260611_1518;Consistência_25;classification;LeveragingBagging;Otimizado_FullFeatures;classifier;classifier;classifier;N/A;N/A;N/A;2000;100;70;8900;0,0000;0,0000;0,0000;0,0000;0,0000;0,0000;0;0;0;0
20260611_1518;Consistência_25;classification;LeveragingBagging;Otimizado_FullFeatures;classifier;classifier;classifier;N/A;N/A;N/A;2000;100;71;9000;0,0000;0,0000;0,0000;0,0000;0,0000;0,0000;0;0;0;0
20260611_1518;Consistência_25;classification;LeveragingBagging;Otimizado_FullFeatures;classifier;classifier;classifier;N/A;N/A;N/A;2000;100;72;9100;0,0000;0,0000;0,0000;0,0000;0,0000;0,0000;0;0;0;0
20260611_1518;Consistência_25;classification;LeveragingBagging;Otimizado_FullFeatures;classifier;classifier;classifier;N/A;N/A;N/A;2000;100;73;9200;0,0000;0,0000;0,0000;0,0000;0,0000;0,0000;0;0;0;0
20260611_1518;Consistência_25;classification;LeveragingBagging;Otimizado_FullFeatures;classifier;classifier;classifier;N/A;N/A;N/A;2000;100;74;9300;0,0000;0,0000;0,0000;0,0000;0,0000;0,0000;0;0;0;0
20260611_1518;Consistência_25;classification;LeveragingBagging;Otimizado_FullFeatures;classifier;classifier;classifier;N/A;N/A;N/A;2000;100;75;9400;0,0000;0,0000;0,0000;0,0000;0,0000;0,0000;0;0;0;0
20260611_1518;Consistência_25;classification;LeveragingBagging;Otimizado_FullFeatures;classifier;classifier;classifier;N/A;N/A;N/A;2000;100;76;9500;0,0000;0,0000;0,0000;0,0000;0,0000;0,0000;0;0;0;0
20260611_1518;Consistência_25;classification;LeveragingBagging;Otimizado_FullFeatures;classifier;classifier;classifier;N/A;N/A;N/A;2000;100;77;9600;0,0000;0,0000;0,0000;0,0000;0,0000;0,0000;0;0;0;0
20260611_1518;Consistência_25;classification;LeveragingBagging;Otimizado_FullFeatures;classifier;classifier;classifier;N/A;N/A;N/A;2000;100;78;9700;0,0000;0,0000;0,0000;0,0000;0,0000;0,0000;0;0;0;0
20260611_1518;Consistência_25;classification;LeveragingBagging;Otimizado_FullFeatures;classifier;classifier;classifier;N/A;N/A;N/A;2000;100;79;9800;0,0000;0,0000;0,0000;0,0000;0,0000;0,0000;0;0;0;0
20260611_1518;Consistência_25;classification;LeveragingBagging;Otimizado_FullFeatures;classifier;classifier;classifier;N/A;N/A;N/A;2000;100;80;9900;0,0000;0,0000;0,0000;0,0000;0,0000;0,0000;0;0;0;0
20260611_1518;Consistência_25;classification;LeveragingBagging;Otimizado_FullFeatures;classifier;classifier;classifier;N/A;N/A;N/A;2000;100;81;10000;0,0000;0,0000;0,0000;0,0000;0,0000;0,0000;0;0;0;0
20260611_1518;Consistência_25;classification;LeveragingBagging;Otimizado_FullFeatures;classifier;classifier;classifier;N/A;N/A;N/A;2000;100;82;10100;0,0000;0,0000;0,0000;0,0000;0,0000;0,0000;0;0;0;0
20260611_1518;Consistência_25;classification;LeveragingBagging;Otimizado_FullFeatures;classifier;classifier;classifier;N/A;N/A;N/A;2000;100;83;10200;0,0000;0,0000;0,0000;0,0000;0,0000;0,0000;0;0;0;0
20260611_1518;Consistência_25;classification;LeveragingBagging;Otimizado_FullFeatures;classifier;classifier;classifier;N/A;N/A;N/A;2000;100;84;10300;0,0000;0,0000;0,0000;0,0000;0,0000;0,0000;0;0;0;0
20260611_1518;Consistência_25;classification;LeveragingBagging;Otimizado_FullFeatures;classifier;classifier;classifier;N/A;N/A;N/A;2000;100;85;10400;0,0000;0,0000;0,0000;0,0000;0,0000;0,0000;0;0;0;0
20260611_1518;Consistência_25;classification;LeveragingBagging;Otimizado_FullFeatures;classifier;classifier;classifier;N/A;N/A;N/A;2000;100;86;10500;0,0000;0,0000;0,0000;0,0000;0,0000;0,0000;0;0;0;0
20260611_1518;Consistência_25;classification;LeveragingBagging;Otimizado_FullFeatures;classifier;classifier;classifier;N/A;N/A;N/A;2000;100;87;10600;0,0000;0,0000;0,0000;0,0000;0,0000;0,0000;0;0;0;0
20260611_1518;Consistência_25;classification;LeveragingBagging;Otimizado_FullFeatures;classifier;classifier;classifier;N/A;N/A;N/A;2000;100;88;10700;0,0000;0,0000;0,0000;0,0000;0,0000;0,0000;0;0;0;0
20260611_1518;Consistência_25;classification;LeveragingBagging;Otimizado_FullFeatures;classifier;classifier;classifier;N/A;N/A;N/A;2000;100;89;10800;0,0000;0,0000;0,0000;0,0000;0,0000;0,0000;0;0;0;0
20260611_1518;Consistência_25;classification;LeveragingBagging;Otimizado_FullFeatures;classifier;classifier;classifier;N/A;N/A;N/A;2000;100;90;10900;0,0000;0,0000;0,0000;0,0000;0,0000;0,0000;0;0;0;0
20260611_1518;Consistência_25;classification;LeveragingBagging;Otimizado_FullFeatures;classifier;classifier;classifier;N/A;N/A;N/A;2000;100;91;11000;0,0000;0,0000;0,0000;0,0000;0,0000;0,0000;0;0;0;0
20260611_1518;Consistência_25;classification;LeveragingBagging;Otimizado_FullFeatures;classifier;classifier;classifier;N/A;N/A;N/A;2000;100;92;11100;0,0000;0,0000;0,0000;0,0000;0,0000;0,0000;0;0;0;0
20260611_1518;Consistência_25;classification;LeveragingBagging;Otimizado_FullFeatures;classifier;classifier;classifier;N/A;N/A;N/A;2000;100;93;11200;0,0000;0,0000;0,0000;0,0000;0,0000;0,0000;0;0;0;0
20260611_1518;Consistência_25;classification;LeveragingBagging;Otimizado_FullFeatures;classifier;classifier;classifier;N/A;N/A;N/A;2000;100;94;11300;100,0000;0,0000;100,0000;0,0000;100,0000;0,0000;0;0;0;0
20260611_1518;Consistência_25;classification;LeveragingBagging;Otimizado_FullFeatures;classifier;classifier;classifier;N/A;N/A;N/A;2000;100;95;11400;97,7778;0,0000;100,0000;0,0000;95,6522;0,0000;0;0;1;0
20260611_1518;Consistência_25;classification;LeveragingBagging;Otimizado_FullFeatures;classifier;classifier;classifier;N/A;N/A;N/A;2000;100;96;11500;0,0000;0,0000;0,0000;0,0000;0,0000;0,0000;0;0;0;0
20260611_1518;Consistência_25;classification;LeveragingBagging;Otimizado_FullFeatures;classifier;classifier;classifier;N/A;N/A;N/A;2000;100;97;11600;0,0000;0,0000;0,0000;0,0000;0,0000;0,0000;0;0;0;0
20260611_1518;Consistência_25;classification;LeveragingBagging;Otimizado_FullFeatures;classifier;classifier;classifier;N/A;N/A;N/A;2000;100;98;11700;0,0000;0,0000;0,0000;0,0000;0,0000;0,0000;0;0;0;0
20260611_1518;Consistência_25;classification;LeveragingBagging;Otimizado_FullFeatures;classifier;classifier;classifier;N/A;N/A;N/A;2000;100;99;11800;0,0000;0,0000;0,0000;0,0000;0,0000;0,0000;0;0;0;0
20260611_1518;Consistência_25;classification;LeveragingBagging;Otimizado_FullFeatures;classifier;classifier;classifier;N/A;N/A;N/A;2000;100;100;11900;0,0000;0,0000;0,0000;0,0000;0,0000;0,0000;0;0;0;0
20260611_1518;Consistência_25;classification;LeveragingBagging;Otimizado_FullFeatures;classifier;classifier;classifier;N/A;N/A;N/A;2000;100;101;12000;0,0000;0,0000;0,0000;0,0000;0,0000;0,0000;0;0;0;0
20260611_1518;Consistência_25;classification;LeveragingBagging;Otimizado_FullFeatures;classifier;classifier;classifier;N/A;N/A;N/A;2000;100;102;12100;0,0000;0,0000;0,0000;0,0000;0,0000;0,0000;0;0;0;0
20260611_1518;Consistência_25;classification;LeveragingBagging;Otimizado_FullFeatures;classifier;classifier;classifier;N/A;N/A;N/A;2000;100;103;12200;0,0000;0,0000;0,0000;0,0000;0,0000;0,0000;0;0;0;0
20260611_1518;Consistência_25;classification;LeveragingBagging;Otimizado_FullFeatures;classifier;classifier;classifier;N/A;N/A;N/A;2000;100;104;12300;0,0000;0,0000;0,0000;0,0000;0,0000;0,0000;0;0;0;0
20260611_1518;Consistência_25;classification;LeveragingBagging;Otimizado_FullFeatures;classifier;classifier;classifier;N/A;N/A;N/A;2000;100;105;12400;0,0000;0,0000;0,0000;0,0000;0,0000;0,0000;0;0;0;0
20260611_1518;Consistência_25;classification;LeveragingBagging;Otimizado_FullFeatures;classifier;classifier;classifier;N/A;N/A;N/A;2000;100;106;12500;0,0000;0,0000;0,0000;0,0000;0,0000;0,0000;0;0;0;0
20260611_1518;Consistência_25;classification;LeveragingBagging;Otimizado_FullFeatures;classifier;classifier;classifier;N/A;N/A;N/A;2000;100;107;12600;0,0000;0,0000;0,0000;0,0000;0,0000;0,0000;0;0;0;0
20260611_1518;Consistência_25;classification;LeveragingBagging;Otimizado_FullFeatures;classifier;classifier;classifier;N/A;N/A;N/A;2000;100;108;12700;0,0000;0,0000;0,0000;0,0000;0,0000;0,0000;0;0;0;0
20260611_1518;Consistência_25;classification;LeveragingBagging;Otimizado_FullFeatures;classifier;classifier;classifier;N/A;N/A;N/A;2000;100;109;12800;0,0000;0,0000;0,0000;0,0000;0,0000;0,0000;0;0;0;0
20260611_1518;Consistência_25;classification;LeveragingBagging;Otimizado_FullFeatures;classifier;classifier;classifier;N/A;N/A;N/A;2000;100;110;12900;0,0000;0,0000;0,0000;0,0000;0,0000;0,0000;0;0;0;0
20260611_1518;Consistência_25;classification;LeveragingBagging;Otimizado_FullFeatures;classifier;classifier;classifier;N/A;N/A;N/A;2000;100;111;13000;0,0000;0,0000;0,0000;0,0000;0,0000;0,0000;0;0;0;0
20260611_1518;Consistência_25;classification;LeveragingBagging;Otimizado_FullFeatures;classifier;classifier;classifier;N/A;N/A;N/A;2000;100;112;13100;0,0000;0,0000;0,0000;0,0000;0,0000;0,0000;0;0;0;0
20260611_1518;Consistência_25;classification;LeveragingBagging;Otimizado_FullFeatures;classifier;classifier;classifier;N/A;N/A;N/A;2000;100;113;13200;0,0000;0,0000;0,0000;0,0000;0,0000;0,0000;0;0;0;0
20260611_1518;Consistência_25;classification;LeveragingBagging;Otimizado_FullFeatures;classifier;classifier;classifier;N/A;N/A;N/A;2000;100;114;13300;0,0000;0,0000;0,0000;0,0000;0,0000;0,0000;0;0;0;0
20260611_1518;Consistência_25;classification;LeveragingBagging;Otimizado_FullFeatures;classifier;classifier;classifier;N/A;N/A;N/A;2000;100;115;13400;0,0000;0,0000;0,0000;0,0000;0,0000;0,0000;0;0;0;0
20260611_1518;Consistência_25;classification;LeveragingBagging;Otimizado_FullFeatures;classifier;classifier;classifier;N/A;N/A;N/A;2000;100;116;13500;0,0000;0,0000;0,0000;0,0000;0,0000;0,0000;0;0;0;0
20260611_1518;Consistência_25;classification;LeveragingBagging;Otimizado_FullFeatures;classifier;classifier;classifier;N/A;N/A;N/A;2000;100;117;13600;0,0000;0,0000;0,0000;0,0000;0,0000;0,0000;0;0;0;0
20260611_1518;Consistência_25;classification;LeveragingBagging;Otimizado_FullFeatures;classifier;classifier;classifier;N/A;N/A;N/A;2000;100;118;13700;0,0000;0,0000;0,0000;0,0000;0,0000;0,0000;0;0;0;0
20260611_1518;Consistência_25;classification;LeveragingBagging;Otimizado_FullFeatures;classifier;classifier;classifier;N/A;N/A;N/A;2000;100;119;13800;0,0000;0,0000;0,0000;0,0000;0,0000;0,0000;0;0;0;0
20260611_1518;Consistência_25;classification;LeveragingBagging;Otimizado_FullFeatures;classifier;classifier;classifier;N/A;N/A;N/A;2000;100;120;13900;0,0000;0,0000;0,0000;0,0000;0,0000;0,0000;0;0;0;0
20260611_1518;Consistência_25;classification;LeveragingBagging;Otimizado_FullFeatures;classifier;classifier;classifier;N/A;N/A;N/A;2000;100;121;14000;0,0000;0,0000;0,0000;0,0000;0,0000;0,0000;0;0;0;0
20260611_1518;Consistência_25;classification;LeveragingBagging;Otimizado_FullFeatures;classifier;classifier;classifier;N/A;N/A;N/A;2000;100;122;14100;0,0000;0,0000;0,0000;0,0000;0,0000;0,0000;0;0;0;0
20260611_1518;Consistência_25;classification;LeveragingBagging;Otimizado_FullFeatures;classifier;classifier;classifier;N/A;N/A;N/A;2000;100;123;14200;0,0000;0,0000;0,0000;0,0000;0,0000;0,0000;0;0;0;0
20260611_1518;Consistência_25;classification;LeveragingBagging;Otimizado_FullFeatures;classifier;classifier;classifier;N/A;N/A;N/A;2000;100;124;14300;0,0000;0,0000;0,0000;0,0000;0,0000;0,0000;0;0;0;0
20260611_1518;Consistência_25;classification;LeveragingBagging;Otimizado_FullFeatures;classifier;classifier;classifier;N/A;N/A;N/A;2000;100;125;14400;0,0000;0,0000;0,0000;0,0000;0,0000;0,0000;0;0;0;0
20260611_1518;Consistência_25;classification;LeveragingBagging;Otimizado_FullFeatures;classifier;classifier;classifier;N/A;N/A;N/A;2000;100;126;14500;0,0000;0,0000;0,0000;0,0000;0,0000;0,0000;0;0;0;0
20260611_1518;Consistência_25;classification;LeveragingBagging;Otimizado_FullFeatures;classifier;classifier;classifier;N/A;N/A;N/A;2000;100;127;14600;0,0000;0,0000;0,0000;0,0000;0,0000;0,0000;0;0;0;0
20260611_1518;Consistência_25;classification;LeveragingBagging;Otimizado_FullFeatures;classifier;classifier;classifier;N/A;N/A;N/A;2000;100;128;14700;0,0000;0,0000;0,0000;0,0000;0,0000;0,0000;0;0;0;0
20260611_1518;Consistência_25;classification;LeveragingBagging;Otimizado_FullFeatures;classifier;classifier;classifier;N/A;N/A;N/A;2000;100;129;14800;0,0000;0,0000;0,0000;0,0000;0,0000;0,0000;0;0;0;0
20260611_1518;Consistência_25;classification;LeveragingBagging;Otimizado_FullFeatures;classifier;classifier;classifier;N/A;N/A;N/A;2000;100;130;14900;0,0000;0,0000;0,0000;0,0000;0,0000;0,0000;0;0;0;0
20260611_1518;Consistência_25;classification;LeveragingBagging;Otimizado_FullFeatures;classifier;classifier;classifier;N/A;N/A;N/A;2000;100;131;15000;0,0000;0,0000;0,0000;0,0000;0,0000;0,0000;0;0;0;0
20260611_1518;Consistência_200;classification;LeveragingBagging;Otimizado_FullFeatures;classifier;classifier;classifier;N/A;N/A;N/A;2000;100;1;2000;0,0000;0,0000;0,0000;0,0000;0,0000;0,0000;0;0;0;0
20260611_1518;Consistência_200;classification;LeveragingBagging;Otimizado_FullFeatures;classifier;classifier;classifier;N/A;N/A;N/A;2000;100;2;2100;0,0000;0,0000;0,0000;0,0000;0,0000;0,0000;0;0;0;0
20260611_1518;Consistência_200;classification;LeveragingBagging;Otimizado_FullFeatures;classifier;classifier;classifier;N/A;N/A;N/A;2000;100;3;2200;0,0000;0,0000;0,0000;0,0000;0,0000;0,0000;0;0;0;0
20260611_1518;Consistência_200;classification;LeveragingBagging;Otimizado_FullFeatures;classifier;classifier;classifier;N/A;N/A;N/A;2000;100;4;2300;0,0000;0,0000;0,0000;0,0000;0,0000;0,0000;0;0;0;0
20260611_1518;Consistência_200;classification;LeveragingBagging;Otimizado_FullFeatures;classifier;classifier;classifier;N/A;N/A;N/A;2000;100;5;2400;0,0000;0,0000;0,0000;0,0000;0,0000;0,0000;0;0;0;0
20260611_1518;Consistência_200;classification;LeveragingBagging;Otimizado_FullFeatures;classifier;classifier;classifier;N/A;N/A;N/A;2000;100;6;2500;0,0000;0,0000;0,0000;0,0000;0,0000;0,0000;0;0;0;0
20260611_1518;Consistência_200;classification;LeveragingBagging;Otimizado_FullFeatures;classifier;classifier;classifier;N/A;N/A;N/A;2000;100;7;2600;0,0000;0,0000;0,0000;0,0000;0,0000;0,0000;0;0;0;0
20260611_1518;Consistência_200;classification;LeveragingBagging;Otimizado_FullFeatures;classifier;classifier;classifier;N/A;N/A;N/A;2000;100;8;2700;0,0000;0,0000;0,0000;0,0000;0,0000;0,0000;0;0;0;0
20260611_1518;Consistência_200;classification;LeveragingBagging;Otimizado_FullFeatures;classifier;classifier;classifier;N/A;N/A;N/A;2000;100;9;2800;0,0000;0,0000;0,0000;0,0000;0,0000;0,0000;0;0;0;0
20260611_1518;Consistência_200;classification;LeveragingBagging;Otimizado_FullFeatures;classifier;classifier;classifier;N/A;N/A;N/A;2000;100;10;2900;0,0000;0,0000;0,0000;0,0000;0,0000;0,0000;0;0;0;0
20260611_1518;Consistência_200;classification;LeveragingBagging;Otimizado_FullFeatures;classifier;classifier;classifier;N/A;N/A;N/A;2000;100;11;3000;0,0000;0,0000;0,0000;0,0000;0,0000;0,0000;0;0;0;0
20260611_1518;Consistência_200;classification;LeveragingBagging;Otimizado_FullFeatures;classifier;classifier;classifier;N/A;N/A;N/A;2000;100;12;3100;0,0000;0,0000;0,0000;0,0000;0,0000;0,0000;0;0;0;0
20260611_1518;Consistência_200;classification;LeveragingBagging;Otimizado_FullFeatures;classifier;classifier;classifier;N/A;N/A;N/A;2000;100;13;3200;0,0000;0,0000;0,0000;0,0000;0,0000;0,0000;0;0;0;0
20260611_1518;Consistência_200;classification;LeveragingBagging;Otimizado_FullFeatures;classifier;classifier;classifier;N/A;N/A;N/A;2000;100;14;3300;0,0000;0,0000;0,0000;0,0000;0,0000;0,0000;0;0;0;0
20260611_1518;Consistência_200;classification;LeveragingBagging;Otimizado_FullFeatures;classifier;classifier;classifier;N/A;N/A;N/A;2000;100;15;3400;0,0000;0,0000;0,0000;0,0000;0,0000;0,0000;0;0;0;0
20260611_1518;Consistência_200;classification;LeveragingBagging;Otimizado_FullFeatures;classifier;classifier;classifier;N/A;N/A;N/A;2000;100;16;3500;0,0000;0,0000;0,0000;0,0000;0,0000;0,0000;0;0;0;0
20260611_1518;Consistência_200;classification;LeveragingBagging;Otimizado_FullFeatures;classifier;classifier;classifier;N/A;N/A;N/A;2000;100;17;3600;0,0000;0,0000;0,0000;0,0000;0,0000;0,0000;0;0;0;0
20260611_1518;Consistência_200;classification;LeveragingBagging;Otimizado_FullFeatures;classifier;classifier;classifier;N/A;N/A;N/A;2000;100;18;3700;0,0000;0,0000;0,0000;0,0000;0,0000;0,0000;0;0;0;0
20260611_1518;Consistência_200;classification;LeveragingBagging;Otimizado_FullFeatures;classifier;classifier;classifier;N/A;N/A;N/A;2000;100;19;3800;94,8430;0,8467;100,0000;0,0000;90,2041;1,5272;0;0;5;1
20260611_1518;Consistência_200;classification;LeveragingBagging;Otimizado_FullFeatures;classifier;classifier;classifier;N/A;N/A;N/A;2000;100;20;3900;98,2593;0,2453;97,7747;0,4877;98,7500;0,0000;2;1;1;0
20260611_1518;Consistência_200;classification;LeveragingBagging;Otimizado_FullFeatures;classifier;classifier;classifier;N/A;N/A;N/A;2000;100;21;4000;94,9936;0,8770;91,5286;1,4324;98,7500;1,0206;5;1;1;1
20260611_1518;Consistência_200;classification;LeveragingBagging;Otimizado_FullFeatures;classifier;classifier;classifier;N/A;N/A;N/A;2000;100;22;4100;0,0000;0,0000;0,0000;0,0000;0,0000;0,0000;0;0;0;0
20260611_1518;Consistência_200;classification;LeveragingBagging;Otimizado_FullFeatures;classifier;classifier;classifier;N/A;N/A;N/A;2000;100;23;4200;0,0000;0,0000;0,0000;0,0000;0,0000;0,0000;1;0;0;0
20260611_1518;Consistência_200;classification;LeveragingBagging;Otimizado_FullFeatures;classifier;classifier;classifier;N/A;N/A;N/A;2000;100;24;4300;0,0000;0,0000;0,0000;0,0000;0,0000;0,0000;0;0;0;0
20260611_1518;Consistência_200;classification;LeveragingBagging;Otimizado_FullFeatures;classifier;classifier;classifier;N/A;N/A;N/A;2000;100;25;4400;0,0000;0,0000;0,0000;0,0000;0,0000;0,0000;0;0;0;0
20260611_1518;Consistência_200;classification;LeveragingBagging;Otimizado_FullFeatures;classifier;classifier;classifier;N/A;N/A;N/A;2000;100;26;4500;0,0000;0,0000;0,0000;0,0000;0,0000;0,0000;0;0;0;0
20260611_1518;Consistência_200;classification;LeveragingBagging;Otimizado_FullFeatures;classifier;classifier;classifier;N/A;N/A;N/A;2000;100;27;4600;0,0000;0,0000;0,0000;0,0000;0,0000;0,0000;0;0;0;0
20260611_1518;Consistência_200;classification;LeveragingBagging;Otimizado_FullFeatures;classifier;classifier;classifier;N/A;N/A;N/A;2000;100;28;4700;0,0000;0,0000;0,0000;0,0000;0,0000;0,0000;0;0;0;0
20260611_1518;Consistência_200;classification;LeveragingBagging;Otimizado_FullFeatures;classifier;classifier;classifier;N/A;N/A;N/A;2000;100;29;4800;0,0000;0,0000;0,0000;0,0000;0,0000;0,0000;0;0;0;0
20260611_1518;Consistência_200;classification;LeveragingBagging;Otimizado_FullFeatures;classifier;classifier;classifier;N/A;N/A;N/A;2000;100;30;4900;0,0000;0,0000;0,0000;0,0000;0,0000;0,0000;0;0;0;0
20260611_1518;Consistência_200;classification;LeveragingBagging;Otimizado_FullFeatures;classifier;classifier;classifier;N/A;N/A;N/A;2000;100;31;5000;0,0000;0,0000;0,0000;0,0000;0,0000;0,0000;0;0;0;0
20260611_1518;Consistência_200;classification;LeveragingBagging;Otimizado_FullFeatures;classifier;classifier;classifier;N/A;N/A;N/A;2000;100;32;5100;0,0000;0,0000;0,0000;0,0000;0,0000;0,0000;1;1;0;0
20260611_1518;Consistência_200;classification;LeveragingBagging;Otimizado_FullFeatures;classifier;classifier;classifier;N/A;N/A;N/A;2000;100;33;5200;0,0000;0,0000;0,0000;0,0000;0,0000;0,0000;0;0;0;0
20260611_1518;Consistência_200;classification;LeveragingBagging;Otimizado_FullFeatures;classifier;classifier;classifier;N/A;N/A;N/A;2000;100;34;5300;0,0000;0,0000;0,0000;0,0000;0,0000;0,0000;0;0;0;0
20260611_1518;Consistência_200;classification;LeveragingBagging;Otimizado_FullFeatures;classifier;classifier;classifier;N/A;N/A;N/A;2000;100;35;5400;0,0000;0,0000;0,0000;0,0000;0,0000;0,0000;0;0;0;0
20260611_1518;Consistência_200;classification;LeveragingBagging;Otimizado_FullFeatures;classifier;classifier;classifier;N/A;N/A;N/A;2000;100;36;5500;0,0000;0,0000;0,0000;0,0000;0,0000;0,0000;0;0;0;0
20260611_1518;Consistência_200;classification;LeveragingBagging;Otimizado_FullFeatures;classifier;classifier;classifier;N/A;N/A;N/A;2000;100;37;5600;0,0000;0,0000;0,0000;0,0000;0,0000;0,0000;0;0;0;0
20260611_1518;Consistência_200;classification;LeveragingBagging;Otimizado_FullFeatures;classifier;classifier;classifier;N/A;N/A;N/A;2000;100;38;5700;0,0000;0,0000;0,0000;0,0000;0,0000;0,0000;0;0;0;0
20260611_1518;Consistência_200;classification;LeveragingBagging;Otimizado_FullFeatures;classifier;classifier;classifier;N/A;N/A;N/A;2000;100;39;5800;0,0000;0,0000;0,0000;0,0000;0,0000;0,0000;0;0;0;0
20260611_1518;Consistência_200;classification;LeveragingBagging;Otimizado_FullFeatures;classifier;classifier;classifier;N/A;N/A;N/A;2000;100;40;5900;0,0000;0,0000;0,0000;0,0000;0,0000;0,0000;0;0;0;0
20260611_1518;Consistência_200;classification;LeveragingBagging;Otimizado_FullFeatures;classifier;classifier;classifier;N/A;N/A;N/A;2000;100;41;6000;0,0000;0,0000;0,0000;0,0000;0,0000;0,0000;0;0;0;0
20260611_1518;Consistência_200;classification;LeveragingBagging;Otimizado_FullFeatures;classifier;classifier;classifier;N/A;N/A;N/A;2000;100;42;6100;0,0000;0,0000;0,0000;0,0000;0,0000;0,0000;0;0;0;0
20260611_1518;Consistência_200;classification;LeveragingBagging;Otimizado_FullFeatures;classifier;classifier;classifier;N/A;N/A;N/A;2000;100;43;6200;0,0000;0,0000;0,0000;0,0000;0,0000;0,0000;0;0;0;0
20260611_1518;Consistência_200;classification;LeveragingBagging;Otimizado_FullFeatures;classifier;classifier;classifier;N/A;N/A;N/A;2000;100;44;6300;0,0000;0,0000;0,0000;0,0000;0,0000;0,0000;0;0;0;0
20260611_1518;Consistência_200;classification;LeveragingBagging;Otimizado_FullFeatures;classifier;classifier;classifier;N/A;N/A;N/A;2000;100;45;6400;0,0000;0,0000;0,0000;0,0000;0,0000;0,0000;0;0;0;0
20260611_1518;Consistência_200;classification;LeveragingBagging;Otimizado_FullFeatures;classifier;classifier;classifier;N/A;N/A;N/A;2000;100;46;6500;0,0000;0,0000;0,0000;0,0000;0,0000;0,0000;0;0;0;0
20260611_1518;Consistência_200;classification;LeveragingBagging;Otimizado_FullFeatures;classifier;classifier;classifier;N/A;N/A;N/A;2000;100;47;6600;0,0000;0,0000;0,0000;0,0000;0,0000;0,0000;0;0;0;0
20260611_1518;Consistência_200;classification;LeveragingBagging;Otimizado_FullFeatures;classifier;classifier;classifier;N/A;N/A;N/A;2000;100;48;6700;0,0000;0,0000;0,0000;0,0000;0,0000;0,0000;0;0;0;0
20260611_1518;Consistência_200;classification;LeveragingBagging;Otimizado_FullFeatures;classifier;classifier;classifier;N/A;N/A;N/A;2000;100;49;6800;0,0000;0,0000;0,0000;0,0000;0,0000;0,0000;0;0;0;0
20260611_1518;Consistência_200;classification;LeveragingBagging;Otimizado_FullFeatures;classifier;classifier;classifier;N/A;N/A;N/A;2000;100;50;6900;0,0000;0,0000;0,0000;0,0000;0,0000;0,0000;0;0;0;0
20260611_1518;Consistência_200;classification;LeveragingBagging;Otimizado_FullFeatures;classifier;classifier;classifier;N/A;N/A;N/A;2000;100;51;7000;0,0000;0,0000;0,0000;0,0000;0,0000;0,0000;0;0;0;0
20260611_1518;Consistência_200;classification;LeveragingBagging;Otimizado_FullFeatures;classifier;classifier;classifier;N/A;N/A;N/A;2000;100;52;7100;0,0000;0,0000;0,0000;0,0000;0,0000;0,0000;0;0;0;0
20260611_1518;Consistência_200;classification;LeveragingBagging;Otimizado_FullFeatures;classifier;classifier;classifier;N/A;N/A;N/A;2000;100;53;7200;0,0000;0,0000;0,0000;0,0000;0,0000;0,0000;0;0;0;0
20260611_1518;Consistência_200;classification;LeveragingBagging;Otimizado_FullFeatures;classifier;classifier;classifier;N/A;N/A;N/A;2000;100;54;7300;0,0000;0,0000;0,0000;0,0000;0,0000;0,0000;0;0;0;0
20260611_1518;Consistência_200;classification;LeveragingBagging;Otimizado_FullFeatures;classifier;classifier;classifier;N/A;N/A;N/A;2000;100;55;7400;0,0000;0,0000;0,0000;0,0000;0,0000;0,0000;0;0;0;0
20260611_1518;Consistência_200;classification;LeveragingBagging;Otimizado_FullFeatures;classifier;classifier;classifier;N/A;N/A;N/A;2000;100;56;7500;0,0000;0,0000;0,0000;0,0000;0,0000;0,0000;0;0;0;0
20260611_1518;Consistência_200;classification;LeveragingBagging;Otimizado_FullFeatures;classifier;classifier;classifier;N/A;N/A;N/A;2000;100;57;7600;0,0000;0,0000;0,0000;0,0000;0,0000;0,0000;0;0;0;0
20260611_1518;Consistência_200;classification;LeveragingBagging;Otimizado_FullFeatures;classifier;classifier;classifier;N/A;N/A;N/A;2000;100;58;7700;100,0000;0,0000;100,0000;0,0000;100,0000;0,0000;0;0;0;0
20260611_1518;Consistência_200;classification;LeveragingBagging;Otimizado_FullFeatures;classifier;classifier;classifier;N/A;N/A;N/A;2000;100;59;7800;97,8269;0,7772;100,0000;0,0000;95,7576;1,4845;0;0;5;2
20260611_1518;Consistência_200;classification;LeveragingBagging;Otimizado_FullFeatures;classifier;classifier;classifier;N/A;N/A;N/A;2000;100;60;7900;98,1525;1,6147;100,0000;0,0000;96,4211;3,0941;0;0;4;3
20260611_1518;Consistência_200;classification;LeveragingBagging;Otimizado_FullFeatures;classifier;classifier;classifier;N/A;N/A;N/A;2000;100;61;8000;0,0000;0,0000;0,0000;0,0000;0,0000;0,0000;0;0;0;0
20260611_1518;Consistência_200;classification;LeveragingBagging;Otimizado_FullFeatures;classifier;classifier;classifier;N/A;N/A;N/A;2000;100;62;8100;0,0000;0,0000;0,0000;0,0000;0,0000;0,0000;0;0;0;0
20260611_1518;Consistência_200;classification;LeveragingBagging;Otimizado_FullFeatures;classifier;classifier;classifier;N/A;N/A;N/A;2000;100;63;8200;0,0000;0,0000;0,0000;0,0000;0,0000;0,0000;0;0;0;0
20260611_1518;Consistência_200;classification;LeveragingBagging;Otimizado_FullFeatures;classifier;classifier;classifier;N/A;N/A;N/A;2000;100;64;8300;0,0000;0,0000;0,0000;0,0000;0,0000;0,0000;0;0;0;0
20260611_1518;Consistência_200;classification;LeveragingBagging;Otimizado_FullFeatures;classifier;classifier;classifier;N/A;N/A;N/A;2000;100;65;8400;0,0000;0,0000;0,0000;0,0000;0,0000;0,0000;0;0;0;0
20260611_1518;Consistência_200;classification;LeveragingBagging;Otimizado_FullFeatures;classifier;classifier;classifier;N/A;N/A;N/A;2000;100;66;8500;0,0000;0,0000;0,0000;0,0000;0,0000;0,0000;0;0;0;0
20260611_1518;Consistência_200;classification;LeveragingBagging;Otimizado_FullFeatures;classifier;classifier;classifier;N/A;N/A;N/A;2000;100;67;8600;0,0000;0,0000;0,0000;0,0000;0,0000;0,0000;0;0;0;0
20260611_1518;Consistência_200;classification;LeveragingBagging;Otimizado_FullFeatures;classifier;classifier;classifier;N/A;N/A;N/A;2000;100;68;8700;0,0000;0,0000;0,0000;0,0000;0,0000;0,0000;0;0;0;0
20260611_1518;Consistência_200;classification;LeveragingBagging;Otimizado_FullFeatures;classifier;classifier;classifier;N/A;N/A;N/A;2000;100;69;8800;0,0000;0,0000;0,0000;0,0000;0,0000;0,0000;0;0;0;0
20260611_1518;Consistência_200;classification;LeveragingBagging;Otimizado_FullFeatures;classifier;classifier;classifier;N/A;N/A;N/A;2000;100;70;8900;0,0000;0,0000;0,0000;0,0000;0,0000;0,0000;0;0;0;0
20260611_1518;Consistência_200;classification;LeveragingBagging;Otimizado_FullFeatures;classifier;classifier;classifier;N/A;N/A;N/A;2000;100;71;9000;0,0000;0,0000;0,0000;0,0000;0,0000;0,0000;0;0;0;0
20260611_1518;Consistência_200;classification;LeveragingBagging;Otimizado_FullFeatures;classifier;classifier;classifier;N/A;N/A;N/A;2000;100;72;9100;0,0000;0,0000;0,0000;0,0000;0,0000;0,0000;0;0;0;0
20260611_1518;Consistência_200;classification;LeveragingBagging;Otimizado_FullFeatures;classifier;classifier;classifier;N/A;N/A;N/A;2000;100;73;9200;0,0000;0,0000;0,0000;0,0000;0,0000;0,0000;0;0;0;0
20260611_1518;Consistência_200;classification;LeveragingBagging;Otimizado_FullFeatures;classifier;classifier;classifier;N/A;N/A;N/A;2000;100;74;9300;0,0000;0,0000;0,0000;0,0000;0,0000;0,0000;0;0;0;0
20260611_1518;Consistência_200;classification;LeveragingBagging;Otimizado_FullFeatures;classifier;classifier;classifier;N/A;N/A;N/A;2000;100;75;9400;0,0000;0,0000;0,0000;0,0000;0,0000;0,0000;0;0;0;0
20260611_1518;Consistência_200;classification;LeveragingBagging;Otimizado_FullFeatures;classifier;classifier;classifier;N/A;N/A;N/A;2000;100;76;9500;0,0000;0,0000;0,0000;0,0000;0,0000;0,0000;0;0;0;0
20260611_1518;Consistência_200;classification;LeveragingBagging;Otimizado_FullFeatures;classifier;classifier;classifier;N/A;N/A;N/A;2000;100;77;9600;0,0000;0,0000;0,0000;0,0000;0,0000;0,0000;0;0;0;0
20260611_1518;Consistência_200;classification;LeveragingBagging;Otimizado_FullFeatures;classifier;classifier;classifier;N/A;N/A;N/A;2000;100;78;9700;0,0000;0,0000;0,0000;0,0000;0,0000;0,0000;0;0;0;0
20260611_1518;Consistência_200;classification;LeveragingBagging;Otimizado_FullFeatures;classifier;classifier;classifier;N/A;N/A;N/A;2000;100;79;9800;0,0000;0,0000;0,0000;0,0000;0,0000;0,0000;0;0;0;0
20260611_1518;Consistência_200;classification;LeveragingBagging;Otimizado_FullFeatures;classifier;classifier;classifier;N/A;N/A;N/A;2000;100;80;9900;0,0000;0,0000;0,0000;0,0000;0,0000;0,0000;0;0;0;0
20260611_1518;Consistência_200;classification;LeveragingBagging;Otimizado_FullFeatures;classifier;classifier;classifier;N/A;N/A;N/A;2000;100;81;10000;0,0000;0,0000;0,0000;0,0000;0,0000;0,0000;0;0;0;0
20260611_1518;Consistência_200;classification;LeveragingBagging;Otimizado_FullFeatures;classifier;classifier;classifier;N/A;N/A;N/A;2000;100;82;10100;0,0000;0,0000;0,0000;0,0000;0,0000;0,0000;0;0;0;0
20260611_1518;Consistência_200;classification;LeveragingBagging;Otimizado_FullFeatures;classifier;classifier;classifier;N/A;N/A;N/A;2000;100;83;10200;0,0000;0,0000;0,0000;0,0000;0,0000;0,0000;0;0;0;0
20260611_1518;Consistência_200;classification;LeveragingBagging;Otimizado_FullFeatures;classifier;classifier;classifier;N/A;N/A;N/A;2000;100;84;10300;0,0000;0,0000;0,0000;0,0000;0,0000;0,0000;0;0;0;0
20260611_1518;Consistência_200;classification;LeveragingBagging;Otimizado_FullFeatures;classifier;classifier;classifier;N/A;N/A;N/A;2000;100;85;10400;0,0000;0,0000;0,0000;0,0000;0,0000;0,0000;0;0;0;0
20260611_1518;Consistência_200;classification;LeveragingBagging;Otimizado_FullFeatures;classifier;classifier;classifier;N/A;N/A;N/A;2000;100;86;10500;0,0000;0,0000;0,0000;0,0000;0,0000;0,0000;0;0;0;0
20260611_1518;Consistência_200;classification;LeveragingBagging;Otimizado_FullFeatures;classifier;classifier;classifier;N/A;N/A;N/A;2000;100;87;10600;0,0000;0,0000;0,0000;0,0000;0,0000;0,0000;0;0;0;0
20260611_1518;Consistência_200;classification;LeveragingBagging;Otimizado_FullFeatures;classifier;classifier;classifier;N/A;N/A;N/A;2000;100;88;10700;0,0000;0,0000;0,0000;0,0000;0,0000;0,0000;0;0;0;0
20260611_1518;Consistência_200;classification;LeveragingBagging;Otimizado_FullFeatures;classifier;classifier;classifier;N/A;N/A;N/A;2000;100;89;10800;0,0000;0,0000;0,0000;0,0000;0,0000;0,0000;0;0;0;0
20260611_1518;Consistência_200;classification;LeveragingBagging;Otimizado_FullFeatures;classifier;classifier;classifier;N/A;N/A;N/A;2000;100;90;10900;0,0000;0,0000;0,0000;0,0000;0,0000;0,0000;0;0;0;0
20260611_1518;Consistência_200;classification;LeveragingBagging;Otimizado_FullFeatures;classifier;classifier;classifier;N/A;N/A;N/A;2000;100;91;11000;0,0000;0,0000;0,0000;0,0000;0,0000;0,0000;0;0;0;0
20260611_1518;Consistência_200;classification;LeveragingBagging;Otimizado_FullFeatures;classifier;classifier;classifier;N/A;N/A;N/A;2000;100;92;11100;0,0000;0,0000;0,0000;0,0000;0,0000;0,0000;0;0;0;0
20260611_1518;Consistência_200;classification;LeveragingBagging;Otimizado_FullFeatures;classifier;classifier;classifier;N/A;N/A;N/A;2000;100;93;11200;0,0000;0,0000;0,0000;0,0000;0,0000;0,0000;0;0;0;0
20260611_1518;Consistência_200;classification;LeveragingBagging;Otimizado_FullFeatures;classifier;classifier;classifier;N/A;N/A;N/A;2000;100;94;11300;0,0000;0,0000;0,0000;0,0000;0,0000;0,0000;0;0;0;0
20260611_1518;Consistência_200;classification;LeveragingBagging;Otimizado_FullFeatures;classifier;classifier;classifier;N/A;N/A;N/A;2000;100;95;11400;0,0000;0,0000;0,0000;0,0000;0,0000;0,0000;0;0;0;0
20260611_1518;Consistência_200;classification;LeveragingBagging;Otimizado_FullFeatures;classifier;classifier;classifier;N/A;N/A;N/A;2000;100;96;11500;0,0000;0,0000;0,0000;0,0000;0,0000;0,0000;1;1;0;0
20260611_1518;Consistência_200;classification;LeveragingBagging;Otimizado_FullFeatures;classifier;classifier;classifier;N/A;N/A;N/A;2000;100;97;11600;0,0000;0,0000;0,0000;0,0000;0,0000;0,0000;0;0;0;0
20260611_1518;Consistência_200;classification;LeveragingBagging;Otimizado_FullFeatures;classifier;classifier;classifier;N/A;N/A;N/A;2000;100;98;11700;94,4892;1,6462;100,0000;0,0000;89,6000;2,9394;0;0;6;2
20260611_1518;Consistência_200;classification;LeveragingBagging;Otimizado_FullFeatures;classifier;classifier;classifier;N/A;N/A;N/A;2000;100;99;11800;89,4953;3,9169;100,0000;0,0000;81,2121;6,3275;0;0;13;5
20260611_1518;Consistência_200;classification;LeveragingBagging;Otimizado_FullFeatures;classifier;classifier;classifier;N/A;N/A;N/A;2000;100;100;11900;96,0860;1,3763;100,0000;0,0000;92,5000;2,5000;0;0;2;1
20260611_1518;Consistência_200;classification;LeveragingBagging;Otimizado_FullFeatures;classifier;classifier;classifier;N/A;N/A;N/A;2000;100;101;12000;0,0000;0,0000;0,0000;0,0000;0,0000;0,0000;0;0;0;0
20260611_1518;Consistência_200;classification;LeveragingBagging;Otimizado_FullFeatures;classifier;classifier;classifier;N/A;N/A;N/A;2000;100;102;12100;0,0000;0,0000;0,0000;0,0000;0,0000;0,0000;0;0;0;0
20260611_1518;Consistência_200;classification;LeveragingBagging;Otimizado_FullFeatures;classifier;classifier;classifier;N/A;N/A;N/A;2000;100;103;12200;0,0000;0,0000;0,0000;0,0000;0,0000;0,0000;0;0;0;0
20260611_1518;Consistência_200;classification;LeveragingBagging;Otimizado_FullFeatures;classifier;classifier;classifier;N/A;N/A;N/A;2000;100;104;12300;0,0000;0,0000;0,0000;0,0000;0,0000;0,0000;0;0;0;0
20260611_1518;Consistência_200;classification;LeveragingBagging;Otimizado_FullFeatures;classifier;classifier;classifier;N/A;N/A;N/A;2000;100;105;12400;0,0000;0,0000;0,0000;0,0000;0,0000;0,0000;1;0;0;0
20260611_1518;Consistência_200;classification;LeveragingBagging;Otimizado_FullFeatures;classifier;classifier;classifier;N/A;N/A;N/A;2000;100;106;12500;0,0000;0,0000;0,0000;0,0000;0,0000;0,0000;0;0;0;0
20260611_1518;Consistência_200;classification;LeveragingBagging;Otimizado_FullFeatures;classifier;classifier;classifier;N/A;N/A;N/A;2000;100;107;12600;0,0000;0,0000;0,0000;0,0000;0,0000;0,0000;0;0;0;0
20260611_1518;Consistência_200;classification;LeveragingBagging;Otimizado_FullFeatures;classifier;classifier;classifier;N/A;N/A;N/A;2000;100;108;12700;0,0000;0,0000;0,0000;0,0000;0,0000;0,0000;0;0;0;0
20260611_1518;Consistência_200;classification;LeveragingBagging;Otimizado_FullFeatures;classifier;classifier;classifier;N/A;N/A;N/A;2000;100;109;12800;0,0000;0,0000;0,0000;0,0000;0,0000;0,0000;0;0;0;0
20260611_1518;Consistência_200;classification;LeveragingBagging;Otimizado_FullFeatures;classifier;classifier;classifier;N/A;N/A;N/A;2000;100;110;12900;0,0000;0,0000;0,0000;0,0000;0,0000;0,0000;0;0;0;0
20260611_1518;Consistência_200;classification;LeveragingBagging;Otimizado_FullFeatures;classifier;classifier;classifier;N/A;N/A;N/A;2000;100;111;13000;0,0000;0,0000;0,0000;0,0000;0,0000;0,0000;0;0;0;0
20260611_1518;Consistência_200;classification;LeveragingBagging;Otimizado_FullFeatures;classifier;classifier;classifier;N/A;N/A;N/A;2000;100;112;13100;0,0000;0,0000;0,0000;0,0000;0,0000;0,0000;0;0;0;0
20260611_1518;Consistência_200;classification;LeveragingBagging;Otimizado_FullFeatures;classifier;classifier;classifier;N/A;N/A;N/A;2000;100;113;13200;0,0000;0,0000;0,0000;0,0000;0,0000;0,0000;0;0;0;0
20260611_1518;Consistência_200;classification;LeveragingBagging;Otimizado_FullFeatures;classifier;classifier;classifier;N/A;N/A;N/A;2000;100;114;13300;0,0000;0,0000;0,0000;0,0000;0,0000;0,0000;0;0;0;0
20260611_1518;Consistência_200;classification;LeveragingBagging;Otimizado_FullFeatures;classifier;classifier;classifier;N/A;N/A;N/A;2000;100;115;13400;0,0000;0,0000;0,0000;0,0000;0,0000;0,0000;0;0;0;0
20260611_1518;Consistência_200;classification;LeveragingBagging;Otimizado_FullFeatures;classifier;classifier;classifier;N/A;N/A;N/A;2000;100;116;13500;0,0000;0,0000;0,0000;0,0000;0,0000;0,0000;0;0;0;0
20260611_1518;Consistência_200;classification;LeveragingBagging;Otimizado_FullFeatures;classifier;classifier;classifier;N/A;N/A;N/A;2000;100;117;13600;0,0000;0,0000;0,0000;0,0000;0,0000;0,0000;0;0;0;0
20260611_1518;Consistência_200;classification;LeveragingBagging;Otimizado_FullFeatures;classifier;classifier;classifier;N/A;N/A;N/A;2000;100;118;13700;0,0000;0,0000;0,0000;0,0000;0,0000;0,0000;0;0;0;0
20260611_1518;Consistência_200;classification;LeveragingBagging;Otimizado_FullFeatures;classifier;classifier;classifier;N/A;N/A;N/A;2000;100;119;13800;0,0000;0,0000;0,0000;0,0000;0,0000;0,0000;0;0;0;0
20260611_1518;Consistência_200;classification;LeveragingBagging;Otimizado_FullFeatures;classifier;classifier;classifier;N/A;N/A;N/A;2000;100;120;13900;0,0000;0,0000;0,0000;0,0000;0,0000;0,0000;0;0;0;0
20260611_1518;Consistência_200;classification;LeveragingBagging;Otimizado_FullFeatures;classifier;classifier;classifier;N/A;N/A;N/A;2000;100;121;14000;0,0000;0,0000;0,0000;0,0000;0,0000;0,0000;0;0;0;0
20260611_1518;Consistência_200;classification;LeveragingBagging;Otimizado_FullFeatures;classifier;classifier;classifier;N/A;N/A;N/A;2000;100;122;14100;0,0000;0,0000;0,0000;0,0000;0,0000;0,0000;0;0;0;0
20260611_1518;Consistência_200;classification;LeveragingBagging;Otimizado_FullFeatures;classifier;classifier;classifier;N/A;N/A;N/A;2000;100;123;14200;0,0000;0,0000;0,0000;0,0000;0,0000;0,0000;0;0;0;0
20260611_1518;Consistência_200;classification;LeveragingBagging;Otimizado_FullFeatures;classifier;classifier;classifier;N/A;N/A;N/A;2000;100;124;14300;0,0000;0,0000;0,0000;0,0000;0,0000;0,0000;0;0;0;0
20260611_1518;Consistência_200;classification;LeveragingBagging;Otimizado_FullFeatures;classifier;classifier;classifier;N/A;N/A;N/A;2000;100;125;14400;0,0000;0,0000;0,0000;0,0000;0,0000;0,0000;0;0;0;0
20260611_1518;Consistência_200;classification;LeveragingBagging;Otimizado_FullFeatures;classifier;classifier;classifier;N/A;N/A;N/A;2000;100;126;14500;0,0000;0,0000;0,0000;0,0000;0,0000;0,0000;0;0;0;0
20260611_1518;Consistência_200;classification;LeveragingBagging;Otimizado_FullFeatures;classifier;classifier;classifier;N/A;N/A;N/A;2000;100;127;14600;0,0000;0,0000;0,0000;0,0000;0,0000;0,0000;0;0;0;0
20260611_1518;Consistência_200;classification;LeveragingBagging;Otimizado_FullFeatures;classifier;classifier;classifier;N/A;N/A;N/A;2000;100;128;14700;0,0000;0,0000;0,0000;0,0000;0,0000;0,0000;0;0;0;0
20260611_1518;Consistência_200;classification;LeveragingBagging;Otimizado_FullFeatures;classifier;classifier;classifier;N/A;N/A;N/A;2000;100;129;14800;0,0000;0,0000;0,0000;0,0000;0,0000;0,0000;0;0;0;0
20260611_1518;Consistência_200;classification;LeveragingBagging;Otimizado_FullFeatures;classifier;classifier;classifier;N/A;N/A;N/A;2000;100;130;14900;0,0000;0,0000;0,0000;0,0000;0,0000;0,0000;0;0;0;0
20260611_1518;Consistência_200;classification;LeveragingBagging;Otimizado_FullFeatures;classifier;classifier;classifier;N/A;N/A;N/A;2000;100;131;15000;0,0000;0,0000;0,0000;0,0000;0,0000;0,0000;0;0;0;0
20260611_1518;Consistência_200;classification;LeveragingBagging;Otimizado_FullFeatures;classifier;classifier;classifier;N/A;N/A;N/A;2000;100;132;15100;0,0000;0,0000;0,0000;0,0000;0,0000;0,0000;0;0;0;0
20260611_1518;Consistência_200;classification;LeveragingBagging;Otimizado_FullFeatures;classifier;classifier;classifier;N/A;N/A;N/A;2000;100;133;15200;0,0000;0,0000;0,0000;0,0000;0,0000;0,0000;0;0;0;0
20260611_1518;Consistência_200;classification;LeveragingBagging;Otimizado_FullFeatures;classifier;classifier;classifier;N/A;N/A;N/A;2000;100;134;15300;0,0000;0,0000;0,0000;0,0000;0,0000;0,0000;0;0;0;0
20260611_1518;Consistência_200;classification;LeveragingBagging;Otimizado_FullFeatures;classifier;classifier;classifier;N/A;N/A;N/A;2000;100;135;15400;0,0000;0,0000;0,0000;0,0000;0,0000;0,0000;0;0;0;0
20260611_1518;Consistência_200;classification;LeveragingBagging;Otimizado_FullFeatures;classifier;classifier;classifier;N/A;N/A;N/A;2000;100;136;15500;0,0000;0,0000;0,0000;0,0000;0,0000;0,0000;0;0;0;0
20260611_1518;Consistência_1000;classification;LeveragingBagging;Otimizado_FullFeatures;classifier;classifier;classifier;N/A;N/A;N/A;2000;100;1;2000;0,0000;0,0000;0,0000;0,0000;0,0000;0,0000;0;0;0;0
20260611_1518;Consistência_1000;classification;LeveragingBagging;Otimizado_FullFeatures;classifier;classifier;classifier;N/A;N/A;N/A;2000;100;2;2100;0,0000;0,0000;0,0000;0,0000;0,0000;0,0000;0;0;0;0
20260611_1518;Consistência_1000;classification;LeveragingBagging;Otimizado_FullFeatures;classifier;classifier;classifier;N/A;N/A;N/A;2000;100;3;2200;0,0000;0,0000;0,0000;0,0000;0,0000;0,0000;0;0;0;0
20260611_1518;Consistência_1000;classification;LeveragingBagging;Otimizado_FullFeatures;classifier;classifier;classifier;N/A;N/A;N/A;2000;100;4;2300;0,0000;0,0000;0,0000;0,0000;0,0000;0,0000;0;0;0;0
20260611_1518;Consistência_1000;classification;LeveragingBagging;Otimizado_FullFeatures;classifier;classifier;classifier;N/A;N/A;N/A;2000;100;5;2400;0,0000;0,0000;0,0000;0,0000;0,0000;0,0000;0;0;0;0
20260611_1518;Consistência_1000;classification;LeveragingBagging;Otimizado_FullFeatures;classifier;classifier;classifier;N/A;N/A;N/A;2000;100;6;2500;0,0000;0,0000;0,0000;0,0000;0,0000;0,0000;0;0;0;0
20260611_1518;Consistência_1000;classification;LeveragingBagging;Otimizado_FullFeatures;classifier;classifier;classifier;N/A;N/A;N/A;2000;100;7;2600;0,0000;0,0000;0,0000;0,0000;0,0000;0,0000;0;0;0;0
20260611_1518;Consistência_1000;classification;LeveragingBagging;Otimizado_FullFeatures;classifier;classifier;classifier;N/A;N/A;N/A;2000;100;8;2700;0,0000;0,0000;0,0000;0,0000;0,0000;0,0000;0;0;0;0
20260611_1518;Consistência_1000;classification;LeveragingBagging;Otimizado_FullFeatures;classifier;classifier;classifier;N/A;N/A;N/A;2000;100;9;2800;0,0000;0,0000;0,0000;0,0000;0,0000;0,0000;0;0;0;0
20260611_1518;Consistência_1000;classification;LeveragingBagging;Otimizado_FullFeatures;classifier;classifier;classifier;N/A;N/A;N/A;2000;100;10;2900;0,0000;0,0000;0,0000;0,0000;0,0000;0,0000;0;0;0;0
20260611_1518;Consistência_1000;classification;LeveragingBagging;Otimizado_FullFeatures;classifier;classifier;classifier;N/A;N/A;N/A;2000;100;11;3000;0,0000;0,0000;0,0000;0,0000;0,0000;0,0000;0;0;0;0
20260611_1518;Consistência_1000;classification;LeveragingBagging;Otimizado_FullFeatures;classifier;classifier;classifier;N/A;N/A;N/A;2000;100;12;3100;0,0000;0,0000;0,0000;0,0000;0,0000;0,0000;0;0;0;0
20260611_1518;Consistência_1000;classification;LeveragingBagging;Otimizado_FullFeatures;classifier;classifier;classifier;N/A;N/A;N/A;2000;100;13;3200;0,0000;0,0000;0,0000;0,0000;0,0000;0,0000;0;0;0;0
20260611_1518;Consistência_1000;classification;LeveragingBagging;Otimizado_FullFeatures;classifier;classifier;classifier;N/A;N/A;N/A;2000;100;14;3300;0,0000;0,0000;0,0000;0,0000;0,0000;0,0000;0;0;0;0
20260611_1518;Consistência_1000;classification;LeveragingBagging;Otimizado_FullFeatures;classifier;classifier;classifier;N/A;N/A;N/A;2000;100;15;3400;0,0000;0,0000;0,0000;0,0000;0,0000;0,0000;0;0;0;0
20260611_1518;Consistência_1000;classification;LeveragingBagging;Otimizado_FullFeatures;classifier;classifier;classifier;N/A;N/A;N/A;2000;100;16;3500;0,0000;0,0000;0,0000;0,0000;0,0000;0,0000;0;0;0;0
20260611_1518;Consistência_1000;classification;LeveragingBagging;Otimizado_FullFeatures;classifier;classifier;classifier;N/A;N/A;N/A;2000;100;17;3600;0,0000;0,0000;0,0000;0,0000;0,0000;0,0000;0;0;0;0
20260611_1518;Consistência_1000;classification;LeveragingBagging;Otimizado_FullFeatures;classifier;classifier;classifier;N/A;N/A;N/A;2000;100;18;3700;0,0000;0,0000;0,0000;0,0000;0,0000;0,0000;0;0;0;0
20260611_1518;Consistência_1000;classification;LeveragingBagging;Otimizado_FullFeatures;classifier;classifier;classifier;N/A;N/A;N/A;2000;100;19;3800;93,5289;0,7185;99,1107;1,0896;88,5714;1,6327;1;1;6;1
20260611_1518;Consistência_1000;classification;LeveragingBagging;Otimizado_FullFeatures;classifier;classifier;classifier;N/A;N/A;N/A;2000;100;20;3900;98,7531;0,3928;98,5093;0,4892;99,0000;0,5000;2;1;1;1
20260611_1518;Consistência_1000;classification;LeveragingBagging;Otimizado_FullFeatures;classifier;classifier;classifier;N/A;N/A;N/A;2000;100;21;4000;99,3825;0,3860;100,0000;0,0000;98,7755;0,7636;0;0;2;1
20260611_1518;Consistência_1000;classification;LeveragingBagging;Otimizado_FullFeatures;classifier;classifier;classifier;N/A;N/A;N/A;2000;100;22;4100;98,8686;0,3815;97,7654;0,7470;100,0000;0,0000;3;1;0;0
20260611_1518;Consistência_1000;classification;LeveragingBagging;Otimizado_FullFeatures;classifier;classifier;classifier;N/A;N/A;N/A;2000;100;23;4200;99,4924;0,0000;100,0000;0,0000;98,9899;0,0000;0;0;1;0
20260611_1518;Consistência_1000;classification;LeveragingBagging;Otimizado_FullFeatures;classifier;classifier;classifier;N/A;N/A;N/A;2000;100;24;4300;95,2120;0,7311;91,3725;0,9751;99,3939;0,7423;7;1;1;1
20260611_1518;Consistência_1000;classification;LeveragingBagging;Otimizado_FullFeatures;classifier;classifier;classifier;N/A;N/A;N/A;2000;100;25;4400;92,8698;1,9877;90,3202;3,7412;95,6522;0,0000;3;2;1;0
20260611_1518;Consistência_1000;classification;LeveragingBagging;Otimizado_FullFeatures;classifier;classifier;classifier;N/A;N/A;N/A;2000;100;26;4500;92,5977;6,1417;89,8333;8,5334;95,7143;3,4993;2;2;1;1
20260611_1518;Consistência_1000;classification;LeveragingBagging;Otimizado_FullFeatures;classifier;classifier;classifier;N/A;N/A;N/A;2000;100;27;4600;98,3347;0,4378;99,5294;0,9412;97,1765;0,5764;1;1;3;1
20260611_1518;Consistência_1000;classification;LeveragingBagging;Otimizado_FullFeatures;classifier;classifier;classifier;N/A;N/A;N/A;2000;100;28;4700;93,3333;3,3333;100,0000;0,0000;87,6923;6,1538;0;0;2;1
20260611_1518;Consistência_1000;classification;LeveragingBagging;Otimizado_FullFeatures;classifier;classifier;classifier;N/A;N/A;N/A;2000;100;29;4800;98,3333;3,3333;96,9231;6,1538;100,0000;0,0000;1;1;0;0
20260611_1518;Consistência_1000;classification;LeveragingBagging;Otimizado_FullFeatures;classifier;classifier;classifier;N/A;N/A;N/A;2000;100;30;4900;0,0000;0,0000;0,0000;0,0000;0,0000;0,0000;0;0;0;0
20260611_1518;Consistência_1000;classification;LeveragingBagging;Otimizado_FullFeatures;classifier;classifier;classifier;N/A;N/A;N/A;2000;100;31;5000;0,0000;0,0000;0,0000;0,0000;0,0000;0,0000;1;1;0;0
20260611_1518;Consistência_1000;classification;LeveragingBagging;Otimizado_FullFeatures;classifier;classifier;classifier;N/A;N/A;N/A;2000;100;32;5100;0,0000;0,0000;0,0000;0,0000;0,0000;0,0000;0;0;0;0
20260611_1518;Consistência_1000;classification;LeveragingBagging;Otimizado_FullFeatures;classifier;classifier;classifier;N/A;N/A;N/A;2000;100;33;5200;0,0000;0,0000;0,0000;0,0000;0,0000;0,0000;0;0;0;0
20260611_1518;Consistência_1000;classification;LeveragingBagging;Otimizado_FullFeatures;classifier;classifier;classifier;N/A;N/A;N/A;2000;100;34;5300;0,0000;0,0000;0,0000;0,0000;0,0000;0,0000;0;0;0;0
20260611_1518;Consistência_1000;classification;LeveragingBagging;Otimizado_FullFeatures;classifier;classifier;classifier;N/A;N/A;N/A;2000;100;35;5400;0,0000;0,0000;0,0000;0,0000;0,0000;0,0000;0;0;0;0
20260611_1518;Consistência_1000;classification;LeveragingBagging;Otimizado_FullFeatures;classifier;classifier;classifier;N/A;N/A;N/A;2000;100;36;5500;0,0000;0,0000;0,0000;0,0000;0,0000;0,0000;0;0;0;0
20260611_1518;Consistência_1000;classification;LeveragingBagging;Otimizado_FullFeatures;classifier;classifier;classifier;N/A;N/A;N/A;2000;100;37;5600;0,0000;0,0000;0,0000;0,0000;0,0000;0,0000;3;2;0;0
20260611_1518;Consistência_1000;classification;LeveragingBagging;Otimizado_FullFeatures;classifier;classifier;classifier;N/A;N/A;N/A;2000;100;38;5700;0,0000;0,0000;0,0000;0,0000;0,0000;0,0000;1;1;0;0
20260611_1518;Consistência_1000;classification;LeveragingBagging;Otimizado_FullFeatures;classifier;classifier;classifier;N/A;N/A;N/A;2000;100;39;5800;0,0000;0,0000;0,0000;0,0000;0,0000;0,0000;0;0;0;0
20260611_1518;Consistência_1000;classification;LeveragingBagging;Otimizado_FullFeatures;classifier;classifier;classifier;N/A;N/A;N/A;2000;100;40;5900;0,0000;0,0000;0,0000;0,0000;0,0000;0,0000;0;0;0;0
20260611_1518;Consistência_1000;classification;LeveragingBagging;Otimizado_FullFeatures;classifier;classifier;classifier;N/A;N/A;N/A;2000;100;41;6000;0,0000;0,0000;0,0000;0,0000;0,0000;0,0000;0;0;0;0
20260611_1518;Consistência_1000;classification;LeveragingBagging;Otimizado_FullFeatures;classifier;classifier;classifier;N/A;N/A;N/A;2000;100;42;6100;0,0000;0,0000;0,0000;0,0000;0,0000;0,0000;1;1;0;0
20260611_1518;Consistência_1000;classification;LeveragingBagging;Otimizado_FullFeatures;classifier;classifier;classifier;N/A;N/A;N/A;2000;100;43;6200;0,0000;0,0000;0,0000;0,0000;0,0000;0,0000;0;0;0;0
20260611_1518;Consistência_1000;classification;LeveragingBagging;Otimizado_FullFeatures;classifier;classifier;classifier;N/A;N/A;N/A;2000;100;44;6300;0,0000;0,0000;0,0000;0,0000;0,0000;0,0000;0;0;0;0
20260611_1518;Consistência_1000;classification;LeveragingBagging;Otimizado_FullFeatures;classifier;classifier;classifier;N/A;N/A;N/A;2000;100;45;6400;0,0000;0,0000;0,0000;0,0000;0,0000;0,0000;0;0;0;0
20260611_1518;Consistência_1000;classification;LeveragingBagging;Otimizado_FullFeatures;classifier;classifier;classifier;N/A;N/A;N/A;2000;100;46;6500;0,0000;0,0000;0,0000;0,0000;0,0000;0,0000;0;0;0;0
20260611_1518;Consistência_1000;classification;LeveragingBagging;Otimizado_FullFeatures;classifier;classifier;classifier;N/A;N/A;N/A;2000;100;47;6600;0,0000;0,0000;0,0000;0,0000;0,0000;0,0000;1;1;0;0
20260611_1518;Consistência_1000;classification;LeveragingBagging;Otimizado_FullFeatures;classifier;classifier;classifier;N/A;N/A;N/A;2000;100;48;6700;0,0000;0,0000;0,0000;0,0000;0,0000;0,0000;0;0;0;0
20260611_1518;Consistência_1000;classification;LeveragingBagging;Otimizado_FullFeatures;classifier;classifier;classifier;N/A;N/A;N/A;2000;100;49;6800;0,0000;0,0000;0,0000;0,0000;0,0000;0,0000;0;0;0;0
20260611_1518;Consistência_1000;classification;LeveragingBagging;Otimizado_FullFeatures;classifier;classifier;classifier;N/A;N/A;N/A;2000;100;50;6900;0,0000;0,0000;0,0000;0,0000;0,0000;0,0000;0;0;0;0
20260611_1518;Consistência_1000;classification;LeveragingBagging;Otimizado_FullFeatures;classifier;classifier;classifier;N/A;N/A;N/A;2000;100;51;7000;0,0000;0,0000;0,0000;0,0000;0,0000;0,0000;0;0;0;0
20260611_1518;Consistência_1000;classification;LeveragingBagging;Otimizado_FullFeatures;classifier;classifier;classifier;N/A;N/A;N/A;2000;100;52;7100;0,0000;0,0000;0,0000;0,0000;0,0000;0,0000;0;0;0;0
20260611_1518;Consistência_1000;classification;LeveragingBagging;Otimizado_FullFeatures;classifier;classifier;classifier;N/A;N/A;N/A;2000;100;53;7200;0,0000;0,0000;0,0000;0,0000;0,0000;0,0000;0;0;0;0
20260611_1518;Consistência_1000;classification;LeveragingBagging;Otimizado_FullFeatures;classifier;classifier;classifier;N/A;N/A;N/A;2000;100;54;7300;0,0000;0,0000;0,0000;0,0000;0,0000;0,0000;0;0;0;0
20260611_1518;Consistência_1000;classification;LeveragingBagging;Otimizado_FullFeatures;classifier;classifier;classifier;N/A;N/A;N/A;2000;100;55;7400;0,0000;0,0000;0,0000;0,0000;0,0000;0,0000;0;0;0;0
20260611_1518;Consistência_1000;classification;LeveragingBagging;Otimizado_FullFeatures;classifier;classifier;classifier;N/A;N/A;N/A;2000;100;56;7500;0,0000;0,0000;0,0000;0,0000;0,0000;0,0000;0;0;0;0
20260611_1518;Consistência_1000;classification;LeveragingBagging;Otimizado_FullFeatures;classifier;classifier;classifier;N/A;N/A;N/A;2000;100;57;7600;0,0000;0,0000;0,0000;0,0000;0,0000;0,0000;0;0;0;0
20260611_1518;Consistência_1000;classification;LeveragingBagging;Otimizado_FullFeatures;classifier;classifier;classifier;N/A;N/A;N/A;2000;100;58;7700;0,0000;0,0000;0,0000;0,0000;0,0000;0,0000;0;0;0;0
20260611_1518;Consistência_1000;classification;LeveragingBagging;Otimizado_FullFeatures;classifier;classifier;classifier;N/A;N/A;N/A;2000;100;59;7800;0,0000;0,0000;0,0000;0,0000;0,0000;0,0000;0;0;0;0
20260611_1518;Consistência_1000;classification;LeveragingBagging;Otimizado_FullFeatures;classifier;classifier;classifier;N/A;N/A;N/A;2000;100;60;7900;0,0000;0,0000;0,0000;0,0000;0,0000;0,0000;0;0;0;0
20260611_1518;Consistência_1000;classification;LeveragingBagging;Otimizado_FullFeatures;classifier;classifier;classifier;N/A;N/A;N/A;2000;100;61;8000;0,0000;0,0000;0,0000;0,0000;0,0000;0,0000;0;0;0;0
20260611_1518;Consistência_1000;classification;LeveragingBagging;Otimizado_FullFeatures;classifier;classifier;classifier;N/A;N/A;N/A;2000;100;62;8100;0,0000;0,0000;0,0000;0,0000;0,0000;0,0000;0;0;0;0
20260611_1518;Consistência_1000;classification;LeveragingBagging;Otimizado_FullFeatures;classifier;classifier;classifier;N/A;N/A;N/A;2000;100;63;8200;0,0000;0,0000;0,0000;0,0000;0,0000;0,0000;0;0;0;0
20260611_1518;Consistência_1000;classification;LeveragingBagging;Otimizado_FullFeatures;classifier;classifier;classifier;N/A;N/A;N/A;2000;100;64;8300;0,0000;0,0000;0,0000;0,0000;0,0000;0,0000;0;0;0;0
20260611_1518;Consistência_1000;classification;LeveragingBagging;Otimizado_FullFeatures;classifier;classifier;classifier;N/A;N/A;N/A;2000;100;65;8400;0,0000;0,0000;0,0000;0,0000;0,0000;0,0000;0;0;0;0
20260611_1518;Consistência_1000;classification;LeveragingBagging;Otimizado_FullFeatures;classifier;classifier;classifier;N/A;N/A;N/A;2000;100;66;8500;40,0000;48,9898;40,0000;48,9898;40,0000;48,9898;0;0;1;1
20260611_1518;Consistência_1000;classification;LeveragingBagging;Otimizado_FullFeatures;classifier;classifier;classifier;N/A;N/A;N/A;2000;100;67;8600;95,6414;0,2928;100,0000;0,0000;91,6484;0,5383;0;0;8;1
20260611_1518;Consistência_1000;classification;LeveragingBagging;Otimizado_FullFeatures;classifier;classifier;classifier;N/A;N/A;N/A;2000;100;68;8700;97,8513;0,6097;100,0000;0,0000;95,8000;1,1662;0;0;5;2
20260611_1518;Consistência_1000;classification;LeveragingBagging;Otimizado_FullFeatures;classifier;classifier;classifier;N/A;N/A;N/A;2000;100;69;8800;97,7801;0,9404;97,4795;0,7634;98,0952;1,5552;2;1;2;1
20260611_1518;Consistência_1000;classification;LeveragingBagging;Otimizado_FullFeatures;classifier;classifier;classifier;N/A;N/A;N/A;2000;100;70;8900;98,7646;0,2298;99,7778;0,4444;97,7778;0,7027;1;1;2;1
20260611_1518;Consistência_1000;classification;LeveragingBagging;Otimizado_FullFeatures;classifier;classifier;classifier;N/A;N/A;N/A;2000;100;71;9000;99,5897;0,2051;99,1837;0,4082;100,0000;0,0000;1;1;0;0
20260611_1518;Consistência_1000;classification;LeveragingBagging;Otimizado_FullFeatures;classifier;classifier;classifier;N/A;N/A;N/A;2000;100;72;9100;100,0000;0,0000;100,0000;0,0000;100,0000;0,0000;0;0;0;0
20260611_1518;Consistência_1000;classification;LeveragingBagging;Otimizado_FullFeatures;classifier;classifier;classifier;N/A;N/A;N/A;2000;100;73;9200;99,0694;0,2064;99,3898;0,8102;98,7629;0,7715;1;1;2;1
20260611_1518;Consistência_1000;classification;LeveragingBagging;Otimizado_FullFeatures;classifier;classifier;classifier;N/A;N/A;N/A;2000;100;74;9300;100,0000;0,0000;100,0000;0,0000;100,0000;0,0000;0;0;0;0
20260611_1518;Consistência_1000;classification;LeveragingBagging;Otimizado_FullFeatures;classifier;classifier;classifier;N/A;N/A;N/A;2000;100;75;9400;99,7949;0,2512;100,0000;0,0000;99,5918;0,4999;0;0;1;1
20260611_1518;Consistência_1000;classification;LeveragingBagging;Otimizado_FullFeatures;classifier;classifier;classifier;N/A;N/A;N/A;2000;100;76;9500;100,0000;0,0000;100,0000;0,0000;100,0000;0,0000;0;0;0;0
20260611_1518;Consistência_1000;classification;LeveragingBagging;Otimizado_FullFeatures;classifier;classifier;classifier;N/A;N/A;N/A;2000;100;77;9600;0,0000;0,0000;0,0000;0,0000;0,0000;0,0000;4;2;0;0
20260611_1518;Consistência_1000;classification;LeveragingBagging;Otimizado_FullFeatures;classifier;classifier;classifier;N/A;N/A;N/A;2000;100;78;9700;0,0000;0,0000;0,0000;0,0000;0,0000;0,0000;0;0;0;0
20260611_1518;Consistência_1000;classification;LeveragingBagging;Otimizado_FullFeatures;classifier;classifier;classifier;N/A;N/A;N/A;2000;100;79;9800;0,0000;0,0000;0,0000;0,0000;0,0000;0,0000;1;1;0;0
20260611_1518;Consistência_1000;classification;LeveragingBagging;Otimizado_FullFeatures;classifier;classifier;classifier;N/A;N/A;N/A;2000;100;80;9900;0,0000;0,0000;0,0000;0,0000;0,0000;0,0000;1;0;0;0
20260611_1518;Consistência_1000;classification;LeveragingBagging;Otimizado_FullFeatures;classifier;classifier;classifier;N/A;N/A;N/A;2000;100;81;10000;0,0000;0,0000;0,0000;0,0000;0,0000;0,0000;0;0;0;0
20260611_1518;Consistência_1000;classification;LeveragingBagging;Otimizado_FullFeatures;classifier;classifier;classifier;N/A;N/A;N/A;2000;100;82;10100;0,0000;0,0000;0,0000;0,0000;0,0000;0,0000;1;1;0;0
20260611_1518;Consistência_1000;classification;LeveragingBagging;Otimizado_FullFeatures;classifier;classifier;classifier;N/A;N/A;N/A;2000;100;83;10200;0,0000;0,0000;0,0000;0,0000;0,0000;0,0000;0;0;0;0
20260611_1518;Consistência_1000;classification;LeveragingBagging;Otimizado_FullFeatures;classifier;classifier;classifier;N/A;N/A;N/A;2000;100;84;10300;0,0000;0,0000;0,0000;0,0000;0,0000;0,0000;0;0;0;0
20260611_1518;Consistência_1000;classification;LeveragingBagging;Otimizado_FullFeatures;classifier;classifier;classifier;N/A;N/A;N/A;2000;100;85;10400;0,0000;0,0000;0,0000;0,0000;0,0000;0,0000;1;1;0;0
20260611_1518;Consistência_1000;classification;LeveragingBagging;Otimizado_FullFeatures;classifier;classifier;classifier;N/A;N/A;N/A;2000;100;86;10500;0,0000;0,0000;0,0000;0,0000;0,0000;0,0000;0;0;0;0
20260611_1518;Consistência_1000;classification;LeveragingBagging;Otimizado_FullFeatures;classifier;classifier;classifier;N/A;N/A;N/A;2000;100;87;10600;0,0000;0,0000;0,0000;0,0000;0,0000;0,0000;0;0;0;0
20260611_1518;Consistência_1000;classification;LeveragingBagging;Otimizado_FullFeatures;classifier;classifier;classifier;N/A;N/A;N/A;2000;100;88;10700;0,0000;0,0000;0,0000;0,0000;0,0000;0,0000;1;1;0;0
20260611_1518;Consistência_1000;classification;LeveragingBagging;Otimizado_FullFeatures;classifier;classifier;classifier;N/A;N/A;N/A;2000;100;89;10800;0,0000;0,0000;0,0000;0,0000;0,0000;0,0000;0;0;0;0
20260611_1518;Consistência_1000;classification;LeveragingBagging;Otimizado_FullFeatures;classifier;classifier;classifier;N/A;N/A;N/A;2000;100;90;10900;0,0000;0,0000;0,0000;0,0000;0,0000;0,0000;1;1;0;0
20260611_1518;Consistência_1000;classification;LeveragingBagging;Otimizado_FullFeatures;classifier;classifier;classifier;N/A;N/A;N/A;2000;100;91;11000;0,0000;0,0000;0,0000;0,0000;0,0000;0,0000;0;0;0;0
20260611_1518;Consistência_1000;classification;LeveragingBagging;Otimizado_FullFeatures;classifier;classifier;classifier;N/A;N/A;N/A;2000;100;92;11100;0,0000;0,0000;0,0000;0,0000;0,0000;0,0000;0;0;0;0
20260611_1518;Consistência_1000;classification;LeveragingBagging;Otimizado_FullFeatures;classifier;classifier;classifier;N/A;N/A;N/A;2000;100;93;11200;0,0000;0,0000;0,0000;0,0000;0,0000;0,0000;0;0;0;0
20260611_1518;Consistência_1000;classification;LeveragingBagging;Otimizado_FullFeatures;classifier;classifier;classifier;N/A;N/A;N/A;2000;100;94;11300;0,0000;0,0000;0,0000;0,0000;0,0000;0,0000;0;0;0;0
20260611_1518;Consistência_1000;classification;LeveragingBagging;Otimizado_FullFeatures;classifier;classifier;classifier;N/A;N/A;N/A;2000;100;95;11400;0,0000;0,0000;0,0000;0,0000;0,0000;0,0000;1;1;0;0
20260611_1518;Consistência_1000;classification;LeveragingBagging;Otimizado_FullFeatures;classifier;classifier;classifier;N/A;N/A;N/A;2000;100;96;11500;0,0000;0,0000;0,0000;0,0000;0,0000;0,0000;0;0;0;0
20260611_1518;Consistência_1000;classification;LeveragingBagging;Otimizado_FullFeatures;classifier;classifier;classifier;N/A;N/A;N/A;2000;100;97;11600;0,0000;0,0000;0,0000;0,0000;0,0000;0,0000;0;0;0;0
20260611_1518;Consistência_1000;classification;LeveragingBagging;Otimizado_FullFeatures;classifier;classifier;classifier;N/A;N/A;N/A;2000;100;98;11700;0,0000;0,0000;0,0000;0,0000;0,0000;0,0000;1;1;0;0
20260611_1518;Consistência_1000;classification;LeveragingBagging;Otimizado_FullFeatures;classifier;classifier;classifier;N/A;N/A;N/A;2000;100;99;11800;0,0000;0,0000;0,0000;0,0000;0,0000;0,0000;0;0;0;0
20260611_1518;Consistência_1000;classification;LeveragingBagging;Otimizado_FullFeatures;classifier;classifier;classifier;N/A;N/A;N/A;2000;100;100;11900;0,0000;0,0000;0,0000;0,0000;0,0000;0,0000;0;0;0;0
20260611_1518;Consistência_1000;classification;LeveragingBagging;Otimizado_FullFeatures;classifier;classifier;classifier;N/A;N/A;N/A;2000;100;101;12000;0,0000;0,0000;0,0000;0,0000;0,0000;0,0000;0;0;0;0
20260611_1518;Consistência_1000;classification;LeveragingBagging;Otimizado_FullFeatures;classifier;classifier;classifier;N/A;N/A;N/A;2000;100;102;12100;0,0000;0,0000;0,0000;0,0000;0,0000;0,0000;0;0;0;0
20260611_1518;Consistência_1000;classification;LeveragingBagging;Otimizado_FullFeatures;classifier;classifier;classifier;N/A;N/A;N/A;2000;100;103;12200;0,0000;0,0000;0,0000;0,0000;0,0000;0,0000;0;0;0;0
20260611_1518;Consistência_1000;classification;LeveragingBagging;Otimizado_FullFeatures;classifier;classifier;classifier;N/A;N/A;N/A;2000;100;104;12300;0,0000;0,0000;0,0000;0,0000;0,0000;0,0000;0;0;0;0
20260611_1518;Consistência_1000;classification;LeveragingBagging;Otimizado_FullFeatures;classifier;classifier;classifier;N/A;N/A;N/A;2000;100;105;12400;0,0000;0,0000;0,0000;0,0000;0,0000;0,0000;0;0;0;0
20260611_1518;Consistência_1000;classification;LeveragingBagging;Otimizado_FullFeatures;classifier;classifier;classifier;N/A;N/A;N/A;2000;100;106;12500;0,0000;0,0000;0,0000;0,0000;0,0000;0,0000;0;0;0;0
20260611_1518;Consistência_1000;classification;LeveragingBagging;Otimizado_FullFeatures;classifier;classifier;classifier;N/A;N/A;N/A;2000;100;107;12600;0,0000;0,0000;0,0000;0,0000;0,0000;0,0000;1;1;0;0
20260611_1518;Consistência_1000;classification;LeveragingBagging;Otimizado_FullFeatures;classifier;classifier;classifier;N/A;N/A;N/A;2000;100;108;12700;0,0000;0,0000;0,0000;0,0000;0,0000;0,0000;0;0;0;0
20260611_1518;Consistência_1000;classification;LeveragingBagging;Otimizado_FullFeatures;classifier;classifier;classifier;N/A;N/A;N/A;2000;100;109;12800;0,0000;0,0000;0,0000;0,0000;0,0000;0,0000;0;0;0;0
20260611_1518;Consistência_1000;classification;LeveragingBagging;Otimizado_FullFeatures;classifier;classifier;classifier;N/A;N/A;N/A;2000;100;110;12900;0,0000;0,0000;0,0000;0,0000;0,0000;0,0000;0;0;0;0
20260611_1518;Consistência_1000;classification;LeveragingBagging;Otimizado_FullFeatures;classifier;classifier;classifier;N/A;N/A;N/A;2000;100;111;13000;0,0000;0,0000;0,0000;0,0000;0,0000;0,0000;0;0;0;0
20260611_1518;Consistência_1000;classification;LeveragingBagging;Otimizado_FullFeatures;classifier;classifier;classifier;N/A;N/A;N/A;2000;100;112;13100;0,0000;0,0000;0,0000;0,0000;0,0000;0,0000;1;1;0;0
20260611_1518;Consistência_1000;classification;LeveragingBagging;Otimizado_FullFeatures;classifier;classifier;classifier;N/A;N/A;N/A;2000;100;113;13200;0,0000;0,0000;0,0000;0,0000;0,0000;0,0000;0;0;0;0
20260611_1518;Consistência_1000;classification;LeveragingBagging;Otimizado_FullFeatures;classifier;classifier;classifier;N/A;N/A;N/A;2000;100;114;13300;98,6059;0,4947;100,0000;0,0000;97,2549;0,9606;0;0;2;1
20260611_1518;Consistência_1000;classification;LeveragingBagging;Otimizado_FullFeatures;classifier;classifier;classifier;N/A;N/A;N/A;2000;100;115;13400;100,0000;0,0000;100,0000;0,0000;100,0000;0,0000;0;0;0;0
20260611_1518;Consistência_1000;classification;LeveragingBagging;Otimizado_FullFeatures;classifier;classifier;classifier;N/A;N/A;N/A;2000;100;116;13500;99,4975;0,0000;100,0000;0,0000;99,0000;0,0000;0;0;1;0
20260611_1518;Consistência_1000;classification;LeveragingBagging;Otimizado_FullFeatures;classifier;classifier;classifier;N/A;N/A;N/A;2000;100;117;13600;98,8692;0,5679;99,1548;0,6902;98,5915;0,8908;1;1;1;1
20260611_1518;Consistência_1000;classification;LeveragingBagging;Otimizado_FullFeatures;classifier;classifier;classifier;N/A;N/A;N/A;2000;100;118;13700;99,7037;0,3629;99,4118;0,7204;100,0000;0,0000;1;1;0;0
20260611_1518;Consistência_1000;classification;LeveragingBagging;Otimizado_FullFeatures;classifier;classifier;classifier;N/A;N/A;N/A;2000;100;119;13800;99,0431;0,2139;100,0000;0,0000;98,1053;0,4211;0;0;2;1
20260611_1518;Consistência_1000;classification;LeveragingBagging;Otimizado_FullFeatures;classifier;classifier;classifier;N/A;N/A;N/A;2000;100;120;13900;99,5897;0,2051;99,1837;0,4082;100,0000;0,0000;1;1;0;0
20260611_1518;Consistência_1000;classification;LeveragingBagging;Otimizado_FullFeatures;classifier;classifier;classifier;N/A;N/A;N/A;2000;100;121;14000;100,0000;0,0000;100,0000;0,0000;100,0000;0,0000;0;0;0;0
20260611_1518;Consistência_1000;classification;LeveragingBagging;Otimizado_FullFeatures;classifier;classifier;classifier;N/A;N/A;N/A;2000;100;122;14100;100,0000;0,0000;100,0000;0,0000;100,0000;0,0000;0;0;0;0
20260611_1518;Consistência_1000;classification;LeveragingBagging;Otimizado_FullFeatures;classifier;classifier;classifier;N/A;N/A;N/A;2000;100;123;14200;100,0000;0,0000;100,0000;0,0000;100,0000;0,0000;0;0;0;0
20260611_1518;Consistência_1000;classification;LeveragingBagging;Otimizado_FullFeatures;classifier;classifier;classifier;N/A;N/A;N/A;2000;100;124;14300;100,0000;0,0000;100,0000;0,0000;100,0000;0,0000;0;0;0;0
20260611_1518;Consistência_1000;classification;LeveragingBagging;Otimizado_FullFeatures;classifier;classifier;classifier;N/A;N/A;N/A;2000;100;125;14400;0,0000;0,0000;0,0000;0,0000;0,0000;0,0000;2;1;0;0
20260611_1518;Consistência_1000;classification;LeveragingBagging;Otimizado_FullFeatures;classifier;classifier;classifier;N/A;N/A;N/A;2000;100;126;14500;0,0000;0,0000;0,0000;0,0000;0,0000;0,0000;1;1;0;0
20260611_1518;Consistência_1000;classification;LeveragingBagging;Otimizado_FullFeatures;classifier;classifier;classifier;N/A;N/A;N/A;2000;100;127;14600;0,0000;0,0000;0,0000;0,0000;0,0000;0,0000;1;1;0;0
20260611_1518;Consistência_1000;classification;LeveragingBagging;Otimizado_FullFeatures;classifier;classifier;classifier;N/A;N/A;N/A;2000;100;128;14700;0,0000;0,0000;0,0000;0,0000;0,0000;0,0000;1;1;0;0
20260611_1518;Consistência_1000;classification;LeveragingBagging;Otimizado_FullFeatures;classifier;classifier;classifier;N/A;N/A;N/A;2000;100;129;14800;0,0000;0,0000;0,0000;0,0000;0,0000;0,0000;2;1;0;0
20260611_1518;Consistência_1000;classification;LeveragingBagging;Otimizado_FullFeatures;classifier;classifier;classifier;N/A;N/A;N/A;2000;100;130;14900;0,0000;0,0000;0,0000;0,0000;0,0000;0,0000;0;0;0;0
20260611_1518;Consistência_1000;classification;LeveragingBagging;Otimizado_FullFeatures;classifier;classifier;classifier;N/A;N/A;N/A;2000;100;131;15000;0,0000;0,0000;0,0000;0,0000;0,0000;0,0000;0;0;0;0
20260611_1518;Consistência_1000;classification;LeveragingBagging;Otimizado_FullFeatures;classifier;classifier;classifier;N/A;N/A;N/A;2000;100;132;15100;0,0000;0,0000;0,0000;0,0000;0,0000;0,0000;0;0;0;0
20260611_1518;Consistência_1000;classification;LeveragingBagging;Otimizado_FullFeatures;classifier;classifier;classifier;N/A;N/A;N/A;2000;100;133;15200;0,0000;0,0000;0,0000;0,0000;0,0000;0,0000;0;0;0;0
20260611_1518;Consistência_1000;classification;LeveragingBagging;Otimizado_FullFeatures;classifier;classifier;classifier;N/A;N/A;N/A;2000;100;134;15300;0,0000;0,0000;0,0000;0,0000;0,0000;0,0000;1;1;0;0
20260611_1518;Consistência_1000;classification;LeveragingBagging;Otimizado_FullFeatures;classifier;classifier;classifier;N/A;N/A;N/A;2000;100;135;15400;0,0000;0,0000;0,0000;0,0000;0,0000;0,0000;0;0;0;0
20260611_1518;Consistência_1000;classification;LeveragingBagging;Otimizado_FullFeatures;classifier;classifier;classifier;N/A;N/A;N/A;2000;100;136;15500;0,0000;0,0000;0,0000;0,0000;0,0000;0,0000;0;0;0;0
20260611_1518;Consistência_1000;classification;LeveragingBagging;Otimizado_FullFeatures;classifier;classifier;classifier;N/A;N/A;N/A;2000;100;137;15600;0,0000;0,0000;0,0000;0,0000;0,0000;0,0000;0;0;0;0
20260611_1518;Consistência_1000;classification;LeveragingBagging;Otimizado_FullFeatures;classifier;classifier;classifier;N/A;N/A;N/A;2000;100;138;15700;0,0000;0,0000;0,0000;0,0000;0,0000;0,0000;0;0;0;0
20260611_1518;Consistência_1000;classification;LeveragingBagging;Otimizado_FullFeatures;classifier;classifier;classifier;N/A;N/A;N/A;2000;100;139;15800;0,0000;0,0000;0,0000;0,0000;0,0000;0,0000;0;0;0;0
20260611_1518;Consistência_1000;classification;LeveragingBagging;Otimizado_FullFeatures;classifier;classifier;classifier;N/A;N/A;N/A;2000;100;140;15900;0,0000;0,0000;0,0000;0,0000;0,0000;0,0000;0;0;0;0
20260611_1518;Consistência_1000;classification;LeveragingBagging;Otimizado_FullFeatures;classifier;classifier;classifier;N/A;N/A;N/A;2000;100;141;16000;0,0000;0,0000;0,0000;0,0000;0,0000;0,0000;0;0;0;0
20260611_1518;Consistência_1000;classification;LeveragingBagging;Otimizado_FullFeatures;classifier;classifier;classifier;N/A;N/A;N/A;2000;100;142;16100;0,0000;0,0000;0,0000;0,0000;0,0000;0,0000;1;1;0;0
20260611_1518;Consistência_1000;classification;LeveragingBagging;Otimizado_FullFeatures;classifier;classifier;classifier;N/A;N/A;N/A;2000;100;143;16200;0,0000;0,0000;0,0000;0,0000;0,0000;0,0000;0;0;0;0
20260611_1518;Consistência_1000;classification;LeveragingBagging;Otimizado_FullFeatures;classifier;classifier;classifier;N/A;N/A;N/A;2000;100;144;16300;0,0000;0,0000;0,0000;0,0000;0,0000;0,0000;0;0;0;0
20260611_1518;Consistência_1000;classification;LeveragingBagging;Otimizado_FullFeatures;classifier;classifier;classifier;N/A;N/A;N/A;2000;100;145;16400;0,0000;0,0000;0,0000;0,0000;0,0000;0,0000;0;0;0;0
20260611_1518;Consistência_1000;classification;LeveragingBagging;Otimizado_FullFeatures;classifier;classifier;classifier;N/A;N/A;N/A;2000;100;146;16500;0,0000;0,0000;0,0000;0,0000;0,0000;0,0000;0;0;0;0
20260611_1518;Consistência_1000;classification;LeveragingBagging;Otimizado_FullFeatures;classifier;classifier;classifier;N/A;N/A;N/A;2000;100;147;16600;0,0000;0,0000;0,0000;0,0000;0,0000;0,0000;0;0;0;0
20260611_1518;Consistência_1000;classification;LeveragingBagging;Otimizado_FullFeatures;classifier;classifier;classifier;N/A;N/A;N/A;2000;100;148;16700;0,0000;0,0000;0,0000;0,0000;0,0000;0,0000;0;0;0;0
20260611_1518;Consistência_1000;classification;LeveragingBagging;Otimizado_FullFeatures;classifier;classifier;classifier;N/A;N/A;N/A;2000;100;149;16800;0,0000;0,0000;0,0000;0,0000;0,0000;0,0000;0;0;0;0
20260611_1518;Consistência_1000;classification;LeveragingBagging;Otimizado_FullFeatures;classifier;classifier;classifier;N/A;N/A;N/A;2000;100;150;16900;0,0000;0,0000;0,0000;0,0000;0,0000;0,0000;0;0;0;0
20260611_1518;Consistência_1000;classification;LeveragingBagging;Otimizado_FullFeatures;classifier;classifier;classifier;N/A;N/A;N/A;2000;100;151;17000;0,0000;0,0000;0,0000;0,0000;0,0000;0,0000;0;0;0;0
20260611_1518;Consistência_1000;classification;LeveragingBagging;Otimizado_FullFeatures;classifier;classifier;classifier;N/A;N/A;N/A;2000;100;152;17100;0,0000;0,0000;0,0000;0,0000;0,0000;0,0000;0;0;0;0
20260611_1518;Consistência_1000;classification;LeveragingBagging;Otimizado_FullFeatures;classifier;classifier;classifier;N/A;N/A;N/A;2000;100;153;17200;0,0000;0,0000;0,0000;0,0000;0,0000;0,0000;0;0;0;0
20260611_1518;Consistência_1000;classification;LeveragingBagging;Otimizado_FullFeatures;classifier;classifier;classifier;N/A;N/A;N/A;2000;100;154;17300;0,0000;0,0000;0,0000;0,0000;0,0000;0,0000;0;0;0;0
20260611_1518;Consistência_1000;classification;LeveragingBagging;Otimizado_FullFeatures;classifier;classifier;classifier;N/A;N/A;N/A;2000;100;155;17400;0,0000;0,0000;0,0000;0,0000;0,0000;0,0000;0;0;0;0
20260611_1518;Consistência_1000;classification;LeveragingBagging;Otimizado_FullFeatures;classifier;classifier;classifier;N/A;N/A;N/A;2000;100;156;17500;0,0000;0,0000;0,0000;0,0000;0,0000;0,0000;1;1;0;0
20260611_1518;Consistência_1000;classification;LeveragingBagging;Otimizado_FullFeatures;classifier;classifier;classifier;N/A;N/A;N/A;2000;100;157;17600;0,0000;0,0000;0,0000;0,0000;0,0000;0,0000;0;0;0;0
20260611_1518;Consistência_1000;classification;LeveragingBagging;Otimizado_FullFeatures;classifier;classifier;classifier;N/A;N/A;N/A;2000;100;158;17700;0,0000;0,0000;0,0000;0,0000;0,0000;0,0000;0;0;0;0
20260611_1518;Consistência_1000;classification;LeveragingBagging;Otimizado_FullFeatures;classifier;classifier;classifier;N/A;N/A;N/A;2000;100;159;17800;0,0000;0,0000;0,0000;0,0000;0,0000;0,0000;0;0;0;0
20260611_1518;Consistência_1000;classification;LeveragingBagging;Otimizado_FullFeatures;classifier;classifier;classifier;N/A;N/A;N/A;2000;100;160;17900;0,0000;0,0000;0,0000;0,0000;0,0000;0,0000;0;0;0;0
20260611_1518;Generalização_25;classification;LeveragingBagging;Otimizado_FullFeatures;classifier;classifier;classifier;N/A;N/A;N/A;2000;100;1;2000;0,0000;0,0000;0,0000;0,0000;0,0000;0,0000;0;0;0;0
20260611_1518;Generalização_25;classification;LeveragingBagging;Otimizado_FullFeatures;classifier;classifier;classifier;N/A;N/A;N/A;2000;100;2;2100;0,0000;0,0000;0,0000;0,0000;0,0000;0,0000;0;0;0;0
20260611_1518;Generalização_25;classification;LeveragingBagging;Otimizado_FullFeatures;classifier;classifier;classifier;N/A;N/A;N/A;2000;100;3;2200;0,0000;0,0000;0,0000;0,0000;0,0000;0,0000;0;0;0;0
20260611_1518;Generalização_25;classification;LeveragingBagging;Otimizado_FullFeatures;classifier;classifier;classifier;N/A;N/A;N/A;2000;100;4;2300;0,0000;0,0000;0,0000;0,0000;0,0000;0,0000;0;0;0;0
20260611_1518;Generalização_25;classification;LeveragingBagging;Otimizado_FullFeatures;classifier;classifier;classifier;N/A;N/A;N/A;2000;100;5;2400;0,0000;0,0000;0,0000;0,0000;0,0000;0,0000;0;0;0;0
20260611_1518;Generalização_25;classification;LeveragingBagging;Otimizado_FullFeatures;classifier;classifier;classifier;N/A;N/A;N/A;2000;100;6;2500;0,0000;0,0000;0,0000;0,0000;0,0000;0,0000;0;0;0;0
20260611_1518;Generalização_25;classification;LeveragingBagging;Otimizado_FullFeatures;classifier;classifier;classifier;N/A;N/A;N/A;2000;100;7;2600;0,0000;0,0000;0,0000;0,0000;0,0000;0,0000;0;0;0;0
20260611_1518;Generalização_25;classification;LeveragingBagging;Otimizado_FullFeatures;classifier;classifier;classifier;N/A;N/A;N/A;2000;100;8;2700;0,0000;0,0000;0,0000;0,0000;0,0000;0,0000;0;0;0;0
20260611_1518;Generalização_25;classification;LeveragingBagging;Otimizado_FullFeatures;classifier;classifier;classifier;N/A;N/A;N/A;2000;100;9;2800;0,0000;0,0000;0,0000;0,0000;0,0000;0,0000;0;0;0;0
20260611_1518;Generalização_25;classification;LeveragingBagging;Otimizado_FullFeatures;classifier;classifier;classifier;N/A;N/A;N/A;2000;100;10;2900;0,0000;0,0000;0,0000;0,0000;0,0000;0,0000;0;0;0;0
20260611_1518;Generalização_25;classification;LeveragingBagging;Otimizado_FullFeatures;classifier;classifier;classifier;N/A;N/A;N/A;2000;100;11;3000;0,0000;0,0000;0,0000;0,0000;0,0000;0,0000;0;0;0;0
20260611_1518;Generalização_25;classification;LeveragingBagging;Otimizado_FullFeatures;classifier;classifier;classifier;N/A;N/A;N/A;2000;100;12;3100;0,0000;0,0000;0,0000;0,0000;0,0000;0,0000;0;0;0;0
20260611_1518;Generalização_25;classification;LeveragingBagging;Otimizado_FullFeatures;classifier;classifier;classifier;N/A;N/A;N/A;2000;100;13;3200;0,0000;0,0000;0,0000;0,0000;0,0000;0,0000;0;0;0;0
20260611_1518;Generalização_25;classification;LeveragingBagging;Otimizado_FullFeatures;classifier;classifier;classifier;N/A;N/A;N/A;2000;100;14;3300;0,0000;0,0000;0,0000;0,0000;0,0000;0,0000;0;0;0;0
20260611_1518;Generalização_25;classification;LeveragingBagging;Otimizado_FullFeatures;classifier;classifier;classifier;N/A;N/A;N/A;2000;100;15;3400;0,0000;0,0000;0,0000;0,0000;0,0000;0,0000;0;0;0;0
20260611_1518;Generalização_25;classification;LeveragingBagging;Otimizado_FullFeatures;classifier;classifier;classifier;N/A;N/A;N/A;2000;100;16;3500;0,0000;0,0000;0,0000;0,0000;0,0000;0,0000;0;0;0;0
20260611_1518;Generalização_25;classification;LeveragingBagging;Otimizado_FullFeatures;classifier;classifier;classifier;N/A;N/A;N/A;2000;100;17;3600;0,0000;0,0000;0,0000;0,0000;0,0000;0,0000;0;0;0;0
20260611_1518;Generalização_25;classification;LeveragingBagging;Otimizado_FullFeatures;classifier;classifier;classifier;N/A;N/A;N/A;2000;100;18;3700;0,0000;0,0000;0,0000;0,0000;0,0000;0,0000;0;0;0;0
20260611_1518;Generalização_25;classification;LeveragingBagging;Otimizado_FullFeatures;classifier;classifier;classifier;N/A;N/A;N/A;2000;100;19;3800;90,8213;0,9662;100,0000;0,0000;83,2000;1,6000;0;0;5;1
20260611_1518;Generalização_25;classification;LeveragingBagging;Otimizado_FullFeatures;classifier;classifier;classifier;N/A;N/A;N/A;2000;100;20;3900;0,0000;0,0000;0,0000;0,0000;0,0000;0,0000;2;1;0;0
20260611_1518;Generalização_25;classification;LeveragingBagging;Otimizado_FullFeatures;classifier;classifier;classifier;N/A;N/A;N/A;2000;100;21;4000;0,0000;0,0000;0,0000;0,0000;0,0000;0,0000;1;0;0;0
20260611_1518;Generalização_25;classification;LeveragingBagging;Otimizado_FullFeatures;classifier;classifier;classifier;N/A;N/A;N/A;2000;100;22;4100;0,0000;0,0000;0,0000;0,0000;0,0000;0,0000;0;0;0;0
20260611_1518;Generalização_25;classification;LeveragingBagging;Otimizado_FullFeatures;classifier;classifier;classifier;N/A;N/A;N/A;2000;100;23;4200;0,0000;0,0000;0,0000;0,0000;0,0000;0,0000;0;0;0;0
20260611_1518;Generalização_25;classification;LeveragingBagging;Otimizado_FullFeatures;classifier;classifier;classifier;N/A;N/A;N/A;2000;100;24;4300;0,0000;0,0000;0,0000;0,0000;0,0000;0,0000;0;0;0;0
20260611_1518;Generalização_25;classification;LeveragingBagging;Otimizado_FullFeatures;classifier;classifier;classifier;N/A;N/A;N/A;2000;100;25;4400;0,0000;0,0000;0,0000;0,0000;0,0000;0,0000;0;0;0;0
20260611_1518;Generalização_25;classification;LeveragingBagging;Otimizado_FullFeatures;classifier;classifier;classifier;N/A;N/A;N/A;2000;100;26;4500;0,0000;0,0000;0,0000;0,0000;0,0000;0,0000;0;0;0;0
20260611_1518;Generalização_25;classification;LeveragingBagging;Otimizado_FullFeatures;classifier;classifier;classifier;N/A;N/A;N/A;2000;100;27;4600;0,0000;0,0000;0,0000;0,0000;0,0000;0,0000;0;0;0;0
20260611_1518;Generalização_25;classification;LeveragingBagging;Otimizado_FullFeatures;classifier;classifier;classifier;N/A;N/A;N/A;2000;100;28;4700;0,0000;0,0000;0,0000;0,0000;0,0000;0,0000;0;0;0;0
20260611_1518;Generalização_25;classification;LeveragingBagging;Otimizado_FullFeatures;classifier;classifier;classifier;N/A;N/A;N/A;2000;100;29;4800;0,0000;0,0000;0,0000;0,0000;0,0000;0,0000;0;0;0;0
20260611_1518;Generalização_25;classification;LeveragingBagging;Otimizado_FullFeatures;classifier;classifier;classifier;N/A;N/A;N/A;2000;100;30;4900;0,0000;0,0000;0,0000;0,0000;0,0000;0,0000;0;0;0;0
20260611_1518;Generalização_25;classification;LeveragingBagging;Otimizado_FullFeatures;classifier;classifier;classifier;N/A;N/A;N/A;2000;100;31;5000;0,0000;0,0000;0,0000;0,0000;0,0000;0,0000;0;0;0;0
20260611_1518;Generalização_25;classification;LeveragingBagging;Otimizado_FullFeatures;classifier;classifier;classifier;N/A;N/A;N/A;2000;100;32;5100;0,0000;0,0000;0,0000;0,0000;0,0000;0,0000;0;0;0;0
20260611_1518;Generalização_25;classification;LeveragingBagging;Otimizado_FullFeatures;classifier;classifier;classifier;N/A;N/A;N/A;2000;100;33;5200;0,0000;0,0000;0,0000;0,0000;0,0000;0,0000;0;0;0;0
20260611_1518;Generalização_25;classification;LeveragingBagging;Otimizado_FullFeatures;classifier;classifier;classifier;N/A;N/A;N/A;2000;100;34;5300;0,0000;0,0000;0,0000;0,0000;0,0000;0,0000;0;0;0;0
20260611_1518;Generalização_25;classification;LeveragingBagging;Otimizado_FullFeatures;classifier;classifier;classifier;N/A;N/A;N/A;2000;100;35;5400;0,0000;0,0000;0,0000;0,0000;0,0000;0,0000;0;0;0;0
20260611_1518;Generalização_25;classification;LeveragingBagging;Otimizado_FullFeatures;classifier;classifier;classifier;N/A;N/A;N/A;2000;100;36;5500;0,0000;0,0000;0,0000;0,0000;0,0000;0,0000;0;0;0;0
20260611_1518;Generalização_25;classification;LeveragingBagging;Otimizado_FullFeatures;classifier;classifier;classifier;N/A;N/A;N/A;2000;100;37;5600;0,0000;0,0000;0,0000;0,0000;0,0000;0,0000;0;0;0;0
20260611_1518;Generalização_25;classification;LeveragingBagging;Otimizado_FullFeatures;classifier;classifier;classifier;N/A;N/A;N/A;2000;100;38;5700;0,0000;0,0000;0,0000;0,0000;0,0000;0,0000;0;0;0;0
20260611_1518;Generalização_25;classification;LeveragingBagging;Otimizado_FullFeatures;classifier;classifier;classifier;N/A;N/A;N/A;2000;100;39;5800;0,0000;0,0000;0,0000;0,0000;0,0000;0,0000;0;0;0;0
20260611_1518;Generalização_25;classification;LeveragingBagging;Otimizado_FullFeatures;classifier;classifier;classifier;N/A;N/A;N/A;2000;100;40;5900;0,0000;0,0000;0,0000;0,0000;0,0000;0,0000;0;0;0;0
20260611_1518;Generalização_25;classification;LeveragingBagging;Otimizado_FullFeatures;classifier;classifier;classifier;N/A;N/A;N/A;2000;100;41;6000;0,0000;0,0000;0,0000;0,0000;0,0000;0,0000;0;0;0;0
20260611_1518;Generalização_25;classification;LeveragingBagging;Otimizado_FullFeatures;classifier;classifier;classifier;N/A;N/A;N/A;2000;100;42;6100;0,0000;0,0000;0,0000;0,0000;0,0000;0,0000;0;0;0;0
20260611_1518;Generalização_25;classification;LeveragingBagging;Otimizado_FullFeatures;classifier;classifier;classifier;N/A;N/A;N/A;2000;100;43;6200;0,0000;0,0000;0,0000;0,0000;0,0000;0,0000;0;0;0;0
20260611_1518;Generalização_25;classification;LeveragingBagging;Otimizado_FullFeatures;classifier;classifier;classifier;N/A;N/A;N/A;2000;100;44;6300;0,0000;0,0000;0,0000;0,0000;0,0000;0,0000;0;0;0;0
20260611_1518;Generalização_25;classification;LeveragingBagging;Otimizado_FullFeatures;classifier;classifier;classifier;N/A;N/A;N/A;2000;100;45;6400;0,0000;0,0000;0,0000;0,0000;0,0000;0,0000;0;0;0;0
20260611_1518;Generalização_25;classification;LeveragingBagging;Otimizado_FullFeatures;classifier;classifier;classifier;N/A;N/A;N/A;2000;100;46;6500;0,0000;0,0000;0,0000;0,0000;0,0000;0,0000;0;0;0;0
20260611_1518;Generalização_25;classification;LeveragingBagging;Otimizado_FullFeatures;classifier;classifier;classifier;N/A;N/A;N/A;2000;100;47;6600;0,0000;0,0000;0,0000;0,0000;0,0000;0,0000;0;0;0;0
20260611_1518;Generalização_25;classification;LeveragingBagging;Otimizado_FullFeatures;classifier;classifier;classifier;N/A;N/A;N/A;2000;100;48;6700;0,0000;0,0000;0,0000;0,0000;0,0000;0,0000;0;0;0;0
20260611_1518;Generalização_25;classification;LeveragingBagging;Otimizado_FullFeatures;classifier;classifier;classifier;N/A;N/A;N/A;2000;100;49;6800;0,0000;0,0000;0,0000;0,0000;0,0000;0,0000;0;0;0;0
20260611_1518;Generalização_25;classification;LeveragingBagging;Otimizado_FullFeatures;classifier;classifier;classifier;N/A;N/A;N/A;2000;100;50;6900;0,0000;0,0000;0,0000;0,0000;0,0000;0,0000;0;0;0;0
20260611_1518;Generalização_25;classification;LeveragingBagging;Otimizado_FullFeatures;classifier;classifier;classifier;N/A;N/A;N/A;2000;100;51;7000;0,0000;0,0000;0,0000;0,0000;0,0000;0,0000;0;0;0;0
20260611_1518;Generalização_25;classification;LeveragingBagging;Otimizado_FullFeatures;classifier;classifier;classifier;N/A;N/A;N/A;2000;100;52;7100;0,0000;0,0000;0,0000;0,0000;0,0000;0,0000;0;0;0;0
20260611_1518;Generalização_25;classification;LeveragingBagging;Otimizado_FullFeatures;classifier;classifier;classifier;N/A;N/A;N/A;2000;100;53;7200;0,0000;0,0000;0,0000;0,0000;0,0000;0,0000;0;0;0;0
20260611_1518;Generalização_25;classification;LeveragingBagging;Otimizado_FullFeatures;classifier;classifier;classifier;N/A;N/A;N/A;2000;100;54;7300;0,0000;0,0000;0,0000;0,0000;0,0000;0,0000;0;0;0;0
20260611_1518;Generalização_25;classification;LeveragingBagging;Otimizado_FullFeatures;classifier;classifier;classifier;N/A;N/A;N/A;2000;100;55;7400;0,0000;0,0000;0,0000;0,0000;0,0000;0,0000;0;0;0;0
20260611_1518;Generalização_25;classification;LeveragingBagging;Otimizado_FullFeatures;classifier;classifier;classifier;N/A;N/A;N/A;2000;100;56;7500;0,0000;0,0000;0,0000;0,0000;0,0000;0,0000;0;0;0;0
20260611_1518;Generalização_25;classification;LeveragingBagging;Otimizado_FullFeatures;classifier;classifier;classifier;N/A;N/A;N/A;2000;100;57;7600;96,6667;1,6667;100,0000;0,0000;93,6000;3,2000;0;0;2;1
20260611_1518;Generalização_25;classification;LeveragingBagging;Otimizado_FullFeatures;classifier;classifier;classifier;N/A;N/A;N/A;2000;100;58;7700;0,0000;0,0000;0,0000;0,0000;0,0000;0,0000;0;0;0;0
20260611_1518;Generalização_25;classification;LeveragingBagging;Otimizado_FullFeatures;classifier;classifier;classifier;N/A;N/A;N/A;2000;100;59;7800;0,0000;0,0000;0,0000;0,0000;0,0000;0,0000;0;0;0;0
20260611_1518;Generalização_25;classification;LeveragingBagging;Otimizado_FullFeatures;classifier;classifier;classifier;N/A;N/A;N/A;2000;100;60;7900;0,0000;0,0000;0,0000;0,0000;0,0000;0,0000;0;0;0;0
20260611_1518;Generalização_25;classification;LeveragingBagging;Otimizado_FullFeatures;classifier;classifier;classifier;N/A;N/A;N/A;2000;100;61;8000;0,0000;0,0000;0,0000;0,0000;0,0000;0,0000;0;0;0;0
20260611_1518;Generalização_25;classification;LeveragingBagging;Otimizado_FullFeatures;classifier;classifier;classifier;N/A;N/A;N/A;2000;100;62;8100;0,0000;0,0000;0,0000;0,0000;0,0000;0,0000;0;0;0;0
20260611_1518;Generalização_25;classification;LeveragingBagging;Otimizado_FullFeatures;classifier;classifier;classifier;N/A;N/A;N/A;2000;100;63;8200;0,0000;0,0000;0,0000;0,0000;0,0000;0,0000;0;0;0;0
20260611_1518;Generalização_25;classification;LeveragingBagging;Otimizado_FullFeatures;classifier;classifier;classifier;N/A;N/A;N/A;2000;100;64;8300;0,0000;0,0000;0,0000;0,0000;0,0000;0,0000;0;0;0;0
20260611_1518;Generalização_25;classification;LeveragingBagging;Otimizado_FullFeatures;classifier;classifier;classifier;N/A;N/A;N/A;2000;100;65;8400;0,0000;0,0000;0,0000;0,0000;0,0000;0,0000;0;0;0;0
20260611_1518;Generalização_25;classification;LeveragingBagging;Otimizado_FullFeatures;classifier;classifier;classifier;N/A;N/A;N/A;2000;100;66;8500;0,0000;0,0000;0,0000;0,0000;0,0000;0,0000;0;0;0;0
20260611_1518;Generalização_25;classification;LeveragingBagging;Otimizado_FullFeatures;classifier;classifier;classifier;N/A;N/A;N/A;2000;100;67;8600;0,0000;0,0000;0,0000;0,0000;0,0000;0,0000;0;0;0;0
20260611_1518;Generalização_25;classification;LeveragingBagging;Otimizado_FullFeatures;classifier;classifier;classifier;N/A;N/A;N/A;2000;100;68;8700;0,0000;0,0000;0,0000;0,0000;0,0000;0,0000;0;0;0;0
20260611_1518;Generalização_25;classification;LeveragingBagging;Otimizado_FullFeatures;classifier;classifier;classifier;N/A;N/A;N/A;2000;100;69;8800;0,0000;0,0000;0,0000;0,0000;0,0000;0,0000;0;0;0;0
20260611_1518;Generalização_25;classification;LeveragingBagging;Otimizado_FullFeatures;classifier;classifier;classifier;N/A;N/A;N/A;2000;100;70;8900;0,0000;0,0000;0,0000;0,0000;0,0000;0,0000;0;0;0;0
20260611_1518;Generalização_25;classification;LeveragingBagging;Otimizado_FullFeatures;classifier;classifier;classifier;N/A;N/A;N/A;2000;100;71;9000;0,0000;0,0000;0,0000;0,0000;0,0000;0,0000;0;0;0;0
20260611_1518;Generalização_25;classification;LeveragingBagging;Otimizado_FullFeatures;classifier;classifier;classifier;N/A;N/A;N/A;2000;100;72;9100;0,0000;0,0000;0,0000;0,0000;0,0000;0,0000;0;0;0;0
20260611_1518;Generalização_25;classification;LeveragingBagging;Otimizado_FullFeatures;classifier;classifier;classifier;N/A;N/A;N/A;2000;100;73;9200;0,0000;0,0000;0,0000;0,0000;0,0000;0,0000;0;0;0;0
20260611_1518;Generalização_25;classification;LeveragingBagging;Otimizado_FullFeatures;classifier;classifier;classifier;N/A;N/A;N/A;2000;100;74;9300;0,0000;0,0000;0,0000;0,0000;0,0000;0,0000;0;0;0;0
20260611_1518;Generalização_25;classification;LeveragingBagging;Otimizado_FullFeatures;classifier;classifier;classifier;N/A;N/A;N/A;2000;100;75;9400;0,0000;0,0000;0,0000;0,0000;0,0000;0,0000;0;0;0;0
20260611_1518;Generalização_25;classification;LeveragingBagging;Otimizado_FullFeatures;classifier;classifier;classifier;N/A;N/A;N/A;2000;100;76;9500;0,0000;0,0000;0,0000;0,0000;0,0000;0,0000;0;0;0;0
20260611_1518;Generalização_25;classification;LeveragingBagging;Otimizado_FullFeatures;classifier;classifier;classifier;N/A;N/A;N/A;2000;100;77;9600;0,0000;0,0000;0,0000;0,0000;0,0000;0,0000;0;0;0;0
20260611_1518;Generalização_25;classification;LeveragingBagging;Otimizado_FullFeatures;classifier;classifier;classifier;N/A;N/A;N/A;2000;100;78;9700;0,0000;0,0000;0,0000;0,0000;0,0000;0,0000;0;0;0;0
20260611_1518;Generalização_25;classification;LeveragingBagging;Otimizado_FullFeatures;classifier;classifier;classifier;N/A;N/A;N/A;2000;100;79;9800;0,0000;0,0000;0,0000;0,0000;0,0000;0,0000;0;0;0;0
20260611_1518;Generalização_25;classification;LeveragingBagging;Otimizado_FullFeatures;classifier;classifier;classifier;N/A;N/A;N/A;2000;100;80;9900;0,0000;0,0000;0,0000;0,0000;0,0000;0,0000;0;0;0;0
20260611_1518;Generalização_25;classification;LeveragingBagging;Otimizado_FullFeatures;classifier;classifier;classifier;N/A;N/A;N/A;2000;100;81;10000;0,0000;0,0000;0,0000;0,0000;0,0000;0,0000;0;0;0;0
20260611_1518;Generalização_25;classification;LeveragingBagging;Otimizado_FullFeatures;classifier;classifier;classifier;N/A;N/A;N/A;2000;100;82;10100;0,0000;0,0000;0,0000;0,0000;0,0000;0,0000;0;0;0;0
20260611_1518;Generalização_25;classification;LeveragingBagging;Otimizado_FullFeatures;classifier;classifier;classifier;N/A;N/A;N/A;2000;100;83;10200;0,0000;0,0000;0,0000;0,0000;0,0000;0,0000;0;0;0;0
20260611_1518;Generalização_25;classification;LeveragingBagging;Otimizado_FullFeatures;classifier;classifier;classifier;N/A;N/A;N/A;2000;100;84;10300;0,0000;0,0000;0,0000;0,0000;0,0000;0,0000;0;0;0;0
20260611_1518;Generalização_25;classification;LeveragingBagging;Otimizado_FullFeatures;classifier;classifier;classifier;N/A;N/A;N/A;2000;100;85;10400;0,0000;0,0000;0,0000;0,0000;0,0000;0,0000;0;0;0;0
20260611_1518;Generalização_25;classification;LeveragingBagging;Otimizado_FullFeatures;classifier;classifier;classifier;N/A;N/A;N/A;2000;100;86;10500;0,0000;0,0000;0,0000;0,0000;0,0000;0,0000;0;0;0;0
20260611_1518;Generalização_25;classification;LeveragingBagging;Otimizado_FullFeatures;classifier;classifier;classifier;N/A;N/A;N/A;2000;100;87;10600;0,0000;0,0000;0,0000;0,0000;0,0000;0,0000;0;0;0;0
20260611_1518;Generalização_25;classification;LeveragingBagging;Otimizado_FullFeatures;classifier;classifier;classifier;N/A;N/A;N/A;2000;100;88;10700;0,0000;0,0000;0,0000;0,0000;0,0000;0,0000;0;0;0;0
20260611_1518;Generalização_25;classification;LeveragingBagging;Otimizado_FullFeatures;classifier;classifier;classifier;N/A;N/A;N/A;2000;100;89;10800;0,0000;0,0000;0,0000;0,0000;0,0000;0,0000;0;0;0;0
20260611_1518;Generalização_25;classification;LeveragingBagging;Otimizado_FullFeatures;classifier;classifier;classifier;N/A;N/A;N/A;2000;100;90;10900;0,0000;0,0000;0,0000;0,0000;0,0000;0,0000;0;0;0;0
20260611_1518;Generalização_25;classification;LeveragingBagging;Otimizado_FullFeatures;classifier;classifier;classifier;N/A;N/A;N/A;2000;100;91;11000;0,0000;0,0000;0,0000;0,0000;0,0000;0,0000;0;0;0;0
20260611_1518;Generalização_25;classification;LeveragingBagging;Otimizado_FullFeatures;classifier;classifier;classifier;N/A;N/A;N/A;2000;100;92;11100;0,0000;0,0000;0,0000;0,0000;0,0000;0,0000;0;0;0;0
20260611_1518;Generalização_25;classification;LeveragingBagging;Otimizado_FullFeatures;classifier;classifier;classifier;N/A;N/A;N/A;2000;100;93;11200;0,0000;0,0000;0,0000;0,0000;0,0000;0,0000;0;0;0;0
20260611_1518;Generalização_25;classification;LeveragingBagging;Otimizado_FullFeatures;classifier;classifier;classifier;N/A;N/A;N/A;2000;100;94;11300;100,0000;0,0000;100,0000;0,0000;100,0000;0,0000;0;0;0;0
20260611_1518;Generalização_25;classification;LeveragingBagging;Otimizado_FullFeatures;classifier;classifier;classifier;N/A;N/A;N/A;2000;100;95;11400;97,6744;0,0000;100,0000;0,0000;95,4545;0,0000;0;0;1;0
20260611_1518;Generalização_25;classification;LeveragingBagging;Otimizado_FullFeatures;classifier;classifier;classifier;N/A;N/A;N/A;2000;100;96;11500;0,0000;0,0000;0,0000;0,0000;0,0000;0,0000;0;0;0;0
20260611_1518;Generalização_25;classification;LeveragingBagging;Otimizado_FullFeatures;classifier;classifier;classifier;N/A;N/A;N/A;2000;100;97;11600;0,0000;0,0000;0,0000;0,0000;0,0000;0,0000;0;0;0;0
20260611_1518;Generalização_25;classification;LeveragingBagging;Otimizado_FullFeatures;classifier;classifier;classifier;N/A;N/A;N/A;2000;100;98;11700;0,0000;0,0000;0,0000;0,0000;0,0000;0,0000;0;0;0;0
20260611_1518;Generalização_25;classification;LeveragingBagging;Otimizado_FullFeatures;classifier;classifier;classifier;N/A;N/A;N/A;2000;100;99;11800;0,0000;0,0000;0,0000;0,0000;0,0000;0,0000;0;0;0;0
20260611_1518;Generalização_25;classification;LeveragingBagging;Otimizado_FullFeatures;classifier;classifier;classifier;N/A;N/A;N/A;2000;100;100;11900;0,0000;0,0000;0,0000;0,0000;0,0000;0,0000;0;0;0;0
20260611_1518;Generalização_25;classification;LeveragingBagging;Otimizado_FullFeatures;classifier;classifier;classifier;N/A;N/A;N/A;2000;100;101;12000;0,0000;0,0000;0,0000;0,0000;0,0000;0,0000;0;0;0;0
20260611_1518;Generalização_25;classification;LeveragingBagging;Otimizado_FullFeatures;classifier;classifier;classifier;N/A;N/A;N/A;2000;100;102;12100;0,0000;0,0000;0,0000;0,0000;0,0000;0,0000;0;0;0;0
20260611_1518;Generalização_25;classification;LeveragingBagging;Otimizado_FullFeatures;classifier;classifier;classifier;N/A;N/A;N/A;2000;100;103;12200;0,0000;0,0000;0,0000;0,0000;0,0000;0,0000;0;0;0;0
20260611_1518;Generalização_25;classification;LeveragingBagging;Otimizado_FullFeatures;classifier;classifier;classifier;N/A;N/A;N/A;2000;100;104;12300;0,0000;0,0000;0,0000;0,0000;0,0000;0,0000;0;0;0;0
20260611_1518;Generalização_25;classification;LeveragingBagging;Otimizado_FullFeatures;classifier;classifier;classifier;N/A;N/A;N/A;2000;100;105;12400;0,0000;0,0000;0,0000;0,0000;0,0000;0,0000;0;0;0;0
20260611_1518;Generalização_25;classification;LeveragingBagging;Otimizado_FullFeatures;classifier;classifier;classifier;N/A;N/A;N/A;2000;100;106;12500;0,0000;0,0000;0,0000;0,0000;0,0000;0,0000;0;0;0;0
20260611_1518;Generalização_25;classification;LeveragingBagging;Otimizado_FullFeatures;classifier;classifier;classifier;N/A;N/A;N/A;2000;100;107;12600;0,0000;0,0000;0,0000;0,0000;0,0000;0,0000;0;0;0;0
20260611_1518;Generalização_25;classification;LeveragingBagging;Otimizado_FullFeatures;classifier;classifier;classifier;N/A;N/A;N/A;2000;100;108;12700;0,0000;0,0000;0,0000;0,0000;0,0000;0,0000;0;0;0;0
20260611_1518;Generalização_25;classification;LeveragingBagging;Otimizado_FullFeatures;classifier;classifier;classifier;N/A;N/A;N/A;2000;100;109;12800;0,0000;0,0000;0,0000;0,0000;0,0000;0,0000;0;0;0;0
20260611_1518;Generalização_25;classification;LeveragingBagging;Otimizado_FullFeatures;classifier;classifier;classifier;N/A;N/A;N/A;2000;100;110;12900;0,0000;0,0000;0,0000;0,0000;0,0000;0,0000;0;0;0;0
20260611_1518;Generalização_25;classification;LeveragingBagging;Otimizado_FullFeatures;classifier;classifier;classifier;N/A;N/A;N/A;2000;100;111;13000;0,0000;0,0000;0,0000;0,0000;0,0000;0,0000;0;0;0;0
20260611_1518;Generalização_25;classification;LeveragingBagging;Otimizado_FullFeatures;classifier;classifier;classifier;N/A;N/A;N/A;2000;100;112;13100;0,0000;0,0000;0,0000;0,0000;0,0000;0,0000;0;0;0;0
20260611_1518;Generalização_25;classification;LeveragingBagging;Otimizado_FullFeatures;classifier;classifier;classifier;N/A;N/A;N/A;2000;100;113;13200;0,0000;0,0000;0,0000;0,0000;0,0000;0,0000;0;0;0;0
20260611_1518;Generalização_25;classification;LeveragingBagging;Otimizado_FullFeatures;classifier;classifier;classifier;N/A;N/A;N/A;2000;100;114;13300;0,0000;0,0000;0,0000;0,0000;0,0000;0,0000;0;0;0;0
20260611_1518;Generalização_25;classification;LeveragingBagging;Otimizado_FullFeatures;classifier;classifier;classifier;N/A;N/A;N/A;2000;100;115;13400;0,0000;0,0000;0,0000;0,0000;0,0000;0,0000;0;0;0;0
20260611_1518;Generalização_25;classification;LeveragingBagging;Otimizado_FullFeatures;classifier;classifier;classifier;N/A;N/A;N/A;2000;100;116;13500;0,0000;0,0000;0,0000;0,0000;0,0000;0,0000;0;0;0;0
20260611_1518;Generalização_25;classification;LeveragingBagging;Otimizado_FullFeatures;classifier;classifier;classifier;N/A;N/A;N/A;2000;100;117;13600;0,0000;0,0000;0,0000;0,0000;0,0000;0,0000;0;0;0;0
20260611_1518;Generalização_25;classification;LeveragingBagging;Otimizado_FullFeatures;classifier;classifier;classifier;N/A;N/A;N/A;2000;100;118;13700;0,0000;0,0000;0,0000;0,0000;0,0000;0,0000;0;0;0;0
20260611_1518;Generalização_25;classification;LeveragingBagging;Otimizado_FullFeatures;classifier;classifier;classifier;N/A;N/A;N/A;2000;100;119;13800;0,0000;0,0000;0,0000;0,0000;0,0000;0,0000;0;0;0;0
20260611_1518;Generalização_25;classification;LeveragingBagging;Otimizado_FullFeatures;classifier;classifier;classifier;N/A;N/A;N/A;2000;100;120;13900;0,0000;0,0000;0,0000;0,0000;0,0000;0,0000;0;0;0;0
20260611_1518;Generalização_25;classification;LeveragingBagging;Otimizado_FullFeatures;classifier;classifier;classifier;N/A;N/A;N/A;2000;100;121;14000;0,0000;0,0000;0,0000;0,0000;0,0000;0,0000;0;0;0;0
20260611_1518;Generalização_25;classification;LeveragingBagging;Otimizado_FullFeatures;classifier;classifier;classifier;N/A;N/A;N/A;2000;100;122;14100;0,0000;0,0000;0,0000;0,0000;0,0000;0,0000;0;0;0;0
20260611_1518;Generalização_25;classification;LeveragingBagging;Otimizado_FullFeatures;classifier;classifier;classifier;N/A;N/A;N/A;2000;100;123;14200;0,0000;0,0000;0,0000;0,0000;0,0000;0,0000;0;0;0;0
20260611_1518;Generalização_25;classification;LeveragingBagging;Otimizado_FullFeatures;classifier;classifier;classifier;N/A;N/A;N/A;2000;100;124;14300;0,0000;0,0000;0,0000;0,0000;0,0000;0,0000;0;0;0;0
20260611_1518;Generalização_25;classification;LeveragingBagging;Otimizado_FullFeatures;classifier;classifier;classifier;N/A;N/A;N/A;2000;100;125;14400;0,0000;0,0000;0,0000;0,0000;0,0000;0,0000;0;0;0;0
20260611_1518;Generalização_25;classification;LeveragingBagging;Otimizado_FullFeatures;classifier;classifier;classifier;N/A;N/A;N/A;2000;100;126;14500;0,0000;0,0000;0,0000;0,0000;0,0000;0,0000;0;0;0;0
20260611_1518;Generalização_25;classification;LeveragingBagging;Otimizado_FullFeatures;classifier;classifier;classifier;N/A;N/A;N/A;2000;100;127;14600;0,0000;0,0000;0,0000;0,0000;0,0000;0,0000;0;0;0;0
20260611_1518;Generalização_25;classification;LeveragingBagging;Otimizado_FullFeatures;classifier;classifier;classifier;N/A;N/A;N/A;2000;100;128;14700;0,0000;0,0000;0,0000;0,0000;0,0000;0,0000;0;0;0;0
20260611_1518;Generalização_25;classification;LeveragingBagging;Otimizado_FullFeatures;classifier;classifier;classifier;N/A;N/A;N/A;2000;100;129;14800;0,0000;0,0000;0,0000;0,0000;0,0000;0,0000;0;0;0;0
20260611_1518;Generalização_25;classification;LeveragingBagging;Otimizado_FullFeatures;classifier;classifier;classifier;N/A;N/A;N/A;2000;100;130;14900;0,0000;0,0000;0,0000;0,0000;0,0000;0,0000;0;0;0;0
20260611_1518;Generalização_25;classification;LeveragingBagging;Otimizado_FullFeatures;classifier;classifier;classifier;N/A;N/A;N/A;2000;100;131;15000;0,0000;0,0000;0,0000;0,0000;0,0000;0,0000;0;0;0;0
20260611_1518;Generalização_200;classification;LeveragingBagging;Otimizado_FullFeatures;classifier;classifier;classifier;N/A;N/A;N/A;2000;100;1;2000;0,0000;0,0000;0,0000;0,0000;0,0000;0,0000;0;0;0;0
20260611_1518;Generalização_200;classification;LeveragingBagging;Otimizado_FullFeatures;classifier;classifier;classifier;N/A;N/A;N/A;2000;100;2;2100;0,0000;0,0000;0,0000;0,0000;0,0000;0,0000;0;0;0;0
20260611_1518;Generalização_200;classification;LeveragingBagging;Otimizado_FullFeatures;classifier;classifier;classifier;N/A;N/A;N/A;2000;100;3;2200;0,0000;0,0000;0,0000;0,0000;0,0000;0,0000;0;0;0;0
20260611_1518;Generalização_200;classification;LeveragingBagging;Otimizado_FullFeatures;classifier;classifier;classifier;N/A;N/A;N/A;2000;100;4;2300;0,0000;0,0000;0,0000;0,0000;0,0000;0,0000;0;0;0;0
20260611_1518;Generalização_200;classification;LeveragingBagging;Otimizado_FullFeatures;classifier;classifier;classifier;N/A;N/A;N/A;2000;100;5;2400;0,0000;0,0000;0,0000;0,0000;0,0000;0,0000;0;0;0;0
20260611_1518;Generalização_200;classification;LeveragingBagging;Otimizado_FullFeatures;classifier;classifier;classifier;N/A;N/A;N/A;2000;100;6;2500;0,0000;0,0000;0,0000;0,0000;0,0000;0,0000;0;0;0;0
20260611_1518;Generalização_200;classification;LeveragingBagging;Otimizado_FullFeatures;classifier;classifier;classifier;N/A;N/A;N/A;2000;100;7;2600;0,0000;0,0000;0,0000;0,0000;0,0000;0,0000;0;0;0;0
20260611_1518;Generalização_200;classification;LeveragingBagging;Otimizado_FullFeatures;classifier;classifier;classifier;N/A;N/A;N/A;2000;100;8;2700;0,0000;0,0000;0,0000;0,0000;0,0000;0,0000;0;0;0;0
20260611_1518;Generalização_200;classification;LeveragingBagging;Otimizado_FullFeatures;classifier;classifier;classifier;N/A;N/A;N/A;2000;100;9;2800;0,0000;0,0000;0,0000;0,0000;0,0000;0,0000;0;0;0;0
20260611_1518;Generalização_200;classification;LeveragingBagging;Otimizado_FullFeatures;classifier;classifier;classifier;N/A;N/A;N/A;2000;100;10;2900;0,0000;0,0000;0,0000;0,0000;0,0000;0,0000;0;0;0;0
20260611_1518;Generalização_200;classification;LeveragingBagging;Otimizado_FullFeatures;classifier;classifier;classifier;N/A;N/A;N/A;2000;100;11;3000;0,0000;0,0000;0,0000;0,0000;0,0000;0,0000;0;0;0;0
20260611_1518;Generalização_200;classification;LeveragingBagging;Otimizado_FullFeatures;classifier;classifier;classifier;N/A;N/A;N/A;2000;100;12;3100;0,0000;0,0000;0,0000;0,0000;0,0000;0,0000;0;0;0;0
20260611_1518;Generalização_200;classification;LeveragingBagging;Otimizado_FullFeatures;classifier;classifier;classifier;N/A;N/A;N/A;2000;100;13;3200;0,0000;0,0000;0,0000;0,0000;0,0000;0,0000;0;0;0;0
20260611_1518;Generalização_200;classification;LeveragingBagging;Otimizado_FullFeatures;classifier;classifier;classifier;N/A;N/A;N/A;2000;100;14;3300;0,0000;0,0000;0,0000;0,0000;0,0000;0,0000;0;0;0;0
20260611_1518;Generalização_200;classification;LeveragingBagging;Otimizado_FullFeatures;classifier;classifier;classifier;N/A;N/A;N/A;2000;100;15;3400;0,0000;0,0000;0,0000;0,0000;0,0000;0,0000;0;0;0;0
20260611_1518;Generalização_200;classification;LeveragingBagging;Otimizado_FullFeatures;classifier;classifier;classifier;N/A;N/A;N/A;2000;100;16;3500;0,0000;0,0000;0,0000;0,0000;0,0000;0,0000;0;0;0;0
20260611_1518;Generalização_200;classification;LeveragingBagging;Otimizado_FullFeatures;classifier;classifier;classifier;N/A;N/A;N/A;2000;100;17;3600;0,0000;0,0000;0,0000;0,0000;0,0000;0,0000;0;0;0;0
20260611_1518;Generalização_200;classification;LeveragingBagging;Otimizado_FullFeatures;classifier;classifier;classifier;N/A;N/A;N/A;2000;100;18;3700;0,0000;0,0000;0,0000;0,0000;0,0000;0,0000;0;0;0;0
20260611_1518;Generalização_200;classification;LeveragingBagging;Otimizado_FullFeatures;classifier;classifier;classifier;N/A;N/A;N/A;2000;100;19;3800;94,8430;0,8467;100,0000;0,0000;90,2041;1,5272;0;0;5;1
20260611_1518;Generalização_200;classification;LeveragingBagging;Otimizado_FullFeatures;classifier;classifier;classifier;N/A;N/A;N/A;2000;100;20;3900;98,2593;0,2453;97,7747;0,4877;98,7500;0,0000;2;1;1;0
20260611_1518;Generalização_200;classification;LeveragingBagging;Otimizado_FullFeatures;classifier;classifier;classifier;N/A;N/A;N/A;2000;100;21;4000;94,9936;0,8770;91,5286;1,4324;98,7500;1,0206;5;1;1;1
20260611_1518;Generalização_200;classification;LeveragingBagging;Otimizado_FullFeatures;classifier;classifier;classifier;N/A;N/A;N/A;2000;100;22;4100;0,0000;0,0000;0,0000;0,0000;0,0000;0,0000;0;0;0;0
20260611_1518;Generalização_200;classification;LeveragingBagging;Otimizado_FullFeatures;classifier;classifier;classifier;N/A;N/A;N/A;2000;100;23;4200;0,0000;0,0000;0,0000;0,0000;0,0000;0,0000;1;0;0;0
20260611_1518;Generalização_200;classification;LeveragingBagging;Otimizado_FullFeatures;classifier;classifier;classifier;N/A;N/A;N/A;2000;100;24;4300;0,0000;0,0000;0,0000;0,0000;0,0000;0,0000;0;0;0;0
20260611_1518;Generalização_200;classification;LeveragingBagging;Otimizado_FullFeatures;classifier;classifier;classifier;N/A;N/A;N/A;2000;100;25;4400;0,0000;0,0000;0,0000;0,0000;0,0000;0,0000;0;0;0;0
20260611_1518;Generalização_200;classification;LeveragingBagging;Otimizado_FullFeatures;classifier;classifier;classifier;N/A;N/A;N/A;2000;100;26;4500;0,0000;0,0000;0,0000;0,0000;0,0000;0,0000;0;0;0;0
20260611_1518;Generalização_200;classification;LeveragingBagging;Otimizado_FullFeatures;classifier;classifier;classifier;N/A;N/A;N/A;2000;100;27;4600;0,0000;0,0000;0,0000;0,0000;0,0000;0,0000;0;0;0;0
20260611_1518;Generalização_200;classification;LeveragingBagging;Otimizado_FullFeatures;classifier;classifier;classifier;N/A;N/A;N/A;2000;100;28;4700;0,0000;0,0000;0,0000;0,0000;0,0000;0,0000;0;0;0;0
20260611_1518;Generalização_200;classification;LeveragingBagging;Otimizado_FullFeatures;classifier;classifier;classifier;N/A;N/A;N/A;2000;100;29;4800;0,0000;0,0000;0,0000;0,0000;0,0000;0,0000;0;0;0;0
20260611_1518;Generalização_200;classification;LeveragingBagging;Otimizado_FullFeatures;classifier;classifier;classifier;N/A;N/A;N/A;2000;100;30;4900;0,0000;0,0000;0,0000;0,0000;0,0000;0,0000;0;0;0;0
20260611_1518;Generalização_200;classification;LeveragingBagging;Otimizado_FullFeatures;classifier;classifier;classifier;N/A;N/A;N/A;2000;100;31;5000;0,0000;0,0000;0,0000;0,0000;0,0000;0,0000;0;0;0;0
20260611_1518;Generalização_200;classification;LeveragingBagging;Otimizado_FullFeatures;classifier;classifier;classifier;N/A;N/A;N/A;2000;100;32;5100;0,0000;0,0000;0,0000;0,0000;0,0000;0,0000;1;1;0;0
20260611_1518;Generalização_200;classification;LeveragingBagging;Otimizado_FullFeatures;classifier;classifier;classifier;N/A;N/A;N/A;2000;100;33;5200;0,0000;0,0000;0,0000;0,0000;0,0000;0,0000;0;0;0;0
20260611_1518;Generalização_200;classification;LeveragingBagging;Otimizado_FullFeatures;classifier;classifier;classifier;N/A;N/A;N/A;2000;100;34;5300;0,0000;0,0000;0,0000;0,0000;0,0000;0,0000;0;0;0;0
20260611_1518;Generalização_200;classification;LeveragingBagging;Otimizado_FullFeatures;classifier;classifier;classifier;N/A;N/A;N/A;2000;100;35;5400;0,0000;0,0000;0,0000;0,0000;0,0000;0,0000;0;0;0;0
20260611_1518;Generalização_200;classification;LeveragingBagging;Otimizado_FullFeatures;classifier;classifier;classifier;N/A;N/A;N/A;2000;100;36;5500;0,0000;0,0000;0,0000;0,0000;0,0000;0,0000;0;0;0;0
20260611_1518;Generalização_200;classification;LeveragingBagging;Otimizado_FullFeatures;classifier;classifier;classifier;N/A;N/A;N/A;2000;100;37;5600;0,0000;0,0000;0,0000;0,0000;0,0000;0,0000;0;0;0;0
20260611_1518;Generalização_200;classification;LeveragingBagging;Otimizado_FullFeatures;classifier;classifier;classifier;N/A;N/A;N/A;2000;100;38;5700;0,0000;0,0000;0,0000;0,0000;0,0000;0,0000;0;0;0;0
20260611_1518;Generalização_200;classification;LeveragingBagging;Otimizado_FullFeatures;classifier;classifier;classifier;N/A;N/A;N/A;2000;100;39;5800;0,0000;0,0000;0,0000;0,0000;0,0000;0,0000;0;0;0;0
20260611_1518;Generalização_200;classification;LeveragingBagging;Otimizado_FullFeatures;classifier;classifier;classifier;N/A;N/A;N/A;2000;100;40;5900;0,0000;0,0000;0,0000;0,0000;0,0000;0,0000;0;0;0;0
20260611_1518;Generalização_200;classification;LeveragingBagging;Otimizado_FullFeatures;classifier;classifier;classifier;N/A;N/A;N/A;2000;100;41;6000;0,0000;0,0000;0,0000;0,0000;0,0000;0,0000;0;0;0;0
20260611_1518;Generalização_200;classification;LeveragingBagging;Otimizado_FullFeatures;classifier;classifier;classifier;N/A;N/A;N/A;2000;100;42;6100;0,0000;0,0000;0,0000;0,0000;0,0000;0,0000;0;0;0;0
20260611_1518;Generalização_200;classification;LeveragingBagging;Otimizado_FullFeatures;classifier;classifier;classifier;N/A;N/A;N/A;2000;100;43;6200;0,0000;0,0000;0,0000;0,0000;0,0000;0,0000;0;0;0;0
20260611_1518;Generalização_200;classification;LeveragingBagging;Otimizado_FullFeatures;classifier;classifier;classifier;N/A;N/A;N/A;2000;100;44;6300;0,0000;0,0000;0,0000;0,0000;0,0000;0,0000;0;0;0;0
20260611_1518;Generalização_200;classification;LeveragingBagging;Otimizado_FullFeatures;classifier;classifier;classifier;N/A;N/A;N/A;2000;100;45;6400;0,0000;0,0000;0,0000;0,0000;0,0000;0,0000;0;0;0;0
20260611_1518;Generalização_200;classification;LeveragingBagging;Otimizado_FullFeatures;classifier;classifier;classifier;N/A;N/A;N/A;2000;100;46;6500;0,0000;0,0000;0,0000;0,0000;0,0000;0,0000;0;0;0;0
20260611_1518;Generalização_200;classification;LeveragingBagging;Otimizado_FullFeatures;classifier;classifier;classifier;N/A;N/A;N/A;2000;100;47;6600;0,0000;0,0000;0,0000;0,0000;0,0000;0,0000;0;0;0;0
20260611_1518;Generalização_200;classification;LeveragingBagging;Otimizado_FullFeatures;classifier;classifier;classifier;N/A;N/A;N/A;2000;100;48;6700;0,0000;0,0000;0,0000;0,0000;0,0000;0,0000;0;0;0;0
20260611_1518;Generalização_200;classification;LeveragingBagging;Otimizado_FullFeatures;classifier;classifier;classifier;N/A;N/A;N/A;2000;100;49;6800;0,0000;0,0000;0,0000;0,0000;0,0000;0,0000;0;0;0;0
20260611_1518;Generalização_200;classification;LeveragingBagging;Otimizado_FullFeatures;classifier;classifier;classifier;N/A;N/A;N/A;2000;100;50;6900;0,0000;0,0000;0,0000;0,0000;0,0000;0,0000;0;0;0;0
20260611_1518;Generalização_200;classification;LeveragingBagging;Otimizado_FullFeatures;classifier;classifier;classifier;N/A;N/A;N/A;2000;100;51;7000;0,0000;0,0000;0,0000;0,0000;0,0000;0,0000;0;0;0;0
20260611_1518;Generalização_200;classification;LeveragingBagging;Otimizado_FullFeatures;classifier;classifier;classifier;N/A;N/A;N/A;2000;100;52;7100;0,0000;0,0000;0,0000;0,0000;0,0000;0,0000;0;0;0;0
20260611_1518;Generalização_200;classification;LeveragingBagging;Otimizado_FullFeatures;classifier;classifier;classifier;N/A;N/A;N/A;2000;100;53;7200;0,0000;0,0000;0,0000;0,0000;0,0000;0,0000;0;0;0;0
20260611_1518;Generalização_200;classification;LeveragingBagging;Otimizado_FullFeatures;classifier;classifier;classifier;N/A;N/A;N/A;2000;100;54;7300;0,0000;0,0000;0,0000;0,0000;0,0000;0,0000;0;0;0;0
20260611_1518;Generalização_200;classification;LeveragingBagging;Otimizado_FullFeatures;classifier;classifier;classifier;N/A;N/A;N/A;2000;100;55;7400;0,0000;0,0000;0,0000;0,0000;0,0000;0,0000;0;0;0;0
20260611_1518;Generalização_200;classification;LeveragingBagging;Otimizado_FullFeatures;classifier;classifier;classifier;N/A;N/A;N/A;2000;100;56;7500;0,0000;0,0000;0,0000;0,0000;0,0000;0,0000;0;0;0;0
20260611_1518;Generalização_200;classification;LeveragingBagging;Otimizado_FullFeatures;classifier;classifier;classifier;N/A;N/A;N/A;2000;100;57;7600;0,0000;0,0000;0,0000;0,0000;0,0000;0,0000;0;0;0;0
20260611_1518;Generalização_200;classification;LeveragingBagging;Otimizado_FullFeatures;classifier;classifier;classifier;N/A;N/A;N/A;2000;100;58;7700;40,0000;48,9898;40,0000;48,9898;40,0000;48,9898;0;0;1;1
20260611_1518;Generalização_200;classification;LeveragingBagging;Otimizado_FullFeatures;classifier;classifier;classifier;N/A;N/A;N/A;2000;100;59;7800;98,0628;0,2072;100,0000;0,0000;96,2000;0,4000;0;0;4;1
20260611_1518;Generalização_200;classification;LeveragingBagging;Otimizado_FullFeatures;classifier;classifier;classifier;N/A;N/A;N/A;2000;100;60;7900;100,0000;0,0000;100,0000;0,0000;100,0000;0,0000;0;0;0;0
20260611_1518;Generalização_200;classification;LeveragingBagging;Otimizado_FullFeatures;classifier;classifier;classifier;N/A;N/A;N/A;2000;100;61;8000;0,0000;0,0000;0,0000;0,0000;0,0000;0,0000;0;0;0;0
20260611_1518;Generalização_200;classification;LeveragingBagging;Otimizado_FullFeatures;classifier;classifier;classifier;N/A;N/A;N/A;2000;100;62;8100;0,0000;0,0000;0,0000;0,0000;0,0000;0,0000;0;0;0;0
20260611_1518;Generalização_200;classification;LeveragingBagging;Otimizado_FullFeatures;classifier;classifier;classifier;N/A;N/A;N/A;2000;100;63;8200;0,0000;0,0000;0,0000;0,0000;0,0000;0,0000;0;0;0;0
20260611_1518;Generalização_200;classification;LeveragingBagging;Otimizado_FullFeatures;classifier;classifier;classifier;N/A;N/A;N/A;2000;100;64;8300;0,0000;0,0000;0,0000;0,0000;0,0000;0,0000;0;0;0;0
20260611_1518;Generalização_200;classification;LeveragingBagging;Otimizado_FullFeatures;classifier;classifier;classifier;N/A;N/A;N/A;2000;100;65;8400;0,0000;0,0000;0,0000;0,0000;0,0000;0,0000;0;0;0;0
20260611_1518;Generalização_200;classification;LeveragingBagging;Otimizado_FullFeatures;classifier;classifier;classifier;N/A;N/A;N/A;2000;100;66;8500;0,0000;0,0000;0,0000;0,0000;0,0000;0,0000;0;0;0;0
20260611_1518;Generalização_200;classification;LeveragingBagging;Otimizado_FullFeatures;classifier;classifier;classifier;N/A;N/A;N/A;2000;100;67;8600;0,0000;0,0000;0,0000;0,0000;0,0000;0,0000;0;0;0;0
20260611_1518;Generalização_200;classification;LeveragingBagging;Otimizado_FullFeatures;classifier;classifier;classifier;N/A;N/A;N/A;2000;100;68;8700;0,0000;0,0000;0,0000;0,0000;0,0000;0,0000;0;0;0;0
20260611_1518;Generalização_200;classification;LeveragingBagging;Otimizado_FullFeatures;classifier;classifier;classifier;N/A;N/A;N/A;2000;100;69;8800;0,0000;0,0000;0,0000;0,0000;0,0000;0,0000;0;0;0;0
20260611_1518;Generalização_200;classification;LeveragingBagging;Otimizado_FullFeatures;classifier;classifier;classifier;N/A;N/A;N/A;2000;100;70;8900;0,0000;0,0000;0,0000;0,0000;0,0000;0,0000;0;0;0;0
20260611_1518;Generalização_200;classification;LeveragingBagging;Otimizado_FullFeatures;classifier;classifier;classifier;N/A;N/A;N/A;2000;100;71;9000;0,0000;0,0000;0,0000;0,0000;0,0000;0,0000;0;0;0;0
20260611_1518;Generalização_200;classification;LeveragingBagging;Otimizado_FullFeatures;classifier;classifier;classifier;N/A;N/A;N/A;2000;100;72;9100;0,0000;0,0000;0,0000;0,0000;0,0000;0,0000;0;0;0;0
20260611_1518;Generalização_200;classification;LeveragingBagging;Otimizado_FullFeatures;classifier;classifier;classifier;N/A;N/A;N/A;2000;100;73;9200;0,0000;0,0000;0,0000;0,0000;0,0000;0,0000;0;0;0;0
20260611_1518;Generalização_200;classification;LeveragingBagging;Otimizado_FullFeatures;classifier;classifier;classifier;N/A;N/A;N/A;2000;100;74;9300;0,0000;0,0000;0,0000;0,0000;0,0000;0,0000;0;0;0;0
20260611_1518;Generalização_200;classification;LeveragingBagging;Otimizado_FullFeatures;classifier;classifier;classifier;N/A;N/A;N/A;2000;100;75;9400;0,0000;0,0000;0,0000;0,0000;0,0000;0,0000;0;0;0;0
20260611_1518;Generalização_200;classification;LeveragingBagging;Otimizado_FullFeatures;classifier;classifier;classifier;N/A;N/A;N/A;2000;100;76;9500;0,0000;0,0000;0,0000;0,0000;0,0000;0,0000;0;0;0;0
20260611_1518;Generalização_200;classification;LeveragingBagging;Otimizado_FullFeatures;classifier;classifier;classifier;N/A;N/A;N/A;2000;100;77;9600;0,0000;0,0000;0,0000;0,0000;0,0000;0,0000;0;0;0;0
20260611_1518;Generalização_200;classification;LeveragingBagging;Otimizado_FullFeatures;classifier;classifier;classifier;N/A;N/A;N/A;2000;100;78;9700;0,0000;0,0000;0,0000;0,0000;0,0000;0,0000;0;0;0;0
20260611_1518;Generalização_200;classification;LeveragingBagging;Otimizado_FullFeatures;classifier;classifier;classifier;N/A;N/A;N/A;2000;100;79;9800;0,0000;0,0000;0,0000;0,0000;0,0000;0,0000;0;0;0;0
20260611_1518;Generalização_200;classification;LeveragingBagging;Otimizado_FullFeatures;classifier;classifier;classifier;N/A;N/A;N/A;2000;100;80;9900;0,0000;0,0000;0,0000;0,0000;0,0000;0,0000;0;0;0;0
20260611_1518;Generalização_200;classification;LeveragingBagging;Otimizado_FullFeatures;classifier;classifier;classifier;N/A;N/A;N/A;2000;100;81;10000;0,0000;0,0000;0,0000;0,0000;0,0000;0,0000;0;0;0;0
20260611_1518;Generalização_200;classification;LeveragingBagging;Otimizado_FullFeatures;classifier;classifier;classifier;N/A;N/A;N/A;2000;100;82;10100;0,0000;0,0000;0,0000;0,0000;0,0000;0,0000;0;0;0;0
20260611_1518;Generalização_200;classification;LeveragingBagging;Otimizado_FullFeatures;classifier;classifier;classifier;N/A;N/A;N/A;2000;100;83;10200;0,0000;0,0000;0,0000;0,0000;0,0000;0,0000;0;0;0;0
20260611_1518;Generalização_200;classification;LeveragingBagging;Otimizado_FullFeatures;classifier;classifier;classifier;N/A;N/A;N/A;2000;100;84;10300;0,0000;0,0000;0,0000;0,0000;0,0000;0,0000;0;0;0;0
20260611_1518;Generalização_200;classification;LeveragingBagging;Otimizado_FullFeatures;classifier;classifier;classifier;N/A;N/A;N/A;2000;100;85;10400;0,0000;0,0000;0,0000;0,0000;0,0000;0,0000;0;0;0;0
20260611_1518;Generalização_200;classification;LeveragingBagging;Otimizado_FullFeatures;classifier;classifier;classifier;N/A;N/A;N/A;2000;100;86;10500;0,0000;0,0000;0,0000;0,0000;0,0000;0,0000;0;0;0;0
20260611_1518;Generalização_200;classification;LeveragingBagging;Otimizado_FullFeatures;classifier;classifier;classifier;N/A;N/A;N/A;2000;100;87;10600;0,0000;0,0000;0,0000;0,0000;0,0000;0,0000;0;0;0;0
20260611_1518;Generalização_200;classification;LeveragingBagging;Otimizado_FullFeatures;classifier;classifier;classifier;N/A;N/A;N/A;2000;100;88;10700;0,0000;0,0000;0,0000;0,0000;0,0000;0,0000;0;0;0;0
20260611_1518;Generalização_200;classification;LeveragingBagging;Otimizado_FullFeatures;classifier;classifier;classifier;N/A;N/A;N/A;2000;100;89;10800;0,0000;0,0000;0,0000;0,0000;0,0000;0,0000;0;0;0;0
20260611_1518;Generalização_200;classification;LeveragingBagging;Otimizado_FullFeatures;classifier;classifier;classifier;N/A;N/A;N/A;2000;100;90;10900;0,0000;0,0000;0,0000;0,0000;0,0000;0,0000;0;0;0;0
20260611_1518;Generalização_200;classification;LeveragingBagging;Otimizado_FullFeatures;classifier;classifier;classifier;N/A;N/A;N/A;2000;100;91;11000;0,0000;0,0000;0,0000;0,0000;0,0000;0,0000;0;0;0;0
20260611_1518;Generalização_200;classification;LeveragingBagging;Otimizado_FullFeatures;classifier;classifier;classifier;N/A;N/A;N/A;2000;100;92;11100;0,0000;0,0000;0,0000;0,0000;0,0000;0,0000;0;0;0;0
20260611_1518;Generalização_200;classification;LeveragingBagging;Otimizado_FullFeatures;classifier;classifier;classifier;N/A;N/A;N/A;2000;100;93;11200;0,0000;0,0000;0,0000;0,0000;0,0000;0,0000;0;0;0;0
20260611_1518;Generalização_200;classification;LeveragingBagging;Otimizado_FullFeatures;classifier;classifier;classifier;N/A;N/A;N/A;2000;100;94;11300;0,0000;0,0000;0,0000;0,0000;0,0000;0,0000;0;0;0;0
20260611_1518;Generalização_200;classification;LeveragingBagging;Otimizado_FullFeatures;classifier;classifier;classifier;N/A;N/A;N/A;2000;100;95;11400;0,0000;0,0000;0,0000;0,0000;0,0000;0,0000;0;0;0;0
20260611_1518;Generalização_200;classification;LeveragingBagging;Otimizado_FullFeatures;classifier;classifier;classifier;N/A;N/A;N/A;2000;100;96;11500;0,0000;0,0000;0,0000;0,0000;0,0000;0,0000;0;0;0;0
20260611_1518;Generalização_200;classification;LeveragingBagging;Otimizado_FullFeatures;classifier;classifier;classifier;N/A;N/A;N/A;2000;100;97;11600;0,0000;0,0000;0,0000;0,0000;0,0000;0,0000;0;0;0;0
20260611_1518;Generalização_200;classification;LeveragingBagging;Otimizado_FullFeatures;classifier;classifier;classifier;N/A;N/A;N/A;2000;100;98;11700;98,5776;0,5049;100,0000;0,0000;97,2000;0,9798;0;0;2;1
20260611_1518;Generalização_200;classification;LeveragingBagging;Otimizado_FullFeatures;classifier;classifier;classifier;N/A;N/A;N/A;2000;100;99;11800;97,4285;0,8704;100,0000;0,0000;95,0000;1,6667;0;0;5;2
20260611_1518;Generalização_200;classification;LeveragingBagging;Otimizado_FullFeatures;classifier;classifier;classifier;N/A;N/A;N/A;2000;100;100;11900;97,4688;1,4593;100,0000;0,0000;95,1020;2,7683;0;0;3;2
20260611_1518;Generalização_200;classification;LeveragingBagging;Otimizado_FullFeatures;classifier;classifier;classifier;N/A;N/A;N/A;2000;100;101;12000;0,0000;0,0000;0,0000;0,0000;0,0000;0,0000;0;0;0;0
20260611_1518;Generalização_200;classification;LeveragingBagging;Otimizado_FullFeatures;classifier;classifier;classifier;N/A;N/A;N/A;2000;100;102;12100;0,0000;0,0000;0,0000;0,0000;0,0000;0,0000;0;0;0;0
20260611_1518;Generalização_200;classification;LeveragingBagging;Otimizado_FullFeatures;classifier;classifier;classifier;N/A;N/A;N/A;2000;100;103;12200;0,0000;0,0000;0,0000;0,0000;0,0000;0,0000;0;0;0;0
20260611_1518;Generalização_200;classification;LeveragingBagging;Otimizado_FullFeatures;classifier;classifier;classifier;N/A;N/A;N/A;2000;100;104;12300;0,0000;0,0000;0,0000;0,0000;0,0000;0,0000;0;0;0;0
20260611_1518;Generalização_200;classification;LeveragingBagging;Otimizado_FullFeatures;classifier;classifier;classifier;N/A;N/A;N/A;2000;100;105;12400;0,0000;0,0000;0,0000;0,0000;0,0000;0,0000;0;0;0;0
20260611_1518;Generalização_200;classification;LeveragingBagging;Otimizado_FullFeatures;classifier;classifier;classifier;N/A;N/A;N/A;2000;100;106;12500;0,0000;0,0000;0,0000;0,0000;0,0000;0,0000;0;0;0;0
20260611_1518;Generalização_200;classification;LeveragingBagging;Otimizado_FullFeatures;classifier;classifier;classifier;N/A;N/A;N/A;2000;100;107;12600;0,0000;0,0000;0,0000;0,0000;0,0000;0,0000;0;0;0;0
20260611_1518;Generalização_200;classification;LeveragingBagging;Otimizado_FullFeatures;classifier;classifier;classifier;N/A;N/A;N/A;2000;100;108;12700;0,0000;0,0000;0,0000;0,0000;0,0000;0,0000;0;0;0;0
20260611_1518;Generalização_200;classification;LeveragingBagging;Otimizado_FullFeatures;classifier;classifier;classifier;N/A;N/A;N/A;2000;100;109;12800;0,0000;0,0000;0,0000;0,0000;0,0000;0,0000;0;0;0;0
20260611_1518;Generalização_200;classification;LeveragingBagging;Otimizado_FullFeatures;classifier;classifier;classifier;N/A;N/A;N/A;2000;100;110;12900;0,0000;0,0000;0,0000;0,0000;0,0000;0,0000;0;0;0;0
20260611_1518;Generalização_200;classification;LeveragingBagging;Otimizado_FullFeatures;classifier;classifier;classifier;N/A;N/A;N/A;2000;100;111;13000;0,0000;0,0000;0,0000;0,0000;0,0000;0,0000;0;0;0;0
20260611_1518;Generalização_200;classification;LeveragingBagging;Otimizado_FullFeatures;classifier;classifier;classifier;N/A;N/A;N/A;2000;100;112;13100;0,0000;0,0000;0,0000;0,0000;0,0000;0,0000;0;0;0;0
20260611_1518;Generalização_200;classification;LeveragingBagging;Otimizado_FullFeatures;classifier;classifier;classifier;N/A;N/A;N/A;2000;100;113;13200;0,0000;0,0000;0,0000;0,0000;0,0000;0,0000;0;0;0;0
20260611_1518;Generalização_200;classification;LeveragingBagging;Otimizado_FullFeatures;classifier;classifier;classifier;N/A;N/A;N/A;2000;100;114;13300;0,0000;0,0000;0,0000;0,0000;0,0000;0,0000;0;0;0;0
20260611_1518;Generalização_200;classification;LeveragingBagging;Otimizado_FullFeatures;classifier;classifier;classifier;N/A;N/A;N/A;2000;100;115;13400;0,0000;0,0000;0,0000;0,0000;0,0000;0,0000;0;0;0;0
20260611_1518;Generalização_200;classification;LeveragingBagging;Otimizado_FullFeatures;classifier;classifier;classifier;N/A;N/A;N/A;2000;100;116;13500;0,0000;0,0000;0,0000;0,0000;0,0000;0,0000;0;0;0;0
20260611_1518;Generalização_200;classification;LeveragingBagging;Otimizado_FullFeatures;classifier;classifier;classifier;N/A;N/A;N/A;2000;100;117;13600;0,0000;0,0000;0,0000;0,0000;0,0000;0,0000;0;0;0;0
20260611_1518;Generalização_200;classification;LeveragingBagging;Otimizado_FullFeatures;classifier;classifier;classifier;N/A;N/A;N/A;2000;100;118;13700;0,0000;0,0000;0,0000;0,0000;0,0000;0,0000;0;0;0;0
20260611_1518;Generalização_200;classification;LeveragingBagging;Otimizado_FullFeatures;classifier;classifier;classifier;N/A;N/A;N/A;2000;100;119;13800;0,0000;0,0000;0,0000;0,0000;0,0000;0,0000;0;0;0;0
20260611_1518;Generalização_200;classification;LeveragingBagging;Otimizado_FullFeatures;classifier;classifier;classifier;N/A;N/A;N/A;2000;100;120;13900;0,0000;0,0000;0,0000;0,0000;0,0000;0,0000;0;0;0;0
20260611_1518;Generalização_200;classification;LeveragingBagging;Otimizado_FullFeatures;classifier;classifier;classifier;N/A;N/A;N/A;2000;100;121;14000;0,0000;0,0000;0,0000;0,0000;0,0000;0,0000;0;0;0;0
20260611_1518;Generalização_200;classification;LeveragingBagging;Otimizado_FullFeatures;classifier;classifier;classifier;N/A;N/A;N/A;2000;100;122;14100;0,0000;0,0000;0,0000;0,0000;0,0000;0,0000;0;0;0;0
20260611_1518;Generalização_200;classification;LeveragingBagging;Otimizado_FullFeatures;classifier;classifier;classifier;N/A;N/A;N/A;2000;100;123;14200;0,0000;0,0000;0,0000;0,0000;0,0000;0,0000;0;0;0;0
20260611_1518;Generalização_200;classification;LeveragingBagging;Otimizado_FullFeatures;classifier;classifier;classifier;N/A;N/A;N/A;2000;100;124;14300;0,0000;0,0000;0,0000;0,0000;0,0000;0,0000;0;0;0;0
20260611_1518;Generalização_200;classification;LeveragingBagging;Otimizado_FullFeatures;classifier;classifier;classifier;N/A;N/A;N/A;2000;100;125;14400;0,0000;0,0000;0,0000;0,0000;0,0000;0,0000;0;0;0;0
20260611_1518;Generalização_200;classification;LeveragingBagging;Otimizado_FullFeatures;classifier;classifier;classifier;N/A;N/A;N/A;2000;100;126;14500;0,0000;0,0000;0,0000;0,0000;0,0000;0,0000;0;0;0;0
20260611_1518;Generalização_200;classification;LeveragingBagging;Otimizado_FullFeatures;classifier;classifier;classifier;N/A;N/A;N/A;2000;100;127;14600;0,0000;0,0000;0,0000;0,0000;0,0000;0,0000;0;0;0;0
20260611_1518;Generalização_200;classification;LeveragingBagging;Otimizado_FullFeatures;classifier;classifier;classifier;N/A;N/A;N/A;2000;100;128;14700;0,0000;0,0000;0,0000;0,0000;0,0000;0,0000;0;0;0;0
20260611_1518;Generalização_200;classification;LeveragingBagging;Otimizado_FullFeatures;classifier;classifier;classifier;N/A;N/A;N/A;2000;100;129;14800;0,0000;0,0000;0,0000;0,0000;0,0000;0,0000;0;0;0;0
20260611_1518;Generalização_200;classification;LeveragingBagging;Otimizado_FullFeatures;classifier;classifier;classifier;N/A;N/A;N/A;2000;100;130;14900;0,0000;0,0000;0,0000;0,0000;0,0000;0,0000;0;0;0;0
20260611_1518;Generalização_200;classification;LeveragingBagging;Otimizado_FullFeatures;classifier;classifier;classifier;N/A;N/A;N/A;2000;100;131;15000;0,0000;0,0000;0,0000;0,0000;0,0000;0,0000;0;0;0;0
20260611_1518;Generalização_200;classification;LeveragingBagging;Otimizado_FullFeatures;classifier;classifier;classifier;N/A;N/A;N/A;2000;100;132;15100;0,0000;0,0000;0,0000;0,0000;0,0000;0,0000;0;0;0;0
20260611_1518;Generalização_200;classification;LeveragingBagging;Otimizado_FullFeatures;classifier;classifier;classifier;N/A;N/A;N/A;2000;100;133;15200;0,0000;0,0000;0,0000;0,0000;0,0000;0,0000;0;0;0;0
20260611_1518;Generalização_200;classification;LeveragingBagging;Otimizado_FullFeatures;classifier;classifier;classifier;N/A;N/A;N/A;2000;100;134;15300;0,0000;0,0000;0,0000;0,0000;0,0000;0,0000;0;0;0;0
20260611_1518;Generalização_200;classification;LeveragingBagging;Otimizado_FullFeatures;classifier;classifier;classifier;N/A;N/A;N/A;2000;100;135;15400;0,0000;0,0000;0,0000;0,0000;0,0000;0,0000;0;0;0;0
20260611_1518;Generalização_200;classification;LeveragingBagging;Otimizado_FullFeatures;classifier;classifier;classifier;N/A;N/A;N/A;2000;100;136;15500;0,0000;0,0000;0,0000;0,0000;0,0000;0,0000;0;0;0;0
20260612_0942;Adaptação_25;classification;LeveragingBagging;Otimizado_FullFeatures;classifier;classifier;classifier;N/A;N/A;N/A;2000;100;1;2000;0,0000;0,0000;0,0000;0,0000;0,0000;0,0000;0;0;0;0
20260612_0942;Adaptação_25;classification;LeveragingBagging;Otimizado_FullFeatures;classifier;classifier;classifier;N/A;N/A;N/A;2000;100;2;2100;0,0000;0,0000;0,0000;0,0000;0,0000;0,0000;0;0;0;0
20260612_0942;Adaptação_25;classification;LeveragingBagging;Otimizado_FullFeatures;classifier;classifier;classifier;N/A;N/A;N/A;2000;100;3;2200;0,0000;0,0000;0,0000;0,0000;0,0000;0,0000;0;0;0;0
20260612_0942;Adaptação_25;classification;LeveragingBagging;Otimizado_FullFeatures;classifier;classifier;classifier;N/A;N/A;N/A;2000;100;4;2300;0,0000;0,0000;0,0000;0,0000;0,0000;0,0000;0;0;0;0
20260612_0942;Adaptação_25;classification;LeveragingBagging;Otimizado_FullFeatures;classifier;classifier;classifier;N/A;N/A;N/A;2000;100;5;2400;0,0000;0,0000;0,0000;0,0000;0,0000;0,0000;0;0;0;0
20260612_0942;Adaptação_25;classification;LeveragingBagging;Otimizado_FullFeatures;classifier;classifier;classifier;N/A;N/A;N/A;2000;100;6;2500;0,0000;0,0000;0,0000;0,0000;0,0000;0,0000;0;0;0;0
20260612_0942;Adaptação_25;classification;LeveragingBagging;Otimizado_FullFeatures;classifier;classifier;classifier;N/A;N/A;N/A;2000;100;7;2600;0,0000;0,0000;0,0000;0,0000;0,0000;0,0000;0;0;0;0
20260612_0942;Adaptação_25;classification;LeveragingBagging;Otimizado_FullFeatures;classifier;classifier;classifier;N/A;N/A;N/A;2000;100;8;2700;0,0000;0,0000;0,0000;0,0000;0,0000;0,0000;0;0;0;0
20260612_0942;Adaptação_25;classification;LeveragingBagging;Otimizado_FullFeatures;classifier;classifier;classifier;N/A;N/A;N/A;2000;100;9;2800;0,0000;0,0000;0,0000;0,0000;0,0000;0,0000;0;0;0;0
20260612_0942;Adaptação_25;classification;LeveragingBagging;Otimizado_FullFeatures;classifier;classifier;classifier;N/A;N/A;N/A;2000;100;10;2900;0,0000;0,0000;0,0000;0,0000;0,0000;0,0000;0;0;0;0
20260612_0942;Adaptação_25;classification;LeveragingBagging;Otimizado_FullFeatures;classifier;classifier;classifier;N/A;N/A;N/A;2000;100;11;3000;0,0000;0,0000;0,0000;0,0000;0,0000;0,0000;0;0;0;0
20260612_0942;Adaptação_25;classification;LeveragingBagging;Otimizado_FullFeatures;classifier;classifier;classifier;N/A;N/A;N/A;2000;100;12;3100;0,0000;0,0000;0,0000;0,0000;0,0000;0,0000;0;0;0;0
20260612_0942;Adaptação_25;classification;LeveragingBagging;Otimizado_FullFeatures;classifier;classifier;classifier;N/A;N/A;N/A;2000;100;13;3200;0,0000;0,0000;0,0000;0,0000;0,0000;0,0000;0;0;0;0
20260612_0942;Adaptação_25;classification;LeveragingBagging;Otimizado_FullFeatures;classifier;classifier;classifier;N/A;N/A;N/A;2000;100;14;3300;0,0000;0,0000;0,0000;0,0000;0,0000;0,0000;0;0;0;0
20260612_0942;Adaptação_25;classification;LeveragingBagging;Otimizado_FullFeatures;classifier;classifier;classifier;N/A;N/A;N/A;2000;100;15;3400;0,0000;0,0000;0,0000;0,0000;0,0000;0,0000;0;0;0;0
20260612_0942;Adaptação_25;classification;LeveragingBagging;Otimizado_FullFeatures;classifier;classifier;classifier;N/A;N/A;N/A;2000;100;16;3500;0,0000;0,0000;0,0000;0,0000;0,0000;0,0000;0;0;0;0
20260612_0942;Adaptação_25;classification;LeveragingBagging;Otimizado_FullFeatures;classifier;classifier;classifier;N/A;N/A;N/A;2000;100;17;3600;0,0000;0,0000;0,0000;0,0000;0,0000;0,0000;0;0;0;0
20260612_0942;Adaptação_25;classification;LeveragingBagging;Otimizado_FullFeatures;classifier;classifier;classifier;N/A;N/A;N/A;2000;100;18;3700;0,0000;0,0000;0,0000;0,0000;0,0000;0,0000;0;0;0;0
20260612_0942;Adaptação_25;classification;LeveragingBagging;Otimizado_FullFeatures;classifier;classifier;classifier;N/A;N/A;N/A;2000;100;19;3800;90,3382;1,1833;100,0000;0,0000;82,4000;1,9596;0;0;5;1
20260612_0942;Adaptação_25;classification;LeveragingBagging;Otimizado_FullFeatures;classifier;classifier;classifier;N/A;N/A;N/A;2000;100;20;3900;0,0000;0,0000;0,0000;0,0000;0,0000;0,0000;2;1;0;0
20260612_0942;Adaptação_25;classification;LeveragingBagging;Otimizado_FullFeatures;classifier;classifier;classifier;N/A;N/A;N/A;2000;100;21;4000;0,0000;0,0000;0,0000;0,0000;0,0000;0,0000;1;0;0;0
20260612_0942;Adaptação_25;classification;LeveragingBagging;Otimizado_FullFeatures;classifier;classifier;classifier;N/A;N/A;N/A;2000;100;22;4100;0,0000;0,0000;0,0000;0,0000;0,0000;0,0000;0;0;0;0
20260612_0942;Adaptação_25;classification;LeveragingBagging;Otimizado_FullFeatures;classifier;classifier;classifier;N/A;N/A;N/A;2000;100;23;4200;0,0000;0,0000;0,0000;0,0000;0,0000;0,0000;0;0;0;0
20260612_0942;Adaptação_25;classification;LeveragingBagging;Otimizado_FullFeatures;classifier;classifier;classifier;N/A;N/A;N/A;2000;100;24;4300;0,0000;0,0000;0,0000;0,0000;0,0000;0,0000;0;0;0;0
20260612_0942;Adaptação_25;classification;LeveragingBagging;Otimizado_FullFeatures;classifier;classifier;classifier;N/A;N/A;N/A;2000;100;25;4400;0,0000;0,0000;0,0000;0,0000;0,0000;0,0000;0;0;0;0
20260612_0942;Adaptação_25;classification;LeveragingBagging;Otimizado_FullFeatures;classifier;classifier;classifier;N/A;N/A;N/A;2000;100;26;4500;0,0000;0,0000;0,0000;0,0000;0,0000;0,0000;0;0;0;0
20260612_0942;Adaptação_25;classification;LeveragingBagging;Otimizado_FullFeatures;classifier;classifier;classifier;N/A;N/A;N/A;2000;100;27;4600;0,0000;0,0000;0,0000;0,0000;0,0000;0,0000;0;0;0;0
20260612_0942;Adaptação_25;classification;LeveragingBagging;Otimizado_FullFeatures;classifier;classifier;classifier;N/A;N/A;N/A;2000;100;28;4700;0,0000;0,0000;0,0000;0,0000;0,0000;0,0000;0;0;0;0
20260612_0942;Adaptação_25;classification;LeveragingBagging;Otimizado_FullFeatures;classifier;classifier;classifier;N/A;N/A;N/A;2000;100;29;4800;0,0000;0,0000;0,0000;0,0000;0,0000;0,0000;0;0;0;0
20260612_0942;Adaptação_25;classification;LeveragingBagging;Otimizado_FullFeatures;classifier;classifier;classifier;N/A;N/A;N/A;2000;100;30;4900;0,0000;0,0000;0,0000;0,0000;0,0000;0,0000;0;0;0;0
20260612_0942;Adaptação_25;classification;LeveragingBagging;Otimizado_FullFeatures;classifier;classifier;classifier;N/A;N/A;N/A;2000;100;31;5000;0,0000;0,0000;0,0000;0,0000;0,0000;0,0000;0;0;0;0
20260612_0942;Adaptação_25;classification;LeveragingBagging;Otimizado_FullFeatures;classifier;classifier;classifier;N/A;N/A;N/A;2000;100;32;5100;0,0000;0,0000;0,0000;0,0000;0,0000;0,0000;0;0;0;0
20260612_0942;Adaptação_25;classification;LeveragingBagging;Otimizado_FullFeatures;classifier;classifier;classifier;N/A;N/A;N/A;2000;100;33;5200;0,0000;0,0000;0,0000;0,0000;0,0000;0,0000;0;0;0;0
20260612_0942;Adaptação_25;classification;LeveragingBagging;Otimizado_FullFeatures;classifier;classifier;classifier;N/A;N/A;N/A;2000;100;34;5300;0,0000;0,0000;0,0000;0,0000;0,0000;0,0000;0;0;0;0
20260612_0942;Adaptação_25;classification;LeveragingBagging;Otimizado_FullFeatures;classifier;classifier;classifier;N/A;N/A;N/A;2000;100;35;5400;0,0000;0,0000;0,0000;0,0000;0,0000;0,0000;0;0;0;0
20260612_0942;Adaptação_25;classification;LeveragingBagging;Otimizado_FullFeatures;classifier;classifier;classifier;N/A;N/A;N/A;2000;100;36;5500;0,0000;0,0000;0,0000;0,0000;0,0000;0,0000;0;0;0;0
20260612_0942;Adaptação_25;classification;LeveragingBagging;Otimizado_FullFeatures;classifier;classifier;classifier;N/A;N/A;N/A;2000;100;37;5600;0,0000;0,0000;0,0000;0,0000;0,0000;0,0000;0;0;0;0
20260612_0942;Adaptação_25;classification;LeveragingBagging;Otimizado_FullFeatures;classifier;classifier;classifier;N/A;N/A;N/A;2000;100;38;5700;0,0000;0,0000;0,0000;0,0000;0,0000;0,0000;0;0;0;0
20260612_0942;Adaptação_25;classification;LeveragingBagging;Otimizado_FullFeatures;classifier;classifier;classifier;N/A;N/A;N/A;2000;100;39;5800;0,0000;0,0000;0,0000;0,0000;0,0000;0,0000;0;0;0;0
20260612_0942;Adaptação_25;classification;LeveragingBagging;Otimizado_FullFeatures;classifier;classifier;classifier;N/A;N/A;N/A;2000;100;40;5900;0,0000;0,0000;0,0000;0,0000;0,0000;0,0000;0;0;0;0
20260612_0942;Adaptação_25;classification;LeveragingBagging;Otimizado_FullFeatures;classifier;classifier;classifier;N/A;N/A;N/A;2000;100;41;6000;0,0000;0,0000;0,0000;0,0000;0,0000;0,0000;0;0;0;0
20260612_0942;Adaptação_25;classification;LeveragingBagging;Otimizado_FullFeatures;classifier;classifier;classifier;N/A;N/A;N/A;2000;100;42;6100;0,0000;0,0000;0,0000;0,0000;0,0000;0,0000;0;0;0;0
20260612_0942;Adaptação_25;classification;LeveragingBagging;Otimizado_FullFeatures;classifier;classifier;classifier;N/A;N/A;N/A;2000;100;43;6200;0,0000;0,0000;0,0000;0,0000;0,0000;0,0000;0;0;0;0
20260612_0942;Adaptação_25;classification;LeveragingBagging;Otimizado_FullFeatures;classifier;classifier;classifier;N/A;N/A;N/A;2000;100;44;6300;0,0000;0,0000;0,0000;0,0000;0,0000;0,0000;0;0;0;0
20260612_0942;Adaptação_25;classification;LeveragingBagging;Otimizado_FullFeatures;classifier;classifier;classifier;N/A;N/A;N/A;2000;100;45;6400;0,0000;0,0000;0,0000;0,0000;0,0000;0,0000;0;0;0;0
20260612_0942;Adaptação_25;classification;LeveragingBagging;Otimizado_FullFeatures;classifier;classifier;classifier;N/A;N/A;N/A;2000;100;46;6500;0,0000;0,0000;0,0000;0,0000;0,0000;0,0000;0;0;0;0
20260612_0942;Adaptação_25;classification;LeveragingBagging;Otimizado_FullFeatures;classifier;classifier;classifier;N/A;N/A;N/A;2000;100;47;6600;0,0000;0,0000;0,0000;0,0000;0,0000;0,0000;0;0;0;0
20260612_0942;Adaptação_25;classification;LeveragingBagging;Otimizado_FullFeatures;classifier;classifier;classifier;N/A;N/A;N/A;2000;100;48;6700;0,0000;0,0000;0,0000;0,0000;0,0000;0,0000;0;0;0;0
20260612_0942;Adaptação_25;classification;LeveragingBagging;Otimizado_FullFeatures;classifier;classifier;classifier;N/A;N/A;N/A;2000;100;49;6800;0,0000;0,0000;0,0000;0,0000;0,0000;0,0000;0;0;0;0
20260612_0942;Adaptação_25;classification;LeveragingBagging;Otimizado_FullFeatures;classifier;classifier;classifier;N/A;N/A;N/A;2000;100;50;6900;0,0000;0,0000;0,0000;0,0000;0,0000;0,0000;0;0;0;0
20260612_0942;Adaptação_25;classification;LeveragingBagging;Otimizado_FullFeatures;classifier;classifier;classifier;N/A;N/A;N/A;2000;100;51;7000;0,0000;0,0000;0,0000;0,0000;0,0000;0,0000;0;0;0;0
20260612_0942;Adaptação_25;classification;LeveragingBagging;Otimizado_FullFeatures;classifier;classifier;classifier;N/A;N/A;N/A;2000;100;52;7100;0,0000;0,0000;0,0000;0,0000;0,0000;0,0000;0;0;0;0
20260612_0942;Adaptação_25;classification;LeveragingBagging;Otimizado_FullFeatures;classifier;classifier;classifier;N/A;N/A;N/A;2000;100;53;7200;0,0000;0,0000;0,0000;0,0000;0,0000;0,0000;0;0;0;0
20260612_0942;Adaptação_25;classification;LeveragingBagging;Otimizado_FullFeatures;classifier;classifier;classifier;N/A;N/A;N/A;2000;100;54;7300;0,0000;0,0000;0,0000;0,0000;0,0000;0,0000;0;0;0;0
20260612_0942;Adaptação_25;classification;LeveragingBagging;Otimizado_FullFeatures;classifier;classifier;classifier;N/A;N/A;N/A;2000;100;55;7400;0,0000;0,0000;0,0000;0,0000;0,0000;0,0000;0;0;0;0
20260612_0942;Adaptação_25;classification;LeveragingBagging;Otimizado_FullFeatures;classifier;classifier;classifier;N/A;N/A;N/A;2000;100;56;7500;0,0000;0,0000;0,0000;0,0000;0,0000;0,0000;0;0;0;0
20260612_0942;Adaptação_25;classification;LeveragingBagging;Otimizado_FullFeatures;classifier;classifier;classifier;N/A;N/A;N/A;2000;100;57;7600;76,8051;5,0078;100,0000;0,0000;62,6087;6,5072;0;0;9;2
20260612_0942;Adaptação_25;classification;LeveragingBagging;Otimizado_FullFeatures;classifier;classifier;classifier;N/A;N/A;N/A;2000;100;58;7700;0,0000;0,0000;0,0000;0,0000;0,0000;0,0000;0;0;0;0
20260612_0942;Adaptação_25;classification;LeveragingBagging;Otimizado_FullFeatures;classifier;classifier;classifier;N/A;N/A;N/A;2000;100;59;7800;0,0000;0,0000;0,0000;0,0000;0,0000;0,0000;0;0;0;0
20260612_0942;Adaptação_25;classification;LeveragingBagging;Otimizado_FullFeatures;classifier;classifier;classifier;N/A;N/A;N/A;2000;100;60;7900;0,0000;0,0000;0,0000;0,0000;0,0000;0,0000;0;0;0;0
20260612_0942;Adaptação_25;classification;LeveragingBagging;Otimizado_FullFeatures;classifier;classifier;classifier;N/A;N/A;N/A;2000;100;61;8000;0,0000;0,0000;0,0000;0,0000;0,0000;0,0000;0;0;0;0
20260612_0942;Adaptação_25;classification;LeveragingBagging;Otimizado_FullFeatures;classifier;classifier;classifier;N/A;N/A;N/A;2000;100;62;8100;0,0000;0,0000;0,0000;0,0000;0,0000;0,0000;0;0;0;0
20260612_0942;Adaptação_25;classification;LeveragingBagging;Otimizado_FullFeatures;classifier;classifier;classifier;N/A;N/A;N/A;2000;100;63;8200;0,0000;0,0000;0,0000;0,0000;0,0000;0,0000;0;0;0;0
20260612_0942;Adaptação_25;classification;LeveragingBagging;Otimizado_FullFeatures;classifier;classifier;classifier;N/A;N/A;N/A;2000;100;64;8300;0,0000;0,0000;0,0000;0,0000;0,0000;0,0000;0;0;0;0
20260612_0942;Adaptação_25;classification;LeveragingBagging;Otimizado_FullFeatures;classifier;classifier;classifier;N/A;N/A;N/A;2000;100;65;8400;0,0000;0,0000;0,0000;0,0000;0,0000;0,0000;0;0;0;0
20260612_0942;Adaptação_25;classification;LeveragingBagging;Otimizado_FullFeatures;classifier;classifier;classifier;N/A;N/A;N/A;2000;100;66;8500;0,0000;0,0000;0,0000;0,0000;0,0000;0,0000;0;0;0;0
20260612_0942;Adaptação_25;classification;LeveragingBagging;Otimizado_FullFeatures;classifier;classifier;classifier;N/A;N/A;N/A;2000;100;67;8600;0,0000;0,0000;0,0000;0,0000;0,0000;0,0000;0;0;0;0
20260612_0942;Adaptação_25;classification;LeveragingBagging;Otimizado_FullFeatures;classifier;classifier;classifier;N/A;N/A;N/A;2000;100;68;8700;0,0000;0,0000;0,0000;0,0000;0,0000;0,0000;0;0;0;0
20260612_0942;Adaptação_25;classification;LeveragingBagging;Otimizado_FullFeatures;classifier;classifier;classifier;N/A;N/A;N/A;2000;100;69;8800;0,0000;0,0000;0,0000;0,0000;0,0000;0,0000;0;0;0;0
20260612_0942;Adaptação_25;classification;LeveragingBagging;Otimizado_FullFeatures;classifier;classifier;classifier;N/A;N/A;N/A;2000;100;70;8900;0,0000;0,0000;0,0000;0,0000;0,0000;0,0000;0;0;0;0
20260612_0942;Adaptação_25;classification;LeveragingBagging;Otimizado_FullFeatures;classifier;classifier;classifier;N/A;N/A;N/A;2000;100;71;9000;0,0000;0,0000;0,0000;0,0000;0,0000;0,0000;0;0;0;0
20260612_0942;Adaptação_25;classification;LeveragingBagging;Otimizado_FullFeatures;classifier;classifier;classifier;N/A;N/A;N/A;2000;100;72;9100;0,0000;0,0000;0,0000;0,0000;0,0000;0,0000;0;0;0;0
20260612_0942;Adaptação_25;classification;LeveragingBagging;Otimizado_FullFeatures;classifier;classifier;classifier;N/A;N/A;N/A;2000;100;73;9200;0,0000;0,0000;0,0000;0,0000;0,0000;0,0000;0;0;0;0
20260612_0942;Adaptação_25;classification;LeveragingBagging;Otimizado_FullFeatures;classifier;classifier;classifier;N/A;N/A;N/A;2000;100;74;9300;0,0000;0,0000;0,0000;0,0000;0,0000;0,0000;0;0;0;0
20260612_0942;Adaptação_25;classification;LeveragingBagging;Otimizado_FullFeatures;classifier;classifier;classifier;N/A;N/A;N/A;2000;100;75;9400;0,0000;0,0000;0,0000;0,0000;0,0000;0,0000;0;0;0;0
20260612_0942;Adaptação_25;classification;LeveragingBagging;Otimizado_FullFeatures;classifier;classifier;classifier;N/A;N/A;N/A;2000;100;76;9500;0,0000;0,0000;0,0000;0,0000;0,0000;0,0000;0;0;0;0
20260612_0942;Adaptação_25;classification;LeveragingBagging;Otimizado_FullFeatures;classifier;classifier;classifier;N/A;N/A;N/A;2000;100;77;9600;0,0000;0,0000;0,0000;0,0000;0,0000;0,0000;0;0;0;0
20260612_0942;Adaptação_25;classification;LeveragingBagging;Otimizado_FullFeatures;classifier;classifier;classifier;N/A;N/A;N/A;2000;100;78;9700;0,0000;0,0000;0,0000;0,0000;0,0000;0,0000;0;0;0;0
20260612_0942;Adaptação_25;classification;LeveragingBagging;Otimizado_FullFeatures;classifier;classifier;classifier;N/A;N/A;N/A;2000;100;79;9800;0,0000;0,0000;0,0000;0,0000;0,0000;0,0000;0;0;0;0
20260612_0942;Adaptação_25;classification;LeveragingBagging;Otimizado_FullFeatures;classifier;classifier;classifier;N/A;N/A;N/A;2000;100;80;9900;0,0000;0,0000;0,0000;0,0000;0,0000;0,0000;0;0;0;0
20260612_0942;Adaptação_25;classification;LeveragingBagging;Otimizado_FullFeatures;classifier;classifier;classifier;N/A;N/A;N/A;2000;100;81;10000;0,0000;0,0000;0,0000;0,0000;0,0000;0,0000;0;0;0;0
20260612_0942;Adaptação_25;classification;LeveragingBagging;Otimizado_FullFeatures;classifier;classifier;classifier;N/A;N/A;N/A;2000;100;82;10100;0,0000;0,0000;0,0000;0,0000;0,0000;0,0000;0;0;0;0
20260612_0942;Adaptação_25;classification;LeveragingBagging;Otimizado_FullFeatures;classifier;classifier;classifier;N/A;N/A;N/A;2000;100;83;10200;0,0000;0,0000;0,0000;0,0000;0,0000;0,0000;0;0;0;0
20260612_0942;Adaptação_25;classification;LeveragingBagging;Otimizado_FullFeatures;classifier;classifier;classifier;N/A;N/A;N/A;2000;100;84;10300;0,0000;0,0000;0,0000;0,0000;0,0000;0,0000;0;0;0;0
20260612_0942;Adaptação_25;classification;LeveragingBagging;Otimizado_FullFeatures;classifier;classifier;classifier;N/A;N/A;N/A;2000;100;85;10400;0,0000;0,0000;0,0000;0,0000;0,0000;0,0000;0;0;0;0
20260612_0942;Adaptação_25;classification;LeveragingBagging;Otimizado_FullFeatures;classifier;classifier;classifier;N/A;N/A;N/A;2000;100;86;10500;0,0000;0,0000;0,0000;0,0000;0,0000;0,0000;0;0;0;0
20260612_0942;Adaptação_25;classification;LeveragingBagging;Otimizado_FullFeatures;classifier;classifier;classifier;N/A;N/A;N/A;2000;100;87;10600;0,0000;0,0000;0,0000;0,0000;0,0000;0,0000;0;0;0;0
20260612_0942;Adaptação_25;classification;LeveragingBagging;Otimizado_FullFeatures;classifier;classifier;classifier;N/A;N/A;N/A;2000;100;88;10700;0,0000;0,0000;0,0000;0,0000;0,0000;0,0000;0;0;0;0
20260612_0942;Adaptação_25;classification;LeveragingBagging;Otimizado_FullFeatures;classifier;classifier;classifier;N/A;N/A;N/A;2000;100;89;10800;0,0000;0,0000;0,0000;0,0000;0,0000;0,0000;0;0;0;0
20260612_0942;Adaptação_25;classification;LeveragingBagging;Otimizado_FullFeatures;classifier;classifier;classifier;N/A;N/A;N/A;2000;100;90;10900;0,0000;0,0000;0,0000;0,0000;0,0000;0,0000;0;0;0;0
20260612_0942;Adaptação_25;classification;LeveragingBagging;Otimizado_FullFeatures;classifier;classifier;classifier;N/A;N/A;N/A;2000;100;91;11000;0,0000;0,0000;0,0000;0,0000;0,0000;0,0000;0;0;0;0
20260612_0942;Adaptação_25;classification;LeveragingBagging;Otimizado_FullFeatures;classifier;classifier;classifier;N/A;N/A;N/A;2000;100;92;11100;0,0000;0,0000;0,0000;0,0000;0,0000;0,0000;0;0;0;0
20260612_0942;Adaptação_25;classification;LeveragingBagging;Otimizado_FullFeatures;classifier;classifier;classifier;N/A;N/A;N/A;2000;100;93;11200;0,0000;0,0000;0,0000;0,0000;0,0000;0,0000;0;0;0;0
20260612_0942;Adaptação_25;classification;LeveragingBagging;Otimizado_FullFeatures;classifier;classifier;classifier;N/A;N/A;N/A;2000;100;94;11300;100,0000;0,0000;100,0000;0,0000;100,0000;0,0000;0;0;0;0
20260612_0942;Adaptação_25;classification;LeveragingBagging;Otimizado_FullFeatures;classifier;classifier;classifier;N/A;N/A;N/A;2000;100;95;11400;97,6744;0,0000;100,0000;0,0000;95,4545;0,0000;0;0;1;0
20260612_0942;Adaptação_25;classification;LeveragingBagging;Otimizado_FullFeatures;classifier;classifier;classifier;N/A;N/A;N/A;2000;100;96;11500;0,0000;0,0000;0,0000;0,0000;0,0000;0,0000;0;0;0;0
20260612_0942;Adaptação_25;classification;LeveragingBagging;Otimizado_FullFeatures;classifier;classifier;classifier;N/A;N/A;N/A;2000;100;97;11600;0,0000;0,0000;0,0000;0,0000;0,0000;0,0000;0;0;0;0
20260612_0942;Adaptação_25;classification;LeveragingBagging;Otimizado_FullFeatures;classifier;classifier;classifier;N/A;N/A;N/A;2000;100;98;11700;0,0000;0,0000;0,0000;0,0000;0,0000;0,0000;0;0;0;0
20260612_0942;Adaptação_25;classification;LeveragingBagging;Otimizado_FullFeatures;classifier;classifier;classifier;N/A;N/A;N/A;2000;100;99;11800;0,0000;0,0000;0,0000;0,0000;0,0000;0,0000;0;0;0;0
20260612_0942;Adaptação_25;classification;LeveragingBagging;Otimizado_FullFeatures;classifier;classifier;classifier;N/A;N/A;N/A;2000;100;100;11900;0,0000;0,0000;0,0000;0,0000;0,0000;0,0000;0;0;0;0
20260612_0942;Adaptação_25;classification;LeveragingBagging;Otimizado_FullFeatures;classifier;classifier;classifier;N/A;N/A;N/A;2000;100;101;12000;0,0000;0,0000;0,0000;0,0000;0,0000;0,0000;0;0;0;0
20260612_0942;Adaptação_25;classification;LeveragingBagging;Otimizado_FullFeatures;classifier;classifier;classifier;N/A;N/A;N/A;2000;100;102;12100;0,0000;0,0000;0,0000;0,0000;0,0000;0,0000;0;0;0;0
20260612_0942;Adaptação_25;classification;LeveragingBagging;Otimizado_FullFeatures;classifier;classifier;classifier;N/A;N/A;N/A;2000;100;103;12200;0,0000;0,0000;0,0000;0,0000;0,0000;0,0000;0;0;0;0
20260612_0942;Adaptação_25;classification;LeveragingBagging;Otimizado_FullFeatures;classifier;classifier;classifier;N/A;N/A;N/A;2000;100;104;12300;0,0000;0,0000;0,0000;0,0000;0,0000;0,0000;0;0;0;0
20260612_0942;Adaptação_25;classification;LeveragingBagging;Otimizado_FullFeatures;classifier;classifier;classifier;N/A;N/A;N/A;2000;100;105;12400;0,0000;0,0000;0,0000;0,0000;0,0000;0,0000;0;0;0;0
20260612_0942;Adaptação_25;classification;LeveragingBagging;Otimizado_FullFeatures;classifier;classifier;classifier;N/A;N/A;N/A;2000;100;106;12500;0,0000;0,0000;0,0000;0,0000;0,0000;0,0000;0;0;0;0
20260612_0942;Adaptação_25;classification;LeveragingBagging;Otimizado_FullFeatures;classifier;classifier;classifier;N/A;N/A;N/A;2000;100;107;12600;0,0000;0,0000;0,0000;0,0000;0,0000;0,0000;0;0;0;0
20260612_0942;Adaptação_25;classification;LeveragingBagging;Otimizado_FullFeatures;classifier;classifier;classifier;N/A;N/A;N/A;2000;100;108;12700;0,0000;0,0000;0,0000;0,0000;0,0000;0,0000;0;0;0;0
20260612_0942;Adaptação_25;classification;LeveragingBagging;Otimizado_FullFeatures;classifier;classifier;classifier;N/A;N/A;N/A;2000;100;109;12800;0,0000;0,0000;0,0000;0,0000;0,0000;0,0000;0;0;0;0
20260612_0942;Adaptação_25;classification;LeveragingBagging;Otimizado_FullFeatures;classifier;classifier;classifier;N/A;N/A;N/A;2000;100;110;12900;0,0000;0,0000;0,0000;0,0000;0,0000;0,0000;0;0;0;0
20260612_0942;Adaptação_25;classification;LeveragingBagging;Otimizado_FullFeatures;classifier;classifier;classifier;N/A;N/A;N/A;2000;100;111;13000;0,0000;0,0000;0,0000;0,0000;0,0000;0,0000;0;0;0;0
20260612_0942;Adaptação_25;classification;LeveragingBagging;Otimizado_FullFeatures;classifier;classifier;classifier;N/A;N/A;N/A;2000;100;112;13100;0,0000;0,0000;0,0000;0,0000;0,0000;0,0000;0;0;0;0
20260612_0942;Adaptação_25;classification;LeveragingBagging;Otimizado_FullFeatures;classifier;classifier;classifier;N/A;N/A;N/A;2000;100;113;13200;0,0000;0,0000;0,0000;0,0000;0,0000;0,0000;0;0;0;0
20260612_0942;Adaptação_25;classification;LeveragingBagging;Otimizado_FullFeatures;classifier;classifier;classifier;N/A;N/A;N/A;2000;100;114;13300;0,0000;0,0000;0,0000;0,0000;0,0000;0,0000;0;0;0;0
20260612_0942;Adaptação_25;classification;LeveragingBagging;Otimizado_FullFeatures;classifier;classifier;classifier;N/A;N/A;N/A;2000;100;115;13400;0,0000;0,0000;0,0000;0,0000;0,0000;0,0000;0;0;0;0
20260612_0942;Adaptação_25;classification;LeveragingBagging;Otimizado_FullFeatures;classifier;classifier;classifier;N/A;N/A;N/A;2000;100;116;13500;0,0000;0,0000;0,0000;0,0000;0,0000;0,0000;0;0;0;0
20260612_0942;Adaptação_25;classification;LeveragingBagging;Otimizado_FullFeatures;classifier;classifier;classifier;N/A;N/A;N/A;2000;100;117;13600;0,0000;0,0000;0,0000;0,0000;0,0000;0,0000;0;0;0;0
20260612_0942;Adaptação_25;classification;LeveragingBagging;Otimizado_FullFeatures;classifier;classifier;classifier;N/A;N/A;N/A;2000;100;118;13700;0,0000;0,0000;0,0000;0,0000;0,0000;0,0000;0;0;0;0
20260612_0942;Adaptação_25;classification;LeveragingBagging;Otimizado_FullFeatures;classifier;classifier;classifier;N/A;N/A;N/A;2000;100;119;13800;0,0000;0,0000;0,0000;0,0000;0,0000;0,0000;0;0;0;0
20260612_0942;Adaptação_25;classification;LeveragingBagging;Otimizado_FullFeatures;classifier;classifier;classifier;N/A;N/A;N/A;2000;100;120;13900;0,0000;0,0000;0,0000;0,0000;0,0000;0,0000;0;0;0;0
20260612_0942;Adaptação_25;classification;LeveragingBagging;Otimizado_FullFeatures;classifier;classifier;classifier;N/A;N/A;N/A;2000;100;121;14000;0,0000;0,0000;0,0000;0,0000;0,0000;0,0000;0;0;0;0
20260612_0942;Adaptação_25;classification;LeveragingBagging;Otimizado_FullFeatures;classifier;classifier;classifier;N/A;N/A;N/A;2000;100;122;14100;0,0000;0,0000;0,0000;0,0000;0,0000;0,0000;0;0;0;0
20260612_0942;Adaptação_25;classification;LeveragingBagging;Otimizado_FullFeatures;classifier;classifier;classifier;N/A;N/A;N/A;2000;100;123;14200;0,0000;0,0000;0,0000;0,0000;0,0000;0,0000;0;0;0;0
20260612_0942;Adaptação_25;classification;LeveragingBagging;Otimizado_FullFeatures;classifier;classifier;classifier;N/A;N/A;N/A;2000;100;124;14300;0,0000;0,0000;0,0000;0,0000;0,0000;0,0000;0;0;0;0
20260612_0942;Adaptação_25;classification;LeveragingBagging;Otimizado_FullFeatures;classifier;classifier;classifier;N/A;N/A;N/A;2000;100;125;14400;0,0000;0,0000;0,0000;0,0000;0,0000;0,0000;0;0;0;0
20260612_0942;Adaptação_25;classification;LeveragingBagging;Otimizado_FullFeatures;classifier;classifier;classifier;N/A;N/A;N/A;2000;100;126;14500;0,0000;0,0000;0,0000;0,0000;0,0000;0,0000;0;0;0;0
20260612_0942;Adaptação_25;classification;LeveragingBagging;Otimizado_FullFeatures;classifier;classifier;classifier;N/A;N/A;N/A;2000;100;127;14600;0,0000;0,0000;0,0000;0,0000;0,0000;0,0000;0;0;0;0
20260612_0942;Adaptação_25;classification;LeveragingBagging;Otimizado_FullFeatures;classifier;classifier;classifier;N/A;N/A;N/A;2000;100;128;14700;0,0000;0,0000;0,0000;0,0000;0,0000;0,0000;0;0;0;0
20260612_0942;Adaptação_25;classification;LeveragingBagging;Otimizado_FullFeatures;classifier;classifier;classifier;N/A;N/A;N/A;2000;100;129;14800;0,0000;0,0000;0,0000;0,0000;0,0000;0,0000;0;0;0;0
20260612_0942;Adaptação_25;classification;LeveragingBagging;Otimizado_FullFeatures;classifier;classifier;classifier;N/A;N/A;N/A;2000;100;130;14900;0,0000;0,0000;0,0000;0,0000;0,0000;0,0000;0;0;0;0
20260612_0942;Adaptação_25;classification;LeveragingBagging;Otimizado_FullFeatures;classifier;classifier;classifier;N/A;N/A;N/A;2000;100;131;15000;0,0000;0,0000;0,0000;0,0000;0,0000;0,0000;0;0;0;0
20260612_0942;Adaptação_200;classification;LeveragingBagging;Otimizado_FullFeatures;classifier;classifier;classifier;N/A;N/A;N/A;2000;100;1;2000;0,0000;0,0000;0,0000;0,0000;0,0000;0,0000;0;0;0;0
20260612_0942;Adaptação_200;classification;LeveragingBagging;Otimizado_FullFeatures;classifier;classifier;classifier;N/A;N/A;N/A;2000;100;2;2100;0,0000;0,0000;0,0000;0,0000;0,0000;0,0000;0;0;0;0
20260612_0942;Adaptação_200;classification;LeveragingBagging;Otimizado_FullFeatures;classifier;classifier;classifier;N/A;N/A;N/A;2000;100;3;2200;0,0000;0,0000;0,0000;0,0000;0,0000;0,0000;0;0;0;0
20260612_0942;Adaptação_200;classification;LeveragingBagging;Otimizado_FullFeatures;classifier;classifier;classifier;N/A;N/A;N/A;2000;100;4;2300;0,0000;0,0000;0,0000;0,0000;0,0000;0,0000;0;0;0;0
20260612_0942;Adaptação_200;classification;LeveragingBagging;Otimizado_FullFeatures;classifier;classifier;classifier;N/A;N/A;N/A;2000;100;5;2400;0,0000;0,0000;0,0000;0,0000;0,0000;0,0000;0;0;0;0
20260612_0942;Adaptação_200;classification;LeveragingBagging;Otimizado_FullFeatures;classifier;classifier;classifier;N/A;N/A;N/A;2000;100;6;2500;0,0000;0,0000;0,0000;0,0000;0,0000;0,0000;0;0;0;0
20260612_0942;Adaptação_200;classification;LeveragingBagging;Otimizado_FullFeatures;classifier;classifier;classifier;N/A;N/A;N/A;2000;100;7;2600;0,0000;0,0000;0,0000;0,0000;0,0000;0,0000;0;0;0;0
20260612_0942;Adaptação_200;classification;LeveragingBagging;Otimizado_FullFeatures;classifier;classifier;classifier;N/A;N/A;N/A;2000;100;8;2700;0,0000;0,0000;0,0000;0,0000;0,0000;0,0000;0;0;0;0
20260612_0942;Adaptação_200;classification;LeveragingBagging;Otimizado_FullFeatures;classifier;classifier;classifier;N/A;N/A;N/A;2000;100;9;2800;0,0000;0,0000;0,0000;0,0000;0,0000;0,0000;0;0;0;0
20260612_0942;Adaptação_200;classification;LeveragingBagging;Otimizado_FullFeatures;classifier;classifier;classifier;N/A;N/A;N/A;2000;100;10;2900;0,0000;0,0000;0,0000;0,0000;0,0000;0,0000;0;0;0;0
20260612_0942;Adaptação_200;classification;LeveragingBagging;Otimizado_FullFeatures;classifier;classifier;classifier;N/A;N/A;N/A;2000;100;11;3000;0,0000;0,0000;0,0000;0,0000;0,0000;0,0000;0;0;0;0
20260612_0942;Adaptação_200;classification;LeveragingBagging;Otimizado_FullFeatures;classifier;classifier;classifier;N/A;N/A;N/A;2000;100;12;3100;0,0000;0,0000;0,0000;0,0000;0,0000;0,0000;0;0;0;0
20260612_0942;Adaptação_200;classification;LeveragingBagging;Otimizado_FullFeatures;classifier;classifier;classifier;N/A;N/A;N/A;2000;100;13;3200;0,0000;0,0000;0,0000;0,0000;0,0000;0,0000;0;0;0;0
20260612_0942;Adaptação_200;classification;LeveragingBagging;Otimizado_FullFeatures;classifier;classifier;classifier;N/A;N/A;N/A;2000;100;14;3300;0,0000;0,0000;0,0000;0,0000;0,0000;0,0000;0;0;0;0
20260612_0942;Adaptação_200;classification;LeveragingBagging;Otimizado_FullFeatures;classifier;classifier;classifier;N/A;N/A;N/A;2000;100;15;3400;0,0000;0,0000;0,0000;0,0000;0,0000;0,0000;0;0;0;0
20260612_0942;Adaptação_200;classification;LeveragingBagging;Otimizado_FullFeatures;classifier;classifier;classifier;N/A;N/A;N/A;2000;100;16;3500;0,0000;0,0000;0,0000;0,0000;0,0000;0,0000;0;0;0;0
20260612_0942;Adaptação_200;classification;LeveragingBagging;Otimizado_FullFeatures;classifier;classifier;classifier;N/A;N/A;N/A;2000;100;17;3600;0,0000;0,0000;0,0000;0,0000;0,0000;0,0000;0;0;0;0
20260612_0942;Adaptação_200;classification;LeveragingBagging;Otimizado_FullFeatures;classifier;classifier;classifier;N/A;N/A;N/A;2000;100;18;3700;0,0000;0,0000;0,0000;0,0000;0,0000;0,0000;0;0;0;0
20260612_0942;Adaptação_200;classification;LeveragingBagging;Otimizado_FullFeatures;classifier;classifier;classifier;N/A;N/A;N/A;2000;100;19;3800;93,5289;0,7185;99,1107;1,0896;88,5714;1,6327;1;1;6;1
20260612_0942;Adaptação_200;classification;LeveragingBagging;Otimizado_FullFeatures;classifier;classifier;classifier;N/A;N/A;N/A;2000;100;20;3900;98,7531;0,3928;98,5093;0,4892;99,0000;0,5000;2;1;1;1
20260612_0942;Adaptação_200;classification;LeveragingBagging;Otimizado_FullFeatures;classifier;classifier;classifier;N/A;N/A;N/A;2000;100;21;4000;95,8970;0,6725;94,3657;0,7377;97,5000;1,5590;3;1;2;1
20260612_0942;Adaptação_200;classification;LeveragingBagging;Otimizado_FullFeatures;classifier;classifier;classifier;N/A;N/A;N/A;2000;100;22;4100;0,0000;0,0000;0,0000;0,0000;0,0000;0,0000;0;0;0;0
20260612_0942;Adaptação_200;classification;LeveragingBagging;Otimizado_FullFeatures;classifier;classifier;classifier;N/A;N/A;N/A;2000;100;23;4200;0,0000;0,0000;0,0000;0,0000;0,0000;0,0000;1;0;0;0
20260612_0942;Adaptação_200;classification;LeveragingBagging;Otimizado_FullFeatures;classifier;classifier;classifier;N/A;N/A;N/A;2000;100;24;4300;0,0000;0,0000;0,0000;0,0000;0,0000;0,0000;0;0;0;0
20260612_0942;Adaptação_200;classification;LeveragingBagging;Otimizado_FullFeatures;classifier;classifier;classifier;N/A;N/A;N/A;2000;100;25;4400;0,0000;0,0000;0,0000;0,0000;0,0000;0,0000;0;0;0;0
20260612_0942;Adaptação_200;classification;LeveragingBagging;Otimizado_FullFeatures;classifier;classifier;classifier;N/A;N/A;N/A;2000;100;26;4500;0,0000;0,0000;0,0000;0,0000;0,0000;0,0000;0;0;0;0
20260612_0942;Adaptação_200;classification;LeveragingBagging;Otimizado_FullFeatures;classifier;classifier;classifier;N/A;N/A;N/A;2000;100;27;4600;0,0000;0,0000;0,0000;0,0000;0,0000;0,0000;0;0;0;0
20260612_0942;Adaptação_200;classification;LeveragingBagging;Otimizado_FullFeatures;classifier;classifier;classifier;N/A;N/A;N/A;2000;100;28;4700;0,0000;0,0000;0,0000;0,0000;0,0000;0,0000;0;0;0;0
20260612_0942;Adaptação_200;classification;LeveragingBagging;Otimizado_FullFeatures;classifier;classifier;classifier;N/A;N/A;N/A;2000;100;29;4800;0,0000;0,0000;0,0000;0,0000;0,0000;0,0000;1;1;0;0
20260612_0942;Adaptação_200;classification;LeveragingBagging;Otimizado_FullFeatures;classifier;classifier;classifier;N/A;N/A;N/A;2000;100;30;4900;0,0000;0,0000;0,0000;0,0000;0,0000;0,0000;0;0;0;0
20260612_0942;Adaptação_200;classification;LeveragingBagging;Otimizado_FullFeatures;classifier;classifier;classifier;N/A;N/A;N/A;2000;100;31;5000;0,0000;0,0000;0,0000;0,0000;0,0000;0,0000;0;0;0;0
20260612_0942;Adaptação_200;classification;LeveragingBagging;Otimizado_FullFeatures;classifier;classifier;classifier;N/A;N/A;N/A;2000;100;32;5100;0,0000;0,0000;0,0000;0,0000;0,0000;0,0000;0;0;0;0
20260612_0942;Adaptação_200;classification;LeveragingBagging;Otimizado_FullFeatures;classifier;classifier;classifier;N/A;N/A;N/A;2000;100;33;5200;0,0000;0,0000;0,0000;0,0000;0,0000;0,0000;0;0;0;0
20260612_0942;Adaptação_200;classification;LeveragingBagging;Otimizado_FullFeatures;classifier;classifier;classifier;N/A;N/A;N/A;2000;100;34;5300;0,0000;0,0000;0,0000;0,0000;0,0000;0,0000;0;0;0;0
20260612_0942;Adaptação_200;classification;LeveragingBagging;Otimizado_FullFeatures;classifier;classifier;classifier;N/A;N/A;N/A;2000;100;35;5400;0,0000;0,0000;0,0000;0,0000;0,0000;0,0000;0;0;0;0
20260612_0942;Adaptação_200;classification;LeveragingBagging;Otimizado_FullFeatures;classifier;classifier;classifier;N/A;N/A;N/A;2000;100;36;5500;0,0000;0,0000;0,0000;0,0000;0,0000;0,0000;0;0;0;0
20260612_0942;Adaptação_200;classification;LeveragingBagging;Otimizado_FullFeatures;classifier;classifier;classifier;N/A;N/A;N/A;2000;100;37;5600;0,0000;0,0000;0,0000;0,0000;0,0000;0,0000;0;0;0;0
20260612_0942;Adaptação_200;classification;LeveragingBagging;Otimizado_FullFeatures;classifier;classifier;classifier;N/A;N/A;N/A;2000;100;38;5700;0,0000;0,0000;0,0000;0,0000;0,0000;0,0000;0;0;0;0
20260612_0942;Adaptação_200;classification;LeveragingBagging;Otimizado_FullFeatures;classifier;classifier;classifier;N/A;N/A;N/A;2000;100;39;5800;0,0000;0,0000;0,0000;0,0000;0,0000;0,0000;0;0;0;0
20260612_0942;Adaptação_200;classification;LeveragingBagging;Otimizado_FullFeatures;classifier;classifier;classifier;N/A;N/A;N/A;2000;100;40;5900;0,0000;0,0000;0,0000;0,0000;0,0000;0,0000;0;0;0;0
20260612_0942;Adaptação_200;classification;LeveragingBagging;Otimizado_FullFeatures;classifier;classifier;classifier;N/A;N/A;N/A;2000;100;41;6000;0,0000;0,0000;0,0000;0,0000;0,0000;0,0000;0;0;0;0
20260612_0942;Adaptação_200;classification;LeveragingBagging;Otimizado_FullFeatures;classifier;classifier;classifier;N/A;N/A;N/A;2000;100;42;6100;0,0000;0,0000;0,0000;0,0000;0,0000;0,0000;0;0;0;0
20260612_0942;Adaptação_200;classification;LeveragingBagging;Otimizado_FullFeatures;classifier;classifier;classifier;N/A;N/A;N/A;2000;100;43;6200;0,0000;0,0000;0,0000;0,0000;0,0000;0,0000;0;0;0;0
20260612_0942;Adaptação_200;classification;LeveragingBagging;Otimizado_FullFeatures;classifier;classifier;classifier;N/A;N/A;N/A;2000;100;44;6300;0,0000;0,0000;0,0000;0,0000;0,0000;0,0000;0;0;0;0
20260612_0942;Adaptação_200;classification;LeveragingBagging;Otimizado_FullFeatures;classifier;classifier;classifier;N/A;N/A;N/A;2000;100;45;6400;0,0000;0,0000;0,0000;0,0000;0,0000;0,0000;0;0;0;0
20260612_0942;Adaptação_200;classification;LeveragingBagging;Otimizado_FullFeatures;classifier;classifier;classifier;N/A;N/A;N/A;2000;100;46;6500;0,0000;0,0000;0,0000;0,0000;0,0000;0,0000;0;0;0;0
20260612_0942;Adaptação_200;classification;LeveragingBagging;Otimizado_FullFeatures;classifier;classifier;classifier;N/A;N/A;N/A;2000;100;47;6600;0,0000;0,0000;0,0000;0,0000;0,0000;0,0000;0;0;0;0
20260612_0942;Adaptação_200;classification;LeveragingBagging;Otimizado_FullFeatures;classifier;classifier;classifier;N/A;N/A;N/A;2000;100;48;6700;0,0000;0,0000;0,0000;0,0000;0,0000;0,0000;0;0;0;0
20260612_0942;Adaptação_200;classification;LeveragingBagging;Otimizado_FullFeatures;classifier;classifier;classifier;N/A;N/A;N/A;2000;100;49;6800;0,0000;0,0000;0,0000;0,0000;0,0000;0,0000;0;0;0;0
20260612_0942;Adaptação_200;classification;LeveragingBagging;Otimizado_FullFeatures;classifier;classifier;classifier;N/A;N/A;N/A;2000;100;50;6900;0,0000;0,0000;0,0000;0,0000;0,0000;0,0000;0;0;0;0
20260612_0942;Adaptação_200;classification;LeveragingBagging;Otimizado_FullFeatures;classifier;classifier;classifier;N/A;N/A;N/A;2000;100;51;7000;0,0000;0,0000;0,0000;0,0000;0,0000;0,0000;0;0;0;0
20260612_0942;Adaptação_200;classification;LeveragingBagging;Otimizado_FullFeatures;classifier;classifier;classifier;N/A;N/A;N/A;2000;100;52;7100;0,0000;0,0000;0,0000;0,0000;0,0000;0,0000;0;0;0;0
20260612_0942;Adaptação_200;classification;LeveragingBagging;Otimizado_FullFeatures;classifier;classifier;classifier;N/A;N/A;N/A;2000;100;53;7200;0,0000;0,0000;0,0000;0,0000;0,0000;0,0000;0;0;0;0
20260612_0942;Adaptação_200;classification;LeveragingBagging;Otimizado_FullFeatures;classifier;classifier;classifier;N/A;N/A;N/A;2000;100;54;7300;0,0000;0,0000;0,0000;0,0000;0,0000;0,0000;0;0;0;0
20260612_0942;Adaptação_200;classification;LeveragingBagging;Otimizado_FullFeatures;classifier;classifier;classifier;N/A;N/A;N/A;2000;100;55;7400;0,0000;0,0000;0,0000;0,0000;0,0000;0,0000;0;0;0;0
20260612_0942;Adaptação_200;classification;LeveragingBagging;Otimizado_FullFeatures;classifier;classifier;classifier;N/A;N/A;N/A;2000;100;56;7500;0,0000;0,0000;0,0000;0,0000;0,0000;0,0000;0;0;0;0
20260612_0942;Adaptação_200;classification;LeveragingBagging;Otimizado_FullFeatures;classifier;classifier;classifier;N/A;N/A;N/A;2000;100;57;7600;0,0000;0,0000;0,0000;0,0000;0,0000;0,0000;0;0;0;0
20260612_0942;Adaptação_200;classification;LeveragingBagging;Otimizado_FullFeatures;classifier;classifier;classifier;N/A;N/A;N/A;2000;100;58;7700;0,0000;0,0000;0,0000;0,0000;0,0000;0,0000;0;0;1;0
20260612_0942;Adaptação_200;classification;LeveragingBagging;Otimizado_FullFeatures;classifier;classifier;classifier;N/A;N/A;N/A;2000;100;59;7800;72,7273;0,0000;100,0000;0,0000;57,1429;0,0000;0;0;42;0
20260612_0942;Adaptação_200;classification;LeveragingBagging;Otimizado_FullFeatures;classifier;classifier;classifier;N/A;N/A;N/A;2000;100;60;7900;79,5181;0,0000;98,5075;0,0000;66,6667;0,0000;1;0;33;0
20260612_0942;Adaptação_200;classification;LeveragingBagging;Otimizado_FullFeatures;classifier;classifier;classifier;N/A;N/A;N/A;2000;100;61;8000;0,0000;0,0000;0,0000;0,0000;0,0000;0,0000;4;2;0;0
20260612_0942;Adaptação_200;classification;LeveragingBagging;Otimizado_FullFeatures;classifier;classifier;classifier;N/A;N/A;N/A;2000;100;62;8100;0,0000;0,0000;0,0000;0,0000;0,0000;0,0000;0;0;0;0
20260612_0942;Adaptação_200;classification;LeveragingBagging;Otimizado_FullFeatures;classifier;classifier;classifier;N/A;N/A;N/A;2000;100;63;8200;0,0000;0,0000;0,0000;0,0000;0,0000;0,0000;0;0;0;0
20260612_0942;Adaptação_200;classification;LeveragingBagging;Otimizado_FullFeatures;classifier;classifier;classifier;N/A;N/A;N/A;2000;100;64;8300;0,0000;0,0000;0,0000;0,0000;0,0000;0,0000;0;0;0;0
20260612_0942;Adaptação_200;classification;LeveragingBagging;Otimizado_FullFeatures;classifier;classifier;classifier;N/A;N/A;N/A;2000;100;65;8400;0,0000;0,0000;0,0000;0,0000;0,0000;0,0000;0;0;0;0
20260612_0942;Adaptação_200;classification;LeveragingBagging;Otimizado_FullFeatures;classifier;classifier;classifier;N/A;N/A;N/A;2000;100;66;8500;0,0000;0,0000;0,0000;0,0000;0,0000;0,0000;0;0;0;0
20260612_0942;Adaptação_200;classification;LeveragingBagging;Otimizado_FullFeatures;classifier;classifier;classifier;N/A;N/A;N/A;2000;100;67;8600;0,0000;0,0000;0,0000;0,0000;0,0000;0,0000;0;0;0;0
20260612_0942;Adaptação_200;classification;LeveragingBagging;Otimizado_FullFeatures;classifier;classifier;classifier;N/A;N/A;N/A;2000;100;68;8700;0,0000;0,0000;0,0000;0,0000;0,0000;0,0000;0;0;0;0
20260612_0942;Adaptação_200;classification;LeveragingBagging;Otimizado_FullFeatures;classifier;classifier;classifier;N/A;N/A;N/A;2000;100;69;8800;0,0000;0,0000;0,0000;0,0000;0,0000;0,0000;1;1;0;0
20260612_0942;Adaptação_200;classification;LeveragingBagging;Otimizado_FullFeatures;classifier;classifier;classifier;N/A;N/A;N/A;2000;100;70;8900;0,0000;0,0000;0,0000;0,0000;0,0000;0,0000;0;0;0;0
20260612_0942;Adaptação_200;classification;LeveragingBagging;Otimizado_FullFeatures;classifier;classifier;classifier;N/A;N/A;N/A;2000;100;71;9000;0,0000;0,0000;0,0000;0,0000;0,0000;0,0000;0;0;0;0
20260612_0942;Adaptação_200;classification;LeveragingBagging;Otimizado_FullFeatures;classifier;classifier;classifier;N/A;N/A;N/A;2000;100;72;9100;0,0000;0,0000;0,0000;0,0000;0,0000;0,0000;0;0;0;0
20260612_0942;Adaptação_200;classification;LeveragingBagging;Otimizado_FullFeatures;classifier;classifier;classifier;N/A;N/A;N/A;2000;100;73;9200;0,0000;0,0000;0,0000;0,0000;0,0000;0,0000;1;1;0;0
20260612_0942;Adaptação_200;classification;LeveragingBagging;Otimizado_FullFeatures;classifier;classifier;classifier;N/A;N/A;N/A;2000;100;74;9300;0,0000;0,0000;0,0000;0,0000;0,0000;0,0000;0;0;0;0
20260612_0942;Adaptação_200;classification;LeveragingBagging;Otimizado_FullFeatures;classifier;classifier;classifier;N/A;N/A;N/A;2000;100;75;9400;0,0000;0,0000;0,0000;0,0000;0,0000;0,0000;0;0;0;0
20260612_0942;Adaptação_200;classification;LeveragingBagging;Otimizado_FullFeatures;classifier;classifier;classifier;N/A;N/A;N/A;2000;100;76;9500;0,0000;0,0000;0,0000;0,0000;0,0000;0,0000;0;0;0;0
20260612_0942;Adaptação_200;classification;LeveragingBagging;Otimizado_FullFeatures;classifier;classifier;classifier;N/A;N/A;N/A;2000;100;77;9600;0,0000;0,0000;0,0000;0,0000;0,0000;0,0000;0;0;0;0
20260612_0942;Adaptação_200;classification;LeveragingBagging;Otimizado_FullFeatures;classifier;classifier;classifier;N/A;N/A;N/A;2000;100;78;9700;0,0000;0,0000;0,0000;0,0000;0,0000;0,0000;0;0;0;0
20260612_0942;Adaptação_200;classification;LeveragingBagging;Otimizado_FullFeatures;classifier;classifier;classifier;N/A;N/A;N/A;2000;100;79;9800;0,0000;0,0000;0,0000;0,0000;0,0000;0,0000;0;0;0;0
20260612_0942;Adaptação_200;classification;LeveragingBagging;Otimizado_FullFeatures;classifier;classifier;classifier;N/A;N/A;N/A;2000;100;80;9900;0,0000;0,0000;0,0000;0,0000;0,0000;0,0000;0;0;0;0
20260612_0942;Adaptação_200;classification;LeveragingBagging;Otimizado_FullFeatures;classifier;classifier;classifier;N/A;N/A;N/A;2000;100;81;10000;0,0000;0,0000;0,0000;0,0000;0,0000;0,0000;0;0;0;0
20260612_0942;Adaptação_200;classification;LeveragingBagging;Otimizado_FullFeatures;classifier;classifier;classifier;N/A;N/A;N/A;2000;100;82;10100;0,0000;0,0000;0,0000;0,0000;0,0000;0,0000;0;0;0;0
20260612_0942;Adaptação_200;classification;LeveragingBagging;Otimizado_FullFeatures;classifier;classifier;classifier;N/A;N/A;N/A;2000;100;83;10200;0,0000;0,0000;0,0000;0,0000;0,0000;0,0000;0;0;0;0
20260612_0942;Adaptação_200;classification;LeveragingBagging;Otimizado_FullFeatures;classifier;classifier;classifier;N/A;N/A;N/A;2000;100;84;10300;0,0000;0,0000;0,0000;0,0000;0,0000;0,0000;0;0;0;0
20260612_0942;Adaptação_200;classification;LeveragingBagging;Otimizado_FullFeatures;classifier;classifier;classifier;N/A;N/A;N/A;2000;100;85;10400;0,0000;0,0000;0,0000;0,0000;0,0000;0,0000;0;0;0;0
20260612_0942;Adaptação_200;classification;LeveragingBagging;Otimizado_FullFeatures;classifier;classifier;classifier;N/A;N/A;N/A;2000;100;86;10500;0,0000;0,0000;0,0000;0,0000;0,0000;0,0000;0;0;0;0
20260612_0942;Adaptação_200;classification;LeveragingBagging;Otimizado_FullFeatures;classifier;classifier;classifier;N/A;N/A;N/A;2000;100;87;10600;0,0000;0,0000;0,0000;0,0000;0,0000;0,0000;0;0;0;0
20260612_0942;Adaptação_200;classification;LeveragingBagging;Otimizado_FullFeatures;classifier;classifier;classifier;N/A;N/A;N/A;2000;100;88;10700;0,0000;0,0000;0,0000;0,0000;0,0000;0,0000;0;0;0;0
20260612_0942;Adaptação_200;classification;LeveragingBagging;Otimizado_FullFeatures;classifier;classifier;classifier;N/A;N/A;N/A;2000;100;89;10800;0,0000;0,0000;0,0000;0,0000;0,0000;0,0000;0;0;0;0
20260612_0942;Adaptação_200;classification;LeveragingBagging;Otimizado_FullFeatures;classifier;classifier;classifier;N/A;N/A;N/A;2000;100;90;10900;0,0000;0,0000;0,0000;0,0000;0,0000;0,0000;0;0;0;0
20260612_0942;Adaptação_200;classification;LeveragingBagging;Otimizado_FullFeatures;classifier;classifier;classifier;N/A;N/A;N/A;2000;100;91;11000;0,0000;0,0000;0,0000;0,0000;0,0000;0,0000;0;0;0;0
20260612_0942;Adaptação_200;classification;LeveragingBagging;Otimizado_FullFeatures;classifier;classifier;classifier;N/A;N/A;N/A;2000;100;92;11100;0,0000;0,0000;0,0000;0,0000;0,0000;0,0000;0;0;0;0
20260612_0942;Adaptação_200;classification;LeveragingBagging;Otimizado_FullFeatures;classifier;classifier;classifier;N/A;N/A;N/A;2000;100;93;11200;0,0000;0,0000;0,0000;0,0000;0,0000;0,0000;0;0;0;0
20260612_0942;Adaptação_200;classification;LeveragingBagging;Otimizado_FullFeatures;classifier;classifier;classifier;N/A;N/A;N/A;2000;100;94;11300;0,0000;0,0000;0,0000;0,0000;0,0000;0,0000;0;0;0;0
20260612_0942;Adaptação_200;classification;LeveragingBagging;Otimizado_FullFeatures;classifier;classifier;classifier;N/A;N/A;N/A;2000;100;95;11400;0,0000;0,0000;0,0000;0,0000;0,0000;0,0000;0;0;0;0
20260612_0942;Adaptação_200;classification;LeveragingBagging;Otimizado_FullFeatures;classifier;classifier;classifier;N/A;N/A;N/A;2000;100;96;11500;0,0000;0,0000;0,0000;0,0000;0,0000;0,0000;0;0;0;0
20260612_0942;Adaptação_200;classification;LeveragingBagging;Otimizado_FullFeatures;classifier;classifier;classifier;N/A;N/A;N/A;2000;100;97;11600;0,0000;0,0000;0,0000;0,0000;0,0000;0,0000;0;0;0;0
20260612_0942;Adaptação_200;classification;LeveragingBagging;Otimizado_FullFeatures;classifier;classifier;classifier;N/A;N/A;N/A;2000;100;98;11700;97,3280;0,5154;100,0000;0,0000;94,8000;0,9798;0;0;3;1
20260612_0942;Adaptação_200;classification;LeveragingBagging;Otimizado_FullFeatures;classifier;classifier;classifier;N/A;N/A;N/A;2000;100;99;11800;97,9598;1,4615;100,0000;0,0000;96,0417;2,8260;0;0;4;3
20260612_0942;Adaptação_200;classification;LeveragingBagging;Otimizado_FullFeatures;classifier;classifier;classifier;N/A;N/A;N/A;2000;100;100;11900;97,2539;1,4566;100,0000;0,0000;94,6939;2,7683;0;0;3;2
20260612_0942;Adaptação_200;classification;LeveragingBagging;Otimizado_FullFeatures;classifier;classifier;classifier;N/A;N/A;N/A;2000;100;101;12000;0,0000;0,0000;0,0000;0,0000;0,0000;0,0000;0;0;0;0
20260612_0942;Adaptação_200;classification;LeveragingBagging;Otimizado_FullFeatures;classifier;classifier;classifier;N/A;N/A;N/A;2000;100;102;12100;0,0000;0,0000;0,0000;0,0000;0,0000;0,0000;0;0;0;0
20260612_0942;Adaptação_200;classification;LeveragingBagging;Otimizado_FullFeatures;classifier;classifier;classifier;N/A;N/A;N/A;2000;100;103;12200;0,0000;0,0000;0,0000;0,0000;0,0000;0,0000;0;0;0;0
20260612_0942;Adaptação_200;classification;LeveragingBagging;Otimizado_FullFeatures;classifier;classifier;classifier;N/A;N/A;N/A;2000;100;104;12300;0,0000;0,0000;0,0000;0,0000;0,0000;0,0000;0;0;0;0
20260612_0942;Adaptação_200;classification;LeveragingBagging;Otimizado_FullFeatures;classifier;classifier;classifier;N/A;N/A;N/A;2000;100;105;12400;0,0000;0,0000;0,0000;0,0000;0,0000;0,0000;0;0;0;0
20260612_0942;Adaptação_200;classification;LeveragingBagging;Otimizado_FullFeatures;classifier;classifier;classifier;N/A;N/A;N/A;2000;100;106;12500;0,0000;0,0000;0,0000;0,0000;0,0000;0,0000;1;1;0;0
20260612_0942;Adaptação_200;classification;LeveragingBagging;Otimizado_FullFeatures;classifier;classifier;classifier;N/A;N/A;N/A;2000;100;107;12600;0,0000;0,0000;0,0000;0,0000;0,0000;0,0000;0;0;0;0
20260612_0942;Adaptação_200;classification;LeveragingBagging;Otimizado_FullFeatures;classifier;classifier;classifier;N/A;N/A;N/A;2000;100;108;12700;0,0000;0,0000;0,0000;0,0000;0,0000;0,0000;0;0;0;0
20260612_0942;Adaptação_200;classification;LeveragingBagging;Otimizado_FullFeatures;classifier;classifier;classifier;N/A;N/A;N/A;2000;100;109;12800;0,0000;0,0000;0,0000;0,0000;0,0000;0,0000;0;0;0;0
20260612_0942;Adaptação_200;classification;LeveragingBagging;Otimizado_FullFeatures;classifier;classifier;classifier;N/A;N/A;N/A;2000;100;110;12900;0,0000;0,0000;0,0000;0,0000;0,0000;0,0000;0;0;0;0
20260612_0942;Adaptação_200;classification;LeveragingBagging;Otimizado_FullFeatures;classifier;classifier;classifier;N/A;N/A;N/A;2000;100;111;13000;0,0000;0,0000;0,0000;0,0000;0,0000;0,0000;0;0;0;0
20260612_0942;Adaptação_200;classification;LeveragingBagging;Otimizado_FullFeatures;classifier;classifier;classifier;N/A;N/A;N/A;2000;100;112;13100;0,0000;0,0000;0,0000;0,0000;0,0000;0,0000;0;0;0;0
20260612_0942;Adaptação_200;classification;LeveragingBagging;Otimizado_FullFeatures;classifier;classifier;classifier;N/A;N/A;N/A;2000;100;113;13200;0,0000;0,0000;0,0000;0,0000;0,0000;0,0000;0;0;0;0
20260612_0942;Adaptação_200;classification;LeveragingBagging;Otimizado_FullFeatures;classifier;classifier;classifier;N/A;N/A;N/A;2000;100;114;13300;0,0000;0,0000;0,0000;0,0000;0,0000;0,0000;0;0;0;0
20260612_0942;Adaptação_200;classification;LeveragingBagging;Otimizado_FullFeatures;classifier;classifier;classifier;N/A;N/A;N/A;2000;100;115;13400;0,0000;0,0000;0,0000;0,0000;0,0000;0,0000;0;0;0;0
20260612_0942;Adaptação_200;classification;LeveragingBagging;Otimizado_FullFeatures;classifier;classifier;classifier;N/A;N/A;N/A;2000;100;116;13500;0,0000;0,0000;0,0000;0,0000;0,0000;0,0000;0;0;0;0
20260612_0942;Adaptação_200;classification;LeveragingBagging;Otimizado_FullFeatures;classifier;classifier;classifier;N/A;N/A;N/A;2000;100;117;13600;0,0000;0,0000;0,0000;0,0000;0,0000;0,0000;0;0;0;0
20260612_0942;Adaptação_200;classification;LeveragingBagging;Otimizado_FullFeatures;classifier;classifier;classifier;N/A;N/A;N/A;2000;100;118;13700;0,0000;0,0000;0,0000;0,0000;0,0000;0,0000;0;0;0;0
20260612_0942;Adaptação_200;classification;LeveragingBagging;Otimizado_FullFeatures;classifier;classifier;classifier;N/A;N/A;N/A;2000;100;119;13800;0,0000;0,0000;0,0000;0,0000;0,0000;0,0000;0;0;0;0
20260612_0942;Adaptação_200;classification;LeveragingBagging;Otimizado_FullFeatures;classifier;classifier;classifier;N/A;N/A;N/A;2000;100;120;13900;0,0000;0,0000;0,0000;0,0000;0,0000;0,0000;0;0;0;0
20260612_0942;Adaptação_200;classification;LeveragingBagging;Otimizado_FullFeatures;classifier;classifier;classifier;N/A;N/A;N/A;2000;100;121;14000;0,0000;0,0000;0,0000;0,0000;0,0000;0,0000;0;0;0;0
20260612_0942;Adaptação_200;classification;LeveragingBagging;Otimizado_FullFeatures;classifier;classifier;classifier;N/A;N/A;N/A;2000;100;122;14100;0,0000;0,0000;0,0000;0,0000;0,0000;0,0000;0;0;0;0
20260612_0942;Adaptação_200;classification;LeveragingBagging;Otimizado_FullFeatures;classifier;classifier;classifier;N/A;N/A;N/A;2000;100;123;14200;0,0000;0,0000;0,0000;0,0000;0,0000;0,0000;0;0;0;0
20260612_0942;Adaptação_200;classification;LeveragingBagging;Otimizado_FullFeatures;classifier;classifier;classifier;N/A;N/A;N/A;2000;100;124;14300;0,0000;0,0000;0,0000;0,0000;0,0000;0,0000;0;0;0;0
20260612_0942;Adaptação_200;classification;LeveragingBagging;Otimizado_FullFeatures;classifier;classifier;classifier;N/A;N/A;N/A;2000;100;125;14400;0,0000;0,0000;0,0000;0,0000;0,0000;0,0000;0;0;0;0
20260612_0942;Adaptação_200;classification;LeveragingBagging;Otimizado_FullFeatures;classifier;classifier;classifier;N/A;N/A;N/A;2000;100;126;14500;0,0000;0,0000;0,0000;0,0000;0,0000;0,0000;0;0;0;0
20260612_0942;Adaptação_200;classification;LeveragingBagging;Otimizado_FullFeatures;classifier;classifier;classifier;N/A;N/A;N/A;2000;100;127;14600;0,0000;0,0000;0,0000;0,0000;0,0000;0,0000;0;0;0;0
20260612_0942;Adaptação_200;classification;LeveragingBagging;Otimizado_FullFeatures;classifier;classifier;classifier;N/A;N/A;N/A;2000;100;128;14700;0,0000;0,0000;0,0000;0,0000;0,0000;0,0000;0;0;0;0
20260612_0942;Adaptação_200;classification;LeveragingBagging;Otimizado_FullFeatures;classifier;classifier;classifier;N/A;N/A;N/A;2000;100;129;14800;0,0000;0,0000;0,0000;0,0000;0,0000;0,0000;0;0;0;0
20260612_0942;Adaptação_200;classification;LeveragingBagging;Otimizado_FullFeatures;classifier;classifier;classifier;N/A;N/A;N/A;2000;100;130;14900;0,0000;0,0000;0,0000;0,0000;0,0000;0,0000;0;0;0;0
20260612_0942;Adaptação_200;classification;LeveragingBagging;Otimizado_FullFeatures;classifier;classifier;classifier;N/A;N/A;N/A;2000;100;131;15000;0,0000;0,0000;0,0000;0,0000;0,0000;0,0000;0;0;0;0
20260612_0942;Adaptação_200;classification;LeveragingBagging;Otimizado_FullFeatures;classifier;classifier;classifier;N/A;N/A;N/A;2000;100;132;15100;0,0000;0,0000;0,0000;0,0000;0,0000;0,0000;0;0;0;0
20260612_0942;Adaptação_200;classification;LeveragingBagging;Otimizado_FullFeatures;classifier;classifier;classifier;N/A;N/A;N/A;2000;100;133;15200;0,0000;0,0000;0,0000;0,0000;0,0000;0,0000;0;0;0;0
20260612_0942;Adaptação_200;classification;LeveragingBagging;Otimizado_FullFeatures;classifier;classifier;classifier;N/A;N/A;N/A;2000;100;134;15300;0,0000;0,0000;0,0000;0,0000;0,0000;0,0000;0;0;0;0
20260612_0942;Adaptação_200;classification;LeveragingBagging;Otimizado_FullFeatures;classifier;classifier;classifier;N/A;N/A;N/A;2000;100;135;15400;0,0000;0,0000;0,0000;0,0000;0,0000;0,0000;0;0;0;0
20260612_0942;Adaptação_200;classification;LeveragingBagging;Otimizado_FullFeatures;classifier;classifier;classifier;N/A;N/A;N/A;2000;100;136;15500;0,0000;0,0000;0,0000;0,0000;0,0000;0,0000;0;0;0;0
20260612_0942;Adaptação_1000;classification;LeveragingBagging;Otimizado_FullFeatures;classifier;classifier;classifier;N/A;N/A;N/A;2000;100;1;2000;0,0000;0,0000;0,0000;0,0000;0,0000;0,0000;0;0;0;0
20260612_0942;Adaptação_1000;classification;LeveragingBagging;Otimizado_FullFeatures;classifier;classifier;classifier;N/A;N/A;N/A;2000;100;2;2100;0,0000;0,0000;0,0000;0,0000;0,0000;0,0000;0;0;0;0
20260612_0942;Adaptação_1000;classification;LeveragingBagging;Otimizado_FullFeatures;classifier;classifier;classifier;N/A;N/A;N/A;2000;100;3;2200;0,0000;0,0000;0,0000;0,0000;0,0000;0,0000;0;0;0;0
20260612_0942;Adaptação_1000;classification;LeveragingBagging;Otimizado_FullFeatures;classifier;classifier;classifier;N/A;N/A;N/A;2000;100;4;2300;0,0000;0,0000;0,0000;0,0000;0,0000;0,0000;0;0;0;0
20260612_0942;Adaptação_1000;classification;LeveragingBagging;Otimizado_FullFeatures;classifier;classifier;classifier;N/A;N/A;N/A;2000;100;5;2400;0,0000;0,0000;0,0000;0,0000;0,0000;0,0000;0;0;0;0
20260612_0942;Adaptação_1000;classification;LeveragingBagging;Otimizado_FullFeatures;classifier;classifier;classifier;N/A;N/A;N/A;2000;100;6;2500;0,0000;0,0000;0,0000;0,0000;0,0000;0,0000;0;0;0;0
20260612_0942;Adaptação_1000;classification;LeveragingBagging;Otimizado_FullFeatures;classifier;classifier;classifier;N/A;N/A;N/A;2000;100;7;2600;0,0000;0,0000;0,0000;0,0000;0,0000;0,0000;0;0;0;0
20260612_0942;Adaptação_1000;classification;LeveragingBagging;Otimizado_FullFeatures;classifier;classifier;classifier;N/A;N/A;N/A;2000;100;8;2700;0,0000;0,0000;0,0000;0,0000;0,0000;0,0000;0;0;0;0
20260612_0942;Adaptação_1000;classification;LeveragingBagging;Otimizado_FullFeatures;classifier;classifier;classifier;N/A;N/A;N/A;2000;100;9;2800;0,0000;0,0000;0,0000;0,0000;0,0000;0,0000;0;0;0;0
20260612_0942;Adaptação_1000;classification;LeveragingBagging;Otimizado_FullFeatures;classifier;classifier;classifier;N/A;N/A;N/A;2000;100;10;2900;0,0000;0,0000;0,0000;0,0000;0,0000;0,0000;0;0;0;0
20260612_0942;Adaptação_1000;classification;LeveragingBagging;Otimizado_FullFeatures;classifier;classifier;classifier;N/A;N/A;N/A;2000;100;11;3000;0,0000;0,0000;0,0000;0,0000;0,0000;0,0000;0;0;0;0
20260612_0942;Adaptação_1000;classification;LeveragingBagging;Otimizado_FullFeatures;classifier;classifier;classifier;N/A;N/A;N/A;2000;100;12;3100;0,0000;0,0000;0,0000;0,0000;0,0000;0,0000;0;0;0;0
20260612_0942;Adaptação_1000;classification;LeveragingBagging;Otimizado_FullFeatures;classifier;classifier;classifier;N/A;N/A;N/A;2000;100;13;3200;0,0000;0,0000;0,0000;0,0000;0,0000;0,0000;0;0;0;0
20260612_0942;Adaptação_1000;classification;LeveragingBagging;Otimizado_FullFeatures;classifier;classifier;classifier;N/A;N/A;N/A;2000;100;14;3300;0,0000;0,0000;0,0000;0,0000;0,0000;0,0000;0;0;0;0
20260612_0942;Adaptação_1000;classification;LeveragingBagging;Otimizado_FullFeatures;classifier;classifier;classifier;N/A;N/A;N/A;2000;100;15;3400;0,0000;0,0000;0,0000;0,0000;0,0000;0,0000;0;0;0;0
20260612_0942;Adaptação_1000;classification;LeveragingBagging;Otimizado_FullFeatures;classifier;classifier;classifier;N/A;N/A;N/A;2000;100;16;3500;0,0000;0,0000;0,0000;0,0000;0,0000;0,0000;0;0;0;0
20260612_0942;Adaptação_1000;classification;LeveragingBagging;Otimizado_FullFeatures;classifier;classifier;classifier;N/A;N/A;N/A;2000;100;17;3600;0,0000;0,0000;0,0000;0,0000;0,0000;0,0000;0;0;0;0
20260612_0942;Adaptação_1000;classification;LeveragingBagging;Otimizado_FullFeatures;classifier;classifier;classifier;N/A;N/A;N/A;2000;100;18;3700;0,0000;0,0000;0,0000;0,0000;0,0000;0,0000;0;0;0;0
20260612_0942;Adaptação_1000;classification;LeveragingBagging;Otimizado_FullFeatures;classifier;classifier;classifier;N/A;N/A;N/A;2000;100;19;3800;93,5289;0,7185;99,1107;1,0896;88,5714;1,6327;1;1;6;1
20260612_0942;Adaptação_1000;classification;LeveragingBagging;Otimizado_FullFeatures;classifier;classifier;classifier;N/A;N/A;N/A;2000;100;20;3900;98,7531;0,3928;98,5093;0,4892;99,0000;0,5000;2;1;1;1
20260612_0942;Adaptação_1000;classification;LeveragingBagging;Otimizado_FullFeatures;classifier;classifier;classifier;N/A;N/A;N/A;2000;100;21;4000;99,3825;0,3860;100,0000;0,0000;98,7755;0,7636;0;0;2;1
20260612_0942;Adaptação_1000;classification;LeveragingBagging;Otimizado_FullFeatures;classifier;classifier;classifier;N/A;N/A;N/A;2000;100;22;4100;98,8686;0,3815;97,7654;0,7470;100,0000;0,0000;3;1;0;0
20260612_0942;Adaptação_1000;classification;LeveragingBagging;Otimizado_FullFeatures;classifier;classifier;classifier;N/A;N/A;N/A;2000;100;23;4200;99,4924;0,0000;100,0000;0,0000;98,9899;0,0000;0;0;1;0
20260612_0942;Adaptação_1000;classification;LeveragingBagging;Otimizado_FullFeatures;classifier;classifier;classifier;N/A;N/A;N/A;2000;100;24;4300;95,2120;0,7311;91,3725;0,9751;99,3939;0,7423;7;1;1;1
20260612_0942;Adaptação_1000;classification;LeveragingBagging;Otimizado_FullFeatures;classifier;classifier;classifier;N/A;N/A;N/A;2000;100;25;4400;92,8698;1,9877;90,3202;3,7412;95,6522;0,0000;3;2;1;0
20260612_0942;Adaptação_1000;classification;LeveragingBagging;Otimizado_FullFeatures;classifier;classifier;classifier;N/A;N/A;N/A;2000;100;26;4500;92,5977;6,1417;89,8333;8,5334;95,7143;3,4993;2;2;1;1
20260612_0942;Adaptação_1000;classification;LeveragingBagging;Otimizado_FullFeatures;classifier;classifier;classifier;N/A;N/A;N/A;2000;100;27;4600;98,3347;0,4378;99,5294;0,9412;97,1765;0,5764;1;1;3;1
20260612_0942;Adaptação_1000;classification;LeveragingBagging;Otimizado_FullFeatures;classifier;classifier;classifier;N/A;N/A;N/A;2000;100;28;4700;93,3333;3,3333;100,0000;0,0000;87,6923;6,1538;0;0;2;1
20260612_0942;Adaptação_1000;classification;LeveragingBagging;Otimizado_FullFeatures;classifier;classifier;classifier;N/A;N/A;N/A;2000;100;29;4800;98,3333;3,3333;96,9231;6,1538;100,0000;0,0000;1;1;0;0
20260612_0942;Adaptação_1000;classification;LeveragingBagging;Otimizado_FullFeatures;classifier;classifier;classifier;N/A;N/A;N/A;2000;100;30;4900;0,0000;0,0000;0,0000;0,0000;0,0000;0,0000;0;0;0;0
20260612_0942;Adaptação_1000;classification;LeveragingBagging;Otimizado_FullFeatures;classifier;classifier;classifier;N/A;N/A;N/A;2000;100;31;5000;0,0000;0,0000;0,0000;0,0000;0,0000;0,0000;1;1;0;0
20260612_0942;Adaptação_1000;classification;LeveragingBagging;Otimizado_FullFeatures;classifier;classifier;classifier;N/A;N/A;N/A;2000;100;32;5100;0,0000;0,0000;0,0000;0,0000;0,0000;0,0000;0;0;0;0
20260612_0942;Adaptação_1000;classification;LeveragingBagging;Otimizado_FullFeatures;classifier;classifier;classifier;N/A;N/A;N/A;2000;100;33;5200;0,0000;0,0000;0,0000;0,0000;0,0000;0,0000;0;0;0;0
20260612_0942;Adaptação_1000;classification;LeveragingBagging;Otimizado_FullFeatures;classifier;classifier;classifier;N/A;N/A;N/A;2000;100;34;5300;0,0000;0,0000;0,0000;0,0000;0,0000;0,0000;0;0;0;0
20260612_0942;Adaptação_1000;classification;LeveragingBagging;Otimizado_FullFeatures;classifier;classifier;classifier;N/A;N/A;N/A;2000;100;35;5400;0,0000;0,0000;0,0000;0,0000;0,0000;0,0000;0;0;0;0
20260612_0942;Adaptação_1000;classification;LeveragingBagging;Otimizado_FullFeatures;classifier;classifier;classifier;N/A;N/A;N/A;2000;100;36;5500;0,0000;0,0000;0,0000;0,0000;0,0000;0,0000;0;0;0;0
20260612_0942;Adaptação_1000;classification;LeveragingBagging;Otimizado_FullFeatures;classifier;classifier;classifier;N/A;N/A;N/A;2000;100;37;5600;0,0000;0,0000;0,0000;0,0000;0,0000;0,0000;3;2;0;0
20260612_0942;Adaptação_1000;classification;LeveragingBagging;Otimizado_FullFeatures;classifier;classifier;classifier;N/A;N/A;N/A;2000;100;38;5700;0,0000;0,0000;0,0000;0,0000;0,0000;0,0000;1;1;0;0
20260612_0942;Adaptação_1000;classification;LeveragingBagging;Otimizado_FullFeatures;classifier;classifier;classifier;N/A;N/A;N/A;2000;100;39;5800;0,0000;0,0000;0,0000;0,0000;0,0000;0,0000;0;0;0;0
20260612_0942;Adaptação_1000;classification;LeveragingBagging;Otimizado_FullFeatures;classifier;classifier;classifier;N/A;N/A;N/A;2000;100;40;5900;0,0000;0,0000;0,0000;0,0000;0,0000;0,0000;0;0;0;0
20260612_0942;Adaptação_1000;classification;LeveragingBagging;Otimizado_FullFeatures;classifier;classifier;classifier;N/A;N/A;N/A;2000;100;41;6000;0,0000;0,0000;0,0000;0,0000;0,0000;0,0000;0;0;0;0
20260612_0942;Adaptação_1000;classification;LeveragingBagging;Otimizado_FullFeatures;classifier;classifier;classifier;N/A;N/A;N/A;2000;100;42;6100;0,0000;0,0000;0,0000;0,0000;0,0000;0,0000;1;1;0;0
20260612_0942;Adaptação_1000;classification;LeveragingBagging;Otimizado_FullFeatures;classifier;classifier;classifier;N/A;N/A;N/A;2000;100;43;6200;0,0000;0,0000;0,0000;0,0000;0,0000;0,0000;0;0;0;0
20260612_0942;Adaptação_1000;classification;LeveragingBagging;Otimizado_FullFeatures;classifier;classifier;classifier;N/A;N/A;N/A;2000;100;44;6300;0,0000;0,0000;0,0000;0,0000;0,0000;0,0000;0;0;0;0
20260612_0942;Adaptação_1000;classification;LeveragingBagging;Otimizado_FullFeatures;classifier;classifier;classifier;N/A;N/A;N/A;2000;100;45;6400;0,0000;0,0000;0,0000;0,0000;0,0000;0,0000;0;0;0;0
20260612_0942;Adaptação_1000;classification;LeveragingBagging;Otimizado_FullFeatures;classifier;classifier;classifier;N/A;N/A;N/A;2000;100;46;6500;0,0000;0,0000;0,0000;0,0000;0,0000;0,0000;0;0;0;0
20260612_0942;Adaptação_1000;classification;LeveragingBagging;Otimizado_FullFeatures;classifier;classifier;classifier;N/A;N/A;N/A;2000;100;47;6600;0,0000;0,0000;0,0000;0,0000;0,0000;0,0000;1;1;0;0
20260612_0942;Adaptação_1000;classification;LeveragingBagging;Otimizado_FullFeatures;classifier;classifier;classifier;N/A;N/A;N/A;2000;100;48;6700;0,0000;0,0000;0,0000;0,0000;0,0000;0,0000;0;0;0;0
20260612_0942;Adaptação_1000;classification;LeveragingBagging;Otimizado_FullFeatures;classifier;classifier;classifier;N/A;N/A;N/A;2000;100;49;6800;0,0000;0,0000;0,0000;0,0000;0,0000;0,0000;0;0;0;0
20260612_0942;Adaptação_1000;classification;LeveragingBagging;Otimizado_FullFeatures;classifier;classifier;classifier;N/A;N/A;N/A;2000;100;50;6900;0,0000;0,0000;0,0000;0,0000;0,0000;0,0000;0;0;0;0
20260612_0942;Adaptação_1000;classification;LeveragingBagging;Otimizado_FullFeatures;classifier;classifier;classifier;N/A;N/A;N/A;2000;100;51;7000;0,0000;0,0000;0,0000;0,0000;0,0000;0,0000;0;0;0;0
20260612_0942;Adaptação_1000;classification;LeveragingBagging;Otimizado_FullFeatures;classifier;classifier;classifier;N/A;N/A;N/A;2000;100;52;7100;0,0000;0,0000;0,0000;0,0000;0,0000;0,0000;0;0;0;0
20260612_0942;Adaptação_1000;classification;LeveragingBagging;Otimizado_FullFeatures;classifier;classifier;classifier;N/A;N/A;N/A;2000;100;53;7200;0,0000;0,0000;0,0000;0,0000;0,0000;0,0000;0;0;0;0
20260612_0942;Adaptação_1000;classification;LeveragingBagging;Otimizado_FullFeatures;classifier;classifier;classifier;N/A;N/A;N/A;2000;100;54;7300;0,0000;0,0000;0,0000;0,0000;0,0000;0,0000;0;0;0;0
20260612_0942;Adaptação_1000;classification;LeveragingBagging;Otimizado_FullFeatures;classifier;classifier;classifier;N/A;N/A;N/A;2000;100;55;7400;0,0000;0,0000;0,0000;0,0000;0,0000;0,0000;0;0;0;0
20260612_0942;Adaptação_1000;classification;LeveragingBagging;Otimizado_FullFeatures;classifier;classifier;classifier;N/A;N/A;N/A;2000;100;56;7500;0,0000;0,0000;0,0000;0,0000;0,0000;0,0000;0;0;0;0
20260612_0942;Adaptação_1000;classification;LeveragingBagging;Otimizado_FullFeatures;classifier;classifier;classifier;N/A;N/A;N/A;2000;100;57;7600;0,0000;0,0000;0,0000;0,0000;0,0000;0,0000;0;0;0;0
20260612_0942;Adaptação_1000;classification;LeveragingBagging;Otimizado_FullFeatures;classifier;classifier;classifier;N/A;N/A;N/A;2000;100;58;7700;0,0000;0,0000;0,0000;0,0000;0,0000;0,0000;0;0;0;0
20260612_0942;Adaptação_1000;classification;LeveragingBagging;Otimizado_FullFeatures;classifier;classifier;classifier;N/A;N/A;N/A;2000;100;59;7800;0,0000;0,0000;0,0000;0,0000;0,0000;0,0000;0;0;0;0
20260612_0942;Adaptação_1000;classification;LeveragingBagging;Otimizado_FullFeatures;classifier;classifier;classifier;N/A;N/A;N/A;2000;100;60;7900;0,0000;0,0000;0,0000;0,0000;0,0000;0,0000;0;0;0;0
20260612_0942;Adaptação_1000;classification;LeveragingBagging;Otimizado_FullFeatures;classifier;classifier;classifier;N/A;N/A;N/A;2000;100;61;8000;0,0000;0,0000;0,0000;0,0000;0,0000;0,0000;0;0;0;0
20260612_0942;Adaptação_1000;classification;LeveragingBagging;Otimizado_FullFeatures;classifier;classifier;classifier;N/A;N/A;N/A;2000;100;62;8100;0,0000;0,0000;0,0000;0,0000;0,0000;0,0000;0;0;0;0
20260612_0942;Adaptação_1000;classification;LeveragingBagging;Otimizado_FullFeatures;classifier;classifier;classifier;N/A;N/A;N/A;2000;100;63;8200;0,0000;0,0000;0,0000;0,0000;0,0000;0,0000;0;0;0;0
20260612_0942;Adaptação_1000;classification;LeveragingBagging;Otimizado_FullFeatures;classifier;classifier;classifier;N/A;N/A;N/A;2000;100;64;8300;0,0000;0,0000;0,0000;0,0000;0,0000;0,0000;0;0;0;0
20260612_0942;Adaptação_1000;classification;LeveragingBagging;Otimizado_FullFeatures;classifier;classifier;classifier;N/A;N/A;N/A;2000;100;65;8400;0,0000;0,0000;0,0000;0,0000;0,0000;0,0000;0;0;0;0
20260612_0942;Adaptação_1000;classification;LeveragingBagging;Otimizado_FullFeatures;classifier;classifier;classifier;N/A;N/A;N/A;2000;100;66;8500;0,0000;0,0000;0,0000;0,0000;0,0000;0,0000;0;0;1;0
20260612_0942;Adaptação_1000;classification;LeveragingBagging;Otimizado_FullFeatures;classifier;classifier;classifier;N/A;N/A;N/A;2000;100;67;8600;93,0960;6,6831;100,0000;0,0000;87,7551;10,7410;0;0;12;11
20260612_0942;Adaptação_1000;classification;LeveragingBagging;Otimizado_FullFeatures;classifier;classifier;classifier;N/A;N/A;N/A;2000;100;68;8700;100,0000;0,0000;100,0000;0,0000;100,0000;0,0000;0;0;0;0
20260612_0942;Adaptação_1000;classification;LeveragingBagging;Otimizado_FullFeatures;classifier;classifier;classifier;N/A;N/A;N/A;2000;100;69;8800;100,0000;0,0000;100,0000;0,0000;100,0000;0,0000;0;0;0;0
20260612_0942;Adaptação_1000;classification;LeveragingBagging;Otimizado_FullFeatures;classifier;classifier;classifier;N/A;N/A;N/A;2000;100;70;8900;99,6985;0,2462;100,0000;0,0000;99,4000;0,4899;0;0;1;1
20260612_0942;Adaptação_1000;classification;LeveragingBagging;Otimizado_FullFeatures;classifier;classifier;classifier;N/A;N/A;N/A;2000;100;71;9000;100,0000;0,0000;100,0000;0,0000;100,0000;0,0000;0;0;0;0
20260612_0942;Adaptação_1000;classification;LeveragingBagging;Otimizado_FullFeatures;classifier;classifier;classifier;N/A;N/A;N/A;2000;100;72;9100;100,0000;0,0000;100,0000;0,0000;100,0000;0,0000;0;0;0;0
20260612_0942;Adaptação_1000;classification;LeveragingBagging;Otimizado_FullFeatures;classifier;classifier;classifier;N/A;N/A;N/A;2000;100;73;9200;100,0000;0,0000;100,0000;0,0000;100,0000;0,0000;0;0;0;0
20260612_0942;Adaptação_1000;classification;LeveragingBagging;Otimizado_FullFeatures;classifier;classifier;classifier;N/A;N/A;N/A;2000;100;74;9300;100,0000;0,0000;100,0000;0,0000;100,0000;0,0000;0;0;0;0
20260612_0942;Adaptação_1000;classification;LeveragingBagging;Otimizado_FullFeatures;classifier;classifier;classifier;N/A;N/A;N/A;2000;100;75;9400;100,0000;0,0000;100,0000;0,0000;100,0000;0,0000;0;0;0;0
20260612_0942;Adaptação_1000;classification;LeveragingBagging;Otimizado_FullFeatures;classifier;classifier;classifier;N/A;N/A;N/A;2000;100;76;9500;99,4975;0,0000;99,0000;0,0000;100,0000;0,0000;1;0;0;0
20260612_0942;Adaptação_1000;classification;LeveragingBagging;Otimizado_FullFeatures;classifier;classifier;classifier;N/A;N/A;N/A;2000;100;77;9600;0,0000;0,0000;0,0000;0,0000;0,0000;0,0000;5;3;0;0
20260612_0942;Adaptação_1000;classification;LeveragingBagging;Otimizado_FullFeatures;classifier;classifier;classifier;N/A;N/A;N/A;2000;100;78;9700;0,0000;0,0000;0,0000;0,0000;0,0000;0,0000;0;0;0;0
20260612_0942;Adaptação_1000;classification;LeveragingBagging;Otimizado_FullFeatures;classifier;classifier;classifier;N/A;N/A;N/A;2000;100;79;9800;0,0000;0,0000;0,0000;0,0000;0,0000;0,0000;1;0;0;0
20260612_0942;Adaptação_1000;classification;LeveragingBagging;Otimizado_FullFeatures;classifier;classifier;classifier;N/A;N/A;N/A;2000;100;80;9900;0,0000;0,0000;0,0000;0,0000;0,0000;0,0000;0;0;0;0
20260612_0942;Adaptação_1000;classification;LeveragingBagging;Otimizado_FullFeatures;classifier;classifier;classifier;N/A;N/A;N/A;2000;100;81;10000;0,0000;0,0000;0,0000;0,0000;0,0000;0,0000;0;0;0;0
20260612_0942;Adaptação_1000;classification;LeveragingBagging;Otimizado_FullFeatures;classifier;classifier;classifier;N/A;N/A;N/A;2000;100;82;10100;0,0000;0,0000;0,0000;0,0000;0,0000;0,0000;0;0;0;0
20260612_0942;Adaptação_1000;classification;LeveragingBagging;Otimizado_FullFeatures;classifier;classifier;classifier;N/A;N/A;N/A;2000;100;83;10200;0,0000;0,0000;0,0000;0,0000;0,0000;0,0000;0;0;0;0
20260612_0942;Adaptação_1000;classification;LeveragingBagging;Otimizado_FullFeatures;classifier;classifier;classifier;N/A;N/A;N/A;2000;100;84;10300;0,0000;0,0000;0,0000;0,0000;0,0000;0,0000;0;0;0;0
20260612_0942;Adaptação_1000;classification;LeveragingBagging;Otimizado_FullFeatures;classifier;classifier;classifier;N/A;N/A;N/A;2000;100;85;10400;0,0000;0,0000;0,0000;0,0000;0,0000;0,0000;0;0;0;0
20260612_0942;Adaptação_1000;classification;LeveragingBagging;Otimizado_FullFeatures;classifier;classifier;classifier;N/A;N/A;N/A;2000;100;86;10500;0,0000;0,0000;0,0000;0,0000;0,0000;0,0000;0;0;0;0
20260612_0942;Adaptação_1000;classification;LeveragingBagging;Otimizado_FullFeatures;classifier;classifier;classifier;N/A;N/A;N/A;2000;100;87;10600;0,0000;0,0000;0,0000;0,0000;0,0000;0,0000;0;0;0;0
20260612_0942;Adaptação_1000;classification;LeveragingBagging;Otimizado_FullFeatures;classifier;classifier;classifier;N/A;N/A;N/A;2000;100;88;10700;0,0000;0,0000;0,0000;0,0000;0,0000;0,0000;0;0;0;0
20260612_0942;Adaptação_1000;classification;LeveragingBagging;Otimizado_FullFeatures;classifier;classifier;classifier;N/A;N/A;N/A;2000;100;89;10800;0,0000;0,0000;0,0000;0,0000;0,0000;0,0000;0;0;0;0
20260612_0942;Adaptação_1000;classification;LeveragingBagging;Otimizado_FullFeatures;classifier;classifier;classifier;N/A;N/A;N/A;2000;100;90;10900;0,0000;0,0000;0,0000;0,0000;0,0000;0,0000;0;0;0;0
20260612_0942;Adaptação_1000;classification;LeveragingBagging;Otimizado_FullFeatures;classifier;classifier;classifier;N/A;N/A;N/A;2000;100;91;11000;0,0000;0,0000;0,0000;0,0000;0,0000;0,0000;0;0;0;0
20260612_0942;Adaptação_1000;classification;LeveragingBagging;Otimizado_FullFeatures;classifier;classifier;classifier;N/A;N/A;N/A;2000;100;92;11100;0,0000;0,0000;0,0000;0,0000;0,0000;0,0000;0;0;0;0
20260612_0942;Adaptação_1000;classification;LeveragingBagging;Otimizado_FullFeatures;classifier;classifier;classifier;N/A;N/A;N/A;2000;100;93;11200;0,0000;0,0000;0,0000;0,0000;0,0000;0,0000;0;0;0;0
20260612_0942;Adaptação_1000;classification;LeveragingBagging;Otimizado_FullFeatures;classifier;classifier;classifier;N/A;N/A;N/A;2000;100;94;11300;0,0000;0,0000;0,0000;0,0000;0,0000;0,0000;0;0;0;0
20260612_0942;Adaptação_1000;classification;LeveragingBagging;Otimizado_FullFeatures;classifier;classifier;classifier;N/A;N/A;N/A;2000;100;95;11400;0,0000;0,0000;0,0000;0,0000;0,0000;0,0000;0;0;0;0
20260612_0942;Adaptação_1000;classification;LeveragingBagging;Otimizado_FullFeatures;classifier;classifier;classifier;N/A;N/A;N/A;2000;100;96;11500;0,0000;0,0000;0,0000;0,0000;0,0000;0,0000;0;0;0;0
20260612_0942;Adaptação_1000;classification;LeveragingBagging;Otimizado_FullFeatures;classifier;classifier;classifier;N/A;N/A;N/A;2000;100;97;11600;0,0000;0,0000;0,0000;0,0000;0,0000;0,0000;0;0;0;0
20260612_0942;Adaptação_1000;classification;LeveragingBagging;Otimizado_FullFeatures;classifier;classifier;classifier;N/A;N/A;N/A;2000;100;98;11700;0,0000;0,0000;0,0000;0,0000;0,0000;0,0000;0;0;0;0
20260612_0942;Adaptação_1000;classification;LeveragingBagging;Otimizado_FullFeatures;classifier;classifier;classifier;N/A;N/A;N/A;2000;100;99;11800;0,0000;0,0000;0,0000;0,0000;0,0000;0,0000;0;0;0;0
20260612_0942;Adaptação_1000;classification;LeveragingBagging;Otimizado_FullFeatures;classifier;classifier;classifier;N/A;N/A;N/A;2000;100;100;11900;0,0000;0,0000;0,0000;0,0000;0,0000;0,0000;0;0;0;0
20260612_0942;Adaptação_1000;classification;LeveragingBagging;Otimizado_FullFeatures;classifier;classifier;classifier;N/A;N/A;N/A;2000;100;101;12000;0,0000;0,0000;0,0000;0,0000;0,0000;0,0000;0;0;0;0
20260612_0942;Adaptação_1000;classification;LeveragingBagging;Otimizado_FullFeatures;classifier;classifier;classifier;N/A;N/A;N/A;2000;100;102;12100;0,0000;0,0000;0,0000;0,0000;0,0000;0,0000;0;0;0;0
20260612_0942;Adaptação_1000;classification;LeveragingBagging;Otimizado_FullFeatures;classifier;classifier;classifier;N/A;N/A;N/A;2000;100;103;12200;0,0000;0,0000;0,0000;0,0000;0,0000;0,0000;0;0;0;0
20260612_0942;Adaptação_1000;classification;LeveragingBagging;Otimizado_FullFeatures;classifier;classifier;classifier;N/A;N/A;N/A;2000;100;104;12300;0,0000;0,0000;0,0000;0,0000;0,0000;0,0000;0;0;0;0
20260612_0942;Adaptação_1000;classification;LeveragingBagging;Otimizado_FullFeatures;classifier;classifier;classifier;N/A;N/A;N/A;2000;100;105;12400;0,0000;0,0000;0,0000;0,0000;0,0000;0,0000;0;0;0;0
20260612_0942;Adaptação_1000;classification;LeveragingBagging;Otimizado_FullFeatures;classifier;classifier;classifier;N/A;N/A;N/A;2000;100;106;12500;0,0000;0,0000;0,0000;0,0000;0,0000;0,0000;0;0;0;0
20260612_0942;Adaptação_1000;classification;LeveragingBagging;Otimizado_FullFeatures;classifier;classifier;classifier;N/A;N/A;N/A;2000;100;107;12600;0,0000;0,0000;0,0000;0,0000;0,0000;0,0000;0;0;0;0
20260612_0942;Adaptação_1000;classification;LeveragingBagging;Otimizado_FullFeatures;classifier;classifier;classifier;N/A;N/A;N/A;2000;100;108;12700;0,0000;0,0000;0,0000;0,0000;0,0000;0,0000;0;0;0;0
20260612_0942;Adaptação_1000;classification;LeveragingBagging;Otimizado_FullFeatures;classifier;classifier;classifier;N/A;N/A;N/A;2000;100;109;12800;0,0000;0,0000;0,0000;0,0000;0,0000;0,0000;0;0;0;0
20260612_0942;Adaptação_1000;classification;LeveragingBagging;Otimizado_FullFeatures;classifier;classifier;classifier;N/A;N/A;N/A;2000;100;110;12900;0,0000;0,0000;0,0000;0,0000;0,0000;0,0000;0;0;0;0
20260612_0942;Adaptação_1000;classification;LeveragingBagging;Otimizado_FullFeatures;classifier;classifier;classifier;N/A;N/A;N/A;2000;100;111;13000;0,0000;0,0000;0,0000;0,0000;0,0000;0,0000;0;0;0;0
20260612_0942;Adaptação_1000;classification;LeveragingBagging;Otimizado_FullFeatures;classifier;classifier;classifier;N/A;N/A;N/A;2000;100;112;13100;0,0000;0,0000;0,0000;0,0000;0,0000;0,0000;0;0;0;0
20260612_0942;Adaptação_1000;classification;LeveragingBagging;Otimizado_FullFeatures;classifier;classifier;classifier;N/A;N/A;N/A;2000;100;113;13200;0,0000;0,0000;0,0000;0,0000;0,0000;0,0000;0;0;0;0
20260612_0942;Adaptação_1000;classification;LeveragingBagging;Otimizado_FullFeatures;classifier;classifier;classifier;N/A;N/A;N/A;2000;100;114;13300;95,5239;1,8395;100,0000;0,0000;91,4894;3,2962;0;0;4;2
20260612_0942;Adaptação_1000;classification;LeveragingBagging;Otimizado_FullFeatures;classifier;classifier;classifier;N/A;N/A;N/A;2000;100;115;13400;96,7391;0,0000;100,0000;0,0000;93,6842;0,0000;0;0;6;0
20260612_0942;Adaptação_1000;classification;LeveragingBagging;Otimizado_FullFeatures;classifier;classifier;classifier;N/A;N/A;N/A;2000;100;116;13500;98,3240;0,0000;100,0000;0,0000;96,7033;0,0000;0;0;3;0
20260612_0942;Adaptação_1000;classification;LeveragingBagging;Otimizado_FullFeatures;classifier;classifier;classifier;N/A;N/A;N/A;2000;100;117;13600;97,6445;1,0483;96,8181;2,0360;98,5075;0,0000;3;2;1;0
20260612_0942;Adaptação_1000;classification;LeveragingBagging;Otimizado_FullFeatures;classifier;classifier;classifier;N/A;N/A;N/A;2000;100;118;13700;99,2397;0,4351;100,0000;0,0000;98,4946;0,8602;0;0;2;1
20260612_0942;Adaptação_1000;classification;LeveragingBagging;Otimizado_FullFeatures;classifier;classifier;classifier;N/A;N/A;N/A;2000;100;119;13800;100,0000;0,0000;100,0000;0,0000;100,0000;0,0000;0;0;0;0
20260612_0942;Adaptação_1000;classification;LeveragingBagging;Otimizado_FullFeatures;classifier;classifier;classifier;N/A;N/A;N/A;2000;100;120;13900;98,4434;0,4707;100,0000;0,0000;96,9388;0,9127;0;0;3;1
20260612_0942;Adaptação_1000;classification;LeveragingBagging;Otimizado_FullFeatures;classifier;classifier;classifier;N/A;N/A;N/A;2000;100;121;14000;98,9796;0,0000;100,0000;0,0000;97,9798;0,0000;0;0;2;0
20260612_0942;Adaptação_1000;classification;LeveragingBagging;Otimizado_FullFeatures;classifier;classifier;classifier;N/A;N/A;N/A;2000;100;122;14100;99,4924;0,0000;100,0000;0,0000;98,9899;0,0000;0;0;1;0
20260612_0942;Adaptação_1000;classification;LeveragingBagging;Otimizado_FullFeatures;classifier;classifier;classifier;N/A;N/A;N/A;2000;100;123;14200;98,4488;0,0064;99,7938;0,4124;97,1429;0,4082;1;1;3;1
20260612_0942;Adaptação_1000;classification;LeveragingBagging;Otimizado_FullFeatures;classifier;classifier;classifier;N/A;N/A;N/A;2000;100;124;14300;97,0776;2,9302;95,1661;4,9431;99,1837;0,9998;3;3;1;1
20260612_0942;Adaptação_1000;classification;LeveragingBagging;Otimizado_FullFeatures;classifier;classifier;classifier;N/A;N/A;N/A;2000;100;125;14400;0,0000;0,0000;0,0000;0,0000;0,0000;0,0000;1;1;0;0
20260612_0942;Adaptação_1000;classification;LeveragingBagging;Otimizado_FullFeatures;classifier;classifier;classifier;N/A;N/A;N/A;2000;100;126;14500;0,0000;0,0000;0,0000;0,0000;0,0000;0,0000;1;1;0;0
20260612_0942;Adaptação_1000;classification;LeveragingBagging;Otimizado_FullFeatures;classifier;classifier;classifier;N/A;N/A;N/A;2000;100;127;14600;0,0000;0,0000;0,0000;0,0000;0,0000;0,0000;1;1;0;0
20260612_0942;Adaptação_1000;classification;LeveragingBagging;Otimizado_FullFeatures;classifier;classifier;classifier;N/A;N/A;N/A;2000;100;128;14700;0,0000;0,0000;0,0000;0,0000;0,0000;0,0000;1;1;0;0
20260612_0942;Adaptação_1000;classification;LeveragingBagging;Otimizado_FullFeatures;classifier;classifier;classifier;N/A;N/A;N/A;2000;100;129;14800;0,0000;0,0000;0,0000;0,0000;0,0000;0,0000;0;0;0;0
20260612_0942;Adaptação_1000;classification;LeveragingBagging;Otimizado_FullFeatures;classifier;classifier;classifier;N/A;N/A;N/A;2000;100;130;14900;0,0000;0,0000;0,0000;0,0000;0,0000;0,0000;0;0;0;0
20260612_0942;Adaptação_1000;classification;LeveragingBagging;Otimizado_FullFeatures;classifier;classifier;classifier;N/A;N/A;N/A;2000;100;131;15000;0,0000;0,0000;0,0000;0,0000;0,0000;0,0000;0;0;0;0
20260612_0942;Adaptação_1000;classification;LeveragingBagging;Otimizado_FullFeatures;classifier;classifier;classifier;N/A;N/A;N/A;2000;100;132;15100;0,0000;0,0000;0,0000;0,0000;0,0000;0,0000;0;0;0;0
20260612_0942;Adaptação_1000;classification;LeveragingBagging;Otimizado_FullFeatures;classifier;classifier;classifier;N/A;N/A;N/A;2000;100;133;15200;0,0000;0,0000;0,0000;0,0000;0,0000;0,0000;0;0;0;0
20260612_0942;Adaptação_1000;classification;LeveragingBagging;Otimizado_FullFeatures;classifier;classifier;classifier;N/A;N/A;N/A;2000;100;134;15300;0,0000;0,0000;0,0000;0,0000;0,0000;0,0000;0;0;0;0
20260612_0942;Adaptação_1000;classification;LeveragingBagging;Otimizado_FullFeatures;classifier;classifier;classifier;N/A;N/A;N/A;2000;100;135;15400;0,0000;0,0000;0,0000;0,0000;0,0000;0,0000;0;0;0;0
20260612_0942;Adaptação_1000;classification;LeveragingBagging;Otimizado_FullFeatures;classifier;classifier;classifier;N/A;N/A;N/A;2000;100;136;15500;0,0000;0,0000;0,0000;0,0000;0,0000;0,0000;0;0;0;0
20260612_0942;Adaptação_1000;classification;LeveragingBagging;Otimizado_FullFeatures;classifier;classifier;classifier;N/A;N/A;N/A;2000;100;137;15600;0,0000;0,0000;0,0000;0,0000;0,0000;0,0000;0;0;0;0
20260612_0942;Adaptação_1000;classification;LeveragingBagging;Otimizado_FullFeatures;classifier;classifier;classifier;N/A;N/A;N/A;2000;100;138;15700;0,0000;0,0000;0,0000;0,0000;0,0000;0,0000;0;0;0;0
20260612_0942;Adaptação_1000;classification;LeveragingBagging;Otimizado_FullFeatures;classifier;classifier;classifier;N/A;N/A;N/A;2000;100;139;15800;0,0000;0,0000;0,0000;0,0000;0,0000;0,0000;0;0;0;0
20260612_0942;Adaptação_1000;classification;LeveragingBagging;Otimizado_FullFeatures;classifier;classifier;classifier;N/A;N/A;N/A;2000;100;140;15900;0,0000;0,0000;0,0000;0,0000;0,0000;0,0000;0;0;0;0
20260612_0942;Adaptação_1000;classification;LeveragingBagging;Otimizado_FullFeatures;classifier;classifier;classifier;N/A;N/A;N/A;2000;100;141;16000;0,0000;0,0000;0,0000;0,0000;0,0000;0,0000;0;0;0;0
20260612_0942;Adaptação_1000;classification;LeveragingBagging;Otimizado_FullFeatures;classifier;classifier;classifier;N/A;N/A;N/A;2000;100;142;16100;0,0000;0,0000;0,0000;0,0000;0,0000;0,0000;0;0;0;0
20260612_0942;Adaptação_1000;classification;LeveragingBagging;Otimizado_FullFeatures;classifier;classifier;classifier;N/A;N/A;N/A;2000;100;143;16200;0,0000;0,0000;0,0000;0,0000;0,0000;0,0000;0;0;0;0
20260612_0942;Adaptação_1000;classification;LeveragingBagging;Otimizado_FullFeatures;classifier;classifier;classifier;N/A;N/A;N/A;2000;100;144;16300;0,0000;0,0000;0,0000;0,0000;0,0000;0,0000;0;0;0;0
20260612_0942;Adaptação_1000;classification;LeveragingBagging;Otimizado_FullFeatures;classifier;classifier;classifier;N/A;N/A;N/A;2000;100;145;16400;0,0000;0,0000;0,0000;0,0000;0,0000;0,0000;0;0;0;0
20260612_0942;Adaptação_1000;classification;LeveragingBagging;Otimizado_FullFeatures;classifier;classifier;classifier;N/A;N/A;N/A;2000;100;146;16500;0,0000;0,0000;0,0000;0,0000;0,0000;0,0000;0;0;0;0
20260612_0942;Adaptação_1000;classification;LeveragingBagging;Otimizado_FullFeatures;classifier;classifier;classifier;N/A;N/A;N/A;2000;100;147;16600;0,0000;0,0000;0,0000;0,0000;0,0000;0,0000;0;0;0;0
20260612_0942;Adaptação_1000;classification;LeveragingBagging;Otimizado_FullFeatures;classifier;classifier;classifier;N/A;N/A;N/A;2000;100;148;16700;0,0000;0,0000;0,0000;0,0000;0,0000;0,0000;0;0;0;0
20260612_0942;Adaptação_1000;classification;LeveragingBagging;Otimizado_FullFeatures;classifier;classifier;classifier;N/A;N/A;N/A;2000;100;149;16800;0,0000;0,0000;0,0000;0,0000;0,0000;0,0000;0;0;0;0
20260612_0942;Adaptação_1000;classification;LeveragingBagging;Otimizado_FullFeatures;classifier;classifier;classifier;N/A;N/A;N/A;2000;100;150;16900;0,0000;0,0000;0,0000;0,0000;0,0000;0,0000;0;0;0;0
20260612_0942;Adaptação_1000;classification;LeveragingBagging;Otimizado_FullFeatures;classifier;classifier;classifier;N/A;N/A;N/A;2000;100;151;17000;0,0000;0,0000;0,0000;0,0000;0,0000;0,0000;0;0;0;0
20260612_0942;Adaptação_1000;classification;LeveragingBagging;Otimizado_FullFeatures;classifier;classifier;classifier;N/A;N/A;N/A;2000;100;152;17100;0,0000;0,0000;0,0000;0,0000;0,0000;0,0000;0;0;0;0
20260612_0942;Adaptação_1000;classification;LeveragingBagging;Otimizado_FullFeatures;classifier;classifier;classifier;N/A;N/A;N/A;2000;100;153;17200;0,0000;0,0000;0,0000;0,0000;0,0000;0,0000;0;0;0;0
20260612_0942;Adaptação_1000;classification;LeveragingBagging;Otimizado_FullFeatures;classifier;classifier;classifier;N/A;N/A;N/A;2000;100;154;17300;0,0000;0,0000;0,0000;0,0000;0,0000;0,0000;0;0;0;0
20260612_0942;Adaptação_1000;classification;LeveragingBagging;Otimizado_FullFeatures;classifier;classifier;classifier;N/A;N/A;N/A;2000;100;155;17400;0,0000;0,0000;0,0000;0,0000;0,0000;0,0000;0;0;0;0
20260612_0942;Adaptação_1000;classification;LeveragingBagging;Otimizado_FullFeatures;classifier;classifier;classifier;N/A;N/A;N/A;2000;100;156;17500;0,0000;0,0000;0,0000;0,0000;0,0000;0,0000;0;0;0;0
20260612_0942;Adaptação_1000;classification;LeveragingBagging;Otimizado_FullFeatures;classifier;classifier;classifier;N/A;N/A;N/A;2000;100;157;17600;0,0000;0,0000;0,0000;0,0000;0,0000;0,0000;0;0;0;0
20260612_0942;Adaptação_1000;classification;LeveragingBagging;Otimizado_FullFeatures;classifier;classifier;classifier;N/A;N/A;N/A;2000;100;158;17700;0,0000;0,0000;0,0000;0,0000;0,0000;0,0000;0;0;0;0
20260612_0942;Adaptação_1000;classification;LeveragingBagging;Otimizado_FullFeatures;classifier;classifier;classifier;N/A;N/A;N/A;2000;100;159;17800;0,0000;0,0000;0,0000;0,0000;0,0000;0,0000;0;0;0;0
20260612_0942;Adaptação_1000;classification;LeveragingBagging;Otimizado_FullFeatures;classifier;classifier;classifier;N/A;N/A;N/A;2000;100;160;17900;0,0000;0,0000;0,0000;0,0000;0,0000;0,0000;0;0;0;0
20260613_0945;Recorrência_25;classification;LeveragingBagging;Otimizado_FullFeatures;classifier;classifier;classifier;N/A;N/A;N/A;2000;100;1;2000;0,0000;0,0000;0,0000;0,0000;0,0000;0,0000;0;0;0;0
20260613_0945;Recorrência_25;classification;LeveragingBagging;Otimizado_FullFeatures;classifier;classifier;classifier;N/A;N/A;N/A;2000;100;2;2100;0,0000;0,0000;0,0000;0,0000;0,0000;0,0000;0;0;0;0
20260613_0945;Recorrência_25;classification;LeveragingBagging;Otimizado_FullFeatures;classifier;classifier;classifier;N/A;N/A;N/A;2000;100;3;2200;90,9091;0,0000;100,0000;0,0000;83,3333;0,0000;0;0;2;0
20260613_0945;Recorrência_25;classification;LeveragingBagging;Otimizado_FullFeatures;classifier;classifier;classifier;N/A;N/A;N/A;2000;100;4;2300;0,0000;0,0000;0,0000;0,0000;0,0000;0,0000;1;1;0;0
20260613_0945;Recorrência_25;classification;LeveragingBagging;Otimizado_FullFeatures;classifier;classifier;classifier;N/A;N/A;N/A;2000;100;5;2400;0,0000;0,0000;0,0000;0,0000;0,0000;0,0000;1;1;0;0
20260613_0945;Recorrência_25;classification;LeveragingBagging;Otimizado_FullFeatures;classifier;classifier;classifier;N/A;N/A;N/A;2000;100;6;2500;0,0000;0,0000;0,0000;0,0000;0,0000;0,0000;0;0;0;0
20260613_0945;Recorrência_25;classification;LeveragingBagging;Otimizado_FullFeatures;classifier;classifier;classifier;N/A;N/A;N/A;2000;100;7;2600;0,0000;0,0000;0,0000;0,0000;0,0000;0,0000;0;0;0;0
20260613_0945;Recorrência_25;classification;LeveragingBagging;Otimizado_FullFeatures;classifier;classifier;classifier;N/A;N/A;N/A;2000;100;8;2700;0,0000;0,0000;0,0000;0,0000;0,0000;0,0000;0;0;0;0
20260613_0945;Recorrência_25;classification;LeveragingBagging;Otimizado_FullFeatures;classifier;classifier;classifier;N/A;N/A;N/A;2000;100;9;2800;0,0000;0,0000;0,0000;0,0000;0,0000;0,0000;0;0;0;0
20260613_0945;Recorrência_25;classification;LeveragingBagging;Otimizado_FullFeatures;classifier;classifier;classifier;N/A;N/A;N/A;2000;100;10;2900;0,0000;0,0000;0,0000;0,0000;0,0000;0,0000;0;0;0;0
20260613_0945;Recorrência_25;classification;LeveragingBagging;Otimizado_FullFeatures;classifier;classifier;classifier;N/A;N/A;N/A;2000;100;11;3000;0,0000;0,0000;0,0000;0,0000;0,0000;0,0000;0;0;0;0
20260613_0945;Recorrência_25;classification;LeveragingBagging;Otimizado_FullFeatures;classifier;classifier;classifier;N/A;N/A;N/A;2000;100;12;3100;0,0000;0,0000;0,0000;0,0000;0,0000;0,0000;0;0;0;0
20260613_0945;Recorrência_25;classification;LeveragingBagging;Otimizado_FullFeatures;classifier;classifier;classifier;N/A;N/A;N/A;2000;100;13;3200;0,0000;0,0000;0,0000;0,0000;0,0000;0,0000;0;0;0;0
20260613_0945;Recorrência_25;classification;LeveragingBagging;Otimizado_FullFeatures;classifier;classifier;classifier;N/A;N/A;N/A;2000;100;14;3300;0,0000;0,0000;0,0000;0,0000;0,0000;0,0000;0;0;0;0
20260613_0945;Recorrência_25;classification;LeveragingBagging;Otimizado_FullFeatures;classifier;classifier;classifier;N/A;N/A;N/A;2000;100;15;3400;0,0000;0,0000;0,0000;0,0000;0,0000;0,0000;0;0;0;0
20260613_0945;Recorrência_25;classification;LeveragingBagging;Otimizado_FullFeatures;classifier;classifier;classifier;N/A;N/A;N/A;2000;100;16;3500;0,0000;0,0000;0,0000;0,0000;0,0000;0,0000;0;0;0;0
20260613_0945;Recorrência_25;classification;LeveragingBagging;Otimizado_FullFeatures;classifier;classifier;classifier;N/A;N/A;N/A;2000;100;17;3600;0,0000;0,0000;0,0000;0,0000;0,0000;0,0000;0;0;0;0
20260613_0945;Recorrência_25;classification;LeveragingBagging;Otimizado_FullFeatures;classifier;classifier;classifier;N/A;N/A;N/A;2000;100;18;3700;0,0000;0,0000;0,0000;0,0000;0,0000;0,0000;0;0;0;0
20260613_0945;Recorrência_25;classification;LeveragingBagging;Otimizado_FullFeatures;classifier;classifier;classifier;N/A;N/A;N/A;2000;100;19;3800;0,0000;0,0000;0,0000;0,0000;0,0000;0,0000;0;0;0;0
20260613_0945;Recorrência_25;classification;LeveragingBagging;Otimizado_FullFeatures;classifier;classifier;classifier;N/A;N/A;N/A;2000;100;20;3900;0,0000;0,0000;0,0000;0,0000;0,0000;0,0000;0;0;0;0
20260613_0945;Recorrência_25;classification;LeveragingBagging;Otimizado_FullFeatures;classifier;classifier;classifier;N/A;N/A;N/A;2000;100;21;4000;0,0000;0,0000;0,0000;0,0000;0,0000;0,0000;0;0;0;0
20260613_0945;Recorrência_25;classification;LeveragingBagging;Otimizado_FullFeatures;classifier;classifier;classifier;N/A;N/A;N/A;2000;100;22;4100;0,0000;0,0000;0,0000;0,0000;0,0000;0,0000;0;0;0;0
20260613_0945;Recorrência_25;classification;LeveragingBagging;Otimizado_FullFeatures;classifier;classifier;classifier;N/A;N/A;N/A;2000;100;23;4200;0,0000;0,0000;0,0000;0,0000;0,0000;0,0000;0;0;0;0
20260613_0945;Recorrência_25;classification;LeveragingBagging;Otimizado_FullFeatures;classifier;classifier;classifier;N/A;N/A;N/A;2000;100;24;4300;0,0000;0,0000;0,0000;0,0000;0,0000;0,0000;0;0;5;0
20260613_0945;Recorrência_25;classification;LeveragingBagging;Otimizado_FullFeatures;classifier;classifier;classifier;N/A;N/A;N/A;2000;100;25;4400;85,8462;12,9231;100,0000;0,0000;77,1429;17,1429;0;0;2;2
20260613_0945;Recorrência_25;classification;LeveragingBagging;Otimizado_FullFeatures;classifier;classifier;classifier;N/A;N/A;N/A;2000;100;26;4500;0,0000;0,0000;0,0000;0,0000;0,0000;0,0000;0;0;0;0
20260613_0945;Recorrência_25;classification;LeveragingBagging;Otimizado_FullFeatures;classifier;classifier;classifier;N/A;N/A;N/A;2000;100;27;4600;0,0000;0,0000;0,0000;0,0000;0,0000;0,0000;0;0;0;0
20260613_0945;Recorrência_25;classification;LeveragingBagging;Otimizado_FullFeatures;classifier;classifier;classifier;N/A;N/A;N/A;2000;100;28;4700;0,0000;0,0000;0,0000;0,0000;0,0000;0,0000;0;0;0;0
20260613_0945;Recorrência_25;classification;LeveragingBagging;Otimizado_FullFeatures;classifier;classifier;classifier;N/A;N/A;N/A;2000;100;29;4800;0,0000;0,0000;0,0000;0,0000;0,0000;0,0000;0;0;0;0
20260613_0945;Recorrência_25;classification;LeveragingBagging;Otimizado_FullFeatures;classifier;classifier;classifier;N/A;N/A;N/A;2000;100;30;4900;0,0000;0,0000;0,0000;0,0000;0,0000;0,0000;0;0;0;0
20260613_0945;Recorrência_25;classification;LeveragingBagging;Otimizado_FullFeatures;classifier;classifier;classifier;N/A;N/A;N/A;2000;100;31;5000;0,0000;0,0000;0,0000;0,0000;0,0000;0,0000;0;0;0;0
20260613_0945;Recorrência_25;classification;LeveragingBagging;Otimizado_FullFeatures;classifier;classifier;classifier;N/A;N/A;N/A;2000;100;32;5100;0,0000;0,0000;0,0000;0,0000;0,0000;0,0000;0;0;0;0
20260613_0945;Recorrência_25;classification;LeveragingBagging;Otimizado_FullFeatures;classifier;classifier;classifier;N/A;N/A;N/A;2000;100;33;5200;0,0000;0,0000;0,0000;0,0000;0,0000;0,0000;0;0;0;0
20260613_0945;Recorrência_25;classification;LeveragingBagging;Otimizado_FullFeatures;classifier;classifier;classifier;N/A;N/A;N/A;2000;100;34;5300;0,0000;0,0000;0,0000;0,0000;0,0000;0,0000;0;0;0;0
20260613_0945;Recorrência_25;classification;LeveragingBagging;Otimizado_FullFeatures;classifier;classifier;classifier;N/A;N/A;N/A;2000;100;35;5400;0,0000;0,0000;0,0000;0,0000;0,0000;0,0000;0;0;0;0
20260613_0945;Recorrência_25;classification;LeveragingBagging;Otimizado_FullFeatures;classifier;classifier;classifier;N/A;N/A;N/A;2000;100;36;5500;0,0000;0,0000;0,0000;0,0000;0,0000;0,0000;0;0;0;0
20260613_0945;Recorrência_25;classification;LeveragingBagging;Otimizado_FullFeatures;classifier;classifier;classifier;N/A;N/A;N/A;2000;100;37;5600;0,0000;0,0000;0,0000;0,0000;0,0000;0,0000;0;0;0;0
20260613_0945;Recorrência_25;classification;LeveragingBagging;Otimizado_FullFeatures;classifier;classifier;classifier;N/A;N/A;N/A;2000;100;38;5700;0,0000;0,0000;0,0000;0,0000;0,0000;0,0000;0;0;0;0
20260613_0945;Recorrência_25;classification;LeveragingBagging;Otimizado_FullFeatures;classifier;classifier;classifier;N/A;N/A;N/A;2000;100;39;5800;0,0000;0,0000;0,0000;0,0000;0,0000;0,0000;0;0;0;0
20260613_0945;Recorrência_25;classification;LeveragingBagging;Otimizado_FullFeatures;classifier;classifier;classifier;N/A;N/A;N/A;2000;100;40;5900;0,0000;0,0000;0,0000;0,0000;0,0000;0,0000;0;0;0;0
20260613_0945;Recorrência_25;classification;LeveragingBagging;Otimizado_FullFeatures;classifier;classifier;classifier;N/A;N/A;N/A;2000;100;41;6000;0,0000;0,0000;0,0000;0,0000;0,0000;0,0000;0;0;0;0
20260613_0945;Recorrência_25;classification;LeveragingBagging;Otimizado_FullFeatures;classifier;classifier;classifier;N/A;N/A;N/A;2000;100;42;6100;0,0000;0,0000;0,0000;0,0000;0,0000;0,0000;0;0;0;0
20260613_0945;Recorrência_25;classification;LeveragingBagging;Otimizado_FullFeatures;classifier;classifier;classifier;N/A;N/A;N/A;2000;100;43;6200;0,0000;0,0000;0,0000;0,0000;0,0000;0,0000;0;0;0;0
20260613_0945;Recorrência_25;classification;LeveragingBagging;Otimizado_FullFeatures;classifier;classifier;classifier;N/A;N/A;N/A;2000;100;44;6300;0,0000;0,0000;0,0000;0,0000;0,0000;0,0000;0;0;0;0
20260613_0945;Recorrência_25;classification;LeveragingBagging;Otimizado_FullFeatures;classifier;classifier;classifier;N/A;N/A;N/A;2000;100;45;6400;0,0000;0,0000;0,0000;0,0000;0,0000;0,0000;0;0;0;0
20260613_0945;Recorrência_25;classification;LeveragingBagging;Otimizado_FullFeatures;classifier;classifier;classifier;N/A;N/A;N/A;2000;100;46;6500;87,7922;2,5449;100,0000;0,0000;78,3333;4,0825;0;0;3;1
20260613_0945;Recorrência_25;classification;LeveragingBagging;Otimizado_FullFeatures;classifier;classifier;classifier;N/A;N/A;N/A;2000;100;47;6600;0,0000;0,0000;0,0000;0,0000;0,0000;0,0000;0;0;0;0
20260613_0945;Recorrência_25;classification;LeveragingBagging;Otimizado_FullFeatures;classifier;classifier;classifier;N/A;N/A;N/A;2000;100;48;6700;0,0000;0,0000;0,0000;0,0000;0,0000;0,0000;0;0;0;0
20260613_0945;Recorrência_25;classification;LeveragingBagging;Otimizado_FullFeatures;classifier;classifier;classifier;N/A;N/A;N/A;2000;100;49;6800;0,0000;0,0000;0,0000;0,0000;0,0000;0,0000;0;0;0;0
20260613_0945;Recorrência_25;classification;LeveragingBagging;Otimizado_FullFeatures;classifier;classifier;classifier;N/A;N/A;N/A;2000;100;50;6900;0,0000;0,0000;0,0000;0,0000;0,0000;0,0000;0;0;0;0
20260613_0945;Recorrência_25;classification;LeveragingBagging;Otimizado_FullFeatures;classifier;classifier;classifier;N/A;N/A;N/A;2000;100;51;7000;0,0000;0,0000;0,0000;0,0000;0,0000;0,0000;0;0;0;0
20260613_0945;Recorrência_25;classification;LeveragingBagging;Otimizado_FullFeatures;classifier;classifier;classifier;N/A;N/A;N/A;2000;100;52;7100;0,0000;0,0000;0,0000;0,0000;0,0000;0,0000;0;0;0;0
20260613_0945;Recorrência_25;classification;LeveragingBagging;Otimizado_FullFeatures;classifier;classifier;classifier;N/A;N/A;N/A;2000;100;53;7200;0,0000;0,0000;0,0000;0,0000;0,0000;0,0000;0;0;0;0
20260613_0945;Recorrência_25;classification;LeveragingBagging;Otimizado_FullFeatures;classifier;classifier;classifier;N/A;N/A;N/A;2000;100;54;7300;0,0000;0,0000;0,0000;0,0000;0,0000;0,0000;0;0;0;0
20260613_0945;Recorrência_25;classification;LeveragingBagging;Otimizado_FullFeatures;classifier;classifier;classifier;N/A;N/A;N/A;2000;100;55;7400;0,0000;0,0000;0,0000;0,0000;0,0000;0,0000;0;0;0;0
20260613_0945;Recorrência_25;classification;LeveragingBagging;Otimizado_FullFeatures;classifier;classifier;classifier;N/A;N/A;N/A;2000;100;56;7500;0,0000;0,0000;0,0000;0,0000;0,0000;0,0000;0;0;0;0
20260613_0945;Recorrência_25;classification;LeveragingBagging;Otimizado_FullFeatures;classifier;classifier;classifier;N/A;N/A;N/A;2000;100;57;7600;0,0000;0,0000;0,0000;0,0000;0,0000;0,0000;0;0;0;0
20260613_0945;Recorrência_25;classification;LeveragingBagging;Otimizado_FullFeatures;classifier;classifier;classifier;N/A;N/A;N/A;2000;100;58;7700;0,0000;0,0000;0,0000;0,0000;0,0000;0,0000;0;0;0;0
20260613_0945;Recorrência_25;classification;LeveragingBagging;Otimizado_FullFeatures;classifier;classifier;classifier;N/A;N/A;N/A;2000;100;59;7800;0,0000;0,0000;0,0000;0,0000;0,0000;0,0000;0;0;0;0
20260613_0945;Recorrência_25;classification;LeveragingBagging;Otimizado_FullFeatures;classifier;classifier;classifier;N/A;N/A;N/A;2000;100;60;7900;0,0000;0,0000;0,0000;0,0000;0,0000;0,0000;0;0;0;0
20260613_0945;Recorrência_25;classification;LeveragingBagging;Otimizado_FullFeatures;classifier;classifier;classifier;N/A;N/A;N/A;2000;100;61;8000;0,0000;0,0000;0,0000;0,0000;0,0000;0,0000;0;0;0;0
20260613_0945;Recorrência_25;classification;LeveragingBagging;Otimizado_FullFeatures;classifier;classifier;classifier;N/A;N/A;N/A;2000;100;62;8100;0,0000;0,0000;0,0000;0,0000;0,0000;0,0000;0;0;0;0
20260613_0945;Recorrência_25;classification;LeveragingBagging;Otimizado_FullFeatures;classifier;classifier;classifier;N/A;N/A;N/A;2000;100;63;8200;0,0000;0,0000;0,0000;0,0000;0,0000;0,0000;0;0;0;0
20260613_0945;Recorrência_25;classification;LeveragingBagging;Otimizado_FullFeatures;classifier;classifier;classifier;N/A;N/A;N/A;2000;100;64;8300;0,0000;0,0000;0,0000;0,0000;0,0000;0,0000;0;0;0;0
20260613_0945;Recorrência_25;classification;LeveragingBagging;Otimizado_FullFeatures;classifier;classifier;classifier;N/A;N/A;N/A;2000;100;65;8400;0,0000;0,0000;0,0000;0,0000;0,0000;0,0000;0;0;0;0
20260613_0945;Recorrência_25;classification;LeveragingBagging;Otimizado_FullFeatures;classifier;classifier;classifier;N/A;N/A;N/A;2000;100;66;8500;0,0000;0,0000;0,0000;0,0000;0,0000;0,0000;0;0;0;0
20260613_0945;Recorrência_25;classification;LeveragingBagging;Otimizado_FullFeatures;classifier;classifier;classifier;N/A;N/A;N/A;2000;100;67;8600;0,0000;0,0000;0,0000;0,0000;0,0000;0,0000;0;0;0;0
20260613_0945;Recorrência_25;classification;LeveragingBagging;Otimizado_FullFeatures;classifier;classifier;classifier;N/A;N/A;N/A;2000;100;68;8700;70,7368;5,3701;100,0000;0,0000;55,0000;6,6667;0;0;6;1
20260613_0945;Recorrência_25;classification;LeveragingBagging;Otimizado_FullFeatures;classifier;classifier;classifier;N/A;N/A;N/A;2000;100;69;8800;0,0000;0,0000;0,0000;0,0000;0,0000;0,0000;0;0;0;0
20260613_0945;Recorrência_25;classification;LeveragingBagging;Otimizado_FullFeatures;classifier;classifier;classifier;N/A;N/A;N/A;2000;100;70;8900;0,0000;0,0000;0,0000;0,0000;0,0000;0,0000;0;0;0;0
20260613_0945;Recorrência_25;classification;LeveragingBagging;Otimizado_FullFeatures;classifier;classifier;classifier;N/A;N/A;N/A;2000;100;71;9000;0,0000;0,0000;0,0000;0,0000;0,0000;0,0000;0;0;0;0
20260613_0945;Recorrência_25;classification;LeveragingBagging;Otimizado_FullFeatures;classifier;classifier;classifier;N/A;N/A;N/A;2000;100;72;9100;0,0000;0,0000;0,0000;0,0000;0,0000;0,0000;0;0;0;0
20260613_0945;Recorrência_25;classification;LeveragingBagging;Otimizado_FullFeatures;classifier;classifier;classifier;N/A;N/A;N/A;2000;100;73;9200;0,0000;0,0000;0,0000;0,0000;0,0000;0,0000;0;0;0;0
20260613_0945;Recorrência_25;classification;LeveragingBagging;Otimizado_FullFeatures;classifier;classifier;classifier;N/A;N/A;N/A;2000;100;74;9300;0,0000;0,0000;0,0000;0,0000;0,0000;0,0000;0;0;0;0
20260613_0945;Recorrência_25;classification;LeveragingBagging;Otimizado_FullFeatures;classifier;classifier;classifier;N/A;N/A;N/A;2000;100;75;9400;0,0000;0,0000;0,0000;0,0000;0,0000;0,0000;0;0;0;0
20260613_0945;Recorrência_25;classification;LeveragingBagging;Otimizado_FullFeatures;classifier;classifier;classifier;N/A;N/A;N/A;2000;100;76;9500;0,0000;0,0000;0,0000;0,0000;0,0000;0,0000;0;0;0;0
20260613_0945;Recorrência_25;classification;LeveragingBagging;Otimizado_FullFeatures;classifier;classifier;classifier;N/A;N/A;N/A;2000;100;77;9600;0,0000;0,0000;0,0000;0,0000;0,0000;0,0000;0;0;0;0
20260613_0945;Recorrência_25;classification;LeveragingBagging;Otimizado_FullFeatures;classifier;classifier;classifier;N/A;N/A;N/A;2000;100;78;9700;0,0000;0,0000;0,0000;0,0000;0,0000;0,0000;0;0;0;0
20260613_0945;Recorrência_25;classification;LeveragingBagging;Otimizado_FullFeatures;classifier;classifier;classifier;N/A;N/A;N/A;2000;100;79;9800;0,0000;0,0000;0,0000;0,0000;0,0000;0,0000;0;0;0;0
20260613_0945;Recorrência_25;classification;LeveragingBagging;Otimizado_FullFeatures;classifier;classifier;classifier;N/A;N/A;N/A;2000;100;80;9900;0,0000;0,0000;0,0000;0,0000;0,0000;0,0000;0;0;0;0
20260613_0945;Recorrência_25;classification;LeveragingBagging;Otimizado_FullFeatures;classifier;classifier;classifier;N/A;N/A;N/A;2000;100;81;10000;0,0000;0,0000;0,0000;0,0000;0,0000;0,0000;0;0;0;0
20260613_0945;Recorrência_25;classification;LeveragingBagging;Otimizado_FullFeatures;classifier;classifier;classifier;N/A;N/A;N/A;2000;100;82;10100;0,0000;0,0000;0,0000;0,0000;0,0000;0,0000;0;0;0;0
20260613_0945;Recorrência_25;classification;LeveragingBagging;Otimizado_FullFeatures;classifier;classifier;classifier;N/A;N/A;N/A;2000;100;83;10200;0,0000;0,0000;0,0000;0,0000;0,0000;0,0000;0;0;0;0
20260613_0945;Recorrência_25;classification;LeveragingBagging;Otimizado_FullFeatures;classifier;classifier;classifier;N/A;N/A;N/A;2000;100;84;10300;0,0000;0,0000;0,0000;0,0000;0,0000;0,0000;0;0;0;0
20260613_0945;Recorrência_25;classification;LeveragingBagging;Otimizado_FullFeatures;classifier;classifier;classifier;N/A;N/A;N/A;2000;100;85;10400;0,0000;0,0000;0,0000;0,0000;0,0000;0,0000;0;0;0;0
20260613_0945;Recorrência_25;classification;LeveragingBagging;Otimizado_FullFeatures;classifier;classifier;classifier;N/A;N/A;N/A;2000;100;86;10500;0,0000;0,0000;0,0000;0,0000;0,0000;0,0000;0;0;0;0
20260613_0945;Recorrência_25;classification;LeveragingBagging;Otimizado_FullFeatures;classifier;classifier;classifier;N/A;N/A;N/A;2000;100;87;10600;0,0000;0,0000;0,0000;0,0000;0,0000;0,0000;0;0;0;0
20260613_0945;Recorrência_25;classification;LeveragingBagging;Otimizado_FullFeatures;classifier;classifier;classifier;N/A;N/A;N/A;2000;100;88;10700;0,0000;0,0000;0,0000;0,0000;0,0000;0,0000;0;0;0;0
20260613_0945;Recorrência_25;classification;LeveragingBagging;Otimizado_FullFeatures;classifier;classifier;classifier;N/A;N/A;N/A;2000;100;89;10800;65,8974;10,5518;100,0000;0,0000;50,0000;10,9545;0;0;5;2
20260613_0945;Recorrência_25;classification;LeveragingBagging;Otimizado_FullFeatures;classifier;classifier;classifier;N/A;N/A;N/A;2000;100;90;10900;0,0000;0,0000;0,0000;0,0000;0,0000;0,0000;0;0;0;0
20260613_0945;Recorrência_25;classification;LeveragingBagging;Otimizado_FullFeatures;classifier;classifier;classifier;N/A;N/A;N/A;2000;100;91;11000;0,0000;0,0000;0,0000;0,0000;0,0000;0,0000;0;0;0;0
20260613_0945;Recorrência_25;classification;LeveragingBagging;Otimizado_FullFeatures;classifier;classifier;classifier;N/A;N/A;N/A;2000;100;92;11100;0,0000;0,0000;0,0000;0,0000;0,0000;0,0000;0;0;0;0
20260613_0945;Recorrência_25;classification;LeveragingBagging;Otimizado_FullFeatures;classifier;classifier;classifier;N/A;N/A;N/A;2000;100;93;11200;0,0000;0,0000;0,0000;0,0000;0,0000;0,0000;0;0;0;0
20260613_0945;Recorrência_25;classification;LeveragingBagging;Otimizado_FullFeatures;classifier;classifier;classifier;N/A;N/A;N/A;2000;100;94;11300;0,0000;0,0000;0,0000;0,0000;0,0000;0,0000;0;0;0;0
20260613_0945;Recorrência_25;classification;LeveragingBagging;Otimizado_FullFeatures;classifier;classifier;classifier;N/A;N/A;N/A;2000;100;95;11400;0,0000;0,0000;0,0000;0,0000;0,0000;0,0000;0;0;0;0
20260613_0945;Recorrência_25;classification;LeveragingBagging;Otimizado_FullFeatures;classifier;classifier;classifier;N/A;N/A;N/A;2000;100;96;11500;0,0000;0,0000;0,0000;0,0000;0,0000;0,0000;0;0;0;0
20260613_0945;Recorrência_25;classification;LeveragingBagging;Otimizado_FullFeatures;classifier;classifier;classifier;N/A;N/A;N/A;2000;100;97;11600;0,0000;0,0000;0,0000;0,0000;0,0000;0,0000;0;0;0;0
20260613_0945;Recorrência_25;classification;LeveragingBagging;Otimizado_FullFeatures;classifier;classifier;classifier;N/A;N/A;N/A;2000;100;98;11700;0,0000;0,0000;0,0000;0,0000;0,0000;0,0000;0;0;0;0
20260613_0945;Recorrência_25;classification;LeveragingBagging;Otimizado_FullFeatures;classifier;classifier;classifier;N/A;N/A;N/A;2000;100;99;11800;0,0000;0,0000;0,0000;0,0000;0,0000;0,0000;0;0;0;0
20260613_0945;Recorrência_25;classification;LeveragingBagging;Otimizado_FullFeatures;classifier;classifier;classifier;N/A;N/A;N/A;2000;100;100;11900;0,0000;0,0000;0,0000;0,0000;0,0000;0,0000;0;0;0;0
20260613_0945;Recorrência_25;classification;LeveragingBagging;Otimizado_FullFeatures;classifier;classifier;classifier;N/A;N/A;N/A;2000;100;101;12000;0,0000;0,0000;0,0000;0,0000;0,0000;0,0000;0;0;0;0
20260613_0945;Recorrência_25;classification;LeveragingBagging;Otimizado_FullFeatures;classifier;classifier;classifier;N/A;N/A;N/A;2000;100;102;12100;0,0000;0,0000;0,0000;0,0000;0,0000;0,0000;0;0;0;0
20260613_0945;Recorrência_25;classification;LeveragingBagging;Otimizado_FullFeatures;classifier;classifier;classifier;N/A;N/A;N/A;2000;100;103;12200;0,0000;0,0000;0,0000;0,0000;0,0000;0,0000;0;0;0;0
20260613_0945;Recorrência_25;classification;LeveragingBagging;Otimizado_FullFeatures;classifier;classifier;classifier;N/A;N/A;N/A;2000;100;104;12300;0,0000;0,0000;0,0000;0,0000;0,0000;0,0000;0;0;0;0
20260613_0945;Recorrência_25;classification;LeveragingBagging;Otimizado_FullFeatures;classifier;classifier;classifier;N/A;N/A;N/A;2000;100;105;12400;0,0000;0,0000;0,0000;0,0000;0,0000;0,0000;0;0;0;0
20260613_0945;Recorrência_25;classification;LeveragingBagging;Otimizado_FullFeatures;classifier;classifier;classifier;N/A;N/A;N/A;2000;100;106;12500;0,0000;0,0000;0,0000;0,0000;0,0000;0,0000;0;0;0;0
20260613_0945;Recorrência_25;classification;LeveragingBagging;Otimizado_FullFeatures;classifier;classifier;classifier;N/A;N/A;N/A;2000;100;107;12600;0,0000;0,0000;0,0000;0,0000;0,0000;0,0000;0;0;0;0
20260613_0945;Recorrência_25;classification;LeveragingBagging;Otimizado_FullFeatures;classifier;classifier;classifier;N/A;N/A;N/A;2000;100;108;12700;0,0000;0,0000;0,0000;0,0000;0,0000;0,0000;0;0;0;0
20260613_0945;Recorrência_25;classification;LeveragingBagging;Otimizado_FullFeatures;classifier;classifier;classifier;N/A;N/A;N/A;2000;100;109;12800;0,0000;0,0000;0,0000;0,0000;0,0000;0,0000;0;0;0;0
20260613_0945;Recorrência_25;classification;LeveragingBagging;Otimizado_FullFeatures;classifier;classifier;classifier;N/A;N/A;N/A;2000;100;110;12900;0,0000;0,0000;0,0000;0,0000;0,0000;0,0000;0;0;0;0
20260613_0945;Recorrência_25;classification;LeveragingBagging;Otimizado_FullFeatures;classifier;classifier;classifier;N/A;N/A;N/A;2000;100;111;13000;96,4427;3,3817;100,0000;0,0000;93,3333;6,2361;0;0;1;1
20260613_0945;Recorrência_25;classification;LeveragingBagging;Otimizado_FullFeatures;classifier;classifier;classifier;N/A;N/A;N/A;2000;100;112;13100;0,0000;0,0000;0,0000;0,0000;0,0000;0,0000;0;0;0;0
20260613_0945;Recorrência_25;classification;LeveragingBagging;Otimizado_FullFeatures;classifier;classifier;classifier;N/A;N/A;N/A;2000;100;113;13200;0,0000;0,0000;0,0000;0,0000;0,0000;0,0000;0;0;0;0
20260613_0945;Recorrência_25;classification;LeveragingBagging;Otimizado_FullFeatures;classifier;classifier;classifier;N/A;N/A;N/A;2000;100;114;13300;0,0000;0,0000;0,0000;0,0000;0,0000;0,0000;0;0;0;0
20260613_0945;Recorrência_25;classification;LeveragingBagging;Otimizado_FullFeatures;classifier;classifier;classifier;N/A;N/A;N/A;2000;100;115;13400;0,0000;0,0000;0,0000;0,0000;0,0000;0,0000;0;0;0;0
20260613_0945;Recorrência_25;classification;LeveragingBagging;Otimizado_FullFeatures;classifier;classifier;classifier;N/A;N/A;N/A;2000;100;116;13500;0,0000;0,0000;0,0000;0,0000;0,0000;0,0000;0;0;0;0
20260613_0945;Recorrência_25;classification;LeveragingBagging;Otimizado_FullFeatures;classifier;classifier;classifier;N/A;N/A;N/A;2000;100;117;13600;0,0000;0,0000;0,0000;0,0000;0,0000;0,0000;0;0;0;0
20260613_0945;Recorrência_25;classification;LeveragingBagging;Otimizado_FullFeatures;classifier;classifier;classifier;N/A;N/A;N/A;2000;100;118;13700;0,0000;0,0000;0,0000;0,0000;0,0000;0,0000;0;0;0;0
20260613_0945;Recorrência_25;classification;LeveragingBagging;Otimizado_FullFeatures;classifier;classifier;classifier;N/A;N/A;N/A;2000;100;119;13800;0,0000;0,0000;0,0000;0,0000;0,0000;0,0000;0;0;0;0
20260613_0945;Recorrência_25;classification;LeveragingBagging;Otimizado_FullFeatures;classifier;classifier;classifier;N/A;N/A;N/A;2000;100;120;13900;0,0000;0,0000;0,0000;0,0000;0,0000;0,0000;0;0;0;0
20260613_0945;Recorrência_25;classification;LeveragingBagging;Otimizado_FullFeatures;classifier;classifier;classifier;N/A;N/A;N/A;2000;100;121;14000;0,0000;0,0000;0,0000;0,0000;0,0000;0,0000;0;0;0;0
20260613_0945;Recorrência_25;classification;LeveragingBagging;Otimizado_FullFeatures;classifier;classifier;classifier;N/A;N/A;N/A;2000;100;122;14100;0,0000;0,0000;0,0000;0,0000;0,0000;0,0000;0;0;0;0
20260613_0945;Recorrência_25;classification;LeveragingBagging;Otimizado_FullFeatures;classifier;classifier;classifier;N/A;N/A;N/A;2000;100;123;14200;0,0000;0,0000;0,0000;0,0000;0,0000;0,0000;0;0;0;0
20260613_0945;Recorrência_25;classification;LeveragingBagging;Otimizado_FullFeatures;classifier;classifier;classifier;N/A;N/A;N/A;2000;100;124;14300;0,0000;0,0000;0,0000;0,0000;0,0000;0,0000;0;0;0;0
20260613_0945;Recorrência_25;classification;LeveragingBagging;Otimizado_FullFeatures;classifier;classifier;classifier;N/A;N/A;N/A;2000;100;125;14400;0,0000;0,0000;0,0000;0,0000;0,0000;0,0000;0;0;0;0
20260613_0945;Recorrência_25;classification;LeveragingBagging;Otimizado_FullFeatures;classifier;classifier;classifier;N/A;N/A;N/A;2000;100;126;14500;0,0000;0,0000;0,0000;0,0000;0,0000;0,0000;0;0;0;0
20260613_0945;Recorrência_25;classification;LeveragingBagging;Otimizado_FullFeatures;classifier;classifier;classifier;N/A;N/A;N/A;2000;100;127;14600;0,0000;0,0000;0,0000;0,0000;0,0000;0,0000;0;0;0;0
20260613_0945;Recorrência_25;classification;LeveragingBagging;Otimizado_FullFeatures;classifier;classifier;classifier;N/A;N/A;N/A;2000;100;128;14700;0,0000;0,0000;0,0000;0,0000;0,0000;0,0000;0;0;0;0
20260613_0945;Recorrência_25;classification;LeveragingBagging;Otimizado_FullFeatures;classifier;classifier;classifier;N/A;N/A;N/A;2000;100;129;14800;0,0000;0,0000;0,0000;0,0000;0,0000;0,0000;0;0;0;0
20260613_0945;Recorrência_25;classification;LeveragingBagging;Otimizado_FullFeatures;classifier;classifier;classifier;N/A;N/A;N/A;2000;100;130;14900;0,0000;0,0000;0,0000;0,0000;0,0000;0,0000;0;0;0;0
20260613_0945;Recorrência_25;classification;LeveragingBagging;Otimizado_FullFeatures;classifier;classifier;classifier;N/A;N/A;N/A;2000;100;131;15000;0,0000;0,0000;0,0000;0,0000;0,0000;0,0000;0;0;0;0
20260613_0945;Recorrência_200;classification;LeveragingBagging;Otimizado_FullFeatures;classifier;classifier;classifier;N/A;N/A;N/A;2000;100;1;2000;0,0000;0,0000;0,0000;0,0000;0,0000;0,0000;0;0;0;0
20260613_0945;Recorrência_200;classification;LeveragingBagging;Otimizado_FullFeatures;classifier;classifier;classifier;N/A;N/A;N/A;2000;100;2;2100;0,0000;0,0000;0,0000;0,0000;0,0000;0,0000;0;0;0;0
20260613_0945;Recorrência_200;classification;LeveragingBagging;Otimizado_FullFeatures;classifier;classifier;classifier;N/A;N/A;N/A;2000;100;3;2200;95,3957;0,0343;98,4906;0,7547;92,5000;0,7143;1;1;5;1
20260613_0945;Recorrência_200;classification;LeveragingBagging;Otimizado_FullFeatures;classifier;classifier;classifier;N/A;N/A;N/A;2000;100;4;2300;94,7773;1,9845;90,1424;3,6771;100,0000;0,0000;4;2;0;0
20260613_0945;Recorrência_200;classification;LeveragingBagging;Otimizado_FullFeatures;classifier;classifier;classifier;N/A;N/A;N/A;2000;100;5;2400;0,0000;0,0000;0,0000;0,0000;0,0000;0,0000;2;1;0;0
20260613_0945;Recorrência_200;classification;LeveragingBagging;Otimizado_FullFeatures;classifier;classifier;classifier;N/A;N/A;N/A;2000;100;6;2500;0,0000;0,0000;0,0000;0,0000;0,0000;0,0000;1;1;0;0
20260613_0945;Recorrência_200;classification;LeveragingBagging;Otimizado_FullFeatures;classifier;classifier;classifier;N/A;N/A;N/A;2000;100;7;2600;0,0000;0,0000;0,0000;0,0000;0,0000;0,0000;0;0;0;0
20260613_0945;Recorrência_200;classification;LeveragingBagging;Otimizado_FullFeatures;classifier;classifier;classifier;N/A;N/A;N/A;2000;100;8;2700;0,0000;0,0000;0,0000;0,0000;0,0000;0,0000;1;1;0;0
20260613_0945;Recorrência_200;classification;LeveragingBagging;Otimizado_FullFeatures;classifier;classifier;classifier;N/A;N/A;N/A;2000;100;9;2800;0,0000;0,0000;0,0000;0,0000;0,0000;0,0000;0;0;0;0
20260613_0945;Recorrência_200;classification;LeveragingBagging;Otimizado_FullFeatures;classifier;classifier;classifier;N/A;N/A;N/A;2000;100;10;2900;0,0000;0,0000;0,0000;0,0000;0,0000;0,0000;0;0;0;0
20260613_0945;Recorrência_200;classification;LeveragingBagging;Otimizado_FullFeatures;classifier;classifier;classifier;N/A;N/A;N/A;2000;100;11;3000;0,0000;0,0000;0,0000;0,0000;0,0000;0,0000;0;0;0;0
20260613_0945;Recorrência_200;classification;LeveragingBagging;Otimizado_FullFeatures;classifier;classifier;classifier;N/A;N/A;N/A;2000;100;12;3100;0,0000;0,0000;0,0000;0,0000;0,0000;0,0000;0;0;0;0
20260613_0945;Recorrência_200;classification;LeveragingBagging;Otimizado_FullFeatures;classifier;classifier;classifier;N/A;N/A;N/A;2000;100;13;3200;0,0000;0,0000;0,0000;0,0000;0,0000;0,0000;1;1;0;0
20260613_0945;Recorrência_200;classification;LeveragingBagging;Otimizado_FullFeatures;classifier;classifier;classifier;N/A;N/A;N/A;2000;100;14;3300;0,0000;0,0000;0,0000;0,0000;0,0000;0,0000;1;1;0;0
20260613_0945;Recorrência_200;classification;LeveragingBagging;Otimizado_FullFeatures;classifier;classifier;classifier;N/A;N/A;N/A;2000;100;15;3400;0,0000;0,0000;0,0000;0,0000;0,0000;0,0000;1;0;0;0
20260613_0945;Recorrência_200;classification;LeveragingBagging;Otimizado_FullFeatures;classifier;classifier;classifier;N/A;N/A;N/A;2000;100;16;3500;0,0000;0,0000;0,0000;0,0000;0,0000;0,0000;0;0;0;0
20260613_0945;Recorrência_200;classification;LeveragingBagging;Otimizado_FullFeatures;classifier;classifier;classifier;N/A;N/A;N/A;2000;100;17;3600;0,0000;0,0000;0,0000;0,0000;0,0000;0,0000;0;0;0;0
20260613_0945;Recorrência_200;classification;LeveragingBagging;Otimizado_FullFeatures;classifier;classifier;classifier;N/A;N/A;N/A;2000;100;18;3700;0,0000;0,0000;0,0000;0,0000;0,0000;0,0000;0;0;0;0
20260613_0945;Recorrência_200;classification;LeveragingBagging;Otimizado_FullFeatures;classifier;classifier;classifier;N/A;N/A;N/A;2000;100;19;3800;0,0000;0,0000;0,0000;0,0000;0,0000;0,0000;0;0;0;0
20260613_0945;Recorrência_200;classification;LeveragingBagging;Otimizado_FullFeatures;classifier;classifier;classifier;N/A;N/A;N/A;2000;100;20;3900;0,0000;0,0000;0,0000;0,0000;0,0000;0,0000;0;0;0;0
20260613_0945;Recorrência_200;classification;LeveragingBagging;Otimizado_FullFeatures;classifier;classifier;classifier;N/A;N/A;N/A;2000;100;21;4000;0,0000;0,0000;0,0000;0,0000;0,0000;0,0000;0;0;0;0
20260613_0945;Recorrência_200;classification;LeveragingBagging;Otimizado_FullFeatures;classifier;classifier;classifier;N/A;N/A;N/A;2000;100;22;4100;0,0000;0,0000;0,0000;0,0000;0,0000;0,0000;0;0;0;0
20260613_0945;Recorrência_200;classification;LeveragingBagging;Otimizado_FullFeatures;classifier;classifier;classifier;N/A;N/A;N/A;2000;100;23;4200;0,0000;0,0000;0,0000;0,0000;0,0000;0,0000;0;0;0;0
20260613_0945;Recorrência_200;classification;LeveragingBagging;Otimizado_FullFeatures;classifier;classifier;classifier;N/A;N/A;N/A;2000;100;24;4300;0,0000;0,0000;0,0000;0,0000;0,0000;0,0000;0;0;0;0
20260613_0945;Recorrência_200;classification;LeveragingBagging;Otimizado_FullFeatures;classifier;classifier;classifier;N/A;N/A;N/A;2000;100;25;4400;50,0000;0,0000;100,0000;0,0000;33,3333;0,0000;0;0;10;0
20260613_0945;Recorrência_200;classification;LeveragingBagging;Otimizado_FullFeatures;classifier;classifier;classifier;N/A;N/A;N/A;2000;100;26;4500;78,6149;6,0646;91,4866;2,5229;69,1566;7,9773;6;2;26;7
20260613_0945;Recorrência_200;classification;LeveragingBagging;Otimizado_FullFeatures;classifier;classifier;classifier;N/A;N/A;N/A;2000;100;27;4600;0,0000;0,0000;0,0000;0,0000;0,0000;0,0000;2;2;0;0
20260613_0945;Recorrência_200;classification;LeveragingBagging;Otimizado_FullFeatures;classifier;classifier;classifier;N/A;N/A;N/A;2000;100;28;4700;0,0000;0,0000;0,0000;0,0000;0,0000;0,0000;0;0;0;0
20260613_0945;Recorrência_200;classification;LeveragingBagging;Otimizado_FullFeatures;classifier;classifier;classifier;N/A;N/A;N/A;2000;100;29;4800;0,0000;0,0000;0,0000;0,0000;0,0000;0,0000;2;1;0;0
20260613_0945;Recorrência_200;classification;LeveragingBagging;Otimizado_FullFeatures;classifier;classifier;classifier;N/A;N/A;N/A;2000;100;30;4900;0,0000;0,0000;0,0000;0,0000;0,0000;0,0000;0;0;0;0
20260613_0945;Recorrência_200;classification;LeveragingBagging;Otimizado_FullFeatures;classifier;classifier;classifier;N/A;N/A;N/A;2000;100;31;5000;0,0000;0,0000;0,0000;0,0000;0,0000;0,0000;0;0;0;0
20260613_0945;Recorrência_200;classification;LeveragingBagging;Otimizado_FullFeatures;classifier;classifier;classifier;N/A;N/A;N/A;2000;100;32;5100;0,0000;0,0000;0,0000;0,0000;0,0000;0,0000;0;0;0;0
20260613_0945;Recorrência_200;classification;LeveragingBagging;Otimizado_FullFeatures;classifier;classifier;classifier;N/A;N/A;N/A;2000;100;33;5200;0,0000;0,0000;0,0000;0,0000;0,0000;0,0000;0;0;0;0
20260613_0945;Recorrência_200;classification;LeveragingBagging;Otimizado_FullFeatures;classifier;classifier;classifier;N/A;N/A;N/A;2000;100;34;5300;0,0000;0,0000;0,0000;0,0000;0,0000;0,0000;0;0;0;0
20260613_0945;Recorrência_200;classification;LeveragingBagging;Otimizado_FullFeatures;classifier;classifier;classifier;N/A;N/A;N/A;2000;100;35;5400;0,0000;0,0000;0,0000;0,0000;0,0000;0,0000;0;0;0;0
20260613_0945;Recorrência_200;classification;LeveragingBagging;Otimizado_FullFeatures;classifier;classifier;classifier;N/A;N/A;N/A;2000;100;36;5500;0,0000;0,0000;0,0000;0,0000;0,0000;0,0000;0;0;0;0
20260613_0945;Recorrência_200;classification;LeveragingBagging;Otimizado_FullFeatures;classifier;classifier;classifier;N/A;N/A;N/A;2000;100;37;5600;0,0000;0,0000;0,0000;0,0000;0,0000;0,0000;0;0;0;0
20260613_0945;Recorrência_200;classification;LeveragingBagging;Otimizado_FullFeatures;classifier;classifier;classifier;N/A;N/A;N/A;2000;100;38;5700;0,0000;0,0000;0,0000;0,0000;0,0000;0,0000;0;0;0;0
20260613_0945;Recorrência_200;classification;LeveragingBagging;Otimizado_FullFeatures;classifier;classifier;classifier;N/A;N/A;N/A;2000;100;39;5800;0,0000;0,0000;0,0000;0,0000;0,0000;0,0000;0;0;0;0
20260613_0945;Recorrência_200;classification;LeveragingBagging;Otimizado_FullFeatures;classifier;classifier;classifier;N/A;N/A;N/A;2000;100;40;5900;0,0000;0,0000;0,0000;0,0000;0,0000;0,0000;0;0;0;0
20260613_0945;Recorrência_200;classification;LeveragingBagging;Otimizado_FullFeatures;classifier;classifier;classifier;N/A;N/A;N/A;2000;100;41;6000;0,0000;0,0000;0,0000;0,0000;0,0000;0,0000;0;0;0;0
20260613_0945;Recorrência_200;classification;LeveragingBagging;Otimizado_FullFeatures;classifier;classifier;classifier;N/A;N/A;N/A;2000;100;42;6100;0,0000;0,0000;0,0000;0,0000;0,0000;0,0000;0;0;0;0
20260613_0945;Recorrência_200;classification;LeveragingBagging;Otimizado_FullFeatures;classifier;classifier;classifier;N/A;N/A;N/A;2000;100;43;6200;0,0000;0,0000;0,0000;0,0000;0,0000;0,0000;0;0;0;0
20260613_0945;Recorrência_200;classification;LeveragingBagging;Otimizado_FullFeatures;classifier;classifier;classifier;N/A;N/A;N/A;2000;100;44;6300;0,0000;0,0000;0,0000;0,0000;0,0000;0,0000;0;0;0;0
20260613_0945;Recorrência_200;classification;LeveragingBagging;Otimizado_FullFeatures;classifier;classifier;classifier;N/A;N/A;N/A;2000;100;45;6400;0,0000;0,0000;0,0000;0,0000;0,0000;0,0000;0;0;0;0
20260613_0945;Recorrência_200;classification;LeveragingBagging;Otimizado_FullFeatures;classifier;classifier;classifier;N/A;N/A;N/A;2000;100;46;6500;0,0000;0,0000;0,0000;0,0000;0,0000;0,0000;0;0;0;0
20260613_0945;Recorrência_200;classification;LeveragingBagging;Otimizado_FullFeatures;classifier;classifier;classifier;N/A;N/A;N/A;2000;100;47;6600;0,0000;0,0000;0,0000;0,0000;0,0000;0,0000;0;0;0;0
20260613_0945;Recorrência_200;classification;LeveragingBagging;Otimizado_FullFeatures;classifier;classifier;classifier;N/A;N/A;N/A;2000;100;48;6700;96,5498;0,4512;100,0000;0,0000;93,3333;0,8433;0;0;5;1
20260613_0945;Recorrência_200;classification;LeveragingBagging;Otimizado_FullFeatures;classifier;classifier;classifier;N/A;N/A;N/A;2000;100;49;6800;100,0000;0,0000;100,0000;0,0000;100,0000;0,0000;0;0;0;0
20260613_0945;Recorrência_200;classification;LeveragingBagging;Otimizado_FullFeatures;classifier;classifier;classifier;N/A;N/A;N/A;2000;100;50;6900;0,0000;0,0000;0,0000;0,0000;0,0000;0,0000;0;0;0;0
20260613_0945;Recorrência_200;classification;LeveragingBagging;Otimizado_FullFeatures;classifier;classifier;classifier;N/A;N/A;N/A;2000;100;51;7000;0,0000;0,0000;0,0000;0,0000;0,0000;0,0000;0;0;0;0
20260613_0945;Recorrência_200;classification;LeveragingBagging;Otimizado_FullFeatures;classifier;classifier;classifier;N/A;N/A;N/A;2000;100;52;7100;0,0000;0,0000;0,0000;0,0000;0,0000;0,0000;0;0;0;0
20260613_0945;Recorrência_200;classification;LeveragingBagging;Otimizado_FullFeatures;classifier;classifier;classifier;N/A;N/A;N/A;2000;100;53;7200;0,0000;0,0000;0,0000;0,0000;0,0000;0,0000;0;0;0;0
20260613_0945;Recorrência_200;classification;LeveragingBagging;Otimizado_FullFeatures;classifier;classifier;classifier;N/A;N/A;N/A;2000;100;54;7300;0,0000;0,0000;0,0000;0,0000;0,0000;0,0000;0;0;0;0
20260613_0945;Recorrência_200;classification;LeveragingBagging;Otimizado_FullFeatures;classifier;classifier;classifier;N/A;N/A;N/A;2000;100;55;7400;0,0000;0,0000;0,0000;0,0000;0,0000;0,0000;0;0;0;0
20260613_0945;Recorrência_200;classification;LeveragingBagging;Otimizado_FullFeatures;classifier;classifier;classifier;N/A;N/A;N/A;2000;100;56;7500;0,0000;0,0000;0,0000;0,0000;0,0000;0,0000;0;0;0;0
20260613_0945;Recorrência_200;classification;LeveragingBagging;Otimizado_FullFeatures;classifier;classifier;classifier;N/A;N/A;N/A;2000;100;57;7600;0,0000;0,0000;0,0000;0,0000;0,0000;0,0000;0;0;0;0
20260613_0945;Recorrência_200;classification;LeveragingBagging;Otimizado_FullFeatures;classifier;classifier;classifier;N/A;N/A;N/A;2000;100;58;7700;0,0000;0,0000;0,0000;0,0000;0,0000;0,0000;0;0;0;0
20260613_0945;Recorrência_200;classification;LeveragingBagging;Otimizado_FullFeatures;classifier;classifier;classifier;N/A;N/A;N/A;2000;100;59;7800;0,0000;0,0000;0,0000;0,0000;0,0000;0,0000;0;0;0;0
20260613_0945;Recorrência_200;classification;LeveragingBagging;Otimizado_FullFeatures;classifier;classifier;classifier;N/A;N/A;N/A;2000;100;60;7900;0,0000;0,0000;0,0000;0,0000;0,0000;0,0000;0;0;0;0
20260613_0945;Recorrência_200;classification;LeveragingBagging;Otimizado_FullFeatures;classifier;classifier;classifier;N/A;N/A;N/A;2000;100;61;8000;0,0000;0,0000;0,0000;0,0000;0,0000;0,0000;0;0;0;0
20260613_0945;Recorrência_200;classification;LeveragingBagging;Otimizado_FullFeatures;classifier;classifier;classifier;N/A;N/A;N/A;2000;100;62;8100;0,0000;0,0000;0,0000;0,0000;0,0000;0,0000;0;0;0;0
20260613_0945;Recorrência_200;classification;LeveragingBagging;Otimizado_FullFeatures;classifier;classifier;classifier;N/A;N/A;N/A;2000;100;63;8200;0,0000;0,0000;0,0000;0,0000;0,0000;0,0000;0;0;0;0
20260613_0945;Recorrência_200;classification;LeveragingBagging;Otimizado_FullFeatures;classifier;classifier;classifier;N/A;N/A;N/A;2000;100;64;8300;0,0000;0,0000;0,0000;0,0000;0,0000;0,0000;0;0;0;0
20260613_0945;Recorrência_200;classification;LeveragingBagging;Otimizado_FullFeatures;classifier;classifier;classifier;N/A;N/A;N/A;2000;100;65;8400;0,0000;0,0000;0,0000;0,0000;0,0000;0,0000;0;0;0;0
20260613_0945;Recorrência_200;classification;LeveragingBagging;Otimizado_FullFeatures;classifier;classifier;classifier;N/A;N/A;N/A;2000;100;66;8500;0,0000;0,0000;0,0000;0,0000;0,0000;0,0000;0;0;0;0
20260613_0945;Recorrência_200;classification;LeveragingBagging;Otimizado_FullFeatures;classifier;classifier;classifier;N/A;N/A;N/A;2000;100;67;8600;0,0000;0,0000;0,0000;0,0000;0,0000;0,0000;0;0;0;0
20260613_0945;Recorrência_200;classification;LeveragingBagging;Otimizado_FullFeatures;classifier;classifier;classifier;N/A;N/A;N/A;2000;100;68;8700;0,0000;0,0000;0,0000;0,0000;0,0000;0,0000;0;0;0;0
20260613_0945;Recorrência_200;classification;LeveragingBagging;Otimizado_FullFeatures;classifier;classifier;classifier;N/A;N/A;N/A;2000;100;69;8800;0,0000;0,0000;0,0000;0,0000;0,0000;0,0000;0;0;0;0
20260613_0945;Recorrência_200;classification;LeveragingBagging;Otimizado_FullFeatures;classifier;classifier;classifier;N/A;N/A;N/A;2000;100;70;8900;94,9824;2,1875;100,0000;0,0000;90,5263;3,9386;0;0;2;1
20260613_0945;Recorrência_200;classification;LeveragingBagging;Otimizado_FullFeatures;classifier;classifier;classifier;N/A;N/A;N/A;2000;100;71;9000;97,9868;0,6340;100,0000;0,0000;96,0606;1,2121;0;0;3;1
20260613_0945;Recorrência_200;classification;LeveragingBagging;Otimizado_FullFeatures;classifier;classifier;classifier;N/A;N/A;N/A;2000;100;72;9100;0,0000;0,0000;0,0000;0,0000;0,0000;0,0000;0;0;0;0
20260613_0945;Recorrência_200;classification;LeveragingBagging;Otimizado_FullFeatures;classifier;classifier;classifier;N/A;N/A;N/A;2000;100;73;9200;0,0000;0,0000;0,0000;0,0000;0,0000;0,0000;0;0;0;0
20260613_0945;Recorrência_200;classification;LeveragingBagging;Otimizado_FullFeatures;classifier;classifier;classifier;N/A;N/A;N/A;2000;100;74;9300;0,0000;0,0000;0,0000;0,0000;0,0000;0,0000;0;0;0;0
20260613_0945;Recorrência_200;classification;LeveragingBagging;Otimizado_FullFeatures;classifier;classifier;classifier;N/A;N/A;N/A;2000;100;75;9400;0,0000;0,0000;0,0000;0,0000;0,0000;0,0000;0;0;0;0
20260613_0945;Recorrência_200;classification;LeveragingBagging;Otimizado_FullFeatures;classifier;classifier;classifier;N/A;N/A;N/A;2000;100;76;9500;0,0000;0,0000;0,0000;0,0000;0,0000;0,0000;0;0;0;0
20260613_0945;Recorrência_200;classification;LeveragingBagging;Otimizado_FullFeatures;classifier;classifier;classifier;N/A;N/A;N/A;2000;100;77;9600;0,0000;0,0000;0,0000;0,0000;0,0000;0,0000;0;0;0;0
20260613_0945;Recorrência_200;classification;LeveragingBagging;Otimizado_FullFeatures;classifier;classifier;classifier;N/A;N/A;N/A;2000;100;78;9700;0,0000;0,0000;0,0000;0,0000;0,0000;0,0000;0;0;0;0
20260613_0945;Recorrência_200;classification;LeveragingBagging;Otimizado_FullFeatures;classifier;classifier;classifier;N/A;N/A;N/A;2000;100;79;9800;0,0000;0,0000;0,0000;0,0000;0,0000;0,0000;0;0;0;0
20260613_0945;Recorrência_200;classification;LeveragingBagging;Otimizado_FullFeatures;classifier;classifier;classifier;N/A;N/A;N/A;2000;100;80;9900;0,0000;0,0000;0,0000;0,0000;0,0000;0,0000;0;0;0;0
20260613_0945;Recorrência_200;classification;LeveragingBagging;Otimizado_FullFeatures;classifier;classifier;classifier;N/A;N/A;N/A;2000;100;81;10000;0,0000;0,0000;0,0000;0,0000;0,0000;0,0000;0;0;0;0
20260613_0945;Recorrência_200;classification;LeveragingBagging;Otimizado_FullFeatures;classifier;classifier;classifier;N/A;N/A;N/A;2000;100;82;10100;0,0000;0,0000;0,0000;0,0000;0,0000;0,0000;0;0;0;0
20260613_0945;Recorrência_200;classification;LeveragingBagging;Otimizado_FullFeatures;classifier;classifier;classifier;N/A;N/A;N/A;2000;100;83;10200;0,0000;0,0000;0,0000;0,0000;0,0000;0,0000;0;0;0;0
20260613_0945;Recorrência_200;classification;LeveragingBagging;Otimizado_FullFeatures;classifier;classifier;classifier;N/A;N/A;N/A;2000;100;84;10300;0,0000;0,0000;0,0000;0,0000;0,0000;0,0000;0;0;0;0
20260613_0945;Recorrência_200;classification;LeveragingBagging;Otimizado_FullFeatures;classifier;classifier;classifier;N/A;N/A;N/A;2000;100;85;10400;0,0000;0,0000;0,0000;0,0000;0,0000;0,0000;0;0;0;0
20260613_0945;Recorrência_200;classification;LeveragingBagging;Otimizado_FullFeatures;classifier;classifier;classifier;N/A;N/A;N/A;2000;100;86;10500;0,0000;0,0000;0,0000;0,0000;0,0000;0,0000;0;0;0;0
20260613_0945;Recorrência_200;classification;LeveragingBagging;Otimizado_FullFeatures;classifier;classifier;classifier;N/A;N/A;N/A;2000;100;87;10600;0,0000;0,0000;0,0000;0,0000;0,0000;0,0000;0;0;0;0
20260613_0945;Recorrência_200;classification;LeveragingBagging;Otimizado_FullFeatures;classifier;classifier;classifier;N/A;N/A;N/A;2000;100;88;10700;0,0000;0,0000;0,0000;0,0000;0,0000;0,0000;0;0;0;0
20260613_0945;Recorrência_200;classification;LeveragingBagging;Otimizado_FullFeatures;classifier;classifier;classifier;N/A;N/A;N/A;2000;100;89;10800;0,0000;0,0000;0,0000;0,0000;0,0000;0,0000;0;0;0;0
20260613_0945;Recorrência_200;classification;LeveragingBagging;Otimizado_FullFeatures;classifier;classifier;classifier;N/A;N/A;N/A;2000;100;90;10900;0,0000;0,0000;0,0000;0,0000;0,0000;0,0000;0;0;0;0
20260613_0945;Recorrência_200;classification;LeveragingBagging;Otimizado_FullFeatures;classifier;classifier;classifier;N/A;N/A;N/A;2000;100;91;11000;0,0000;0,0000;0,0000;0,0000;0,0000;0,0000;0;0;0;0
20260613_0945;Recorrência_200;classification;LeveragingBagging;Otimizado_FullFeatures;classifier;classifier;classifier;N/A;N/A;N/A;2000;100;92;11100;0,0000;0,0000;0,0000;0,0000;0,0000;0,0000;0;0;0;0
20260613_0945;Recorrência_200;classification;LeveragingBagging;Otimizado_FullFeatures;classifier;classifier;classifier;N/A;N/A;N/A;2000;100;93;11200;94,4168;3,8898;100,0000;0,0000;89,6703;6,6880;0;0;10;7
20260613_0945;Recorrência_200;classification;LeveragingBagging;Otimizado_FullFeatures;classifier;classifier;classifier;N/A;N/A;N/A;2000;100;94;11300;100,0000;0,0000;100,0000;0,0000;100,0000;0,0000;0;0;0;0
20260613_0945;Recorrência_200;classification;LeveragingBagging;Otimizado_FullFeatures;classifier;classifier;classifier;N/A;N/A;N/A;2000;100;95;11400;0,0000;0,0000;0,0000;0,0000;0,0000;0,0000;0;0;0;0
20260613_0945;Recorrência_200;classification;LeveragingBagging;Otimizado_FullFeatures;classifier;classifier;classifier;N/A;N/A;N/A;2000;100;96;11500;0,0000;0,0000;0,0000;0,0000;0,0000;0,0000;0;0;0;0
20260613_0945;Recorrência_200;classification;LeveragingBagging;Otimizado_FullFeatures;classifier;classifier;classifier;N/A;N/A;N/A;2000;100;97;11600;0,0000;0,0000;0,0000;0,0000;0,0000;0,0000;0;0;0;0
20260613_0945;Recorrência_200;classification;LeveragingBagging;Otimizado_FullFeatures;classifier;classifier;classifier;N/A;N/A;N/A;2000;100;98;11700;0,0000;0,0000;0,0000;0,0000;0,0000;0,0000;0;0;0;0
20260613_0945;Recorrência_200;classification;LeveragingBagging;Otimizado_FullFeatures;classifier;classifier;classifier;N/A;N/A;N/A;2000;100;99;11800;0,0000;0,0000;0,0000;0,0000;0,0000;0,0000;0;0;0;0
20260613_0945;Recorrência_200;classification;LeveragingBagging;Otimizado_FullFeatures;classifier;classifier;classifier;N/A;N/A;N/A;2000;100;100;11900;0,0000;0,0000;0,0000;0,0000;0,0000;0,0000;0;0;0;0
20260613_0945;Recorrência_200;classification;LeveragingBagging;Otimizado_FullFeatures;classifier;classifier;classifier;N/A;N/A;N/A;2000;100;101;12000;0,0000;0,0000;0,0000;0,0000;0,0000;0,0000;0;0;0;0
20260613_0945;Recorrência_200;classification;LeveragingBagging;Otimizado_FullFeatures;classifier;classifier;classifier;N/A;N/A;N/A;2000;100;102;12100;0,0000;0,0000;0,0000;0,0000;0,0000;0,0000;0;0;0;0
20260613_0945;Recorrência_200;classification;LeveragingBagging;Otimizado_FullFeatures;classifier;classifier;classifier;N/A;N/A;N/A;2000;100;103;12200;0,0000;0,0000;0,0000;0,0000;0,0000;0,0000;0;0;0;0
20260613_0945;Recorrência_200;classification;LeveragingBagging;Otimizado_FullFeatures;classifier;classifier;classifier;N/A;N/A;N/A;2000;100;104;12300;0,0000;0,0000;0,0000;0,0000;0,0000;0,0000;0;0;0;0
20260613_0945;Recorrência_200;classification;LeveragingBagging;Otimizado_FullFeatures;classifier;classifier;classifier;N/A;N/A;N/A;2000;100;105;12400;0,0000;0,0000;0,0000;0,0000;0,0000;0,0000;0;0;0;0
20260613_0945;Recorrência_200;classification;LeveragingBagging;Otimizado_FullFeatures;classifier;classifier;classifier;N/A;N/A;N/A;2000;100;106;12500;0,0000;0,0000;0,0000;0,0000;0,0000;0,0000;0;0;0;0
20260613_0945;Recorrência_200;classification;LeveragingBagging;Otimizado_FullFeatures;classifier;classifier;classifier;N/A;N/A;N/A;2000;100;107;12600;0,0000;0,0000;0,0000;0,0000;0,0000;0,0000;0;0;0;0
20260613_0945;Recorrência_200;classification;LeveragingBagging;Otimizado_FullFeatures;classifier;classifier;classifier;N/A;N/A;N/A;2000;100;108;12700;0,0000;0,0000;0,0000;0,0000;0,0000;0,0000;0;0;0;0
20260613_0945;Recorrência_200;classification;LeveragingBagging;Otimizado_FullFeatures;classifier;classifier;classifier;N/A;N/A;N/A;2000;100;109;12800;0,0000;0,0000;0,0000;0,0000;0,0000;0,0000;0;0;0;0
20260613_0945;Recorrência_200;classification;LeveragingBagging;Otimizado_FullFeatures;classifier;classifier;classifier;N/A;N/A;N/A;2000;100;110;12900;0,0000;0,0000;0,0000;0,0000;0,0000;0,0000;0;0;0;0
20260613_0945;Recorrência_200;classification;LeveragingBagging;Otimizado_FullFeatures;classifier;classifier;classifier;N/A;N/A;N/A;2000;100;111;13000;0,0000;0,0000;0,0000;0,0000;0,0000;0,0000;0;0;0;0
20260613_0945;Recorrência_200;classification;LeveragingBagging;Otimizado_FullFeatures;classifier;classifier;classifier;N/A;N/A;N/A;2000;100;112;13100;0,0000;0,0000;0,0000;0,0000;0,0000;0,0000;0;0;0;0
20260613_0945;Recorrência_200;classification;LeveragingBagging;Otimizado_FullFeatures;classifier;classifier;classifier;N/A;N/A;N/A;2000;100;113;13200;0,0000;0,0000;0,0000;0,0000;0,0000;0,0000;0;0;0;0
20260613_0945;Recorrência_200;classification;LeveragingBagging;Otimizado_FullFeatures;classifier;classifier;classifier;N/A;N/A;N/A;2000;100;114;13300;0,0000;0,0000;0,0000;0,0000;0,0000;0,0000;0;0;0;0
20260613_0945;Recorrência_200;classification;LeveragingBagging;Otimizado_FullFeatures;classifier;classifier;classifier;N/A;N/A;N/A;2000;100;115;13400;100,0000;0,0000;100,0000;0,0000;100,0000;0,0000;0;0;0;0
20260613_0945;Recorrência_200;classification;LeveragingBagging;Otimizado_FullFeatures;classifier;classifier;classifier;N/A;N/A;N/A;2000;100;116;13500;100,0000;0,0000;100,0000;0,0000;100,0000;0,0000;0;0;0;0
20260613_0945;Recorrência_200;classification;LeveragingBagging;Otimizado_FullFeatures;classifier;classifier;classifier;N/A;N/A;N/A;2000;100;117;13600;0,0000;0,0000;0,0000;0,0000;0,0000;0,0000;0;0;0;0
20260613_0945;Recorrência_200;classification;LeveragingBagging;Otimizado_FullFeatures;classifier;classifier;classifier;N/A;N/A;N/A;2000;100;118;13700;0,0000;0,0000;0,0000;0,0000;0,0000;0,0000;0;0;0;0
20260613_0945;Recorrência_200;classification;LeveragingBagging;Otimizado_FullFeatures;classifier;classifier;classifier;N/A;N/A;N/A;2000;100;119;13800;0,0000;0,0000;0,0000;0,0000;0,0000;0,0000;0;0;0;0
20260613_0945;Recorrência_200;classification;LeveragingBagging;Otimizado_FullFeatures;classifier;classifier;classifier;N/A;N/A;N/A;2000;100;120;13900;0,0000;0,0000;0,0000;0,0000;0,0000;0,0000;0;0;0;0
20260613_0945;Recorrência_200;classification;LeveragingBagging;Otimizado_FullFeatures;classifier;classifier;classifier;N/A;N/A;N/A;2000;100;121;14000;0,0000;0,0000;0,0000;0,0000;0,0000;0,0000;0;0;0;0
20260613_0945;Recorrência_200;classification;LeveragingBagging;Otimizado_FullFeatures;classifier;classifier;classifier;N/A;N/A;N/A;2000;100;122;14100;0,0000;0,0000;0,0000;0,0000;0,0000;0,0000;0;0;0;0
20260613_0945;Recorrência_200;classification;LeveragingBagging;Otimizado_FullFeatures;classifier;classifier;classifier;N/A;N/A;N/A;2000;100;123;14200;0,0000;0,0000;0,0000;0,0000;0,0000;0,0000;0;0;0;0
20260613_0945;Recorrência_200;classification;LeveragingBagging;Otimizado_FullFeatures;classifier;classifier;classifier;N/A;N/A;N/A;2000;100;124;14300;0,0000;0,0000;0,0000;0,0000;0,0000;0,0000;0;0;0;0
20260613_0945;Recorrência_200;classification;LeveragingBagging;Otimizado_FullFeatures;classifier;classifier;classifier;N/A;N/A;N/A;2000;100;125;14400;0,0000;0,0000;0,0000;0,0000;0,0000;0,0000;0;0;0;0
20260613_0945;Recorrência_200;classification;LeveragingBagging;Otimizado_FullFeatures;classifier;classifier;classifier;N/A;N/A;N/A;2000;100;126;14500;0,0000;0,0000;0,0000;0,0000;0,0000;0,0000;0;0;0;0
20260613_0945;Recorrência_200;classification;LeveragingBagging;Otimizado_FullFeatures;classifier;classifier;classifier;N/A;N/A;N/A;2000;100;127;14600;0,0000;0,0000;0,0000;0,0000;0,0000;0,0000;0;0;0;0
20260613_0945;Recorrência_200;classification;LeveragingBagging;Otimizado_FullFeatures;classifier;classifier;classifier;N/A;N/A;N/A;2000;100;128;14700;0,0000;0,0000;0,0000;0,0000;0,0000;0,0000;0;0;0;0
20260613_0945;Recorrência_200;classification;LeveragingBagging;Otimizado_FullFeatures;classifier;classifier;classifier;N/A;N/A;N/A;2000;100;129;14800;0,0000;0,0000;0,0000;0,0000;0,0000;0,0000;0;0;0;0
20260613_0945;Recorrência_200;classification;LeveragingBagging;Otimizado_FullFeatures;classifier;classifier;classifier;N/A;N/A;N/A;2000;100;130;14900;0,0000;0,0000;0,0000;0,0000;0,0000;0,0000;0;0;0;0
20260613_0945;Recorrência_200;classification;LeveragingBagging;Otimizado_FullFeatures;classifier;classifier;classifier;N/A;N/A;N/A;2000;100;131;15000;0,0000;0,0000;0,0000;0,0000;0,0000;0,0000;0;0;0;0
20260613_0945;Recorrência_200;classification;LeveragingBagging;Otimizado_FullFeatures;classifier;classifier;classifier;N/A;N/A;N/A;2000;100;132;15100;0,0000;0,0000;0,0000;0,0000;0,0000;0,0000;0;0;0;0
20260613_0945;Recorrência_200;classification;LeveragingBagging;Otimizado_FullFeatures;classifier;classifier;classifier;N/A;N/A;N/A;2000;100;133;15200;0,0000;0,0000;0,0000;0,0000;0,0000;0,0000;0;0;0;0
20260613_0945;Recorrência_200;classification;LeveragingBagging;Otimizado_FullFeatures;classifier;classifier;classifier;N/A;N/A;N/A;2000;100;134;15300;0,0000;0,0000;0,0000;0,0000;0,0000;0,0000;0;0;0;0
20260613_0945;Recorrência_200;classification;LeveragingBagging;Otimizado_FullFeatures;classifier;classifier;classifier;N/A;N/A;N/A;2000;100;135;15400;0,0000;0,0000;0,0000;0,0000;0,0000;0,0000;0;0;0;0
20260613_0945;Recorrência_200;classification;LeveragingBagging;Otimizado_FullFeatures;classifier;classifier;classifier;N/A;N/A;N/A;2000;100;136;15500;0,0000;0,0000;0,0000;0,0000;0,0000;0,0000;0;0;0;0
20260613_0945;Recorrência_1000;classification;LeveragingBagging;Otimizado_FullFeatures;classifier;classifier;classifier;N/A;N/A;N/A;2000;100;1;2000;0,0000;0,0000;0,0000;0,0000;0,0000;0,0000;0;0;0;0
20260613_0945;Recorrência_1000;classification;LeveragingBagging;Otimizado_FullFeatures;classifier;classifier;classifier;N/A;N/A;N/A;2000;100;2;2100;0,0000;0,0000;0,0000;0,0000;0,0000;0,0000;0;0;0;0
20260613_0945;Recorrência_1000;classification;LeveragingBagging;Otimizado_FullFeatures;classifier;classifier;classifier;N/A;N/A;N/A;2000;100;3;2200;95,3957;0,0343;98,4906;0,7547;92,5000;0,7143;1;1;5;1
20260613_0945;Recorrência_1000;classification;LeveragingBagging;Otimizado_FullFeatures;classifier;classifier;classifier;N/A;N/A;N/A;2000;100;4;2300;99,5092;0,2454;99,0244;0,4878;100,0000;0,0000;1;1;0;0
20260613_0945;Recorrência_1000;classification;LeveragingBagging;Otimizado_FullFeatures;classifier;classifier;classifier;N/A;N/A;N/A;2000;100;5;2400;99,8974;0,2051;100,0000;0,0000;99,7959;0,4082;0;0;1;1
20260613_0945;Recorrência_1000;classification;LeveragingBagging;Otimizado_FullFeatures;classifier;classifier;classifier;N/A;N/A;N/A;2000;100;6;2500;98,6656;0,4081;97,3696;0,7998;100,0000;0,0000;3;1;0;0
20260613_0945;Recorrência_1000;classification;LeveragingBagging;Otimizado_FullFeatures;classifier;classifier;classifier;N/A;N/A;N/A;2000;100;7;2600;99,2873;0,2512;100,0000;0,0000;98,5859;0,4948;0;0;2;1
20260613_0945;Recorrência_1000;classification;LeveragingBagging;Otimizado_FullFeatures;classifier;classifier;classifier;N/A;N/A;N/A;2000;100;8;2700;91,9210;0,6731;85,4339;1,3012;99,5000;1,0000;7;1;1;1
20260613_0945;Recorrência_1000;classification;LeveragingBagging;Otimizado_FullFeatures;classifier;classifier;classifier;N/A;N/A;N/A;2000;100;9;2800;0,0000;0,0000;0,0000;0,0000;0,0000;0,0000;1;0;0;0
20260613_0945;Recorrência_1000;classification;LeveragingBagging;Otimizado_FullFeatures;classifier;classifier;classifier;N/A;N/A;N/A;2000;100;10;2900;0,0000;0,0000;0,0000;0,0000;0,0000;0,0000;1;1;0;0
20260613_0945;Recorrência_1000;classification;LeveragingBagging;Otimizado_FullFeatures;classifier;classifier;classifier;N/A;N/A;N/A;2000;100;11;3000;0,0000;0,0000;0,0000;0,0000;0,0000;0,0000;1;1;0;0
20260613_0945;Recorrência_1000;classification;LeveragingBagging;Otimizado_FullFeatures;classifier;classifier;classifier;N/A;N/A;N/A;2000;100;12;3100;0,0000;0,0000;0,0000;0,0000;0,0000;0,0000;1;1;0;0
20260613_0945;Recorrência_1000;classification;LeveragingBagging;Otimizado_FullFeatures;classifier;classifier;classifier;N/A;N/A;N/A;2000;100;13;3200;0,0000;0,0000;0,0000;0,0000;0,0000;0,0000;0;0;0;0
20260613_0945;Recorrência_1000;classification;LeveragingBagging;Otimizado_FullFeatures;classifier;classifier;classifier;N/A;N/A;N/A;2000;100;14;3300;0,0000;0,0000;0,0000;0,0000;0,0000;0,0000;0;0;0;0
20260613_0945;Recorrência_1000;classification;LeveragingBagging;Otimizado_FullFeatures;classifier;classifier;classifier;N/A;N/A;N/A;2000;100;15;3400;0,0000;0,0000;0,0000;0,0000;0,0000;0,0000;0;0;0;0
20260613_0945;Recorrência_1000;classification;LeveragingBagging;Otimizado_FullFeatures;classifier;classifier;classifier;N/A;N/A;N/A;2000;100;16;3500;0,0000;0,0000;0,0000;0,0000;0,0000;0,0000;0;0;0;0
20260613_0945;Recorrência_1000;classification;LeveragingBagging;Otimizado_FullFeatures;classifier;classifier;classifier;N/A;N/A;N/A;2000;100;17;3600;0,0000;0,0000;0,0000;0,0000;0,0000;0,0000;1;1;0;0
20260613_0945;Recorrência_1000;classification;LeveragingBagging;Otimizado_FullFeatures;classifier;classifier;classifier;N/A;N/A;N/A;2000;100;18;3700;0,0000;0,0000;0,0000;0,0000;0,0000;0,0000;1;1;0;0
20260613_0945;Recorrência_1000;classification;LeveragingBagging;Otimizado_FullFeatures;classifier;classifier;classifier;N/A;N/A;N/A;2000;100;19;3800;0,0000;0,0000;0,0000;0,0000;0,0000;0,0000;1;0;0;0
20260613_0945;Recorrência_1000;classification;LeveragingBagging;Otimizado_FullFeatures;classifier;classifier;classifier;N/A;N/A;N/A;2000;100;20;3900;0,0000;0,0000;0,0000;0,0000;0,0000;0,0000;0;0;0;0
20260613_0945;Recorrência_1000;classification;LeveragingBagging;Otimizado_FullFeatures;classifier;classifier;classifier;N/A;N/A;N/A;2000;100;21;4000;0,0000;0,0000;0,0000;0,0000;0,0000;0,0000;0;0;0;0
20260613_0945;Recorrência_1000;classification;LeveragingBagging;Otimizado_FullFeatures;classifier;classifier;classifier;N/A;N/A;N/A;2000;100;22;4100;0,0000;0,0000;0,0000;0,0000;0,0000;0,0000;1;1;0;0
20260613_0945;Recorrência_1000;classification;LeveragingBagging;Otimizado_FullFeatures;classifier;classifier;classifier;N/A;N/A;N/A;2000;100;23;4200;0,0000;0,0000;0,0000;0,0000;0,0000;0,0000;0;0;0;0
20260613_0945;Recorrência_1000;classification;LeveragingBagging;Otimizado_FullFeatures;classifier;classifier;classifier;N/A;N/A;N/A;2000;100;24;4300;0,0000;0,0000;0,0000;0,0000;0,0000;0,0000;0;0;0;0
20260613_0945;Recorrência_1000;classification;LeveragingBagging;Otimizado_FullFeatures;classifier;classifier;classifier;N/A;N/A;N/A;2000;100;25;4400;0,0000;0,0000;0,0000;0,0000;0,0000;0,0000;0;0;0;0
20260613_0945;Recorrência_1000;classification;LeveragingBagging;Otimizado_FullFeatures;classifier;classifier;classifier;N/A;N/A;N/A;2000;100;26;4500;0,0000;0,0000;0,0000;0,0000;0,0000;0,0000;1;1;0;0
20260613_0945;Recorrência_1000;classification;LeveragingBagging;Otimizado_FullFeatures;classifier;classifier;classifier;N/A;N/A;N/A;2000;100;27;4600;0,0000;0,0000;0,0000;0,0000;0,0000;0,0000;0;0;0;0
20260613_0945;Recorrência_1000;classification;LeveragingBagging;Otimizado_FullFeatures;classifier;classifier;classifier;N/A;N/A;N/A;2000;100;28;4700;0,0000;0,0000;0,0000;0,0000;0,0000;0,0000;0;0;0;0
20260613_0945;Recorrência_1000;classification;LeveragingBagging;Otimizado_FullFeatures;classifier;classifier;classifier;N/A;N/A;N/A;2000;100;29;4800;51,4286;2,8571;100,0000;0,0000;34,6667;2,6667;0;0;10;1
20260613_0945;Recorrência_1000;classification;LeveragingBagging;Otimizado_FullFeatures;classifier;classifier;classifier;N/A;N/A;N/A;2000;100;30;4900;89,1399;3,5855;100,0000;0,0000;80,6000;5,9532;0;0;20;6
20260613_0945;Recorrência_1000;classification;LeveragingBagging;Otimizado_FullFeatures;classifier;classifier;classifier;N/A;N/A;N/A;2000;100;31;5000;98,7618;1,5533;100,0000;0,0000;97,6000;3,0067;0;0;3;4
20260613_0945;Recorrência_1000;classification;LeveragingBagging;Otimizado_FullFeatures;classifier;classifier;classifier;N/A;N/A;N/A;2000;100;32;5100;100,0000;0,0000;100,0000;0,0000;100,0000;0,0000;0;0;0;0
20260613_0945;Recorrência_1000;classification;LeveragingBagging;Otimizado_FullFeatures;classifier;classifier;classifier;N/A;N/A;N/A;2000;100;33;5200;100,0000;0,0000;100,0000;0,0000;100,0000;0,0000;0;0;0;0
20260613_0945;Recorrência_1000;classification;LeveragingBagging;Otimizado_FullFeatures;classifier;classifier;classifier;N/A;N/A;N/A;2000;100;34;5300;94,7531;0,6356;90,0363;1,1557;100,0000;0,0000;10;2;0;0
20260613_0945;Recorrência_1000;classification;LeveragingBagging;Otimizado_FullFeatures;classifier;classifier;classifier;N/A;N/A;N/A;2000;100;35;5400;0,0000;0,0000;0,0000;0,0000;0,0000;0,0000;2;1;0;0
20260613_0945;Recorrência_1000;classification;LeveragingBagging;Otimizado_FullFeatures;classifier;classifier;classifier;N/A;N/A;N/A;2000;100;36;5500;0,0000;0,0000;0,0000;0,0000;0,0000;0,0000;1;1;0;0
20260613_0945;Recorrência_1000;classification;LeveragingBagging;Otimizado_FullFeatures;classifier;classifier;classifier;N/A;N/A;N/A;2000;100;37;5600;0,0000;0,0000;0,0000;0,0000;0,0000;0,0000;3;2;0;0
20260613_0945;Recorrência_1000;classification;LeveragingBagging;Otimizado_FullFeatures;classifier;classifier;classifier;N/A;N/A;N/A;2000;100;38;5700;0,0000;0,0000;0,0000;0,0000;0,0000;0,0000;1;1;0;0
20260613_0945;Recorrência_1000;classification;LeveragingBagging;Otimizado_FullFeatures;classifier;classifier;classifier;N/A;N/A;N/A;2000;100;39;5800;0,0000;0,0000;0,0000;0,0000;0,0000;0,0000;0;0;0;0
20260613_0945;Recorrência_1000;classification;LeveragingBagging;Otimizado_FullFeatures;classifier;classifier;classifier;N/A;N/A;N/A;2000;100;40;5900;0,0000;0,0000;0,0000;0,0000;0,0000;0,0000;0;0;0;0
20260613_0945;Recorrência_1000;classification;LeveragingBagging;Otimizado_FullFeatures;classifier;classifier;classifier;N/A;N/A;N/A;2000;100;41;6000;0,0000;0,0000;0,0000;0,0000;0,0000;0,0000;0;0;0;0
20260613_0945;Recorrência_1000;classification;LeveragingBagging;Otimizado_FullFeatures;classifier;classifier;classifier;N/A;N/A;N/A;2000;100;42;6100;0,0000;0,0000;0,0000;0,0000;0,0000;0,0000;0;0;0;0
20260613_0945;Recorrência_1000;classification;LeveragingBagging;Otimizado_FullFeatures;classifier;classifier;classifier;N/A;N/A;N/A;2000;100;43;6200;0,0000;0,0000;0,0000;0,0000;0,0000;0,0000;0;0;0;0
20260613_0945;Recorrência_1000;classification;LeveragingBagging;Otimizado_FullFeatures;classifier;classifier;classifier;N/A;N/A;N/A;2000;100;44;6300;0,0000;0,0000;0,0000;0,0000;0,0000;0,0000;0;0;0;0
20260613_0945;Recorrência_1000;classification;LeveragingBagging;Otimizado_FullFeatures;classifier;classifier;classifier;N/A;N/A;N/A;2000;100;45;6400;0,0000;0,0000;0,0000;0,0000;0,0000;0,0000;0;0;0;0
20260613_0945;Recorrência_1000;classification;LeveragingBagging;Otimizado_FullFeatures;classifier;classifier;classifier;N/A;N/A;N/A;2000;100;46;6500;0,0000;0,0000;0,0000;0,0000;0,0000;0,0000;0;0;0;0
20260613_0945;Recorrência_1000;classification;LeveragingBagging;Otimizado_FullFeatures;classifier;classifier;classifier;N/A;N/A;N/A;2000;100;47;6600;0,0000;0,0000;0,0000;0,0000;0,0000;0,0000;0;0;0;0
20260613_0945;Recorrência_1000;classification;LeveragingBagging;Otimizado_FullFeatures;classifier;classifier;classifier;N/A;N/A;N/A;2000;100;48;6700;0,0000;0,0000;0,0000;0,0000;0,0000;0,0000;0;0;0;0
20260613_0945;Recorrência_1000;classification;LeveragingBagging;Otimizado_FullFeatures;classifier;classifier;classifier;N/A;N/A;N/A;2000;100;49;6800;0,0000;0,0000;0,0000;0,0000;0,0000;0,0000;0;0;0;0
20260613_0945;Recorrência_1000;classification;LeveragingBagging;Otimizado_FullFeatures;classifier;classifier;classifier;N/A;N/A;N/A;2000;100;50;6900;0,0000;0,0000;0,0000;0,0000;0,0000;0,0000;0;0;0;0
20260613_0945;Recorrência_1000;classification;LeveragingBagging;Otimizado_FullFeatures;classifier;classifier;classifier;N/A;N/A;N/A;2000;100;51;7000;0,0000;0,0000;0,0000;0,0000;0,0000;0,0000;0;0;0;0
20260613_0945;Recorrência_1000;classification;LeveragingBagging;Otimizado_FullFeatures;classifier;classifier;classifier;N/A;N/A;N/A;2000;100;52;7100;0,0000;0,0000;0,0000;0,0000;0,0000;0,0000;0;0;0;0
20260613_0945;Recorrência_1000;classification;LeveragingBagging;Otimizado_FullFeatures;classifier;classifier;classifier;N/A;N/A;N/A;2000;100;53;7200;0,0000;0,0000;0,0000;0,0000;0,0000;0,0000;0;0;0;0
20260613_0945;Recorrência_1000;classification;LeveragingBagging;Otimizado_FullFeatures;classifier;classifier;classifier;N/A;N/A;N/A;2000;100;54;7300;0,0000;0,0000;0,0000;0,0000;0,0000;0,0000;0;0;0;0
20260613_0945;Recorrência_1000;classification;LeveragingBagging;Otimizado_FullFeatures;classifier;classifier;classifier;N/A;N/A;N/A;2000;100;55;7400;0,0000;0,0000;0,0000;0,0000;0,0000;0,0000;0;0;0;0
20260613_0945;Recorrência_1000;classification;LeveragingBagging;Otimizado_FullFeatures;classifier;classifier;classifier;N/A;N/A;N/A;2000;100;56;7500;97,9573;0,4390;100,0000;0,0000;96,0000;0,8433;0;0;3;1
20260613_0945;Recorrência_1000;classification;LeveragingBagging;Otimizado_FullFeatures;classifier;classifier;classifier;N/A;N/A;N/A;2000;100;57;7600;100,0000;0,0000;100,0000;0,0000;100,0000;0,0000;0;0;0;0
20260613_0945;Recorrência_1000;classification;LeveragingBagging;Otimizado_FullFeatures;classifier;classifier;classifier;N/A;N/A;N/A;2000;100;58;7700;100,0000;0,0000;100,0000;0,0000;100,0000;0,0000;0;0;0;0
20260613_0945;Recorrência_1000;classification;LeveragingBagging;Otimizado_FullFeatures;classifier;classifier;classifier;N/A;N/A;N/A;2000;100;59;7800;100,0000;0,0000;100,0000;0,0000;100,0000;0,0000;0;0;0;0
20260613_0945;Recorrência_1000;classification;LeveragingBagging;Otimizado_FullFeatures;classifier;classifier;classifier;N/A;N/A;N/A;2000;100;60;7900;100,0000;0,0000;100,0000;0,0000;100,0000;0,0000;0;0;0;0
20260613_0945;Recorrência_1000;classification;LeveragingBagging;Otimizado_FullFeatures;classifier;classifier;classifier;N/A;N/A;N/A;2000;100;61;8000;97,7342;2,7162;95,7029;5,0500;100,0000;0,0000;2;2;0;0
20260613_0945;Recorrência_1000;classification;LeveragingBagging;Otimizado_FullFeatures;classifier;classifier;classifier;N/A;N/A;N/A;2000;100;62;8100;0,0000;0,0000;0,0000;0,0000;0,0000;0,0000;1;1;0;0
20260613_0945;Recorrência_1000;classification;LeveragingBagging;Otimizado_FullFeatures;classifier;classifier;classifier;N/A;N/A;N/A;2000;100;63;8200;0,0000;0,0000;0,0000;0,0000;0,0000;0,0000;1;1;0;0
20260613_0945;Recorrência_1000;classification;LeveragingBagging;Otimizado_FullFeatures;classifier;classifier;classifier;N/A;N/A;N/A;2000;100;64;8300;0,0000;0,0000;0,0000;0,0000;0,0000;0,0000;1;1;0;0
20260613_0945;Recorrência_1000;classification;LeveragingBagging;Otimizado_FullFeatures;classifier;classifier;classifier;N/A;N/A;N/A;2000;100;65;8400;0,0000;0,0000;0,0000;0,0000;0,0000;0,0000;0;0;0;0
20260613_0945;Recorrência_1000;classification;LeveragingBagging;Otimizado_FullFeatures;classifier;classifier;classifier;N/A;N/A;N/A;2000;100;66;8500;0,0000;0,0000;0,0000;0,0000;0,0000;0,0000;1;1;0;0
20260613_0945;Recorrência_1000;classification;LeveragingBagging;Otimizado_FullFeatures;classifier;classifier;classifier;N/A;N/A;N/A;2000;100;67;8600;0,0000;0,0000;0,0000;0,0000;0,0000;0,0000;0;0;0;0
20260613_0945;Recorrência_1000;classification;LeveragingBagging;Otimizado_FullFeatures;classifier;classifier;classifier;N/A;N/A;N/A;2000;100;68;8700;0,0000;0,0000;0,0000;0,0000;0,0000;0,0000;0;0;0;0
20260613_0945;Recorrência_1000;classification;LeveragingBagging;Otimizado_FullFeatures;classifier;classifier;classifier;N/A;N/A;N/A;2000;100;69;8800;0,0000;0,0000;0,0000;0,0000;0,0000;0,0000;0;0;0;0
20260613_0945;Recorrência_1000;classification;LeveragingBagging;Otimizado_FullFeatures;classifier;classifier;classifier;N/A;N/A;N/A;2000;100;70;8900;0,0000;0,0000;0,0000;0,0000;0,0000;0,0000;0;0;0;0
20260613_0945;Recorrência_1000;classification;LeveragingBagging;Otimizado_FullFeatures;classifier;classifier;classifier;N/A;N/A;N/A;2000;100;71;9000;0,0000;0,0000;0,0000;0,0000;0,0000;0,0000;0;0;0;0
20260613_0945;Recorrência_1000;classification;LeveragingBagging;Otimizado_FullFeatures;classifier;classifier;classifier;N/A;N/A;N/A;2000;100;72;9100;0,0000;0,0000;0,0000;0,0000;0,0000;0,0000;0;0;0;0
20260613_0945;Recorrência_1000;classification;LeveragingBagging;Otimizado_FullFeatures;classifier;classifier;classifier;N/A;N/A;N/A;2000;100;73;9200;0,0000;0,0000;0,0000;0,0000;0,0000;0,0000;1;1;0;0
20260613_0945;Recorrência_1000;classification;LeveragingBagging;Otimizado_FullFeatures;classifier;classifier;classifier;N/A;N/A;N/A;2000;100;74;9300;0,0000;0,0000;0,0000;0,0000;0,0000;0,0000;0;0;0;0
20260613_0945;Recorrência_1000;classification;LeveragingBagging;Otimizado_FullFeatures;classifier;classifier;classifier;N/A;N/A;N/A;2000;100;75;9400;0,0000;0,0000;0,0000;0,0000;0,0000;0,0000;0;0;0;0
20260613_0945;Recorrência_1000;classification;LeveragingBagging;Otimizado_FullFeatures;classifier;classifier;classifier;N/A;N/A;N/A;2000;100;76;9500;0,0000;0,0000;0,0000;0,0000;0,0000;0,0000;0;0;0;0
20260613_0945;Recorrência_1000;classification;LeveragingBagging;Otimizado_FullFeatures;classifier;classifier;classifier;N/A;N/A;N/A;2000;100;77;9600;0,0000;0,0000;0,0000;0,0000;0,0000;0,0000;0;0;0;0
20260613_0945;Recorrência_1000;classification;LeveragingBagging;Otimizado_FullFeatures;classifier;classifier;classifier;N/A;N/A;N/A;2000;100;78;9700;0,0000;0,0000;0,0000;0,0000;0,0000;0,0000;1;1;0;0
20260613_0945;Recorrência_1000;classification;LeveragingBagging;Otimizado_FullFeatures;classifier;classifier;classifier;N/A;N/A;N/A;2000;100;79;9800;0,0000;0,0000;0,0000;0,0000;0,0000;0,0000;0;0;0;0
20260613_0945;Recorrência_1000;classification;LeveragingBagging;Otimizado_FullFeatures;classifier;classifier;classifier;N/A;N/A;N/A;2000;100;80;9900;0,0000;0,0000;0,0000;0,0000;0,0000;0,0000;0;0;0;0
20260613_0945;Recorrência_1000;classification;LeveragingBagging;Otimizado_FullFeatures;classifier;classifier;classifier;N/A;N/A;N/A;2000;100;81;10000;0,0000;0,0000;0,0000;0,0000;0,0000;0,0000;0;0;0;0
20260613_0945;Recorrência_1000;classification;LeveragingBagging;Otimizado_FullFeatures;classifier;classifier;classifier;N/A;N/A;N/A;2000;100;82;10100;82,6501;5,2743;100,0000;0,0000;70,7692;7,5369;0;0;4;1
20260613_0945;Recorrência_1000;classification;LeveragingBagging;Otimizado_FullFeatures;classifier;classifier;classifier;N/A;N/A;N/A;2000;100;83;10200;96,9376;0,9599;100,0000;0,0000;94,0741;1,8144;0;0;2;1
20260613_0945;Recorrência_1000;classification;LeveragingBagging;Otimizado_FullFeatures;classifier;classifier;classifier;N/A;N/A;N/A;2000;100;84;10300;89,6703;3,2301;94,2857;6,9985;85,7143;0,0000;1;1;1;0
20260613_0945;Recorrência_1000;classification;LeveragingBagging;Otimizado_FullFeatures;classifier;classifier;classifier;N/A;N/A;N/A;2000;100;85;10400;99,0815;0,3244;100,0000;0,0000;98,1818;0,6362;0;0;2;1
20260613_0945;Recorrência_1000;classification;LeveragingBagging;Otimizado_FullFeatures;classifier;classifier;classifier;N/A;N/A;N/A;2000;100;86;10500;95,4422;0,7823;99,1667;1,6667;92,0000;0,0000;1;1;2;0
20260613_0945;Recorrência_1000;classification;LeveragingBagging;Otimizado_FullFeatures;classifier;classifier;classifier;N/A;N/A;N/A;2000;100;87;10600;98,7097;1,5803;97,5000;3,0619;100,0000;0,0000;1;1;0;0
20260613_0945;Recorrência_1000;classification;LeveragingBagging;Otimizado_FullFeatures;classifier;classifier;classifier;N/A;N/A;N/A;2000;100;88;10700;0,0000;0,0000;0,0000;0,0000;0,0000;0,0000;0;0;0;0
20260613_0945;Recorrência_1000;classification;LeveragingBagging;Otimizado_FullFeatures;classifier;classifier;classifier;N/A;N/A;N/A;2000;100;89;10800;0,0000;0,0000;0,0000;0,0000;0,0000;0,0000;1;1;0;0
20260613_0945;Recorrência_1000;classification;LeveragingBagging;Otimizado_FullFeatures;classifier;classifier;classifier;N/A;N/A;N/A;2000;100;90;10900;0,0000;0,0000;0,0000;0,0000;0,0000;0,0000;1;1;0;0
20260613_0945;Recorrência_1000;classification;LeveragingBagging;Otimizado_FullFeatures;classifier;classifier;classifier;N/A;N/A;N/A;2000;100;91;11000;0,0000;0,0000;0,0000;0,0000;0,0000;0,0000;0;0;0;0
20260613_0945;Recorrência_1000;classification;LeveragingBagging;Otimizado_FullFeatures;classifier;classifier;classifier;N/A;N/A;N/A;2000;100;92;11100;0,0000;0,0000;0,0000;0,0000;0,0000;0,0000;0;0;0;0
20260613_0945;Recorrência_1000;classification;LeveragingBagging;Otimizado_FullFeatures;classifier;classifier;classifier;N/A;N/A;N/A;2000;100;93;11200;0,0000;0,0000;0,0000;0,0000;0,0000;0,0000;0;0;0;0
20260613_0945;Recorrência_1000;classification;LeveragingBagging;Otimizado_FullFeatures;classifier;classifier;classifier;N/A;N/A;N/A;2000;100;94;11300;0,0000;0,0000;0,0000;0,0000;0,0000;0,0000;0;0;0;0
20260613_0945;Recorrência_1000;classification;LeveragingBagging;Otimizado_FullFeatures;classifier;classifier;classifier;N/A;N/A;N/A;2000;100;95;11400;0,0000;0,0000;0,0000;0,0000;0,0000;0,0000;0;0;0;0
20260613_0945;Recorrência_1000;classification;LeveragingBagging;Otimizado_FullFeatures;classifier;classifier;classifier;N/A;N/A;N/A;2000;100;96;11500;0,0000;0,0000;0,0000;0,0000;0,0000;0,0000;0;0;0;0
20260613_0945;Recorrência_1000;classification;LeveragingBagging;Otimizado_FullFeatures;classifier;classifier;classifier;N/A;N/A;N/A;2000;100;97;11600;0,0000;0,0000;0,0000;0,0000;0,0000;0,0000;0;0;0;0
20260613_0945;Recorrência_1000;classification;LeveragingBagging;Otimizado_FullFeatures;classifier;classifier;classifier;N/A;N/A;N/A;2000;100;98;11700;0,0000;0,0000;0,0000;0,0000;0,0000;0,0000;1;1;0;0
20260613_0945;Recorrência_1000;classification;LeveragingBagging;Otimizado_FullFeatures;classifier;classifier;classifier;N/A;N/A;N/A;2000;100;99;11800;0,0000;0,0000;0,0000;0,0000;0,0000;0,0000;0;0;0;0
20260613_0945;Recorrência_1000;classification;LeveragingBagging;Otimizado_FullFeatures;classifier;classifier;classifier;N/A;N/A;N/A;2000;100;100;11900;0,0000;0,0000;0,0000;0,0000;0,0000;0,0000;0;0;0;0
20260613_0945;Recorrência_1000;classification;LeveragingBagging;Otimizado_FullFeatures;classifier;classifier;classifier;N/A;N/A;N/A;2000;100;101;12000;0,0000;0,0000;0,0000;0,0000;0,0000;0,0000;0;0;0;0
20260613_0945;Recorrência_1000;classification;LeveragingBagging;Otimizado_FullFeatures;classifier;classifier;classifier;N/A;N/A;N/A;2000;100;102;12100;0,0000;0,0000;0,0000;0,0000;0,0000;0,0000;0;0;0;0
20260613_0945;Recorrência_1000;classification;LeveragingBagging;Otimizado_FullFeatures;classifier;classifier;classifier;N/A;N/A;N/A;2000;100;103;12200;0,0000;0,0000;0,0000;0,0000;0,0000;0,0000;0;0;0;0
20260613_0945;Recorrência_1000;classification;LeveragingBagging;Otimizado_FullFeatures;classifier;classifier;classifier;N/A;N/A;N/A;2000;100;104;12300;0,0000;0,0000;0,0000;0,0000;0,0000;0,0000;0;0;0;0
20260613_0945;Recorrência_1000;classification;LeveragingBagging;Otimizado_FullFeatures;classifier;classifier;classifier;N/A;N/A;N/A;2000;100;105;12400;0,0000;0,0000;0,0000;0,0000;0,0000;0,0000;0;0;0;0
20260613_0945;Recorrência_1000;classification;LeveragingBagging;Otimizado_FullFeatures;classifier;classifier;classifier;N/A;N/A;N/A;2000;100;106;12500;0,0000;0,0000;0,0000;0,0000;0,0000;0,0000;1;1;0;0
20260613_0945;Recorrência_1000;classification;LeveragingBagging;Otimizado_FullFeatures;classifier;classifier;classifier;N/A;N/A;N/A;2000;100;107;12600;0,0000;0,0000;0,0000;0,0000;0,0000;0,0000;0;0;0;0
20260613_0945;Recorrência_1000;classification;LeveragingBagging;Otimizado_FullFeatures;classifier;classifier;classifier;N/A;N/A;N/A;2000;100;108;12700;0,0000;0,0000;0,0000;0,0000;0,0000;0,0000;0;0;0;0
20260613_0945;Recorrência_1000;classification;LeveragingBagging;Otimizado_FullFeatures;classifier;classifier;classifier;N/A;N/A;N/A;2000;100;109;12800;94,6613;1,2396;100,0000;0,0000;89,8901;2,2413;0;0;10;3
20260613_0945;Recorrência_1000;classification;LeveragingBagging;Otimizado_FullFeatures;classifier;classifier;classifier;N/A;N/A;N/A;2000;100;110;12900;100,0000;0,0000;100,0000;0,0000;100,0000;0,0000;0;0;0;0
20260613_0945;Recorrência_1000;classification;LeveragingBagging;Otimizado_FullFeatures;classifier;classifier;classifier;N/A;N/A;N/A;2000;100;111;13000;100,0000;0,0000;100,0000;0,0000;100,0000;0,0000;0;0;0;0
20260613_0945;Recorrência_1000;classification;LeveragingBagging;Otimizado_FullFeatures;classifier;classifier;classifier;N/A;N/A;N/A;2000;100;112;13100;100,0000;0,0000;100,0000;0,0000;100,0000;0,0000;0;0;0;0
20260613_0945;Recorrência_1000;classification;LeveragingBagging;Otimizado_FullFeatures;classifier;classifier;classifier;N/A;N/A;N/A;2000;100;113;13200;100,0000;0,0000;100,0000;0,0000;100,0000;0,0000;0;0;0;0
20260613_0945;Recorrência_1000;classification;LeveragingBagging;Otimizado_FullFeatures;classifier;classifier;classifier;N/A;N/A;N/A;2000;100;114;13300;92,5995;8,0803;87,2208;13,3383;100,0000;0,0000;2;2;0;0
20260613_0945;Recorrência_1000;classification;LeveragingBagging;Otimizado_FullFeatures;classifier;classifier;classifier;N/A;N/A;N/A;2000;100;115;13400;0,0000;0,0000;0,0000;0,0000;0,0000;0,0000;0;0;0;0
20260613_0945;Recorrência_1000;classification;LeveragingBagging;Otimizado_FullFeatures;classifier;classifier;classifier;N/A;N/A;N/A;2000;100;116;13500;0,0000;0,0000;0,0000;0,0000;0,0000;0,0000;0;0;0;0
20260613_0945;Recorrência_1000;classification;LeveragingBagging;Otimizado_FullFeatures;classifier;classifier;classifier;N/A;N/A;N/A;2000;100;117;13600;0,0000;0,0000;0,0000;0,0000;0,0000;0,0000;0;0;0;0
20260613_0945;Recorrência_1000;classification;LeveragingBagging;Otimizado_FullFeatures;classifier;classifier;classifier;N/A;N/A;N/A;2000;100;118;13700;0,0000;0,0000;0,0000;0,0000;0,0000;0,0000;0;0;0;0
20260613_0945;Recorrência_1000;classification;LeveragingBagging;Otimizado_FullFeatures;classifier;classifier;classifier;N/A;N/A;N/A;2000;100;119;13800;0,0000;0,0000;0,0000;0,0000;0,0000;0,0000;0;0;0;0
20260613_0945;Recorrência_1000;classification;LeveragingBagging;Otimizado_FullFeatures;classifier;classifier;classifier;N/A;N/A;N/A;2000;100;120;13900;0,0000;0,0000;0,0000;0,0000;0,0000;0,0000;0;0;0;0
20260613_0945;Recorrência_1000;classification;LeveragingBagging;Otimizado_FullFeatures;classifier;classifier;classifier;N/A;N/A;N/A;2000;100;121;14000;0,0000;0,0000;0,0000;0,0000;0,0000;0,0000;0;0;0;0
20260613_0945;Recorrência_1000;classification;LeveragingBagging;Otimizado_FullFeatures;classifier;classifier;classifier;N/A;N/A;N/A;2000;100;122;14100;0,0000;0,0000;0,0000;0,0000;0,0000;0,0000;0;0;0;0
20260613_0945;Recorrência_1000;classification;LeveragingBagging;Otimizado_FullFeatures;classifier;classifier;classifier;N/A;N/A;N/A;2000;100;123;14200;0,0000;0,0000;0,0000;0,0000;0,0000;0,0000;0;0;0;0
20260613_0945;Recorrência_1000;classification;LeveragingBagging;Otimizado_FullFeatures;classifier;classifier;classifier;N/A;N/A;N/A;2000;100;124;14300;0,0000;0,0000;0,0000;0,0000;0,0000;0,0000;1;1;0;0
20260613_0945;Recorrência_1000;classification;LeveragingBagging;Otimizado_FullFeatures;classifier;classifier;classifier;N/A;N/A;N/A;2000;100;125;14400;0,0000;0,0000;0,0000;0,0000;0,0000;0,0000;0;0;0;0
20260613_0945;Recorrência_1000;classification;LeveragingBagging;Otimizado_FullFeatures;classifier;classifier;classifier;N/A;N/A;N/A;2000;100;126;14500;0,0000;0,0000;0,0000;0,0000;0,0000;0,0000;0;0;0;0
20260613_0945;Recorrência_1000;classification;LeveragingBagging;Otimizado_FullFeatures;classifier;classifier;classifier;N/A;N/A;N/A;2000;100;127;14600;0,0000;0,0000;0,0000;0,0000;0,0000;0,0000;0;0;0;0
20260613_0945;Recorrência_1000;classification;LeveragingBagging;Otimizado_FullFeatures;classifier;classifier;classifier;N/A;N/A;N/A;2000;100;128;14700;0,0000;0,0000;0,0000;0,0000;0,0000;0,0000;0;0;0;0
20260613_0945;Recorrência_1000;classification;LeveragingBagging;Otimizado_FullFeatures;classifier;classifier;classifier;N/A;N/A;N/A;2000;100;129;14800;0,0000;0,0000;0,0000;0,0000;0,0000;0,0000;0;0;0;0
20260613_0945;Recorrência_1000;classification;LeveragingBagging;Otimizado_FullFeatures;classifier;classifier;classifier;N/A;N/A;N/A;2000;100;130;14900;0,0000;0,0000;0,0000;0,0000;0,0000;0,0000;0;0;0;0
20260613_0945;Recorrência_1000;classification;LeveragingBagging;Otimizado_FullFeatures;classifier;classifier;classifier;N/A;N/A;N/A;2000;100;131;15000;0,0000;0,0000;0,0000;0,0000;0,0000;0,0000;0;0;0;0
20260613_0945;Recorrência_1000;classification;LeveragingBagging;Otimizado_FullFeatures;classifier;classifier;classifier;N/A;N/A;N/A;2000;100;132;15100;0,0000;0,0000;0,0000;0,0000;0,0000;0,0000;0;0;0;0
20260613_0945;Recorrência_1000;classification;LeveragingBagging;Otimizado_FullFeatures;classifier;classifier;classifier;N/A;N/A;N/A;2000;100;133;15200;0,0000;0,0000;0,0000;0,0000;0,0000;0,0000;0;0;0;0
20260613_0945;Recorrência_1000;classification;LeveragingBagging;Otimizado_FullFeatures;classifier;classifier;classifier;N/A;N/A;N/A;2000;100;134;15300;0,0000;0,0000;0,0000;0,0000;0,0000;0,0000;0;0;0;0
20260613_0945;Recorrência_1000;classification;LeveragingBagging;Otimizado_FullFeatures;classifier;classifier;classifier;N/A;N/A;N/A;2000;100;135;15400;100,0000;0,0000;100,0000;0,0000;100,0000;0,0000;0;0;0;0
20260613_0945;Recorrência_1000;classification;LeveragingBagging;Otimizado_FullFeatures;classifier;classifier;classifier;N/A;N/A;N/A;2000;100;136;15500;99,7990;0,2462;100,0000;0,0000;99,6000;0,4899;0;0;1;1
20260613_0945;Recorrência_1000;classification;LeveragingBagging;Otimizado_FullFeatures;classifier;classifier;classifier;N/A;N/A;N/A;2000;100;137;15600;100,0000;0,0000;100,0000;0,0000;100,0000;0,0000;0;0;0;0
20260613_0945;Recorrência_1000;classification;LeveragingBagging;Otimizado_FullFeatures;classifier;classifier;classifier;N/A;N/A;N/A;2000;100;138;15700;100,0000;0,0000;100,0000;0,0000;100,0000;0,0000;0;0;0;0
20260613_0945;Recorrência_1000;classification;LeveragingBagging;Otimizado_FullFeatures;classifier;classifier;classifier;N/A;N/A;N/A;2000;100;139;15800;100,0000;0,0000;100,0000;0,0000;100,0000;0,0000;0;0;0;0
20260613_0945;Recorrência_1000;classification;LeveragingBagging;Otimizado_FullFeatures;classifier;classifier;classifier;N/A;N/A;N/A;2000;100;140;15900;100,0000;0,0000;100,0000;0,0000;100,0000;0,0000;0;0;0;0
20260613_0945;Recorrência_1000;classification;LeveragingBagging;Otimizado_FullFeatures;classifier;classifier;classifier;N/A;N/A;N/A;2000;100;141;16000;0,0000;0,0000;0,0000;0,0000;0,0000;0,0000;0;0;0;0
20260613_0945;Recorrência_1000;classification;LeveragingBagging;Otimizado_FullFeatures;classifier;classifier;classifier;N/A;N/A;N/A;2000;100;142;16100;0,0000;0,0000;0,0000;0,0000;0,0000;0,0000;0;0;0;0
20260613_0945;Recorrência_1000;classification;LeveragingBagging;Otimizado_FullFeatures;classifier;classifier;classifier;N/A;N/A;N/A;2000;100;143;16200;0,0000;0,0000;0,0000;0,0000;0,0000;0,0000;0;0;0;0
20260613_0945;Recorrência_1000;classification;LeveragingBagging;Otimizado_FullFeatures;classifier;classifier;classifier;N/A;N/A;N/A;2000;100;144;16300;0,0000;0,0000;0,0000;0,0000;0,0000;0,0000;0;0;0;0
20260613_0945;Recorrência_1000;classification;LeveragingBagging;Otimizado_FullFeatures;classifier;classifier;classifier;N/A;N/A;N/A;2000;100;145;16400;0,0000;0,0000;0,0000;0,0000;0,0000;0,0000;0;0;0;0
20260613_0945;Recorrência_1000;classification;LeveragingBagging;Otimizado_FullFeatures;classifier;classifier;classifier;N/A;N/A;N/A;2000;100;146;16500;0,0000;0,0000;0,0000;0,0000;0,0000;0,0000;0;0;0;0
20260613_0945;Recorrência_1000;classification;LeveragingBagging;Otimizado_FullFeatures;classifier;classifier;classifier;N/A;N/A;N/A;2000;100;147;16600;0,0000;0,0000;0,0000;0,0000;0,0000;0,0000;0;0;0;0
20260613_0945;Recorrência_1000;classification;LeveragingBagging;Otimizado_FullFeatures;classifier;classifier;classifier;N/A;N/A;N/A;2000;100;148;16700;0,0000;0,0000;0,0000;0,0000;0,0000;0,0000;0;0;0;0
20260613_0945;Recorrência_1000;classification;LeveragingBagging;Otimizado_FullFeatures;classifier;classifier;classifier;N/A;N/A;N/A;2000;100;149;16800;0,0000;0,0000;0,0000;0,0000;0,0000;0,0000;0;0;0;0
20260613_0945;Recorrência_1000;classification;LeveragingBagging;Otimizado_FullFeatures;classifier;classifier;classifier;N/A;N/A;N/A;2000;100;150;16900;0,0000;0,0000;0,0000;0,0000;0,0000;0,0000;0;0;0;0
20260613_0945;Recorrência_1000;classification;LeveragingBagging;Otimizado_FullFeatures;classifier;classifier;classifier;N/A;N/A;N/A;2000;100;151;17000;0,0000;0,0000;0,0000;0,0000;0,0000;0,0000;0;0;0;0
20260613_0945;Recorrência_1000;classification;LeveragingBagging;Otimizado_FullFeatures;classifier;classifier;classifier;N/A;N/A;N/A;2000;100;152;17100;0,0000;0,0000;0,0000;0,0000;0,0000;0,0000;0;0;0;0
20260613_0945;Recorrência_1000;classification;LeveragingBagging;Otimizado_FullFeatures;classifier;classifier;classifier;N/A;N/A;N/A;2000;100;153;17200;0,0000;0,0000;0,0000;0,0000;0,0000;0,0000;0;0;0;0
20260613_0945;Recorrência_1000;classification;LeveragingBagging;Otimizado_FullFeatures;classifier;classifier;classifier;N/A;N/A;N/A;2000;100;154;17300;0,0000;0,0000;0,0000;0,0000;0,0000;0,0000;0;0;0;0
20260613_0945;Recorrência_1000;classification;LeveragingBagging;Otimizado_FullFeatures;classifier;classifier;classifier;N/A;N/A;N/A;2000;100;155;17400;0,0000;0,0000;0,0000;0,0000;0,0000;0,0000;1;1;0;0
20260613_0945;Recorrência_1000;classification;LeveragingBagging;Otimizado_FullFeatures;classifier;classifier;classifier;N/A;N/A;N/A;2000;100;156;17500;0,0000;0,0000;0,0000;0,0000;0,0000;0,0000;0;0;0;0
20260613_0945;Recorrência_1000;classification;LeveragingBagging;Otimizado_FullFeatures;classifier;classifier;classifier;N/A;N/A;N/A;2000;100;157;17600;0,0000;0,0000;0,0000;0,0000;0,0000;0,0000;0;0;0;0
20260613_0945;Recorrência_1000;classification;LeveragingBagging;Otimizado_FullFeatures;classifier;classifier;classifier;N/A;N/A;N/A;2000;100;158;17700;0,0000;0,0000;0,0000;0,0000;0,0000;0,0000;0;0;0;0
20260613_0945;Recorrência_1000;classification;LeveragingBagging;Otimizado_FullFeatures;classifier;classifier;classifier;N/A;N/A;N/A;2000;100;159;17800;0,0000;0,0000;0,0000;0,0000;0,0000;0,0000;0;0;0;0
20260613_0945;Recorrência_1000;classification;LeveragingBagging;Otimizado_FullFeatures;classifier;classifier;classifier;N/A;N/A;N/A;2000;100;160;17900;0,0000;0,0000;0,0000;0,0000;0,0000;0,0000;1;1;0;0
20260613_1458;Generalização_25;classification;LeveragingBagging;Otimizado_FullFeatures;classifier;classifier;classifier;N/A;N/A;N/A;2000;100;1;2000;0,0000;0,0000;0,0000;0,0000;0,0000;0,0000;0;0;0;0
20260613_1458;Generalização_25;classification;LeveragingBagging;Otimizado_FullFeatures;classifier;classifier;classifier;N/A;N/A;N/A;2000;100;2;2100;0,0000;0,0000;0,0000;0,0000;0,0000;0,0000;0;0;0;0
20260613_1458;Generalização_25;classification;LeveragingBagging;Otimizado_FullFeatures;classifier;classifier;classifier;N/A;N/A;N/A;2000;100;3;2200;0,0000;0,0000;0,0000;0,0000;0,0000;0,0000;0;0;0;0
20260613_1458;Generalização_25;classification;LeveragingBagging;Otimizado_FullFeatures;classifier;classifier;classifier;N/A;N/A;N/A;2000;100;4;2300;0,0000;0,0000;0,0000;0,0000;0,0000;0,0000;0;0;0;0
20260613_1458;Generalização_25;classification;LeveragingBagging;Otimizado_FullFeatures;classifier;classifier;classifier;N/A;N/A;N/A;2000;100;5;2400;0,0000;0,0000;0,0000;0,0000;0,0000;0,0000;0;0;0;0
20260613_1458;Generalização_25;classification;LeveragingBagging;Otimizado_FullFeatures;classifier;classifier;classifier;N/A;N/A;N/A;2000;100;6;2500;0,0000;0,0000;0,0000;0,0000;0,0000;0,0000;0;0;0;0
20260613_1458;Generalização_25;classification;LeveragingBagging;Otimizado_FullFeatures;classifier;classifier;classifier;N/A;N/A;N/A;2000;100;7;2600;0,0000;0,0000;0,0000;0,0000;0,0000;0,0000;0;0;0;0
20260613_1458;Generalização_25;classification;LeveragingBagging;Otimizado_FullFeatures;classifier;classifier;classifier;N/A;N/A;N/A;2000;100;8;2700;0,0000;0,0000;0,0000;0,0000;0,0000;0,0000;0;0;0;0
20260613_1458;Generalização_25;classification;LeveragingBagging;Otimizado_FullFeatures;classifier;classifier;classifier;N/A;N/A;N/A;2000;100;9;2800;0,0000;0,0000;0,0000;0,0000;0,0000;0,0000;0;0;0;0
20260613_1458;Generalização_25;classification;LeveragingBagging;Otimizado_FullFeatures;classifier;classifier;classifier;N/A;N/A;N/A;2000;100;10;2900;0,0000;0,0000;0,0000;0,0000;0,0000;0,0000;0;0;0;0
20260613_1458;Generalização_25;classification;LeveragingBagging;Otimizado_FullFeatures;classifier;classifier;classifier;N/A;N/A;N/A;2000;100;11;3000;0,0000;0,0000;0,0000;0,0000;0,0000;0,0000;0;0;0;0
20260613_1458;Generalização_25;classification;LeveragingBagging;Otimizado_FullFeatures;classifier;classifier;classifier;N/A;N/A;N/A;2000;100;12;3100;0,0000;0,0000;0,0000;0,0000;0,0000;0,0000;0;0;0;0
20260613_1458;Generalização_25;classification;LeveragingBagging;Otimizado_FullFeatures;classifier;classifier;classifier;N/A;N/A;N/A;2000;100;13;3200;0,0000;0,0000;0,0000;0,0000;0,0000;0,0000;0;0;0;0
20260613_1458;Generalização_25;classification;LeveragingBagging;Otimizado_FullFeatures;classifier;classifier;classifier;N/A;N/A;N/A;2000;100;14;3300;0,0000;0,0000;0,0000;0,0000;0,0000;0,0000;0;0;0;0
20260613_1458;Generalização_25;classification;LeveragingBagging;Otimizado_FullFeatures;classifier;classifier;classifier;N/A;N/A;N/A;2000;100;15;3400;0,0000;0,0000;0,0000;0,0000;0,0000;0,0000;0;0;0;0
20260613_1458;Generalização_25;classification;LeveragingBagging;Otimizado_FullFeatures;classifier;classifier;classifier;N/A;N/A;N/A;2000;100;16;3500;0,0000;0,0000;0,0000;0,0000;0,0000;0,0000;0;0;0;0
20260613_1458;Generalização_25;classification;LeveragingBagging;Otimizado_FullFeatures;classifier;classifier;classifier;N/A;N/A;N/A;2000;100;17;3600;0,0000;0,0000;0,0000;0,0000;0,0000;0,0000;0;0;0;0
20260613_1458;Generalização_25;classification;LeveragingBagging;Otimizado_FullFeatures;classifier;classifier;classifier;N/A;N/A;N/A;2000;100;18;3700;0,0000;0,0000;0,0000;0,0000;0,0000;0,0000;0;0;0;0
20260613_1458;Generalização_25;classification;LeveragingBagging;Otimizado_FullFeatures;classifier;classifier;classifier;N/A;N/A;N/A;2000;100;19;3800;90,8213;0,9662;100,0000;0,0000;83,2000;1,6000;0;0;5;1
20260613_1458;Generalização_25;classification;LeveragingBagging;Otimizado_FullFeatures;classifier;classifier;classifier;N/A;N/A;N/A;2000;100;20;3900;0,0000;0,0000;0,0000;0,0000;0,0000;0,0000;2;1;0;0
20260613_1458;Generalização_25;classification;LeveragingBagging;Otimizado_FullFeatures;classifier;classifier;classifier;N/A;N/A;N/A;2000;100;21;4000;0,0000;0,0000;0,0000;0,0000;0,0000;0,0000;1;0;0;0
20260613_1458;Generalização_25;classification;LeveragingBagging;Otimizado_FullFeatures;classifier;classifier;classifier;N/A;N/A;N/A;2000;100;22;4100;0,0000;0,0000;0,0000;0,0000;0,0000;0,0000;0;0;0;0
20260613_1458;Generalização_25;classification;LeveragingBagging;Otimizado_FullFeatures;classifier;classifier;classifier;N/A;N/A;N/A;2000;100;23;4200;0,0000;0,0000;0,0000;0,0000;0,0000;0,0000;0;0;0;0
20260613_1458;Generalização_25;classification;LeveragingBagging;Otimizado_FullFeatures;classifier;classifier;classifier;N/A;N/A;N/A;2000;100;24;4300;0,0000;0,0000;0,0000;0,0000;0,0000;0,0000;0;0;0;0
20260613_1458;Generalização_25;classification;LeveragingBagging;Otimizado_FullFeatures;classifier;classifier;classifier;N/A;N/A;N/A;2000;100;25;4400;0,0000;0,0000;0,0000;0,0000;0,0000;0,0000;0;0;0;0
20260613_1458;Generalização_25;classification;LeveragingBagging;Otimizado_FullFeatures;classifier;classifier;classifier;N/A;N/A;N/A;2000;100;26;4500;0,0000;0,0000;0,0000;0,0000;0,0000;0,0000;0;0;0;0
20260613_1458;Generalização_25;classification;LeveragingBagging;Otimizado_FullFeatures;classifier;classifier;classifier;N/A;N/A;N/A;2000;100;27;4600;0,0000;0,0000;0,0000;0,0000;0,0000;0,0000;0;0;0;0
20260613_1458;Generalização_25;classification;LeveragingBagging;Otimizado_FullFeatures;classifier;classifier;classifier;N/A;N/A;N/A;2000;100;28;4700;0,0000;0,0000;0,0000;0,0000;0,0000;0,0000;0;0;0;0
20260613_1458;Generalização_25;classification;LeveragingBagging;Otimizado_FullFeatures;classifier;classifier;classifier;N/A;N/A;N/A;2000;100;29;4800;0,0000;0,0000;0,0000;0,0000;0,0000;0,0000;0;0;0;0
20260613_1458;Generalização_25;classification;LeveragingBagging;Otimizado_FullFeatures;classifier;classifier;classifier;N/A;N/A;N/A;2000;100;30;4900;0,0000;0,0000;0,0000;0,0000;0,0000;0,0000;0;0;0;0
20260613_1458;Generalização_25;classification;LeveragingBagging;Otimizado_FullFeatures;classifier;classifier;classifier;N/A;N/A;N/A;2000;100;31;5000;0,0000;0,0000;0,0000;0,0000;0,0000;0,0000;0;0;0;0
20260613_1458;Generalização_25;classification;LeveragingBagging;Otimizado_FullFeatures;classifier;classifier;classifier;N/A;N/A;N/A;2000;100;32;5100;0,0000;0,0000;0,0000;0,0000;0,0000;0,0000;0;0;0;0
20260613_1458;Generalização_25;classification;LeveragingBagging;Otimizado_FullFeatures;classifier;classifier;classifier;N/A;N/A;N/A;2000;100;33;5200;0,0000;0,0000;0,0000;0,0000;0,0000;0,0000;0;0;0;0
20260613_1458;Generalização_25;classification;LeveragingBagging;Otimizado_FullFeatures;classifier;classifier;classifier;N/A;N/A;N/A;2000;100;34;5300;0,0000;0,0000;0,0000;0,0000;0,0000;0,0000;0;0;0;0
20260613_1458;Generalização_25;classification;LeveragingBagging;Otimizado_FullFeatures;classifier;classifier;classifier;N/A;N/A;N/A;2000;100;35;5400;0,0000;0,0000;0,0000;0,0000;0,0000;0,0000;0;0;0;0
20260613_1458;Generalização_25;classification;LeveragingBagging;Otimizado_FullFeatures;classifier;classifier;classifier;N/A;N/A;N/A;2000;100;36;5500;0,0000;0,0000;0,0000;0,0000;0,0000;0,0000;0;0;0;0
20260613_1458;Generalização_25;classification;LeveragingBagging;Otimizado_FullFeatures;classifier;classifier;classifier;N/A;N/A;N/A;2000;100;37;5600;0,0000;0,0000;0,0000;0,0000;0,0000;0,0000;0;0;0;0
20260613_1458;Generalização_25;classification;LeveragingBagging;Otimizado_FullFeatures;classifier;classifier;classifier;N/A;N/A;N/A;2000;100;38;5700;0,0000;0,0000;0,0000;0,0000;0,0000;0,0000;0;0;0;0
20260613_1458;Generalização_25;classification;LeveragingBagging;Otimizado_FullFeatures;classifier;classifier;classifier;N/A;N/A;N/A;2000;100;39;5800;0,0000;0,0000;0,0000;0,0000;0,0000;0,0000;0;0;0;0
20260613_1458;Generalização_25;classification;LeveragingBagging;Otimizado_FullFeatures;classifier;classifier;classifier;N/A;N/A;N/A;2000;100;40;5900;0,0000;0,0000;0,0000;0,0000;0,0000;0,0000;0;0;0;0
20260613_1458;Generalização_25;classification;LeveragingBagging;Otimizado_FullFeatures;classifier;classifier;classifier;N/A;N/A;N/A;2000;100;41;6000;0,0000;0,0000;0,0000;0,0000;0,0000;0,0000;0;0;0;0
20260613_1458;Generalização_25;classification;LeveragingBagging;Otimizado_FullFeatures;classifier;classifier;classifier;N/A;N/A;N/A;2000;100;42;6100;0,0000;0,0000;0,0000;0,0000;0,0000;0,0000;0;0;0;0
20260613_1458;Generalização_25;classification;LeveragingBagging;Otimizado_FullFeatures;classifier;classifier;classifier;N/A;N/A;N/A;2000;100;43;6200;0,0000;0,0000;0,0000;0,0000;0,0000;0,0000;0;0;0;0
20260613_1458;Generalização_25;classification;LeveragingBagging;Otimizado_FullFeatures;classifier;classifier;classifier;N/A;N/A;N/A;2000;100;44;6300;0,0000;0,0000;0,0000;0,0000;0,0000;0,0000;0;0;0;0
20260613_1458;Generalização_25;classification;LeveragingBagging;Otimizado_FullFeatures;classifier;classifier;classifier;N/A;N/A;N/A;2000;100;45;6400;0,0000;0,0000;0,0000;0,0000;0,0000;0,0000;0;0;0;0
20260613_1458;Generalização_25;classification;LeveragingBagging;Otimizado_FullFeatures;classifier;classifier;classifier;N/A;N/A;N/A;2000;100;46;6500;0,0000;0,0000;0,0000;0,0000;0,0000;0,0000;0;0;0;0
20260613_1458;Generalização_25;classification;LeveragingBagging;Otimizado_FullFeatures;classifier;classifier;classifier;N/A;N/A;N/A;2000;100;47;6600;0,0000;0,0000;0,0000;0,0000;0,0000;0,0000;0;0;0;0
20260613_1458;Generalização_25;classification;LeveragingBagging;Otimizado_FullFeatures;classifier;classifier;classifier;N/A;N/A;N/A;2000;100;48;6700;0,0000;0,0000;0,0000;0,0000;0,0000;0,0000;0;0;0;0
20260613_1458;Generalização_25;classification;LeveragingBagging;Otimizado_FullFeatures;classifier;classifier;classifier;N/A;N/A;N/A;2000;100;49;6800;0,0000;0,0000;0,0000;0,0000;0,0000;0,0000;0;0;0;0
20260613_1458;Generalização_25;classification;LeveragingBagging;Otimizado_FullFeatures;classifier;classifier;classifier;N/A;N/A;N/A;2000;100;50;6900;0,0000;0,0000;0,0000;0,0000;0,0000;0,0000;0;0;0;0
20260613_1458;Generalização_25;classification;LeveragingBagging;Otimizado_FullFeatures;classifier;classifier;classifier;N/A;N/A;N/A;2000;100;51;7000;0,0000;0,0000;0,0000;0,0000;0,0000;0,0000;0;0;0;0
20260613_1458;Generalização_25;classification;LeveragingBagging;Otimizado_FullFeatures;classifier;classifier;classifier;N/A;N/A;N/A;2000;100;52;7100;0,0000;0,0000;0,0000;0,0000;0,0000;0,0000;0;0;0;0
20260613_1458;Generalização_25;classification;LeveragingBagging;Otimizado_FullFeatures;classifier;classifier;classifier;N/A;N/A;N/A;2000;100;53;7200;0,0000;0,0000;0,0000;0,0000;0,0000;0,0000;0;0;0;0
20260613_1458;Generalização_25;classification;LeveragingBagging;Otimizado_FullFeatures;classifier;classifier;classifier;N/A;N/A;N/A;2000;100;54;7300;0,0000;0,0000;0,0000;0,0000;0,0000;0,0000;0;0;0;0
20260613_1458;Generalização_25;classification;LeveragingBagging;Otimizado_FullFeatures;classifier;classifier;classifier;N/A;N/A;N/A;2000;100;55;7400;0,0000;0,0000;0,0000;0,0000;0,0000;0,0000;0;0;0;0
20260613_1458;Generalização_25;classification;LeveragingBagging;Otimizado_FullFeatures;classifier;classifier;classifier;N/A;N/A;N/A;2000;100;56;7500;0,0000;0,0000;0,0000;0,0000;0,0000;0,0000;0;0;0;0
20260613_1458;Generalização_25;classification;LeveragingBagging;Otimizado_FullFeatures;classifier;classifier;classifier;N/A;N/A;N/A;2000;100;57;7600;96,6667;1,6667;100,0000;0,0000;93,6000;3,2000;0;0;2;1
20260613_1458;Generalização_25;classification;LeveragingBagging;Otimizado_FullFeatures;classifier;classifier;classifier;N/A;N/A;N/A;2000;100;58;7700;0,0000;0,0000;0,0000;0,0000;0,0000;0,0000;0;0;0;0
20260613_1458;Generalização_25;classification;LeveragingBagging;Otimizado_FullFeatures;classifier;classifier;classifier;N/A;N/A;N/A;2000;100;59;7800;0,0000;0,0000;0,0000;0,0000;0,0000;0,0000;0;0;0;0
20260613_1458;Generalização_25;classification;LeveragingBagging;Otimizado_FullFeatures;classifier;classifier;classifier;N/A;N/A;N/A;2000;100;60;7900;0,0000;0,0000;0,0000;0,0000;0,0000;0,0000;0;0;0;0
20260613_1458;Generalização_25;classification;LeveragingBagging;Otimizado_FullFeatures;classifier;classifier;classifier;N/A;N/A;N/A;2000;100;61;8000;0,0000;0,0000;0,0000;0,0000;0,0000;0,0000;0;0;0;0
20260613_1458;Generalização_25;classification;LeveragingBagging;Otimizado_FullFeatures;classifier;classifier;classifier;N/A;N/A;N/A;2000;100;62;8100;0,0000;0,0000;0,0000;0,0000;0,0000;0,0000;0;0;0;0
20260613_1458;Generalização_25;classification;LeveragingBagging;Otimizado_FullFeatures;classifier;classifier;classifier;N/A;N/A;N/A;2000;100;63;8200;0,0000;0,0000;0,0000;0,0000;0,0000;0,0000;0;0;0;0
20260613_1458;Generalização_25;classification;LeveragingBagging;Otimizado_FullFeatures;classifier;classifier;classifier;N/A;N/A;N/A;2000;100;64;8300;0,0000;0,0000;0,0000;0,0000;0,0000;0,0000;0;0;0;0
20260613_1458;Generalização_25;classification;LeveragingBagging;Otimizado_FullFeatures;classifier;classifier;classifier;N/A;N/A;N/A;2000;100;65;8400;0,0000;0,0000;0,0000;0,0000;0,0000;0,0000;0;0;0;0
20260613_1458;Generalização_25;classification;LeveragingBagging;Otimizado_FullFeatures;classifier;classifier;classifier;N/A;N/A;N/A;2000;100;66;8500;0,0000;0,0000;0,0000;0,0000;0,0000;0,0000;0;0;0;0
20260613_1458;Generalização_25;classification;LeveragingBagging;Otimizado_FullFeatures;classifier;classifier;classifier;N/A;N/A;N/A;2000;100;67;8600;0,0000;0,0000;0,0000;0,0000;0,0000;0,0000;0;0;0;0
20260613_1458;Generalização_25;classification;LeveragingBagging;Otimizado_FullFeatures;classifier;classifier;classifier;N/A;N/A;N/A;2000;100;68;8700;0,0000;0,0000;0,0000;0,0000;0,0000;0,0000;0;0;0;0
20260613_1458;Generalização_25;classification;LeveragingBagging;Otimizado_FullFeatures;classifier;classifier;classifier;N/A;N/A;N/A;2000;100;69;8800;0,0000;0,0000;0,0000;0,0000;0,0000;0,0000;0;0;0;0
20260613_1458;Generalização_25;classification;LeveragingBagging;Otimizado_FullFeatures;classifier;classifier;classifier;N/A;N/A;N/A;2000;100;70;8900;0,0000;0,0000;0,0000;0,0000;0,0000;0,0000;0;0;0;0
20260613_1458;Generalização_25;classification;LeveragingBagging;Otimizado_FullFeatures;classifier;classifier;classifier;N/A;N/A;N/A;2000;100;71;9000;0,0000;0,0000;0,0000;0,0000;0,0000;0,0000;0;0;0;0
20260613_1458;Generalização_25;classification;LeveragingBagging;Otimizado_FullFeatures;classifier;classifier;classifier;N/A;N/A;N/A;2000;100;72;9100;0,0000;0,0000;0,0000;0,0000;0,0000;0,0000;0;0;0;0
20260613_1458;Generalização_25;classification;LeveragingBagging;Otimizado_FullFeatures;classifier;classifier;classifier;N/A;N/A;N/A;2000;100;73;9200;0,0000;0,0000;0,0000;0,0000;0,0000;0,0000;0;0;0;0
20260613_1458;Generalização_25;classification;LeveragingBagging;Otimizado_FullFeatures;classifier;classifier;classifier;N/A;N/A;N/A;2000;100;74;9300;0,0000;0,0000;0,0000;0,0000;0,0000;0,0000;0;0;0;0
20260613_1458;Generalização_25;classification;LeveragingBagging;Otimizado_FullFeatures;classifier;classifier;classifier;N/A;N/A;N/A;2000;100;75;9400;0,0000;0,0000;0,0000;0,0000;0,0000;0,0000;0;0;0;0
20260613_1458;Generalização_25;classification;LeveragingBagging;Otimizado_FullFeatures;classifier;classifier;classifier;N/A;N/A;N/A;2000;100;76;9500;0,0000;0,0000;0,0000;0,0000;0,0000;0,0000;0;0;0;0
20260613_1458;Generalização_25;classification;LeveragingBagging;Otimizado_FullFeatures;classifier;classifier;classifier;N/A;N/A;N/A;2000;100;77;9600;0,0000;0,0000;0,0000;0,0000;0,0000;0,0000;0;0;0;0
20260613_1458;Generalização_25;classification;LeveragingBagging;Otimizado_FullFeatures;classifier;classifier;classifier;N/A;N/A;N/A;2000;100;78;9700;0,0000;0,0000;0,0000;0,0000;0,0000;0,0000;0;0;0;0
20260613_1458;Generalização_25;classification;LeveragingBagging;Otimizado_FullFeatures;classifier;classifier;classifier;N/A;N/A;N/A;2000;100;79;9800;0,0000;0,0000;0,0000;0,0000;0,0000;0,0000;0;0;0;0
20260613_1458;Generalização_25;classification;LeveragingBagging;Otimizado_FullFeatures;classifier;classifier;classifier;N/A;N/A;N/A;2000;100;80;9900;0,0000;0,0000;0,0000;0,0000;0,0000;0,0000;0;0;0;0
20260613_1458;Generalização_25;classification;LeveragingBagging;Otimizado_FullFeatures;classifier;classifier;classifier;N/A;N/A;N/A;2000;100;81;10000;0,0000;0,0000;0,0000;0,0000;0,0000;0,0000;0;0;0;0
20260613_1458;Generalização_25;classification;LeveragingBagging;Otimizado_FullFeatures;classifier;classifier;classifier;N/A;N/A;N/A;2000;100;82;10100;0,0000;0,0000;0,0000;0,0000;0,0000;0,0000;0;0;0;0
20260613_1458;Generalização_25;classification;LeveragingBagging;Otimizado_FullFeatures;classifier;classifier;classifier;N/A;N/A;N/A;2000;100;83;10200;0,0000;0,0000;0,0000;0,0000;0,0000;0,0000;0;0;0;0
20260613_1458;Generalização_25;classification;LeveragingBagging;Otimizado_FullFeatures;classifier;classifier;classifier;N/A;N/A;N/A;2000;100;84;10300;0,0000;0,0000;0,0000;0,0000;0,0000;0,0000;0;0;0;0
20260613_1458;Generalização_25;classification;LeveragingBagging;Otimizado_FullFeatures;classifier;classifier;classifier;N/A;N/A;N/A;2000;100;85;10400;0,0000;0,0000;0,0000;0,0000;0,0000;0,0000;0;0;0;0
20260613_1458;Generalização_25;classification;LeveragingBagging;Otimizado_FullFeatures;classifier;classifier;classifier;N/A;N/A;N/A;2000;100;86;10500;0,0000;0,0000;0,0000;0,0000;0,0000;0,0000;0;0;0;0
20260613_1458;Generalização_25;classification;LeveragingBagging;Otimizado_FullFeatures;classifier;classifier;classifier;N/A;N/A;N/A;2000;100;87;10600;0,0000;0,0000;0,0000;0,0000;0,0000;0,0000;0;0;0;0
20260613_1458;Generalização_25;classification;LeveragingBagging;Otimizado_FullFeatures;classifier;classifier;classifier;N/A;N/A;N/A;2000;100;88;10700;0,0000;0,0000;0,0000;0,0000;0,0000;0,0000;0;0;0;0
20260613_1458;Generalização_25;classification;LeveragingBagging;Otimizado_FullFeatures;classifier;classifier;classifier;N/A;N/A;N/A;2000;100;89;10800;0,0000;0,0000;0,0000;0,0000;0,0000;0,0000;0;0;0;0
20260613_1458;Generalização_25;classification;LeveragingBagging;Otimizado_FullFeatures;classifier;classifier;classifier;N/A;N/A;N/A;2000;100;90;10900;0,0000;0,0000;0,0000;0,0000;0,0000;0,0000;0;0;0;0
20260613_1458;Generalização_25;classification;LeveragingBagging;Otimizado_FullFeatures;classifier;classifier;classifier;N/A;N/A;N/A;2000;100;91;11000;0,0000;0,0000;0,0000;0,0000;0,0000;0,0000;0;0;0;0
20260613_1458;Generalização_25;classification;LeveragingBagging;Otimizado_FullFeatures;classifier;classifier;classifier;N/A;N/A;N/A;2000;100;92;11100;0,0000;0,0000;0,0000;0,0000;0,0000;0,0000;0;0;0;0
20260613_1458;Generalização_25;classification;LeveragingBagging;Otimizado_FullFeatures;classifier;classifier;classifier;N/A;N/A;N/A;2000;100;93;11200;0,0000;0,0000;0,0000;0,0000;0,0000;0,0000;0;0;0;0
20260613_1458;Generalização_25;classification;LeveragingBagging;Otimizado_FullFeatures;classifier;classifier;classifier;N/A;N/A;N/A;2000;100;94;11300;100,0000;0,0000;100,0000;0,0000;100,0000;0,0000;0;0;0;0
20260613_1458;Generalização_25;classification;LeveragingBagging;Otimizado_FullFeatures;classifier;classifier;classifier;N/A;N/A;N/A;2000;100;95;11400;97,6744;0,0000;100,0000;0,0000;95,4545;0,0000;0;0;1;0
20260613_1458;Generalização_25;classification;LeveragingBagging;Otimizado_FullFeatures;classifier;classifier;classifier;N/A;N/A;N/A;2000;100;96;11500;0,0000;0,0000;0,0000;0,0000;0,0000;0,0000;0;0;0;0
20260613_1458;Generalização_25;classification;LeveragingBagging;Otimizado_FullFeatures;classifier;classifier;classifier;N/A;N/A;N/A;2000;100;97;11600;0,0000;0,0000;0,0000;0,0000;0,0000;0,0000;0;0;0;0
20260613_1458;Generalização_25;classification;LeveragingBagging;Otimizado_FullFeatures;classifier;classifier;classifier;N/A;N/A;N/A;2000;100;98;11700;0,0000;0,0000;0,0000;0,0000;0,0000;0,0000;0;0;0;0
20260613_1458;Generalização_25;classification;LeveragingBagging;Otimizado_FullFeatures;classifier;classifier;classifier;N/A;N/A;N/A;2000;100;99;11800;0,0000;0,0000;0,0000;0,0000;0,0000;0,0000;0;0;0;0
20260613_1458;Generalização_25;classification;LeveragingBagging;Otimizado_FullFeatures;classifier;classifier;classifier;N/A;N/A;N/A;2000;100;100;11900;0,0000;0,0000;0,0000;0,0000;0,0000;0,0000;0;0;0;0
20260613_1458;Generalização_25;classification;LeveragingBagging;Otimizado_FullFeatures;classifier;classifier;classifier;N/A;N/A;N/A;2000;100;101;12000;0,0000;0,0000;0,0000;0,0000;0,0000;0,0000;0;0;0;0
20260613_1458;Generalização_25;classification;LeveragingBagging;Otimizado_FullFeatures;classifier;classifier;classifier;N/A;N/A;N/A;2000;100;102;12100;0,0000;0,0000;0,0000;0,0000;0,0000;0,0000;0;0;0;0
20260613_1458;Generalização_25;classification;LeveragingBagging;Otimizado_FullFeatures;classifier;classifier;classifier;N/A;N/A;N/A;2000;100;103;12200;0,0000;0,0000;0,0000;0,0000;0,0000;0,0000;0;0;0;0
20260613_1458;Generalização_25;classification;LeveragingBagging;Otimizado_FullFeatures;classifier;classifier;classifier;N/A;N/A;N/A;2000;100;104;12300;0,0000;0,0000;0,0000;0,0000;0,0000;0,0000;0;0;0;0
20260613_1458;Generalização_25;classification;LeveragingBagging;Otimizado_FullFeatures;classifier;classifier;classifier;N/A;N/A;N/A;2000;100;105;12400;0,0000;0,0000;0,0000;0,0000;0,0000;0,0000;0;0;0;0
20260613_1458;Generalização_25;classification;LeveragingBagging;Otimizado_FullFeatures;classifier;classifier;classifier;N/A;N/A;N/A;2000;100;106;12500;0,0000;0,0000;0,0000;0,0000;0,0000;0,0000;0;0;0;0
20260613_1458;Generalização_25;classification;LeveragingBagging;Otimizado_FullFeatures;classifier;classifier;classifier;N/A;N/A;N/A;2000;100;107;12600;0,0000;0,0000;0,0000;0,0000;0,0000;0,0000;0;0;0;0
20260613_1458;Generalização_25;classification;LeveragingBagging;Otimizado_FullFeatures;classifier;classifier;classifier;N/A;N/A;N/A;2000;100;108;12700;0,0000;0,0000;0,0000;0,0000;0,0000;0,0000;0;0;0;0
20260613_1458;Generalização_25;classification;LeveragingBagging;Otimizado_FullFeatures;classifier;classifier;classifier;N/A;N/A;N/A;2000;100;109;12800;0,0000;0,0000;0,0000;0,0000;0,0000;0,0000;0;0;0;0
20260613_1458;Generalização_25;classification;LeveragingBagging;Otimizado_FullFeatures;classifier;classifier;classifier;N/A;N/A;N/A;2000;100;110;12900;0,0000;0,0000;0,0000;0,0000;0,0000;0,0000;0;0;0;0
20260613_1458;Generalização_25;classification;LeveragingBagging;Otimizado_FullFeatures;classifier;classifier;classifier;N/A;N/A;N/A;2000;100;111;13000;0,0000;0,0000;0,0000;0,0000;0,0000;0,0000;0;0;0;0
20260613_1458;Generalização_25;classification;LeveragingBagging;Otimizado_FullFeatures;classifier;classifier;classifier;N/A;N/A;N/A;2000;100;112;13100;0,0000;0,0000;0,0000;0,0000;0,0000;0,0000;0;0;0;0
20260613_1458;Generalização_25;classification;LeveragingBagging;Otimizado_FullFeatures;classifier;classifier;classifier;N/A;N/A;N/A;2000;100;113;13200;0,0000;0,0000;0,0000;0,0000;0,0000;0,0000;0;0;0;0
20260613_1458;Generalização_25;classification;LeveragingBagging;Otimizado_FullFeatures;classifier;classifier;classifier;N/A;N/A;N/A;2000;100;114;13300;0,0000;0,0000;0,0000;0,0000;0,0000;0,0000;0;0;0;0
20260613_1458;Generalização_25;classification;LeveragingBagging;Otimizado_FullFeatures;classifier;classifier;classifier;N/A;N/A;N/A;2000;100;115;13400;0,0000;0,0000;0,0000;0,0000;0,0000;0,0000;0;0;0;0
20260613_1458;Generalização_25;classification;LeveragingBagging;Otimizado_FullFeatures;classifier;classifier;classifier;N/A;N/A;N/A;2000;100;116;13500;0,0000;0,0000;0,0000;0,0000;0,0000;0,0000;0;0;0;0
20260613_1458;Generalização_25;classification;LeveragingBagging;Otimizado_FullFeatures;classifier;classifier;classifier;N/A;N/A;N/A;2000;100;117;13600;0,0000;0,0000;0,0000;0,0000;0,0000;0,0000;0;0;0;0
20260613_1458;Generalização_25;classification;LeveragingBagging;Otimizado_FullFeatures;classifier;classifier;classifier;N/A;N/A;N/A;2000;100;118;13700;0,0000;0,0000;0,0000;0,0000;0,0000;0,0000;0;0;0;0
20260613_1458;Generalização_25;classification;LeveragingBagging;Otimizado_FullFeatures;classifier;classifier;classifier;N/A;N/A;N/A;2000;100;119;13800;0,0000;0,0000;0,0000;0,0000;0,0000;0,0000;0;0;0;0
20260613_1458;Generalização_25;classification;LeveragingBagging;Otimizado_FullFeatures;classifier;classifier;classifier;N/A;N/A;N/A;2000;100;120;13900;0,0000;0,0000;0,0000;0,0000;0,0000;0,0000;0;0;0;0
20260613_1458;Generalização_25;classification;LeveragingBagging;Otimizado_FullFeatures;classifier;classifier;classifier;N/A;N/A;N/A;2000;100;121;14000;0,0000;0,0000;0,0000;0,0000;0,0000;0,0000;0;0;0;0
20260613_1458;Generalização_25;classification;LeveragingBagging;Otimizado_FullFeatures;classifier;classifier;classifier;N/A;N/A;N/A;2000;100;122;14100;0,0000;0,0000;0,0000;0,0000;0,0000;0,0000;0;0;0;0
20260613_1458;Generalização_25;classification;LeveragingBagging;Otimizado_FullFeatures;classifier;classifier;classifier;N/A;N/A;N/A;2000;100;123;14200;0,0000;0,0000;0,0000;0,0000;0,0000;0,0000;0;0;0;0
20260613_1458;Generalização_25;classification;LeveragingBagging;Otimizado_FullFeatures;classifier;classifier;classifier;N/A;N/A;N/A;2000;100;124;14300;0,0000;0,0000;0,0000;0,0000;0,0000;0,0000;0;0;0;0
20260613_1458;Generalização_25;classification;LeveragingBagging;Otimizado_FullFeatures;classifier;classifier;classifier;N/A;N/A;N/A;2000;100;125;14400;0,0000;0,0000;0,0000;0,0000;0,0000;0,0000;0;0;0;0
20260613_1458;Generalização_25;classification;LeveragingBagging;Otimizado_FullFeatures;classifier;classifier;classifier;N/A;N/A;N/A;2000;100;126;14500;0,0000;0,0000;0,0000;0,0000;0,0000;0,0000;0;0;0;0
20260613_1458;Generalização_25;classification;LeveragingBagging;Otimizado_FullFeatures;classifier;classifier;classifier;N/A;N/A;N/A;2000;100;127;14600;0,0000;0,0000;0,0000;0,0000;0,0000;0,0000;0;0;0;0
20260613_1458;Generalização_25;classification;LeveragingBagging;Otimizado_FullFeatures;classifier;classifier;classifier;N/A;N/A;N/A;2000;100;128;14700;0,0000;0,0000;0,0000;0,0000;0,0000;0,0000;0;0;0;0
20260613_1458;Generalização_25;classification;LeveragingBagging;Otimizado_FullFeatures;classifier;classifier;classifier;N/A;N/A;N/A;2000;100;129;14800;0,0000;0,0000;0,0000;0,0000;0,0000;0,0000;0;0;0;0
20260613_1458;Generalização_25;classification;LeveragingBagging;Otimizado_FullFeatures;classifier;classifier;classifier;N/A;N/A;N/A;2000;100;130;14900;0,0000;0,0000;0,0000;0,0000;0,0000;0,0000;0;0;0;0
20260613_1458;Generalização_25;classification;LeveragingBagging;Otimizado_FullFeatures;classifier;classifier;classifier;N/A;N/A;N/A;2000;100;131;15000;0,0000;0,0000;0,0000;0,0000;0,0000;0,0000;0;0;0;0
20260613_1458;Generalização_200;classification;LeveragingBagging;Otimizado_FullFeatures;classifier;classifier;classifier;N/A;N/A;N/A;2000;100;1;2000;0,0000;0,0000;0,0000;0,0000;0,0000;0,0000;0;0;0;0
20260613_1458;Generalização_200;classification;LeveragingBagging;Otimizado_FullFeatures;classifier;classifier;classifier;N/A;N/A;N/A;2000;100;2;2100;0,0000;0,0000;0,0000;0,0000;0,0000;0,0000;0;0;0;0
20260613_1458;Generalização_200;classification;LeveragingBagging;Otimizado_FullFeatures;classifier;classifier;classifier;N/A;N/A;N/A;2000;100;3;2200;0,0000;0,0000;0,0000;0,0000;0,0000;0,0000;0;0;0;0
20260613_1458;Generalização_200;classification;LeveragingBagging;Otimizado_FullFeatures;classifier;classifier;classifier;N/A;N/A;N/A;2000;100;4;2300;0,0000;0,0000;0,0000;0,0000;0,0000;0,0000;0;0;0;0
20260613_1458;Generalização_200;classification;LeveragingBagging;Otimizado_FullFeatures;classifier;classifier;classifier;N/A;N/A;N/A;2000;100;5;2400;0,0000;0,0000;0,0000;0,0000;0,0000;0,0000;0;0;0;0
20260613_1458;Generalização_200;classification;LeveragingBagging;Otimizado_FullFeatures;classifier;classifier;classifier;N/A;N/A;N/A;2000;100;6;2500;0,0000;0,0000;0,0000;0,0000;0,0000;0,0000;0;0;0;0
20260613_1458;Generalização_200;classification;LeveragingBagging;Otimizado_FullFeatures;classifier;classifier;classifier;N/A;N/A;N/A;2000;100;7;2600;0,0000;0,0000;0,0000;0,0000;0,0000;0,0000;0;0;0;0
20260613_1458;Generalização_200;classification;LeveragingBagging;Otimizado_FullFeatures;classifier;classifier;classifier;N/A;N/A;N/A;2000;100;8;2700;0,0000;0,0000;0,0000;0,0000;0,0000;0,0000;0;0;0;0
20260613_1458;Generalização_200;classification;LeveragingBagging;Otimizado_FullFeatures;classifier;classifier;classifier;N/A;N/A;N/A;2000;100;9;2800;0,0000;0,0000;0,0000;0,0000;0,0000;0,0000;0;0;0;0
20260613_1458;Generalização_200;classification;LeveragingBagging;Otimizado_FullFeatures;classifier;classifier;classifier;N/A;N/A;N/A;2000;100;10;2900;0,0000;0,0000;0,0000;0,0000;0,0000;0,0000;0;0;0;0
20260613_1458;Generalização_200;classification;LeveragingBagging;Otimizado_FullFeatures;classifier;classifier;classifier;N/A;N/A;N/A;2000;100;11;3000;0,0000;0,0000;0,0000;0,0000;0,0000;0,0000;0;0;0;0
20260613_1458;Generalização_200;classification;LeveragingBagging;Otimizado_FullFeatures;classifier;classifier;classifier;N/A;N/A;N/A;2000;100;12;3100;0,0000;0,0000;0,0000;0,0000;0,0000;0,0000;0;0;0;0
20260613_1458;Generalização_200;classification;LeveragingBagging;Otimizado_FullFeatures;classifier;classifier;classifier;N/A;N/A;N/A;2000;100;13;3200;0,0000;0,0000;0,0000;0,0000;0,0000;0,0000;0;0;0;0
20260613_1458;Generalização_200;classification;LeveragingBagging;Otimizado_FullFeatures;classifier;classifier;classifier;N/A;N/A;N/A;2000;100;14;3300;0,0000;0,0000;0,0000;0,0000;0,0000;0,0000;0;0;0;0
20260613_1458;Generalização_200;classification;LeveragingBagging;Otimizado_FullFeatures;classifier;classifier;classifier;N/A;N/A;N/A;2000;100;15;3400;0,0000;0,0000;0,0000;0,0000;0,0000;0,0000;0;0;0;0
20260613_1458;Generalização_200;classification;LeveragingBagging;Otimizado_FullFeatures;classifier;classifier;classifier;N/A;N/A;N/A;2000;100;16;3500;0,0000;0,0000;0,0000;0,0000;0,0000;0,0000;0;0;0;0
20260613_1458;Generalização_200;classification;LeveragingBagging;Otimizado_FullFeatures;classifier;classifier;classifier;N/A;N/A;N/A;2000;100;17;3600;0,0000;0,0000;0,0000;0,0000;0,0000;0,0000;0;0;0;0
20260613_1458;Generalização_200;classification;LeveragingBagging;Otimizado_FullFeatures;classifier;classifier;classifier;N/A;N/A;N/A;2000;100;18;3700;0,0000;0,0000;0,0000;0,0000;0,0000;0,0000;0;0;0;0
20260613_1458;Generalização_200;classification;LeveragingBagging;Otimizado_FullFeatures;classifier;classifier;classifier;N/A;N/A;N/A;2000;100;19;3800;94,8430;0,8467;100,0000;0,0000;90,2041;1,5272;0;0;5;1
20260613_1458;Generalização_200;classification;LeveragingBagging;Otimizado_FullFeatures;classifier;classifier;classifier;N/A;N/A;N/A;2000;100;20;3900;98,2593;0,2453;97,7747;0,4877;98,7500;0,0000;2;1;1;0
20260613_1458;Generalização_200;classification;LeveragingBagging;Otimizado_FullFeatures;classifier;classifier;classifier;N/A;N/A;N/A;2000;100;21;4000;94,9936;0,8770;91,5286;1,4324;98,7500;1,0206;5;1;1;1
20260613_1458;Generalização_200;classification;LeveragingBagging;Otimizado_FullFeatures;classifier;classifier;classifier;N/A;N/A;N/A;2000;100;22;4100;0,0000;0,0000;0,0000;0,0000;0,0000;0,0000;0;0;0;0
20260613_1458;Generalização_200;classification;LeveragingBagging;Otimizado_FullFeatures;classifier;classifier;classifier;N/A;N/A;N/A;2000;100;23;4200;0,0000;0,0000;0,0000;0,0000;0,0000;0,0000;1;0;0;0
20260613_1458;Generalização_200;classification;LeveragingBagging;Otimizado_FullFeatures;classifier;classifier;classifier;N/A;N/A;N/A;2000;100;24;4300;0,0000;0,0000;0,0000;0,0000;0,0000;0,0000;0;0;0;0
20260613_1458;Generalização_200;classification;LeveragingBagging;Otimizado_FullFeatures;classifier;classifier;classifier;N/A;N/A;N/A;2000;100;25;4400;0,0000;0,0000;0,0000;0,0000;0,0000;0,0000;0;0;0;0
20260613_1458;Generalização_200;classification;LeveragingBagging;Otimizado_FullFeatures;classifier;classifier;classifier;N/A;N/A;N/A;2000;100;26;4500;0,0000;0,0000;0,0000;0,0000;0,0000;0,0000;0;0;0;0
20260613_1458;Generalização_200;classification;LeveragingBagging;Otimizado_FullFeatures;classifier;classifier;classifier;N/A;N/A;N/A;2000;100;27;4600;0,0000;0,0000;0,0000;0,0000;0,0000;0,0000;0;0;0;0
20260613_1458;Generalização_200;classification;LeveragingBagging;Otimizado_FullFeatures;classifier;classifier;classifier;N/A;N/A;N/A;2000;100;28;4700;0,0000;0,0000;0,0000;0,0000;0,0000;0,0000;0;0;0;0
20260613_1458;Generalização_200;classification;LeveragingBagging;Otimizado_FullFeatures;classifier;classifier;classifier;N/A;N/A;N/A;2000;100;29;4800;0,0000;0,0000;0,0000;0,0000;0,0000;0,0000;0;0;0;0
20260613_1458;Generalização_200;classification;LeveragingBagging;Otimizado_FullFeatures;classifier;classifier;classifier;N/A;N/A;N/A;2000;100;30;4900;0,0000;0,0000;0,0000;0,0000;0,0000;0,0000;0;0;0;0
20260613_1458;Generalização_200;classification;LeveragingBagging;Otimizado_FullFeatures;classifier;classifier;classifier;N/A;N/A;N/A;2000;100;31;5000;0,0000;0,0000;0,0000;0,0000;0,0000;0,0000;0;0;0;0
20260613_1458;Generalização_200;classification;LeveragingBagging;Otimizado_FullFeatures;classifier;classifier;classifier;N/A;N/A;N/A;2000;100;32;5100;0,0000;0,0000;0,0000;0,0000;0,0000;0,0000;1;1;0;0
20260613_1458;Generalização_200;classification;LeveragingBagging;Otimizado_FullFeatures;classifier;classifier;classifier;N/A;N/A;N/A;2000;100;33;5200;0,0000;0,0000;0,0000;0,0000;0,0000;0,0000;0;0;0;0
20260613_1458;Generalização_200;classification;LeveragingBagging;Otimizado_FullFeatures;classifier;classifier;classifier;N/A;N/A;N/A;2000;100;34;5300;0,0000;0,0000;0,0000;0,0000;0,0000;0,0000;0;0;0;0
20260613_1458;Generalização_200;classification;LeveragingBagging;Otimizado_FullFeatures;classifier;classifier;classifier;N/A;N/A;N/A;2000;100;35;5400;0,0000;0,0000;0,0000;0,0000;0,0000;0,0000;0;0;0;0
20260613_1458;Generalização_200;classification;LeveragingBagging;Otimizado_FullFeatures;classifier;classifier;classifier;N/A;N/A;N/A;2000;100;36;5500;0,0000;0,0000;0,0000;0,0000;0,0000;0,0000;0;0;0;0
20260613_1458;Generalização_200;classification;LeveragingBagging;Otimizado_FullFeatures;classifier;classifier;classifier;N/A;N/A;N/A;2000;100;37;5600;0,0000;0,0000;0,0000;0,0000;0,0000;0,0000;0;0;0;0
20260613_1458;Generalização_200;classification;LeveragingBagging;Otimizado_FullFeatures;classifier;classifier;classifier;N/A;N/A;N/A;2000;100;38;5700;0,0000;0,0000;0,0000;0,0000;0,0000;0,0000;0;0;0;0
20260613_1458;Generalização_200;classification;LeveragingBagging;Otimizado_FullFeatures;classifier;classifier;classifier;N/A;N/A;N/A;2000;100;39;5800;0,0000;0,0000;0,0000;0,0000;0,0000;0,0000;0;0;0;0
20260613_1458;Generalização_200;classification;LeveragingBagging;Otimizado_FullFeatures;classifier;classifier;classifier;N/A;N/A;N/A;2000;100;40;5900;0,0000;0,0000;0,0000;0,0000;0,0000;0,0000;0;0;0;0
20260613_1458;Generalização_200;classification;LeveragingBagging;Otimizado_FullFeatures;classifier;classifier;classifier;N/A;N/A;N/A;2000;100;41;6000;0,0000;0,0000;0,0000;0,0000;0,0000;0,0000;0;0;0;0
20260613_1458;Generalização_200;classification;LeveragingBagging;Otimizado_FullFeatures;classifier;classifier;classifier;N/A;N/A;N/A;2000;100;42;6100;0,0000;0,0000;0,0000;0,0000;0,0000;0,0000;0;0;0;0
20260613_1458;Generalização_200;classification;LeveragingBagging;Otimizado_FullFeatures;classifier;classifier;classifier;N/A;N/A;N/A;2000;100;43;6200;0,0000;0,0000;0,0000;0,0000;0,0000;0,0000;0;0;0;0
20260613_1458;Generalização_200;classification;LeveragingBagging;Otimizado_FullFeatures;classifier;classifier;classifier;N/A;N/A;N/A;2000;100;44;6300;0,0000;0,0000;0,0000;0,0000;0,0000;0,0000;0;0;0;0
20260613_1458;Generalização_200;classification;LeveragingBagging;Otimizado_FullFeatures;classifier;classifier;classifier;N/A;N/A;N/A;2000;100;45;6400;0,0000;0,0000;0,0000;0,0000;0,0000;0,0000;0;0;0;0
20260613_1458;Generalização_200;classification;LeveragingBagging;Otimizado_FullFeatures;classifier;classifier;classifier;N/A;N/A;N/A;2000;100;46;6500;0,0000;0,0000;0,0000;0,0000;0,0000;0,0000;0;0;0;0
20260613_1458;Generalização_200;classification;LeveragingBagging;Otimizado_FullFeatures;classifier;classifier;classifier;N/A;N/A;N/A;2000;100;47;6600;0,0000;0,0000;0,0000;0,0000;0,0000;0,0000;0;0;0;0
20260613_1458;Generalização_200;classification;LeveragingBagging;Otimizado_FullFeatures;classifier;classifier;classifier;N/A;N/A;N/A;2000;100;48;6700;0,0000;0,0000;0,0000;0,0000;0,0000;0,0000;0;0;0;0
20260613_1458;Generalização_200;classification;LeveragingBagging;Otimizado_FullFeatures;classifier;classifier;classifier;N/A;N/A;N/A;2000;100;49;6800;0,0000;0,0000;0,0000;0,0000;0,0000;0,0000;0;0;0;0
20260613_1458;Generalização_200;classification;LeveragingBagging;Otimizado_FullFeatures;classifier;classifier;classifier;N/A;N/A;N/A;2000;100;50;6900;0,0000;0,0000;0,0000;0,0000;0,0000;0,0000;0;0;0;0
20260613_1458;Generalização_200;classification;LeveragingBagging;Otimizado_FullFeatures;classifier;classifier;classifier;N/A;N/A;N/A;2000;100;51;7000;0,0000;0,0000;0,0000;0,0000;0,0000;0,0000;0;0;0;0
20260613_1458;Generalização_200;classification;LeveragingBagging;Otimizado_FullFeatures;classifier;classifier;classifier;N/A;N/A;N/A;2000;100;52;7100;0,0000;0,0000;0,0000;0,0000;0,0000;0,0000;0;0;0;0
20260613_1458;Generalização_200;classification;LeveragingBagging;Otimizado_FullFeatures;classifier;classifier;classifier;N/A;N/A;N/A;2000;100;53;7200;0,0000;0,0000;0,0000;0,0000;0,0000;0,0000;0;0;0;0
20260613_1458;Generalização_200;classification;LeveragingBagging;Otimizado_FullFeatures;classifier;classifier;classifier;N/A;N/A;N/A;2000;100;54;7300;0,0000;0,0000;0,0000;0,0000;0,0000;0,0000;0;0;0;0
20260613_1458;Generalização_200;classification;LeveragingBagging;Otimizado_FullFeatures;classifier;classifier;classifier;N/A;N/A;N/A;2000;100;55;7400;0,0000;0,0000;0,0000;0,0000;0,0000;0,0000;0;0;0;0
20260613_1458;Generalização_200;classification;LeveragingBagging;Otimizado_FullFeatures;classifier;classifier;classifier;N/A;N/A;N/A;2000;100;56;7500;0,0000;0,0000;0,0000;0,0000;0,0000;0,0000;0;0;0;0
20260613_1458;Generalização_200;classification;LeveragingBagging;Otimizado_FullFeatures;classifier;classifier;classifier;N/A;N/A;N/A;2000;100;57;7600;0,0000;0,0000;0,0000;0,0000;0,0000;0,0000;0;0;0;0
20260613_1458;Generalização_200;classification;LeveragingBagging;Otimizado_FullFeatures;classifier;classifier;classifier;N/A;N/A;N/A;2000;100;58;7700;40,0000;48,9898;40,0000;48,9898;40,0000;48,9898;0;0;1;1
20260613_1458;Generalização_200;classification;LeveragingBagging;Otimizado_FullFeatures;classifier;classifier;classifier;N/A;N/A;N/A;2000;100;59;7800;98,0628;0,2072;100,0000;0,0000;96,2000;0,4000;0;0;4;1
20260613_1458;Generalização_200;classification;LeveragingBagging;Otimizado_FullFeatures;classifier;classifier;classifier;N/A;N/A;N/A;2000;100;60;7900;100,0000;0,0000;100,0000;0,0000;100,0000;0,0000;0;0;0;0
20260613_1458;Generalização_200;classification;LeveragingBagging;Otimizado_FullFeatures;classifier;classifier;classifier;N/A;N/A;N/A;2000;100;61;8000;0,0000;0,0000;0,0000;0,0000;0,0000;0,0000;0;0;0;0
20260613_1458;Generalização_200;classification;LeveragingBagging;Otimizado_FullFeatures;classifier;classifier;classifier;N/A;N/A;N/A;2000;100;62;8100;0,0000;0,0000;0,0000;0,0000;0,0000;0,0000;0;0;0;0
20260613_1458;Generalização_200;classification;LeveragingBagging;Otimizado_FullFeatures;classifier;classifier;classifier;N/A;N/A;N/A;2000;100;63;8200;0,0000;0,0000;0,0000;0,0000;0,0000;0,0000;0;0;0;0
20260613_1458;Generalização_200;classification;LeveragingBagging;Otimizado_FullFeatures;classifier;classifier;classifier;N/A;N/A;N/A;2000;100;64;8300;0,0000;0,0000;0,0000;0,0000;0,0000;0,0000;0;0;0;0
20260613_1458;Generalização_200;classification;LeveragingBagging;Otimizado_FullFeatures;classifier;classifier;classifier;N/A;N/A;N/A;2000;100;65;8400;0,0000;0,0000;0,0000;0,0000;0,0000;0,0000;0;0;0;0
20260613_1458;Generalização_200;classification;LeveragingBagging;Otimizado_FullFeatures;classifier;classifier;classifier;N/A;N/A;N/A;2000;100;66;8500;0,0000;0,0000;0,0000;0,0000;0,0000;0,0000;0;0;0;0
20260613_1458;Generalização_200;classification;LeveragingBagging;Otimizado_FullFeatures;classifier;classifier;classifier;N/A;N/A;N/A;2000;100;67;8600;0,0000;0,0000;0,0000;0,0000;0,0000;0,0000;0;0;0;0
20260613_1458;Generalização_200;classification;LeveragingBagging;Otimizado_FullFeatures;classifier;classifier;classifier;N/A;N/A;N/A;2000;100;68;8700;0,0000;0,0000;0,0000;0,0000;0,0000;0,0000;0;0;0;0
20260613_1458;Generalização_200;classification;LeveragingBagging;Otimizado_FullFeatures;classifier;classifier;classifier;N/A;N/A;N/A;2000;100;69;8800;0,0000;0,0000;0,0000;0,0000;0,0000;0,0000;0;0;0;0
20260613_1458;Generalização_200;classification;LeveragingBagging;Otimizado_FullFeatures;classifier;classifier;classifier;N/A;N/A;N/A;2000;100;70;8900;0,0000;0,0000;0,0000;0,0000;0,0000;0,0000;0;0;0;0
20260613_1458;Generalização_200;classification;LeveragingBagging;Otimizado_FullFeatures;classifier;classifier;classifier;N/A;N/A;N/A;2000;100;71;9000;0,0000;0,0000;0,0000;0,0000;0,0000;0,0000;0;0;0;0
20260613_1458;Generalização_200;classification;LeveragingBagging;Otimizado_FullFeatures;classifier;classifier;classifier;N/A;N/A;N/A;2000;100;72;9100;0,0000;0,0000;0,0000;0,0000;0,0000;0,0000;0;0;0;0
20260613_1458;Generalização_200;classification;LeveragingBagging;Otimizado_FullFeatures;classifier;classifier;classifier;N/A;N/A;N/A;2000;100;73;9200;0,0000;0,0000;0,0000;0,0000;0,0000;0,0000;0;0;0;0
20260613_1458;Generalização_200;classification;LeveragingBagging;Otimizado_FullFeatures;classifier;classifier;classifier;N/A;N/A;N/A;2000;100;74;9300;0,0000;0,0000;0,0000;0,0000;0,0000;0,0000;0;0;0;0
20260613_1458;Generalização_200;classification;LeveragingBagging;Otimizado_FullFeatures;classifier;classifier;classifier;N/A;N/A;N/A;2000;100;75;9400;0,0000;0,0000;0,0000;0,0000;0,0000;0,0000;0;0;0;0
20260613_1458;Generalização_200;classification;LeveragingBagging;Otimizado_FullFeatures;classifier;classifier;classifier;N/A;N/A;N/A;2000;100;76;9500;0,0000;0,0000;0,0000;0,0000;0,0000;0,0000;0;0;0;0
20260613_1458;Generalização_200;classification;LeveragingBagging;Otimizado_FullFeatures;classifier;classifier;classifier;N/A;N/A;N/A;2000;100;77;9600;0,0000;0,0000;0,0000;0,0000;0,0000;0,0000;0;0;0;0
20260613_1458;Generalização_200;classification;LeveragingBagging;Otimizado_FullFeatures;classifier;classifier;classifier;N/A;N/A;N/A;2000;100;78;9700;0,0000;0,0000;0,0000;0,0000;0,0000;0,0000;0;0;0;0
20260613_1458;Generalização_200;classification;LeveragingBagging;Otimizado_FullFeatures;classifier;classifier;classifier;N/A;N/A;N/A;2000;100;79;9800;0,0000;0,0000;0,0000;0,0000;0,0000;0,0000;0;0;0;0
20260613_1458;Generalização_200;classification;LeveragingBagging;Otimizado_FullFeatures;classifier;classifier;classifier;N/A;N/A;N/A;2000;100;80;9900;0,0000;0,0000;0,0000;0,0000;0,0000;0,0000;0;0;0;0
20260613_1458;Generalização_200;classification;LeveragingBagging;Otimizado_FullFeatures;classifier;classifier;classifier;N/A;N/A;N/A;2000;100;81;10000;0,0000;0,0000;0,0000;0,0000;0,0000;0,0000;0;0;0;0
20260613_1458;Generalização_200;classification;LeveragingBagging;Otimizado_FullFeatures;classifier;classifier;classifier;N/A;N/A;N/A;2000;100;82;10100;0,0000;0,0000;0,0000;0,0000;0,0000;0,0000;0;0;0;0
20260613_1458;Generalização_200;classification;LeveragingBagging;Otimizado_FullFeatures;classifier;classifier;classifier;N/A;N/A;N/A;2000;100;83;10200;0,0000;0,0000;0,0000;0,0000;0,0000;0,0000;0;0;0;0
20260613_1458;Generalização_200;classification;LeveragingBagging;Otimizado_FullFeatures;classifier;classifier;classifier;N/A;N/A;N/A;2000;100;84;10300;0,0000;0,0000;0,0000;0,0000;0,0000;0,0000;0;0;0;0
20260613_1458;Generalização_200;classification;LeveragingBagging;Otimizado_FullFeatures;classifier;classifier;classifier;N/A;N/A;N/A;2000;100;85;10400;0,0000;0,0000;0,0000;0,0000;0,0000;0,0000;0;0;0;0
20260613_1458;Generalização_200;classification;LeveragingBagging;Otimizado_FullFeatures;classifier;classifier;classifier;N/A;N/A;N/A;2000;100;86;10500;0,0000;0,0000;0,0000;0,0000;0,0000;0,0000;0;0;0;0
20260613_1458;Generalização_200;classification;LeveragingBagging;Otimizado_FullFeatures;classifier;classifier;classifier;N/A;N/A;N/A;2000;100;87;10600;0,0000;0,0000;0,0000;0,0000;0,0000;0,0000;0;0;0;0
20260613_1458;Generalização_200;classification;LeveragingBagging;Otimizado_FullFeatures;classifier;classifier;classifier;N/A;N/A;N/A;2000;100;88;10700;0,0000;0,0000;0,0000;0,0000;0,0000;0,0000;0;0;0;0
20260613_1458;Generalização_200;classification;LeveragingBagging;Otimizado_FullFeatures;classifier;classifier;classifier;N/A;N/A;N/A;2000;100;89;10800;0,0000;0,0000;0,0000;0,0000;0,0000;0,0000;0;0;0;0
20260613_1458;Generalização_200;classification;LeveragingBagging;Otimizado_FullFeatures;classifier;classifier;classifier;N/A;N/A;N/A;2000;100;90;10900;0,0000;0,0000;0,0000;0,0000;0,0000;0,0000;0;0;0;0
20260613_1458;Generalização_200;classification;LeveragingBagging;Otimizado_FullFeatures;classifier;classifier;classifier;N/A;N/A;N/A;2000;100;91;11000;0,0000;0,0000;0,0000;0,0000;0,0000;0,0000;0;0;0;0
20260613_1458;Generalização_200;classification;LeveragingBagging;Otimizado_FullFeatures;classifier;classifier;classifier;N/A;N/A;N/A;2000;100;92;11100;0,0000;0,0000;0,0000;0,0000;0,0000;0,0000;0;0;0;0
20260613_1458;Generalização_200;classification;LeveragingBagging;Otimizado_FullFeatures;classifier;classifier;classifier;N/A;N/A;N/A;2000;100;93;11200;0,0000;0,0000;0,0000;0,0000;0,0000;0,0000;0;0;0;0
20260613_1458;Generalização_200;classification;LeveragingBagging;Otimizado_FullFeatures;classifier;classifier;classifier;N/A;N/A;N/A;2000;100;94;11300;0,0000;0,0000;0,0000;0,0000;0,0000;0,0000;0;0;0;0
20260613_1458;Generalização_200;classification;LeveragingBagging;Otimizado_FullFeatures;classifier;classifier;classifier;N/A;N/A;N/A;2000;100;95;11400;0,0000;0,0000;0,0000;0,0000;0,0000;0,0000;0;0;0;0
20260613_1458;Generalização_200;classification;LeveragingBagging;Otimizado_FullFeatures;classifier;classifier;classifier;N/A;N/A;N/A;2000;100;96;11500;0,0000;0,0000;0,0000;0,0000;0,0000;0,0000;0;0;0;0
20260613_1458;Generalização_200;classification;LeveragingBagging;Otimizado_FullFeatures;classifier;classifier;classifier;N/A;N/A;N/A;2000;100;97;11600;0,0000;0,0000;0,0000;0,0000;0,0000;0,0000;0;0;0;0
20260613_1458;Generalização_200;classification;LeveragingBagging;Otimizado_FullFeatures;classifier;classifier;classifier;N/A;N/A;N/A;2000;100;98;11700;98,5776;0,5049;100,0000;0,0000;97,2000;0,9798;0;0;2;1
20260613_1458;Generalização_200;classification;LeveragingBagging;Otimizado_FullFeatures;classifier;classifier;classifier;N/A;N/A;N/A;2000;100;99;11800;97,4285;0,8704;100,0000;0,0000;95,0000;1,6667;0;0;5;2
20260613_1458;Generalização_200;classification;LeveragingBagging;Otimizado_FullFeatures;classifier;classifier;classifier;N/A;N/A;N/A;2000;100;100;11900;97,4688;1,4593;100,0000;0,0000;95,1020;2,7683;0;0;3;2
20260613_1458;Generalização_200;classification;LeveragingBagging;Otimizado_FullFeatures;classifier;classifier;classifier;N/A;N/A;N/A;2000;100;101;12000;0,0000;0,0000;0,0000;0,0000;0,0000;0,0000;0;0;0;0
20260613_1458;Generalização_200;classification;LeveragingBagging;Otimizado_FullFeatures;classifier;classifier;classifier;N/A;N/A;N/A;2000;100;102;12100;0,0000;0,0000;0,0000;0,0000;0,0000;0,0000;0;0;0;0
20260613_1458;Generalização_200;classification;LeveragingBagging;Otimizado_FullFeatures;classifier;classifier;classifier;N/A;N/A;N/A;2000;100;103;12200;0,0000;0,0000;0,0000;0,0000;0,0000;0,0000;0;0;0;0
20260613_1458;Generalização_200;classification;LeveragingBagging;Otimizado_FullFeatures;classifier;classifier;classifier;N/A;N/A;N/A;2000;100;104;12300;0,0000;0,0000;0,0000;0,0000;0,0000;0,0000;0;0;0;0
20260613_1458;Generalização_200;classification;LeveragingBagging;Otimizado_FullFeatures;classifier;classifier;classifier;N/A;N/A;N/A;2000;100;105;12400;0,0000;0,0000;0,0000;0,0000;0,0000;0,0000;0;0;0;0
20260613_1458;Generalização_200;classification;LeveragingBagging;Otimizado_FullFeatures;classifier;classifier;classifier;N/A;N/A;N/A;2000;100;106;12500;0,0000;0,0000;0,0000;0,0000;0,0000;0,0000;0;0;0;0
20260613_1458;Generalização_200;classification;LeveragingBagging;Otimizado_FullFeatures;classifier;classifier;classifier;N/A;N/A;N/A;2000;100;107;12600;0,0000;0,0000;0,0000;0,0000;0,0000;0,0000;0;0;0;0
20260613_1458;Generalização_200;classification;LeveragingBagging;Otimizado_FullFeatures;classifier;classifier;classifier;N/A;N/A;N/A;2000;100;108;12700;0,0000;0,0000;0,0000;0,0000;0,0000;0,0000;0;0;0;0
20260613_1458;Generalização_200;classification;LeveragingBagging;Otimizado_FullFeatures;classifier;classifier;classifier;N/A;N/A;N/A;2000;100;109;12800;0,0000;0,0000;0,0000;0,0000;0,0000;0,0000;0;0;0;0
20260613_1458;Generalização_200;classification;LeveragingBagging;Otimizado_FullFeatures;classifier;classifier;classifier;N/A;N/A;N/A;2000;100;110;12900;0,0000;0,0000;0,0000;0,0000;0,0000;0,0000;0;0;0;0
20260613_1458;Generalização_200;classification;LeveragingBagging;Otimizado_FullFeatures;classifier;classifier;classifier;N/A;N/A;N/A;2000;100;111;13000;0,0000;0,0000;0,0000;0,0000;0,0000;0,0000;0;0;0;0
20260613_1458;Generalização_200;classification;LeveragingBagging;Otimizado_FullFeatures;classifier;classifier;classifier;N/A;N/A;N/A;2000;100;112;13100;0,0000;0,0000;0,0000;0,0000;0,0000;0,0000;0;0;0;0
20260613_1458;Generalização_200;classification;LeveragingBagging;Otimizado_FullFeatures;classifier;classifier;classifier;N/A;N/A;N/A;2000;100;113;13200;0,0000;0,0000;0,0000;0,0000;0,0000;0,0000;0;0;0;0
20260613_1458;Generalização_200;classification;LeveragingBagging;Otimizado_FullFeatures;classifier;classifier;classifier;N/A;N/A;N/A;2000;100;114;13300;0,0000;0,0000;0,0000;0,0000;0,0000;0,0000;0;0;0;0
20260613_1458;Generalização_200;classification;LeveragingBagging;Otimizado_FullFeatures;classifier;classifier;classifier;N/A;N/A;N/A;2000;100;115;13400;0,0000;0,0000;0,0000;0,0000;0,0000;0,0000;0;0;0;0
20260613_1458;Generalização_200;classification;LeveragingBagging;Otimizado_FullFeatures;classifier;classifier;classifier;N/A;N/A;N/A;2000;100;116;13500;0,0000;0,0000;0,0000;0,0000;0,0000;0,0000;0;0;0;0
20260613_1458;Generalização_200;classification;LeveragingBagging;Otimizado_FullFeatures;classifier;classifier;classifier;N/A;N/A;N/A;2000;100;117;13600;0,0000;0,0000;0,0000;0,0000;0,0000;0,0000;0;0;0;0
20260613_1458;Generalização_200;classification;LeveragingBagging;Otimizado_FullFeatures;classifier;classifier;classifier;N/A;N/A;N/A;2000;100;118;13700;0,0000;0,0000;0,0000;0,0000;0,0000;0,0000;0;0;0;0
20260613_1458;Generalização_200;classification;LeveragingBagging;Otimizado_FullFeatures;classifier;classifier;classifier;N/A;N/A;N/A;2000;100;119;13800;0,0000;0,0000;0,0000;0,0000;0,0000;0,0000;0;0;0;0
20260613_1458;Generalização_200;classification;LeveragingBagging;Otimizado_FullFeatures;classifier;classifier;classifier;N/A;N/A;N/A;2000;100;120;13900;0,0000;0,0000;0,0000;0,0000;0,0000;0,0000;0;0;0;0
20260613_1458;Generalização_200;classification;LeveragingBagging;Otimizado_FullFeatures;classifier;classifier;classifier;N/A;N/A;N/A;2000;100;121;14000;0,0000;0,0000;0,0000;0,0000;0,0000;0,0000;0;0;0;0
20260613_1458;Generalização_200;classification;LeveragingBagging;Otimizado_FullFeatures;classifier;classifier;classifier;N/A;N/A;N/A;2000;100;122;14100;0,0000;0,0000;0,0000;0,0000;0,0000;0,0000;0;0;0;0
20260613_1458;Generalização_200;classification;LeveragingBagging;Otimizado_FullFeatures;classifier;classifier;classifier;N/A;N/A;N/A;2000;100;123;14200;0,0000;0,0000;0,0000;0,0000;0,0000;0,0000;0;0;0;0
20260613_1458;Generalização_200;classification;LeveragingBagging;Otimizado_FullFeatures;classifier;classifier;classifier;N/A;N/A;N/A;2000;100;124;14300;0,0000;0,0000;0,0000;0,0000;0,0000;0,0000;0;0;0;0
20260613_1458;Generalização_200;classification;LeveragingBagging;Otimizado_FullFeatures;classifier;classifier;classifier;N/A;N/A;N/A;2000;100;125;14400;0,0000;0,0000;0,0000;0,0000;0,0000;0,0000;0;0;0;0
20260613_1458;Generalização_200;classification;LeveragingBagging;Otimizado_FullFeatures;classifier;classifier;classifier;N/A;N/A;N/A;2000;100;126;14500;0,0000;0,0000;0,0000;0,0000;0,0000;0,0000;0;0;0;0
20260613_1458;Generalização_200;classification;LeveragingBagging;Otimizado_FullFeatures;classifier;classifier;classifier;N/A;N/A;N/A;2000;100;127;14600;0,0000;0,0000;0,0000;0,0000;0,0000;0,0000;0;0;0;0
20260613_1458;Generalização_200;classification;LeveragingBagging;Otimizado_FullFeatures;classifier;classifier;classifier;N/A;N/A;N/A;2000;100;128;14700;0,0000;0,0000;0,0000;0,0000;0,0000;0,0000;0;0;0;0
20260613_1458;Generalização_200;classification;LeveragingBagging;Otimizado_FullFeatures;classifier;classifier;classifier;N/A;N/A;N/A;2000;100;129;14800;0,0000;0,0000;0,0000;0,0000;0,0000;0,0000;0;0;0;0
20260613_1458;Generalização_200;classification;LeveragingBagging;Otimizado_FullFeatures;classifier;classifier;classifier;N/A;N/A;N/A;2000;100;130;14900;0,0000;0,0000;0,0000;0,0000;0,0000;0,0000;0;0;0;0
20260613_1458;Generalização_200;classification;LeveragingBagging;Otimizado_FullFeatures;classifier;classifier;classifier;N/A;N/A;N/A;2000;100;131;15000;0,0000;0,0000;0,0000;0,0000;0,0000;0,0000;0;0;0;0
20260613_1458;Generalização_200;classification;LeveragingBagging;Otimizado_FullFeatures;classifier;classifier;classifier;N/A;N/A;N/A;2000;100;132;15100;0,0000;0,0000;0,0000;0,0000;0,0000;0,0000;0;0;0;0
20260613_1458;Generalização_200;classification;LeveragingBagging;Otimizado_FullFeatures;classifier;classifier;classifier;N/A;N/A;N/A;2000;100;133;15200;0,0000;0,0000;0,0000;0,0000;0,0000;0,0000;0;0;0;0
20260613_1458;Generalização_200;classification;LeveragingBagging;Otimizado_FullFeatures;classifier;classifier;classifier;N/A;N/A;N/A;2000;100;134;15300;0,0000;0,0000;0,0000;0,0000;0,0000;0,0000;0;0;0;0
20260613_1458;Generalização_200;classification;LeveragingBagging;Otimizado_FullFeatures;classifier;classifier;classifier;N/A;N/A;N/A;2000;100;135;15400;0,0000;0,0000;0,0000;0,0000;0,0000;0,0000;0;0;0;0
20260613_1458;Generalização_200;classification;LeveragingBagging;Otimizado_FullFeatures;classifier;classifier;classifier;N/A;N/A;N/A;2000;100;136;15500;0,0000;0,0000;0,0000;0,0000;0,0000;0,0000;0;0;0;0
20260613_1458;Generalização_1000;classification;LeveragingBagging;Otimizado_FullFeatures;classifier;classifier;classifier;N/A;N/A;N/A;2000;100;1;2000;0,0000;0,0000;0,0000;0,0000;0,0000;0,0000;0;0;0;0
20260613_1458;Generalização_1000;classification;LeveragingBagging;Otimizado_FullFeatures;classifier;classifier;classifier;N/A;N/A;N/A;2000;100;2;2100;0,0000;0,0000;0,0000;0,0000;0,0000;0,0000;0;0;0;0
20260613_1458;Generalização_1000;classification;LeveragingBagging;Otimizado_FullFeatures;classifier;classifier;classifier;N/A;N/A;N/A;2000;100;3;2200;0,0000;0,0000;0,0000;0,0000;0,0000;0,0000;0;0;0;0
20260613_1458;Generalização_1000;classification;LeveragingBagging;Otimizado_FullFeatures;classifier;classifier;classifier;N/A;N/A;N/A;2000;100;4;2300;0,0000;0,0000;0,0000;0,0000;0,0000;0,0000;0;0;0;0
20260613_1458;Generalização_1000;classification;LeveragingBagging;Otimizado_FullFeatures;classifier;classifier;classifier;N/A;N/A;N/A;2000;100;5;2400;0,0000;0,0000;0,0000;0,0000;0,0000;0,0000;0;0;0;0
20260613_1458;Generalização_1000;classification;LeveragingBagging;Otimizado_FullFeatures;classifier;classifier;classifier;N/A;N/A;N/A;2000;100;6;2500;0,0000;0,0000;0,0000;0,0000;0,0000;0,0000;0;0;0;0
20260613_1458;Generalização_1000;classification;LeveragingBagging;Otimizado_FullFeatures;classifier;classifier;classifier;N/A;N/A;N/A;2000;100;7;2600;0,0000;0,0000;0,0000;0,0000;0,0000;0,0000;0;0;0;0
20260613_1458;Generalização_1000;classification;LeveragingBagging;Otimizado_FullFeatures;classifier;classifier;classifier;N/A;N/A;N/A;2000;100;8;2700;0,0000;0,0000;0,0000;0,0000;0,0000;0,0000;0;0;0;0
20260613_1458;Generalização_1000;classification;LeveragingBagging;Otimizado_FullFeatures;classifier;classifier;classifier;N/A;N/A;N/A;2000;100;9;2800;0,0000;0,0000;0,0000;0,0000;0,0000;0,0000;0;0;0;0
20260613_1458;Generalização_1000;classification;LeveragingBagging;Otimizado_FullFeatures;classifier;classifier;classifier;N/A;N/A;N/A;2000;100;10;2900;0,0000;0,0000;0,0000;0,0000;0,0000;0,0000;0;0;0;0
20260613_1458;Generalização_1000;classification;LeveragingBagging;Otimizado_FullFeatures;classifier;classifier;classifier;N/A;N/A;N/A;2000;100;11;3000;0,0000;0,0000;0,0000;0,0000;0,0000;0,0000;0;0;0;0
20260613_1458;Generalização_1000;classification;LeveragingBagging;Otimizado_FullFeatures;classifier;classifier;classifier;N/A;N/A;N/A;2000;100;12;3100;0,0000;0,0000;0,0000;0,0000;0,0000;0,0000;0;0;0;0
20260613_1458;Generalização_1000;classification;LeveragingBagging;Otimizado_FullFeatures;classifier;classifier;classifier;N/A;N/A;N/A;2000;100;13;3200;0,0000;0,0000;0,0000;0,0000;0,0000;0,0000;0;0;0;0
20260613_1458;Generalização_1000;classification;LeveragingBagging;Otimizado_FullFeatures;classifier;classifier;classifier;N/A;N/A;N/A;2000;100;14;3300;0,0000;0,0000;0,0000;0,0000;0,0000;0,0000;0;0;0;0
20260613_1458;Generalização_1000;classification;LeveragingBagging;Otimizado_FullFeatures;classifier;classifier;classifier;N/A;N/A;N/A;2000;100;15;3400;0,0000;0,0000;0,0000;0,0000;0,0000;0,0000;0;0;0;0
20260613_1458;Generalização_1000;classification;LeveragingBagging;Otimizado_FullFeatures;classifier;classifier;classifier;N/A;N/A;N/A;2000;100;16;3500;0,0000;0,0000;0,0000;0,0000;0,0000;0,0000;0;0;0;0
20260613_1458;Generalização_1000;classification;LeveragingBagging;Otimizado_FullFeatures;classifier;classifier;classifier;N/A;N/A;N/A;2000;100;17;3600;0,0000;0,0000;0,0000;0,0000;0,0000;0,0000;0;0;0;0
20260613_1458;Generalização_1000;classification;LeveragingBagging;Otimizado_FullFeatures;classifier;classifier;classifier;N/A;N/A;N/A;2000;100;18;3700;0,0000;0,0000;0,0000;0,0000;0,0000;0,0000;0;0;0;0
20260613_1458;Generalização_1000;classification;LeveragingBagging;Otimizado_FullFeatures;classifier;classifier;classifier;N/A;N/A;N/A;2000;100;19;3800;93,5289;0,7185;99,1107;1,0896;88,5714;1,6327;1;1;6;1
20260613_1458;Generalização_1000;classification;LeveragingBagging;Otimizado_FullFeatures;classifier;classifier;classifier;N/A;N/A;N/A;2000;100;20;3900;98,7531;0,3928;98,5093;0,4892;99,0000;0,5000;2;1;1;1
20260613_1458;Generalização_1000;classification;LeveragingBagging;Otimizado_FullFeatures;classifier;classifier;classifier;N/A;N/A;N/A;2000;100;21;4000;99,3825;0,3860;100,0000;0,0000;98,7755;0,7636;0;0;2;1
20260613_1458;Generalização_1000;classification;LeveragingBagging;Otimizado_FullFeatures;classifier;classifier;classifier;N/A;N/A;N/A;2000;100;22;4100;98,8686;0,3815;97,7654;0,7470;100,0000;0,0000;3;1;0;0
20260613_1458;Generalização_1000;classification;LeveragingBagging;Otimizado_FullFeatures;classifier;classifier;classifier;N/A;N/A;N/A;2000;100;23;4200;99,4924;0,0000;100,0000;0,0000;98,9899;0,0000;0;0;1;0
20260613_1458;Generalização_1000;classification;LeveragingBagging;Otimizado_FullFeatures;classifier;classifier;classifier;N/A;N/A;N/A;2000;100;24;4300;95,2120;0,7311;91,3725;0,9751;99,3939;0,7423;7;1;1;1
20260613_1458;Generalização_1000;classification;LeveragingBagging;Otimizado_FullFeatures;classifier;classifier;classifier;N/A;N/A;N/A;2000;100;25;4400;92,8698;1,9877;90,3202;3,7412;95,6522;0,0000;3;2;1;0
20260613_1458;Generalização_1000;classification;LeveragingBagging;Otimizado_FullFeatures;classifier;classifier;classifier;N/A;N/A;N/A;2000;100;26;4500;92,5977;6,1417;89,8333;8,5334;95,7143;3,4993;2;2;1;1
20260613_1458;Generalização_1000;classification;LeveragingBagging;Otimizado_FullFeatures;classifier;classifier;classifier;N/A;N/A;N/A;2000;100;27;4600;98,3347;0,4378;99,5294;0,9412;97,1765;0,5764;1;1;3;1
20260613_1458;Generalização_1000;classification;LeveragingBagging;Otimizado_FullFeatures;classifier;classifier;classifier;N/A;N/A;N/A;2000;100;28;4700;93,3333;3,3333;100,0000;0,0000;87,6923;6,1538;0;0;2;1
20260613_1458;Generalização_1000;classification;LeveragingBagging;Otimizado_FullFeatures;classifier;classifier;classifier;N/A;N/A;N/A;2000;100;29;4800;98,3333;3,3333;96,9231;6,1538;100,0000;0,0000;1;1;0;0
20260613_1458;Generalização_1000;classification;LeveragingBagging;Otimizado_FullFeatures;classifier;classifier;classifier;N/A;N/A;N/A;2000;100;30;4900;0,0000;0,0000;0,0000;0,0000;0,0000;0,0000;0;0;0;0
20260613_1458;Generalização_1000;classification;LeveragingBagging;Otimizado_FullFeatures;classifier;classifier;classifier;N/A;N/A;N/A;2000;100;31;5000;0,0000;0,0000;0,0000;0,0000;0,0000;0,0000;1;1;0;0
20260613_1458;Generalização_1000;classification;LeveragingBagging;Otimizado_FullFeatures;classifier;classifier;classifier;N/A;N/A;N/A;2000;100;32;5100;0,0000;0,0000;0,0000;0,0000;0,0000;0,0000;0;0;0;0
20260613_1458;Generalização_1000;classification;LeveragingBagging;Otimizado_FullFeatures;classifier;classifier;classifier;N/A;N/A;N/A;2000;100;33;5200;0,0000;0,0000;0,0000;0,0000;0,0000;0,0000;0;0;0;0
20260613_1458;Generalização_1000;classification;LeveragingBagging;Otimizado_FullFeatures;classifier;classifier;classifier;N/A;N/A;N/A;2000;100;34;5300;0,0000;0,0000;0,0000;0,0000;0,0000;0,0000;0;0;0;0
20260613_1458;Generalização_1000;classification;LeveragingBagging;Otimizado_FullFeatures;classifier;classifier;classifier;N/A;N/A;N/A;2000;100;35;5400;0,0000;0,0000;0,0000;0,0000;0,0000;0,0000;0;0;0;0
20260613_1458;Generalização_1000;classification;LeveragingBagging;Otimizado_FullFeatures;classifier;classifier;classifier;N/A;N/A;N/A;2000;100;36;5500;0,0000;0,0000;0,0000;0,0000;0,0000;0,0000;0;0;0;0
20260613_1458;Generalização_1000;classification;LeveragingBagging;Otimizado_FullFeatures;classifier;classifier;classifier;N/A;N/A;N/A;2000;100;37;5600;0,0000;0,0000;0,0000;0,0000;0,0000;0,0000;3;2;0;0
20260613_1458;Generalização_1000;classification;LeveragingBagging;Otimizado_FullFeatures;classifier;classifier;classifier;N/A;N/A;N/A;2000;100;38;5700;0,0000;0,0000;0,0000;0,0000;0,0000;0,0000;1;1;0;0
20260613_1458;Generalização_1000;classification;LeveragingBagging;Otimizado_FullFeatures;classifier;classifier;classifier;N/A;N/A;N/A;2000;100;39;5800;0,0000;0,0000;0,0000;0,0000;0,0000;0,0000;0;0;0;0
20260613_1458;Generalização_1000;classification;LeveragingBagging;Otimizado_FullFeatures;classifier;classifier;classifier;N/A;N/A;N/A;2000;100;40;5900;0,0000;0,0000;0,0000;0,0000;0,0000;0,0000;0;0;0;0
20260613_1458;Generalização_1000;classification;LeveragingBagging;Otimizado_FullFeatures;classifier;classifier;classifier;N/A;N/A;N/A;2000;100;41;6000;0,0000;0,0000;0,0000;0,0000;0,0000;0,0000;0;0;0;0
20260613_1458;Generalização_1000;classification;LeveragingBagging;Otimizado_FullFeatures;classifier;classifier;classifier;N/A;N/A;N/A;2000;100;42;6100;0,0000;0,0000;0,0000;0,0000;0,0000;0,0000;1;1;0;0
20260613_1458;Generalização_1000;classification;LeveragingBagging;Otimizado_FullFeatures;classifier;classifier;classifier;N/A;N/A;N/A;2000;100;43;6200;0,0000;0,0000;0,0000;0,0000;0,0000;0,0000;0;0;0;0
20260613_1458;Generalização_1000;classification;LeveragingBagging;Otimizado_FullFeatures;classifier;classifier;classifier;N/A;N/A;N/A;2000;100;44;6300;0,0000;0,0000;0,0000;0,0000;0,0000;0,0000;0;0;0;0
20260613_1458;Generalização_1000;classification;LeveragingBagging;Otimizado_FullFeatures;classifier;classifier;classifier;N/A;N/A;N/A;2000;100;45;6400;0,0000;0,0000;0,0000;0,0000;0,0000;0,0000;0;0;0;0
20260613_1458;Generalização_1000;classification;LeveragingBagging;Otimizado_FullFeatures;classifier;classifier;classifier;N/A;N/A;N/A;2000;100;46;6500;0,0000;0,0000;0,0000;0,0000;0,0000;0,0000;0;0;0;0
20260613_1458;Generalização_1000;classification;LeveragingBagging;Otimizado_FullFeatures;classifier;classifier;classifier;N/A;N/A;N/A;2000;100;47;6600;0,0000;0,0000;0,0000;0,0000;0,0000;0,0000;1;1;0;0
20260613_1458;Generalização_1000;classification;LeveragingBagging;Otimizado_FullFeatures;classifier;classifier;classifier;N/A;N/A;N/A;2000;100;48;6700;0,0000;0,0000;0,0000;0,0000;0,0000;0,0000;0;0;0;0
20260613_1458;Generalização_1000;classification;LeveragingBagging;Otimizado_FullFeatures;classifier;classifier;classifier;N/A;N/A;N/A;2000;100;49;6800;0,0000;0,0000;0,0000;0,0000;0,0000;0,0000;0;0;0;0
20260613_1458;Generalização_1000;classification;LeveragingBagging;Otimizado_FullFeatures;classifier;classifier;classifier;N/A;N/A;N/A;2000;100;50;6900;0,0000;0,0000;0,0000;0,0000;0,0000;0,0000;0;0;0;0
20260613_1458;Generalização_1000;classification;LeveragingBagging;Otimizado_FullFeatures;classifier;classifier;classifier;N/A;N/A;N/A;2000;100;51;7000;0,0000;0,0000;0,0000;0,0000;0,0000;0,0000;0;0;0;0
20260613_1458;Generalização_1000;classification;LeveragingBagging;Otimizado_FullFeatures;classifier;classifier;classifier;N/A;N/A;N/A;2000;100;52;7100;0,0000;0,0000;0,0000;0,0000;0,0000;0,0000;0;0;0;0
20260613_1458;Generalização_1000;classification;LeveragingBagging;Otimizado_FullFeatures;classifier;classifier;classifier;N/A;N/A;N/A;2000;100;53;7200;0,0000;0,0000;0,0000;0,0000;0,0000;0,0000;0;0;0;0
20260613_1458;Generalização_1000;classification;LeveragingBagging;Otimizado_FullFeatures;classifier;classifier;classifier;N/A;N/A;N/A;2000;100;54;7300;0,0000;0,0000;0,0000;0,0000;0,0000;0,0000;0;0;0;0
20260613_1458;Generalização_1000;classification;LeveragingBagging;Otimizado_FullFeatures;classifier;classifier;classifier;N/A;N/A;N/A;2000;100;55;7400;0,0000;0,0000;0,0000;0,0000;0,0000;0,0000;0;0;0;0
20260613_1458;Generalização_1000;classification;LeveragingBagging;Otimizado_FullFeatures;classifier;classifier;classifier;N/A;N/A;N/A;2000;100;56;7500;0,0000;0,0000;0,0000;0,0000;0,0000;0,0000;0;0;0;0
20260613_1458;Generalização_1000;classification;LeveragingBagging;Otimizado_FullFeatures;classifier;classifier;classifier;N/A;N/A;N/A;2000;100;57;7600;0,0000;0,0000;0,0000;0,0000;0,0000;0,0000;0;0;0;0
20260613_1458;Generalização_1000;classification;LeveragingBagging;Otimizado_FullFeatures;classifier;classifier;classifier;N/A;N/A;N/A;2000;100;58;7700;0,0000;0,0000;0,0000;0,0000;0,0000;0,0000;0;0;0;0
20260613_1458;Generalização_1000;classification;LeveragingBagging;Otimizado_FullFeatures;classifier;classifier;classifier;N/A;N/A;N/A;2000;100;59;7800;0,0000;0,0000;0,0000;0,0000;0,0000;0,0000;0;0;0;0
20260613_1458;Generalização_1000;classification;LeveragingBagging;Otimizado_FullFeatures;classifier;classifier;classifier;N/A;N/A;N/A;2000;100;60;7900;0,0000;0,0000;0,0000;0,0000;0,0000;0,0000;0;0;0;0
20260613_1458;Generalização_1000;classification;LeveragingBagging;Otimizado_FullFeatures;classifier;classifier;classifier;N/A;N/A;N/A;2000;100;61;8000;0,0000;0,0000;0,0000;0,0000;0,0000;0,0000;0;0;0;0
20260613_1458;Generalização_1000;classification;LeveragingBagging;Otimizado_FullFeatures;classifier;classifier;classifier;N/A;N/A;N/A;2000;100;62;8100;0,0000;0,0000;0,0000;0,0000;0,0000;0,0000;0;0;0;0
20260613_1458;Generalização_1000;classification;LeveragingBagging;Otimizado_FullFeatures;classifier;classifier;classifier;N/A;N/A;N/A;2000;100;63;8200;0,0000;0,0000;0,0000;0,0000;0,0000;0,0000;0;0;0;0
20260613_1458;Generalização_1000;classification;LeveragingBagging;Otimizado_FullFeatures;classifier;classifier;classifier;N/A;N/A;N/A;2000;100;64;8300;0,0000;0,0000;0,0000;0,0000;0,0000;0,0000;0;0;0;0
20260613_1458;Generalização_1000;classification;LeveragingBagging;Otimizado_FullFeatures;classifier;classifier;classifier;N/A;N/A;N/A;2000;100;65;8400;0,0000;0,0000;0,0000;0,0000;0,0000;0,0000;0;0;0;0
20260613_1458;Generalização_1000;classification;LeveragingBagging;Otimizado_FullFeatures;classifier;classifier;classifier;N/A;N/A;N/A;2000;100;66;8500;0,0000;0,0000;0,0000;0,0000;0,0000;0,0000;0;0;1;0
20260613_1458;Generalização_1000;classification;LeveragingBagging;Otimizado_FullFeatures;classifier;classifier;classifier;N/A;N/A;N/A;2000;100;67;8600;99,0883;0,5978;100,0000;0,0000;98,2000;1,1662;0;0;2;2
20260613_1458;Generalização_1000;classification;LeveragingBagging;Otimizado_FullFeatures;classifier;classifier;classifier;N/A;N/A;N/A;2000;100;68;8700;100,0000;0,0000;100,0000;0,0000;100,0000;0,0000;0;0;0;0
20260613_1458;Generalização_1000;classification;LeveragingBagging;Otimizado_FullFeatures;classifier;classifier;classifier;N/A;N/A;N/A;2000;100;69;8800;99,6985;0,2462;100,0000;0,0000;99,4000;0,4899;0;0;1;1
20260613_1458;Generalização_1000;classification;LeveragingBagging;Otimizado_FullFeatures;classifier;classifier;classifier;N/A;N/A;N/A;2000;100;70;8900;100,0000;0,0000;100,0000;0,0000;100,0000;0,0000;0;0;0;0
20260613_1458;Generalização_1000;classification;LeveragingBagging;Otimizado_FullFeatures;classifier;classifier;classifier;N/A;N/A;N/A;2000;100;71;9000;100,0000;0,0000;100,0000;0,0000;100,0000;0,0000;0;0;0;0
20260613_1458;Generalização_1000;classification;LeveragingBagging;Otimizado_FullFeatures;classifier;classifier;classifier;N/A;N/A;N/A;2000;100;72;9100;99,7990;0,2462;100,0000;0,0000;99,6000;0,4899;0;0;1;1
20260613_1458;Generalização_1000;classification;LeveragingBagging;Otimizado_FullFeatures;classifier;classifier;classifier;N/A;N/A;N/A;2000;100;73;9200;100,0000;0,0000;100,0000;0,0000;100,0000;0,0000;0;0;0;0
20260613_1458;Generalização_1000;classification;LeveragingBagging;Otimizado_FullFeatures;classifier;classifier;classifier;N/A;N/A;N/A;2000;100;74;9300;100,0000;0,0000;100,0000;0,0000;100,0000;0,0000;0;0;0;0
20260613_1458;Generalização_1000;classification;LeveragingBagging;Otimizado_FullFeatures;classifier;classifier;classifier;N/A;N/A;N/A;2000;100;75;9400;100,0000;0,0000;100,0000;0,0000;100,0000;0,0000;0;0;0;0
20260613_1458;Generalização_1000;classification;LeveragingBagging;Otimizado_FullFeatures;classifier;classifier;classifier;N/A;N/A;N/A;2000;100;76;9500;100,0000;0,0000;100,0000;0,0000;100,0000;0,0000;0;0;0;0
20260613_1458;Generalização_1000;classification;LeveragingBagging;Otimizado_FullFeatures;classifier;classifier;classifier;N/A;N/A;N/A;2000;100;77;9600;0,0000;0,0000;0,0000;0,0000;0,0000;0,0000;0;0;0;0
20260613_1458;Generalização_1000;classification;LeveragingBagging;Otimizado_FullFeatures;classifier;classifier;classifier;N/A;N/A;N/A;2000;100;78;9700;0,0000;0,0000;0,0000;0,0000;0,0000;0,0000;0;0;0;0
20260613_1458;Generalização_1000;classification;LeveragingBagging;Otimizado_FullFeatures;classifier;classifier;classifier;N/A;N/A;N/A;2000;100;79;9800;0,0000;0,0000;0,0000;0,0000;0,0000;0,0000;0;0;0;0
20260613_1458;Generalização_1000;classification;LeveragingBagging;Otimizado_FullFeatures;classifier;classifier;classifier;N/A;N/A;N/A;2000;100;80;9900;0,0000;0,0000;0,0000;0,0000;0,0000;0,0000;0;0;0;0
20260613_1458;Generalização_1000;classification;LeveragingBagging;Otimizado_FullFeatures;classifier;classifier;classifier;N/A;N/A;N/A;2000;100;81;10000;0,0000;0,0000;0,0000;0,0000;0,0000;0,0000;0;0;0;0
20260613_1458;Generalização_1000;classification;LeveragingBagging;Otimizado_FullFeatures;classifier;classifier;classifier;N/A;N/A;N/A;2000;100;82;10100;0,0000;0,0000;0,0000;0,0000;0,0000;0,0000;0;0;0;0
20260613_1458;Generalização_1000;classification;LeveragingBagging;Otimizado_FullFeatures;classifier;classifier;classifier;N/A;N/A;N/A;2000;100;83;10200;0,0000;0,0000;0,0000;0,0000;0,0000;0,0000;0;0;0;0
20260613_1458;Generalização_1000;classification;LeveragingBagging;Otimizado_FullFeatures;classifier;classifier;classifier;N/A;N/A;N/A;2000;100;84;10300;0,0000;0,0000;0,0000;0,0000;0,0000;0,0000;0;0;0;0
20260613_1458;Generalização_1000;classification;LeveragingBagging;Otimizado_FullFeatures;classifier;classifier;classifier;N/A;N/A;N/A;2000;100;85;10400;0,0000;0,0000;0,0000;0,0000;0,0000;0,0000;0;0;0;0
20260613_1458;Generalização_1000;classification;LeveragingBagging;Otimizado_FullFeatures;classifier;classifier;classifier;N/A;N/A;N/A;2000;100;86;10500;0,0000;0,0000;0,0000;0,0000;0,0000;0,0000;0;0;0;0
20260613_1458;Generalização_1000;classification;LeveragingBagging;Otimizado_FullFeatures;classifier;classifier;classifier;N/A;N/A;N/A;2000;100;87;10600;0,0000;0,0000;0,0000;0,0000;0,0000;0,0000;0;0;0;0
20260613_1458;Generalização_1000;classification;LeveragingBagging;Otimizado_FullFeatures;classifier;classifier;classifier;N/A;N/A;N/A;2000;100;88;10700;0,0000;0,0000;0,0000;0,0000;0,0000;0,0000;0;0;0;0
20260613_1458;Generalização_1000;classification;LeveragingBagging;Otimizado_FullFeatures;classifier;classifier;classifier;N/A;N/A;N/A;2000;100;89;10800;0,0000;0,0000;0,0000;0,0000;0,0000;0,0000;0;0;0;0
20260613_1458;Generalização_1000;classification;LeveragingBagging;Otimizado_FullFeatures;classifier;classifier;classifier;N/A;N/A;N/A;2000;100;90;10900;0,0000;0,0000;0,0000;0,0000;0,0000;0,0000;0;0;0;0
20260613_1458;Generalização_1000;classification;LeveragingBagging;Otimizado_FullFeatures;classifier;classifier;classifier;N/A;N/A;N/A;2000;100;91;11000;0,0000;0,0000;0,0000;0,0000;0,0000;0,0000;0;0;0;0
20260613_1458;Generalização_1000;classification;LeveragingBagging;Otimizado_FullFeatures;classifier;classifier;classifier;N/A;N/A;N/A;2000;100;92;11100;0,0000;0,0000;0,0000;0,0000;0,0000;0,0000;0;0;0;0
20260613_1458;Generalização_1000;classification;LeveragingBagging;Otimizado_FullFeatures;classifier;classifier;classifier;N/A;N/A;N/A;2000;100;93;11200;0,0000;0,0000;0,0000;0,0000;0,0000;0,0000;0;0;0;0
20260613_1458;Generalização_1000;classification;LeveragingBagging;Otimizado_FullFeatures;classifier;classifier;classifier;N/A;N/A;N/A;2000;100;94;11300;0,0000;0,0000;0,0000;0,0000;0,0000;0,0000;0;0;0;0
20260613_1458;Generalização_1000;classification;LeveragingBagging;Otimizado_FullFeatures;classifier;classifier;classifier;N/A;N/A;N/A;2000;100;95;11400;0,0000;0,0000;0,0000;0,0000;0,0000;0,0000;0;0;0;0
20260613_1458;Generalização_1000;classification;LeveragingBagging;Otimizado_FullFeatures;classifier;classifier;classifier;N/A;N/A;N/A;2000;100;96;11500;0,0000;0,0000;0,0000;0,0000;0,0000;0,0000;0;0;0;0
20260613_1458;Generalização_1000;classification;LeveragingBagging;Otimizado_FullFeatures;classifier;classifier;classifier;N/A;N/A;N/A;2000;100;97;11600;0,0000;0,0000;0,0000;0,0000;0,0000;0,0000;0;0;0;0
20260613_1458;Generalização_1000;classification;LeveragingBagging;Otimizado_FullFeatures;classifier;classifier;classifier;N/A;N/A;N/A;2000;100;98;11700;0,0000;0,0000;0,0000;0,0000;0,0000;0,0000;0;0;0;0
20260613_1458;Generalização_1000;classification;LeveragingBagging;Otimizado_FullFeatures;classifier;classifier;classifier;N/A;N/A;N/A;2000;100;99;11800;0,0000;0,0000;0,0000;0,0000;0,0000;0,0000;0;0;0;0
20260613_1458;Generalização_1000;classification;LeveragingBagging;Otimizado_FullFeatures;classifier;classifier;classifier;N/A;N/A;N/A;2000;100;100;11900;0,0000;0,0000;0,0000;0,0000;0,0000;0,0000;0;0;0;0
20260613_1458;Generalização_1000;classification;LeveragingBagging;Otimizado_FullFeatures;classifier;classifier;classifier;N/A;N/A;N/A;2000;100;101;12000;0,0000;0,0000;0,0000;0,0000;0,0000;0,0000;0;0;0;0
20260613_1458;Generalização_1000;classification;LeveragingBagging;Otimizado_FullFeatures;classifier;classifier;classifier;N/A;N/A;N/A;2000;100;102;12100;0,0000;0,0000;0,0000;0,0000;0,0000;0,0000;0;0;0;0
20260613_1458;Generalização_1000;classification;LeveragingBagging;Otimizado_FullFeatures;classifier;classifier;classifier;N/A;N/A;N/A;2000;100;103;12200;0,0000;0,0000;0,0000;0,0000;0,0000;0,0000;0;0;0;0
20260613_1458;Generalização_1000;classification;LeveragingBagging;Otimizado_FullFeatures;classifier;classifier;classifier;N/A;N/A;N/A;2000;100;104;12300;0,0000;0,0000;0,0000;0,0000;0,0000;0,0000;0;0;0;0
20260613_1458;Generalização_1000;classification;LeveragingBagging;Otimizado_FullFeatures;classifier;classifier;classifier;N/A;N/A;N/A;2000;100;105;12400;0,0000;0,0000;0,0000;0,0000;0,0000;0,0000;0;0;0;0
20260613_1458;Generalização_1000;classification;LeveragingBagging;Otimizado_FullFeatures;classifier;classifier;classifier;N/A;N/A;N/A;2000;100;106;12500;0,0000;0,0000;0,0000;0,0000;0,0000;0,0000;0;0;0;0
20260613_1458;Generalização_1000;classification;LeveragingBagging;Otimizado_FullFeatures;classifier;classifier;classifier;N/A;N/A;N/A;2000;100;107;12600;0,0000;0,0000;0,0000;0,0000;0,0000;0,0000;0;0;0;0
20260613_1458;Generalização_1000;classification;LeveragingBagging;Otimizado_FullFeatures;classifier;classifier;classifier;N/A;N/A;N/A;2000;100;108;12700;0,0000;0,0000;0,0000;0,0000;0,0000;0,0000;0;0;0;0
20260613_1458;Generalização_1000;classification;LeveragingBagging;Otimizado_FullFeatures;classifier;classifier;classifier;N/A;N/A;N/A;2000;100;109;12800;0,0000;0,0000;0,0000;0,0000;0,0000;0,0000;0;0;0;0
20260613_1458;Generalização_1000;classification;LeveragingBagging;Otimizado_FullFeatures;classifier;classifier;classifier;N/A;N/A;N/A;2000;100;110;12900;0,0000;0,0000;0,0000;0,0000;0,0000;0,0000;0;0;0;0
20260613_1458;Generalização_1000;classification;LeveragingBagging;Otimizado_FullFeatures;classifier;classifier;classifier;N/A;N/A;N/A;2000;100;111;13000;0,0000;0,0000;0,0000;0,0000;0,0000;0,0000;0;0;0;0
20260613_1458;Generalização_1000;classification;LeveragingBagging;Otimizado_FullFeatures;classifier;classifier;classifier;N/A;N/A;N/A;2000;100;112;13100;0,0000;0,0000;0,0000;0,0000;0,0000;0,0000;0;0;0;0
20260613_1458;Generalização_1000;classification;LeveragingBagging;Otimizado_FullFeatures;classifier;classifier;classifier;N/A;N/A;N/A;2000;100;113;13200;0,0000;0,0000;0,0000;0,0000;0,0000;0,0000;0;0;0;0
20260613_1458;Generalização_1000;classification;LeveragingBagging;Otimizado_FullFeatures;classifier;classifier;classifier;N/A;N/A;N/A;2000;100;114;13300;90,6742;1,5942;100,0000;0,0000;82,9787;2,6913;0;0;8;2
20260613_1458;Generalização_1000;classification;LeveragingBagging;Otimizado_FullFeatures;classifier;classifier;classifier;N/A;N/A;N/A;2000;100;115;13400;97,2816;1,2760;100,0000;0,0000;94,7368;2,4004;0;0;5;3
20260613_1458;Generalização_1000;classification;LeveragingBagging;Otimizado_FullFeatures;classifier;classifier;classifier;N/A;N/A;N/A;2000;100;116;13500;97,7867;0,7647;98,7251;2,0401;96,9231;1,6150;2;2;3;2
20260613_1458;Generalização_1000;classification;LeveragingBagging;Otimizado_FullFeatures;classifier;classifier;classifier;N/A;N/A;N/A;2000;100;117;13600;98,9519;0,3628;99,4030;0,7312;98,5075;0,0000;1;1;1;0
20260613_1458;Generalização_1000;classification;LeveragingBagging;Otimizado_FullFeatures;classifier;classifier;classifier;N/A;N/A;N/A;2000;100;118;13700;98,0256;0,2736;100,0000;0,0000;96,1290;0,5268;0;0;4;1
20260613_1458;Generalização_1000;classification;LeveragingBagging;Otimizado_FullFeatures;classifier;classifier;classifier;N/A;N/A;N/A;2000;100;119;13800;100,0000;0,0000;100,0000;0,0000;100,0000;0,0000;0;0;0;0
20260613_1458;Generalização_1000;classification;LeveragingBagging;Otimizado_FullFeatures;classifier;classifier;classifier;N/A;N/A;N/A;2000;100;120;13900;99,6913;0,4121;100,0000;0,0000;99,3878;0,8163;0;0;1;1
20260613_1458;Generalização_1000;classification;LeveragingBagging;Otimizado_FullFeatures;classifier;classifier;classifier;N/A;N/A;N/A;2000;100;121;14000;99,7970;0,2487;100,0000;0,0000;99,5960;0,4948;0;0;1;1
20260613_1458;Generalização_1000;classification;LeveragingBagging;Otimizado_FullFeatures;classifier;classifier;classifier;N/A;N/A;N/A;2000;100;122;14100;100,0000;0,0000;100,0000;0,0000;100,0000;0,0000;0;0;0;0
20260613_1458;Generalização_1000;classification;LeveragingBagging;Otimizado_FullFeatures;classifier;classifier;classifier;N/A;N/A;N/A;2000;100;123;14200;99,8985;0,2030;99,7980;0,4040;100,0000;0,0000;1;1;0;0
20260613_1458;Generalização_1000;classification;LeveragingBagging;Otimizado_FullFeatures;classifier;classifier;classifier;N/A;N/A;N/A;2000;100;124;14300;97,4330;1,3009;95,0257;2,4518;100,0000;0,0000;3;2;0;0
20260613_1458;Generalização_1000;classification;LeveragingBagging;Otimizado_FullFeatures;classifier;classifier;classifier;N/A;N/A;N/A;2000;100;125;14400;0,0000;0,0000;0,0000;0,0000;0,0000;0,0000;2;2;0;0
20260613_1458;Generalização_1000;classification;LeveragingBagging;Otimizado_FullFeatures;classifier;classifier;classifier;N/A;N/A;N/A;2000;100;126;14500;0,0000;0,0000;0,0000;0,0000;0,0000;0,0000;1;1;0;0
20260613_1458;Generalização_1000;classification;LeveragingBagging;Otimizado_FullFeatures;classifier;classifier;classifier;N/A;N/A;N/A;2000;100;127;14600;0,0000;0,0000;0,0000;0,0000;0,0000;0,0000;0;0;0;0
20260613_1458;Generalização_1000;classification;LeveragingBagging;Otimizado_FullFeatures;classifier;classifier;classifier;N/A;N/A;N/A;2000;100;128;14700;0,0000;0,0000;0,0000;0,0000;0,0000;0,0000;1;1;0;0
20260613_1458;Generalização_1000;classification;LeveragingBagging;Otimizado_FullFeatures;classifier;classifier;classifier;N/A;N/A;N/A;2000;100;129;14800;0,0000;0,0000;0,0000;0,0000;0,0000;0,0000;0;0;0;0
20260613_1458;Generalização_1000;classification;LeveragingBagging;Otimizado_FullFeatures;classifier;classifier;classifier;N/A;N/A;N/A;2000;100;130;14900;0,0000;0,0000;0,0000;0,0000;0,0000;0,0000;1;1;0;0
20260613_1458;Generalização_1000;classification;LeveragingBagging;Otimizado_FullFeatures;classifier;classifier;classifier;N/A;N/A;N/A;2000;100;131;15000;0,0000;0,0000;0,0000;0,0000;0,0000;0,0000;1;1;0;0
20260613_1458;Generalização_1000;classification;LeveragingBagging;Otimizado_FullFeatures;classifier;classifier;classifier;N/A;N/A;N/A;2000;100;132;15100;0,0000;0,0000;0,0000;0,0000;0,0000;0,0000;0;0;0;0
20260613_1458;Generalização_1000;classification;LeveragingBagging;Otimizado_FullFeatures;classifier;classifier;classifier;N/A;N/A;N/A;2000;100;133;15200;0,0000;0,0000;0,0000;0,0000;0,0000;0,0000;0;0;0;0
20260613_1458;Generalização_1000;classification;LeveragingBagging;Otimizado_FullFeatures;classifier;classifier;classifier;N/A;N/A;N/A;2000;100;134;15300;0,0000;0,0000;0,0000;0,0000;0,0000;0,0000;0;0;0;0
20260613_1458;Generalização_1000;classification;LeveragingBagging;Otimizado_FullFeatures;classifier;classifier;classifier;N/A;N/A;N/A;2000;100;135;15400;0,0000;0,0000;0,0000;0,0000;0,0000;0,0000;0;0;0;0
20260613_1458;Generalização_1000;classification;LeveragingBagging;Otimizado_FullFeatures;classifier;classifier;classifier;N/A;N/A;N/A;2000;100;136;15500;0,0000;0,0000;0,0000;0,0000;0,0000;0,0000;0;0;0;0
20260613_1458;Generalização_1000;classification;LeveragingBagging;Otimizado_FullFeatures;classifier;classifier;classifier;N/A;N/A;N/A;2000;100;137;15600;0,0000;0,0000;0,0000;0,0000;0,0000;0,0000;0;0;0;0
20260613_1458;Generalização_1000;classification;LeveragingBagging;Otimizado_FullFeatures;classifier;classifier;classifier;N/A;N/A;N/A;2000;100;138;15700;0,0000;0,0000;0,0000;0,0000;0,0000;0,0000;0;0;0;0
20260613_1458;Generalização_1000;classification;LeveragingBagging;Otimizado_FullFeatures;classifier;classifier;classifier;N/A;N/A;N/A;2000;100;139;15800;0,0000;0,0000;0,0000;0,0000;0,0000;0,0000;0;0;0;0
20260613_1458;Generalização_1000;classification;LeveragingBagging;Otimizado_FullFeatures;classifier;classifier;classifier;N/A;N/A;N/A;2000;100;140;15900;0,0000;0,0000;0,0000;0,0000;0,0000;0,0000;0;0;0;0
20260613_1458;Generalização_1000;classification;LeveragingBagging;Otimizado_FullFeatures;classifier;classifier;classifier;N/A;N/A;N/A;2000;100;141;16000;0,0000;0,0000;0,0000;0,0000;0,0000;0,0000;0;0;0;0
20260613_1458;Generalização_1000;classification;LeveragingBagging;Otimizado_FullFeatures;classifier;classifier;classifier;N/A;N/A;N/A;2000;100;142;16100;0,0000;0,0000;0,0000;0,0000;0,0000;0,0000;0;0;0;0
20260613_1458;Generalização_1000;classification;LeveragingBagging;Otimizado_FullFeatures;classifier;classifier;classifier;N/A;N/A;N/A;2000;100;143;16200;0,0000;0,0000;0,0000;0,0000;0,0000;0,0000;0;0;0;0
20260613_1458;Generalização_1000;classification;LeveragingBagging;Otimizado_FullFeatures;classifier;classifier;classifier;N/A;N/A;N/A;2000;100;144;16300;0,0000;0,0000;0,0000;0,0000;0,0000;0,0000;0;0;0;0
20260613_1458;Generalização_1000;classification;LeveragingBagging;Otimizado_FullFeatures;classifier;classifier;classifier;N/A;N/A;N/A;2000;100;145;16400;0,0000;0,0000;0,0000;0,0000;0,0000;0,0000;0;0;0;0
20260613_1458;Generalização_1000;classification;LeveragingBagging;Otimizado_FullFeatures;classifier;classifier;classifier;N/A;N/A;N/A;2000;100;146;16500;0,0000;0,0000;0,0000;0,0000;0,0000;0,0000;0;0;0;0
20260613_1458;Generalização_1000;classification;LeveragingBagging;Otimizado_FullFeatures;classifier;classifier;classifier;N/A;N/A;N/A;2000;100;147;16600;0,0000;0,0000;0,0000;0,0000;0,0000;0,0000;0;0;0;0
20260613_1458;Generalização_1000;classification;LeveragingBagging;Otimizado_FullFeatures;classifier;classifier;classifier;N/A;N/A;N/A;2000;100;148;16700;0,0000;0,0000;0,0000;0,0000;0,0000;0,0000;0;0;0;0
20260613_1458;Generalização_1000;classification;LeveragingBagging;Otimizado_FullFeatures;classifier;classifier;classifier;N/A;N/A;N/A;2000;100;149;16800;0,0000;0,0000;0,0000;0,0000;0,0000;0,0000;0;0;0;0
20260613_1458;Generalização_1000;classification;LeveragingBagging;Otimizado_FullFeatures;classifier;classifier;classifier;N/A;N/A;N/A;2000;100;150;16900;0,0000;0,0000;0,0000;0,0000;0,0000;0,0000;0;0;0;0
20260613_1458;Generalização_1000;classification;LeveragingBagging;Otimizado_FullFeatures;classifier;classifier;classifier;N/A;N/A;N/A;2000;100;151;17000;0,0000;0,0000;0,0000;0,0000;0,0000;0,0000;0;0;0;0
20260613_1458;Generalização_1000;classification;LeveragingBagging;Otimizado_FullFeatures;classifier;classifier;classifier;N/A;N/A;N/A;2000;100;152;17100;0,0000;0,0000;0,0000;0,0000;0,0000;0,0000;0;0;0;0
20260613_1458;Generalização_1000;classification;LeveragingBagging;Otimizado_FullFeatures;classifier;classifier;classifier;N/A;N/A;N/A;2000;100;153;17200;0,0000;0,0000;0,0000;0,0000;0,0000;0,0000;0;0;0;0
20260613_1458;Generalização_1000;classification;LeveragingBagging;Otimizado_FullFeatures;classifier;classifier;classifier;N/A;N/A;N/A;2000;100;154;17300;0,0000;0,0000;0,0000;0,0000;0,0000;0,0000;0;0;0;0
20260613_1458;Generalização_1000;classification;LeveragingBagging;Otimizado_FullFeatures;classifier;classifier;classifier;N/A;N/A;N/A;2000;100;155;17400;0,0000;0,0000;0,0000;0,0000;0,0000;0,0000;0;0;0;0
20260613_1458;Generalização_1000;classification;LeveragingBagging;Otimizado_FullFeatures;classifier;classifier;classifier;N/A;N/A;N/A;2000;100;156;17500;0,0000;0,0000;0,0000;0,0000;0,0000;0,0000;0;0;0;0
20260613_1458;Generalização_1000;classification;LeveragingBagging;Otimizado_FullFeatures;classifier;classifier;classifier;N/A;N/A;N/A;2000;100;157;17600;0,0000;0,0000;0,0000;0,0000;0,0000;0,0000;0;0;0;0
20260613_1458;Generalização_1000;classification;LeveragingBagging;Otimizado_FullFeatures;classifier;classifier;classifier;N/A;N/A;N/A;2000;100;158;17700;0,0000;0,0000;0,0000;0,0000;0,0000;0,0000;0;0;0;0
20260613_1458;Generalização_1000;classification;LeveragingBagging;Otimizado_FullFeatures;classifier;classifier;classifier;N/A;N/A;N/A;2000;100;159;17800;0,0000;0,0000;0,0000;0,0000;0,0000;0,0000;0;0;0;0
20260613_1458;Generalização_1000;classification;LeveragingBagging;Otimizado_FullFeatures;classifier;classifier;classifier;N/A;N/A;N/A;2000;100;160;17900;0,0000;0,0000;0,0000;0,0000;0,0000;0,0000;0;0;0;0
20260614_0117;Consistência_25;classification;LeveragingBagging;Otimizado_FullFeatures;classifier;classifier;classifier;N/A;N/A;N/A;2000;100;1;2000;0,0000;0,0000;0,0000;0,0000;0,0000;0,0000;0;0;0;0
20260614_0117;Consistência_25;classification;LeveragingBagging;Otimizado_FullFeatures;classifier;classifier;classifier;N/A;N/A;N/A;2000;100;2;2100;0,0000;0,0000;0,0000;0,0000;0,0000;0,0000;0;0;0;0
20260614_0117;Consistência_25;classification;LeveragingBagging;Otimizado_FullFeatures;classifier;classifier;classifier;N/A;N/A;N/A;2000;100;3;2200;0,0000;0,0000;0,0000;0,0000;0,0000;0,0000;0;0;0;0
20260614_0117;Consistência_25;classification;LeveragingBagging;Otimizado_FullFeatures;classifier;classifier;classifier;N/A;N/A;N/A;2000;100;4;2300;0,0000;0,0000;0,0000;0,0000;0,0000;0,0000;0;0;0;0
20260614_0117;Consistência_25;classification;LeveragingBagging;Otimizado_FullFeatures;classifier;classifier;classifier;N/A;N/A;N/A;2000;100;5;2400;0,0000;0,0000;0,0000;0,0000;0,0000;0,0000;0;0;0;0
20260614_0117;Consistência_25;classification;LeveragingBagging;Otimizado_FullFeatures;classifier;classifier;classifier;N/A;N/A;N/A;2000;100;6;2500;0,0000;0,0000;0,0000;0,0000;0,0000;0,0000;0;0;0;0
20260614_0117;Consistência_25;classification;LeveragingBagging;Otimizado_FullFeatures;classifier;classifier;classifier;N/A;N/A;N/A;2000;100;7;2600;0,0000;0,0000;0,0000;0,0000;0,0000;0,0000;0;0;0;0
20260614_0117;Consistência_25;classification;LeveragingBagging;Otimizado_FullFeatures;classifier;classifier;classifier;N/A;N/A;N/A;2000;100;8;2700;0,0000;0,0000;0,0000;0,0000;0,0000;0,0000;0;0;0;0
20260614_0117;Consistência_25;classification;LeveragingBagging;Otimizado_FullFeatures;classifier;classifier;classifier;N/A;N/A;N/A;2000;100;9;2800;0,0000;0,0000;0,0000;0,0000;0,0000;0,0000;0;0;0;0
20260614_0117;Consistência_25;classification;LeveragingBagging;Otimizado_FullFeatures;classifier;classifier;classifier;N/A;N/A;N/A;2000;100;10;2900;0,0000;0,0000;0,0000;0,0000;0,0000;0,0000;0;0;0;0
20260614_0117;Consistência_25;classification;LeveragingBagging;Otimizado_FullFeatures;classifier;classifier;classifier;N/A;N/A;N/A;2000;100;11;3000;0,0000;0,0000;0,0000;0,0000;0,0000;0,0000;0;0;0;0
20260614_0117;Consistência_25;classification;LeveragingBagging;Otimizado_FullFeatures;classifier;classifier;classifier;N/A;N/A;N/A;2000;100;12;3100;0,0000;0,0000;0,0000;0,0000;0,0000;0,0000;0;0;0;0
20260614_0117;Consistência_25;classification;LeveragingBagging;Otimizado_FullFeatures;classifier;classifier;classifier;N/A;N/A;N/A;2000;100;13;3200;0,0000;0,0000;0,0000;0,0000;0,0000;0,0000;0;0;0;0
20260614_0117;Consistência_25;classification;LeveragingBagging;Otimizado_FullFeatures;classifier;classifier;classifier;N/A;N/A;N/A;2000;100;14;3300;0,0000;0,0000;0,0000;0,0000;0,0000;0,0000;0;0;0;0
20260614_0117;Consistência_25;classification;LeveragingBagging;Otimizado_FullFeatures;classifier;classifier;classifier;N/A;N/A;N/A;2000;100;15;3400;0,0000;0,0000;0,0000;0,0000;0,0000;0,0000;0;0;0;0
20260614_0117;Consistência_25;classification;LeveragingBagging;Otimizado_FullFeatures;classifier;classifier;classifier;N/A;N/A;N/A;2000;100;16;3500;0,0000;0,0000;0,0000;0,0000;0,0000;0,0000;0;0;0;0
20260614_0117;Consistência_25;classification;LeveragingBagging;Otimizado_FullFeatures;classifier;classifier;classifier;N/A;N/A;N/A;2000;100;17;3600;0,0000;0,0000;0,0000;0,0000;0,0000;0,0000;0;0;0;0
20260614_0117;Consistência_25;classification;LeveragingBagging;Otimizado_FullFeatures;classifier;classifier;classifier;N/A;N/A;N/A;2000;100;18;3700;0,0000;0,0000;0,0000;0,0000;0,0000;0,0000;0;0;0;0
20260614_0117;Consistência_25;classification;LeveragingBagging;Otimizado_FullFeatures;classifier;classifier;classifier;N/A;N/A;N/A;2000;100;19;3800;89,8551;1,1833;100,0000;0,0000;81,6000;1,9596;0;0;5;1
20260614_0117;Consistência_25;classification;LeveragingBagging;Otimizado_FullFeatures;classifier;classifier;classifier;N/A;N/A;N/A;2000;100;20;3900;0,0000;0,0000;0,0000;0,0000;0,0000;0,0000;2;1;0;0
20260614_0117;Consistência_25;classification;LeveragingBagging;Otimizado_FullFeatures;classifier;classifier;classifier;N/A;N/A;N/A;2000;100;21;4000;0,0000;0,0000;0,0000;0,0000;0,0000;0,0000;1;0;0;0
20260614_0117;Consistência_25;classification;LeveragingBagging;Otimizado_FullFeatures;classifier;classifier;classifier;N/A;N/A;N/A;2000;100;22;4100;0,0000;0,0000;0,0000;0,0000;0,0000;0,0000;0;0;0;0
20260614_0117;Consistência_25;classification;LeveragingBagging;Otimizado_FullFeatures;classifier;classifier;classifier;N/A;N/A;N/A;2000;100;23;4200;0,0000;0,0000;0,0000;0,0000;0,0000;0,0000;0;0;0;0
20260614_0117;Consistência_25;classification;LeveragingBagging;Otimizado_FullFeatures;classifier;classifier;classifier;N/A;N/A;N/A;2000;100;24;4300;0,0000;0,0000;0,0000;0,0000;0,0000;0,0000;0;0;0;0
20260614_0117;Consistência_25;classification;LeveragingBagging;Otimizado_FullFeatures;classifier;classifier;classifier;N/A;N/A;N/A;2000;100;25;4400;0,0000;0,0000;0,0000;0,0000;0,0000;0,0000;0;0;0;0
20260614_0117;Consistência_25;classification;LeveragingBagging;Otimizado_FullFeatures;classifier;classifier;classifier;N/A;N/A;N/A;2000;100;26;4500;0,0000;0,0000;0,0000;0,0000;0,0000;0,0000;0;0;0;0
20260614_0117;Consistência_25;classification;LeveragingBagging;Otimizado_FullFeatures;classifier;classifier;classifier;N/A;N/A;N/A;2000;100;27;4600;0,0000;0,0000;0,0000;0,0000;0,0000;0,0000;0;0;0;0
20260614_0117;Consistência_25;classification;LeveragingBagging;Otimizado_FullFeatures;classifier;classifier;classifier;N/A;N/A;N/A;2000;100;28;4700;0,0000;0,0000;0,0000;0,0000;0,0000;0,0000;0;0;0;0
20260614_0117;Consistência_25;classification;LeveragingBagging;Otimizado_FullFeatures;classifier;classifier;classifier;N/A;N/A;N/A;2000;100;29;4800;0,0000;0,0000;0,0000;0,0000;0,0000;0,0000;0;0;0;0
20260614_0117;Consistência_25;classification;LeveragingBagging;Otimizado_FullFeatures;classifier;classifier;classifier;N/A;N/A;N/A;2000;100;30;4900;0,0000;0,0000;0,0000;0,0000;0,0000;0,0000;0;0;0;0
20260614_0117;Consistência_25;classification;LeveragingBagging;Otimizado_FullFeatures;classifier;classifier;classifier;N/A;N/A;N/A;2000;100;31;5000;0,0000;0,0000;0,0000;0,0000;0,0000;0,0000;0;0;0;0
20260614_0117;Consistência_25;classification;LeveragingBagging;Otimizado_FullFeatures;classifier;classifier;classifier;N/A;N/A;N/A;2000;100;32;5100;0,0000;0,0000;0,0000;0,0000;0,0000;0,0000;0;0;0;0
20260614_0117;Consistência_25;classification;LeveragingBagging;Otimizado_FullFeatures;classifier;classifier;classifier;N/A;N/A;N/A;2000;100;33;5200;0,0000;0,0000;0,0000;0,0000;0,0000;0,0000;0;0;0;0
20260614_0117;Consistência_25;classification;LeveragingBagging;Otimizado_FullFeatures;classifier;classifier;classifier;N/A;N/A;N/A;2000;100;34;5300;0,0000;0,0000;0,0000;0,0000;0,0000;0,0000;0;0;0;0
20260614_0117;Consistência_25;classification;LeveragingBagging;Otimizado_FullFeatures;classifier;classifier;classifier;N/A;N/A;N/A;2000;100;35;5400;0,0000;0,0000;0,0000;0,0000;0,0000;0,0000;0;0;0;0
20260614_0117;Consistência_25;classification;LeveragingBagging;Otimizado_FullFeatures;classifier;classifier;classifier;N/A;N/A;N/A;2000;100;36;5500;0,0000;0,0000;0,0000;0,0000;0,0000;0,0000;0;0;0;0
20260614_0117;Consistência_25;classification;LeveragingBagging;Otimizado_FullFeatures;classifier;classifier;classifier;N/A;N/A;N/A;2000;100;37;5600;0,0000;0,0000;0,0000;0,0000;0,0000;0,0000;0;0;0;0
20260614_0117;Consistência_25;classification;LeveragingBagging;Otimizado_FullFeatures;classifier;classifier;classifier;N/A;N/A;N/A;2000;100;38;5700;0,0000;0,0000;0,0000;0,0000;0,0000;0,0000;0;0;0;0
20260614_0117;Consistência_25;classification;LeveragingBagging;Otimizado_FullFeatures;classifier;classifier;classifier;N/A;N/A;N/A;2000;100;39;5800;0,0000;0,0000;0,0000;0,0000;0,0000;0,0000;0;0;0;0
20260614_0117;Consistência_25;classification;LeveragingBagging;Otimizado_FullFeatures;classifier;classifier;classifier;N/A;N/A;N/A;2000;100;40;5900;0,0000;0,0000;0,0000;0,0000;0,0000;0,0000;0;0;0;0
20260614_0117;Consistência_25;classification;LeveragingBagging;Otimizado_FullFeatures;classifier;classifier;classifier;N/A;N/A;N/A;2000;100;41;6000;0,0000;0,0000;0,0000;0,0000;0,0000;0,0000;0;0;0;0
20260614_0117;Consistência_25;classification;LeveragingBagging;Otimizado_FullFeatures;classifier;classifier;classifier;N/A;N/A;N/A;2000;100;42;6100;0,0000;0,0000;0,0000;0,0000;0,0000;0,0000;0;0;0;0
20260614_0117;Consistência_25;classification;LeveragingBagging;Otimizado_FullFeatures;classifier;classifier;classifier;N/A;N/A;N/A;2000;100;43;6200;0,0000;0,0000;0,0000;0,0000;0,0000;0,0000;0;0;0;0
20260614_0117;Consistência_25;classification;LeveragingBagging;Otimizado_FullFeatures;classifier;classifier;classifier;N/A;N/A;N/A;2000;100;44;6300;0,0000;0,0000;0,0000;0,0000;0,0000;0,0000;0;0;0;0
20260614_0117;Consistência_25;classification;LeveragingBagging;Otimizado_FullFeatures;classifier;classifier;classifier;N/A;N/A;N/A;2000;100;45;6400;0,0000;0,0000;0,0000;0,0000;0,0000;0,0000;0;0;0;0
20260614_0117;Consistência_25;classification;LeveragingBagging;Otimizado_FullFeatures;classifier;classifier;classifier;N/A;N/A;N/A;2000;100;46;6500;0,0000;0,0000;0,0000;0,0000;0,0000;0,0000;0;0;0;0
20260614_0117;Consistência_25;classification;LeveragingBagging;Otimizado_FullFeatures;classifier;classifier;classifier;N/A;N/A;N/A;2000;100;47;6600;0,0000;0,0000;0,0000;0,0000;0,0000;0,0000;0;0;0;0
20260614_0117;Consistência_25;classification;LeveragingBagging;Otimizado_FullFeatures;classifier;classifier;classifier;N/A;N/A;N/A;2000;100;48;6700;0,0000;0,0000;0,0000;0,0000;0,0000;0,0000;0;0;0;0
20260614_0117;Consistência_25;classification;LeveragingBagging;Otimizado_FullFeatures;classifier;classifier;classifier;N/A;N/A;N/A;2000;100;49;6800;0,0000;0,0000;0,0000;0,0000;0,0000;0,0000;0;0;0;0
20260614_0117;Consistência_25;classification;LeveragingBagging;Otimizado_FullFeatures;classifier;classifier;classifier;N/A;N/A;N/A;2000;100;50;6900;0,0000;0,0000;0,0000;0,0000;0,0000;0,0000;0;0;0;0
20260614_0117;Consistência_25;classification;LeveragingBagging;Otimizado_FullFeatures;classifier;classifier;classifier;N/A;N/A;N/A;2000;100;51;7000;0,0000;0,0000;0,0000;0,0000;0,0000;0,0000;0;0;0;0
20260614_0117;Consistência_25;classification;LeveragingBagging;Otimizado_FullFeatures;classifier;classifier;classifier;N/A;N/A;N/A;2000;100;52;7100;0,0000;0,0000;0,0000;0,0000;0,0000;0,0000;0;0;0;0
20260614_0117;Consistência_25;classification;LeveragingBagging;Otimizado_FullFeatures;classifier;classifier;classifier;N/A;N/A;N/A;2000;100;53;7200;0,0000;0,0000;0,0000;0,0000;0,0000;0,0000;0;0;0;0
20260614_0117;Consistência_25;classification;LeveragingBagging;Otimizado_FullFeatures;classifier;classifier;classifier;N/A;N/A;N/A;2000;100;54;7300;0,0000;0,0000;0,0000;0,0000;0,0000;0,0000;0;0;0;0
20260614_0117;Consistência_25;classification;LeveragingBagging;Otimizado_FullFeatures;classifier;classifier;classifier;N/A;N/A;N/A;2000;100;55;7400;0,0000;0,0000;0,0000;0,0000;0,0000;0,0000;0;0;0;0
20260614_0117;Consistência_25;classification;LeveragingBagging;Otimizado_FullFeatures;classifier;classifier;classifier;N/A;N/A;N/A;2000;100;56;7500;0,0000;0,0000;0,0000;0,0000;0,0000;0,0000;0;0;0;0
20260614_0117;Consistência_25;classification;LeveragingBagging;Otimizado_FullFeatures;classifier;classifier;classifier;N/A;N/A;N/A;2000;100;57;7600;97,7778;0,0000;100,0000;0,0000;95,6522;0,0000;0;0;1;0
20260614_0117;Consistência_25;classification;LeveragingBagging;Otimizado_FullFeatures;classifier;classifier;classifier;N/A;N/A;N/A;2000;100;58;7700;0,0000;0,0000;0,0000;0,0000;0,0000;0,0000;0;0;0;0
20260614_0117;Consistência_25;classification;LeveragingBagging;Otimizado_FullFeatures;classifier;classifier;classifier;N/A;N/A;N/A;2000;100;59;7800;0,0000;0,0000;0,0000;0,0000;0,0000;0,0000;0;0;0;0
20260614_0117;Consistência_25;classification;LeveragingBagging;Otimizado_FullFeatures;classifier;classifier;classifier;N/A;N/A;N/A;2000;100;60;7900;0,0000;0,0000;0,0000;0,0000;0,0000;0,0000;0;0;0;0
20260614_0117;Consistência_25;classification;LeveragingBagging;Otimizado_FullFeatures;classifier;classifier;classifier;N/A;N/A;N/A;2000;100;61;8000;0,0000;0,0000;0,0000;0,0000;0,0000;0,0000;0;0;0;0
20260614_0117;Consistência_25;classification;LeveragingBagging;Otimizado_FullFeatures;classifier;classifier;classifier;N/A;N/A;N/A;2000;100;62;8100;0,0000;0,0000;0,0000;0,0000;0,0000;0,0000;0;0;0;0
20260614_0117;Consistência_25;classification;LeveragingBagging;Otimizado_FullFeatures;classifier;classifier;classifier;N/A;N/A;N/A;2000;100;63;8200;0,0000;0,0000;0,0000;0,0000;0,0000;0,0000;0;0;0;0
20260614_0117;Consistência_25;classification;LeveragingBagging;Otimizado_FullFeatures;classifier;classifier;classifier;N/A;N/A;N/A;2000;100;64;8300;0,0000;0,0000;0,0000;0,0000;0,0000;0,0000;0;0;0;0
20260614_0117;Consistência_25;classification;LeveragingBagging;Otimizado_FullFeatures;classifier;classifier;classifier;N/A;N/A;N/A;2000;100;65;8400;0,0000;0,0000;0,0000;0,0000;0,0000;0,0000;0;0;0;0
20260614_0117;Consistência_25;classification;LeveragingBagging;Otimizado_FullFeatures;classifier;classifier;classifier;N/A;N/A;N/A;2000;100;66;8500;0,0000;0,0000;0,0000;0,0000;0,0000;0,0000;0;0;0;0
20260614_0117;Consistência_25;classification;LeveragingBagging;Otimizado_FullFeatures;classifier;classifier;classifier;N/A;N/A;N/A;2000;100;67;8600;0,0000;0,0000;0,0000;0,0000;0,0000;0,0000;0;0;0;0
20260614_0117;Consistência_25;classification;LeveragingBagging;Otimizado_FullFeatures;classifier;classifier;classifier;N/A;N/A;N/A;2000;100;68;8700;0,0000;0,0000;0,0000;0,0000;0,0000;0,0000;0;0;0;0
20260614_0117;Consistência_25;classification;LeveragingBagging;Otimizado_FullFeatures;classifier;classifier;classifier;N/A;N/A;N/A;2000;100;69;8800;0,0000;0,0000;0,0000;0,0000;0,0000;0,0000;0;0;0;0
20260614_0117;Consistência_25;classification;LeveragingBagging;Otimizado_FullFeatures;classifier;classifier;classifier;N/A;N/A;N/A;2000;100;70;8900;0,0000;0,0000;0,0000;0,0000;0,0000;0,0000;0;0;0;0
20260614_0117;Consistência_25;classification;LeveragingBagging;Otimizado_FullFeatures;classifier;classifier;classifier;N/A;N/A;N/A;2000;100;71;9000;0,0000;0,0000;0,0000;0,0000;0,0000;0,0000;0;0;0;0
20260614_0117;Consistência_25;classification;LeveragingBagging;Otimizado_FullFeatures;classifier;classifier;classifier;N/A;N/A;N/A;2000;100;72;9100;0,0000;0,0000;0,0000;0,0000;0,0000;0,0000;0;0;0;0
20260614_0117;Consistência_25;classification;LeveragingBagging;Otimizado_FullFeatures;classifier;classifier;classifier;N/A;N/A;N/A;2000;100;73;9200;0,0000;0,0000;0,0000;0,0000;0,0000;0,0000;0;0;0;0
20260614_0117;Consistência_25;classification;LeveragingBagging;Otimizado_FullFeatures;classifier;classifier;classifier;N/A;N/A;N/A;2000;100;74;9300;0,0000;0,0000;0,0000;0,0000;0,0000;0,0000;0;0;0;0
20260614_0117;Consistência_25;classification;LeveragingBagging;Otimizado_FullFeatures;classifier;classifier;classifier;N/A;N/A;N/A;2000;100;75;9400;0,0000;0,0000;0,0000;0,0000;0,0000;0,0000;0;0;0;0
20260614_0117;Consistência_25;classification;LeveragingBagging;Otimizado_FullFeatures;classifier;classifier;classifier;N/A;N/A;N/A;2000;100;76;9500;0,0000;0,0000;0,0000;0,0000;0,0000;0,0000;0;0;0;0
20260614_0117;Consistência_25;classification;LeveragingBagging;Otimizado_FullFeatures;classifier;classifier;classifier;N/A;N/A;N/A;2000;100;77;9600;0,0000;0,0000;0,0000;0,0000;0,0000;0,0000;0;0;0;0
20260614_0117;Consistência_25;classification;LeveragingBagging;Otimizado_FullFeatures;classifier;classifier;classifier;N/A;N/A;N/A;2000;100;78;9700;0,0000;0,0000;0,0000;0,0000;0,0000;0,0000;0;0;0;0
20260614_0117;Consistência_25;classification;LeveragingBagging;Otimizado_FullFeatures;classifier;classifier;classifier;N/A;N/A;N/A;2000;100;79;9800;0,0000;0,0000;0,0000;0,0000;0,0000;0,0000;0;0;0;0
20260614_0117;Consistência_25;classification;LeveragingBagging;Otimizado_FullFeatures;classifier;classifier;classifier;N/A;N/A;N/A;2000;100;80;9900;0,0000;0,0000;0,0000;0,0000;0,0000;0,0000;0;0;0;0
20260614_0117;Consistência_25;classification;LeveragingBagging;Otimizado_FullFeatures;classifier;classifier;classifier;N/A;N/A;N/A;2000;100;81;10000;0,0000;0,0000;0,0000;0,0000;0,0000;0,0000;0;0;0;0
20260614_0117;Consistência_25;classification;LeveragingBagging;Otimizado_FullFeatures;classifier;classifier;classifier;N/A;N/A;N/A;2000;100;82;10100;0,0000;0,0000;0,0000;0,0000;0,0000;0,0000;0;0;0;0
20260614_0117;Consistência_25;classification;LeveragingBagging;Otimizado_FullFeatures;classifier;classifier;classifier;N/A;N/A;N/A;2000;100;83;10200;0,0000;0,0000;0,0000;0,0000;0,0000;0,0000;0;0;0;0
20260614_0117;Consistência_25;classification;LeveragingBagging;Otimizado_FullFeatures;classifier;classifier;classifier;N/A;N/A;N/A;2000;100;84;10300;0,0000;0,0000;0,0000;0,0000;0,0000;0,0000;0;0;0;0
20260614_0117;Consistência_25;classification;LeveragingBagging;Otimizado_FullFeatures;classifier;classifier;classifier;N/A;N/A;N/A;2000;100;85;10400;0,0000;0,0000;0,0000;0,0000;0,0000;0,0000;0;0;0;0
20260614_0117;Consistência_25;classification;LeveragingBagging;Otimizado_FullFeatures;classifier;classifier;classifier;N/A;N/A;N/A;2000;100;86;10500;0,0000;0,0000;0,0000;0,0000;0,0000;0,0000;0;0;0;0
20260614_0117;Consistência_25;classification;LeveragingBagging;Otimizado_FullFeatures;classifier;classifier;classifier;N/A;N/A;N/A;2000;100;87;10600;0,0000;0,0000;0,0000;0,0000;0,0000;0,0000;0;0;0;0
20260614_0117;Consistência_25;classification;LeveragingBagging;Otimizado_FullFeatures;classifier;classifier;classifier;N/A;N/A;N/A;2000;100;88;10700;0,0000;0,0000;0,0000;0,0000;0,0000;0,0000;0;0;0;0
20260614_0117;Consistência_25;classification;LeveragingBagging;Otimizado_FullFeatures;classifier;classifier;classifier;N/A;N/A;N/A;2000;100;89;10800;0,0000;0,0000;0,0000;0,0000;0,0000;0,0000;0;0;0;0
20260614_0117;Consistência_25;classification;LeveragingBagging;Otimizado_FullFeatures;classifier;classifier;classifier;N/A;N/A;N/A;2000;100;90;10900;0,0000;0,0000;0,0000;0,0000;0,0000;0,0000;0;0;0;0
20260614_0117;Consistência_25;classification;LeveragingBagging;Otimizado_FullFeatures;classifier;classifier;classifier;N/A;N/A;N/A;2000;100;91;11000;0,0000;0,0000;0,0000;0,0000;0,0000;0,0000;0;0;0;0
20260614_0117;Consistência_25;classification;LeveragingBagging;Otimizado_FullFeatures;classifier;classifier;classifier;N/A;N/A;N/A;2000;100;92;11100;0,0000;0,0000;0,0000;0,0000;0,0000;0,0000;0;0;0;0
20260614_0117;Consistência_25;classification;LeveragingBagging;Otimizado_FullFeatures;classifier;classifier;classifier;N/A;N/A;N/A;2000;100;93;11200;0,0000;0,0000;0,0000;0,0000;0,0000;0,0000;0;0;0;0
20260614_0117;Consistência_25;classification;LeveragingBagging;Otimizado_FullFeatures;classifier;classifier;classifier;N/A;N/A;N/A;2000;100;94;11300;100,0000;0,0000;100,0000;0,0000;100,0000;0,0000;0;0;0;0
20260614_0117;Consistência_25;classification;LeveragingBagging;Otimizado_FullFeatures;classifier;classifier;classifier;N/A;N/A;N/A;2000;100;95;11400;97,7778;0,0000;100,0000;0,0000;95,6522;0,0000;0;0;1;0
20260614_0117;Consistência_25;classification;LeveragingBagging;Otimizado_FullFeatures;classifier;classifier;classifier;N/A;N/A;N/A;2000;100;96;11500;0,0000;0,0000;0,0000;0,0000;0,0000;0,0000;0;0;0;0
20260614_0117;Consistência_25;classification;LeveragingBagging;Otimizado_FullFeatures;classifier;classifier;classifier;N/A;N/A;N/A;2000;100;97;11600;0,0000;0,0000;0,0000;0,0000;0,0000;0,0000;0;0;0;0
20260614_0117;Consistência_25;classification;LeveragingBagging;Otimizado_FullFeatures;classifier;classifier;classifier;N/A;N/A;N/A;2000;100;98;11700;0,0000;0,0000;0,0000;0,0000;0,0000;0,0000;0;0;0;0
20260614_0117;Consistência_25;classification;LeveragingBagging;Otimizado_FullFeatures;classifier;classifier;classifier;N/A;N/A;N/A;2000;100;99;11800;0,0000;0,0000;0,0000;0,0000;0,0000;0,0000;0;0;0;0
20260614_0117;Consistência_25;classification;LeveragingBagging;Otimizado_FullFeatures;classifier;classifier;classifier;N/A;N/A;N/A;2000;100;100;11900;0,0000;0,0000;0,0000;0,0000;0,0000;0,0000;0;0;0;0
20260614_0117;Consistência_25;classification;LeveragingBagging;Otimizado_FullFeatures;classifier;classifier;classifier;N/A;N/A;N/A;2000;100;101;12000;0,0000;0,0000;0,0000;0,0000;0,0000;0,0000;0;0;0;0
20260614_0117;Consistência_25;classification;LeveragingBagging;Otimizado_FullFeatures;classifier;classifier;classifier;N/A;N/A;N/A;2000;100;102;12100;0,0000;0,0000;0,0000;0,0000;0,0000;0,0000;0;0;0;0
20260614_0117;Consistência_25;classification;LeveragingBagging;Otimizado_FullFeatures;classifier;classifier;classifier;N/A;N/A;N/A;2000;100;103;12200;0,0000;0,0000;0,0000;0,0000;0,0000;0,0000;0;0;0;0
20260614_0117;Consistência_25;classification;LeveragingBagging;Otimizado_FullFeatures;classifier;classifier;classifier;N/A;N/A;N/A;2000;100;104;12300;0,0000;0,0000;0,0000;0,0000;0,0000;0,0000;0;0;0;0
20260614_0117;Consistência_25;classification;LeveragingBagging;Otimizado_FullFeatures;classifier;classifier;classifier;N/A;N/A;N/A;2000;100;105;12400;0,0000;0,0000;0,0000;0,0000;0,0000;0,0000;0;0;0;0
20260614_0117;Consistência_25;classification;LeveragingBagging;Otimizado_FullFeatures;classifier;classifier;classifier;N/A;N/A;N/A;2000;100;106;12500;0,0000;0,0000;0,0000;0,0000;0,0000;0,0000;0;0;0;0
20260614_0117;Consistência_25;classification;LeveragingBagging;Otimizado_FullFeatures;classifier;classifier;classifier;N/A;N/A;N/A;2000;100;107;12600;0,0000;0,0000;0,0000;0,0000;0,0000;0,0000;0;0;0;0
20260614_0117;Consistência_25;classification;LeveragingBagging;Otimizado_FullFeatures;classifier;classifier;classifier;N/A;N/A;N/A;2000;100;108;12700;0,0000;0,0000;0,0000;0,0000;0,0000;0,0000;0;0;0;0
20260614_0117;Consistência_25;classification;LeveragingBagging;Otimizado_FullFeatures;classifier;classifier;classifier;N/A;N/A;N/A;2000;100;109;12800;0,0000;0,0000;0,0000;0,0000;0,0000;0,0000;0;0;0;0
20260614_0117;Consistência_25;classification;LeveragingBagging;Otimizado_FullFeatures;classifier;classifier;classifier;N/A;N/A;N/A;2000;100;110;12900;0,0000;0,0000;0,0000;0,0000;0,0000;0,0000;0;0;0;0
20260614_0117;Consistência_25;classification;LeveragingBagging;Otimizado_FullFeatures;classifier;classifier;classifier;N/A;N/A;N/A;2000;100;111;13000;0,0000;0,0000;0,0000;0,0000;0,0000;0,0000;0;0;0;0
20260614_0117;Consistência_25;classification;LeveragingBagging;Otimizado_FullFeatures;classifier;classifier;classifier;N/A;N/A;N/A;2000;100;112;13100;0,0000;0,0000;0,0000;0,0000;0,0000;0,0000;0;0;0;0
20260614_0117;Consistência_25;classification;LeveragingBagging;Otimizado_FullFeatures;classifier;classifier;classifier;N/A;N/A;N/A;2000;100;113;13200;0,0000;0,0000;0,0000;0,0000;0,0000;0,0000;0;0;0;0
20260614_0117;Consistência_25;classification;LeveragingBagging;Otimizado_FullFeatures;classifier;classifier;classifier;N/A;N/A;N/A;2000;100;114;13300;0,0000;0,0000;0,0000;0,0000;0,0000;0,0000;0;0;0;0
20260614_0117;Consistência_25;classification;LeveragingBagging;Otimizado_FullFeatures;classifier;classifier;classifier;N/A;N/A;N/A;2000;100;115;13400;0,0000;0,0000;0,0000;0,0000;0,0000;0,0000;0;0;0;0
20260614_0117;Consistência_25;classification;LeveragingBagging;Otimizado_FullFeatures;classifier;classifier;classifier;N/A;N/A;N/A;2000;100;116;13500;0,0000;0,0000;0,0000;0,0000;0,0000;0,0000;0;0;0;0
20260614_0117;Consistência_25;classification;LeveragingBagging;Otimizado_FullFeatures;classifier;classifier;classifier;N/A;N/A;N/A;2000;100;117;13600;0,0000;0,0000;0,0000;0,0000;0,0000;0,0000;0;0;0;0
20260614_0117;Consistência_25;classification;LeveragingBagging;Otimizado_FullFeatures;classifier;classifier;classifier;N/A;N/A;N/A;2000;100;118;13700;0,0000;0,0000;0,0000;0,0000;0,0000;0,0000;0;0;0;0
20260614_0117;Consistência_25;classification;LeveragingBagging;Otimizado_FullFeatures;classifier;classifier;classifier;N/A;N/A;N/A;2000;100;119;13800;0,0000;0,0000;0,0000;0,0000;0,0000;0,0000;0;0;0;0
20260614_0117;Consistência_25;classification;LeveragingBagging;Otimizado_FullFeatures;classifier;classifier;classifier;N/A;N/A;N/A;2000;100;120;13900;0,0000;0,0000;0,0000;0,0000;0,0000;0,0000;0;0;0;0
20260614_0117;Consistência_25;classification;LeveragingBagging;Otimizado_FullFeatures;classifier;classifier;classifier;N/A;N/A;N/A;2000;100;121;14000;0,0000;0,0000;0,0000;0,0000;0,0000;0,0000;0;0;0;0
20260614_0117;Consistência_25;classification;LeveragingBagging;Otimizado_FullFeatures;classifier;classifier;classifier;N/A;N/A;N/A;2000;100;122;14100;0,0000;0,0000;0,0000;0,0000;0,0000;0,0000;0;0;0;0
20260614_0117;Consistência_25;classification;LeveragingBagging;Otimizado_FullFeatures;classifier;classifier;classifier;N/A;N/A;N/A;2000;100;123;14200;0,0000;0,0000;0,0000;0,0000;0,0000;0,0000;0;0;0;0
20260614_0117;Consistência_25;classification;LeveragingBagging;Otimizado_FullFeatures;classifier;classifier;classifier;N/A;N/A;N/A;2000;100;124;14300;0,0000;0,0000;0,0000;0,0000;0,0000;0,0000;0;0;0;0
20260614_0117;Consistência_25;classification;LeveragingBagging;Otimizado_FullFeatures;classifier;classifier;classifier;N/A;N/A;N/A;2000;100;125;14400;0,0000;0,0000;0,0000;0,0000;0,0000;0,0000;0;0;0;0
20260614_0117;Consistência_25;classification;LeveragingBagging;Otimizado_FullFeatures;classifier;classifier;classifier;N/A;N/A;N/A;2000;100;126;14500;0,0000;0,0000;0,0000;0,0000;0,0000;0,0000;0;0;0;0
20260614_0117;Consistência_25;classification;LeveragingBagging;Otimizado_FullFeatures;classifier;classifier;classifier;N/A;N/A;N/A;2000;100;127;14600;0,0000;0,0000;0,0000;0,0000;0,0000;0,0000;0;0;0;0
20260614_0117;Consistência_25;classification;LeveragingBagging;Otimizado_FullFeatures;classifier;classifier;classifier;N/A;N/A;N/A;2000;100;128;14700;0,0000;0,0000;0,0000;0,0000;0,0000;0,0000;0;0;0;0
20260614_0117;Consistência_25;classification;LeveragingBagging;Otimizado_FullFeatures;classifier;classifier;classifier;N/A;N/A;N/A;2000;100;129;14800;0,0000;0,0000;0,0000;0,0000;0,0000;0,0000;0;0;0;0
20260614_0117;Consistência_25;classification;LeveragingBagging;Otimizado_FullFeatures;classifier;classifier;classifier;N/A;N/A;N/A;2000;100;130;14900;0,0000;0,0000;0,0000;0,0000;0,0000;0,0000;0;0;0;0
20260614_0117;Consistência_25;classification;LeveragingBagging;Otimizado_FullFeatures;classifier;classifier;classifier;N/A;N/A;N/A;2000;100;131;15000;0,0000;0,0000;0,0000;0,0000;0,0000;0,0000;0;0;0;0
20260614_0117;Consistência_200;classification;LeveragingBagging;Otimizado_FullFeatures;classifier;classifier;classifier;N/A;N/A;N/A;2000;100;1;2000;0,0000;0,0000;0,0000;0,0000;0,0000;0,0000;0;0;0;0
20260614_0117;Consistência_200;classification;LeveragingBagging;Otimizado_FullFeatures;classifier;classifier;classifier;N/A;N/A;N/A;2000;100;2;2100;0,0000;0,0000;0,0000;0,0000;0,0000;0,0000;0;0;0;0
20260614_0117;Consistência_200;classification;LeveragingBagging;Otimizado_FullFeatures;classifier;classifier;classifier;N/A;N/A;N/A;2000;100;3;2200;0,0000;0,0000;0,0000;0,0000;0,0000;0,0000;0;0;0;0
20260614_0117;Consistência_200;classification;LeveragingBagging;Otimizado_FullFeatures;classifier;classifier;classifier;N/A;N/A;N/A;2000;100;4;2300;0,0000;0,0000;0,0000;0,0000;0,0000;0,0000;0;0;0;0
20260614_0117;Consistência_200;classification;LeveragingBagging;Otimizado_FullFeatures;classifier;classifier;classifier;N/A;N/A;N/A;2000;100;5;2400;0,0000;0,0000;0,0000;0,0000;0,0000;0,0000;0;0;0;0
20260614_0117;Consistência_200;classification;LeveragingBagging;Otimizado_FullFeatures;classifier;classifier;classifier;N/A;N/A;N/A;2000;100;6;2500;0,0000;0,0000;0,0000;0,0000;0,0000;0,0000;0;0;0;0
20260614_0117;Consistência_200;classification;LeveragingBagging;Otimizado_FullFeatures;classifier;classifier;classifier;N/A;N/A;N/A;2000;100;7;2600;0,0000;0,0000;0,0000;0,0000;0,0000;0,0000;0;0;0;0
20260614_0117;Consistência_200;classification;LeveragingBagging;Otimizado_FullFeatures;classifier;classifier;classifier;N/A;N/A;N/A;2000;100;8;2700;0,0000;0,0000;0,0000;0,0000;0,0000;0,0000;0;0;0;0
20260614_0117;Consistência_200;classification;LeveragingBagging;Otimizado_FullFeatures;classifier;classifier;classifier;N/A;N/A;N/A;2000;100;9;2800;0,0000;0,0000;0,0000;0,0000;0,0000;0,0000;0;0;0;0
20260614_0117;Consistência_200;classification;LeveragingBagging;Otimizado_FullFeatures;classifier;classifier;classifier;N/A;N/A;N/A;2000;100;10;2900;0,0000;0,0000;0,0000;0,0000;0,0000;0,0000;0;0;0;0
20260614_0117;Consistência_200;classification;LeveragingBagging;Otimizado_FullFeatures;classifier;classifier;classifier;N/A;N/A;N/A;2000;100;11;3000;0,0000;0,0000;0,0000;0,0000;0,0000;0,0000;0;0;0;0
20260614_0117;Consistência_200;classification;LeveragingBagging;Otimizado_FullFeatures;classifier;classifier;classifier;N/A;N/A;N/A;2000;100;12;3100;0,0000;0,0000;0,0000;0,0000;0,0000;0,0000;0;0;0;0
20260614_0117;Consistência_200;classification;LeveragingBagging;Otimizado_FullFeatures;classifier;classifier;classifier;N/A;N/A;N/A;2000;100;13;3200;0,0000;0,0000;0,0000;0,0000;0,0000;0,0000;0;0;0;0
20260614_0117;Consistência_200;classification;LeveragingBagging;Otimizado_FullFeatures;classifier;classifier;classifier;N/A;N/A;N/A;2000;100;14;3300;0,0000;0,0000;0,0000;0,0000;0,0000;0,0000;0;0;0;0
20260614_0117;Consistência_200;classification;LeveragingBagging;Otimizado_FullFeatures;classifier;classifier;classifier;N/A;N/A;N/A;2000;100;15;3400;0,0000;0,0000;0,0000;0,0000;0,0000;0,0000;0;0;0;0
20260614_0117;Consistência_200;classification;LeveragingBagging;Otimizado_FullFeatures;classifier;classifier;classifier;N/A;N/A;N/A;2000;100;16;3500;0,0000;0,0000;0,0000;0,0000;0,0000;0,0000;0;0;0;0
20260614_0117;Consistência_200;classification;LeveragingBagging;Otimizado_FullFeatures;classifier;classifier;classifier;N/A;N/A;N/A;2000;100;17;3600;0,0000;0,0000;0,0000;0,0000;0,0000;0,0000;0;0;0;0
20260614_0117;Consistência_200;classification;LeveragingBagging;Otimizado_FullFeatures;classifier;classifier;classifier;N/A;N/A;N/A;2000;100;18;3700;0,0000;0,0000;0,0000;0,0000;0,0000;0,0000;0;0;0;0
20260614_0117;Consistência_200;classification;LeveragingBagging;Otimizado_FullFeatures;classifier;classifier;classifier;N/A;N/A;N/A;2000;100;19;3800;94,8430;0,8467;100,0000;0,0000;90,2041;1,5272;0;0;5;1
20260614_0117;Consistência_200;classification;LeveragingBagging;Otimizado_FullFeatures;classifier;classifier;classifier;N/A;N/A;N/A;2000;100;20;3900;98,2593;0,2453;97,7747;0,4877;98,7500;0,0000;2;1;1;0
20260614_0117;Consistência_200;classification;LeveragingBagging;Otimizado_FullFeatures;classifier;classifier;classifier;N/A;N/A;N/A;2000;100;21;4000;94,9936;0,8770;91,5286;1,4324;98,7500;1,0206;5;1;1;1
20260614_0117;Consistência_200;classification;LeveragingBagging;Otimizado_FullFeatures;classifier;classifier;classifier;N/A;N/A;N/A;2000;100;22;4100;0,0000;0,0000;0,0000;0,0000;0,0000;0,0000;0;0;0;0
20260614_0117;Consistência_200;classification;LeveragingBagging;Otimizado_FullFeatures;classifier;classifier;classifier;N/A;N/A;N/A;2000;100;23;4200;0,0000;0,0000;0,0000;0,0000;0,0000;0,0000;1;0;0;0
20260614_0117;Consistência_200;classification;LeveragingBagging;Otimizado_FullFeatures;classifier;classifier;classifier;N/A;N/A;N/A;2000;100;24;4300;0,0000;0,0000;0,0000;0,0000;0,0000;0,0000;0;0;0;0
20260614_0117;Consistência_200;classification;LeveragingBagging;Otimizado_FullFeatures;classifier;classifier;classifier;N/A;N/A;N/A;2000;100;25;4400;0,0000;0,0000;0,0000;0,0000;0,0000;0,0000;0;0;0;0
20260614_0117;Consistência_200;classification;LeveragingBagging;Otimizado_FullFeatures;classifier;classifier;classifier;N/A;N/A;N/A;2000;100;26;4500;0,0000;0,0000;0,0000;0,0000;0,0000;0,0000;0;0;0;0
20260614_0117;Consistência_200;classification;LeveragingBagging;Otimizado_FullFeatures;classifier;classifier;classifier;N/A;N/A;N/A;2000;100;27;4600;0,0000;0,0000;0,0000;0,0000;0,0000;0,0000;0;0;0;0
20260614_0117;Consistência_200;classification;LeveragingBagging;Otimizado_FullFeatures;classifier;classifier;classifier;N/A;N/A;N/A;2000;100;28;4700;0,0000;0,0000;0,0000;0,0000;0,0000;0,0000;0;0;0;0
20260614_0117;Consistência_200;classification;LeveragingBagging;Otimizado_FullFeatures;classifier;classifier;classifier;N/A;N/A;N/A;2000;100;29;4800;0,0000;0,0000;0,0000;0,0000;0,0000;0,0000;0;0;0;0
20260614_0117;Consistência_200;classification;LeveragingBagging;Otimizado_FullFeatures;classifier;classifier;classifier;N/A;N/A;N/A;2000;100;30;4900;0,0000;0,0000;0,0000;0,0000;0,0000;0,0000;0;0;0;0
20260614_0117;Consistência_200;classification;LeveragingBagging;Otimizado_FullFeatures;classifier;classifier;classifier;N/A;N/A;N/A;2000;100;31;5000;0,0000;0,0000;0,0000;0,0000;0,0000;0,0000;0;0;0;0
20260614_0117;Consistência_200;classification;LeveragingBagging;Otimizado_FullFeatures;classifier;classifier;classifier;N/A;N/A;N/A;2000;100;32;5100;0,0000;0,0000;0,0000;0,0000;0,0000;0,0000;1;1;0;0
20260614_0117;Consistência_200;classification;LeveragingBagging;Otimizado_FullFeatures;classifier;classifier;classifier;N/A;N/A;N/A;2000;100;33;5200;0,0000;0,0000;0,0000;0,0000;0,0000;0,0000;0;0;0;0
20260614_0117;Consistência_200;classification;LeveragingBagging;Otimizado_FullFeatures;classifier;classifier;classifier;N/A;N/A;N/A;2000;100;34;5300;0,0000;0,0000;0,0000;0,0000;0,0000;0,0000;0;0;0;0
20260614_0117;Consistência_200;classification;LeveragingBagging;Otimizado_FullFeatures;classifier;classifier;classifier;N/A;N/A;N/A;2000;100;35;5400;0,0000;0,0000;0,0000;0,0000;0,0000;0,0000;0;0;0;0
20260614_0117;Consistência_200;classification;LeveragingBagging;Otimizado_FullFeatures;classifier;classifier;classifier;N/A;N/A;N/A;2000;100;36;5500;0,0000;0,0000;0,0000;0,0000;0,0000;0,0000;0;0;0;0
20260614_0117;Consistência_200;classification;LeveragingBagging;Otimizado_FullFeatures;classifier;classifier;classifier;N/A;N/A;N/A;2000;100;37;5600;0,0000;0,0000;0,0000;0,0000;0,0000;0,0000;0;0;0;0
20260614_0117;Consistência_200;classification;LeveragingBagging;Otimizado_FullFeatures;classifier;classifier;classifier;N/A;N/A;N/A;2000;100;38;5700;0,0000;0,0000;0,0000;0,0000;0,0000;0,0000;0;0;0;0
20260614_0117;Consistência_200;classification;LeveragingBagging;Otimizado_FullFeatures;classifier;classifier;classifier;N/A;N/A;N/A;2000;100;39;5800;0,0000;0,0000;0,0000;0,0000;0,0000;0,0000;0;0;0;0
20260614_0117;Consistência_200;classification;LeveragingBagging;Otimizado_FullFeatures;classifier;classifier;classifier;N/A;N/A;N/A;2000;100;40;5900;0,0000;0,0000;0,0000;0,0000;0,0000;0,0000;0;0;0;0
20260614_0117;Consistência_200;classification;LeveragingBagging;Otimizado_FullFeatures;classifier;classifier;classifier;N/A;N/A;N/A;2000;100;41;6000;0,0000;0,0000;0,0000;0,0000;0,0000;0,0000;0;0;0;0
20260614_0117;Consistência_200;classification;LeveragingBagging;Otimizado_FullFeatures;classifier;classifier;classifier;N/A;N/A;N/A;2000;100;42;6100;0,0000;0,0000;0,0000;0,0000;0,0000;0,0000;0;0;0;0
20260614_0117;Consistência_200;classification;LeveragingBagging;Otimizado_FullFeatures;classifier;classifier;classifier;N/A;N/A;N/A;2000;100;43;6200;0,0000;0,0000;0,0000;0,0000;0,0000;0,0000;0;0;0;0
20260614_0117;Consistência_200;classification;LeveragingBagging;Otimizado_FullFeatures;classifier;classifier;classifier;N/A;N/A;N/A;2000;100;44;6300;0,0000;0,0000;0,0000;0,0000;0,0000;0,0000;0;0;0;0
20260614_0117;Consistência_200;classification;LeveragingBagging;Otimizado_FullFeatures;classifier;classifier;classifier;N/A;N/A;N/A;2000;100;45;6400;0,0000;0,0000;0,0000;0,0000;0,0000;0,0000;0;0;0;0
20260614_0117;Consistência_200;classification;LeveragingBagging;Otimizado_FullFeatures;classifier;classifier;classifier;N/A;N/A;N/A;2000;100;46;6500;0,0000;0,0000;0,0000;0,0000;0,0000;0,0000;0;0;0;0
20260614_0117;Consistência_200;classification;LeveragingBagging;Otimizado_FullFeatures;classifier;classifier;classifier;N/A;N/A;N/A;2000;100;47;6600;0,0000;0,0000;0,0000;0,0000;0,0000;0,0000;0;0;0;0
20260614_0117;Consistência_200;classification;LeveragingBagging;Otimizado_FullFeatures;classifier;classifier;classifier;N/A;N/A;N/A;2000;100;48;6700;0,0000;0,0000;0,0000;0,0000;0,0000;0,0000;0;0;0;0
20260614_0117;Consistência_200;classification;LeveragingBagging;Otimizado_FullFeatures;classifier;classifier;classifier;N/A;N/A;N/A;2000;100;49;6800;0,0000;0,0000;0,0000;0,0000;0,0000;0,0000;0;0;0;0
20260614_0117;Consistência_200;classification;LeveragingBagging;Otimizado_FullFeatures;classifier;classifier;classifier;N/A;N/A;N/A;2000;100;50;6900;0,0000;0,0000;0,0000;0,0000;0,0000;0,0000;0;0;0;0
20260614_0117;Consistência_200;classification;LeveragingBagging;Otimizado_FullFeatures;classifier;classifier;classifier;N/A;N/A;N/A;2000;100;51;7000;0,0000;0,0000;0,0000;0,0000;0,0000;0,0000;0;0;0;0
20260614_0117;Consistência_200;classification;LeveragingBagging;Otimizado_FullFeatures;classifier;classifier;classifier;N/A;N/A;N/A;2000;100;52;7100;0,0000;0,0000;0,0000;0,0000;0,0000;0,0000;0;0;0;0
20260614_0117;Consistência_200;classification;LeveragingBagging;Otimizado_FullFeatures;classifier;classifier;classifier;N/A;N/A;N/A;2000;100;53;7200;0,0000;0,0000;0,0000;0,0000;0,0000;0,0000;0;0;0;0
20260614_0117;Consistência_200;classification;LeveragingBagging;Otimizado_FullFeatures;classifier;classifier;classifier;N/A;N/A;N/A;2000;100;54;7300;0,0000;0,0000;0,0000;0,0000;0,0000;0,0000;0;0;0;0
20260614_0117;Consistência_200;classification;LeveragingBagging;Otimizado_FullFeatures;classifier;classifier;classifier;N/A;N/A;N/A;2000;100;55;7400;0,0000;0,0000;0,0000;0,0000;0,0000;0,0000;0;0;0;0
20260614_0117;Consistência_200;classification;LeveragingBagging;Otimizado_FullFeatures;classifier;classifier;classifier;N/A;N/A;N/A;2000;100;56;7500;0,0000;0,0000;0,0000;0,0000;0,0000;0,0000;0;0;0;0
20260614_0117;Consistência_200;classification;LeveragingBagging;Otimizado_FullFeatures;classifier;classifier;classifier;N/A;N/A;N/A;2000;100;57;7600;0,0000;0,0000;0,0000;0,0000;0,0000;0,0000;0;0;0;0
20260614_0117;Consistência_200;classification;LeveragingBagging;Otimizado_FullFeatures;classifier;classifier;classifier;N/A;N/A;N/A;2000;100;58;7700;100,0000;0,0000;100,0000;0,0000;100,0000;0,0000;0;0;0;0
20260614_0117;Consistência_200;classification;LeveragingBagging;Otimizado_FullFeatures;classifier;classifier;classifier;N/A;N/A;N/A;2000;100;59;7800;97,8269;0,7772;100,0000;0,0000;95,7576;1,4845;0;0;5;2
20260614_0117;Consistência_200;classification;LeveragingBagging;Otimizado_FullFeatures;classifier;classifier;classifier;N/A;N/A;N/A;2000;100;60;7900;98,1525;1,6147;100,0000;0,0000;96,4211;3,0941;0;0;4;3
20260614_0117;Consistência_200;classification;LeveragingBagging;Otimizado_FullFeatures;classifier;classifier;classifier;N/A;N/A;N/A;2000;100;61;8000;0,0000;0,0000;0,0000;0,0000;0,0000;0,0000;0;0;0;0
20260614_0117;Consistência_200;classification;LeveragingBagging;Otimizado_FullFeatures;classifier;classifier;classifier;N/A;N/A;N/A;2000;100;62;8100;0,0000;0,0000;0,0000;0,0000;0,0000;0,0000;0;0;0;0
20260614_0117;Consistência_200;classification;LeveragingBagging;Otimizado_FullFeatures;classifier;classifier;classifier;N/A;N/A;N/A;2000;100;63;8200;0,0000;0,0000;0,0000;0,0000;0,0000;0,0000;0;0;0;0
20260614_0117;Consistência_200;classification;LeveragingBagging;Otimizado_FullFeatures;classifier;classifier;classifier;N/A;N/A;N/A;2000;100;64;8300;0,0000;0,0000;0,0000;0,0000;0,0000;0,0000;0;0;0;0
20260614_0117;Consistência_200;classification;LeveragingBagging;Otimizado_FullFeatures;classifier;classifier;classifier;N/A;N/A;N/A;2000;100;65;8400;0,0000;0,0000;0,0000;0,0000;0,0000;0,0000;0;0;0;0
20260614_0117;Consistência_200;classification;LeveragingBagging;Otimizado_FullFeatures;classifier;classifier;classifier;N/A;N/A;N/A;2000;100;66;8500;0,0000;0,0000;0,0000;0,0000;0,0000;0,0000;0;0;0;0
20260614_0117;Consistência_200;classification;LeveragingBagging;Otimizado_FullFeatures;classifier;classifier;classifier;N/A;N/A;N/A;2000;100;67;8600;0,0000;0,0000;0,0000;0,0000;0,0000;0,0000;0;0;0;0
20260614_0117;Consistência_200;classification;LeveragingBagging;Otimizado_FullFeatures;classifier;classifier;classifier;N/A;N/A;N/A;2000;100;68;8700;0,0000;0,0000;0,0000;0,0000;0,0000;0,0000;0;0;0;0
20260614_0117;Consistência_200;classification;LeveragingBagging;Otimizado_FullFeatures;classifier;classifier;classifier;N/A;N/A;N/A;2000;100;69;8800;0,0000;0,0000;0,0000;0,0000;0,0000;0,0000;0;0;0;0
20260614_0117;Consistência_200;classification;LeveragingBagging;Otimizado_FullFeatures;classifier;classifier;classifier;N/A;N/A;N/A;2000;100;70;8900;0,0000;0,0000;0,0000;0,0000;0,0000;0,0000;0;0;0;0
20260614_0117;Consistência_200;classification;LeveragingBagging;Otimizado_FullFeatures;classifier;classifier;classifier;N/A;N/A;N/A;2000;100;71;9000;0,0000;0,0000;0,0000;0,0000;0,0000;0,0000;0;0;0;0
20260614_0117;Consistência_200;classification;LeveragingBagging;Otimizado_FullFeatures;classifier;classifier;classifier;N/A;N/A;N/A;2000;100;72;9100;0,0000;0,0000;0,0000;0,0000;0,0000;0,0000;0;0;0;0
20260614_0117;Consistência_200;classification;LeveragingBagging;Otimizado_FullFeatures;classifier;classifier;classifier;N/A;N/A;N/A;2000;100;73;9200;0,0000;0,0000;0,0000;0,0000;0,0000;0,0000;0;0;0;0
20260614_0117;Consistência_200;classification;LeveragingBagging;Otimizado_FullFeatures;classifier;classifier;classifier;N/A;N/A;N/A;2000;100;74;9300;0,0000;0,0000;0,0000;0,0000;0,0000;0,0000;0;0;0;0
20260614_0117;Consistência_200;classification;LeveragingBagging;Otimizado_FullFeatures;classifier;classifier;classifier;N/A;N/A;N/A;2000;100;75;9400;0,0000;0,0000;0,0000;0,0000;0,0000;0,0000;0;0;0;0
20260614_0117;Consistência_200;classification;LeveragingBagging;Otimizado_FullFeatures;classifier;classifier;classifier;N/A;N/A;N/A;2000;100;76;9500;0,0000;0,0000;0,0000;0,0000;0,0000;0,0000;0;0;0;0
20260614_0117;Consistência_200;classification;LeveragingBagging;Otimizado_FullFeatures;classifier;classifier;classifier;N/A;N/A;N/A;2000;100;77;9600;0,0000;0,0000;0,0000;0,0000;0,0000;0,0000;0;0;0;0
20260614_0117;Consistência_200;classification;LeveragingBagging;Otimizado_FullFeatures;classifier;classifier;classifier;N/A;N/A;N/A;2000;100;78;9700;0,0000;0,0000;0,0000;0,0000;0,0000;0,0000;0;0;0;0
20260614_0117;Consistência_200;classification;LeveragingBagging;Otimizado_FullFeatures;classifier;classifier;classifier;N/A;N/A;N/A;2000;100;79;9800;0,0000;0,0000;0,0000;0,0000;0,0000;0,0000;0;0;0;0
20260614_0117;Consistência_200;classification;LeveragingBagging;Otimizado_FullFeatures;classifier;classifier;classifier;N/A;N/A;N/A;2000;100;80;9900;0,0000;0,0000;0,0000;0,0000;0,0000;0,0000;0;0;0;0
20260614_0117;Consistência_200;classification;LeveragingBagging;Otimizado_FullFeatures;classifier;classifier;classifier;N/A;N/A;N/A;2000;100;81;10000;0,0000;0,0000;0,0000;0,0000;0,0000;0,0000;0;0;0;0
20260614_0117;Consistência_200;classification;LeveragingBagging;Otimizado_FullFeatures;classifier;classifier;classifier;N/A;N/A;N/A;2000;100;82;10100;0,0000;0,0000;0,0000;0,0000;0,0000;0,0000;0;0;0;0
20260614_0117;Consistência_200;classification;LeveragingBagging;Otimizado_FullFeatures;classifier;classifier;classifier;N/A;N/A;N/A;2000;100;83;10200;0,0000;0,0000;0,0000;0,0000;0,0000;0,0000;0;0;0;0
20260614_0117;Consistência_200;classification;LeveragingBagging;Otimizado_FullFeatures;classifier;classifier;classifier;N/A;N/A;N/A;2000;100;84;10300;0,0000;0,0000;0,0000;0,0000;0,0000;0,0000;0;0;0;0
20260614_0117;Consistência_200;classification;LeveragingBagging;Otimizado_FullFeatures;classifier;classifier;classifier;N/A;N/A;N/A;2000;100;85;10400;0,0000;0,0000;0,0000;0,0000;0,0000;0,0000;0;0;0;0
20260614_0117;Consistência_200;classification;LeveragingBagging;Otimizado_FullFeatures;classifier;classifier;classifier;N/A;N/A;N/A;2000;100;86;10500;0,0000;0,0000;0,0000;0,0000;0,0000;0,0000;0;0;0;0
20260614_0117;Consistência_200;classification;LeveragingBagging;Otimizado_FullFeatures;classifier;classifier;classifier;N/A;N/A;N/A;2000;100;87;10600;0,0000;0,0000;0,0000;0,0000;0,0000;0,0000;0;0;0;0
20260614_0117;Consistência_200;classification;LeveragingBagging;Otimizado_FullFeatures;classifier;classifier;classifier;N/A;N/A;N/A;2000;100;88;10700;0,0000;0,0000;0,0000;0,0000;0,0000;0,0000;0;0;0;0
20260614_0117;Consistência_200;classification;LeveragingBagging;Otimizado_FullFeatures;classifier;classifier;classifier;N/A;N/A;N/A;2000;100;89;10800;0,0000;0,0000;0,0000;0,0000;0,0000;0,0000;0;0;0;0
20260614_0117;Consistência_200;classification;LeveragingBagging;Otimizado_FullFeatures;classifier;classifier;classifier;N/A;N/A;N/A;2000;100;90;10900;0,0000;0,0000;0,0000;0,0000;0,0000;0,0000;0;0;0;0
20260614_0117;Consistência_200;classification;LeveragingBagging;Otimizado_FullFeatures;classifier;classifier;classifier;N/A;N/A;N/A;2000;100;91;11000;0,0000;0,0000;0,0000;0,0000;0,0000;0,0000;0;0;0;0
20260614_0117;Consistência_200;classification;LeveragingBagging;Otimizado_FullFeatures;classifier;classifier;classifier;N/A;N/A;N/A;2000;100;92;11100;0,0000;0,0000;0,0000;0,0000;0,0000;0,0000;0;0;0;0
20260614_0117;Consistência_200;classification;LeveragingBagging;Otimizado_FullFeatures;classifier;classifier;classifier;N/A;N/A;N/A;2000;100;93;11200;0,0000;0,0000;0,0000;0,0000;0,0000;0,0000;0;0;0;0
20260614_0117;Consistência_200;classification;LeveragingBagging;Otimizado_FullFeatures;classifier;classifier;classifier;N/A;N/A;N/A;2000;100;94;11300;0,0000;0,0000;0,0000;0,0000;0,0000;0,0000;0;0;0;0
20260614_0117;Consistência_200;classification;LeveragingBagging;Otimizado_FullFeatures;classifier;classifier;classifier;N/A;N/A;N/A;2000;100;95;11400;0,0000;0,0000;0,0000;0,0000;0,0000;0,0000;0;0;0;0
20260614_0117;Consistência_200;classification;LeveragingBagging;Otimizado_FullFeatures;classifier;classifier;classifier;N/A;N/A;N/A;2000;100;96;11500;0,0000;0,0000;0,0000;0,0000;0,0000;0,0000;1;1;0;0
20260614_0117;Consistência_200;classification;LeveragingBagging;Otimizado_FullFeatures;classifier;classifier;classifier;N/A;N/A;N/A;2000;100;97;11600;0,0000;0,0000;0,0000;0,0000;0,0000;0,0000;0;0;0;0
20260614_0117;Consistência_200;classification;LeveragingBagging;Otimizado_FullFeatures;classifier;classifier;classifier;N/A;N/A;N/A;2000;100;98;11700;94,4892;1,6462;100,0000;0,0000;89,6000;2,9394;0;0;6;2
20260614_0117;Consistência_200;classification;LeveragingBagging;Otimizado_FullFeatures;classifier;classifier;classifier;N/A;N/A;N/A;2000;100;99;11800;89,4953;3,9169;100,0000;0,0000;81,2121;6,3275;0;0;13;5
20260614_0117;Consistência_200;classification;LeveragingBagging;Otimizado_FullFeatures;classifier;classifier;classifier;N/A;N/A;N/A;2000;100;100;11900;96,0860;1,3763;100,0000;0,0000;92,5000;2,5000;0;0;2;1
20260614_0117;Consistência_200;classification;LeveragingBagging;Otimizado_FullFeatures;classifier;classifier;classifier;N/A;N/A;N/A;2000;100;101;12000;0,0000;0,0000;0,0000;0,0000;0,0000;0,0000;0;0;0;0
20260614_0117;Consistência_200;classification;LeveragingBagging;Otimizado_FullFeatures;classifier;classifier;classifier;N/A;N/A;N/A;2000;100;102;12100;0,0000;0,0000;0,0000;0,0000;0,0000;0,0000;0;0;0;0
20260614_0117;Consistência_200;classification;LeveragingBagging;Otimizado_FullFeatures;classifier;classifier;classifier;N/A;N/A;N/A;2000;100;103;12200;0,0000;0,0000;0,0000;0,0000;0,0000;0,0000;0;0;0;0
20260614_0117;Consistência_200;classification;LeveragingBagging;Otimizado_FullFeatures;classifier;classifier;classifier;N/A;N/A;N/A;2000;100;104;12300;0,0000;0,0000;0,0000;0,0000;0,0000;0,0000;0;0;0;0
20260614_0117;Consistência_200;classification;LeveragingBagging;Otimizado_FullFeatures;classifier;classifier;classifier;N/A;N/A;N/A;2000;100;105;12400;0,0000;0,0000;0,0000;0,0000;0,0000;0,0000;1;0;0;0
20260614_0117;Consistência_200;classification;LeveragingBagging;Otimizado_FullFeatures;classifier;classifier;classifier;N/A;N/A;N/A;2000;100;106;12500;0,0000;0,0000;0,0000;0,0000;0,0000;0,0000;0;0;0;0
20260614_0117;Consistência_200;classification;LeveragingBagging;Otimizado_FullFeatures;classifier;classifier;classifier;N/A;N/A;N/A;2000;100;107;12600;0,0000;0,0000;0,0000;0,0000;0,0000;0,0000;0;0;0;0
20260614_0117;Consistência_200;classification;LeveragingBagging;Otimizado_FullFeatures;classifier;classifier;classifier;N/A;N/A;N/A;2000;100;108;12700;0,0000;0,0000;0,0000;0,0000;0,0000;0,0000;0;0;0;0
20260614_0117;Consistência_200;classification;LeveragingBagging;Otimizado_FullFeatures;classifier;classifier;classifier;N/A;N/A;N/A;2000;100;109;12800;0,0000;0,0000;0,0000;0,0000;0,0000;0,0000;0;0;0;0
20260614_0117;Consistência_200;classification;LeveragingBagging;Otimizado_FullFeatures;classifier;classifier;classifier;N/A;N/A;N/A;2000;100;110;12900;0,0000;0,0000;0,0000;0,0000;0,0000;0,0000;0;0;0;0
20260614_0117;Consistência_200;classification;LeveragingBagging;Otimizado_FullFeatures;classifier;classifier;classifier;N/A;N/A;N/A;2000;100;111;13000;0,0000;0,0000;0,0000;0,0000;0,0000;0,0000;0;0;0;0
20260614_0117;Consistência_200;classification;LeveragingBagging;Otimizado_FullFeatures;classifier;classifier;classifier;N/A;N/A;N/A;2000;100;112;13100;0,0000;0,0000;0,0000;0,0000;0,0000;0,0000;0;0;0;0
20260614_0117;Consistência_200;classification;LeveragingBagging;Otimizado_FullFeatures;classifier;classifier;classifier;N/A;N/A;N/A;2000;100;113;13200;0,0000;0,0000;0,0000;0,0000;0,0000;0,0000;0;0;0;0
20260614_0117;Consistência_200;classification;LeveragingBagging;Otimizado_FullFeatures;classifier;classifier;classifier;N/A;N/A;N/A;2000;100;114;13300;0,0000;0,0000;0,0000;0,0000;0,0000;0,0000;0;0;0;0
20260614_0117;Consistência_200;classification;LeveragingBagging;Otimizado_FullFeatures;classifier;classifier;classifier;N/A;N/A;N/A;2000;100;115;13400;0,0000;0,0000;0,0000;0,0000;0,0000;0,0000;0;0;0;0
20260614_0117;Consistência_200;classification;LeveragingBagging;Otimizado_FullFeatures;classifier;classifier;classifier;N/A;N/A;N/A;2000;100;116;13500;0,0000;0,0000;0,0000;0,0000;0,0000;0,0000;0;0;0;0
20260614_0117;Consistência_200;classification;LeveragingBagging;Otimizado_FullFeatures;classifier;classifier;classifier;N/A;N/A;N/A;2000;100;117;13600;0,0000;0,0000;0,0000;0,0000;0,0000;0,0000;0;0;0;0
20260614_0117;Consistência_200;classification;LeveragingBagging;Otimizado_FullFeatures;classifier;classifier;classifier;N/A;N/A;N/A;2000;100;118;13700;0,0000;0,0000;0,0000;0,0000;0,0000;0,0000;0;0;0;0
20260614_0117;Consistência_200;classification;LeveragingBagging;Otimizado_FullFeatures;classifier;classifier;classifier;N/A;N/A;N/A;2000;100;119;13800;0,0000;0,0000;0,0000;0,0000;0,0000;0,0000;0;0;0;0
20260614_0117;Consistência_200;classification;LeveragingBagging;Otimizado_FullFeatures;classifier;classifier;classifier;N/A;N/A;N/A;2000;100;120;13900;0,0000;0,0000;0,0000;0,0000;0,0000;0,0000;0;0;0;0
20260614_0117;Consistência_200;classification;LeveragingBagging;Otimizado_FullFeatures;classifier;classifier;classifier;N/A;N/A;N/A;2000;100;121;14000;0,0000;0,0000;0,0000;0,0000;0,0000;0,0000;0;0;0;0
20260614_0117;Consistência_200;classification;LeveragingBagging;Otimizado_FullFeatures;classifier;classifier;classifier;N/A;N/A;N/A;2000;100;122;14100;0,0000;0,0000;0,0000;0,0000;0,0000;0,0000;0;0;0;0
20260614_0117;Consistência_200;classification;LeveragingBagging;Otimizado_FullFeatures;classifier;classifier;classifier;N/A;N/A;N/A;2000;100;123;14200;0,0000;0,0000;0,0000;0,0000;0,0000;0,0000;0;0;0;0
20260614_0117;Consistência_200;classification;LeveragingBagging;Otimizado_FullFeatures;classifier;classifier;classifier;N/A;N/A;N/A;2000;100;124;14300;0,0000;0,0000;0,0000;0,0000;0,0000;0,0000;0;0;0;0
20260614_0117;Consistência_200;classification;LeveragingBagging;Otimizado_FullFeatures;classifier;classifier;classifier;N/A;N/A;N/A;2000;100;125;14400;0,0000;0,0000;0,0000;0,0000;0,0000;0,0000;0;0;0;0
20260614_0117;Consistência_200;classification;LeveragingBagging;Otimizado_FullFeatures;classifier;classifier;classifier;N/A;N/A;N/A;2000;100;126;14500;0,0000;0,0000;0,0000;0,0000;0,0000;0,0000;0;0;0;0
20260614_0117;Consistência_200;classification;LeveragingBagging;Otimizado_FullFeatures;classifier;classifier;classifier;N/A;N/A;N/A;2000;100;127;14600;0,0000;0,0000;0,0000;0,0000;0,0000;0,0000;0;0;0;0
20260614_0117;Consistência_200;classification;LeveragingBagging;Otimizado_FullFeatures;classifier;classifier;classifier;N/A;N/A;N/A;2000;100;128;14700;0,0000;0,0000;0,0000;0,0000;0,0000;0,0000;0;0;0;0
20260614_0117;Consistência_200;classification;LeveragingBagging;Otimizado_FullFeatures;classifier;classifier;classifier;N/A;N/A;N/A;2000;100;129;14800;0,0000;0,0000;0,0000;0,0000;0,0000;0,0000;0;0;0;0
20260614_0117;Consistência_200;classification;LeveragingBagging;Otimizado_FullFeatures;classifier;classifier;classifier;N/A;N/A;N/A;2000;100;130;14900;0,0000;0,0000;0,0000;0,0000;0,0000;0,0000;0;0;0;0
20260614_0117;Consistência_200;classification;LeveragingBagging;Otimizado_FullFeatures;classifier;classifier;classifier;N/A;N/A;N/A;2000;100;131;15000;0,0000;0,0000;0,0000;0,0000;0,0000;0,0000;0;0;0;0
20260614_0117;Consistência_200;classification;LeveragingBagging;Otimizado_FullFeatures;classifier;classifier;classifier;N/A;N/A;N/A;2000;100;132;15100;0,0000;0,0000;0,0000;0,0000;0,0000;0,0000;0;0;0;0
20260614_0117;Consistência_200;classification;LeveragingBagging;Otimizado_FullFeatures;classifier;classifier;classifier;N/A;N/A;N/A;2000;100;133;15200;0,0000;0,0000;0,0000;0,0000;0,0000;0,0000;0;0;0;0
20260614_0117;Consistência_200;classification;LeveragingBagging;Otimizado_FullFeatures;classifier;classifier;classifier;N/A;N/A;N/A;2000;100;134;15300;0,0000;0,0000;0,0000;0,0000;0,0000;0,0000;0;0;0;0
20260614_0117;Consistência_200;classification;LeveragingBagging;Otimizado_FullFeatures;classifier;classifier;classifier;N/A;N/A;N/A;2000;100;135;15400;0,0000;0,0000;0,0000;0,0000;0,0000;0,0000;0;0;0;0
20260614_0117;Consistência_200;classification;LeveragingBagging;Otimizado_FullFeatures;classifier;classifier;classifier;N/A;N/A;N/A;2000;100;136;15500;0,0000;0,0000;0,0000;0,0000;0,0000;0,0000;0;0;0;0
20260614_0117;Consistência_1000;classification;LeveragingBagging;Otimizado_FullFeatures;classifier;classifier;classifier;N/A;N/A;N/A;2000;100;1;2000;0,0000;0,0000;0,0000;0,0000;0,0000;0,0000;0;0;0;0
20260614_0117;Consistência_1000;classification;LeveragingBagging;Otimizado_FullFeatures;classifier;classifier;classifier;N/A;N/A;N/A;2000;100;2;2100;0,0000;0,0000;0,0000;0,0000;0,0000;0,0000;0;0;0;0
20260614_0117;Consistência_1000;classification;LeveragingBagging;Otimizado_FullFeatures;classifier;classifier;classifier;N/A;N/A;N/A;2000;100;3;2200;0,0000;0,0000;0,0000;0,0000;0,0000;0,0000;0;0;0;0
20260614_0117;Consistência_1000;classification;LeveragingBagging;Otimizado_FullFeatures;classifier;classifier;classifier;N/A;N/A;N/A;2000;100;4;2300;0,0000;0,0000;0,0000;0,0000;0,0000;0,0000;0;0;0;0
20260614_0117;Consistência_1000;classification;LeveragingBagging;Otimizado_FullFeatures;classifier;classifier;classifier;N/A;N/A;N/A;2000;100;5;2400;0,0000;0,0000;0,0000;0,0000;0,0000;0,0000;0;0;0;0
20260614_0117;Consistência_1000;classification;LeveragingBagging;Otimizado_FullFeatures;classifier;classifier;classifier;N/A;N/A;N/A;2000;100;6;2500;0,0000;0,0000;0,0000;0,0000;0,0000;0,0000;0;0;0;0
20260614_0117;Consistência_1000;classification;LeveragingBagging;Otimizado_FullFeatures;classifier;classifier;classifier;N/A;N/A;N/A;2000;100;7;2600;0,0000;0,0000;0,0000;0,0000;0,0000;0,0000;0;0;0;0
20260614_0117;Consistência_1000;classification;LeveragingBagging;Otimizado_FullFeatures;classifier;classifier;classifier;N/A;N/A;N/A;2000;100;8;2700;0,0000;0,0000;0,0000;0,0000;0,0000;0,0000;0;0;0;0
20260614_0117;Consistência_1000;classification;LeveragingBagging;Otimizado_FullFeatures;classifier;classifier;classifier;N/A;N/A;N/A;2000;100;9;2800;0,0000;0,0000;0,0000;0,0000;0,0000;0,0000;0;0;0;0
20260614_0117;Consistência_1000;classification;LeveragingBagging;Otimizado_FullFeatures;classifier;classifier;classifier;N/A;N/A;N/A;2000;100;10;2900;0,0000;0,0000;0,0000;0,0000;0,0000;0,0000;0;0;0;0
20260614_0117;Consistência_1000;classification;LeveragingBagging;Otimizado_FullFeatures;classifier;classifier;classifier;N/A;N/A;N/A;2000;100;11;3000;0,0000;0,0000;0,0000;0,0000;0,0000;0,0000;0;0;0;0
20260614_0117;Consistência_1000;classification;LeveragingBagging;Otimizado_FullFeatures;classifier;classifier;classifier;N/A;N/A;N/A;2000;100;12;3100;0,0000;0,0000;0,0000;0,0000;0,0000;0,0000;0;0;0;0
20260614_0117;Consistência_1000;classification;LeveragingBagging;Otimizado_FullFeatures;classifier;classifier;classifier;N/A;N/A;N/A;2000;100;13;3200;0,0000;0,0000;0,0000;0,0000;0,0000;0,0000;0;0;0;0
20260614_0117;Consistência_1000;classification;LeveragingBagging;Otimizado_FullFeatures;classifier;classifier;classifier;N/A;N/A;N/A;2000;100;14;3300;0,0000;0,0000;0,0000;0,0000;0,0000;0,0000;0;0;0;0
20260614_0117;Consistência_1000;classification;LeveragingBagging;Otimizado_FullFeatures;classifier;classifier;classifier;N/A;N/A;N/A;2000;100;15;3400;0,0000;0,0000;0,0000;0,0000;0,0000;0,0000;0;0;0;0
20260614_0117;Consistência_1000;classification;LeveragingBagging;Otimizado_FullFeatures;classifier;classifier;classifier;N/A;N/A;N/A;2000;100;16;3500;0,0000;0,0000;0,0000;0,0000;0,0000;0,0000;0;0;0;0
20260614_0117;Consistência_1000;classification;LeveragingBagging;Otimizado_FullFeatures;classifier;classifier;classifier;N/A;N/A;N/A;2000;100;17;3600;0,0000;0,0000;0,0000;0,0000;0,0000;0,0000;0;0;0;0
20260614_0117;Consistência_1000;classification;LeveragingBagging;Otimizado_FullFeatures;classifier;classifier;classifier;N/A;N/A;N/A;2000;100;18;3700;0,0000;0,0000;0,0000;0,0000;0,0000;0,0000;0;0;0;0
20260614_0117;Consistência_1000;classification;LeveragingBagging;Otimizado_FullFeatures;classifier;classifier;classifier;N/A;N/A;N/A;2000;100;19;3800;93,5289;0,7185;99,1107;1,0896;88,5714;1,6327;1;1;6;1
20260614_0117;Consistência_1000;classification;LeveragingBagging;Otimizado_FullFeatures;classifier;classifier;classifier;N/A;N/A;N/A;2000;100;20;3900;98,7531;0,3928;98,5093;0,4892;99,0000;0,5000;2;1;1;1
20260614_0117;Consistência_1000;classification;LeveragingBagging;Otimizado_FullFeatures;classifier;classifier;classifier;N/A;N/A;N/A;2000;100;21;4000;99,3825;0,3860;100,0000;0,0000;98,7755;0,7636;0;0;2;1
20260614_0117;Consistência_1000;classification;LeveragingBagging;Otimizado_FullFeatures;classifier;classifier;classifier;N/A;N/A;N/A;2000;100;22;4100;98,8686;0,3815;97,7654;0,7470;100,0000;0,0000;3;1;0;0
20260614_0117;Consistência_1000;classification;LeveragingBagging;Otimizado_FullFeatures;classifier;classifier;classifier;N/A;N/A;N/A;2000;100;23;4200;99,4924;0,0000;100,0000;0,0000;98,9899;0,0000;0;0;1;0
20260614_0117;Consistência_1000;classification;LeveragingBagging;Otimizado_FullFeatures;classifier;classifier;classifier;N/A;N/A;N/A;2000;100;24;4300;95,2120;0,7311;91,3725;0,9751;99,3939;0,7423;7;1;1;1
20260614_0117;Consistência_1000;classification;LeveragingBagging;Otimizado_FullFeatures;classifier;classifier;classifier;N/A;N/A;N/A;2000;100;25;4400;92,8698;1,9877;90,3202;3,7412;95,6522;0,0000;3;2;1;0
20260614_0117;Consistência_1000;classification;LeveragingBagging;Otimizado_FullFeatures;classifier;classifier;classifier;N/A;N/A;N/A;2000;100;26;4500;92,5977;6,1417;89,8333;8,5334;95,7143;3,4993;2;2;1;1
20260614_0117;Consistência_1000;classification;LeveragingBagging;Otimizado_FullFeatures;classifier;classifier;classifier;N/A;N/A;N/A;2000;100;27;4600;98,3347;0,4378;99,5294;0,9412;97,1765;0,5764;1;1;3;1
20260614_0117;Consistência_1000;classification;LeveragingBagging;Otimizado_FullFeatures;classifier;classifier;classifier;N/A;N/A;N/A;2000;100;28;4700;93,3333;3,3333;100,0000;0,0000;87,6923;6,1538;0;0;2;1
20260614_0117;Consistência_1000;classification;LeveragingBagging;Otimizado_FullFeatures;classifier;classifier;classifier;N/A;N/A;N/A;2000;100;29;4800;98,3333;3,3333;96,9231;6,1538;100,0000;0,0000;1;1;0;0
20260614_0117;Consistência_1000;classification;LeveragingBagging;Otimizado_FullFeatures;classifier;classifier;classifier;N/A;N/A;N/A;2000;100;30;4900;0,0000;0,0000;0,0000;0,0000;0,0000;0,0000;0;0;0;0
20260614_0117;Consistência_1000;classification;LeveragingBagging;Otimizado_FullFeatures;classifier;classifier;classifier;N/A;N/A;N/A;2000;100;31;5000;0,0000;0,0000;0,0000;0,0000;0,0000;0,0000;1;1;0;0
20260614_0117;Consistência_1000;classification;LeveragingBagging;Otimizado_FullFeatures;classifier;classifier;classifier;N/A;N/A;N/A;2000;100;32;5100;0,0000;0,0000;0,0000;0,0000;0,0000;0,0000;0;0;0;0
20260614_0117;Consistência_1000;classification;LeveragingBagging;Otimizado_FullFeatures;classifier;classifier;classifier;N/A;N/A;N/A;2000;100;33;5200;0,0000;0,0000;0,0000;0,0000;0,0000;0,0000;0;0;0;0
20260614_0117;Consistência_1000;classification;LeveragingBagging;Otimizado_FullFeatures;classifier;classifier;classifier;N/A;N/A;N/A;2000;100;34;5300;0,0000;0,0000;0,0000;0,0000;0,0000;0,0000;0;0;0;0
20260614_0117;Consistência_1000;classification;LeveragingBagging;Otimizado_FullFeatures;classifier;classifier;classifier;N/A;N/A;N/A;2000;100;35;5400;0,0000;0,0000;0,0000;0,0000;0,0000;0,0000;0;0;0;0
20260614_0117;Consistência_1000;classification;LeveragingBagging;Otimizado_FullFeatures;classifier;classifier;classifier;N/A;N/A;N/A;2000;100;36;5500;0,0000;0,0000;0,0000;0,0000;0,0000;0,0000;0;0;0;0
20260614_0117;Consistência_1000;classification;LeveragingBagging;Otimizado_FullFeatures;classifier;classifier;classifier;N/A;N/A;N/A;2000;100;37;5600;0,0000;0,0000;0,0000;0,0000;0,0000;0,0000;3;2;0;0
20260614_0117;Consistência_1000;classification;LeveragingBagging;Otimizado_FullFeatures;classifier;classifier;classifier;N/A;N/A;N/A;2000;100;38;5700;0,0000;0,0000;0,0000;0,0000;0,0000;0,0000;1;1;0;0
20260614_0117;Consistência_1000;classification;LeveragingBagging;Otimizado_FullFeatures;classifier;classifier;classifier;N/A;N/A;N/A;2000;100;39;5800;0,0000;0,0000;0,0000;0,0000;0,0000;0,0000;0;0;0;0
20260614_0117;Consistência_1000;classification;LeveragingBagging;Otimizado_FullFeatures;classifier;classifier;classifier;N/A;N/A;N/A;2000;100;40;5900;0,0000;0,0000;0,0000;0,0000;0,0000;0,0000;0;0;0;0
20260614_0117;Consistência_1000;classification;LeveragingBagging;Otimizado_FullFeatures;classifier;classifier;classifier;N/A;N/A;N/A;2000;100;41;6000;0,0000;0,0000;0,0000;0,0000;0,0000;0,0000;0;0;0;0
20260614_0117;Consistência_1000;classification;LeveragingBagging;Otimizado_FullFeatures;classifier;classifier;classifier;N/A;N/A;N/A;2000;100;42;6100;0,0000;0,0000;0,0000;0,0000;0,0000;0,0000;1;1;0;0
20260614_0117;Consistência_1000;classification;LeveragingBagging;Otimizado_FullFeatures;classifier;classifier;classifier;N/A;N/A;N/A;2000;100;43;6200;0,0000;0,0000;0,0000;0,0000;0,0000;0,0000;0;0;0;0
20260614_0117;Consistência_1000;classification;LeveragingBagging;Otimizado_FullFeatures;classifier;classifier;classifier;N/A;N/A;N/A;2000;100;44;6300;0,0000;0,0000;0,0000;0,0000;0,0000;0,0000;0;0;0;0
20260614_0117;Consistência_1000;classification;LeveragingBagging;Otimizado_FullFeatures;classifier;classifier;classifier;N/A;N/A;N/A;2000;100;45;6400;0,0000;0,0000;0,0000;0,0000;0,0000;0,0000;0;0;0;0
20260614_0117;Consistência_1000;classification;LeveragingBagging;Otimizado_FullFeatures;classifier;classifier;classifier;N/A;N/A;N/A;2000;100;46;6500;0,0000;0,0000;0,0000;0,0000;0,0000;0,0000;0;0;0;0
20260614_0117;Consistência_1000;classification;LeveragingBagging;Otimizado_FullFeatures;classifier;classifier;classifier;N/A;N/A;N/A;2000;100;47;6600;0,0000;0,0000;0,0000;0,0000;0,0000;0,0000;1;1;0;0
20260614_0117;Consistência_1000;classification;LeveragingBagging;Otimizado_FullFeatures;classifier;classifier;classifier;N/A;N/A;N/A;2000;100;48;6700;0,0000;0,0000;0,0000;0,0000;0,0000;0,0000;0;0;0;0
20260614_0117;Consistência_1000;classification;LeveragingBagging;Otimizado_FullFeatures;classifier;classifier;classifier;N/A;N/A;N/A;2000;100;49;6800;0,0000;0,0000;0,0000;0,0000;0,0000;0,0000;0;0;0;0
20260614_0117;Consistência_1000;classification;LeveragingBagging;Otimizado_FullFeatures;classifier;classifier;classifier;N/A;N/A;N/A;2000;100;50;6900;0,0000;0,0000;0,0000;0,0000;0,0000;0,0000;0;0;0;0
20260614_0117;Consistência_1000;classification;LeveragingBagging;Otimizado_FullFeatures;classifier;classifier;classifier;N/A;N/A;N/A;2000;100;51;7000;0,0000;0,0000;0,0000;0,0000;0,0000;0,0000;0;0;0;0
20260614_0117;Consistência_1000;classification;LeveragingBagging;Otimizado_FullFeatures;classifier;classifier;classifier;N/A;N/A;N/A;2000;100;52;7100;0,0000;0,0000;0,0000;0,0000;0,0000;0,0000;0;0;0;0
20260614_0117;Consistência_1000;classification;LeveragingBagging;Otimizado_FullFeatures;classifier;classifier;classifier;N/A;N/A;N/A;2000;100;53;7200;0,0000;0,0000;0,0000;0,0000;0,0000;0,0000;0;0;0;0
20260614_0117;Consistência_1000;classification;LeveragingBagging;Otimizado_FullFeatures;classifier;classifier;classifier;N/A;N/A;N/A;2000;100;54;7300;0,0000;0,0000;0,0000;0,0000;0,0000;0,0000;0;0;0;0
20260614_0117;Consistência_1000;classification;LeveragingBagging;Otimizado_FullFeatures;classifier;classifier;classifier;N/A;N/A;N/A;2000;100;55;7400;0,0000;0,0000;0,0000;0,0000;0,0000;0,0000;0;0;0;0
20260614_0117;Consistência_1000;classification;LeveragingBagging;Otimizado_FullFeatures;classifier;classifier;classifier;N/A;N/A;N/A;2000;100;56;7500;0,0000;0,0000;0,0000;0,0000;0,0000;0,0000;0;0;0;0
20260614_0117;Consistência_1000;classification;LeveragingBagging;Otimizado_FullFeatures;classifier;classifier;classifier;N/A;N/A;N/A;2000;100;57;7600;0,0000;0,0000;0,0000;0,0000;0,0000;0,0000;0;0;0;0
20260614_0117;Consistência_1000;classification;LeveragingBagging;Otimizado_FullFeatures;classifier;classifier;classifier;N/A;N/A;N/A;2000;100;58;7700;0,0000;0,0000;0,0000;0,0000;0,0000;0,0000;0;0;0;0
20260614_0117;Consistência_1000;classification;LeveragingBagging;Otimizado_FullFeatures;classifier;classifier;classifier;N/A;N/A;N/A;2000;100;59;7800;0,0000;0,0000;0,0000;0,0000;0,0000;0,0000;0;0;0;0
20260614_0117;Consistência_1000;classification;LeveragingBagging;Otimizado_FullFeatures;classifier;classifier;classifier;N/A;N/A;N/A;2000;100;60;7900;0,0000;0,0000;0,0000;0,0000;0,0000;0,0000;0;0;0;0
20260614_0117;Consistência_1000;classification;LeveragingBagging;Otimizado_FullFeatures;classifier;classifier;classifier;N/A;N/A;N/A;2000;100;61;8000;0,0000;0,0000;0,0000;0,0000;0,0000;0,0000;0;0;0;0
20260614_0117;Consistência_1000;classification;LeveragingBagging;Otimizado_FullFeatures;classifier;classifier;classifier;N/A;N/A;N/A;2000;100;62;8100;0,0000;0,0000;0,0000;0,0000;0,0000;0,0000;0;0;0;0
20260614_0117;Consistência_1000;classification;LeveragingBagging;Otimizado_FullFeatures;classifier;classifier;classifier;N/A;N/A;N/A;2000;100;63;8200;0,0000;0,0000;0,0000;0,0000;0,0000;0,0000;0;0;0;0
20260614_0117;Consistência_1000;classification;LeveragingBagging;Otimizado_FullFeatures;classifier;classifier;classifier;N/A;N/A;N/A;2000;100;64;8300;0,0000;0,0000;0,0000;0,0000;0,0000;0,0000;0;0;0;0
20260614_0117;Consistência_1000;classification;LeveragingBagging;Otimizado_FullFeatures;classifier;classifier;classifier;N/A;N/A;N/A;2000;100;65;8400;0,0000;0,0000;0,0000;0,0000;0,0000;0,0000;0;0;0;0
20260614_0117;Consistência_1000;classification;LeveragingBagging;Otimizado_FullFeatures;classifier;classifier;classifier;N/A;N/A;N/A;2000;100;66;8500;40,0000;48,9898;40,0000;48,9898;40,0000;48,9898;0;0;1;1
20260614_0117;Consistência_1000;classification;LeveragingBagging;Otimizado_FullFeatures;classifier;classifier;classifier;N/A;N/A;N/A;2000;100;67;8600;95,6414;0,2928;100,0000;0,0000;91,6484;0,5383;0;0;8;1
20260614_0117;Consistência_1000;classification;LeveragingBagging;Otimizado_FullFeatures;classifier;classifier;classifier;N/A;N/A;N/A;2000;100;68;8700;97,8513;0,6097;100,0000;0,0000;95,8000;1,1662;0;0;5;2
20260614_0117;Consistência_1000;classification;LeveragingBagging;Otimizado_FullFeatures;classifier;classifier;classifier;N/A;N/A;N/A;2000;100;69;8800;97,7801;0,9404;97,4795;0,7634;98,0952;1,5552;2;1;2;1
20260614_0117;Consistência_1000;classification;LeveragingBagging;Otimizado_FullFeatures;classifier;classifier;classifier;N/A;N/A;N/A;2000;100;70;8900;98,7646;0,2298;99,7778;0,4444;97,7778;0,7027;1;1;2;1
20260614_0117;Consistência_1000;classification;LeveragingBagging;Otimizado_FullFeatures;classifier;classifier;classifier;N/A;N/A;N/A;2000;100;71;9000;99,5897;0,2051;99,1837;0,4082;100,0000;0,0000;1;1;0;0
20260614_0117;Consistência_1000;classification;LeveragingBagging;Otimizado_FullFeatures;classifier;classifier;classifier;N/A;N/A;N/A;2000;100;72;9100;100,0000;0,0000;100,0000;0,0000;100,0000;0,0000;0;0;0;0
20260614_0117;Consistência_1000;classification;LeveragingBagging;Otimizado_FullFeatures;classifier;classifier;classifier;N/A;N/A;N/A;2000;100;73;9200;99,0694;0,2064;99,3898;0,8102;98,7629;0,7715;1;1;2;1
20260614_0117;Consistência_1000;classification;LeveragingBagging;Otimizado_FullFeatures;classifier;classifier;classifier;N/A;N/A;N/A;2000;100;74;9300;100,0000;0,0000;100,0000;0,0000;100,0000;0,0000;0;0;0;0
20260614_0117;Consistência_1000;classification;LeveragingBagging;Otimizado_FullFeatures;classifier;classifier;classifier;N/A;N/A;N/A;2000;100;75;9400;99,7949;0,2512;100,0000;0,0000;99,5918;0,4999;0;0;1;1
20260614_0117;Consistência_1000;classification;LeveragingBagging;Otimizado_FullFeatures;classifier;classifier;classifier;N/A;N/A;N/A;2000;100;76;9500;100,0000;0,0000;100,0000;0,0000;100,0000;0,0000;0;0;0;0
20260614_0117;Consistência_1000;classification;LeveragingBagging;Otimizado_FullFeatures;classifier;classifier;classifier;N/A;N/A;N/A;2000;100;77;9600;0,0000;0,0000;0,0000;0,0000;0,0000;0,0000;4;2;0;0
20260614_0117;Consistência_1000;classification;LeveragingBagging;Otimizado_FullFeatures;classifier;classifier;classifier;N/A;N/A;N/A;2000;100;78;9700;0,0000;0,0000;0,0000;0,0000;0,0000;0,0000;0;0;0;0
20260614_0117;Consistência_1000;classification;LeveragingBagging;Otimizado_FullFeatures;classifier;classifier;classifier;N/A;N/A;N/A;2000;100;79;9800;0,0000;0,0000;0,0000;0,0000;0,0000;0,0000;1;1;0;0
20260614_0117;Consistência_1000;classification;LeveragingBagging;Otimizado_FullFeatures;classifier;classifier;classifier;N/A;N/A;N/A;2000;100;80;9900;0,0000;0,0000;0,0000;0,0000;0,0000;0,0000;1;0;0;0
20260614_0117;Consistência_1000;classification;LeveragingBagging;Otimizado_FullFeatures;classifier;classifier;classifier;N/A;N/A;N/A;2000;100;81;10000;0,0000;0,0000;0,0000;0,0000;0,0000;0,0000;0;0;0;0
20260614_0117;Consistência_1000;classification;LeveragingBagging;Otimizado_FullFeatures;classifier;classifier;classifier;N/A;N/A;N/A;2000;100;82;10100;0,0000;0,0000;0,0000;0,0000;0,0000;0,0000;1;1;0;0
20260614_0117;Consistência_1000;classification;LeveragingBagging;Otimizado_FullFeatures;classifier;classifier;classifier;N/A;N/A;N/A;2000;100;83;10200;0,0000;0,0000;0,0000;0,0000;0,0000;0,0000;0;0;0;0
20260614_0117;Consistência_1000;classification;LeveragingBagging;Otimizado_FullFeatures;classifier;classifier;classifier;N/A;N/A;N/A;2000;100;84;10300;0,0000;0,0000;0,0000;0,0000;0,0000;0,0000;0;0;0;0
20260614_0117;Consistência_1000;classification;LeveragingBagging;Otimizado_FullFeatures;classifier;classifier;classifier;N/A;N/A;N/A;2000;100;85;10400;0,0000;0,0000;0,0000;0,0000;0,0000;0,0000;1;1;0;0
20260614_0117;Consistência_1000;classification;LeveragingBagging;Otimizado_FullFeatures;classifier;classifier;classifier;N/A;N/A;N/A;2000;100;86;10500;0,0000;0,0000;0,0000;0,0000;0,0000;0,0000;0;0;0;0
20260614_0117;Consistência_1000;classification;LeveragingBagging;Otimizado_FullFeatures;classifier;classifier;classifier;N/A;N/A;N/A;2000;100;87;10600;0,0000;0,0000;0,0000;0,0000;0,0000;0,0000;0;0;0;0
20260614_0117;Consistência_1000;classification;LeveragingBagging;Otimizado_FullFeatures;classifier;classifier;classifier;N/A;N/A;N/A;2000;100;88;10700;0,0000;0,0000;0,0000;0,0000;0,0000;0,0000;1;1;0;0
20260614_0117;Consistência_1000;classification;LeveragingBagging;Otimizado_FullFeatures;classifier;classifier;classifier;N/A;N/A;N/A;2000;100;89;10800;0,0000;0,0000;0,0000;0,0000;0,0000;0,0000;0;0;0;0
20260614_0117;Consistência_1000;classification;LeveragingBagging;Otimizado_FullFeatures;classifier;classifier;classifier;N/A;N/A;N/A;2000;100;90;10900;0,0000;0,0000;0,0000;0,0000;0,0000;0,0000;1;1;0;0
20260614_0117;Consistência_1000;classification;LeveragingBagging;Otimizado_FullFeatures;classifier;classifier;classifier;N/A;N/A;N/A;2000;100;91;11000;0,0000;0,0000;0,0000;0,0000;0,0000;0,0000;0;0;0;0
20260614_0117;Consistência_1000;classification;LeveragingBagging;Otimizado_FullFeatures;classifier;classifier;classifier;N/A;N/A;N/A;2000;100;92;11100;0,0000;0,0000;0,0000;0,0000;0,0000;0,0000;0;0;0;0
20260614_0117;Consistência_1000;classification;LeveragingBagging;Otimizado_FullFeatures;classifier;classifier;classifier;N/A;N/A;N/A;2000;100;93;11200;0,0000;0,0000;0,0000;0,0000;0,0000;0,0000;0;0;0;0
20260614_0117;Consistência_1000;classification;LeveragingBagging;Otimizado_FullFeatures;classifier;classifier;classifier;N/A;N/A;N/A;2000;100;94;11300;0,0000;0,0000;0,0000;0,0000;0,0000;0,0000;0;0;0;0
20260614_0117;Consistência_1000;classification;LeveragingBagging;Otimizado_FullFeatures;classifier;classifier;classifier;N/A;N/A;N/A;2000;100;95;11400;0,0000;0,0000;0,0000;0,0000;0,0000;0,0000;1;1;0;0
20260614_0117;Consistência_1000;classification;LeveragingBagging;Otimizado_FullFeatures;classifier;classifier;classifier;N/A;N/A;N/A;2000;100;96;11500;0,0000;0,0000;0,0000;0,0000;0,0000;0,0000;0;0;0;0
20260614_0117;Consistência_1000;classification;LeveragingBagging;Otimizado_FullFeatures;classifier;classifier;classifier;N/A;N/A;N/A;2000;100;97;11600;0,0000;0,0000;0,0000;0,0000;0,0000;0,0000;0;0;0;0
20260614_0117;Consistência_1000;classification;LeveragingBagging;Otimizado_FullFeatures;classifier;classifier;classifier;N/A;N/A;N/A;2000;100;98;11700;0,0000;0,0000;0,0000;0,0000;0,0000;0,0000;1;1;0;0
20260614_0117;Consistência_1000;classification;LeveragingBagging;Otimizado_FullFeatures;classifier;classifier;classifier;N/A;N/A;N/A;2000;100;99;11800;0,0000;0,0000;0,0000;0,0000;0,0000;0,0000;0;0;0;0
20260614_0117;Consistência_1000;classification;LeveragingBagging;Otimizado_FullFeatures;classifier;classifier;classifier;N/A;N/A;N/A;2000;100;100;11900;0,0000;0,0000;0,0000;0,0000;0,0000;0,0000;0;0;0;0
20260614_0117;Consistência_1000;classification;LeveragingBagging;Otimizado_FullFeatures;classifier;classifier;classifier;N/A;N/A;N/A;2000;100;101;12000;0,0000;0,0000;0,0000;0,0000;0,0000;0,0000;0;0;0;0
20260614_0117;Consistência_1000;classification;LeveragingBagging;Otimizado_FullFeatures;classifier;classifier;classifier;N/A;N/A;N/A;2000;100;102;12100;0,0000;0,0000;0,0000;0,0000;0,0000;0,0000;0;0;0;0
20260614_0117;Consistência_1000;classification;LeveragingBagging;Otimizado_FullFeatures;classifier;classifier;classifier;N/A;N/A;N/A;2000;100;103;12200;0,0000;0,0000;0,0000;0,0000;0,0000;0,0000;0;0;0;0
20260614_0117;Consistência_1000;classification;LeveragingBagging;Otimizado_FullFeatures;classifier;classifier;classifier;N/A;N/A;N/A;2000;100;104;12300;0,0000;0,0000;0,0000;0,0000;0,0000;0,0000;0;0;0;0
20260614_0117;Consistência_1000;classification;LeveragingBagging;Otimizado_FullFeatures;classifier;classifier;classifier;N/A;N/A;N/A;2000;100;105;12400;0,0000;0,0000;0,0000;0,0000;0,0000;0,0000;0;0;0;0
20260614_0117;Consistência_1000;classification;LeveragingBagging;Otimizado_FullFeatures;classifier;classifier;classifier;N/A;N/A;N/A;2000;100;106;12500;0,0000;0,0000;0,0000;0,0000;0,0000;0,0000;0;0;0;0
20260614_0117;Consistência_1000;classification;LeveragingBagging;Otimizado_FullFeatures;classifier;classifier;classifier;N/A;N/A;N/A;2000;100;107;12600;0,0000;0,0000;0,0000;0,0000;0,0000;0,0000;1;1;0;0
20260614_0117;Consistência_1000;classification;LeveragingBagging;Otimizado_FullFeatures;classifier;classifier;classifier;N/A;N/A;N/A;2000;100;108;12700;0,0000;0,0000;0,0000;0,0000;0,0000;0,0000;0;0;0;0
20260614_0117;Consistência_1000;classification;LeveragingBagging;Otimizado_FullFeatures;classifier;classifier;classifier;N/A;N/A;N/A;2000;100;109;12800;0,0000;0,0000;0,0000;0,0000;0,0000;0,0000;0;0;0;0
20260614_0117;Consistência_1000;classification;LeveragingBagging;Otimizado_FullFeatures;classifier;classifier;classifier;N/A;N/A;N/A;2000;100;110;12900;0,0000;0,0000;0,0000;0,0000;0,0000;0,0000;0;0;0;0
20260614_0117;Consistência_1000;classification;LeveragingBagging;Otimizado_FullFeatures;classifier;classifier;classifier;N/A;N/A;N/A;2000;100;111;13000;0,0000;0,0000;0,0000;0,0000;0,0000;0,0000;0;0;0;0
20260614_0117;Consistência_1000;classification;LeveragingBagging;Otimizado_FullFeatures;classifier;classifier;classifier;N/A;N/A;N/A;2000;100;112;13100;0,0000;0,0000;0,0000;0,0000;0,0000;0,0000;1;1;0;0
20260614_0117;Consistência_1000;classification;LeveragingBagging;Otimizado_FullFeatures;classifier;classifier;classifier;N/A;N/A;N/A;2000;100;113;13200;0,0000;0,0000;0,0000;0,0000;0,0000;0,0000;0;0;0;0
20260614_0117;Consistência_1000;classification;LeveragingBagging;Otimizado_FullFeatures;classifier;classifier;classifier;N/A;N/A;N/A;2000;100;114;13300;98,6059;0,4947;100,0000;0,0000;97,2549;0,9606;0;0;2;1
20260614_0117;Consistência_1000;classification;LeveragingBagging;Otimizado_FullFeatures;classifier;classifier;classifier;N/A;N/A;N/A;2000;100;115;13400;100,0000;0,0000;100,0000;0,0000;100,0000;0,0000;0;0;0;0
20260614_0117;Consistência_1000;classification;LeveragingBagging;Otimizado_FullFeatures;classifier;classifier;classifier;N/A;N/A;N/A;2000;100;116;13500;99,4975;0,0000;100,0000;0,0000;99,0000;0,0000;0;0;1;0
20260614_0117;Consistência_1000;classification;LeveragingBagging;Otimizado_FullFeatures;classifier;classifier;classifier;N/A;N/A;N/A;2000;100;117;13600;98,8692;0,5679;99,1548;0,6902;98,5915;0,8908;1;1;1;1
20260614_0117;Consistência_1000;classification;LeveragingBagging;Otimizado_FullFeatures;classifier;classifier;classifier;N/A;N/A;N/A;2000;100;118;13700;99,7037;0,3629;99,4118;0,7204;100,0000;0,0000;1;1;0;0
20260614_0117;Consistência_1000;classification;LeveragingBagging;Otimizado_FullFeatures;classifier;classifier;classifier;N/A;N/A;N/A;2000;100;119;13800;99,0431;0,2139;100,0000;0,0000;98,1053;0,4211;0;0;2;1
20260614_0117;Consistência_1000;classification;LeveragingBagging;Otimizado_FullFeatures;classifier;classifier;classifier;N/A;N/A;N/A;2000;100;120;13900;99,5897;0,2051;99,1837;0,4082;100,0000;0,0000;1;1;0;0
20260614_0117;Consistência_1000;classification;LeveragingBagging;Otimizado_FullFeatures;classifier;classifier;classifier;N/A;N/A;N/A;2000;100;121;14000;100,0000;0,0000;100,0000;0,0000;100,0000;0,0000;0;0;0;0
20260614_0117;Consistência_1000;classification;LeveragingBagging;Otimizado_FullFeatures;classifier;classifier;classifier;N/A;N/A;N/A;2000;100;122;14100;100,0000;0,0000;100,0000;0,0000;100,0000;0,0000;0;0;0;0
20260614_0117;Consistência_1000;classification;LeveragingBagging;Otimizado_FullFeatures;classifier;classifier;classifier;N/A;N/A;N/A;2000;100;123;14200;100,0000;0,0000;100,0000;0,0000;100,0000;0,0000;0;0;0;0
20260614_0117;Consistência_1000;classification;LeveragingBagging;Otimizado_FullFeatures;classifier;classifier;classifier;N/A;N/A;N/A;2000;100;124;14300;100,0000;0,0000;100,0000;0,0000;100,0000;0,0000;0;0;0;0
20260614_0117;Consistência_1000;classification;LeveragingBagging;Otimizado_FullFeatures;classifier;classifier;classifier;N/A;N/A;N/A;2000;100;125;14400;0,0000;0,0000;0,0000;0,0000;0,0000;0,0000;2;1;0;0
20260614_0117;Consistência_1000;classification;LeveragingBagging;Otimizado_FullFeatures;classifier;classifier;classifier;N/A;N/A;N/A;2000;100;126;14500;0,0000;0,0000;0,0000;0,0000;0,0000;0,0000;1;1;0;0
20260614_0117;Consistência_1000;classification;LeveragingBagging;Otimizado_FullFeatures;classifier;classifier;classifier;N/A;N/A;N/A;2000;100;127;14600;0,0000;0,0000;0,0000;0,0000;0,0000;0,0000;1;1;0;0
20260614_0117;Consistência_1000;classification;LeveragingBagging;Otimizado_FullFeatures;classifier;classifier;classifier;N/A;N/A;N/A;2000;100;128;14700;0,0000;0,0000;0,0000;0,0000;0,0000;0,0000;1;1;0;0
20260614_0117;Consistência_1000;classification;LeveragingBagging;Otimizado_FullFeatures;classifier;classifier;classifier;N/A;N/A;N/A;2000;100;129;14800;0,0000;0,0000;0,0000;0,0000;0,0000;0,0000;2;1;0;0
20260614_0117;Consistência_1000;classification;LeveragingBagging;Otimizado_FullFeatures;classifier;classifier;classifier;N/A;N/A;N/A;2000;100;130;14900;0,0000;0,0000;0,0000;0,0000;0,0000;0,0000;0;0;0;0
20260614_0117;Consistência_1000;classification;LeveragingBagging;Otimizado_FullFeatures;classifier;classifier;classifier;N/A;N/A;N/A;2000;100;131;15000;0,0000;0,0000;0,0000;0,0000;0,0000;0,0000;0;0;0;0
20260614_0117;Consistência_1000;classification;LeveragingBagging;Otimizado_FullFeatures;classifier;classifier;classifier;N/A;N/A;N/A;2000;100;132;15100;0,0000;0,0000;0,0000;0,0000;0,0000;0,0000;0;0;0;0
20260614_0117;Consistência_1000;classification;LeveragingBagging;Otimizado_FullFeatures;classifier;classifier;classifier;N/A;N/A;N/A;2000;100;133;15200;0,0000;0,0000;0,0000;0,0000;0,0000;0,0000;0;0;0;0
20260614_0117;Consistência_1000;classification;LeveragingBagging;Otimizado_FullFeatures;classifier;classifier;classifier;N/A;N/A;N/A;2000;100;134;15300;0,0000;0,0000;0,0000;0,0000;0,0000;0,0000;1;1;0;0
20260614_0117;Consistência_1000;classification;LeveragingBagging;Otimizado_FullFeatures;classifier;classifier;classifier;N/A;N/A;N/A;2000;100;135;15400;0,0000;0,0000;0,0000;0,0000;0,0000;0,0000;0;0;0;0
20260614_0117;Consistência_1000;classification;LeveragingBagging;Otimizado_FullFeatures;classifier;classifier;classifier;N/A;N/A;N/A;2000;100;136;15500;0,0000;0,0000;0,0000;0,0000;0,0000;0,0000;0;0;0;0
20260614_0117;Consistência_1000;classification;LeveragingBagging;Otimizado_FullFeatures;classifier;classifier;classifier;N/A;N/A;N/A;2000;100;137;15600;0,0000;0,0000;0,0000;0,0000;0,0000;0,0000;0;0;0;0
20260614_0117;Consistência_1000;classification;LeveragingBagging;Otimizado_FullFeatures;classifier;classifier;classifier;N/A;N/A;N/A;2000;100;138;15700;0,0000;0,0000;0,0000;0,0000;0,0000;0,0000;0;0;0;0
20260614_0117;Consistência_1000;classification;LeveragingBagging;Otimizado_FullFeatures;classifier;classifier;classifier;N/A;N/A;N/A;2000;100;139;15800;0,0000;0,0000;0,0000;0,0000;0,0000;0,0000;0;0;0;0
20260614_0117;Consistência_1000;classification;LeveragingBagging;Otimizado_FullFeatures;classifier;classifier;classifier;N/A;N/A;N/A;2000;100;140;15900;0,0000;0,0000;0,0000;0,0000;0,0000;0,0000;0;0;0;0
20260614_0117;Consistência_1000;classification;LeveragingBagging;Otimizado_FullFeatures;classifier;classifier;classifier;N/A;N/A;N/A;2000;100;141;16000;0,0000;0,0000;0,0000;0,0000;0,0000;0,0000;0;0;0;0
20260614_0117;Consistência_1000;classification;LeveragingBagging;Otimizado_FullFeatures;classifier;classifier;classifier;N/A;N/A;N/A;2000;100;142;16100;0,0000;0,0000;0,0000;0,0000;0,0000;0,0000;1;1;0;0
20260614_0117;Consistência_1000;classification;LeveragingBagging;Otimizado_FullFeatures;classifier;classifier;classifier;N/A;N/A;N/A;2000;100;143;16200;0,0000;0,0000;0,0000;0,0000;0,0000;0,0000;0;0;0;0
20260614_0117;Consistência_1000;classification;LeveragingBagging;Otimizado_FullFeatures;classifier;classifier;classifier;N/A;N/A;N/A;2000;100;144;16300;0,0000;0,0000;0,0000;0,0000;0,0000;0,0000;0;0;0;0
20260614_0117;Consistência_1000;classification;LeveragingBagging;Otimizado_FullFeatures;classifier;classifier;classifier;N/A;N/A;N/A;2000;100;145;16400;0,0000;0,0000;0,0000;0,0000;0,0000;0,0000;0;0;0;0
20260614_0117;Consistência_1000;classification;LeveragingBagging;Otimizado_FullFeatures;classifier;classifier;classifier;N/A;N/A;N/A;2000;100;146;16500;0,0000;0,0000;0,0000;0,0000;0,0000;0,0000;0;0;0;0
20260614_0117;Consistência_1000;classification;LeveragingBagging;Otimizado_FullFeatures;classifier;classifier;classifier;N/A;N/A;N/A;2000;100;147;16600;0,0000;0,0000;0,0000;0,0000;0,0000;0,0000;0;0;0;0
20260614_0117;Consistência_1000;classification;LeveragingBagging;Otimizado_FullFeatures;classifier;classifier;classifier;N/A;N/A;N/A;2000;100;148;16700;0,0000;0,0000;0,0000;0,0000;0,0000;0,0000;0;0;0;0
20260614_0117;Consistência_1000;classification;LeveragingBagging;Otimizado_FullFeatures;classifier;classifier;classifier;N/A;N/A;N/A;2000;100;149;16800;0,0000;0,0000;0,0000;0,0000;0,0000;0,0000;0;0;0;0
20260614_0117;Consistência_1000;classification;LeveragingBagging;Otimizado_FullFeatures;classifier;classifier;classifier;N/A;N/A;N/A;2000;100;150;16900;0,0000;0,0000;0,0000;0,0000;0,0000;0,0000;0;0;0;0
20260614_0117;Consistência_1000;classification;LeveragingBagging;Otimizado_FullFeatures;classifier;classifier;classifier;N/A;N/A;N/A;2000;100;151;17000;0,0000;0,0000;0,0000;0,0000;0,0000;0,0000;0;0;0;0
20260614_0117;Consistência_1000;classification;LeveragingBagging;Otimizado_FullFeatures;classifier;classifier;classifier;N/A;N/A;N/A;2000;100;152;17100;0,0000;0,0000;0,0000;0,0000;0,0000;0,0000;0;0;0;0
20260614_0117;Consistência_1000;classification;LeveragingBagging;Otimizado_FullFeatures;classifier;classifier;classifier;N/A;N/A;N/A;2000;100;153;17200;0,0000;0,0000;0,0000;0,0000;0,0000;0,0000;0;0;0;0
20260614_0117;Consistência_1000;classification;LeveragingBagging;Otimizado_FullFeatures;classifier;classifier;classifier;N/A;N/A;N/A;2000;100;154;17300;0,0000;0,0000;0,0000;0,0000;0,0000;0,0000;0;0;0;0
20260614_0117;Consistência_1000;classification;LeveragingBagging;Otimizado_FullFeatures;classifier;classifier;classifier;N/A;N/A;N/A;2000;100;155;17400;0,0000;0,0000;0,0000;0,0000;0,0000;0,0000;0;0;0;0
20260614_0117;Consistência_1000;classification;LeveragingBagging;Otimizado_FullFeatures;classifier;classifier;classifier;N/A;N/A;N/A;2000;100;156;17500;0,0000;0,0000;0,0000;0,0000;0,0000;0,0000;1;1;0;0
20260614_0117;Consistência_1000;classification;LeveragingBagging;Otimizado_FullFeatures;classifier;classifier;classifier;N/A;N/A;N/A;2000;100;157;17600;0,0000;0,0000;0,0000;0,0000;0,0000;0,0000;0;0;0;0
20260614_0117;Consistência_1000;classification;LeveragingBagging;Otimizado_FullFeatures;classifier;classifier;classifier;N/A;N/A;N/A;2000;100;158;17700;0,0000;0,0000;0,0000;0,0000;0,0000;0,0000;0;0;0;0
20260614_0117;Consistência_1000;classification;LeveragingBagging;Otimizado_FullFeatures;classifier;classifier;classifier;N/A;N/A;N/A;2000;100;159;17800;0,0000;0,0000;0,0000;0,0000;0,0000;0,0000;0;0;0;0
20260614_0117;Consistência_1000;classification;LeveragingBagging;Otimizado_FullFeatures;classifier;classifier;classifier;N/A;N/A;N/A;2000;100;160;17900;0,0000;0,0000;0,0000;0,0000;0,0000;0,0000;0;0;0;0
