Exec_ID;Dataset;Task_Type;Model;Scenario;Strategy;Threshold_Strategy;Decision_Strategy;Decision_Window;Persistence_K;Persistence_N;Warmup;Window_Size;Window_Index;Instance;F1_avg;F1_std;Prec_avg;Prec_std;Rec_avg;Rec_std;FP_avg;FP_std;FN_avg;FN_std
20260611_1518;Consistência_25;classification;LeveragingBagging;Otimizado_33Features;classifier;classifier;classifier;N/A;N/A;N/A;2000;100;1;2000;0,0000;0,0000;0,0000;0,0000;0,0000;0,0000;0;0;0;0
20260611_1518;Consistência_25;classification;LeveragingBagging;Otimizado_33Features;classifier;classifier;classifier;N/A;N/A;N/A;2000;100;2;2100;0,0000;0,0000;0,0000;0,0000;0,0000;0,0000;0;0;0;0
20260611_1518;Consistência_25;classification;LeveragingBagging;Otimizado_33Features;classifier;classifier;classifier;N/A;N/A;N/A;2000;100;3;2200;0,0000;0,0000;0,0000;0,0000;0,0000;0,0000;0;0;0;0
20260611_1518;Consistência_25;classification;LeveragingBagging;Otimizado_33Features;classifier;classifier;classifier;N/A;N/A;N/A;2000;100;4;2300;0,0000;0,0000;0,0000;0,0000;0,0000;0,0000;0;0;0;0
20260611_1518;Consistência_25;classification;LeveragingBagging;Otimizado_33Features;classifier;classifier;classifier;N/A;N/A;N/A;2000;100;5;2400;0,0000;0,0000;0,0000;0,0000;0,0000;0,0000;0;0;0;0
20260611_1518;Consistência_25;classification;LeveragingBagging;Otimizado_33Features;classifier;classifier;classifier;N/A;N/A;N/A;2000;100;6;2500;0,0000;0,0000;0,0000;0,0000;0,0000;0,0000;0;0;0;0
20260611_1518;Consistência_25;classification;LeveragingBagging;Otimizado_33Features;classifier;classifier;classifier;N/A;N/A;N/A;2000;100;7;2600;0,0000;0,0000;0,0000;0,0000;0,0000;0,0000;0;0;0;0
20260611_1518;Consistência_25;classification;LeveragingBagging;Otimizado_33Features;classifier;classifier;classifier;N/A;N/A;N/A;2000;100;8;2700;0,0000;0,0000;0,0000;0,0000;0,0000;0,0000;0;0;0;0
20260611_1518;Consistência_25;classification;LeveragingBagging;Otimizado_33Features;classifier;classifier;classifier;N/A;N/A;N/A;2000;100;9;2800;0,0000;0,0000;0,0000;0,0000;0,0000;0,0000;0;0;0;0
20260611_1518;Consistência_25;classification;LeveragingBagging;Otimizado_33Features;classifier;classifier;classifier;N/A;N/A;N/A;2000;100;10;2900;0,0000;0,0000;0,0000;0,0000;0,0000;0,0000;0;0;0;0
20260611_1518;Consistência_25;classification;LeveragingBagging;Otimizado_33Features;classifier;classifier;classifier;N/A;N/A;N/A;2000;100;11;3000;0,0000;0,0000;0,0000;0,0000;0,0000;0,0000;0;0;0;0
20260611_1518;Consistência_25;classification;LeveragingBagging;Otimizado_33Features;classifier;classifier;classifier;N/A;N/A;N/A;2000;100;12;3100;0,0000;0,0000;0,0000;0,0000;0,0000;0,0000;0;0;0;0
20260611_1518;Consistência_25;classification;LeveragingBagging;Otimizado_33Features;classifier;classifier;classifier;N/A;N/A;N/A;2000;100;13;3200;0,0000;0,0000;0,0000;0,0000;0,0000;0,0000;0;0;0;0
20260611_1518;Consistência_25;classification;LeveragingBagging;Otimizado_33Features;classifier;classifier;classifier;N/A;N/A;N/A;2000;100;14;3300;0,0000;0,0000;0,0000;0,0000;0,0000;0,0000;0;0;0;0
20260611_1518;Consistência_25;classification;LeveragingBagging;Otimizado_33Features;classifier;classifier;classifier;N/A;N/A;N/A;2000;100;15;3400;0,0000;0,0000;0,0000;0,0000;0,0000;0,0000;0;0;0;0
20260611_1518;Consistência_25;classification;LeveragingBagging;Otimizado_33Features;classifier;classifier;classifier;N/A;N/A;N/A;2000;100;16;3500;0,0000;0,0000;0,0000;0,0000;0,0000;0,0000;0;0;0;0
20260611_1518;Consistência_25;classification;LeveragingBagging;Otimizado_33Features;classifier;classifier;classifier;N/A;N/A;N/A;2000;100;17;3600;0,0000;0,0000;0,0000;0,0000;0,0000;0,0000;0;0;0;0
20260611_1518;Consistência_25;classification;LeveragingBagging;Otimizado_33Features;classifier;classifier;classifier;N/A;N/A;N/A;2000;100;18;3700;0,0000;0,0000;0,0000;0,0000;0,0000;0,0000;0;0;0;0
20260611_1518;Consistência_25;classification;LeveragingBagging;Otimizado_33Features;classifier;classifier;classifier;N/A;N/A;N/A;2000;100;19;3800;91,3043;0,0000;100,0000;0,0000;84,0000;0,0000;0;0;4;0
20260611_1518;Consistência_25;classification;LeveragingBagging;Otimizado_33Features;classifier;classifier;classifier;N/A;N/A;N/A;2000;100;20;3900;0,0000;0,0000;0,0000;0,0000;0,0000;0,0000;2;1;0;0
20260611_1518;Consistência_25;classification;LeveragingBagging;Otimizado_33Features;classifier;classifier;classifier;N/A;N/A;N/A;2000;100;21;4000;0,0000;0,0000;0,0000;0,0000;0,0000;0,0000;1;1;0;0
20260611_1518;Consistência_25;classification;LeveragingBagging;Otimizado_33Features;classifier;classifier;classifier;N/A;N/A;N/A;2000;100;22;4100;0,0000;0,0000;0,0000;0,0000;0,0000;0,0000;0;0;0;0
20260611_1518;Consistência_25;classification;LeveragingBagging;Otimizado_33Features;classifier;classifier;classifier;N/A;N/A;N/A;2000;100;23;4200;0,0000;0,0000;0,0000;0,0000;0,0000;0,0000;0;0;0;0
20260611_1518;Consistência_25;classification;LeveragingBagging;Otimizado_33Features;classifier;classifier;classifier;N/A;N/A;N/A;2000;100;24;4300;0,0000;0,0000;0,0000;0,0000;0,0000;0,0000;0;0;0;0
20260611_1518;Consistência_25;classification;LeveragingBagging;Otimizado_33Features;classifier;classifier;classifier;N/A;N/A;N/A;2000;100;25;4400;0,0000;0,0000;0,0000;0,0000;0,0000;0,0000;0;0;0;0
20260611_1518;Consistência_25;classification;LeveragingBagging;Otimizado_33Features;classifier;classifier;classifier;N/A;N/A;N/A;2000;100;26;4500;0,0000;0,0000;0,0000;0,0000;0,0000;0,0000;0;0;0;0
20260611_1518;Consistência_25;classification;LeveragingBagging;Otimizado_33Features;classifier;classifier;classifier;N/A;N/A;N/A;2000;100;27;4600;0,0000;0,0000;0,0000;0,0000;0,0000;0,0000;0;0;0;0
20260611_1518;Consistência_25;classification;LeveragingBagging;Otimizado_33Features;classifier;classifier;classifier;N/A;N/A;N/A;2000;100;28;4700;0,0000;0,0000;0,0000;0,0000;0,0000;0,0000;0;0;0;0
20260611_1518;Consistência_25;classification;LeveragingBagging;Otimizado_33Features;classifier;classifier;classifier;N/A;N/A;N/A;2000;100;29;4800;0,0000;0,0000;0,0000;0,0000;0,0000;0,0000;0;0;0;0
20260611_1518;Consistência_25;classification;LeveragingBagging;Otimizado_33Features;classifier;classifier;classifier;N/A;N/A;N/A;2000;100;30;4900;0,0000;0,0000;0,0000;0,0000;0,0000;0,0000;0;0;0;0
20260611_1518;Consistência_25;classification;LeveragingBagging;Otimizado_33Features;classifier;classifier;classifier;N/A;N/A;N/A;2000;100;31;5000;0,0000;0,0000;0,0000;0,0000;0,0000;0,0000;0;0;0;0
20260611_1518;Consistência_25;classification;LeveragingBagging;Otimizado_33Features;classifier;classifier;classifier;N/A;N/A;N/A;2000;100;32;5100;0,0000;0,0000;0,0000;0,0000;0,0000;0,0000;0;0;0;0
20260611_1518;Consistência_25;classification;LeveragingBagging;Otimizado_33Features;classifier;classifier;classifier;N/A;N/A;N/A;2000;100;33;5200;0,0000;0,0000;0,0000;0,0000;0,0000;0,0000;0;0;0;0
20260611_1518;Consistência_25;classification;LeveragingBagging;Otimizado_33Features;classifier;classifier;classifier;N/A;N/A;N/A;2000;100;34;5300;0,0000;0,0000;0,0000;0,0000;0,0000;0,0000;0;0;0;0
20260611_1518;Consistência_25;classification;LeveragingBagging;Otimizado_33Features;classifier;classifier;classifier;N/A;N/A;N/A;2000;100;35;5400;0,0000;0,0000;0,0000;0,0000;0,0000;0,0000;0;0;0;0
20260611_1518;Consistência_25;classification;LeveragingBagging;Otimizado_33Features;classifier;classifier;classifier;N/A;N/A;N/A;2000;100;36;5500;0,0000;0,0000;0,0000;0,0000;0,0000;0,0000;0;0;0;0
20260611_1518;Consistência_25;classification;LeveragingBagging;Otimizado_33Features;classifier;classifier;classifier;N/A;N/A;N/A;2000;100;37;5600;0,0000;0,0000;0,0000;0,0000;0,0000;0,0000;0;0;0;0
20260611_1518;Consistência_25;classification;LeveragingBagging;Otimizado_33Features;classifier;classifier;classifier;N/A;N/A;N/A;2000;100;38;5700;0,0000;0,0000;0,0000;0,0000;0,0000;0,0000;0;0;0;0
20260611_1518;Consistência_25;classification;LeveragingBagging;Otimizado_33Features;classifier;classifier;classifier;N/A;N/A;N/A;2000;100;39;5800;0,0000;0,0000;0,0000;0,0000;0,0000;0,0000;0;0;0;0
20260611_1518;Consistência_25;classification;LeveragingBagging;Otimizado_33Features;classifier;classifier;classifier;N/A;N/A;N/A;2000;100;40;5900;0,0000;0,0000;0,0000;0,0000;0,0000;0,0000;0;0;0;0
20260611_1518;Consistência_25;classification;LeveragingBagging;Otimizado_33Features;classifier;classifier;classifier;N/A;N/A;N/A;2000;100;41;6000;0,0000;0,0000;0,0000;0,0000;0,0000;0,0000;0;0;0;0
20260611_1518;Consistência_25;classification;LeveragingBagging;Otimizado_33Features;classifier;classifier;classifier;N/A;N/A;N/A;2000;100;42;6100;0,0000;0,0000;0,0000;0,0000;0,0000;0,0000;0;0;0;0
20260611_1518;Consistência_25;classification;LeveragingBagging;Otimizado_33Features;classifier;classifier;classifier;N/A;N/A;N/A;2000;100;43;6200;0,0000;0,0000;0,0000;0,0000;0,0000;0,0000;0;0;0;0
20260611_1518;Consistência_25;classification;LeveragingBagging;Otimizado_33Features;classifier;classifier;classifier;N/A;N/A;N/A;2000;100;44;6300;0,0000;0,0000;0,0000;0,0000;0,0000;0,0000;0;0;0;0
20260611_1518;Consistência_25;classification;LeveragingBagging;Otimizado_33Features;classifier;classifier;classifier;N/A;N/A;N/A;2000;100;45;6400;0,0000;0,0000;0,0000;0,0000;0,0000;0,0000;0;0;0;0
20260611_1518;Consistência_25;classification;LeveragingBagging;Otimizado_33Features;classifier;classifier;classifier;N/A;N/A;N/A;2000;100;46;6500;0,0000;0,0000;0,0000;0,0000;0,0000;0,0000;0;0;0;0
20260611_1518;Consistência_25;classification;LeveragingBagging;Otimizado_33Features;classifier;classifier;classifier;N/A;N/A;N/A;2000;100;47;6600;0,0000;0,0000;0,0000;0,0000;0,0000;0,0000;0;0;0;0
20260611_1518;Consistência_25;classification;LeveragingBagging;Otimizado_33Features;classifier;classifier;classifier;N/A;N/A;N/A;2000;100;48;6700;0,0000;0,0000;0,0000;0,0000;0,0000;0,0000;0;0;0;0
20260611_1518;Consistência_25;classification;LeveragingBagging;Otimizado_33Features;classifier;classifier;classifier;N/A;N/A;N/A;2000;100;49;6800;0,0000;0,0000;0,0000;0,0000;0,0000;0,0000;0;0;0;0
20260611_1518;Consistência_25;classification;LeveragingBagging;Otimizado_33Features;classifier;classifier;classifier;N/A;N/A;N/A;2000;100;50;6900;0,0000;0,0000;0,0000;0,0000;0,0000;0,0000;0;0;0;0
20260611_1518;Consistência_25;classification;LeveragingBagging;Otimizado_33Features;classifier;classifier;classifier;N/A;N/A;N/A;2000;100;51;7000;0,0000;0,0000;0,0000;0,0000;0,0000;0,0000;0;0;0;0
20260611_1518;Consistência_25;classification;LeveragingBagging;Otimizado_33Features;classifier;classifier;classifier;N/A;N/A;N/A;2000;100;52;7100;0,0000;0,0000;0,0000;0,0000;0,0000;0,0000;0;0;0;0
20260611_1518;Consistência_25;classification;LeveragingBagging;Otimizado_33Features;classifier;classifier;classifier;N/A;N/A;N/A;2000;100;53;7200;0,0000;0,0000;0,0000;0,0000;0,0000;0,0000;0;0;0;0
20260611_1518;Consistência_25;classification;LeveragingBagging;Otimizado_33Features;classifier;classifier;classifier;N/A;N/A;N/A;2000;100;54;7300;0,0000;0,0000;0,0000;0,0000;0,0000;0,0000;0;0;0;0
20260611_1518;Consistência_25;classification;LeveragingBagging;Otimizado_33Features;classifier;classifier;classifier;N/A;N/A;N/A;2000;100;55;7400;0,0000;0,0000;0,0000;0,0000;0,0000;0,0000;0;0;0;0
20260611_1518;Consistência_25;classification;LeveragingBagging;Otimizado_33Features;classifier;classifier;classifier;N/A;N/A;N/A;2000;100;56;7500;0,0000;0,0000;0,0000;0,0000;0,0000;0,0000;0;0;0;0
20260611_1518;Consistência_25;classification;LeveragingBagging;Otimizado_33Features;classifier;classifier;classifier;N/A;N/A;N/A;2000;100;57;7600;97,7778;0,0000;100,0000;0,0000;95,6522;0,0000;0;0;1;0
20260611_1518;Consistência_25;classification;LeveragingBagging;Otimizado_33Features;classifier;classifier;classifier;N/A;N/A;N/A;2000;100;58;7700;0,0000;0,0000;0,0000;0,0000;0,0000;0,0000;0;0;0;0
20260611_1518;Consistência_25;classification;LeveragingBagging;Otimizado_33Features;classifier;classifier;classifier;N/A;N/A;N/A;2000;100;59;7800;0,0000;0,0000;0,0000;0,0000;0,0000;0,0000;0;0;0;0
20260611_1518;Consistência_25;classification;LeveragingBagging;Otimizado_33Features;classifier;classifier;classifier;N/A;N/A;N/A;2000;100;60;7900;0,0000;0,0000;0,0000;0,0000;0,0000;0,0000;0;0;0;0
20260611_1518;Consistência_25;classification;LeveragingBagging;Otimizado_33Features;classifier;classifier;classifier;N/A;N/A;N/A;2000;100;61;8000;0,0000;0,0000;0,0000;0,0000;0,0000;0,0000;0;0;0;0
20260611_1518;Consistência_25;classification;LeveragingBagging;Otimizado_33Features;classifier;classifier;classifier;N/A;N/A;N/A;2000;100;62;8100;0,0000;0,0000;0,0000;0,0000;0,0000;0,0000;0;0;0;0
20260611_1518;Consistência_25;classification;LeveragingBagging;Otimizado_33Features;classifier;classifier;classifier;N/A;N/A;N/A;2000;100;63;8200;0,0000;0,0000;0,0000;0,0000;0,0000;0,0000;0;0;0;0
20260611_1518;Consistência_25;classification;LeveragingBagging;Otimizado_33Features;classifier;classifier;classifier;N/A;N/A;N/A;2000;100;64;8300;0,0000;0,0000;0,0000;0,0000;0,0000;0,0000;0;0;0;0
20260611_1518;Consistência_25;classification;LeveragingBagging;Otimizado_33Features;classifier;classifier;classifier;N/A;N/A;N/A;2000;100;65;8400;0,0000;0,0000;0,0000;0,0000;0,0000;0,0000;0;0;0;0
20260611_1518;Consistência_25;classification;LeveragingBagging;Otimizado_33Features;classifier;classifier;classifier;N/A;N/A;N/A;2000;100;66;8500;0,0000;0,0000;0,0000;0,0000;0,0000;0,0000;0;0;0;0
20260611_1518;Consistência_25;classification;LeveragingBagging;Otimizado_33Features;classifier;classifier;classifier;N/A;N/A;N/A;2000;100;67;8600;0,0000;0,0000;0,0000;0,0000;0,0000;0,0000;0;0;0;0
20260611_1518;Consistência_25;classification;LeveragingBagging;Otimizado_33Features;classifier;classifier;classifier;N/A;N/A;N/A;2000;100;68;8700;0,0000;0,0000;0,0000;0,0000;0,0000;0,0000;0;0;0;0
20260611_1518;Consistência_25;classification;LeveragingBagging;Otimizado_33Features;classifier;classifier;classifier;N/A;N/A;N/A;2000;100;69;8800;0,0000;0,0000;0,0000;0,0000;0,0000;0,0000;0;0;0;0
20260611_1518;Consistência_25;classification;LeveragingBagging;Otimizado_33Features;classifier;classifier;classifier;N/A;N/A;N/A;2000;100;70;8900;0,0000;0,0000;0,0000;0,0000;0,0000;0,0000;0;0;0;0
20260611_1518;Consistência_25;classification;LeveragingBagging;Otimizado_33Features;classifier;classifier;classifier;N/A;N/A;N/A;2000;100;71;9000;0,0000;0,0000;0,0000;0,0000;0,0000;0,0000;0;0;0;0
20260611_1518;Consistência_25;classification;LeveragingBagging;Otimizado_33Features;classifier;classifier;classifier;N/A;N/A;N/A;2000;100;72;9100;0,0000;0,0000;0,0000;0,0000;0,0000;0,0000;0;0;0;0
20260611_1518;Consistência_25;classification;LeveragingBagging;Otimizado_33Features;classifier;classifier;classifier;N/A;N/A;N/A;2000;100;73;9200;0,0000;0,0000;0,0000;0,0000;0,0000;0,0000;0;0;0;0
20260611_1518;Consistência_25;classification;LeveragingBagging;Otimizado_33Features;classifier;classifier;classifier;N/A;N/A;N/A;2000;100;74;9300;0,0000;0,0000;0,0000;0,0000;0,0000;0,0000;0;0;0;0
20260611_1518;Consistência_25;classification;LeveragingBagging;Otimizado_33Features;classifier;classifier;classifier;N/A;N/A;N/A;2000;100;75;9400;0,0000;0,0000;0,0000;0,0000;0,0000;0,0000;0;0;0;0
20260611_1518;Consistência_25;classification;LeveragingBagging;Otimizado_33Features;classifier;classifier;classifier;N/A;N/A;N/A;2000;100;76;9500;0,0000;0,0000;0,0000;0,0000;0,0000;0,0000;0;0;0;0
20260611_1518;Consistência_25;classification;LeveragingBagging;Otimizado_33Features;classifier;classifier;classifier;N/A;N/A;N/A;2000;100;77;9600;0,0000;0,0000;0,0000;0,0000;0,0000;0,0000;0;0;0;0
20260611_1518;Consistência_25;classification;LeveragingBagging;Otimizado_33Features;classifier;classifier;classifier;N/A;N/A;N/A;2000;100;78;9700;0,0000;0,0000;0,0000;0,0000;0,0000;0,0000;0;0;0;0
20260611_1518;Consistência_25;classification;LeveragingBagging;Otimizado_33Features;classifier;classifier;classifier;N/A;N/A;N/A;2000;100;79;9800;0,0000;0,0000;0,0000;0,0000;0,0000;0,0000;0;0;0;0
20260611_1518;Consistência_25;classification;LeveragingBagging;Otimizado_33Features;classifier;classifier;classifier;N/A;N/A;N/A;2000;100;80;9900;0,0000;0,0000;0,0000;0,0000;0,0000;0,0000;0;0;0;0
20260611_1518;Consistência_25;classification;LeveragingBagging;Otimizado_33Features;classifier;classifier;classifier;N/A;N/A;N/A;2000;100;81;10000;0,0000;0,0000;0,0000;0,0000;0,0000;0,0000;0;0;0;0
20260611_1518;Consistência_25;classification;LeveragingBagging;Otimizado_33Features;classifier;classifier;classifier;N/A;N/A;N/A;2000;100;82;10100;0,0000;0,0000;0,0000;0,0000;0,0000;0,0000;0;0;0;0
20260611_1518;Consistência_25;classification;LeveragingBagging;Otimizado_33Features;classifier;classifier;classifier;N/A;N/A;N/A;2000;100;83;10200;0,0000;0,0000;0,0000;0,0000;0,0000;0,0000;0;0;0;0
20260611_1518;Consistência_25;classification;LeveragingBagging;Otimizado_33Features;classifier;classifier;classifier;N/A;N/A;N/A;2000;100;84;10300;0,0000;0,0000;0,0000;0,0000;0,0000;0,0000;0;0;0;0
20260611_1518;Consistência_25;classification;LeveragingBagging;Otimizado_33Features;classifier;classifier;classifier;N/A;N/A;N/A;2000;100;85;10400;0,0000;0,0000;0,0000;0,0000;0,0000;0,0000;0;0;0;0
20260611_1518;Consistência_25;classification;LeveragingBagging;Otimizado_33Features;classifier;classifier;classifier;N/A;N/A;N/A;2000;100;86;10500;0,0000;0,0000;0,0000;0,0000;0,0000;0,0000;0;0;0;0
20260611_1518;Consistência_25;classification;LeveragingBagging;Otimizado_33Features;classifier;classifier;classifier;N/A;N/A;N/A;2000;100;87;10600;0,0000;0,0000;0,0000;0,0000;0,0000;0,0000;0;0;0;0
20260611_1518;Consistência_25;classification;LeveragingBagging;Otimizado_33Features;classifier;classifier;classifier;N/A;N/A;N/A;2000;100;88;10700;0,0000;0,0000;0,0000;0,0000;0,0000;0,0000;0;0;0;0
20260611_1518;Consistência_25;classification;LeveragingBagging;Otimizado_33Features;classifier;classifier;classifier;N/A;N/A;N/A;2000;100;89;10800;0,0000;0,0000;0,0000;0,0000;0,0000;0,0000;0;0;0;0
20260611_1518;Consistência_25;classification;LeveragingBagging;Otimizado_33Features;classifier;classifier;classifier;N/A;N/A;N/A;2000;100;90;10900;0,0000;0,0000;0,0000;0,0000;0,0000;0,0000;0;0;0;0
20260611_1518;Consistência_25;classification;LeveragingBagging;Otimizado_33Features;classifier;classifier;classifier;N/A;N/A;N/A;2000;100;91;11000;0,0000;0,0000;0,0000;0,0000;0,0000;0,0000;0;0;0;0
20260611_1518;Consistência_25;classification;LeveragingBagging;Otimizado_33Features;classifier;classifier;classifier;N/A;N/A;N/A;2000;100;92;11100;0,0000;0,0000;0,0000;0,0000;0,0000;0,0000;0;0;0;0
20260611_1518;Consistência_25;classification;LeveragingBagging;Otimizado_33Features;classifier;classifier;classifier;N/A;N/A;N/A;2000;100;93;11200;0,0000;0,0000;0,0000;0,0000;0,0000;0,0000;0;0;0;0
20260611_1518;Consistência_25;classification;LeveragingBagging;Otimizado_33Features;classifier;classifier;classifier;N/A;N/A;N/A;2000;100;94;11300;100,0000;0,0000;100,0000;0,0000;100,0000;0,0000;0;0;0;0
20260611_1518;Consistência_25;classification;LeveragingBagging;Otimizado_33Features;classifier;classifier;classifier;N/A;N/A;N/A;2000;100;95;11400;96,8269;1,9018;100,0000;0,0000;93,9130;3,4783;0;0;2;1
20260611_1518;Consistência_25;classification;LeveragingBagging;Otimizado_33Features;classifier;classifier;classifier;N/A;N/A;N/A;2000;100;96;11500;0,0000;0,0000;0,0000;0,0000;0,0000;0,0000;0;0;0;0
20260611_1518;Consistência_25;classification;LeveragingBagging;Otimizado_33Features;classifier;classifier;classifier;N/A;N/A;N/A;2000;100;97;11600;0,0000;0,0000;0,0000;0,0000;0,0000;0,0000;0;0;0;0
20260611_1518;Consistência_25;classification;LeveragingBagging;Otimizado_33Features;classifier;classifier;classifier;N/A;N/A;N/A;2000;100;98;11700;0,0000;0,0000;0,0000;0,0000;0,0000;0,0000;0;0;0;0
20260611_1518;Consistência_25;classification;LeveragingBagging;Otimizado_33Features;classifier;classifier;classifier;N/A;N/A;N/A;2000;100;99;11800;0,0000;0,0000;0,0000;0,0000;0,0000;0,0000;0;0;0;0
20260611_1518;Consistência_25;classification;LeveragingBagging;Otimizado_33Features;classifier;classifier;classifier;N/A;N/A;N/A;2000;100;100;11900;0,0000;0,0000;0,0000;0,0000;0,0000;0,0000;0;0;0;0
20260611_1518;Consistência_25;classification;LeveragingBagging;Otimizado_33Features;classifier;classifier;classifier;N/A;N/A;N/A;2000;100;101;12000;0,0000;0,0000;0,0000;0,0000;0,0000;0,0000;0;0;0;0
20260611_1518;Consistência_25;classification;LeveragingBagging;Otimizado_33Features;classifier;classifier;classifier;N/A;N/A;N/A;2000;100;102;12100;0,0000;0,0000;0,0000;0,0000;0,0000;0,0000;0;0;0;0
20260611_1518;Consistência_25;classification;LeveragingBagging;Otimizado_33Features;classifier;classifier;classifier;N/A;N/A;N/A;2000;100;103;12200;0,0000;0,0000;0,0000;0,0000;0,0000;0,0000;0;0;0;0
20260611_1518;Consistência_25;classification;LeveragingBagging;Otimizado_33Features;classifier;classifier;classifier;N/A;N/A;N/A;2000;100;104;12300;0,0000;0,0000;0,0000;0,0000;0,0000;0,0000;0;0;0;0
20260611_1518;Consistência_25;classification;LeveragingBagging;Otimizado_33Features;classifier;classifier;classifier;N/A;N/A;N/A;2000;100;105;12400;0,0000;0,0000;0,0000;0,0000;0,0000;0,0000;0;0;0;0
20260611_1518;Consistência_25;classification;LeveragingBagging;Otimizado_33Features;classifier;classifier;classifier;N/A;N/A;N/A;2000;100;106;12500;0,0000;0,0000;0,0000;0,0000;0,0000;0,0000;0;0;0;0
20260611_1518;Consistência_25;classification;LeveragingBagging;Otimizado_33Features;classifier;classifier;classifier;N/A;N/A;N/A;2000;100;107;12600;0,0000;0,0000;0,0000;0,0000;0,0000;0,0000;0;0;0;0
20260611_1518;Consistência_25;classification;LeveragingBagging;Otimizado_33Features;classifier;classifier;classifier;N/A;N/A;N/A;2000;100;108;12700;0,0000;0,0000;0,0000;0,0000;0,0000;0,0000;0;0;0;0
20260611_1518;Consistência_25;classification;LeveragingBagging;Otimizado_33Features;classifier;classifier;classifier;N/A;N/A;N/A;2000;100;109;12800;0,0000;0,0000;0,0000;0,0000;0,0000;0,0000;0;0;0;0
20260611_1518;Consistência_25;classification;LeveragingBagging;Otimizado_33Features;classifier;classifier;classifier;N/A;N/A;N/A;2000;100;110;12900;0,0000;0,0000;0,0000;0,0000;0,0000;0,0000;0;0;0;0
20260611_1518;Consistência_25;classification;LeveragingBagging;Otimizado_33Features;classifier;classifier;classifier;N/A;N/A;N/A;2000;100;111;13000;0,0000;0,0000;0,0000;0,0000;0,0000;0,0000;0;0;0;0
20260611_1518;Consistência_25;classification;LeveragingBagging;Otimizado_33Features;classifier;classifier;classifier;N/A;N/A;N/A;2000;100;112;13100;0,0000;0,0000;0,0000;0,0000;0,0000;0,0000;0;0;0;0
20260611_1518;Consistência_25;classification;LeveragingBagging;Otimizado_33Features;classifier;classifier;classifier;N/A;N/A;N/A;2000;100;113;13200;0,0000;0,0000;0,0000;0,0000;0,0000;0,0000;0;0;0;0
20260611_1518;Consistência_25;classification;LeveragingBagging;Otimizado_33Features;classifier;classifier;classifier;N/A;N/A;N/A;2000;100;114;13300;0,0000;0,0000;0,0000;0,0000;0,0000;0,0000;0;0;0;0
20260611_1518;Consistência_25;classification;LeveragingBagging;Otimizado_33Features;classifier;classifier;classifier;N/A;N/A;N/A;2000;100;115;13400;0,0000;0,0000;0,0000;0,0000;0,0000;0,0000;0;0;0;0
20260611_1518;Consistência_25;classification;LeveragingBagging;Otimizado_33Features;classifier;classifier;classifier;N/A;N/A;N/A;2000;100;116;13500;0,0000;0,0000;0,0000;0,0000;0,0000;0,0000;0;0;0;0
20260611_1518;Consistência_25;classification;LeveragingBagging;Otimizado_33Features;classifier;classifier;classifier;N/A;N/A;N/A;2000;100;117;13600;0,0000;0,0000;0,0000;0,0000;0,0000;0,0000;0;0;0;0
20260611_1518;Consistência_25;classification;LeveragingBagging;Otimizado_33Features;classifier;classifier;classifier;N/A;N/A;N/A;2000;100;118;13700;0,0000;0,0000;0,0000;0,0000;0,0000;0,0000;0;0;0;0
20260611_1518;Consistência_25;classification;LeveragingBagging;Otimizado_33Features;classifier;classifier;classifier;N/A;N/A;N/A;2000;100;119;13800;0,0000;0,0000;0,0000;0,0000;0,0000;0,0000;0;0;0;0
20260611_1518;Consistência_25;classification;LeveragingBagging;Otimizado_33Features;classifier;classifier;classifier;N/A;N/A;N/A;2000;100;120;13900;0,0000;0,0000;0,0000;0,0000;0,0000;0,0000;0;0;0;0
20260611_1518;Consistência_25;classification;LeveragingBagging;Otimizado_33Features;classifier;classifier;classifier;N/A;N/A;N/A;2000;100;121;14000;0,0000;0,0000;0,0000;0,0000;0,0000;0,0000;0;0;0;0
20260611_1518;Consistência_25;classification;LeveragingBagging;Otimizado_33Features;classifier;classifier;classifier;N/A;N/A;N/A;2000;100;122;14100;0,0000;0,0000;0,0000;0,0000;0,0000;0,0000;0;0;0;0
20260611_1518;Consistência_25;classification;LeveragingBagging;Otimizado_33Features;classifier;classifier;classifier;N/A;N/A;N/A;2000;100;123;14200;0,0000;0,0000;0,0000;0,0000;0,0000;0,0000;0;0;0;0
20260611_1518;Consistência_25;classification;LeveragingBagging;Otimizado_33Features;classifier;classifier;classifier;N/A;N/A;N/A;2000;100;124;14300;0,0000;0,0000;0,0000;0,0000;0,0000;0,0000;0;0;0;0
20260611_1518;Consistência_25;classification;LeveragingBagging;Otimizado_33Features;classifier;classifier;classifier;N/A;N/A;N/A;2000;100;125;14400;0,0000;0,0000;0,0000;0,0000;0,0000;0,0000;0;0;0;0
20260611_1518;Consistência_25;classification;LeveragingBagging;Otimizado_33Features;classifier;classifier;classifier;N/A;N/A;N/A;2000;100;126;14500;0,0000;0,0000;0,0000;0,0000;0,0000;0,0000;0;0;0;0
20260611_1518;Consistência_25;classification;LeveragingBagging;Otimizado_33Features;classifier;classifier;classifier;N/A;N/A;N/A;2000;100;127;14600;0,0000;0,0000;0,0000;0,0000;0,0000;0,0000;0;0;0;0
20260611_1518;Consistência_25;classification;LeveragingBagging;Otimizado_33Features;classifier;classifier;classifier;N/A;N/A;N/A;2000;100;128;14700;0,0000;0,0000;0,0000;0,0000;0,0000;0,0000;0;0;0;0
20260611_1518;Consistência_25;classification;LeveragingBagging;Otimizado_33Features;classifier;classifier;classifier;N/A;N/A;N/A;2000;100;129;14800;0,0000;0,0000;0,0000;0,0000;0,0000;0,0000;0;0;0;0
20260611_1518;Consistência_25;classification;LeveragingBagging;Otimizado_33Features;classifier;classifier;classifier;N/A;N/A;N/A;2000;100;130;14900;0,0000;0,0000;0,0000;0,0000;0,0000;0,0000;0;0;0;0
20260611_1518;Consistência_25;classification;LeveragingBagging;Otimizado_33Features;classifier;classifier;classifier;N/A;N/A;N/A;2000;100;131;15000;0,0000;0,0000;0,0000;0,0000;0,0000;0,0000;0;0;0;0
20260611_1518;Consistência_200;classification;LeveragingBagging;Otimizado_33Features;classifier;classifier;classifier;N/A;N/A;N/A;2000;100;1;2000;0,0000;0,0000;0,0000;0,0000;0,0000;0,0000;0;0;0;0
20260611_1518;Consistência_200;classification;LeveragingBagging;Otimizado_33Features;classifier;classifier;classifier;N/A;N/A;N/A;2000;100;2;2100;0,0000;0,0000;0,0000;0,0000;0,0000;0,0000;0;0;0;0
20260611_1518;Consistência_200;classification;LeveragingBagging;Otimizado_33Features;classifier;classifier;classifier;N/A;N/A;N/A;2000;100;3;2200;0,0000;0,0000;0,0000;0,0000;0,0000;0,0000;0;0;0;0
20260611_1518;Consistência_200;classification;LeveragingBagging;Otimizado_33Features;classifier;classifier;classifier;N/A;N/A;N/A;2000;100;4;2300;0,0000;0,0000;0,0000;0,0000;0,0000;0,0000;0;0;0;0
20260611_1518;Consistência_200;classification;LeveragingBagging;Otimizado_33Features;classifier;classifier;classifier;N/A;N/A;N/A;2000;100;5;2400;0,0000;0,0000;0,0000;0,0000;0,0000;0,0000;0;0;0;0
20260611_1518;Consistência_200;classification;LeveragingBagging;Otimizado_33Features;classifier;classifier;classifier;N/A;N/A;N/A;2000;100;6;2500;0,0000;0,0000;0,0000;0,0000;0,0000;0,0000;0;0;0;0
20260611_1518;Consistência_200;classification;LeveragingBagging;Otimizado_33Features;classifier;classifier;classifier;N/A;N/A;N/A;2000;100;7;2600;0,0000;0,0000;0,0000;0,0000;0,0000;0,0000;0;0;0;0
20260611_1518;Consistência_200;classification;LeveragingBagging;Otimizado_33Features;classifier;classifier;classifier;N/A;N/A;N/A;2000;100;8;2700;0,0000;0,0000;0,0000;0,0000;0,0000;0,0000;0;0;0;0
20260611_1518;Consistência_200;classification;LeveragingBagging;Otimizado_33Features;classifier;classifier;classifier;N/A;N/A;N/A;2000;100;9;2800;0,0000;0,0000;0,0000;0,0000;0,0000;0,0000;0;0;0;0
20260611_1518;Consistência_200;classification;LeveragingBagging;Otimizado_33Features;classifier;classifier;classifier;N/A;N/A;N/A;2000;100;10;2900;0,0000;0,0000;0,0000;0,0000;0,0000;0,0000;0;0;0;0
20260611_1518;Consistência_200;classification;LeveragingBagging;Otimizado_33Features;classifier;classifier;classifier;N/A;N/A;N/A;2000;100;11;3000;0,0000;0,0000;0,0000;0,0000;0,0000;0,0000;0;0;0;0
20260611_1518;Consistência_200;classification;LeveragingBagging;Otimizado_33Features;classifier;classifier;classifier;N/A;N/A;N/A;2000;100;12;3100;0,0000;0,0000;0,0000;0,0000;0,0000;0,0000;0;0;0;0
20260611_1518;Consistência_200;classification;LeveragingBagging;Otimizado_33Features;classifier;classifier;classifier;N/A;N/A;N/A;2000;100;13;3200;0,0000;0,0000;0,0000;0,0000;0,0000;0,0000;0;0;0;0
20260611_1518;Consistência_200;classification;LeveragingBagging;Otimizado_33Features;classifier;classifier;classifier;N/A;N/A;N/A;2000;100;14;3300;0,0000;0,0000;0,0000;0,0000;0,0000;0,0000;0;0;0;0
20260611_1518;Consistência_200;classification;LeveragingBagging;Otimizado_33Features;classifier;classifier;classifier;N/A;N/A;N/A;2000;100;15;3400;0,0000;0,0000;0,0000;0,0000;0,0000;0,0000;0;0;0;0
20260611_1518;Consistência_200;classification;LeveragingBagging;Otimizado_33Features;classifier;classifier;classifier;N/A;N/A;N/A;2000;100;16;3500;0,0000;0,0000;0,0000;0,0000;0,0000;0,0000;0;0;0;0
20260611_1518;Consistência_200;classification;LeveragingBagging;Otimizado_33Features;classifier;classifier;classifier;N/A;N/A;N/A;2000;100;17;3600;0,0000;0,0000;0,0000;0,0000;0,0000;0,0000;0;0;0;0
20260611_1518;Consistência_200;classification;LeveragingBagging;Otimizado_33Features;classifier;classifier;classifier;N/A;N/A;N/A;2000;100;18;3700;0,0000;0,0000;0,0000;0,0000;0,0000;0,0000;0;0;0;0
20260611_1518;Consistência_200;classification;LeveragingBagging;Otimizado_33Features;classifier;classifier;classifier;N/A;N/A;N/A;2000;100;19;3800;95,2963;0,5492;100,0000;0,0000;91,0204;0,9998;0;0;5;1
20260611_1518;Consistência_200;classification;LeveragingBagging;Otimizado_33Features;classifier;classifier;classifier;N/A;N/A;N/A;2000;100;20;3900;98,5108;0,3056;97,7867;0,4818;99,2500;0,6124;2;1;1;1
20260611_1518;Consistência_200;classification;LeveragingBagging;Otimizado_33Features;classifier;classifier;classifier;N/A;N/A;N/A;2000;100;21;4000;97,9592;0,0000;96,0000;0,0000;100,0000;0,0000;2;0;0;0
20260611_1518;Consistência_200;classification;LeveragingBagging;Otimizado_33Features;classifier;classifier;classifier;N/A;N/A;N/A;2000;100;22;4100;0,0000;0,0000;0,0000;0,0000;0,0000;0,0000;0;0;0;0
20260611_1518;Consistência_200;classification;LeveragingBagging;Otimizado_33Features;classifier;classifier;classifier;N/A;N/A;N/A;2000;100;23;4200;0,0000;0,0000;0,0000;0,0000;0,0000;0,0000;1;0;0;0
20260611_1518;Consistência_200;classification;LeveragingBagging;Otimizado_33Features;classifier;classifier;classifier;N/A;N/A;N/A;2000;100;24;4300;0,0000;0,0000;0,0000;0,0000;0,0000;0,0000;0;0;0;0
20260611_1518;Consistência_200;classification;LeveragingBagging;Otimizado_33Features;classifier;classifier;classifier;N/A;N/A;N/A;2000;100;25;4400;0,0000;0,0000;0,0000;0,0000;0,0000;0,0000;0;0;0;0
20260611_1518;Consistência_200;classification;LeveragingBagging;Otimizado_33Features;classifier;classifier;classifier;N/A;N/A;N/A;2000;100;26;4500;0,0000;0,0000;0,0000;0,0000;0,0000;0,0000;0;0;0;0
20260611_1518;Consistência_200;classification;LeveragingBagging;Otimizado_33Features;classifier;classifier;classifier;N/A;N/A;N/A;2000;100;27;4600;0,0000;0,0000;0,0000;0,0000;0,0000;0,0000;0;0;0;0
20260611_1518;Consistência_200;classification;LeveragingBagging;Otimizado_33Features;classifier;classifier;classifier;N/A;N/A;N/A;2000;100;28;4700;0,0000;0,0000;0,0000;0,0000;0,0000;0,0000;0;0;0;0
20260611_1518;Consistência_200;classification;LeveragingBagging;Otimizado_33Features;classifier;classifier;classifier;N/A;N/A;N/A;2000;100;29;4800;0,0000;0,0000;0,0000;0,0000;0,0000;0,0000;0;0;0;0
20260611_1518;Consistência_200;classification;LeveragingBagging;Otimizado_33Features;classifier;classifier;classifier;N/A;N/A;N/A;2000;100;30;4900;0,0000;0,0000;0,0000;0,0000;0,0000;0,0000;0;0;0;0
20260611_1518;Consistência_200;classification;LeveragingBagging;Otimizado_33Features;classifier;classifier;classifier;N/A;N/A;N/A;2000;100;31;5000;0,0000;0,0000;0,0000;0,0000;0,0000;0,0000;0;0;0;0
20260611_1518;Consistência_200;classification;LeveragingBagging;Otimizado_33Features;classifier;classifier;classifier;N/A;N/A;N/A;2000;100;32;5100;0,0000;0,0000;0,0000;0,0000;0,0000;0,0000;1;1;0;0
20260611_1518;Consistência_200;classification;LeveragingBagging;Otimizado_33Features;classifier;classifier;classifier;N/A;N/A;N/A;2000;100;33;5200;0,0000;0,0000;0,0000;0,0000;0,0000;0,0000;0;0;0;0
20260611_1518;Consistência_200;classification;LeveragingBagging;Otimizado_33Features;classifier;classifier;classifier;N/A;N/A;N/A;2000;100;34;5300;0,0000;0,0000;0,0000;0,0000;0,0000;0,0000;0;0;0;0
20260611_1518;Consistência_200;classification;LeveragingBagging;Otimizado_33Features;classifier;classifier;classifier;N/A;N/A;N/A;2000;100;35;5400;0,0000;0,0000;0,0000;0,0000;0,0000;0,0000;0;0;0;0
20260611_1518;Consistência_200;classification;LeveragingBagging;Otimizado_33Features;classifier;classifier;classifier;N/A;N/A;N/A;2000;100;36;5500;0,0000;0,0000;0,0000;0,0000;0,0000;0,0000;0;0;0;0
20260611_1518;Consistência_200;classification;LeveragingBagging;Otimizado_33Features;classifier;classifier;classifier;N/A;N/A;N/A;2000;100;37;5600;0,0000;0,0000;0,0000;0,0000;0,0000;0,0000;0;0;0;0
20260611_1518;Consistência_200;classification;LeveragingBagging;Otimizado_33Features;classifier;classifier;classifier;N/A;N/A;N/A;2000;100;38;5700;0,0000;0,0000;0,0000;0,0000;0,0000;0,0000;0;0;0;0
20260611_1518;Consistência_200;classification;LeveragingBagging;Otimizado_33Features;classifier;classifier;classifier;N/A;N/A;N/A;2000;100;39;5800;0,0000;0,0000;0,0000;0,0000;0,0000;0,0000;0;0;0;0
20260611_1518;Consistência_200;classification;LeveragingBagging;Otimizado_33Features;classifier;classifier;classifier;N/A;N/A;N/A;2000;100;40;5900;0,0000;0,0000;0,0000;0,0000;0,0000;0,0000;0;0;0;0
20260611_1518;Consistência_200;classification;LeveragingBagging;Otimizado_33Features;classifier;classifier;classifier;N/A;N/A;N/A;2000;100;41;6000;0,0000;0,0000;0,0000;0,0000;0,0000;0,0000;0;0;0;0
20260611_1518;Consistência_200;classification;LeveragingBagging;Otimizado_33Features;classifier;classifier;classifier;N/A;N/A;N/A;2000;100;42;6100;0,0000;0,0000;0,0000;0,0000;0,0000;0,0000;0;0;0;0
20260611_1518;Consistência_200;classification;LeveragingBagging;Otimizado_33Features;classifier;classifier;classifier;N/A;N/A;N/A;2000;100;43;6200;0,0000;0,0000;0,0000;0,0000;0,0000;0,0000;0;0;0;0
20260611_1518;Consistência_200;classification;LeveragingBagging;Otimizado_33Features;classifier;classifier;classifier;N/A;N/A;N/A;2000;100;44;6300;0,0000;0,0000;0,0000;0,0000;0,0000;0,0000;0;0;0;0
20260611_1518;Consistência_200;classification;LeveragingBagging;Otimizado_33Features;classifier;classifier;classifier;N/A;N/A;N/A;2000;100;45;6400;0,0000;0,0000;0,0000;0,0000;0,0000;0,0000;0;0;0;0
20260611_1518;Consistência_200;classification;LeveragingBagging;Otimizado_33Features;classifier;classifier;classifier;N/A;N/A;N/A;2000;100;46;6500;0,0000;0,0000;0,0000;0,0000;0,0000;0,0000;0;0;0;0
20260611_1518;Consistência_200;classification;LeveragingBagging;Otimizado_33Features;classifier;classifier;classifier;N/A;N/A;N/A;2000;100;47;6600;0,0000;0,0000;0,0000;0,0000;0,0000;0,0000;0;0;0;0
20260611_1518;Consistência_200;classification;LeveragingBagging;Otimizado_33Features;classifier;classifier;classifier;N/A;N/A;N/A;2000;100;48;6700;0,0000;0,0000;0,0000;0,0000;0,0000;0,0000;0;0;0;0
20260611_1518;Consistência_200;classification;LeveragingBagging;Otimizado_33Features;classifier;classifier;classifier;N/A;N/A;N/A;2000;100;49;6800;0,0000;0,0000;0,0000;0,0000;0,0000;0,0000;0;0;0;0
20260611_1518;Consistência_200;classification;LeveragingBagging;Otimizado_33Features;classifier;classifier;classifier;N/A;N/A;N/A;2000;100;50;6900;0,0000;0,0000;0,0000;0,0000;0,0000;0,0000;0;0;0;0
20260611_1518;Consistência_200;classification;LeveragingBagging;Otimizado_33Features;classifier;classifier;classifier;N/A;N/A;N/A;2000;100;51;7000;0,0000;0,0000;0,0000;0,0000;0,0000;0,0000;0;0;0;0
20260611_1518;Consistência_200;classification;LeveragingBagging;Otimizado_33Features;classifier;classifier;classifier;N/A;N/A;N/A;2000;100;52;7100;0,0000;0,0000;0,0000;0,0000;0,0000;0,0000;0;0;0;0
20260611_1518;Consistência_200;classification;LeveragingBagging;Otimizado_33Features;classifier;classifier;classifier;N/A;N/A;N/A;2000;100;53;7200;0,0000;0,0000;0,0000;0,0000;0,0000;0,0000;0;0;0;0
20260611_1518;Consistência_200;classification;LeveragingBagging;Otimizado_33Features;classifier;classifier;classifier;N/A;N/A;N/A;2000;100;54;7300;0,0000;0,0000;0,0000;0,0000;0,0000;0,0000;0;0;0;0
20260611_1518;Consistência_200;classification;LeveragingBagging;Otimizado_33Features;classifier;classifier;classifier;N/A;N/A;N/A;2000;100;55;7400;0,0000;0,0000;0,0000;0,0000;0,0000;0,0000;0;0;0;0
20260611_1518;Consistência_200;classification;LeveragingBagging;Otimizado_33Features;classifier;classifier;classifier;N/A;N/A;N/A;2000;100;56;7500;0,0000;0,0000;0,0000;0,0000;0,0000;0,0000;0;0;0;0
20260611_1518;Consistência_200;classification;LeveragingBagging;Otimizado_33Features;classifier;classifier;classifier;N/A;N/A;N/A;2000;100;57;7600;0,0000;0,0000;0,0000;0,0000;0,0000;0,0000;0;0;0;0
20260611_1518;Consistência_200;classification;LeveragingBagging;Otimizado_33Features;classifier;classifier;classifier;N/A;N/A;N/A;2000;100;58;7700;100,0000;0,0000;100,0000;0,0000;100,0000;0,0000;0;0;0;0
20260611_1518;Consistência_200;classification;LeveragingBagging;Otimizado_33Features;classifier;classifier;classifier;N/A;N/A;N/A;2000;100;59;7800;98,4615;0,0000;100,0000;0,0000;96,9697;0,0000;0;0;3;0
20260611_1518;Consistência_200;classification;LeveragingBagging;Otimizado_33Features;classifier;classifier;classifier;N/A;N/A;N/A;2000;100;60;7900;99,4709;0,0000;100,0000;0,0000;98,9474;0,0000;0;0;1;0
20260611_1518;Consistência_200;classification;LeveragingBagging;Otimizado_33Features;classifier;classifier;classifier;N/A;N/A;N/A;2000;100;61;8000;0,0000;0,0000;0,0000;0,0000;0,0000;0,0000;0;0;0;0
20260611_1518;Consistência_200;classification;LeveragingBagging;Otimizado_33Features;classifier;classifier;classifier;N/A;N/A;N/A;2000;100;62;8100;0,0000;0,0000;0,0000;0,0000;0,0000;0,0000;0;0;0;0
20260611_1518;Consistência_200;classification;LeveragingBagging;Otimizado_33Features;classifier;classifier;classifier;N/A;N/A;N/A;2000;100;63;8200;0,0000;0,0000;0,0000;0,0000;0,0000;0,0000;0;0;0;0
20260611_1518;Consistência_200;classification;LeveragingBagging;Otimizado_33Features;classifier;classifier;classifier;N/A;N/A;N/A;2000;100;64;8300;0,0000;0,0000;0,0000;0,0000;0,0000;0,0000;0;0;0;0
20260611_1518;Consistência_200;classification;LeveragingBagging;Otimizado_33Features;classifier;classifier;classifier;N/A;N/A;N/A;2000;100;65;8400;0,0000;0,0000;0,0000;0,0000;0,0000;0,0000;0;0;0;0
20260611_1518;Consistência_200;classification;LeveragingBagging;Otimizado_33Features;classifier;classifier;classifier;N/A;N/A;N/A;2000;100;66;8500;0,0000;0,0000;0,0000;0,0000;0,0000;0,0000;0;0;0;0
20260611_1518;Consistência_200;classification;LeveragingBagging;Otimizado_33Features;classifier;classifier;classifier;N/A;N/A;N/A;2000;100;67;8600;0,0000;0,0000;0,0000;0,0000;0,0000;0,0000;0;0;0;0
20260611_1518;Consistência_200;classification;LeveragingBagging;Otimizado_33Features;classifier;classifier;classifier;N/A;N/A;N/A;2000;100;68;8700;0,0000;0,0000;0,0000;0,0000;0,0000;0,0000;0;0;0;0
20260611_1518;Consistência_200;classification;LeveragingBagging;Otimizado_33Features;classifier;classifier;classifier;N/A;N/A;N/A;2000;100;69;8800;0,0000;0,0000;0,0000;0,0000;0,0000;0,0000;0;0;0;0
20260611_1518;Consistência_200;classification;LeveragingBagging;Otimizado_33Features;classifier;classifier;classifier;N/A;N/A;N/A;2000;100;70;8900;0,0000;0,0000;0,0000;0,0000;0,0000;0,0000;0;0;0;0
20260611_1518;Consistência_200;classification;LeveragingBagging;Otimizado_33Features;classifier;classifier;classifier;N/A;N/A;N/A;2000;100;71;9000;0,0000;0,0000;0,0000;0,0000;0,0000;0,0000;0;0;0;0
20260611_1518;Consistência_200;classification;LeveragingBagging;Otimizado_33Features;classifier;classifier;classifier;N/A;N/A;N/A;2000;100;72;9100;0,0000;0,0000;0,0000;0,0000;0,0000;0,0000;0;0;0;0
20260611_1518;Consistência_200;classification;LeveragingBagging;Otimizado_33Features;classifier;classifier;classifier;N/A;N/A;N/A;2000;100;73;9200;0,0000;0,0000;0,0000;0,0000;0,0000;0,0000;0;0;0;0
20260611_1518;Consistência_200;classification;LeveragingBagging;Otimizado_33Features;classifier;classifier;classifier;N/A;N/A;N/A;2000;100;74;9300;0,0000;0,0000;0,0000;0,0000;0,0000;0,0000;0;0;0;0
20260611_1518;Consistência_200;classification;LeveragingBagging;Otimizado_33Features;classifier;classifier;classifier;N/A;N/A;N/A;2000;100;75;9400;0,0000;0,0000;0,0000;0,0000;0,0000;0,0000;0;0;0;0
20260611_1518;Consistência_200;classification;LeveragingBagging;Otimizado_33Features;classifier;classifier;classifier;N/A;N/A;N/A;2000;100;76;9500;0,0000;0,0000;0,0000;0,0000;0,0000;0,0000;0;0;0;0
20260611_1518;Consistência_200;classification;LeveragingBagging;Otimizado_33Features;classifier;classifier;classifier;N/A;N/A;N/A;2000;100;77;9600;0,0000;0,0000;0,0000;0,0000;0,0000;0,0000;0;0;0;0
20260611_1518;Consistência_200;classification;LeveragingBagging;Otimizado_33Features;classifier;classifier;classifier;N/A;N/A;N/A;2000;100;78;9700;0,0000;0,0000;0,0000;0,0000;0,0000;0,0000;0;0;0;0
20260611_1518;Consistência_200;classification;LeveragingBagging;Otimizado_33Features;classifier;classifier;classifier;N/A;N/A;N/A;2000;100;79;9800;0,0000;0,0000;0,0000;0,0000;0,0000;0,0000;0;0;0;0
20260611_1518;Consistência_200;classification;LeveragingBagging;Otimizado_33Features;classifier;classifier;classifier;N/A;N/A;N/A;2000;100;80;9900;0,0000;0,0000;0,0000;0,0000;0,0000;0,0000;0;0;0;0
20260611_1518;Consistência_200;classification;LeveragingBagging;Otimizado_33Features;classifier;classifier;classifier;N/A;N/A;N/A;2000;100;81;10000;0,0000;0,0000;0,0000;0,0000;0,0000;0,0000;0;0;0;0
20260611_1518;Consistência_200;classification;LeveragingBagging;Otimizado_33Features;classifier;classifier;classifier;N/A;N/A;N/A;2000;100;82;10100;0,0000;0,0000;0,0000;0,0000;0,0000;0,0000;0;0;0;0
20260611_1518;Consistência_200;classification;LeveragingBagging;Otimizado_33Features;classifier;classifier;classifier;N/A;N/A;N/A;2000;100;83;10200;0,0000;0,0000;0,0000;0,0000;0,0000;0,0000;0;0;0;0
20260611_1518;Consistência_200;classification;LeveragingBagging;Otimizado_33Features;classifier;classifier;classifier;N/A;N/A;N/A;2000;100;84;10300;0,0000;0,0000;0,0000;0,0000;0,0000;0,0000;0;0;0;0
20260611_1518;Consistência_200;classification;LeveragingBagging;Otimizado_33Features;classifier;classifier;classifier;N/A;N/A;N/A;2000;100;85;10400;0,0000;0,0000;0,0000;0,0000;0,0000;0,0000;0;0;0;0
20260611_1518;Consistência_200;classification;LeveragingBagging;Otimizado_33Features;classifier;classifier;classifier;N/A;N/A;N/A;2000;100;86;10500;0,0000;0,0000;0,0000;0,0000;0,0000;0,0000;0;0;0;0
20260611_1518;Consistência_200;classification;LeveragingBagging;Otimizado_33Features;classifier;classifier;classifier;N/A;N/A;N/A;2000;100;87;10600;0,0000;0,0000;0,0000;0,0000;0,0000;0,0000;0;0;0;0
20260611_1518;Consistência_200;classification;LeveragingBagging;Otimizado_33Features;classifier;classifier;classifier;N/A;N/A;N/A;2000;100;88;10700;0,0000;0,0000;0,0000;0,0000;0,0000;0,0000;0;0;0;0
20260611_1518;Consistência_200;classification;LeveragingBagging;Otimizado_33Features;classifier;classifier;classifier;N/A;N/A;N/A;2000;100;89;10800;0,0000;0,0000;0,0000;0,0000;0,0000;0,0000;0;0;0;0
20260611_1518;Consistência_200;classification;LeveragingBagging;Otimizado_33Features;classifier;classifier;classifier;N/A;N/A;N/A;2000;100;90;10900;0,0000;0,0000;0,0000;0,0000;0,0000;0,0000;0;0;0;0
20260611_1518;Consistência_200;classification;LeveragingBagging;Otimizado_33Features;classifier;classifier;classifier;N/A;N/A;N/A;2000;100;91;11000;0,0000;0,0000;0,0000;0,0000;0,0000;0,0000;0;0;0;0
20260611_1518;Consistência_200;classification;LeveragingBagging;Otimizado_33Features;classifier;classifier;classifier;N/A;N/A;N/A;2000;100;92;11100;0,0000;0,0000;0,0000;0,0000;0,0000;0,0000;0;0;0;0
20260611_1518;Consistência_200;classification;LeveragingBagging;Otimizado_33Features;classifier;classifier;classifier;N/A;N/A;N/A;2000;100;93;11200;0,0000;0,0000;0,0000;0,0000;0,0000;0,0000;0;0;0;0
20260611_1518;Consistência_200;classification;LeveragingBagging;Otimizado_33Features;classifier;classifier;classifier;N/A;N/A;N/A;2000;100;94;11300;0,0000;0,0000;0,0000;0,0000;0,0000;0,0000;0;0;0;0
20260611_1518;Consistência_200;classification;LeveragingBagging;Otimizado_33Features;classifier;classifier;classifier;N/A;N/A;N/A;2000;100;95;11400;0,0000;0,0000;0,0000;0,0000;0,0000;0,0000;0;0;0;0
20260611_1518;Consistência_200;classification;LeveragingBagging;Otimizado_33Features;classifier;classifier;classifier;N/A;N/A;N/A;2000;100;96;11500;0,0000;0,0000;0,0000;0,0000;0,0000;0,0000;0;0;0;0
20260611_1518;Consistência_200;classification;LeveragingBagging;Otimizado_33Features;classifier;classifier;classifier;N/A;N/A;N/A;2000;100;97;11600;0,0000;0,0000;0,0000;0,0000;0,0000;0,0000;0;0;0;0
20260611_1518;Consistência_200;classification;LeveragingBagging;Otimizado_33Features;classifier;classifier;classifier;N/A;N/A;N/A;2000;100;98;11700;98,7838;0,4123;100,0000;0,0000;97,6000;0,8000;0;0;2;1
20260611_1518;Consistência_200;classification;LeveragingBagging;Otimizado_33Features;classifier;classifier;classifier;N/A;N/A;N/A;2000;100;99;11800;90,9091;0,0000;100,0000;0,0000;83,3333;0,0000;0;0;11;0
20260611_1518;Consistência_200;classification;LeveragingBagging;Otimizado_33Features;classifier;classifier;classifier;N/A;N/A;N/A;2000;100;100;11900;94,0574;2,6367;98,7500;2,5000;90,0000;5,0000;1;1;2;1
20260611_1518;Consistência_200;classification;LeveragingBagging;Otimizado_33Features;classifier;classifier;classifier;N/A;N/A;N/A;2000;100;101;12000;0,0000;0,0000;0,0000;0,0000;0,0000;0,0000;0;0;0;0
20260611_1518;Consistência_200;classification;LeveragingBagging;Otimizado_33Features;classifier;classifier;classifier;N/A;N/A;N/A;2000;100;102;12100;0,0000;0,0000;0,0000;0,0000;0,0000;0,0000;1;0;0;0
20260611_1518;Consistência_200;classification;LeveragingBagging;Otimizado_33Features;classifier;classifier;classifier;N/A;N/A;N/A;2000;100;103;12200;0,0000;0,0000;0,0000;0,0000;0,0000;0,0000;0;0;0;0
20260611_1518;Consistência_200;classification;LeveragingBagging;Otimizado_33Features;classifier;classifier;classifier;N/A;N/A;N/A;2000;100;104;12300;0,0000;0,0000;0,0000;0,0000;0,0000;0,0000;0;0;0;0
20260611_1518;Consistência_200;classification;LeveragingBagging;Otimizado_33Features;classifier;classifier;classifier;N/A;N/A;N/A;2000;100;105;12400;0,0000;0,0000;0,0000;0,0000;0,0000;0,0000;0;0;0;0
20260611_1518;Consistência_200;classification;LeveragingBagging;Otimizado_33Features;classifier;classifier;classifier;N/A;N/A;N/A;2000;100;106;12500;0,0000;0,0000;0,0000;0,0000;0,0000;0,0000;0;0;0;0
20260611_1518;Consistência_200;classification;LeveragingBagging;Otimizado_33Features;classifier;classifier;classifier;N/A;N/A;N/A;2000;100;107;12600;0,0000;0,0000;0,0000;0,0000;0,0000;0,0000;0;0;0;0
20260611_1518;Consistência_200;classification;LeveragingBagging;Otimizado_33Features;classifier;classifier;classifier;N/A;N/A;N/A;2000;100;108;12700;0,0000;0,0000;0,0000;0,0000;0,0000;0,0000;0;0;0;0
20260611_1518;Consistência_200;classification;LeveragingBagging;Otimizado_33Features;classifier;classifier;classifier;N/A;N/A;N/A;2000;100;109;12800;0,0000;0,0000;0,0000;0,0000;0,0000;0,0000;0;0;0;0
20260611_1518;Consistência_200;classification;LeveragingBagging;Otimizado_33Features;classifier;classifier;classifier;N/A;N/A;N/A;2000;100;110;12900;0,0000;0,0000;0,0000;0,0000;0,0000;0,0000;0;0;0;0
20260611_1518;Consistência_200;classification;LeveragingBagging;Otimizado_33Features;classifier;classifier;classifier;N/A;N/A;N/A;2000;100;111;13000;0,0000;0,0000;0,0000;0,0000;0,0000;0,0000;0;0;0;0
20260611_1518;Consistência_200;classification;LeveragingBagging;Otimizado_33Features;classifier;classifier;classifier;N/A;N/A;N/A;2000;100;112;13100;0,0000;0,0000;0,0000;0,0000;0,0000;0,0000;0;0;0;0
20260611_1518;Consistência_200;classification;LeveragingBagging;Otimizado_33Features;classifier;classifier;classifier;N/A;N/A;N/A;2000;100;113;13200;0,0000;0,0000;0,0000;0,0000;0,0000;0,0000;0;0;0;0
20260611_1518;Consistência_200;classification;LeveragingBagging;Otimizado_33Features;classifier;classifier;classifier;N/A;N/A;N/A;2000;100;114;13300;0,0000;0,0000;0,0000;0,0000;0,0000;0,0000;0;0;0;0
20260611_1518;Consistência_200;classification;LeveragingBagging;Otimizado_33Features;classifier;classifier;classifier;N/A;N/A;N/A;2000;100;115;13400;0,0000;0,0000;0,0000;0,0000;0,0000;0,0000;0;0;0;0
20260611_1518;Consistência_200;classification;LeveragingBagging;Otimizado_33Features;classifier;classifier;classifier;N/A;N/A;N/A;2000;100;116;13500;0,0000;0,0000;0,0000;0,0000;0,0000;0,0000;0;0;0;0
20260611_1518;Consistência_200;classification;LeveragingBagging;Otimizado_33Features;classifier;classifier;classifier;N/A;N/A;N/A;2000;100;117;13600;0,0000;0,0000;0,0000;0,0000;0,0000;0,0000;0;0;0;0
20260611_1518;Consistência_200;classification;LeveragingBagging;Otimizado_33Features;classifier;classifier;classifier;N/A;N/A;N/A;2000;100;118;13700;0,0000;0,0000;0,0000;0,0000;0,0000;0,0000;0;0;0;0
20260611_1518;Consistência_200;classification;LeveragingBagging;Otimizado_33Features;classifier;classifier;classifier;N/A;N/A;N/A;2000;100;119;13800;0,0000;0,0000;0,0000;0,0000;0,0000;0,0000;0;0;0;0
20260611_1518;Consistência_200;classification;LeveragingBagging;Otimizado_33Features;classifier;classifier;classifier;N/A;N/A;N/A;2000;100;120;13900;0,0000;0,0000;0,0000;0,0000;0,0000;0,0000;0;0;0;0
20260611_1518;Consistência_200;classification;LeveragingBagging;Otimizado_33Features;classifier;classifier;classifier;N/A;N/A;N/A;2000;100;121;14000;0,0000;0,0000;0,0000;0,0000;0,0000;0,0000;0;0;0;0
20260611_1518;Consistência_200;classification;LeveragingBagging;Otimizado_33Features;classifier;classifier;classifier;N/A;N/A;N/A;2000;100;122;14100;0,0000;0,0000;0,0000;0,0000;0,0000;0,0000;0;0;0;0
20260611_1518;Consistência_200;classification;LeveragingBagging;Otimizado_33Features;classifier;classifier;classifier;N/A;N/A;N/A;2000;100;123;14200;0,0000;0,0000;0,0000;0,0000;0,0000;0,0000;0;0;0;0
20260611_1518;Consistência_200;classification;LeveragingBagging;Otimizado_33Features;classifier;classifier;classifier;N/A;N/A;N/A;2000;100;124;14300;0,0000;0,0000;0,0000;0,0000;0,0000;0,0000;0;0;0;0
20260611_1518;Consistência_200;classification;LeveragingBagging;Otimizado_33Features;classifier;classifier;classifier;N/A;N/A;N/A;2000;100;125;14400;0,0000;0,0000;0,0000;0,0000;0,0000;0,0000;0;0;0;0
20260611_1518;Consistência_200;classification;LeveragingBagging;Otimizado_33Features;classifier;classifier;classifier;N/A;N/A;N/A;2000;100;126;14500;0,0000;0,0000;0,0000;0,0000;0,0000;0,0000;0;0;0;0
20260611_1518;Consistência_200;classification;LeveragingBagging;Otimizado_33Features;classifier;classifier;classifier;N/A;N/A;N/A;2000;100;127;14600;0,0000;0,0000;0,0000;0,0000;0,0000;0,0000;0;0;0;0
20260611_1518;Consistência_200;classification;LeveragingBagging;Otimizado_33Features;classifier;classifier;classifier;N/A;N/A;N/A;2000;100;128;14700;0,0000;0,0000;0,0000;0,0000;0,0000;0,0000;0;0;0;0
20260611_1518;Consistência_200;classification;LeveragingBagging;Otimizado_33Features;classifier;classifier;classifier;N/A;N/A;N/A;2000;100;129;14800;0,0000;0,0000;0,0000;0,0000;0,0000;0,0000;0;0;0;0
20260611_1518;Consistência_200;classification;LeveragingBagging;Otimizado_33Features;classifier;classifier;classifier;N/A;N/A;N/A;2000;100;130;14900;0,0000;0,0000;0,0000;0,0000;0,0000;0,0000;0;0;0;0
20260611_1518;Consistência_200;classification;LeveragingBagging;Otimizado_33Features;classifier;classifier;classifier;N/A;N/A;N/A;2000;100;131;15000;0,0000;0,0000;0,0000;0,0000;0,0000;0,0000;0;0;0;0
20260611_1518;Consistência_200;classification;LeveragingBagging;Otimizado_33Features;classifier;classifier;classifier;N/A;N/A;N/A;2000;100;132;15100;0,0000;0,0000;0,0000;0,0000;0,0000;0,0000;0;0;0;0
20260611_1518;Consistência_200;classification;LeveragingBagging;Otimizado_33Features;classifier;classifier;classifier;N/A;N/A;N/A;2000;100;133;15200;0,0000;0,0000;0,0000;0,0000;0,0000;0,0000;0;0;0;0
20260611_1518;Consistência_200;classification;LeveragingBagging;Otimizado_33Features;classifier;classifier;classifier;N/A;N/A;N/A;2000;100;134;15300;0,0000;0,0000;0,0000;0,0000;0,0000;0,0000;0;0;0;0
20260611_1518;Consistência_200;classification;LeveragingBagging;Otimizado_33Features;classifier;classifier;classifier;N/A;N/A;N/A;2000;100;135;15400;0,0000;0,0000;0,0000;0,0000;0,0000;0,0000;0;0;0;0
20260611_1518;Consistência_200;classification;LeveragingBagging;Otimizado_33Features;classifier;classifier;classifier;N/A;N/A;N/A;2000;100;136;15500;0,0000;0,0000;0,0000;0,0000;0,0000;0,0000;0;0;0;0
20260611_1518;Consistência_1000;classification;LeveragingBagging;Otimizado_33Features;classifier;classifier;classifier;N/A;N/A;N/A;2000;100;1;2000;0,0000;0,0000;0,0000;0,0000;0,0000;0,0000;0;0;0;0
20260611_1518;Consistência_1000;classification;LeveragingBagging;Otimizado_33Features;classifier;classifier;classifier;N/A;N/A;N/A;2000;100;2;2100;0,0000;0,0000;0,0000;0,0000;0,0000;0,0000;0;0;0;0
20260611_1518;Consistência_1000;classification;LeveragingBagging;Otimizado_33Features;classifier;classifier;classifier;N/A;N/A;N/A;2000;100;3;2200;0,0000;0,0000;0,0000;0,0000;0,0000;0,0000;0;0;0;0
20260611_1518;Consistência_1000;classification;LeveragingBagging;Otimizado_33Features;classifier;classifier;classifier;N/A;N/A;N/A;2000;100;4;2300;0,0000;0,0000;0,0000;0,0000;0,0000;0,0000;0;0;0;0
20260611_1518;Consistência_1000;classification;LeveragingBagging;Otimizado_33Features;classifier;classifier;classifier;N/A;N/A;N/A;2000;100;5;2400;0,0000;0,0000;0,0000;0,0000;0,0000;0,0000;0;0;0;0
20260611_1518;Consistência_1000;classification;LeveragingBagging;Otimizado_33Features;classifier;classifier;classifier;N/A;N/A;N/A;2000;100;6;2500;0,0000;0,0000;0,0000;0,0000;0,0000;0,0000;0;0;0;0
20260611_1518;Consistência_1000;classification;LeveragingBagging;Otimizado_33Features;classifier;classifier;classifier;N/A;N/A;N/A;2000;100;7;2600;0,0000;0,0000;0,0000;0,0000;0,0000;0,0000;0;0;0;0
20260611_1518;Consistência_1000;classification;LeveragingBagging;Otimizado_33Features;classifier;classifier;classifier;N/A;N/A;N/A;2000;100;8;2700;0,0000;0,0000;0,0000;0,0000;0,0000;0,0000;0;0;0;0
20260611_1518;Consistência_1000;classification;LeveragingBagging;Otimizado_33Features;classifier;classifier;classifier;N/A;N/A;N/A;2000;100;9;2800;0,0000;0,0000;0,0000;0,0000;0,0000;0,0000;0;0;0;0
20260611_1518;Consistência_1000;classification;LeveragingBagging;Otimizado_33Features;classifier;classifier;classifier;N/A;N/A;N/A;2000;100;10;2900;0,0000;0,0000;0,0000;0,0000;0,0000;0,0000;0;0;0;0
20260611_1518;Consistência_1000;classification;LeveragingBagging;Otimizado_33Features;classifier;classifier;classifier;N/A;N/A;N/A;2000;100;11;3000;0,0000;0,0000;0,0000;0,0000;0,0000;0,0000;0;0;0;0
20260611_1518;Consistência_1000;classification;LeveragingBagging;Otimizado_33Features;classifier;classifier;classifier;N/A;N/A;N/A;2000;100;12;3100;0,0000;0,0000;0,0000;0,0000;0,0000;0,0000;0;0;0;0
20260611_1518;Consistência_1000;classification;LeveragingBagging;Otimizado_33Features;classifier;classifier;classifier;N/A;N/A;N/A;2000;100;13;3200;0,0000;0,0000;0,0000;0,0000;0,0000;0,0000;0;0;0;0
20260611_1518;Consistência_1000;classification;LeveragingBagging;Otimizado_33Features;classifier;classifier;classifier;N/A;N/A;N/A;2000;100;14;3300;0,0000;0,0000;0,0000;0,0000;0,0000;0,0000;0;0;0;0
20260611_1518;Consistência_1000;classification;LeveragingBagging;Otimizado_33Features;classifier;classifier;classifier;N/A;N/A;N/A;2000;100;15;3400;0,0000;0,0000;0,0000;0,0000;0,0000;0,0000;0;0;0;0
20260611_1518;Consistência_1000;classification;LeveragingBagging;Otimizado_33Features;classifier;classifier;classifier;N/A;N/A;N/A;2000;100;16;3500;0,0000;0,0000;0,0000;0,0000;0,0000;0,0000;0;0;0;0
20260611_1518;Consistência_1000;classification;LeveragingBagging;Otimizado_33Features;classifier;classifier;classifier;N/A;N/A;N/A;2000;100;17;3600;0,0000;0,0000;0,0000;0,0000;0,0000;0,0000;0;0;0;0
20260611_1518;Consistência_1000;classification;LeveragingBagging;Otimizado_33Features;classifier;classifier;classifier;N/A;N/A;N/A;2000;100;18;3700;0,0000;0,0000;0,0000;0,0000;0,0000;0,0000;0;0;0;0
20260611_1518;Consistência_1000;classification;LeveragingBagging;Otimizado_33Features;classifier;classifier;classifier;N/A;N/A;N/A;2000;100;19;3800;95,2963;0,5492;100,0000;0,0000;91,0204;0,9998;0;0;5;1
20260611_1518;Consistência_1000;classification;LeveragingBagging;Otimizado_33Features;classifier;classifier;classifier;N/A;N/A;N/A;2000;100;20;3900;98,5108;0,3056;97,7867;0,4818;99,2500;0,6124;2;1;1;1
20260611_1518;Consistência_1000;classification;LeveragingBagging;Otimizado_33Features;classifier;classifier;classifier;N/A;N/A;N/A;2000;100;21;4000;100,0000;0,0000;100,0000;0,0000;100,0000;0,0000;0;0;0;0
20260611_1518;Consistência_1000;classification;LeveragingBagging;Otimizado_33Features;classifier;classifier;classifier;N/A;N/A;N/A;2000;100;22;4100;99,3793;0,2051;98,7671;0,4040;100,0000;0,0000;2;1;0;0
20260611_1518;Consistência_1000;classification;LeveragingBagging;Otimizado_33Features;classifier;classifier;classifier;N/A;N/A;N/A;2000;100;23;4200;99,4924;0,0000;100,0000;0,0000;98,9899;0,0000;0;0;1;0
20260611_1518;Consistência_1000;classification;LeveragingBagging;Otimizado_33Features;classifier;classifier;classifier;N/A;N/A;N/A;2000;100;24;4300;94,8493;0,7809;92,2833;1,3327;97,5758;0,7423;6;2;2;1
20260611_1518;Consistência_1000;classification;LeveragingBagging;Otimizado_33Features;classifier;classifier;classifier;N/A;N/A;N/A;2000;100;25;4400;92,8369;0,9555;90,2000;1,7963;95,6522;0,0000;3;1;1;0
20260611_1518;Consistência_1000;classification;LeveragingBagging;Otimizado_33Features;classifier;classifier;classifier;N/A;N/A;N/A;2000;100;26;4500;92,9589;5,5462;98,5714;2,8571;88,5714;9,6890;1;1;2;2
20260611_1518;Consistência_1000;classification;LeveragingBagging;Otimizado_33Features;classifier;classifier;classifier;N/A;N/A;N/A;2000;100;27;4600;99,0490;0,2933;100,0000;0,0000;98,1176;0,5764;0;0;2;1
20260611_1518;Consistência_1000;classification;LeveragingBagging;Otimizado_33Features;classifier;classifier;classifier;N/A;N/A;N/A;2000;100;28;4700;91,6667;0,0000;100,0000;0,0000;84,6154;0,0000;0;0;2;0
20260611_1518;Consistência_1000;classification;LeveragingBagging;Otimizado_33Features;classifier;classifier;classifier;N/A;N/A;N/A;2000;100;29;4800;100,0000;0,0000;100,0000;0,0000;100,0000;0,0000;0;0;0;0
20260611_1518;Consistência_1000;classification;LeveragingBagging;Otimizado_33Features;classifier;classifier;classifier;N/A;N/A;N/A;2000;100;30;4900;0,0000;0,0000;0,0000;0,0000;0,0000;0,0000;0;0;0;0
20260611_1518;Consistência_1000;classification;LeveragingBagging;Otimizado_33Features;classifier;classifier;classifier;N/A;N/A;N/A;2000;100;31;5000;0,0000;0,0000;0,0000;0,0000;0,0000;0,0000;1;0;0;0
20260611_1518;Consistência_1000;classification;LeveragingBagging;Otimizado_33Features;classifier;classifier;classifier;N/A;N/A;N/A;2000;100;32;5100;0,0000;0,0000;0,0000;0,0000;0,0000;0,0000;1;1;0;0
20260611_1518;Consistência_1000;classification;LeveragingBagging;Otimizado_33Features;classifier;classifier;classifier;N/A;N/A;N/A;2000;100;33;5200;0,0000;0,0000;0,0000;0,0000;0,0000;0,0000;0;0;0;0
20260611_1518;Consistência_1000;classification;LeveragingBagging;Otimizado_33Features;classifier;classifier;classifier;N/A;N/A;N/A;2000;100;34;5300;0,0000;0,0000;0,0000;0,0000;0,0000;0,0000;0;0;0;0
20260611_1518;Consistência_1000;classification;LeveragingBagging;Otimizado_33Features;classifier;classifier;classifier;N/A;N/A;N/A;2000;100;35;5400;0,0000;0,0000;0,0000;0,0000;0,0000;0,0000;0;0;0;0
20260611_1518;Consistência_1000;classification;LeveragingBagging;Otimizado_33Features;classifier;classifier;classifier;N/A;N/A;N/A;2000;100;36;5500;0,0000;0,0000;0,0000;0,0000;0,0000;0,0000;0;0;0;0
20260611_1518;Consistência_1000;classification;LeveragingBagging;Otimizado_33Features;classifier;classifier;classifier;N/A;N/A;N/A;2000;100;37;5600;0,0000;0,0000;0,0000;0,0000;0,0000;0,0000;5;1;0;0
20260611_1518;Consistência_1000;classification;LeveragingBagging;Otimizado_33Features;classifier;classifier;classifier;N/A;N/A;N/A;2000;100;38;5700;0,0000;0,0000;0,0000;0,0000;0,0000;0,0000;0;0;0;0
20260611_1518;Consistência_1000;classification;LeveragingBagging;Otimizado_33Features;classifier;classifier;classifier;N/A;N/A;N/A;2000;100;39;5800;0,0000;0,0000;0,0000;0,0000;0,0000;0,0000;0;0;0;0
20260611_1518;Consistência_1000;classification;LeveragingBagging;Otimizado_33Features;classifier;classifier;classifier;N/A;N/A;N/A;2000;100;40;5900;0,0000;0,0000;0,0000;0,0000;0,0000;0,0000;0;0;0;0
20260611_1518;Consistência_1000;classification;LeveragingBagging;Otimizado_33Features;classifier;classifier;classifier;N/A;N/A;N/A;2000;100;41;6000;0,0000;0,0000;0,0000;0,0000;0,0000;0,0000;0;0;0;0
20260611_1518;Consistência_1000;classification;LeveragingBagging;Otimizado_33Features;classifier;classifier;classifier;N/A;N/A;N/A;2000;100;42;6100;0,0000;0,0000;0,0000;0,0000;0,0000;0,0000;1;1;0;0
20260611_1518;Consistência_1000;classification;LeveragingBagging;Otimizado_33Features;classifier;classifier;classifier;N/A;N/A;N/A;2000;100;43;6200;0,0000;0,0000;0,0000;0,0000;0,0000;0,0000;0;0;0;0
20260611_1518;Consistência_1000;classification;LeveragingBagging;Otimizado_33Features;classifier;classifier;classifier;N/A;N/A;N/A;2000;100;44;6300;0,0000;0,0000;0,0000;0,0000;0,0000;0,0000;0;0;0;0
20260611_1518;Consistência_1000;classification;LeveragingBagging;Otimizado_33Features;classifier;classifier;classifier;N/A;N/A;N/A;2000;100;45;6400;0,0000;0,0000;0,0000;0,0000;0,0000;0,0000;0;0;0;0
20260611_1518;Consistência_1000;classification;LeveragingBagging;Otimizado_33Features;classifier;classifier;classifier;N/A;N/A;N/A;2000;100;46;6500;0,0000;0,0000;0,0000;0,0000;0,0000;0,0000;0;0;0;0
20260611_1518;Consistência_1000;classification;LeveragingBagging;Otimizado_33Features;classifier;classifier;classifier;N/A;N/A;N/A;2000;100;47;6600;0,0000;0,0000;0,0000;0,0000;0,0000;0,0000;0;0;0;0
20260611_1518;Consistência_1000;classification;LeveragingBagging;Otimizado_33Features;classifier;classifier;classifier;N/A;N/A;N/A;2000;100;48;6700;0,0000;0,0000;0,0000;0,0000;0,0000;0,0000;0;0;0;0
20260611_1518;Consistência_1000;classification;LeveragingBagging;Otimizado_33Features;classifier;classifier;classifier;N/A;N/A;N/A;2000;100;49;6800;0,0000;0,0000;0,0000;0,0000;0,0000;0,0000;0;0;0;0
20260611_1518;Consistência_1000;classification;LeveragingBagging;Otimizado_33Features;classifier;classifier;classifier;N/A;N/A;N/A;2000;100;50;6900;0,0000;0,0000;0,0000;0,0000;0,0000;0,0000;0;0;0;0
20260611_1518;Consistência_1000;classification;LeveragingBagging;Otimizado_33Features;classifier;classifier;classifier;N/A;N/A;N/A;2000;100;51;7000;0,0000;0,0000;0,0000;0,0000;0,0000;0,0000;0;0;0;0
20260611_1518;Consistência_1000;classification;LeveragingBagging;Otimizado_33Features;classifier;classifier;classifier;N/A;N/A;N/A;2000;100;52;7100;0,0000;0,0000;0,0000;0,0000;0,0000;0,0000;0;0;0;0
20260611_1518;Consistência_1000;classification;LeveragingBagging;Otimizado_33Features;classifier;classifier;classifier;N/A;N/A;N/A;2000;100;53;7200;0,0000;0,0000;0,0000;0,0000;0,0000;0,0000;0;0;0;0
20260611_1518;Consistência_1000;classification;LeveragingBagging;Otimizado_33Features;classifier;classifier;classifier;N/A;N/A;N/A;2000;100;54;7300;0,0000;0,0000;0,0000;0,0000;0,0000;0,0000;0;0;0;0
20260611_1518;Consistência_1000;classification;LeveragingBagging;Otimizado_33Features;classifier;classifier;classifier;N/A;N/A;N/A;2000;100;55;7400;0,0000;0,0000;0,0000;0,0000;0,0000;0,0000;0;0;0;0
20260611_1518;Consistência_1000;classification;LeveragingBagging;Otimizado_33Features;classifier;classifier;classifier;N/A;N/A;N/A;2000;100;56;7500;0,0000;0,0000;0,0000;0,0000;0,0000;0,0000;0;0;0;0
20260611_1518;Consistência_1000;classification;LeveragingBagging;Otimizado_33Features;classifier;classifier;classifier;N/A;N/A;N/A;2000;100;57;7600;0,0000;0,0000;0,0000;0,0000;0,0000;0,0000;0;0;0;0
20260611_1518;Consistência_1000;classification;LeveragingBagging;Otimizado_33Features;classifier;classifier;classifier;N/A;N/A;N/A;2000;100;58;7700;0,0000;0,0000;0,0000;0,0000;0,0000;0,0000;0;0;0;0
20260611_1518;Consistência_1000;classification;LeveragingBagging;Otimizado_33Features;classifier;classifier;classifier;N/A;N/A;N/A;2000;100;59;7800;0,0000;0,0000;0,0000;0,0000;0,0000;0,0000;0;0;0;0
20260611_1518;Consistência_1000;classification;LeveragingBagging;Otimizado_33Features;classifier;classifier;classifier;N/A;N/A;N/A;2000;100;60;7900;0,0000;0,0000;0,0000;0,0000;0,0000;0,0000;0;0;0;0
20260611_1518;Consistência_1000;classification;LeveragingBagging;Otimizado_33Features;classifier;classifier;classifier;N/A;N/A;N/A;2000;100;61;8000;0,0000;0,0000;0,0000;0,0000;0,0000;0,0000;0;0;0;0
20260611_1518;Consistência_1000;classification;LeveragingBagging;Otimizado_33Features;classifier;classifier;classifier;N/A;N/A;N/A;2000;100;62;8100;0,0000;0,0000;0,0000;0,0000;0,0000;0,0000;0;0;0;0
20260611_1518;Consistência_1000;classification;LeveragingBagging;Otimizado_33Features;classifier;classifier;classifier;N/A;N/A;N/A;2000;100;63;8200;0,0000;0,0000;0,0000;0,0000;0,0000;0,0000;0;0;0;0
20260611_1518;Consistência_1000;classification;LeveragingBagging;Otimizado_33Features;classifier;classifier;classifier;N/A;N/A;N/A;2000;100;64;8300;0,0000;0,0000;0,0000;0,0000;0,0000;0,0000;0;0;0;0
20260611_1518;Consistência_1000;classification;LeveragingBagging;Otimizado_33Features;classifier;classifier;classifier;N/A;N/A;N/A;2000;100;65;8400;0,0000;0,0000;0,0000;0,0000;0,0000;0,0000;0;0;0;0
20260611_1518;Consistência_1000;classification;LeveragingBagging;Otimizado_33Features;classifier;classifier;classifier;N/A;N/A;N/A;2000;100;66;8500;100,0000;0,0000;100,0000;0,0000;100,0000;0,0000;0;0;0;0
20260611_1518;Consistência_1000;classification;LeveragingBagging;Otimizado_33Features;classifier;classifier;classifier;N/A;N/A;N/A;2000;100;67;8600;95,6400;0,4754;100,0000;0,0000;91,6484;0,8791;0;0;8;1
20260611_1518;Consistência_1000;classification;LeveragingBagging;Otimizado_33Features;classifier;classifier;classifier;N/A;N/A;N/A;2000;100;68;8700;95,9390;0,5282;100,0000;0,0000;92,2000;0,9798;0;0;8;1
20260611_1518;Consistência_1000;classification;LeveragingBagging;Otimizado_33Features;classifier;classifier;classifier;N/A;N/A;N/A;2000;100;69;8800;98,7123;0,3982;100,0000;0,0000;97,4603;0,7776;0;0;2;1
20260611_1518;Consistência_1000;classification;LeveragingBagging;Otimizado_33Features;classifier;classifier;classifier;N/A;N/A;N/A;2000;100;70;8900;98,5336;0,2799;100,0000;0,0000;97,1111;0,5443;0;0;3;1
20260611_1518;Consistência_1000;classification;LeveragingBagging;Otimizado_33Features;classifier;classifier;classifier;N/A;N/A;N/A;2000;100;71;9000;99,7927;0,2538;100,0000;0,0000;99,5876;0,5050;0;0;1;1
20260611_1518;Consistência_1000;classification;LeveragingBagging;Otimizado_33Features;classifier;classifier;classifier;N/A;N/A;N/A;2000;100;72;9100;99,7990;0,2462;100,0000;0,0000;99,6000;0,4899;0;0;1;1
20260611_1518;Consistência_1000;classification;LeveragingBagging;Otimizado_33Features;classifier;classifier;classifier;N/A;N/A;N/A;2000;100;73;9200;98,7467;0,2592;100,0000;0,0000;97,5258;0,5050;0;0;3;1
20260611_1518;Consistência_1000;classification;LeveragingBagging;Otimizado_33Features;classifier;classifier;classifier;N/A;N/A;N/A;2000;100;74;9300;99,7970;0,2487;100,0000;0,0000;99,5960;0,4948;0;0;1;1
20260611_1518;Consistência_1000;classification;LeveragingBagging;Otimizado_33Features;classifier;classifier;classifier;N/A;N/A;N/A;2000;100;75;9400;99,4872;0,0000;100,0000;0,0000;98,9796;0,0000;0;0;1;0
20260611_1518;Consistência_1000;classification;LeveragingBagging;Otimizado_33Features;classifier;classifier;classifier;N/A;N/A;N/A;2000;100;76;9500;100,0000;0,0000;100,0000;0,0000;100,0000;0,0000;0;0;0;0
20260611_1518;Consistência_1000;classification;LeveragingBagging;Otimizado_33Features;classifier;classifier;classifier;N/A;N/A;N/A;2000;100;77;9600;0,0000;0,0000;0,0000;0,0000;0,0000;0,0000;0;0;0;0
20260611_1518;Consistência_1000;classification;LeveragingBagging;Otimizado_33Features;classifier;classifier;classifier;N/A;N/A;N/A;2000;100;78;9700;0,0000;0,0000;0,0000;0,0000;0,0000;0,0000;0;0;0;0
20260611_1518;Consistência_1000;classification;LeveragingBagging;Otimizado_33Features;classifier;classifier;classifier;N/A;N/A;N/A;2000;100;79;9800;0,0000;0,0000;0,0000;0,0000;0,0000;0,0000;0;0;0;0
20260611_1518;Consistência_1000;classification;LeveragingBagging;Otimizado_33Features;classifier;classifier;classifier;N/A;N/A;N/A;2000;100;80;9900;0,0000;0,0000;0,0000;0,0000;0,0000;0,0000;0;0;0;0
20260611_1518;Consistência_1000;classification;LeveragingBagging;Otimizado_33Features;classifier;classifier;classifier;N/A;N/A;N/A;2000;100;81;10000;0,0000;0,0000;0,0000;0,0000;0,0000;0,0000;0;0;0;0
20260611_1518;Consistência_1000;classification;LeveragingBagging;Otimizado_33Features;classifier;classifier;classifier;N/A;N/A;N/A;2000;100;82;10100;0,0000;0,0000;0,0000;0,0000;0,0000;0,0000;1;1;0;0
20260611_1518;Consistência_1000;classification;LeveragingBagging;Otimizado_33Features;classifier;classifier;classifier;N/A;N/A;N/A;2000;100;83;10200;0,0000;0,0000;0,0000;0,0000;0,0000;0,0000;0;0;0;0
20260611_1518;Consistência_1000;classification;LeveragingBagging;Otimizado_33Features;classifier;classifier;classifier;N/A;N/A;N/A;2000;100;84;10300;0,0000;0,0000;0,0000;0,0000;0,0000;0,0000;0;0;0;0
20260611_1518;Consistência_1000;classification;LeveragingBagging;Otimizado_33Features;classifier;classifier;classifier;N/A;N/A;N/A;2000;100;85;10400;0,0000;0,0000;0,0000;0,0000;0,0000;0,0000;0;0;0;0
20260611_1518;Consistência_1000;classification;LeveragingBagging;Otimizado_33Features;classifier;classifier;classifier;N/A;N/A;N/A;2000;100;86;10500;0,0000;0,0000;0,0000;0,0000;0,0000;0,0000;0;0;0;0
20260611_1518;Consistência_1000;classification;LeveragingBagging;Otimizado_33Features;classifier;classifier;classifier;N/A;N/A;N/A;2000;100;87;10600;0,0000;0,0000;0,0000;0,0000;0,0000;0,0000;0;0;0;0
20260611_1518;Consistência_1000;classification;LeveragingBagging;Otimizado_33Features;classifier;classifier;classifier;N/A;N/A;N/A;2000;100;88;10700;0,0000;0,0000;0,0000;0,0000;0,0000;0,0000;1;0;0;0
20260611_1518;Consistência_1000;classification;LeveragingBagging;Otimizado_33Features;classifier;classifier;classifier;N/A;N/A;N/A;2000;100;89;10800;0,0000;0,0000;0,0000;0,0000;0,0000;0,0000;0;0;0;0
20260611_1518;Consistência_1000;classification;LeveragingBagging;Otimizado_33Features;classifier;classifier;classifier;N/A;N/A;N/A;2000;100;90;10900;0,0000;0,0000;0,0000;0,0000;0,0000;0,0000;0;0;0;0
20260611_1518;Consistência_1000;classification;LeveragingBagging;Otimizado_33Features;classifier;classifier;classifier;N/A;N/A;N/A;2000;100;91;11000;0,0000;0,0000;0,0000;0,0000;0,0000;0,0000;0;0;0;0
20260611_1518;Consistência_1000;classification;LeveragingBagging;Otimizado_33Features;classifier;classifier;classifier;N/A;N/A;N/A;2000;100;92;11100;0,0000;0,0000;0,0000;0,0000;0,0000;0,0000;0;0;0;0
20260611_1518;Consistência_1000;classification;LeveragingBagging;Otimizado_33Features;classifier;classifier;classifier;N/A;N/A;N/A;2000;100;93;11200;0,0000;0,0000;0,0000;0,0000;0,0000;0,0000;0;0;0;0
20260611_1518;Consistência_1000;classification;LeveragingBagging;Otimizado_33Features;classifier;classifier;classifier;N/A;N/A;N/A;2000;100;94;11300;0,0000;0,0000;0,0000;0,0000;0,0000;0,0000;0;0;0;0
20260611_1518;Consistência_1000;classification;LeveragingBagging;Otimizado_33Features;classifier;classifier;classifier;N/A;N/A;N/A;2000;100;95;11400;0,0000;0,0000;0,0000;0,0000;0,0000;0,0000;0;0;0;0
20260611_1518;Consistência_1000;classification;LeveragingBagging;Otimizado_33Features;classifier;classifier;classifier;N/A;N/A;N/A;2000;100;96;11500;0,0000;0,0000;0,0000;0,0000;0,0000;0,0000;0;0;0;0
20260611_1518;Consistência_1000;classification;LeveragingBagging;Otimizado_33Features;classifier;classifier;classifier;N/A;N/A;N/A;2000;100;97;11600;0,0000;0,0000;0,0000;0,0000;0,0000;0,0000;0;0;0;0
20260611_1518;Consistência_1000;classification;LeveragingBagging;Otimizado_33Features;classifier;classifier;classifier;N/A;N/A;N/A;2000;100;98;11700;0,0000;0,0000;0,0000;0,0000;0,0000;0,0000;1;1;0;0
20260611_1518;Consistência_1000;classification;LeveragingBagging;Otimizado_33Features;classifier;classifier;classifier;N/A;N/A;N/A;2000;100;99;11800;0,0000;0,0000;0,0000;0,0000;0,0000;0,0000;0;0;0;0
20260611_1518;Consistência_1000;classification;LeveragingBagging;Otimizado_33Features;classifier;classifier;classifier;N/A;N/A;N/A;2000;100;100;11900;0,0000;0,0000;0,0000;0,0000;0,0000;0,0000;0;0;0;0
20260611_1518;Consistência_1000;classification;LeveragingBagging;Otimizado_33Features;classifier;classifier;classifier;N/A;N/A;N/A;2000;100;101;12000;0,0000;0,0000;0,0000;0,0000;0,0000;0,0000;0;0;0;0
20260611_1518;Consistência_1000;classification;LeveragingBagging;Otimizado_33Features;classifier;classifier;classifier;N/A;N/A;N/A;2000;100;102;12100;0,0000;0,0000;0,0000;0,0000;0,0000;0,0000;0;0;0;0
20260611_1518;Consistência_1000;classification;LeveragingBagging;Otimizado_33Features;classifier;classifier;classifier;N/A;N/A;N/A;2000;100;103;12200;0,0000;0,0000;0,0000;0,0000;0,0000;0,0000;0;0;0;0
20260611_1518;Consistência_1000;classification;LeveragingBagging;Otimizado_33Features;classifier;classifier;classifier;N/A;N/A;N/A;2000;100;104;12300;0,0000;0,0000;0,0000;0,0000;0,0000;0,0000;0;0;0;0
20260611_1518;Consistência_1000;classification;LeveragingBagging;Otimizado_33Features;classifier;classifier;classifier;N/A;N/A;N/A;2000;100;105;12400;0,0000;0,0000;0,0000;0,0000;0,0000;0,0000;0;0;0;0
20260611_1518;Consistência_1000;classification;LeveragingBagging;Otimizado_33Features;classifier;classifier;classifier;N/A;N/A;N/A;2000;100;106;12500;0,0000;0,0000;0,0000;0,0000;0,0000;0,0000;0;0;0;0
20260611_1518;Consistência_1000;classification;LeveragingBagging;Otimizado_33Features;classifier;classifier;classifier;N/A;N/A;N/A;2000;100;107;12600;0,0000;0,0000;0,0000;0,0000;0,0000;0,0000;0;0;0;0
20260611_1518;Consistência_1000;classification;LeveragingBagging;Otimizado_33Features;classifier;classifier;classifier;N/A;N/A;N/A;2000;100;108;12700;0,0000;0,0000;0,0000;0,0000;0,0000;0,0000;0;0;0;0
20260611_1518;Consistência_1000;classification;LeveragingBagging;Otimizado_33Features;classifier;classifier;classifier;N/A;N/A;N/A;2000;100;109;12800;0,0000;0,0000;0,0000;0,0000;0,0000;0,0000;1;1;0;0
20260611_1518;Consistência_1000;classification;LeveragingBagging;Otimizado_33Features;classifier;classifier;classifier;N/A;N/A;N/A;2000;100;110;12900;0,0000;0,0000;0,0000;0,0000;0,0000;0,0000;0;0;0;0
20260611_1518;Consistência_1000;classification;LeveragingBagging;Otimizado_33Features;classifier;classifier;classifier;N/A;N/A;N/A;2000;100;111;13000;0,0000;0,0000;0,0000;0,0000;0,0000;0,0000;0;0;0;0
20260611_1518;Consistência_1000;classification;LeveragingBagging;Otimizado_33Features;classifier;classifier;classifier;N/A;N/A;N/A;2000;100;112;13100;0,0000;0,0000;0,0000;0,0000;0,0000;0,0000;1;1;0;0
20260611_1518;Consistência_1000;classification;LeveragingBagging;Otimizado_33Features;classifier;classifier;classifier;N/A;N/A;N/A;2000;100;113;13200;0,0000;0,0000;0,0000;0,0000;0,0000;0,0000;0;0;0;0
20260611_1518;Consistência_1000;classification;LeveragingBagging;Otimizado_33Features;classifier;classifier;classifier;N/A;N/A;N/A;2000;100;114;13300;97,5879;0,5047;100,0000;0,0000;95,2941;0,9606;0;0;3;1
20260611_1518;Consistência_1000;classification;LeveragingBagging;Otimizado_33Features;classifier;classifier;classifier;N/A;N/A;N/A;2000;100;115;13400;100,0000;0,0000;100,0000;0,0000;100,0000;0,0000;0;0;0;0
20260611_1518;Consistência_1000;classification;LeveragingBagging;Otimizado_33Features;classifier;classifier;classifier;N/A;N/A;N/A;2000;100;116;13500;99,4975;0,0000;100,0000;0,0000;99,0000;0,0000;0;0;1;0
20260611_1518;Consistência_1000;classification;LeveragingBagging;Otimizado_33Features;classifier;classifier;classifier;N/A;N/A;N/A;2000;100;117;13600;98,5694;0,4582;100,0000;0,0000;97,1831;0,8908;0;0;2;1
20260611_1518;Consistência_1000;classification;LeveragingBagging;Otimizado_33Features;classifier;classifier;classifier;N/A;N/A;N/A;2000;100;118;13700;100,0000;0,0000;100,0000;0,0000;100,0000;0,0000;0;0;0;0
20260611_1518;Consistência_1000;classification;LeveragingBagging;Otimizado_33Features;classifier;classifier;classifier;N/A;N/A;N/A;2000;100;119;13800;97,8495;0,0000;100,0000;0,0000;95,7895;0,0000;0;0;4;0
20260611_1518;Consistência_1000;classification;LeveragingBagging;Otimizado_33Features;classifier;classifier;classifier;N/A;N/A;N/A;2000;100;120;13900;100,0000;0,0000;100,0000;0,0000;100,0000;0,0000;0;0;0;0
20260611_1518;Consistência_1000;classification;LeveragingBagging;Otimizado_33Features;classifier;classifier;classifier;N/A;N/A;N/A;2000;100;121;14000;100,0000;0,0000;100,0000;0,0000;100,0000;0,0000;0;0;0;0
20260611_1518;Consistência_1000;classification;LeveragingBagging;Otimizado_33Features;classifier;classifier;classifier;N/A;N/A;N/A;2000;100;122;14100;100,0000;0,0000;100,0000;0,0000;100,0000;0,0000;0;0;0;0
20260611_1518;Consistência_1000;classification;LeveragingBagging;Otimizado_33Features;classifier;classifier;classifier;N/A;N/A;N/A;2000;100;123;14200;100,0000;0,0000;100,0000;0,0000;100,0000;0,0000;0;0;0;0
20260611_1518;Consistência_1000;classification;LeveragingBagging;Otimizado_33Features;classifier;classifier;classifier;N/A;N/A;N/A;2000;100;124;14300;100,0000;0,0000;100,0000;0,0000;100,0000;0,0000;0;0;0;0
20260611_1518;Consistência_1000;classification;LeveragingBagging;Otimizado_33Features;classifier;classifier;classifier;N/A;N/A;N/A;2000;100;125;14400;0,0000;0,0000;0,0000;0,0000;0,0000;0,0000;1;1;0;0
20260611_1518;Consistência_1000;classification;LeveragingBagging;Otimizado_33Features;classifier;classifier;classifier;N/A;N/A;N/A;2000;100;126;14500;0,0000;0,0000;0,0000;0,0000;0,0000;0,0000;0;0;0;0
20260611_1518;Consistência_1000;classification;LeveragingBagging;Otimizado_33Features;classifier;classifier;classifier;N/A;N/A;N/A;2000;100;127;14600;0,0000;0,0000;0,0000;0,0000;0,0000;0,0000;0;0;0;0
20260611_1518;Consistência_1000;classification;LeveragingBagging;Otimizado_33Features;classifier;classifier;classifier;N/A;N/A;N/A;2000;100;128;14700;0,0000;0,0000;0,0000;0,0000;0,0000;0,0000;0;0;0;0
20260611_1518;Consistência_1000;classification;LeveragingBagging;Otimizado_33Features;classifier;classifier;classifier;N/A;N/A;N/A;2000;100;129;14800;0,0000;0,0000;0,0000;0,0000;0,0000;0,0000;1;1;0;0
20260611_1518;Consistência_1000;classification;LeveragingBagging;Otimizado_33Features;classifier;classifier;classifier;N/A;N/A;N/A;2000;100;130;14900;0,0000;0,0000;0,0000;0,0000;0,0000;0,0000;0;0;0;0
20260611_1518;Consistência_1000;classification;LeveragingBagging;Otimizado_33Features;classifier;classifier;classifier;N/A;N/A;N/A;2000;100;131;15000;0,0000;0,0000;0,0000;0,0000;0,0000;0,0000;0;0;0;0
20260611_1518;Consistência_1000;classification;LeveragingBagging;Otimizado_33Features;classifier;classifier;classifier;N/A;N/A;N/A;2000;100;132;15100;0,0000;0,0000;0,0000;0,0000;0,0000;0,0000;0;0;0;0
20260611_1518;Consistência_1000;classification;LeveragingBagging;Otimizado_33Features;classifier;classifier;classifier;N/A;N/A;N/A;2000;100;133;15200;0,0000;0,0000;0,0000;0,0000;0,0000;0,0000;0;0;0;0
20260611_1518;Consistência_1000;classification;LeveragingBagging;Otimizado_33Features;classifier;classifier;classifier;N/A;N/A;N/A;2000;100;134;15300;0,0000;0,0000;0,0000;0,0000;0,0000;0,0000;0;0;0;0
20260611_1518;Consistência_1000;classification;LeveragingBagging;Otimizado_33Features;classifier;classifier;classifier;N/A;N/A;N/A;2000;100;135;15400;0,0000;0,0000;0,0000;0,0000;0,0000;0,0000;0;0;0;0
20260611_1518;Consistência_1000;classification;LeveragingBagging;Otimizado_33Features;classifier;classifier;classifier;N/A;N/A;N/A;2000;100;136;15500;0,0000;0,0000;0,0000;0,0000;0,0000;0,0000;0;0;0;0
20260611_1518;Consistência_1000;classification;LeveragingBagging;Otimizado_33Features;classifier;classifier;classifier;N/A;N/A;N/A;2000;100;137;15600;0,0000;0,0000;0,0000;0,0000;0,0000;0,0000;0;0;0;0
20260611_1518;Consistência_1000;classification;LeveragingBagging;Otimizado_33Features;classifier;classifier;classifier;N/A;N/A;N/A;2000;100;138;15700;0,0000;0,0000;0,0000;0,0000;0,0000;0,0000;0;0;0;0
20260611_1518;Consistência_1000;classification;LeveragingBagging;Otimizado_33Features;classifier;classifier;classifier;N/A;N/A;N/A;2000;100;139;15800;0,0000;0,0000;0,0000;0,0000;0,0000;0,0000;0;0;0;0
20260611_1518;Consistência_1000;classification;LeveragingBagging;Otimizado_33Features;classifier;classifier;classifier;N/A;N/A;N/A;2000;100;140;15900;0,0000;0,0000;0,0000;0,0000;0,0000;0,0000;0;0;0;0
20260611_1518;Consistência_1000;classification;LeveragingBagging;Otimizado_33Features;classifier;classifier;classifier;N/A;N/A;N/A;2000;100;141;16000;0,0000;0,0000;0,0000;0,0000;0,0000;0,0000;0;0;0;0
20260611_1518;Consistência_1000;classification;LeveragingBagging;Otimizado_33Features;classifier;classifier;classifier;N/A;N/A;N/A;2000;100;142;16100;0,0000;0,0000;0,0000;0,0000;0,0000;0,0000;0;0;0;0
20260611_1518;Consistência_1000;classification;LeveragingBagging;Otimizado_33Features;classifier;classifier;classifier;N/A;N/A;N/A;2000;100;143;16200;0,0000;0,0000;0,0000;0,0000;0,0000;0,0000;0;0;0;0
20260611_1518;Consistência_1000;classification;LeveragingBagging;Otimizado_33Features;classifier;classifier;classifier;N/A;N/A;N/A;2000;100;144;16300;0,0000;0,0000;0,0000;0,0000;0,0000;0,0000;0;0;0;0
20260611_1518;Consistência_1000;classification;LeveragingBagging;Otimizado_33Features;classifier;classifier;classifier;N/A;N/A;N/A;2000;100;145;16400;0,0000;0,0000;0,0000;0,0000;0,0000;0,0000;0;0;0;0
20260611_1518;Consistência_1000;classification;LeveragingBagging;Otimizado_33Features;classifier;classifier;classifier;N/A;N/A;N/A;2000;100;146;16500;0,0000;0,0000;0,0000;0,0000;0,0000;0,0000;0;0;0;0
20260611_1518;Consistência_1000;classification;LeveragingBagging;Otimizado_33Features;classifier;classifier;classifier;N/A;N/A;N/A;2000;100;147;16600;0,0000;0,0000;0,0000;0,0000;0,0000;0,0000;0;0;0;0
20260611_1518;Consistência_1000;classification;LeveragingBagging;Otimizado_33Features;classifier;classifier;classifier;N/A;N/A;N/A;2000;100;148;16700;0,0000;0,0000;0,0000;0,0000;0,0000;0,0000;0;0;0;0
20260611_1518;Consistência_1000;classification;LeveragingBagging;Otimizado_33Features;classifier;classifier;classifier;N/A;N/A;N/A;2000;100;149;16800;0,0000;0,0000;0,0000;0,0000;0,0000;0,0000;0;0;0;0
20260611_1518;Consistência_1000;classification;LeveragingBagging;Otimizado_33Features;classifier;classifier;classifier;N/A;N/A;N/A;2000;100;150;16900;0,0000;0,0000;0,0000;0,0000;0,0000;0,0000;0;0;0;0
20260611_1518;Consistência_1000;classification;LeveragingBagging;Otimizado_33Features;classifier;classifier;classifier;N/A;N/A;N/A;2000;100;151;17000;0,0000;0,0000;0,0000;0,0000;0,0000;0,0000;0;0;0;0
20260611_1518;Consistência_1000;classification;LeveragingBagging;Otimizado_33Features;classifier;classifier;classifier;N/A;N/A;N/A;2000;100;152;17100;0,0000;0,0000;0,0000;0,0000;0,0000;0,0000;0;0;0;0
20260611_1518;Consistência_1000;classification;LeveragingBagging;Otimizado_33Features;classifier;classifier;classifier;N/A;N/A;N/A;2000;100;153;17200;0,0000;0,0000;0,0000;0,0000;0,0000;0,0000;0;0;0;0
20260611_1518;Consistência_1000;classification;LeveragingBagging;Otimizado_33Features;classifier;classifier;classifier;N/A;N/A;N/A;2000;100;154;17300;0,0000;0,0000;0,0000;0,0000;0,0000;0,0000;0;0;0;0
20260611_1518;Consistência_1000;classification;LeveragingBagging;Otimizado_33Features;classifier;classifier;classifier;N/A;N/A;N/A;2000;100;155;17400;0,0000;0,0000;0,0000;0,0000;0,0000;0,0000;0;0;0;0
20260611_1518;Consistência_1000;classification;LeveragingBagging;Otimizado_33Features;classifier;classifier;classifier;N/A;N/A;N/A;2000;100;156;17500;0,0000;0,0000;0,0000;0,0000;0,0000;0,0000;0;0;0;0
20260611_1518;Consistência_1000;classification;LeveragingBagging;Otimizado_33Features;classifier;classifier;classifier;N/A;N/A;N/A;2000;100;157;17600;0,0000;0,0000;0,0000;0,0000;0,0000;0,0000;0;0;0;0
20260611_1518;Consistência_1000;classification;LeveragingBagging;Otimizado_33Features;classifier;classifier;classifier;N/A;N/A;N/A;2000;100;158;17700;0,0000;0,0000;0,0000;0,0000;0,0000;0,0000;0;0;0;0
20260611_1518;Consistência_1000;classification;LeveragingBagging;Otimizado_33Features;classifier;classifier;classifier;N/A;N/A;N/A;2000;100;159;17800;0,0000;0,0000;0,0000;0,0000;0,0000;0,0000;0;0;0;0
20260611_1518;Consistência_1000;classification;LeveragingBagging;Otimizado_33Features;classifier;classifier;classifier;N/A;N/A;N/A;2000;100;160;17900;0,0000;0,0000;0,0000;0,0000;0,0000;0,0000;0;0;0;0
20260611_1518;Generalização_25;classification;LeveragingBagging;Otimizado_33Features;classifier;classifier;classifier;N/A;N/A;N/A;2000;100;1;2000;0,0000;0,0000;0,0000;0,0000;0,0000;0,0000;0;0;0;0
20260611_1518;Generalização_25;classification;LeveragingBagging;Otimizado_33Features;classifier;classifier;classifier;N/A;N/A;N/A;2000;100;2;2100;0,0000;0,0000;0,0000;0,0000;0,0000;0,0000;0;0;0;0
20260611_1518;Generalização_25;classification;LeveragingBagging;Otimizado_33Features;classifier;classifier;classifier;N/A;N/A;N/A;2000;100;3;2200;0,0000;0,0000;0,0000;0,0000;0,0000;0,0000;0;0;0;0
20260611_1518;Generalização_25;classification;LeveragingBagging;Otimizado_33Features;classifier;classifier;classifier;N/A;N/A;N/A;2000;100;4;2300;0,0000;0,0000;0,0000;0,0000;0,0000;0,0000;0;0;0;0
20260611_1518;Generalização_25;classification;LeveragingBagging;Otimizado_33Features;classifier;classifier;classifier;N/A;N/A;N/A;2000;100;5;2400;0,0000;0,0000;0,0000;0,0000;0,0000;0,0000;0;0;0;0
20260611_1518;Generalização_25;classification;LeveragingBagging;Otimizado_33Features;classifier;classifier;classifier;N/A;N/A;N/A;2000;100;6;2500;0,0000;0,0000;0,0000;0,0000;0,0000;0,0000;0;0;0;0
20260611_1518;Generalização_25;classification;LeveragingBagging;Otimizado_33Features;classifier;classifier;classifier;N/A;N/A;N/A;2000;100;7;2600;0,0000;0,0000;0,0000;0,0000;0,0000;0,0000;0;0;0;0
20260611_1518;Generalização_25;classification;LeveragingBagging;Otimizado_33Features;classifier;classifier;classifier;N/A;N/A;N/A;2000;100;8;2700;0,0000;0,0000;0,0000;0,0000;0,0000;0,0000;0;0;0;0
20260611_1518;Generalização_25;classification;LeveragingBagging;Otimizado_33Features;classifier;classifier;classifier;N/A;N/A;N/A;2000;100;9;2800;0,0000;0,0000;0,0000;0,0000;0,0000;0,0000;0;0;0;0
20260611_1518;Generalização_25;classification;LeveragingBagging;Otimizado_33Features;classifier;classifier;classifier;N/A;N/A;N/A;2000;100;10;2900;0,0000;0,0000;0,0000;0,0000;0,0000;0,0000;0;0;0;0
20260611_1518;Generalização_25;classification;LeveragingBagging;Otimizado_33Features;classifier;classifier;classifier;N/A;N/A;N/A;2000;100;11;3000;0,0000;0,0000;0,0000;0,0000;0,0000;0,0000;0;0;0;0
20260611_1518;Generalização_25;classification;LeveragingBagging;Otimizado_33Features;classifier;classifier;classifier;N/A;N/A;N/A;2000;100;12;3100;0,0000;0,0000;0,0000;0,0000;0,0000;0,0000;0;0;0;0
20260611_1518;Generalização_25;classification;LeveragingBagging;Otimizado_33Features;classifier;classifier;classifier;N/A;N/A;N/A;2000;100;13;3200;0,0000;0,0000;0,0000;0,0000;0,0000;0,0000;0;0;0;0
20260611_1518;Generalização_25;classification;LeveragingBagging;Otimizado_33Features;classifier;classifier;classifier;N/A;N/A;N/A;2000;100;14;3300;0,0000;0,0000;0,0000;0,0000;0,0000;0,0000;0;0;0;0
20260611_1518;Generalização_25;classification;LeveragingBagging;Otimizado_33Features;classifier;classifier;classifier;N/A;N/A;N/A;2000;100;15;3400;0,0000;0,0000;0,0000;0,0000;0,0000;0,0000;0;0;0;0
20260611_1518;Generalização_25;classification;LeveragingBagging;Otimizado_33Features;classifier;classifier;classifier;N/A;N/A;N/A;2000;100;16;3500;0,0000;0,0000;0,0000;0,0000;0,0000;0,0000;0;0;0;0
20260611_1518;Generalização_25;classification;LeveragingBagging;Otimizado_33Features;classifier;classifier;classifier;N/A;N/A;N/A;2000;100;17;3600;0,0000;0,0000;0,0000;0,0000;0,0000;0,0000;0;0;0;0
20260611_1518;Generalização_25;classification;LeveragingBagging;Otimizado_33Features;classifier;classifier;classifier;N/A;N/A;N/A;2000;100;18;3700;0,0000;0,0000;0,0000;0,0000;0,0000;0,0000;0;0;0;0
20260611_1518;Generalização_25;classification;LeveragingBagging;Otimizado_33Features;classifier;classifier;classifier;N/A;N/A;N/A;2000;100;19;3800;91,3043;0,0000;100,0000;0,0000;84,0000;0,0000;0;0;4;0
20260611_1518;Generalização_25;classification;LeveragingBagging;Otimizado_33Features;classifier;classifier;classifier;N/A;N/A;N/A;2000;100;20;3900;0,0000;0,0000;0,0000;0,0000;0,0000;0,0000;1;0;0;0
20260611_1518;Generalização_25;classification;LeveragingBagging;Otimizado_33Features;classifier;classifier;classifier;N/A;N/A;N/A;2000;100;21;4000;0,0000;0,0000;0,0000;0,0000;0,0000;0,0000;1;0;0;0
20260611_1518;Generalização_25;classification;LeveragingBagging;Otimizado_33Features;classifier;classifier;classifier;N/A;N/A;N/A;2000;100;22;4100;0,0000;0,0000;0,0000;0,0000;0,0000;0,0000;0;0;0;0
20260611_1518;Generalização_25;classification;LeveragingBagging;Otimizado_33Features;classifier;classifier;classifier;N/A;N/A;N/A;2000;100;23;4200;0,0000;0,0000;0,0000;0,0000;0,0000;0,0000;0;0;0;0
20260611_1518;Generalização_25;classification;LeveragingBagging;Otimizado_33Features;classifier;classifier;classifier;N/A;N/A;N/A;2000;100;24;4300;0,0000;0,0000;0,0000;0,0000;0,0000;0,0000;0;0;0;0
20260611_1518;Generalização_25;classification;LeveragingBagging;Otimizado_33Features;classifier;classifier;classifier;N/A;N/A;N/A;2000;100;25;4400;0,0000;0,0000;0,0000;0,0000;0,0000;0,0000;0;0;0;0
20260611_1518;Generalização_25;classification;LeveragingBagging;Otimizado_33Features;classifier;classifier;classifier;N/A;N/A;N/A;2000;100;26;4500;0,0000;0,0000;0,0000;0,0000;0,0000;0,0000;0;0;0;0
20260611_1518;Generalização_25;classification;LeveragingBagging;Otimizado_33Features;classifier;classifier;classifier;N/A;N/A;N/A;2000;100;27;4600;0,0000;0,0000;0,0000;0,0000;0,0000;0,0000;0;0;0;0
20260611_1518;Generalização_25;classification;LeveragingBagging;Otimizado_33Features;classifier;classifier;classifier;N/A;N/A;N/A;2000;100;28;4700;0,0000;0,0000;0,0000;0,0000;0,0000;0,0000;0;0;0;0
20260611_1518;Generalização_25;classification;LeveragingBagging;Otimizado_33Features;classifier;classifier;classifier;N/A;N/A;N/A;2000;100;29;4800;0,0000;0,0000;0,0000;0,0000;0,0000;0,0000;0;0;0;0
20260611_1518;Generalização_25;classification;LeveragingBagging;Otimizado_33Features;classifier;classifier;classifier;N/A;N/A;N/A;2000;100;30;4900;0,0000;0,0000;0,0000;0,0000;0,0000;0,0000;0;0;0;0
20260611_1518;Generalização_25;classification;LeveragingBagging;Otimizado_33Features;classifier;classifier;classifier;N/A;N/A;N/A;2000;100;31;5000;0,0000;0,0000;0,0000;0,0000;0,0000;0,0000;0;0;0;0
20260611_1518;Generalização_25;classification;LeveragingBagging;Otimizado_33Features;classifier;classifier;classifier;N/A;N/A;N/A;2000;100;32;5100;0,0000;0,0000;0,0000;0,0000;0,0000;0,0000;0;0;0;0
20260611_1518;Generalização_25;classification;LeveragingBagging;Otimizado_33Features;classifier;classifier;classifier;N/A;N/A;N/A;2000;100;33;5200;0,0000;0,0000;0,0000;0,0000;0,0000;0,0000;0;0;0;0
20260611_1518;Generalização_25;classification;LeveragingBagging;Otimizado_33Features;classifier;classifier;classifier;N/A;N/A;N/A;2000;100;34;5300;0,0000;0,0000;0,0000;0,0000;0,0000;0,0000;0;0;0;0
20260611_1518;Generalização_25;classification;LeveragingBagging;Otimizado_33Features;classifier;classifier;classifier;N/A;N/A;N/A;2000;100;35;5400;0,0000;0,0000;0,0000;0,0000;0,0000;0,0000;0;0;0;0
20260611_1518;Generalização_25;classification;LeveragingBagging;Otimizado_33Features;classifier;classifier;classifier;N/A;N/A;N/A;2000;100;36;5500;0,0000;0,0000;0,0000;0,0000;0,0000;0,0000;0;0;0;0
20260611_1518;Generalização_25;classification;LeveragingBagging;Otimizado_33Features;classifier;classifier;classifier;N/A;N/A;N/A;2000;100;37;5600;0,0000;0,0000;0,0000;0,0000;0,0000;0,0000;0;0;0;0
20260611_1518;Generalização_25;classification;LeveragingBagging;Otimizado_33Features;classifier;classifier;classifier;N/A;N/A;N/A;2000;100;38;5700;0,0000;0,0000;0,0000;0,0000;0,0000;0,0000;0;0;0;0
20260611_1518;Generalização_25;classification;LeveragingBagging;Otimizado_33Features;classifier;classifier;classifier;N/A;N/A;N/A;2000;100;39;5800;0,0000;0,0000;0,0000;0,0000;0,0000;0,0000;0;0;0;0
20260611_1518;Generalização_25;classification;LeveragingBagging;Otimizado_33Features;classifier;classifier;classifier;N/A;N/A;N/A;2000;100;40;5900;0,0000;0,0000;0,0000;0,0000;0,0000;0,0000;0;0;0;0
20260611_1518;Generalização_25;classification;LeveragingBagging;Otimizado_33Features;classifier;classifier;classifier;N/A;N/A;N/A;2000;100;41;6000;0,0000;0,0000;0,0000;0,0000;0,0000;0,0000;0;0;0;0
20260611_1518;Generalização_25;classification;LeveragingBagging;Otimizado_33Features;classifier;classifier;classifier;N/A;N/A;N/A;2000;100;42;6100;0,0000;0,0000;0,0000;0,0000;0,0000;0,0000;0;0;0;0
20260611_1518;Generalização_25;classification;LeveragingBagging;Otimizado_33Features;classifier;classifier;classifier;N/A;N/A;N/A;2000;100;43;6200;0,0000;0,0000;0,0000;0,0000;0,0000;0,0000;0;0;0;0
20260611_1518;Generalização_25;classification;LeveragingBagging;Otimizado_33Features;classifier;classifier;classifier;N/A;N/A;N/A;2000;100;44;6300;0,0000;0,0000;0,0000;0,0000;0,0000;0,0000;0;0;0;0
20260611_1518;Generalização_25;classification;LeveragingBagging;Otimizado_33Features;classifier;classifier;classifier;N/A;N/A;N/A;2000;100;45;6400;0,0000;0,0000;0,0000;0,0000;0,0000;0,0000;0;0;0;0
20260611_1518;Generalização_25;classification;LeveragingBagging;Otimizado_33Features;classifier;classifier;classifier;N/A;N/A;N/A;2000;100;46;6500;0,0000;0,0000;0,0000;0,0000;0,0000;0,0000;0;0;0;0
20260611_1518;Generalização_25;classification;LeveragingBagging;Otimizado_33Features;classifier;classifier;classifier;N/A;N/A;N/A;2000;100;47;6600;0,0000;0,0000;0,0000;0,0000;0,0000;0,0000;0;0;0;0
20260611_1518;Generalização_25;classification;LeveragingBagging;Otimizado_33Features;classifier;classifier;classifier;N/A;N/A;N/A;2000;100;48;6700;0,0000;0,0000;0,0000;0,0000;0,0000;0,0000;0;0;0;0
20260611_1518;Generalização_25;classification;LeveragingBagging;Otimizado_33Features;classifier;classifier;classifier;N/A;N/A;N/A;2000;100;49;6800;0,0000;0,0000;0,0000;0,0000;0,0000;0,0000;0;0;0;0
20260611_1518;Generalização_25;classification;LeveragingBagging;Otimizado_33Features;classifier;classifier;classifier;N/A;N/A;N/A;2000;100;50;6900;0,0000;0,0000;0,0000;0,0000;0,0000;0,0000;0;0;0;0
20260611_1518;Generalização_25;classification;LeveragingBagging;Otimizado_33Features;classifier;classifier;classifier;N/A;N/A;N/A;2000;100;51;7000;0,0000;0,0000;0,0000;0,0000;0,0000;0,0000;0;0;0;0
20260611_1518;Generalização_25;classification;LeveragingBagging;Otimizado_33Features;classifier;classifier;classifier;N/A;N/A;N/A;2000;100;52;7100;0,0000;0,0000;0,0000;0,0000;0,0000;0,0000;0;0;0;0
20260611_1518;Generalização_25;classification;LeveragingBagging;Otimizado_33Features;classifier;classifier;classifier;N/A;N/A;N/A;2000;100;53;7200;0,0000;0,0000;0,0000;0,0000;0,0000;0,0000;0;0;0;0
20260611_1518;Generalização_25;classification;LeveragingBagging;Otimizado_33Features;classifier;classifier;classifier;N/A;N/A;N/A;2000;100;54;7300;0,0000;0,0000;0,0000;0,0000;0,0000;0,0000;0;0;0;0
20260611_1518;Generalização_25;classification;LeveragingBagging;Otimizado_33Features;classifier;classifier;classifier;N/A;N/A;N/A;2000;100;55;7400;0,0000;0,0000;0,0000;0,0000;0,0000;0,0000;0;0;0;0
20260611_1518;Generalização_25;classification;LeveragingBagging;Otimizado_33Features;classifier;classifier;classifier;N/A;N/A;N/A;2000;100;56;7500;0,0000;0,0000;0,0000;0,0000;0,0000;0,0000;0;0;0;0
20260611_1518;Generalização_25;classification;LeveragingBagging;Otimizado_33Features;classifier;classifier;classifier;N/A;N/A;N/A;2000;100;57;7600;96,6486;2,1665;100,0000;0,0000;93,6000;4,0792;0;0;2;2
20260611_1518;Generalização_25;classification;LeveragingBagging;Otimizado_33Features;classifier;classifier;classifier;N/A;N/A;N/A;2000;100;58;7700;0,0000;0,0000;0,0000;0,0000;0,0000;0,0000;0;0;0;0
20260611_1518;Generalização_25;classification;LeveragingBagging;Otimizado_33Features;classifier;classifier;classifier;N/A;N/A;N/A;2000;100;59;7800;0,0000;0,0000;0,0000;0,0000;0,0000;0,0000;0;0;0;0
20260611_1518;Generalização_25;classification;LeveragingBagging;Otimizado_33Features;classifier;classifier;classifier;N/A;N/A;N/A;2000;100;60;7900;0,0000;0,0000;0,0000;0,0000;0,0000;0,0000;0;0;0;0
20260611_1518;Generalização_25;classification;LeveragingBagging;Otimizado_33Features;classifier;classifier;classifier;N/A;N/A;N/A;2000;100;61;8000;0,0000;0,0000;0,0000;0,0000;0,0000;0,0000;0;0;0;0
20260611_1518;Generalização_25;classification;LeveragingBagging;Otimizado_33Features;classifier;classifier;classifier;N/A;N/A;N/A;2000;100;62;8100;0,0000;0,0000;0,0000;0,0000;0,0000;0,0000;0;0;0;0
20260611_1518;Generalização_25;classification;LeveragingBagging;Otimizado_33Features;classifier;classifier;classifier;N/A;N/A;N/A;2000;100;63;8200;0,0000;0,0000;0,0000;0,0000;0,0000;0,0000;0;0;0;0
20260611_1518;Generalização_25;classification;LeveragingBagging;Otimizado_33Features;classifier;classifier;classifier;N/A;N/A;N/A;2000;100;64;8300;0,0000;0,0000;0,0000;0,0000;0,0000;0,0000;0;0;0;0
20260611_1518;Generalização_25;classification;LeveragingBagging;Otimizado_33Features;classifier;classifier;classifier;N/A;N/A;N/A;2000;100;65;8400;0,0000;0,0000;0,0000;0,0000;0,0000;0,0000;0;0;0;0
20260611_1518;Generalização_25;classification;LeveragingBagging;Otimizado_33Features;classifier;classifier;classifier;N/A;N/A;N/A;2000;100;66;8500;0,0000;0,0000;0,0000;0,0000;0,0000;0,0000;0;0;0;0
20260611_1518;Generalização_25;classification;LeveragingBagging;Otimizado_33Features;classifier;classifier;classifier;N/A;N/A;N/A;2000;100;67;8600;0,0000;0,0000;0,0000;0,0000;0,0000;0,0000;0;0;0;0
20260611_1518;Generalização_25;classification;LeveragingBagging;Otimizado_33Features;classifier;classifier;classifier;N/A;N/A;N/A;2000;100;68;8700;0,0000;0,0000;0,0000;0,0000;0,0000;0,0000;0;0;0;0
20260611_1518;Generalização_25;classification;LeveragingBagging;Otimizado_33Features;classifier;classifier;classifier;N/A;N/A;N/A;2000;100;69;8800;0,0000;0,0000;0,0000;0,0000;0,0000;0,0000;0;0;0;0
20260611_1518;Generalização_25;classification;LeveragingBagging;Otimizado_33Features;classifier;classifier;classifier;N/A;N/A;N/A;2000;100;70;8900;0,0000;0,0000;0,0000;0,0000;0,0000;0,0000;0;0;0;0
20260611_1518;Generalização_25;classification;LeveragingBagging;Otimizado_33Features;classifier;classifier;classifier;N/A;N/A;N/A;2000;100;71;9000;0,0000;0,0000;0,0000;0,0000;0,0000;0,0000;0;0;0;0
20260611_1518;Generalização_25;classification;LeveragingBagging;Otimizado_33Features;classifier;classifier;classifier;N/A;N/A;N/A;2000;100;72;9100;0,0000;0,0000;0,0000;0,0000;0,0000;0,0000;0;0;0;0
20260611_1518;Generalização_25;classification;LeveragingBagging;Otimizado_33Features;classifier;classifier;classifier;N/A;N/A;N/A;2000;100;73;9200;0,0000;0,0000;0,0000;0,0000;0,0000;0,0000;0;0;0;0
20260611_1518;Generalização_25;classification;LeveragingBagging;Otimizado_33Features;classifier;classifier;classifier;N/A;N/A;N/A;2000;100;74;9300;0,0000;0,0000;0,0000;0,0000;0,0000;0,0000;0;0;0;0
20260611_1518;Generalização_25;classification;LeveragingBagging;Otimizado_33Features;classifier;classifier;classifier;N/A;N/A;N/A;2000;100;75;9400;0,0000;0,0000;0,0000;0,0000;0,0000;0,0000;0;0;0;0
20260611_1518;Generalização_25;classification;LeveragingBagging;Otimizado_33Features;classifier;classifier;classifier;N/A;N/A;N/A;2000;100;76;9500;0,0000;0,0000;0,0000;0,0000;0,0000;0,0000;0;0;0;0
20260611_1518;Generalização_25;classification;LeveragingBagging;Otimizado_33Features;classifier;classifier;classifier;N/A;N/A;N/A;2000;100;77;9600;0,0000;0,0000;0,0000;0,0000;0,0000;0,0000;0;0;0;0
20260611_1518;Generalização_25;classification;LeveragingBagging;Otimizado_33Features;classifier;classifier;classifier;N/A;N/A;N/A;2000;100;78;9700;0,0000;0,0000;0,0000;0,0000;0,0000;0,0000;0;0;0;0
20260611_1518;Generalização_25;classification;LeveragingBagging;Otimizado_33Features;classifier;classifier;classifier;N/A;N/A;N/A;2000;100;79;9800;0,0000;0,0000;0,0000;0,0000;0,0000;0,0000;0;0;0;0
20260611_1518;Generalização_25;classification;LeveragingBagging;Otimizado_33Features;classifier;classifier;classifier;N/A;N/A;N/A;2000;100;80;9900;0,0000;0,0000;0,0000;0,0000;0,0000;0,0000;0;0;0;0
20260611_1518;Generalização_25;classification;LeveragingBagging;Otimizado_33Features;classifier;classifier;classifier;N/A;N/A;N/A;2000;100;81;10000;0,0000;0,0000;0,0000;0,0000;0,0000;0,0000;0;0;0;0
20260611_1518;Generalização_25;classification;LeveragingBagging;Otimizado_33Features;classifier;classifier;classifier;N/A;N/A;N/A;2000;100;82;10100;0,0000;0,0000;0,0000;0,0000;0,0000;0,0000;0;0;0;0
20260611_1518;Generalização_25;classification;LeveragingBagging;Otimizado_33Features;classifier;classifier;classifier;N/A;N/A;N/A;2000;100;83;10200;0,0000;0,0000;0,0000;0,0000;0,0000;0,0000;0;0;0;0
20260611_1518;Generalização_25;classification;LeveragingBagging;Otimizado_33Features;classifier;classifier;classifier;N/A;N/A;N/A;2000;100;84;10300;0,0000;0,0000;0,0000;0,0000;0,0000;0,0000;0;0;0;0
20260611_1518;Generalização_25;classification;LeveragingBagging;Otimizado_33Features;classifier;classifier;classifier;N/A;N/A;N/A;2000;100;85;10400;0,0000;0,0000;0,0000;0,0000;0,0000;0,0000;0;0;0;0
20260611_1518;Generalização_25;classification;LeveragingBagging;Otimizado_33Features;classifier;classifier;classifier;N/A;N/A;N/A;2000;100;86;10500;0,0000;0,0000;0,0000;0,0000;0,0000;0,0000;0;0;0;0
20260611_1518;Generalização_25;classification;LeveragingBagging;Otimizado_33Features;classifier;classifier;classifier;N/A;N/A;N/A;2000;100;87;10600;0,0000;0,0000;0,0000;0,0000;0,0000;0,0000;0;0;0;0
20260611_1518;Generalização_25;classification;LeveragingBagging;Otimizado_33Features;classifier;classifier;classifier;N/A;N/A;N/A;2000;100;88;10700;0,0000;0,0000;0,0000;0,0000;0,0000;0,0000;0;0;0;0
20260611_1518;Generalização_25;classification;LeveragingBagging;Otimizado_33Features;classifier;classifier;classifier;N/A;N/A;N/A;2000;100;89;10800;0,0000;0,0000;0,0000;0,0000;0,0000;0,0000;0;0;0;0
20260611_1518;Generalização_25;classification;LeveragingBagging;Otimizado_33Features;classifier;classifier;classifier;N/A;N/A;N/A;2000;100;90;10900;0,0000;0,0000;0,0000;0,0000;0,0000;0,0000;0;0;0;0
20260611_1518;Generalização_25;classification;LeveragingBagging;Otimizado_33Features;classifier;classifier;classifier;N/A;N/A;N/A;2000;100;91;11000;0,0000;0,0000;0,0000;0,0000;0,0000;0,0000;0;0;0;0
20260611_1518;Generalização_25;classification;LeveragingBagging;Otimizado_33Features;classifier;classifier;classifier;N/A;N/A;N/A;2000;100;92;11100;0,0000;0,0000;0,0000;0,0000;0,0000;0,0000;0;0;0;0
20260611_1518;Generalização_25;classification;LeveragingBagging;Otimizado_33Features;classifier;classifier;classifier;N/A;N/A;N/A;2000;100;93;11200;0,0000;0,0000;0,0000;0,0000;0,0000;0,0000;0;0;0;0
20260611_1518;Generalização_25;classification;LeveragingBagging;Otimizado_33Features;classifier;classifier;classifier;N/A;N/A;N/A;2000;100;94;11300;100,0000;0,0000;100,0000;0,0000;100,0000;0,0000;0;0;0;0
20260611_1518;Generalização_25;classification;LeveragingBagging;Otimizado_33Features;classifier;classifier;classifier;N/A;N/A;N/A;2000;100;95;11400;97,6744;0,0000;100,0000;0,0000;95,4545;0,0000;0;0;1;0
20260611_1518;Generalização_25;classification;LeveragingBagging;Otimizado_33Features;classifier;classifier;classifier;N/A;N/A;N/A;2000;100;96;11500;0,0000;0,0000;0,0000;0,0000;0,0000;0,0000;0;0;0;0
20260611_1518;Generalização_25;classification;LeveragingBagging;Otimizado_33Features;classifier;classifier;classifier;N/A;N/A;N/A;2000;100;97;11600;0,0000;0,0000;0,0000;0,0000;0,0000;0,0000;0;0;0;0
20260611_1518;Generalização_25;classification;LeveragingBagging;Otimizado_33Features;classifier;classifier;classifier;N/A;N/A;N/A;2000;100;98;11700;0,0000;0,0000;0,0000;0,0000;0,0000;0,0000;0;0;0;0
20260611_1518;Generalização_25;classification;LeveragingBagging;Otimizado_33Features;classifier;classifier;classifier;N/A;N/A;N/A;2000;100;99;11800;0,0000;0,0000;0,0000;0,0000;0,0000;0,0000;0;0;0;0
20260611_1518;Generalização_25;classification;LeveragingBagging;Otimizado_33Features;classifier;classifier;classifier;N/A;N/A;N/A;2000;100;100;11900;0,0000;0,0000;0,0000;0,0000;0,0000;0,0000;0;0;0;0
20260611_1518;Generalização_25;classification;LeveragingBagging;Otimizado_33Features;classifier;classifier;classifier;N/A;N/A;N/A;2000;100;101;12000;0,0000;0,0000;0,0000;0,0000;0,0000;0,0000;0;0;0;0
20260611_1518;Generalização_25;classification;LeveragingBagging;Otimizado_33Features;classifier;classifier;classifier;N/A;N/A;N/A;2000;100;102;12100;0,0000;0,0000;0,0000;0,0000;0,0000;0,0000;0;0;0;0
20260611_1518;Generalização_25;classification;LeveragingBagging;Otimizado_33Features;classifier;classifier;classifier;N/A;N/A;N/A;2000;100;103;12200;0,0000;0,0000;0,0000;0,0000;0,0000;0,0000;0;0;0;0
20260611_1518;Generalização_25;classification;LeveragingBagging;Otimizado_33Features;classifier;classifier;classifier;N/A;N/A;N/A;2000;100;104;12300;0,0000;0,0000;0,0000;0,0000;0,0000;0,0000;0;0;0;0
20260611_1518;Generalização_25;classification;LeveragingBagging;Otimizado_33Features;classifier;classifier;classifier;N/A;N/A;N/A;2000;100;105;12400;0,0000;0,0000;0,0000;0,0000;0,0000;0,0000;0;0;0;0
20260611_1518;Generalização_25;classification;LeveragingBagging;Otimizado_33Features;classifier;classifier;classifier;N/A;N/A;N/A;2000;100;106;12500;0,0000;0,0000;0,0000;0,0000;0,0000;0,0000;0;0;0;0
20260611_1518;Generalização_25;classification;LeveragingBagging;Otimizado_33Features;classifier;classifier;classifier;N/A;N/A;N/A;2000;100;107;12600;0,0000;0,0000;0,0000;0,0000;0,0000;0,0000;0;0;0;0
20260611_1518;Generalização_25;classification;LeveragingBagging;Otimizado_33Features;classifier;classifier;classifier;N/A;N/A;N/A;2000;100;108;12700;0,0000;0,0000;0,0000;0,0000;0,0000;0,0000;0;0;0;0
20260611_1518;Generalização_25;classification;LeveragingBagging;Otimizado_33Features;classifier;classifier;classifier;N/A;N/A;N/A;2000;100;109;12800;0,0000;0,0000;0,0000;0,0000;0,0000;0,0000;0;0;0;0
20260611_1518;Generalização_25;classification;LeveragingBagging;Otimizado_33Features;classifier;classifier;classifier;N/A;N/A;N/A;2000;100;110;12900;0,0000;0,0000;0,0000;0,0000;0,0000;0,0000;0;0;0;0
20260611_1518;Generalização_25;classification;LeveragingBagging;Otimizado_33Features;classifier;classifier;classifier;N/A;N/A;N/A;2000;100;111;13000;0,0000;0,0000;0,0000;0,0000;0,0000;0,0000;0;0;0;0
20260611_1518;Generalização_25;classification;LeveragingBagging;Otimizado_33Features;classifier;classifier;classifier;N/A;N/A;N/A;2000;100;112;13100;0,0000;0,0000;0,0000;0,0000;0,0000;0,0000;0;0;0;0
20260611_1518;Generalização_25;classification;LeveragingBagging;Otimizado_33Features;classifier;classifier;classifier;N/A;N/A;N/A;2000;100;113;13200;0,0000;0,0000;0,0000;0,0000;0,0000;0,0000;0;0;0;0
20260611_1518;Generalização_25;classification;LeveragingBagging;Otimizado_33Features;classifier;classifier;classifier;N/A;N/A;N/A;2000;100;114;13300;0,0000;0,0000;0,0000;0,0000;0,0000;0,0000;0;0;0;0
20260611_1518;Generalização_25;classification;LeveragingBagging;Otimizado_33Features;classifier;classifier;classifier;N/A;N/A;N/A;2000;100;115;13400;0,0000;0,0000;0,0000;0,0000;0,0000;0,0000;0;0;0;0
20260611_1518;Generalização_25;classification;LeveragingBagging;Otimizado_33Features;classifier;classifier;classifier;N/A;N/A;N/A;2000;100;116;13500;0,0000;0,0000;0,0000;0,0000;0,0000;0,0000;0;0;0;0
20260611_1518;Generalização_25;classification;LeveragingBagging;Otimizado_33Features;classifier;classifier;classifier;N/A;N/A;N/A;2000;100;117;13600;0,0000;0,0000;0,0000;0,0000;0,0000;0,0000;0;0;0;0
20260611_1518;Generalização_25;classification;LeveragingBagging;Otimizado_33Features;classifier;classifier;classifier;N/A;N/A;N/A;2000;100;118;13700;0,0000;0,0000;0,0000;0,0000;0,0000;0,0000;0;0;0;0
20260611_1518;Generalização_25;classification;LeveragingBagging;Otimizado_33Features;classifier;classifier;classifier;N/A;N/A;N/A;2000;100;119;13800;0,0000;0,0000;0,0000;0,0000;0,0000;0,0000;0;0;0;0
20260611_1518;Generalização_25;classification;LeveragingBagging;Otimizado_33Features;classifier;classifier;classifier;N/A;N/A;N/A;2000;100;120;13900;0,0000;0,0000;0,0000;0,0000;0,0000;0,0000;0;0;0;0
20260611_1518;Generalização_25;classification;LeveragingBagging;Otimizado_33Features;classifier;classifier;classifier;N/A;N/A;N/A;2000;100;121;14000;0,0000;0,0000;0,0000;0,0000;0,0000;0,0000;0;0;0;0
20260611_1518;Generalização_25;classification;LeveragingBagging;Otimizado_33Features;classifier;classifier;classifier;N/A;N/A;N/A;2000;100;122;14100;0,0000;0,0000;0,0000;0,0000;0,0000;0,0000;0;0;0;0
20260611_1518;Generalização_25;classification;LeveragingBagging;Otimizado_33Features;classifier;classifier;classifier;N/A;N/A;N/A;2000;100;123;14200;0,0000;0,0000;0,0000;0,0000;0,0000;0,0000;0;0;0;0
20260611_1518;Generalização_25;classification;LeveragingBagging;Otimizado_33Features;classifier;classifier;classifier;N/A;N/A;N/A;2000;100;124;14300;0,0000;0,0000;0,0000;0,0000;0,0000;0,0000;0;0;0;0
20260611_1518;Generalização_25;classification;LeveragingBagging;Otimizado_33Features;classifier;classifier;classifier;N/A;N/A;N/A;2000;100;125;14400;0,0000;0,0000;0,0000;0,0000;0,0000;0,0000;0;0;0;0
20260611_1518;Generalização_25;classification;LeveragingBagging;Otimizado_33Features;classifier;classifier;classifier;N/A;N/A;N/A;2000;100;126;14500;0,0000;0,0000;0,0000;0,0000;0,0000;0,0000;0;0;0;0
20260611_1518;Generalização_25;classification;LeveragingBagging;Otimizado_33Features;classifier;classifier;classifier;N/A;N/A;N/A;2000;100;127;14600;0,0000;0,0000;0,0000;0,0000;0,0000;0,0000;0;0;0;0
20260611_1518;Generalização_25;classification;LeveragingBagging;Otimizado_33Features;classifier;classifier;classifier;N/A;N/A;N/A;2000;100;128;14700;0,0000;0,0000;0,0000;0,0000;0,0000;0,0000;0;0;0;0
20260611_1518;Generalização_25;classification;LeveragingBagging;Otimizado_33Features;classifier;classifier;classifier;N/A;N/A;N/A;2000;100;129;14800;0,0000;0,0000;0,0000;0,0000;0,0000;0,0000;0;0;0;0
20260611_1518;Generalização_25;classification;LeveragingBagging;Otimizado_33Features;classifier;classifier;classifier;N/A;N/A;N/A;2000;100;130;14900;0,0000;0,0000;0,0000;0,0000;0,0000;0,0000;0;0;0;0
20260611_1518;Generalização_25;classification;LeveragingBagging;Otimizado_33Features;classifier;classifier;classifier;N/A;N/A;N/A;2000;100;131;15000;0,0000;0,0000;0,0000;0,0000;0,0000;0,0000;0;0;0;0
20260611_1518;Generalização_200;classification;LeveragingBagging;Otimizado_33Features;classifier;classifier;classifier;N/A;N/A;N/A;2000;100;1;2000;0,0000;0,0000;0,0000;0,0000;0,0000;0,0000;0;0;0;0
20260611_1518;Generalização_200;classification;LeveragingBagging;Otimizado_33Features;classifier;classifier;classifier;N/A;N/A;N/A;2000;100;2;2100;0,0000;0,0000;0,0000;0,0000;0,0000;0,0000;0;0;0;0
20260611_1518;Generalização_200;classification;LeveragingBagging;Otimizado_33Features;classifier;classifier;classifier;N/A;N/A;N/A;2000;100;3;2200;0,0000;0,0000;0,0000;0,0000;0,0000;0,0000;0;0;0;0
20260611_1518;Generalização_200;classification;LeveragingBagging;Otimizado_33Features;classifier;classifier;classifier;N/A;N/A;N/A;2000;100;4;2300;0,0000;0,0000;0,0000;0,0000;0,0000;0,0000;0;0;0;0
20260611_1518;Generalização_200;classification;LeveragingBagging;Otimizado_33Features;classifier;classifier;classifier;N/A;N/A;N/A;2000;100;5;2400;0,0000;0,0000;0,0000;0,0000;0,0000;0,0000;0;0;0;0
20260611_1518;Generalização_200;classification;LeveragingBagging;Otimizado_33Features;classifier;classifier;classifier;N/A;N/A;N/A;2000;100;6;2500;0,0000;0,0000;0,0000;0,0000;0,0000;0,0000;0;0;0;0
20260611_1518;Generalização_200;classification;LeveragingBagging;Otimizado_33Features;classifier;classifier;classifier;N/A;N/A;N/A;2000;100;7;2600;0,0000;0,0000;0,0000;0,0000;0,0000;0,0000;0;0;0;0
20260611_1518;Generalização_200;classification;LeveragingBagging;Otimizado_33Features;classifier;classifier;classifier;N/A;N/A;N/A;2000;100;8;2700;0,0000;0,0000;0,0000;0,0000;0,0000;0,0000;0;0;0;0
20260611_1518;Generalização_200;classification;LeveragingBagging;Otimizado_33Features;classifier;classifier;classifier;N/A;N/A;N/A;2000;100;9;2800;0,0000;0,0000;0,0000;0,0000;0,0000;0,0000;0;0;0;0
20260611_1518;Generalização_200;classification;LeveragingBagging;Otimizado_33Features;classifier;classifier;classifier;N/A;N/A;N/A;2000;100;10;2900;0,0000;0,0000;0,0000;0,0000;0,0000;0,0000;0;0;0;0
20260611_1518;Generalização_200;classification;LeveragingBagging;Otimizado_33Features;classifier;classifier;classifier;N/A;N/A;N/A;2000;100;11;3000;0,0000;0,0000;0,0000;0,0000;0,0000;0,0000;0;0;0;0
20260611_1518;Generalização_200;classification;LeveragingBagging;Otimizado_33Features;classifier;classifier;classifier;N/A;N/A;N/A;2000;100;12;3100;0,0000;0,0000;0,0000;0,0000;0,0000;0,0000;0;0;0;0
20260611_1518;Generalização_200;classification;LeveragingBagging;Otimizado_33Features;classifier;classifier;classifier;N/A;N/A;N/A;2000;100;13;3200;0,0000;0,0000;0,0000;0,0000;0,0000;0,0000;0;0;0;0
20260611_1518;Generalização_200;classification;LeveragingBagging;Otimizado_33Features;classifier;classifier;classifier;N/A;N/A;N/A;2000;100;14;3300;0,0000;0,0000;0,0000;0,0000;0,0000;0,0000;0;0;0;0
20260611_1518;Generalização_200;classification;LeveragingBagging;Otimizado_33Features;classifier;classifier;classifier;N/A;N/A;N/A;2000;100;15;3400;0,0000;0,0000;0,0000;0,0000;0,0000;0,0000;0;0;0;0
20260611_1518;Generalização_200;classification;LeveragingBagging;Otimizado_33Features;classifier;classifier;classifier;N/A;N/A;N/A;2000;100;16;3500;0,0000;0,0000;0,0000;0,0000;0,0000;0,0000;0;0;0;0
20260611_1518;Generalização_200;classification;LeveragingBagging;Otimizado_33Features;classifier;classifier;classifier;N/A;N/A;N/A;2000;100;17;3600;0,0000;0,0000;0,0000;0,0000;0,0000;0,0000;0;0;0;0
20260611_1518;Generalização_200;classification;LeveragingBagging;Otimizado_33Features;classifier;classifier;classifier;N/A;N/A;N/A;2000;100;18;3700;0,0000;0,0000;0,0000;0,0000;0,0000;0,0000;0;0;0;0
20260611_1518;Generalização_200;classification;LeveragingBagging;Otimizado_33Features;classifier;classifier;classifier;N/A;N/A;N/A;2000;100;19;3800;95,5205;0,4484;100,0000;0,0000;91,4286;0,8163;0;0;5;1
20260611_1518;Generalização_200;classification;LeveragingBagging;Otimizado_33Features;classifier;classifier;classifier;N/A;N/A;N/A;2000;100;20;3900;98,6366;0,4656;97,7898;0,4880;99,5000;0,6124;2;1;1;1
20260611_1518;Generalização_200;classification;LeveragingBagging;Otimizado_33Features;classifier;classifier;classifier;N/A;N/A;N/A;2000;100;21;4000;97,7488;0,4208;95,9837;0,0327;99,5833;0,8333;2;0;1;1
20260611_1518;Generalização_200;classification;LeveragingBagging;Otimizado_33Features;classifier;classifier;classifier;N/A;N/A;N/A;2000;100;22;4100;0,0000;0,0000;0,0000;0,0000;0,0000;0,0000;0;0;0;0
20260611_1518;Generalização_200;classification;LeveragingBagging;Otimizado_33Features;classifier;classifier;classifier;N/A;N/A;N/A;2000;100;23;4200;0,0000;0,0000;0,0000;0,0000;0,0000;0,0000;1;0;0;0
20260611_1518;Generalização_200;classification;LeveragingBagging;Otimizado_33Features;classifier;classifier;classifier;N/A;N/A;N/A;2000;100;24;4300;0,0000;0,0000;0,0000;0,0000;0,0000;0,0000;0;0;0;0
20260611_1518;Generalização_200;classification;LeveragingBagging;Otimizado_33Features;classifier;classifier;classifier;N/A;N/A;N/A;2000;100;25;4400;0,0000;0,0000;0,0000;0,0000;0,0000;0,0000;0;0;0;0
20260611_1518;Generalização_200;classification;LeveragingBagging;Otimizado_33Features;classifier;classifier;classifier;N/A;N/A;N/A;2000;100;26;4500;0,0000;0,0000;0,0000;0,0000;0,0000;0,0000;0;0;0;0
20260611_1518;Generalização_200;classification;LeveragingBagging;Otimizado_33Features;classifier;classifier;classifier;N/A;N/A;N/A;2000;100;27;4600;0,0000;0,0000;0,0000;0,0000;0,0000;0,0000;0;0;0;0
20260611_1518;Generalização_200;classification;LeveragingBagging;Otimizado_33Features;classifier;classifier;classifier;N/A;N/A;N/A;2000;100;28;4700;0,0000;0,0000;0,0000;0,0000;0,0000;0,0000;0;0;0;0
20260611_1518;Generalização_200;classification;LeveragingBagging;Otimizado_33Features;classifier;classifier;classifier;N/A;N/A;N/A;2000;100;29;4800;0,0000;0,0000;0,0000;0,0000;0,0000;0,0000;1;1;0;0
20260611_1518;Generalização_200;classification;LeveragingBagging;Otimizado_33Features;classifier;classifier;classifier;N/A;N/A;N/A;2000;100;30;4900;0,0000;0,0000;0,0000;0,0000;0,0000;0,0000;0;0;0;0
20260611_1518;Generalização_200;classification;LeveragingBagging;Otimizado_33Features;classifier;classifier;classifier;N/A;N/A;N/A;2000;100;31;5000;0,0000;0,0000;0,0000;0,0000;0,0000;0,0000;0;0;0;0
20260611_1518;Generalização_200;classification;LeveragingBagging;Otimizado_33Features;classifier;classifier;classifier;N/A;N/A;N/A;2000;100;32;5100;0,0000;0,0000;0,0000;0,0000;0,0000;0,0000;1;1;0;0
20260611_1518;Generalização_200;classification;LeveragingBagging;Otimizado_33Features;classifier;classifier;classifier;N/A;N/A;N/A;2000;100;33;5200;0,0000;0,0000;0,0000;0,0000;0,0000;0,0000;0;0;0;0
20260611_1518;Generalização_200;classification;LeveragingBagging;Otimizado_33Features;classifier;classifier;classifier;N/A;N/A;N/A;2000;100;34;5300;0,0000;0,0000;0,0000;0,0000;0,0000;0,0000;0;0;0;0
20260611_1518;Generalização_200;classification;LeveragingBagging;Otimizado_33Features;classifier;classifier;classifier;N/A;N/A;N/A;2000;100;35;5400;0,0000;0,0000;0,0000;0,0000;0,0000;0,0000;0;0;0;0
20260611_1518;Generalização_200;classification;LeveragingBagging;Otimizado_33Features;classifier;classifier;classifier;N/A;N/A;N/A;2000;100;36;5500;0,0000;0,0000;0,0000;0,0000;0,0000;0,0000;0;0;0;0
20260611_1518;Generalização_200;classification;LeveragingBagging;Otimizado_33Features;classifier;classifier;classifier;N/A;N/A;N/A;2000;100;37;5600;0,0000;0,0000;0,0000;0,0000;0,0000;0,0000;0;0;0;0
20260611_1518;Generalização_200;classification;LeveragingBagging;Otimizado_33Features;classifier;classifier;classifier;N/A;N/A;N/A;2000;100;38;5700;0,0000;0,0000;0,0000;0,0000;0,0000;0,0000;0;0;0;0
20260611_1518;Generalização_200;classification;LeveragingBagging;Otimizado_33Features;classifier;classifier;classifier;N/A;N/A;N/A;2000;100;39;5800;0,0000;0,0000;0,0000;0,0000;0,0000;0,0000;0;0;0;0
20260611_1518;Generalização_200;classification;LeveragingBagging;Otimizado_33Features;classifier;classifier;classifier;N/A;N/A;N/A;2000;100;40;5900;0,0000;0,0000;0,0000;0,0000;0,0000;0,0000;0;0;0;0
20260611_1518;Generalização_200;classification;LeveragingBagging;Otimizado_33Features;classifier;classifier;classifier;N/A;N/A;N/A;2000;100;41;6000;0,0000;0,0000;0,0000;0,0000;0,0000;0,0000;0;0;0;0
20260611_1518;Generalização_200;classification;LeveragingBagging;Otimizado_33Features;classifier;classifier;classifier;N/A;N/A;N/A;2000;100;42;6100;0,0000;0,0000;0,0000;0,0000;0,0000;0,0000;0;0;0;0
20260611_1518;Generalização_200;classification;LeveragingBagging;Otimizado_33Features;classifier;classifier;classifier;N/A;N/A;N/A;2000;100;43;6200;0,0000;0,0000;0,0000;0,0000;0,0000;0,0000;0;0;0;0
20260611_1518;Generalização_200;classification;LeveragingBagging;Otimizado_33Features;classifier;classifier;classifier;N/A;N/A;N/A;2000;100;44;6300;0,0000;0,0000;0,0000;0,0000;0,0000;0,0000;0;0;0;0
20260611_1518;Generalização_200;classification;LeveragingBagging;Otimizado_33Features;classifier;classifier;classifier;N/A;N/A;N/A;2000;100;45;6400;0,0000;0,0000;0,0000;0,0000;0,0000;0,0000;0;0;0;0
20260611_1518;Generalização_200;classification;LeveragingBagging;Otimizado_33Features;classifier;classifier;classifier;N/A;N/A;N/A;2000;100;46;6500;0,0000;0,0000;0,0000;0,0000;0,0000;0,0000;0;0;0;0
20260611_1518;Generalização_200;classification;LeveragingBagging;Otimizado_33Features;classifier;classifier;classifier;N/A;N/A;N/A;2000;100;47;6600;0,0000;0,0000;0,0000;0,0000;0,0000;0,0000;0;0;0;0
20260611_1518;Generalização_200;classification;LeveragingBagging;Otimizado_33Features;classifier;classifier;classifier;N/A;N/A;N/A;2000;100;48;6700;0,0000;0,0000;0,0000;0,0000;0,0000;0,0000;0;0;0;0
20260611_1518;Generalização_200;classification;LeveragingBagging;Otimizado_33Features;classifier;classifier;classifier;N/A;N/A;N/A;2000;100;49;6800;0,0000;0,0000;0,0000;0,0000;0,0000;0,0000;0;0;0;0
20260611_1518;Generalização_200;classification;LeveragingBagging;Otimizado_33Features;classifier;classifier;classifier;N/A;N/A;N/A;2000;100;50;6900;0,0000;0,0000;0,0000;0,0000;0,0000;0,0000;0;0;0;0
20260611_1518;Generalização_200;classification;LeveragingBagging;Otimizado_33Features;classifier;classifier;classifier;N/A;N/A;N/A;2000;100;51;7000;0,0000;0,0000;0,0000;0,0000;0,0000;0,0000;0;0;0;0
20260611_1518;Generalização_200;classification;LeveragingBagging;Otimizado_33Features;classifier;classifier;classifier;N/A;N/A;N/A;2000;100;52;7100;0,0000;0,0000;0,0000;0,0000;0,0000;0,0000;0;0;0;0
20260611_1518;Generalização_200;classification;LeveragingBagging;Otimizado_33Features;classifier;classifier;classifier;N/A;N/A;N/A;2000;100;53;7200;0,0000;0,0000;0,0000;0,0000;0,0000;0,0000;0;0;0;0
20260611_1518;Generalização_200;classification;LeveragingBagging;Otimizado_33Features;classifier;classifier;classifier;N/A;N/A;N/A;2000;100;54;7300;0,0000;0,0000;0,0000;0,0000;0,0000;0,0000;0;0;0;0
20260611_1518;Generalização_200;classification;LeveragingBagging;Otimizado_33Features;classifier;classifier;classifier;N/A;N/A;N/A;2000;100;55;7400;0,0000;0,0000;0,0000;0,0000;0,0000;0,0000;0;0;0;0
20260611_1518;Generalização_200;classification;LeveragingBagging;Otimizado_33Features;classifier;classifier;classifier;N/A;N/A;N/A;2000;100;56;7500;0,0000;0,0000;0,0000;0,0000;0,0000;0,0000;0;0;0;0
20260611_1518;Generalização_200;classification;LeveragingBagging;Otimizado_33Features;classifier;classifier;classifier;N/A;N/A;N/A;2000;100;57;7600;0,0000;0,0000;0,0000;0,0000;0,0000;0,0000;0;0;0;0
20260611_1518;Generalização_200;classification;LeveragingBagging;Otimizado_33Features;classifier;classifier;classifier;N/A;N/A;N/A;2000;100;58;7700;20,0000;40,0000;20,0000;40,0000;20,0000;40,0000;0;0;1;1
20260611_1518;Generalização_200;classification;LeveragingBagging;Otimizado_33Features;classifier;classifier;classifier;N/A;N/A;N/A;2000;100;59;7800;98,7827;0,5231;100,0000;0,0000;97,6000;1,0198;0;0;3;2
20260611_1518;Generalização_200;classification;LeveragingBagging;Otimizado_33Features;classifier;classifier;classifier;N/A;N/A;N/A;2000;100;60;7900;100,0000;0,0000;100,0000;0,0000;100,0000;0,0000;0;0;0;0
20260611_1518;Generalização_200;classification;LeveragingBagging;Otimizado_33Features;classifier;classifier;classifier;N/A;N/A;N/A;2000;100;61;8000;0,0000;0,0000;0,0000;0,0000;0,0000;0,0000;0;0;0;0
20260611_1518;Generalização_200;classification;LeveragingBagging;Otimizado_33Features;classifier;classifier;classifier;N/A;N/A;N/A;2000;100;62;8100;0,0000;0,0000;0,0000;0,0000;0,0000;0,0000;0;0;0;0
20260611_1518;Generalização_200;classification;LeveragingBagging;Otimizado_33Features;classifier;classifier;classifier;N/A;N/A;N/A;2000;100;63;8200;0,0000;0,0000;0,0000;0,0000;0,0000;0,0000;0;0;0;0
20260611_1518;Generalização_200;classification;LeveragingBagging;Otimizado_33Features;classifier;classifier;classifier;N/A;N/A;N/A;2000;100;64;8300;0,0000;0,0000;0,0000;0,0000;0,0000;0,0000;0;0;0;0
20260611_1518;Generalização_200;classification;LeveragingBagging;Otimizado_33Features;classifier;classifier;classifier;N/A;N/A;N/A;2000;100;65;8400;0,0000;0,0000;0,0000;0,0000;0,0000;0,0000;0;0;0;0
20260611_1518;Generalização_200;classification;LeveragingBagging;Otimizado_33Features;classifier;classifier;classifier;N/A;N/A;N/A;2000;100;66;8500;0,0000;0,0000;0,0000;0,0000;0,0000;0,0000;0;0;0;0
20260611_1518;Generalização_200;classification;LeveragingBagging;Otimizado_33Features;classifier;classifier;classifier;N/A;N/A;N/A;2000;100;67;8600;0,0000;0,0000;0,0000;0,0000;0,0000;0,0000;0;0;0;0
20260611_1518;Generalização_200;classification;LeveragingBagging;Otimizado_33Features;classifier;classifier;classifier;N/A;N/A;N/A;2000;100;68;8700;0,0000;0,0000;0,0000;0,0000;0,0000;0,0000;0;0;0;0
20260611_1518;Generalização_200;classification;LeveragingBagging;Otimizado_33Features;classifier;classifier;classifier;N/A;N/A;N/A;2000;100;69;8800;0,0000;0,0000;0,0000;0,0000;0,0000;0,0000;0;0;0;0
20260611_1518;Generalização_200;classification;LeveragingBagging;Otimizado_33Features;classifier;classifier;classifier;N/A;N/A;N/A;2000;100;70;8900;0,0000;0,0000;0,0000;0,0000;0,0000;0,0000;0;0;0;0
20260611_1518;Generalização_200;classification;LeveragingBagging;Otimizado_33Features;classifier;classifier;classifier;N/A;N/A;N/A;2000;100;71;9000;0,0000;0,0000;0,0000;0,0000;0,0000;0,0000;0;0;0;0
20260611_1518;Generalização_200;classification;LeveragingBagging;Otimizado_33Features;classifier;classifier;classifier;N/A;N/A;N/A;2000;100;72;9100;0,0000;0,0000;0,0000;0,0000;0,0000;0,0000;0;0;0;0
20260611_1518;Generalização_200;classification;LeveragingBagging;Otimizado_33Features;classifier;classifier;classifier;N/A;N/A;N/A;2000;100;73;9200;0,0000;0,0000;0,0000;0,0000;0,0000;0,0000;0;0;0;0
20260611_1518;Generalização_200;classification;LeveragingBagging;Otimizado_33Features;classifier;classifier;classifier;N/A;N/A;N/A;2000;100;74;9300;0,0000;0,0000;0,0000;0,0000;0,0000;0,0000;0;0;0;0
20260611_1518;Generalização_200;classification;LeveragingBagging;Otimizado_33Features;classifier;classifier;classifier;N/A;N/A;N/A;2000;100;75;9400;0,0000;0,0000;0,0000;0,0000;0,0000;0,0000;0;0;0;0
20260611_1518;Generalização_200;classification;LeveragingBagging;Otimizado_33Features;classifier;classifier;classifier;N/A;N/A;N/A;2000;100;76;9500;0,0000;0,0000;0,0000;0,0000;0,0000;0,0000;0;0;0;0
20260611_1518;Generalização_200;classification;LeveragingBagging;Otimizado_33Features;classifier;classifier;classifier;N/A;N/A;N/A;2000;100;77;9600;0,0000;0,0000;0,0000;0,0000;0,0000;0,0000;0;0;0;0
20260611_1518;Generalização_200;classification;LeveragingBagging;Otimizado_33Features;classifier;classifier;classifier;N/A;N/A;N/A;2000;100;78;9700;0,0000;0,0000;0,0000;0,0000;0,0000;0,0000;0;0;0;0
20260611_1518;Generalização_200;classification;LeveragingBagging;Otimizado_33Features;classifier;classifier;classifier;N/A;N/A;N/A;2000;100;79;9800;0,0000;0,0000;0,0000;0,0000;0,0000;0,0000;0;0;0;0
20260611_1518;Generalização_200;classification;LeveragingBagging;Otimizado_33Features;classifier;classifier;classifier;N/A;N/A;N/A;2000;100;80;9900;0,0000;0,0000;0,0000;0,0000;0,0000;0,0000;0;0;0;0
20260611_1518;Generalização_200;classification;LeveragingBagging;Otimizado_33Features;classifier;classifier;classifier;N/A;N/A;N/A;2000;100;81;10000;0,0000;0,0000;0,0000;0,0000;0,0000;0,0000;0;0;0;0
20260611_1518;Generalização_200;classification;LeveragingBagging;Otimizado_33Features;classifier;classifier;classifier;N/A;N/A;N/A;2000;100;82;10100;0,0000;0,0000;0,0000;0,0000;0,0000;0,0000;0;0;0;0
20260611_1518;Generalização_200;classification;LeveragingBagging;Otimizado_33Features;classifier;classifier;classifier;N/A;N/A;N/A;2000;100;83;10200;0,0000;0,0000;0,0000;0,0000;0,0000;0,0000;0;0;0;0
20260611_1518;Generalização_200;classification;LeveragingBagging;Otimizado_33Features;classifier;classifier;classifier;N/A;N/A;N/A;2000;100;84;10300;0,0000;0,0000;0,0000;0,0000;0,0000;0,0000;0;0;0;0
20260611_1518;Generalização_200;classification;LeveragingBagging;Otimizado_33Features;classifier;classifier;classifier;N/A;N/A;N/A;2000;100;85;10400;0,0000;0,0000;0,0000;0,0000;0,0000;0,0000;0;0;0;0
20260611_1518;Generalização_200;classification;LeveragingBagging;Otimizado_33Features;classifier;classifier;classifier;N/A;N/A;N/A;2000;100;86;10500;0,0000;0,0000;0,0000;0,0000;0,0000;0,0000;0;0;0;0
20260611_1518;Generalização_200;classification;LeveragingBagging;Otimizado_33Features;classifier;classifier;classifier;N/A;N/A;N/A;2000;100;87;10600;0,0000;0,0000;0,0000;0,0000;0,0000;0,0000;0;0;0;0
20260611_1518;Generalização_200;classification;LeveragingBagging;Otimizado_33Features;classifier;classifier;classifier;N/A;N/A;N/A;2000;100;88;10700;0,0000;0,0000;0,0000;0,0000;0,0000;0,0000;0;0;0;0
20260611_1518;Generalização_200;classification;LeveragingBagging;Otimizado_33Features;classifier;classifier;classifier;N/A;N/A;N/A;2000;100;89;10800;0,0000;0,0000;0,0000;0,0000;0,0000;0,0000;0;0;0;0
20260611_1518;Generalização_200;classification;LeveragingBagging;Otimizado_33Features;classifier;classifier;classifier;N/A;N/A;N/A;2000;100;90;10900;0,0000;0,0000;0,0000;0,0000;0,0000;0,0000;0;0;0;0
20260611_1518;Generalização_200;classification;LeveragingBagging;Otimizado_33Features;classifier;classifier;classifier;N/A;N/A;N/A;2000;100;91;11000;0,0000;0,0000;0,0000;0,0000;0,0000;0,0000;0;0;0;0
20260611_1518;Generalização_200;classification;LeveragingBagging;Otimizado_33Features;classifier;classifier;classifier;N/A;N/A;N/A;2000;100;92;11100;0,0000;0,0000;0,0000;0,0000;0,0000;0,0000;0;0;0;0
20260611_1518;Generalização_200;classification;LeveragingBagging;Otimizado_33Features;classifier;classifier;classifier;N/A;N/A;N/A;2000;100;93;11200;0,0000;0,0000;0,0000;0,0000;0,0000;0,0000;0;0;0;0
20260611_1518;Generalização_200;classification;LeveragingBagging;Otimizado_33Features;classifier;classifier;classifier;N/A;N/A;N/A;2000;100;94;11300;0,0000;0,0000;0,0000;0,0000;0,0000;0,0000;0;0;0;0
20260611_1518;Generalização_200;classification;LeveragingBagging;Otimizado_33Features;classifier;classifier;classifier;N/A;N/A;N/A;2000;100;95;11400;0,0000;0,0000;0,0000;0,0000;0,0000;0,0000;0;0;0;0
20260611_1518;Generalização_200;classification;LeveragingBagging;Otimizado_33Features;classifier;classifier;classifier;N/A;N/A;N/A;2000;100;96;11500;0,0000;0,0000;0,0000;0,0000;0,0000;0,0000;0;0;0;0
20260611_1518;Generalização_200;classification;LeveragingBagging;Otimizado_33Features;classifier;classifier;classifier;N/A;N/A;N/A;2000;100;97;11600;0,0000;0,0000;0,0000;0,0000;0,0000;0,0000;0;0;0;0
20260611_1518;Generalização_200;classification;LeveragingBagging;Otimizado_33Features;classifier;classifier;classifier;N/A;N/A;N/A;2000;100;98;11700;96,9072;0,0000;100,0000;0,0000;94,0000;0,0000;0;0;3;0
20260611_1518;Generalização_200;classification;LeveragingBagging;Otimizado_33Features;classifier;classifier;classifier;N/A;N/A;N/A;2000;100;99;11800;100,0000;0,0000;100,0000;0,0000;100,0000;0,0000;0;0;0;0
20260611_1518;Generalização_200;classification;LeveragingBagging;Otimizado_33Features;classifier;classifier;classifier;N/A;N/A;N/A;2000;100;100;11900;98,9691;0,0000;100,0000;0,0000;97,9592;0,0000;0;0;1;0
20260611_1518;Generalização_200;classification;LeveragingBagging;Otimizado_33Features;classifier;classifier;classifier;N/A;N/A;N/A;2000;100;101;12000;0,0000;0,0000;0,0000;0,0000;0,0000;0,0000;0;0;0;0
20260611_1518;Generalização_200;classification;LeveragingBagging;Otimizado_33Features;classifier;classifier;classifier;N/A;N/A;N/A;2000;100;102;12100;0,0000;0,0000;0,0000;0,0000;0,0000;0,0000;0;0;0;0
20260611_1518;Generalização_200;classification;LeveragingBagging;Otimizado_33Features;classifier;classifier;classifier;N/A;N/A;N/A;2000;100;103;12200;0,0000;0,0000;0,0000;0,0000;0,0000;0,0000;0;0;0;0
20260611_1518;Generalização_200;classification;LeveragingBagging;Otimizado_33Features;classifier;classifier;classifier;N/A;N/A;N/A;2000;100;104;12300;0,0000;0,0000;0,0000;0,0000;0,0000;0,0000;0;0;0;0
20260611_1518;Generalização_200;classification;LeveragingBagging;Otimizado_33Features;classifier;classifier;classifier;N/A;N/A;N/A;2000;100;105;12400;0,0000;0,0000;0,0000;0,0000;0,0000;0,0000;0;0;0;0
20260611_1518;Generalização_200;classification;LeveragingBagging;Otimizado_33Features;classifier;classifier;classifier;N/A;N/A;N/A;2000;100;106;12500;0,0000;0,0000;0,0000;0,0000;0,0000;0,0000;0;0;0;0
20260611_1518;Generalização_200;classification;LeveragingBagging;Otimizado_33Features;classifier;classifier;classifier;N/A;N/A;N/A;2000;100;107;12600;0,0000;0,0000;0,0000;0,0000;0,0000;0,0000;0;0;0;0
20260611_1518;Generalização_200;classification;LeveragingBagging;Otimizado_33Features;classifier;classifier;classifier;N/A;N/A;N/A;2000;100;108;12700;0,0000;0,0000;0,0000;0,0000;0,0000;0,0000;0;0;0;0
20260611_1518;Generalização_200;classification;LeveragingBagging;Otimizado_33Features;classifier;classifier;classifier;N/A;N/A;N/A;2000;100;109;12800;0,0000;0,0000;0,0000;0,0000;0,0000;0,0000;0;0;0;0
20260611_1518;Generalização_200;classification;LeveragingBagging;Otimizado_33Features;classifier;classifier;classifier;N/A;N/A;N/A;2000;100;110;12900;0,0000;0,0000;0,0000;0,0000;0,0000;0,0000;0;0;0;0
20260611_1518;Generalização_200;classification;LeveragingBagging;Otimizado_33Features;classifier;classifier;classifier;N/A;N/A;N/A;2000;100;111;13000;0,0000;0,0000;0,0000;0,0000;0,0000;0,0000;0;0;0;0
20260611_1518;Generalização_200;classification;LeveragingBagging;Otimizado_33Features;classifier;classifier;classifier;N/A;N/A;N/A;2000;100;112;13100;0,0000;0,0000;0,0000;0,0000;0,0000;0,0000;0;0;0;0
20260611_1518;Generalização_200;classification;LeveragingBagging;Otimizado_33Features;classifier;classifier;classifier;N/A;N/A;N/A;2000;100;113;13200;0,0000;0,0000;0,0000;0,0000;0,0000;0,0000;0;0;0;0
20260611_1518;Generalização_200;classification;LeveragingBagging;Otimizado_33Features;classifier;classifier;classifier;N/A;N/A;N/A;2000;100;114;13300;0,0000;0,0000;0,0000;0,0000;0,0000;0,0000;0;0;0;0
20260611_1518;Generalização_200;classification;LeveragingBagging;Otimizado_33Features;classifier;classifier;classifier;N/A;N/A;N/A;2000;100;115;13400;0,0000;0,0000;0,0000;0,0000;0,0000;0,0000;0;0;0;0
20260611_1518;Generalização_200;classification;LeveragingBagging;Otimizado_33Features;classifier;classifier;classifier;N/A;N/A;N/A;2000;100;116;13500;0,0000;0,0000;0,0000;0,0000;0,0000;0,0000;0;0;0;0
20260611_1518;Generalização_200;classification;LeveragingBagging;Otimizado_33Features;classifier;classifier;classifier;N/A;N/A;N/A;2000;100;117;13600;0,0000;0,0000;0,0000;0,0000;0,0000;0,0000;0;0;0;0
20260611_1518;Generalização_200;classification;LeveragingBagging;Otimizado_33Features;classifier;classifier;classifier;N/A;N/A;N/A;2000;100;118;13700;0,0000;0,0000;0,0000;0,0000;0,0000;0,0000;0;0;0;0
20260611_1518;Generalização_200;classification;LeveragingBagging;Otimizado_33Features;classifier;classifier;classifier;N/A;N/A;N/A;2000;100;119;13800;0,0000;0,0000;0,0000;0,0000;0,0000;0,0000;0;0;0;0
20260611_1518;Generalização_200;classification;LeveragingBagging;Otimizado_33Features;classifier;classifier;classifier;N/A;N/A;N/A;2000;100;120;13900;0,0000;0,0000;0,0000;0,0000;0,0000;0,0000;0;0;0;0
20260611_1518;Generalização_200;classification;LeveragingBagging;Otimizado_33Features;classifier;classifier;classifier;N/A;N/A;N/A;2000;100;121;14000;0,0000;0,0000;0,0000;0,0000;0,0000;0,0000;0;0;0;0
20260611_1518;Generalização_200;classification;LeveragingBagging;Otimizado_33Features;classifier;classifier;classifier;N/A;N/A;N/A;2000;100;122;14100;0,0000;0,0000;0,0000;0,0000;0,0000;0,0000;0;0;0;0
20260611_1518;Generalização_200;classification;LeveragingBagging;Otimizado_33Features;classifier;classifier;classifier;N/A;N/A;N/A;2000;100;123;14200;0,0000;0,0000;0,0000;0,0000;0,0000;0,0000;0;0;0;0
20260611_1518;Generalização_200;classification;LeveragingBagging;Otimizado_33Features;classifier;classifier;classifier;N/A;N/A;N/A;2000;100;124;14300;0,0000;0,0000;0,0000;0,0000;0,0000;0,0000;0;0;0;0
20260611_1518;Generalização_200;classification;LeveragingBagging;Otimizado_33Features;classifier;classifier;classifier;N/A;N/A;N/A;2000;100;125;14400;0,0000;0,0000;0,0000;0,0000;0,0000;0,0000;0;0;0;0
20260611_1518;Generalização_200;classification;LeveragingBagging;Otimizado_33Features;classifier;classifier;classifier;N/A;N/A;N/A;2000;100;126;14500;0,0000;0,0000;0,0000;0,0000;0,0000;0,0000;0;0;0;0
20260611_1518;Generalização_200;classification;LeveragingBagging;Otimizado_33Features;classifier;classifier;classifier;N/A;N/A;N/A;2000;100;127;14600;0,0000;0,0000;0,0000;0,0000;0,0000;0,0000;0;0;0;0
20260611_1518;Generalização_200;classification;LeveragingBagging;Otimizado_33Features;classifier;classifier;classifier;N/A;N/A;N/A;2000;100;128;14700;0,0000;0,0000;0,0000;0,0000;0,0000;0,0000;0;0;0;0
20260611_1518;Generalização_200;classification;LeveragingBagging;Otimizado_33Features;classifier;classifier;classifier;N/A;N/A;N/A;2000;100;129;14800;0,0000;0,0000;0,0000;0,0000;0,0000;0,0000;0;0;0;0
20260611_1518;Generalização_200;classification;LeveragingBagging;Otimizado_33Features;classifier;classifier;classifier;N/A;N/A;N/A;2000;100;130;14900;0,0000;0,0000;0,0000;0,0000;0,0000;0,0000;0;0;0;0
20260611_1518;Generalização_200;classification;LeveragingBagging;Otimizado_33Features;classifier;classifier;classifier;N/A;N/A;N/A;2000;100;131;15000;0,0000;0,0000;0,0000;0,0000;0,0000;0,0000;0;0;0;0
20260611_1518;Generalização_200;classification;LeveragingBagging;Otimizado_33Features;classifier;classifier;classifier;N/A;N/A;N/A;2000;100;132;15100;0,0000;0,0000;0,0000;0,0000;0,0000;0,0000;0;0;0;0
20260611_1518;Generalização_200;classification;LeveragingBagging;Otimizado_33Features;classifier;classifier;classifier;N/A;N/A;N/A;2000;100;133;15200;0,0000;0,0000;0,0000;0,0000;0,0000;0,0000;0;0;0;0
20260611_1518;Generalização_200;classification;LeveragingBagging;Otimizado_33Features;classifier;classifier;classifier;N/A;N/A;N/A;2000;100;134;15300;0,0000;0,0000;0,0000;0,0000;0,0000;0,0000;0;0;0;0
20260611_1518;Generalização_200;classification;LeveragingBagging;Otimizado_33Features;classifier;classifier;classifier;N/A;N/A;N/A;2000;100;135;15400;0,0000;0,0000;0,0000;0,0000;0,0000;0,0000;0;0;0;0
20260611_1518;Generalização_200;classification;LeveragingBagging;Otimizado_33Features;classifier;classifier;classifier;N/A;N/A;N/A;2000;100;136;15500;0,0000;0,0000;0,0000;0,0000;0,0000;0,0000;0;0;0;0
20260612_0942;Adaptação_25;classification;LeveragingBagging;Otimizado_33Features;classifier;classifier;classifier;N/A;N/A;N/A;2000;100;1;2000;0,0000;0,0000;0,0000;0,0000;0,0000;0,0000;0;0;0;0
20260612_0942;Adaptação_25;classification;LeveragingBagging;Otimizado_33Features;classifier;classifier;classifier;N/A;N/A;N/A;2000;100;2;2100;0,0000;0,0000;0,0000;0,0000;0,0000;0,0000;0;0;0;0
20260612_0942;Adaptação_25;classification;LeveragingBagging;Otimizado_33Features;classifier;classifier;classifier;N/A;N/A;N/A;2000;100;3;2200;0,0000;0,0000;0,0000;0,0000;0,0000;0,0000;0;0;0;0
20260612_0942;Adaptação_25;classification;LeveragingBagging;Otimizado_33Features;classifier;classifier;classifier;N/A;N/A;N/A;2000;100;4;2300;0,0000;0,0000;0,0000;0,0000;0,0000;0,0000;0;0;0;0
20260612_0942;Adaptação_25;classification;LeveragingBagging;Otimizado_33Features;classifier;classifier;classifier;N/A;N/A;N/A;2000;100;5;2400;0,0000;0,0000;0,0000;0,0000;0,0000;0,0000;0;0;0;0
20260612_0942;Adaptação_25;classification;LeveragingBagging;Otimizado_33Features;classifier;classifier;classifier;N/A;N/A;N/A;2000;100;6;2500;0,0000;0,0000;0,0000;0,0000;0,0000;0,0000;0;0;0;0
20260612_0942;Adaptação_25;classification;LeveragingBagging;Otimizado_33Features;classifier;classifier;classifier;N/A;N/A;N/A;2000;100;7;2600;0,0000;0,0000;0,0000;0,0000;0,0000;0,0000;0;0;0;0
20260612_0942;Adaptação_25;classification;LeveragingBagging;Otimizado_33Features;classifier;classifier;classifier;N/A;N/A;N/A;2000;100;8;2700;0,0000;0,0000;0,0000;0,0000;0,0000;0,0000;0;0;0;0
20260612_0942;Adaptação_25;classification;LeveragingBagging;Otimizado_33Features;classifier;classifier;classifier;N/A;N/A;N/A;2000;100;9;2800;0,0000;0,0000;0,0000;0,0000;0,0000;0,0000;0;0;0;0
20260612_0942;Adaptação_25;classification;LeveragingBagging;Otimizado_33Features;classifier;classifier;classifier;N/A;N/A;N/A;2000;100;10;2900;0,0000;0,0000;0,0000;0,0000;0,0000;0,0000;0;0;0;0
20260612_0942;Adaptação_25;classification;LeveragingBagging;Otimizado_33Features;classifier;classifier;classifier;N/A;N/A;N/A;2000;100;11;3000;0,0000;0,0000;0,0000;0,0000;0,0000;0,0000;0;0;0;0
20260612_0942;Adaptação_25;classification;LeveragingBagging;Otimizado_33Features;classifier;classifier;classifier;N/A;N/A;N/A;2000;100;12;3100;0,0000;0,0000;0,0000;0,0000;0,0000;0,0000;0;0;0;0
20260612_0942;Adaptação_25;classification;LeveragingBagging;Otimizado_33Features;classifier;classifier;classifier;N/A;N/A;N/A;2000;100;13;3200;0,0000;0,0000;0,0000;0,0000;0,0000;0,0000;0;0;0;0
20260612_0942;Adaptação_25;classification;LeveragingBagging;Otimizado_33Features;classifier;classifier;classifier;N/A;N/A;N/A;2000;100;14;3300;0,0000;0,0000;0,0000;0,0000;0,0000;0,0000;0;0;0;0
20260612_0942;Adaptação_25;classification;LeveragingBagging;Otimizado_33Features;classifier;classifier;classifier;N/A;N/A;N/A;2000;100;15;3400;0,0000;0,0000;0,0000;0,0000;0,0000;0,0000;0;0;0;0
20260612_0942;Adaptação_25;classification;LeveragingBagging;Otimizado_33Features;classifier;classifier;classifier;N/A;N/A;N/A;2000;100;16;3500;0,0000;0,0000;0,0000;0,0000;0,0000;0,0000;0;0;0;0
20260612_0942;Adaptação_25;classification;LeveragingBagging;Otimizado_33Features;classifier;classifier;classifier;N/A;N/A;N/A;2000;100;17;3600;0,0000;0,0000;0,0000;0,0000;0,0000;0,0000;0;0;0;0
20260612_0942;Adaptação_25;classification;LeveragingBagging;Otimizado_33Features;classifier;classifier;classifier;N/A;N/A;N/A;2000;100;18;3700;0,0000;0,0000;0,0000;0,0000;0,0000;0,0000;0;0;0;0
20260612_0942;Adaptação_25;classification;LeveragingBagging;Otimizado_33Features;classifier;classifier;classifier;N/A;N/A;N/A;2000;100;19;3800;91,3043;0,0000;100,0000;0,0000;84,0000;0,0000;0;0;4;0
20260612_0942;Adaptação_25;classification;LeveragingBagging;Otimizado_33Features;classifier;classifier;classifier;N/A;N/A;N/A;2000;100;20;3900;0,0000;0,0000;0,0000;0,0000;0,0000;0,0000;1;0;0;0
20260612_0942;Adaptação_25;classification;LeveragingBagging;Otimizado_33Features;classifier;classifier;classifier;N/A;N/A;N/A;2000;100;21;4000;0,0000;0,0000;0,0000;0,0000;0,0000;0,0000;1;0;0;0
20260612_0942;Adaptação_25;classification;LeveragingBagging;Otimizado_33Features;classifier;classifier;classifier;N/A;N/A;N/A;2000;100;22;4100;0,0000;0,0000;0,0000;0,0000;0,0000;0,0000;0;0;0;0
20260612_0942;Adaptação_25;classification;LeveragingBagging;Otimizado_33Features;classifier;classifier;classifier;N/A;N/A;N/A;2000;100;23;4200;0,0000;0,0000;0,0000;0,0000;0,0000;0,0000;0;0;0;0
20260612_0942;Adaptação_25;classification;LeveragingBagging;Otimizado_33Features;classifier;classifier;classifier;N/A;N/A;N/A;2000;100;24;4300;0,0000;0,0000;0,0000;0,0000;0,0000;0,0000;0;0;0;0
20260612_0942;Adaptação_25;classification;LeveragingBagging;Otimizado_33Features;classifier;classifier;classifier;N/A;N/A;N/A;2000;100;25;4400;0,0000;0,0000;0,0000;0,0000;0,0000;0,0000;0;0;0;0
20260612_0942;Adaptação_25;classification;LeveragingBagging;Otimizado_33Features;classifier;classifier;classifier;N/A;N/A;N/A;2000;100;26;4500;0,0000;0,0000;0,0000;0,0000;0,0000;0,0000;0;0;0;0
20260612_0942;Adaptação_25;classification;LeveragingBagging;Otimizado_33Features;classifier;classifier;classifier;N/A;N/A;N/A;2000;100;27;4600;0,0000;0,0000;0,0000;0,0000;0,0000;0,0000;0;0;0;0
20260612_0942;Adaptação_25;classification;LeveragingBagging;Otimizado_33Features;classifier;classifier;classifier;N/A;N/A;N/A;2000;100;28;4700;0,0000;0,0000;0,0000;0,0000;0,0000;0,0000;0;0;0;0
20260612_0942;Adaptação_25;classification;LeveragingBagging;Otimizado_33Features;classifier;classifier;classifier;N/A;N/A;N/A;2000;100;29;4800;0,0000;0,0000;0,0000;0,0000;0,0000;0,0000;0;0;0;0
20260612_0942;Adaptação_25;classification;LeveragingBagging;Otimizado_33Features;classifier;classifier;classifier;N/A;N/A;N/A;2000;100;30;4900;0,0000;0,0000;0,0000;0,0000;0,0000;0,0000;0;0;0;0
20260612_0942;Adaptação_25;classification;LeveragingBagging;Otimizado_33Features;classifier;classifier;classifier;N/A;N/A;N/A;2000;100;31;5000;0,0000;0,0000;0,0000;0,0000;0,0000;0,0000;0;0;0;0
20260612_0942;Adaptação_25;classification;LeveragingBagging;Otimizado_33Features;classifier;classifier;classifier;N/A;N/A;N/A;2000;100;32;5100;0,0000;0,0000;0,0000;0,0000;0,0000;0,0000;0;0;0;0
20260612_0942;Adaptação_25;classification;LeveragingBagging;Otimizado_33Features;classifier;classifier;classifier;N/A;N/A;N/A;2000;100;33;5200;0,0000;0,0000;0,0000;0,0000;0,0000;0,0000;0;0;0;0
20260612_0942;Adaptação_25;classification;LeveragingBagging;Otimizado_33Features;classifier;classifier;classifier;N/A;N/A;N/A;2000;100;34;5300;0,0000;0,0000;0,0000;0,0000;0,0000;0,0000;0;0;0;0
20260612_0942;Adaptação_25;classification;LeveragingBagging;Otimizado_33Features;classifier;classifier;classifier;N/A;N/A;N/A;2000;100;35;5400;0,0000;0,0000;0,0000;0,0000;0,0000;0,0000;0;0;0;0
20260612_0942;Adaptação_25;classification;LeveragingBagging;Otimizado_33Features;classifier;classifier;classifier;N/A;N/A;N/A;2000;100;36;5500;0,0000;0,0000;0,0000;0,0000;0,0000;0,0000;0;0;0;0
20260612_0942;Adaptação_25;classification;LeveragingBagging;Otimizado_33Features;classifier;classifier;classifier;N/A;N/A;N/A;2000;100;37;5600;0,0000;0,0000;0,0000;0,0000;0,0000;0,0000;0;0;0;0
20260612_0942;Adaptação_25;classification;LeveragingBagging;Otimizado_33Features;classifier;classifier;classifier;N/A;N/A;N/A;2000;100;38;5700;0,0000;0,0000;0,0000;0,0000;0,0000;0,0000;0;0;0;0
20260612_0942;Adaptação_25;classification;LeveragingBagging;Otimizado_33Features;classifier;classifier;classifier;N/A;N/A;N/A;2000;100;39;5800;0,0000;0,0000;0,0000;0,0000;0,0000;0,0000;0;0;0;0
20260612_0942;Adaptação_25;classification;LeveragingBagging;Otimizado_33Features;classifier;classifier;classifier;N/A;N/A;N/A;2000;100;40;5900;0,0000;0,0000;0,0000;0,0000;0,0000;0,0000;0;0;0;0
20260612_0942;Adaptação_25;classification;LeveragingBagging;Otimizado_33Features;classifier;classifier;classifier;N/A;N/A;N/A;2000;100;41;6000;0,0000;0,0000;0,0000;0,0000;0,0000;0,0000;0;0;0;0
20260612_0942;Adaptação_25;classification;LeveragingBagging;Otimizado_33Features;classifier;classifier;classifier;N/A;N/A;N/A;2000;100;42;6100;0,0000;0,0000;0,0000;0,0000;0,0000;0,0000;0;0;0;0
20260612_0942;Adaptação_25;classification;LeveragingBagging;Otimizado_33Features;classifier;classifier;classifier;N/A;N/A;N/A;2000;100;43;6200;0,0000;0,0000;0,0000;0,0000;0,0000;0,0000;0;0;0;0
20260612_0942;Adaptação_25;classification;LeveragingBagging;Otimizado_33Features;classifier;classifier;classifier;N/A;N/A;N/A;2000;100;44;6300;0,0000;0,0000;0,0000;0,0000;0,0000;0,0000;0;0;0;0
20260612_0942;Adaptação_25;classification;LeveragingBagging;Otimizado_33Features;classifier;classifier;classifier;N/A;N/A;N/A;2000;100;45;6400;0,0000;0,0000;0,0000;0,0000;0,0000;0,0000;0;0;0;0
20260612_0942;Adaptação_25;classification;LeveragingBagging;Otimizado_33Features;classifier;classifier;classifier;N/A;N/A;N/A;2000;100;46;6500;0,0000;0,0000;0,0000;0,0000;0,0000;0,0000;0;0;0;0
20260612_0942;Adaptação_25;classification;LeveragingBagging;Otimizado_33Features;classifier;classifier;classifier;N/A;N/A;N/A;2000;100;47;6600;0,0000;0,0000;0,0000;0,0000;0,0000;0,0000;0;0;0;0
20260612_0942;Adaptação_25;classification;LeveragingBagging;Otimizado_33Features;classifier;classifier;classifier;N/A;N/A;N/A;2000;100;48;6700;0,0000;0,0000;0,0000;0,0000;0,0000;0,0000;0;0;0;0
20260612_0942;Adaptação_25;classification;LeveragingBagging;Otimizado_33Features;classifier;classifier;classifier;N/A;N/A;N/A;2000;100;49;6800;0,0000;0,0000;0,0000;0,0000;0,0000;0,0000;0;0;0;0
20260612_0942;Adaptação_25;classification;LeveragingBagging;Otimizado_33Features;classifier;classifier;classifier;N/A;N/A;N/A;2000;100;50;6900;0,0000;0,0000;0,0000;0,0000;0,0000;0,0000;0;0;0;0
20260612_0942;Adaptação_25;classification;LeveragingBagging;Otimizado_33Features;classifier;classifier;classifier;N/A;N/A;N/A;2000;100;51;7000;0,0000;0,0000;0,0000;0,0000;0,0000;0,0000;0;0;0;0
20260612_0942;Adaptação_25;classification;LeveragingBagging;Otimizado_33Features;classifier;classifier;classifier;N/A;N/A;N/A;2000;100;52;7100;0,0000;0,0000;0,0000;0,0000;0,0000;0,0000;0;0;0;0
20260612_0942;Adaptação_25;classification;LeveragingBagging;Otimizado_33Features;classifier;classifier;classifier;N/A;N/A;N/A;2000;100;53;7200;0,0000;0,0000;0,0000;0,0000;0,0000;0,0000;0;0;0;0
20260612_0942;Adaptação_25;classification;LeveragingBagging;Otimizado_33Features;classifier;classifier;classifier;N/A;N/A;N/A;2000;100;54;7300;0,0000;0,0000;0,0000;0,0000;0,0000;0,0000;0;0;0;0
20260612_0942;Adaptação_25;classification;LeveragingBagging;Otimizado_33Features;classifier;classifier;classifier;N/A;N/A;N/A;2000;100;55;7400;0,0000;0,0000;0,0000;0,0000;0,0000;0,0000;0;0;0;0
20260612_0942;Adaptação_25;classification;LeveragingBagging;Otimizado_33Features;classifier;classifier;classifier;N/A;N/A;N/A;2000;100;56;7500;0,0000;0,0000;0,0000;0,0000;0,0000;0,0000;0;0;0;0
20260612_0942;Adaptação_25;classification;LeveragingBagging;Otimizado_33Features;classifier;classifier;classifier;N/A;N/A;N/A;2000;100;57;7600;55,9605;13,0291;100,0000;0,0000;40,0000;12,7206;0;0;14;3
20260612_0942;Adaptação_25;classification;LeveragingBagging;Otimizado_33Features;classifier;classifier;classifier;N/A;N/A;N/A;2000;100;58;7700;0,0000;0,0000;0,0000;0,0000;0,0000;0,0000;0;0;0;0
20260612_0942;Adaptação_25;classification;LeveragingBagging;Otimizado_33Features;classifier;classifier;classifier;N/A;N/A;N/A;2000;100;59;7800;0,0000;0,0000;0,0000;0,0000;0,0000;0,0000;0;0;0;0
20260612_0942;Adaptação_25;classification;LeveragingBagging;Otimizado_33Features;classifier;classifier;classifier;N/A;N/A;N/A;2000;100;60;7900;0,0000;0,0000;0,0000;0,0000;0,0000;0,0000;0;0;0;0
20260612_0942;Adaptação_25;classification;LeveragingBagging;Otimizado_33Features;classifier;classifier;classifier;N/A;N/A;N/A;2000;100;61;8000;0,0000;0,0000;0,0000;0,0000;0,0000;0,0000;0;0;0;0
20260612_0942;Adaptação_25;classification;LeveragingBagging;Otimizado_33Features;classifier;classifier;classifier;N/A;N/A;N/A;2000;100;62;8100;0,0000;0,0000;0,0000;0,0000;0,0000;0,0000;0;0;0;0
20260612_0942;Adaptação_25;classification;LeveragingBagging;Otimizado_33Features;classifier;classifier;classifier;N/A;N/A;N/A;2000;100;63;8200;0,0000;0,0000;0,0000;0,0000;0,0000;0,0000;0;0;0;0
20260612_0942;Adaptação_25;classification;LeveragingBagging;Otimizado_33Features;classifier;classifier;classifier;N/A;N/A;N/A;2000;100;64;8300;0,0000;0,0000;0,0000;0,0000;0,0000;0,0000;0;0;0;0
20260612_0942;Adaptação_25;classification;LeveragingBagging;Otimizado_33Features;classifier;classifier;classifier;N/A;N/A;N/A;2000;100;65;8400;0,0000;0,0000;0,0000;0,0000;0,0000;0,0000;0;0;0;0
20260612_0942;Adaptação_25;classification;LeveragingBagging;Otimizado_33Features;classifier;classifier;classifier;N/A;N/A;N/A;2000;100;66;8500;0,0000;0,0000;0,0000;0,0000;0,0000;0,0000;0;0;0;0
20260612_0942;Adaptação_25;classification;LeveragingBagging;Otimizado_33Features;classifier;classifier;classifier;N/A;N/A;N/A;2000;100;67;8600;0,0000;0,0000;0,0000;0,0000;0,0000;0,0000;0;0;0;0
20260612_0942;Adaptação_25;classification;LeveragingBagging;Otimizado_33Features;classifier;classifier;classifier;N/A;N/A;N/A;2000;100;68;8700;0,0000;0,0000;0,0000;0,0000;0,0000;0,0000;0;0;0;0
20260612_0942;Adaptação_25;classification;LeveragingBagging;Otimizado_33Features;classifier;classifier;classifier;N/A;N/A;N/A;2000;100;69;8800;0,0000;0,0000;0,0000;0,0000;0,0000;0,0000;0;0;0;0
20260612_0942;Adaptação_25;classification;LeveragingBagging;Otimizado_33Features;classifier;classifier;classifier;N/A;N/A;N/A;2000;100;70;8900;0,0000;0,0000;0,0000;0,0000;0,0000;0,0000;0;0;0;0
20260612_0942;Adaptação_25;classification;LeveragingBagging;Otimizado_33Features;classifier;classifier;classifier;N/A;N/A;N/A;2000;100;71;9000;0,0000;0,0000;0,0000;0,0000;0,0000;0,0000;0;0;0;0
20260612_0942;Adaptação_25;classification;LeveragingBagging;Otimizado_33Features;classifier;classifier;classifier;N/A;N/A;N/A;2000;100;72;9100;0,0000;0,0000;0,0000;0,0000;0,0000;0,0000;0;0;0;0
20260612_0942;Adaptação_25;classification;LeveragingBagging;Otimizado_33Features;classifier;classifier;classifier;N/A;N/A;N/A;2000;100;73;9200;0,0000;0,0000;0,0000;0,0000;0,0000;0,0000;0;0;0;0
20260612_0942;Adaptação_25;classification;LeveragingBagging;Otimizado_33Features;classifier;classifier;classifier;N/A;N/A;N/A;2000;100;74;9300;0,0000;0,0000;0,0000;0,0000;0,0000;0,0000;0;0;0;0
20260612_0942;Adaptação_25;classification;LeveragingBagging;Otimizado_33Features;classifier;classifier;classifier;N/A;N/A;N/A;2000;100;75;9400;0,0000;0,0000;0,0000;0,0000;0,0000;0,0000;0;0;0;0
20260612_0942;Adaptação_25;classification;LeveragingBagging;Otimizado_33Features;classifier;classifier;classifier;N/A;N/A;N/A;2000;100;76;9500;0,0000;0,0000;0,0000;0,0000;0,0000;0,0000;0;0;0;0
20260612_0942;Adaptação_25;classification;LeveragingBagging;Otimizado_33Features;classifier;classifier;classifier;N/A;N/A;N/A;2000;100;77;9600;0,0000;0,0000;0,0000;0,0000;0,0000;0,0000;0;0;0;0
20260612_0942;Adaptação_25;classification;LeveragingBagging;Otimizado_33Features;classifier;classifier;classifier;N/A;N/A;N/A;2000;100;78;9700;0,0000;0,0000;0,0000;0,0000;0,0000;0,0000;0;0;0;0
20260612_0942;Adaptação_25;classification;LeveragingBagging;Otimizado_33Features;classifier;classifier;classifier;N/A;N/A;N/A;2000;100;79;9800;0,0000;0,0000;0,0000;0,0000;0,0000;0,0000;0;0;0;0
20260612_0942;Adaptação_25;classification;LeveragingBagging;Otimizado_33Features;classifier;classifier;classifier;N/A;N/A;N/A;2000;100;80;9900;0,0000;0,0000;0,0000;0,0000;0,0000;0,0000;0;0;0;0
20260612_0942;Adaptação_25;classification;LeveragingBagging;Otimizado_33Features;classifier;classifier;classifier;N/A;N/A;N/A;2000;100;81;10000;0,0000;0,0000;0,0000;0,0000;0,0000;0,0000;0;0;0;0
20260612_0942;Adaptação_25;classification;LeveragingBagging;Otimizado_33Features;classifier;classifier;classifier;N/A;N/A;N/A;2000;100;82;10100;0,0000;0,0000;0,0000;0,0000;0,0000;0,0000;0;0;0;0
20260612_0942;Adaptação_25;classification;LeveragingBagging;Otimizado_33Features;classifier;classifier;classifier;N/A;N/A;N/A;2000;100;83;10200;0,0000;0,0000;0,0000;0,0000;0,0000;0,0000;0;0;0;0
20260612_0942;Adaptação_25;classification;LeveragingBagging;Otimizado_33Features;classifier;classifier;classifier;N/A;N/A;N/A;2000;100;84;10300;0,0000;0,0000;0,0000;0,0000;0,0000;0,0000;0;0;0;0
20260612_0942;Adaptação_25;classification;LeveragingBagging;Otimizado_33Features;classifier;classifier;classifier;N/A;N/A;N/A;2000;100;85;10400;0,0000;0,0000;0,0000;0,0000;0,0000;0,0000;0;0;0;0
20260612_0942;Adaptação_25;classification;LeveragingBagging;Otimizado_33Features;classifier;classifier;classifier;N/A;N/A;N/A;2000;100;86;10500;0,0000;0,0000;0,0000;0,0000;0,0000;0,0000;0;0;0;0
20260612_0942;Adaptação_25;classification;LeveragingBagging;Otimizado_33Features;classifier;classifier;classifier;N/A;N/A;N/A;2000;100;87;10600;0,0000;0,0000;0,0000;0,0000;0,0000;0,0000;0;0;0;0
20260612_0942;Adaptação_25;classification;LeveragingBagging;Otimizado_33Features;classifier;classifier;classifier;N/A;N/A;N/A;2000;100;88;10700;0,0000;0,0000;0,0000;0,0000;0,0000;0,0000;0;0;0;0
20260612_0942;Adaptação_25;classification;LeveragingBagging;Otimizado_33Features;classifier;classifier;classifier;N/A;N/A;N/A;2000;100;89;10800;0,0000;0,0000;0,0000;0,0000;0,0000;0,0000;0;0;0;0
20260612_0942;Adaptação_25;classification;LeveragingBagging;Otimizado_33Features;classifier;classifier;classifier;N/A;N/A;N/A;2000;100;90;10900;0,0000;0,0000;0,0000;0,0000;0,0000;0,0000;0;0;0;0
20260612_0942;Adaptação_25;classification;LeveragingBagging;Otimizado_33Features;classifier;classifier;classifier;N/A;N/A;N/A;2000;100;91;11000;0,0000;0,0000;0,0000;0,0000;0,0000;0,0000;0;0;0;0
20260612_0942;Adaptação_25;classification;LeveragingBagging;Otimizado_33Features;classifier;classifier;classifier;N/A;N/A;N/A;2000;100;92;11100;0,0000;0,0000;0,0000;0,0000;0,0000;0,0000;0;0;0;0
20260612_0942;Adaptação_25;classification;LeveragingBagging;Otimizado_33Features;classifier;classifier;classifier;N/A;N/A;N/A;2000;100;93;11200;0,0000;0,0000;0,0000;0,0000;0,0000;0,0000;0;0;0;0
20260612_0942;Adaptação_25;classification;LeveragingBagging;Otimizado_33Features;classifier;classifier;classifier;N/A;N/A;N/A;2000;100;94;11300;100,0000;0,0000;100,0000;0,0000;100,0000;0,0000;0;0;0;0
20260612_0942;Adaptação_25;classification;LeveragingBagging;Otimizado_33Features;classifier;classifier;classifier;N/A;N/A;N/A;2000;100;95;11400;97,6744;0,0000;100,0000;0,0000;95,4545;0,0000;0;0;1;0
20260612_0942;Adaptação_25;classification;LeveragingBagging;Otimizado_33Features;classifier;classifier;classifier;N/A;N/A;N/A;2000;100;96;11500;0,0000;0,0000;0,0000;0,0000;0,0000;0,0000;0;0;0;0
20260612_0942;Adaptação_25;classification;LeveragingBagging;Otimizado_33Features;classifier;classifier;classifier;N/A;N/A;N/A;2000;100;97;11600;0,0000;0,0000;0,0000;0,0000;0,0000;0,0000;0;0;0;0
20260612_0942;Adaptação_25;classification;LeveragingBagging;Otimizado_33Features;classifier;classifier;classifier;N/A;N/A;N/A;2000;100;98;11700;0,0000;0,0000;0,0000;0,0000;0,0000;0,0000;0;0;0;0
20260612_0942;Adaptação_25;classification;LeveragingBagging;Otimizado_33Features;classifier;classifier;classifier;N/A;N/A;N/A;2000;100;99;11800;0,0000;0,0000;0,0000;0,0000;0,0000;0,0000;0;0;0;0
20260612_0942;Adaptação_25;classification;LeveragingBagging;Otimizado_33Features;classifier;classifier;classifier;N/A;N/A;N/A;2000;100;100;11900;0,0000;0,0000;0,0000;0,0000;0,0000;0,0000;0;0;0;0
20260612_0942;Adaptação_25;classification;LeveragingBagging;Otimizado_33Features;classifier;classifier;classifier;N/A;N/A;N/A;2000;100;101;12000;0,0000;0,0000;0,0000;0,0000;0,0000;0,0000;0;0;0;0
20260612_0942;Adaptação_25;classification;LeveragingBagging;Otimizado_33Features;classifier;classifier;classifier;N/A;N/A;N/A;2000;100;102;12100;0,0000;0,0000;0,0000;0,0000;0,0000;0,0000;0;0;0;0
20260612_0942;Adaptação_25;classification;LeveragingBagging;Otimizado_33Features;classifier;classifier;classifier;N/A;N/A;N/A;2000;100;103;12200;0,0000;0,0000;0,0000;0,0000;0,0000;0,0000;0;0;0;0
20260612_0942;Adaptação_25;classification;LeveragingBagging;Otimizado_33Features;classifier;classifier;classifier;N/A;N/A;N/A;2000;100;104;12300;0,0000;0,0000;0,0000;0,0000;0,0000;0,0000;0;0;0;0
20260612_0942;Adaptação_25;classification;LeveragingBagging;Otimizado_33Features;classifier;classifier;classifier;N/A;N/A;N/A;2000;100;105;12400;0,0000;0,0000;0,0000;0,0000;0,0000;0,0000;0;0;0;0
20260612_0942;Adaptação_25;classification;LeveragingBagging;Otimizado_33Features;classifier;classifier;classifier;N/A;N/A;N/A;2000;100;106;12500;0,0000;0,0000;0,0000;0,0000;0,0000;0,0000;0;0;0;0
20260612_0942;Adaptação_25;classification;LeveragingBagging;Otimizado_33Features;classifier;classifier;classifier;N/A;N/A;N/A;2000;100;107;12600;0,0000;0,0000;0,0000;0,0000;0,0000;0,0000;0;0;0;0
20260612_0942;Adaptação_25;classification;LeveragingBagging;Otimizado_33Features;classifier;classifier;classifier;N/A;N/A;N/A;2000;100;108;12700;0,0000;0,0000;0,0000;0,0000;0,0000;0,0000;0;0;0;0
20260612_0942;Adaptação_25;classification;LeveragingBagging;Otimizado_33Features;classifier;classifier;classifier;N/A;N/A;N/A;2000;100;109;12800;0,0000;0,0000;0,0000;0,0000;0,0000;0,0000;0;0;0;0
20260612_0942;Adaptação_25;classification;LeveragingBagging;Otimizado_33Features;classifier;classifier;classifier;N/A;N/A;N/A;2000;100;110;12900;0,0000;0,0000;0,0000;0,0000;0,0000;0,0000;0;0;0;0
20260612_0942;Adaptação_25;classification;LeveragingBagging;Otimizado_33Features;classifier;classifier;classifier;N/A;N/A;N/A;2000;100;111;13000;0,0000;0,0000;0,0000;0,0000;0,0000;0,0000;0;0;0;0
20260612_0942;Adaptação_25;classification;LeveragingBagging;Otimizado_33Features;classifier;classifier;classifier;N/A;N/A;N/A;2000;100;112;13100;0,0000;0,0000;0,0000;0,0000;0,0000;0,0000;0;0;0;0
20260612_0942;Adaptação_25;classification;LeveragingBagging;Otimizado_33Features;classifier;classifier;classifier;N/A;N/A;N/A;2000;100;113;13200;0,0000;0,0000;0,0000;0,0000;0,0000;0,0000;0;0;0;0
20260612_0942;Adaptação_25;classification;LeveragingBagging;Otimizado_33Features;classifier;classifier;classifier;N/A;N/A;N/A;2000;100;114;13300;0,0000;0,0000;0,0000;0,0000;0,0000;0,0000;0;0;0;0
20260612_0942;Adaptação_25;classification;LeveragingBagging;Otimizado_33Features;classifier;classifier;classifier;N/A;N/A;N/A;2000;100;115;13400;0,0000;0,0000;0,0000;0,0000;0,0000;0,0000;0;0;0;0
20260612_0942;Adaptação_25;classification;LeveragingBagging;Otimizado_33Features;classifier;classifier;classifier;N/A;N/A;N/A;2000;100;116;13500;0,0000;0,0000;0,0000;0,0000;0,0000;0,0000;0;0;0;0
20260612_0942;Adaptação_25;classification;LeveragingBagging;Otimizado_33Features;classifier;classifier;classifier;N/A;N/A;N/A;2000;100;117;13600;0,0000;0,0000;0,0000;0,0000;0,0000;0,0000;0;0;0;0
20260612_0942;Adaptação_25;classification;LeveragingBagging;Otimizado_33Features;classifier;classifier;classifier;N/A;N/A;N/A;2000;100;118;13700;0,0000;0,0000;0,0000;0,0000;0,0000;0,0000;0;0;0;0
20260612_0942;Adaptação_25;classification;LeveragingBagging;Otimizado_33Features;classifier;classifier;classifier;N/A;N/A;N/A;2000;100;119;13800;0,0000;0,0000;0,0000;0,0000;0,0000;0,0000;0;0;0;0
20260612_0942;Adaptação_25;classification;LeveragingBagging;Otimizado_33Features;classifier;classifier;classifier;N/A;N/A;N/A;2000;100;120;13900;0,0000;0,0000;0,0000;0,0000;0,0000;0,0000;0;0;0;0
20260612_0942;Adaptação_25;classification;LeveragingBagging;Otimizado_33Features;classifier;classifier;classifier;N/A;N/A;N/A;2000;100;121;14000;0,0000;0,0000;0,0000;0,0000;0,0000;0,0000;0;0;0;0
20260612_0942;Adaptação_25;classification;LeveragingBagging;Otimizado_33Features;classifier;classifier;classifier;N/A;N/A;N/A;2000;100;122;14100;0,0000;0,0000;0,0000;0,0000;0,0000;0,0000;0;0;0;0
20260612_0942;Adaptação_25;classification;LeveragingBagging;Otimizado_33Features;classifier;classifier;classifier;N/A;N/A;N/A;2000;100;123;14200;0,0000;0,0000;0,0000;0,0000;0,0000;0,0000;0;0;0;0
20260612_0942;Adaptação_25;classification;LeveragingBagging;Otimizado_33Features;classifier;classifier;classifier;N/A;N/A;N/A;2000;100;124;14300;0,0000;0,0000;0,0000;0,0000;0,0000;0,0000;0;0;0;0
20260612_0942;Adaptação_25;classification;LeveragingBagging;Otimizado_33Features;classifier;classifier;classifier;N/A;N/A;N/A;2000;100;125;14400;0,0000;0,0000;0,0000;0,0000;0,0000;0,0000;0;0;0;0
20260612_0942;Adaptação_25;classification;LeveragingBagging;Otimizado_33Features;classifier;classifier;classifier;N/A;N/A;N/A;2000;100;126;14500;0,0000;0,0000;0,0000;0,0000;0,0000;0,0000;0;0;0;0
20260612_0942;Adaptação_25;classification;LeveragingBagging;Otimizado_33Features;classifier;classifier;classifier;N/A;N/A;N/A;2000;100;127;14600;0,0000;0,0000;0,0000;0,0000;0,0000;0,0000;0;0;0;0
20260612_0942;Adaptação_25;classification;LeveragingBagging;Otimizado_33Features;classifier;classifier;classifier;N/A;N/A;N/A;2000;100;128;14700;0,0000;0,0000;0,0000;0,0000;0,0000;0,0000;0;0;0;0
20260612_0942;Adaptação_25;classification;LeveragingBagging;Otimizado_33Features;classifier;classifier;classifier;N/A;N/A;N/A;2000;100;129;14800;0,0000;0,0000;0,0000;0,0000;0,0000;0,0000;0;0;0;0
20260612_0942;Adaptação_25;classification;LeveragingBagging;Otimizado_33Features;classifier;classifier;classifier;N/A;N/A;N/A;2000;100;130;14900;0,0000;0,0000;0,0000;0,0000;0,0000;0,0000;0;0;0;0
20260612_0942;Adaptação_25;classification;LeveragingBagging;Otimizado_33Features;classifier;classifier;classifier;N/A;N/A;N/A;2000;100;131;15000;0,0000;0,0000;0,0000;0,0000;0,0000;0,0000;0;0;0;0
20260612_0942;Adaptação_200;classification;LeveragingBagging;Otimizado_33Features;classifier;classifier;classifier;N/A;N/A;N/A;2000;100;1;2000;0,0000;0,0000;0,0000;0,0000;0,0000;0,0000;0;0;0;0
20260612_0942;Adaptação_200;classification;LeveragingBagging;Otimizado_33Features;classifier;classifier;classifier;N/A;N/A;N/A;2000;100;2;2100;0,0000;0,0000;0,0000;0,0000;0,0000;0,0000;0;0;0;0
20260612_0942;Adaptação_200;classification;LeveragingBagging;Otimizado_33Features;classifier;classifier;classifier;N/A;N/A;N/A;2000;100;3;2200;0,0000;0,0000;0,0000;0,0000;0,0000;0,0000;0;0;0;0
20260612_0942;Adaptação_200;classification;LeveragingBagging;Otimizado_33Features;classifier;classifier;classifier;N/A;N/A;N/A;2000;100;4;2300;0,0000;0,0000;0,0000;0,0000;0,0000;0,0000;0;0;0;0
20260612_0942;Adaptação_200;classification;LeveragingBagging;Otimizado_33Features;classifier;classifier;classifier;N/A;N/A;N/A;2000;100;5;2400;0,0000;0,0000;0,0000;0,0000;0,0000;0,0000;0;0;0;0
20260612_0942;Adaptação_200;classification;LeveragingBagging;Otimizado_33Features;classifier;classifier;classifier;N/A;N/A;N/A;2000;100;6;2500;0,0000;0,0000;0,0000;0,0000;0,0000;0,0000;0;0;0;0
20260612_0942;Adaptação_200;classification;LeveragingBagging;Otimizado_33Features;classifier;classifier;classifier;N/A;N/A;N/A;2000;100;7;2600;0,0000;0,0000;0,0000;0,0000;0,0000;0,0000;0;0;0;0
20260612_0942;Adaptação_200;classification;LeveragingBagging;Otimizado_33Features;classifier;classifier;classifier;N/A;N/A;N/A;2000;100;8;2700;0,0000;0,0000;0,0000;0,0000;0,0000;0,0000;0;0;0;0
20260612_0942;Adaptação_200;classification;LeveragingBagging;Otimizado_33Features;classifier;classifier;classifier;N/A;N/A;N/A;2000;100;9;2800;0,0000;0,0000;0,0000;0,0000;0,0000;0,0000;0;0;0;0
20260612_0942;Adaptação_200;classification;LeveragingBagging;Otimizado_33Features;classifier;classifier;classifier;N/A;N/A;N/A;2000;100;10;2900;0,0000;0,0000;0,0000;0,0000;0,0000;0,0000;0;0;0;0
20260612_0942;Adaptação_200;classification;LeveragingBagging;Otimizado_33Features;classifier;classifier;classifier;N/A;N/A;N/A;2000;100;11;3000;0,0000;0,0000;0,0000;0,0000;0,0000;0,0000;0;0;0;0
20260612_0942;Adaptação_200;classification;LeveragingBagging;Otimizado_33Features;classifier;classifier;classifier;N/A;N/A;N/A;2000;100;12;3100;0,0000;0,0000;0,0000;0,0000;0,0000;0,0000;0;0;0;0
20260612_0942;Adaptação_200;classification;LeveragingBagging;Otimizado_33Features;classifier;classifier;classifier;N/A;N/A;N/A;2000;100;13;3200;0,0000;0,0000;0,0000;0,0000;0,0000;0,0000;0;0;0;0
20260612_0942;Adaptação_200;classification;LeveragingBagging;Otimizado_33Features;classifier;classifier;classifier;N/A;N/A;N/A;2000;100;14;3300;0,0000;0,0000;0,0000;0,0000;0,0000;0,0000;0;0;0;0
20260612_0942;Adaptação_200;classification;LeveragingBagging;Otimizado_33Features;classifier;classifier;classifier;N/A;N/A;N/A;2000;100;15;3400;0,0000;0,0000;0,0000;0,0000;0,0000;0,0000;0;0;0;0
20260612_0942;Adaptação_200;classification;LeveragingBagging;Otimizado_33Features;classifier;classifier;classifier;N/A;N/A;N/A;2000;100;16;3500;0,0000;0,0000;0,0000;0,0000;0,0000;0,0000;0;0;0;0
20260612_0942;Adaptação_200;classification;LeveragingBagging;Otimizado_33Features;classifier;classifier;classifier;N/A;N/A;N/A;2000;100;17;3600;0,0000;0,0000;0,0000;0,0000;0,0000;0,0000;0;0;0;0
20260612_0942;Adaptação_200;classification;LeveragingBagging;Otimizado_33Features;classifier;classifier;classifier;N/A;N/A;N/A;2000;100;18;3700;0,0000;0,0000;0,0000;0,0000;0,0000;0,0000;0;0;0;0
20260612_0942;Adaptação_200;classification;LeveragingBagging;Otimizado_33Features;classifier;classifier;classifier;N/A;N/A;N/A;2000;100;19;3800;95,2963;0,5492;100,0000;0,0000;91,0204;0,9998;0;0;5;1
20260612_0942;Adaptação_200;classification;LeveragingBagging;Otimizado_33Features;classifier;classifier;classifier;N/A;N/A;N/A;2000;100;20;3900;98,5108;0,3056;97,7867;0,4818;99,2500;0,6124;2;1;1;1
20260612_0942;Adaptação_200;classification;LeveragingBagging;Otimizado_33Features;classifier;classifier;classifier;N/A;N/A;N/A;2000;100;21;4000;97,9592;0,0000;96,0000;0,0000;100,0000;0,0000;2;0;0;0
20260612_0942;Adaptação_200;classification;LeveragingBagging;Otimizado_33Features;classifier;classifier;classifier;N/A;N/A;N/A;2000;100;22;4100;0,0000;0,0000;0,0000;0,0000;0,0000;0,0000;0;0;0;0
20260612_0942;Adaptação_200;classification;LeveragingBagging;Otimizado_33Features;classifier;classifier;classifier;N/A;N/A;N/A;2000;100;23;4200;0,0000;0,0000;0,0000;0,0000;0,0000;0,0000;1;0;0;0
20260612_0942;Adaptação_200;classification;LeveragingBagging;Otimizado_33Features;classifier;classifier;classifier;N/A;N/A;N/A;2000;100;24;4300;0,0000;0,0000;0,0000;0,0000;0,0000;0,0000;0;0;0;0
20260612_0942;Adaptação_200;classification;LeveragingBagging;Otimizado_33Features;classifier;classifier;classifier;N/A;N/A;N/A;2000;100;25;4400;0,0000;0,0000;0,0000;0,0000;0,0000;0,0000;0;0;0;0
20260612_0942;Adaptação_200;classification;LeveragingBagging;Otimizado_33Features;classifier;classifier;classifier;N/A;N/A;N/A;2000;100;26;4500;0,0000;0,0000;0,0000;0,0000;0,0000;0,0000;0;0;0;0
20260612_0942;Adaptação_200;classification;LeveragingBagging;Otimizado_33Features;classifier;classifier;classifier;N/A;N/A;N/A;2000;100;27;4600;0,0000;0,0000;0,0000;0,0000;0,0000;0,0000;0;0;0;0
20260612_0942;Adaptação_200;classification;LeveragingBagging;Otimizado_33Features;classifier;classifier;classifier;N/A;N/A;N/A;2000;100;28;4700;0,0000;0,0000;0,0000;0,0000;0,0000;0,0000;0;0;0;0
20260612_0942;Adaptação_200;classification;LeveragingBagging;Otimizado_33Features;classifier;classifier;classifier;N/A;N/A;N/A;2000;100;29;4800;0,0000;0,0000;0,0000;0,0000;0,0000;0,0000;0;0;0;0
20260612_0942;Adaptação_200;classification;LeveragingBagging;Otimizado_33Features;classifier;classifier;classifier;N/A;N/A;N/A;2000;100;30;4900;0,0000;0,0000;0,0000;0,0000;0,0000;0,0000;0;0;0;0
20260612_0942;Adaptação_200;classification;LeveragingBagging;Otimizado_33Features;classifier;classifier;classifier;N/A;N/A;N/A;2000;100;31;5000;0,0000;0,0000;0,0000;0,0000;0,0000;0,0000;0;0;0;0
20260612_0942;Adaptação_200;classification;LeveragingBagging;Otimizado_33Features;classifier;classifier;classifier;N/A;N/A;N/A;2000;100;32;5100;0,0000;0,0000;0,0000;0,0000;0,0000;0,0000;1;1;0;0
20260612_0942;Adaptação_200;classification;LeveragingBagging;Otimizado_33Features;classifier;classifier;classifier;N/A;N/A;N/A;2000;100;33;5200;0,0000;0,0000;0,0000;0,0000;0,0000;0,0000;0;0;0;0
20260612_0942;Adaptação_200;classification;LeveragingBagging;Otimizado_33Features;classifier;classifier;classifier;N/A;N/A;N/A;2000;100;34;5300;0,0000;0,0000;0,0000;0,0000;0,0000;0,0000;0;0;0;0
20260612_0942;Adaptação_200;classification;LeveragingBagging;Otimizado_33Features;classifier;classifier;classifier;N/A;N/A;N/A;2000;100;35;5400;0,0000;0,0000;0,0000;0,0000;0,0000;0,0000;0;0;0;0
20260612_0942;Adaptação_200;classification;LeveragingBagging;Otimizado_33Features;classifier;classifier;classifier;N/A;N/A;N/A;2000;100;36;5500;0,0000;0,0000;0,0000;0,0000;0,0000;0,0000;0;0;0;0
20260612_0942;Adaptação_200;classification;LeveragingBagging;Otimizado_33Features;classifier;classifier;classifier;N/A;N/A;N/A;2000;100;37;5600;0,0000;0,0000;0,0000;0,0000;0,0000;0,0000;0;0;0;0
20260612_0942;Adaptação_200;classification;LeveragingBagging;Otimizado_33Features;classifier;classifier;classifier;N/A;N/A;N/A;2000;100;38;5700;0,0000;0,0000;0,0000;0,0000;0,0000;0,0000;0;0;0;0
20260612_0942;Adaptação_200;classification;LeveragingBagging;Otimizado_33Features;classifier;classifier;classifier;N/A;N/A;N/A;2000;100;39;5800;0,0000;0,0000;0,0000;0,0000;0,0000;0,0000;0;0;0;0
20260612_0942;Adaptação_200;classification;LeveragingBagging;Otimizado_33Features;classifier;classifier;classifier;N/A;N/A;N/A;2000;100;40;5900;0,0000;0,0000;0,0000;0,0000;0,0000;0,0000;0;0;0;0
20260612_0942;Adaptação_200;classification;LeveragingBagging;Otimizado_33Features;classifier;classifier;classifier;N/A;N/A;N/A;2000;100;41;6000;0,0000;0,0000;0,0000;0,0000;0,0000;0,0000;0;0;0;0
20260612_0942;Adaptação_200;classification;LeveragingBagging;Otimizado_33Features;classifier;classifier;classifier;N/A;N/A;N/A;2000;100;42;6100;0,0000;0,0000;0,0000;0,0000;0,0000;0,0000;0;0;0;0
20260612_0942;Adaptação_200;classification;LeveragingBagging;Otimizado_33Features;classifier;classifier;classifier;N/A;N/A;N/A;2000;100;43;6200;0,0000;0,0000;0,0000;0,0000;0,0000;0,0000;0;0;0;0
20260612_0942;Adaptação_200;classification;LeveragingBagging;Otimizado_33Features;classifier;classifier;classifier;N/A;N/A;N/A;2000;100;44;6300;0,0000;0,0000;0,0000;0,0000;0,0000;0,0000;0;0;0;0
20260612_0942;Adaptação_200;classification;LeveragingBagging;Otimizado_33Features;classifier;classifier;classifier;N/A;N/A;N/A;2000;100;45;6400;0,0000;0,0000;0,0000;0,0000;0,0000;0,0000;0;0;0;0
20260612_0942;Adaptação_200;classification;LeveragingBagging;Otimizado_33Features;classifier;classifier;classifier;N/A;N/A;N/A;2000;100;46;6500;0,0000;0,0000;0,0000;0,0000;0,0000;0,0000;0;0;0;0
20260612_0942;Adaptação_200;classification;LeveragingBagging;Otimizado_33Features;classifier;classifier;classifier;N/A;N/A;N/A;2000;100;47;6600;0,0000;0,0000;0,0000;0,0000;0,0000;0,0000;0;0;0;0
20260612_0942;Adaptação_200;classification;LeveragingBagging;Otimizado_33Features;classifier;classifier;classifier;N/A;N/A;N/A;2000;100;48;6700;0,0000;0,0000;0,0000;0,0000;0,0000;0,0000;0;0;0;0
20260612_0942;Adaptação_200;classification;LeveragingBagging;Otimizado_33Features;classifier;classifier;classifier;N/A;N/A;N/A;2000;100;49;6800;0,0000;0,0000;0,0000;0,0000;0,0000;0,0000;0;0;0;0
20260612_0942;Adaptação_200;classification;LeveragingBagging;Otimizado_33Features;classifier;classifier;classifier;N/A;N/A;N/A;2000;100;50;6900;0,0000;0,0000;0,0000;0,0000;0,0000;0,0000;0;0;0;0
20260612_0942;Adaptação_200;classification;LeveragingBagging;Otimizado_33Features;classifier;classifier;classifier;N/A;N/A;N/A;2000;100;51;7000;0,0000;0,0000;0,0000;0,0000;0,0000;0,0000;0;0;0;0
20260612_0942;Adaptação_200;classification;LeveragingBagging;Otimizado_33Features;classifier;classifier;classifier;N/A;N/A;N/A;2000;100;52;7100;0,0000;0,0000;0,0000;0,0000;0,0000;0,0000;0;0;0;0
20260612_0942;Adaptação_200;classification;LeveragingBagging;Otimizado_33Features;classifier;classifier;classifier;N/A;N/A;N/A;2000;100;53;7200;0,0000;0,0000;0,0000;0,0000;0,0000;0,0000;0;0;0;0
20260612_0942;Adaptação_200;classification;LeveragingBagging;Otimizado_33Features;classifier;classifier;classifier;N/A;N/A;N/A;2000;100;54;7300;0,0000;0,0000;0,0000;0,0000;0,0000;0,0000;0;0;0;0
20260612_0942;Adaptação_200;classification;LeveragingBagging;Otimizado_33Features;classifier;classifier;classifier;N/A;N/A;N/A;2000;100;55;7400;0,0000;0,0000;0,0000;0,0000;0,0000;0,0000;0;0;0;0
20260612_0942;Adaptação_200;classification;LeveragingBagging;Otimizado_33Features;classifier;classifier;classifier;N/A;N/A;N/A;2000;100;56;7500;0,0000;0,0000;0,0000;0,0000;0,0000;0,0000;0;0;0;0
20260612_0942;Adaptação_200;classification;LeveragingBagging;Otimizado_33Features;classifier;classifier;classifier;N/A;N/A;N/A;2000;100;57;7600;0,0000;0,0000;0,0000;0,0000;0,0000;0,0000;0;0;0;0
20260612_0942;Adaptação_200;classification;LeveragingBagging;Otimizado_33Features;classifier;classifier;classifier;N/A;N/A;N/A;2000;100;58;7700;0,0000;0,0000;0,0000;0,0000;0,0000;0,0000;0;0;1;0
20260612_0942;Adaptação_200;classification;LeveragingBagging;Otimizado_33Features;classifier;classifier;classifier;N/A;N/A;N/A;2000;100;59;7800;96,7166;1,3313;100,0000;0,0000;93,6735;2,4490;0;0;7;3
20260612_0942;Adaptação_200;classification;LeveragingBagging;Otimizado_33Features;classifier;classifier;classifier;N/A;N/A;N/A;2000;100;60;7900;100,0000;0,0000;100,0000;0,0000;100,0000;0,0000;0;0;0;0
20260612_0942;Adaptação_200;classification;LeveragingBagging;Otimizado_33Features;classifier;classifier;classifier;N/A;N/A;N/A;2000;100;61;8000;0,0000;0,0000;0,0000;0,0000;0,0000;0,0000;1;1;0;0
20260612_0942;Adaptação_200;classification;LeveragingBagging;Otimizado_33Features;classifier;classifier;classifier;N/A;N/A;N/A;2000;100;62;8100;0,0000;0,0000;0,0000;0,0000;0,0000;0,0000;0;0;0;0
20260612_0942;Adaptação_200;classification;LeveragingBagging;Otimizado_33Features;classifier;classifier;classifier;N/A;N/A;N/A;2000;100;63;8200;0,0000;0,0000;0,0000;0,0000;0,0000;0,0000;0;0;0;0
20260612_0942;Adaptação_200;classification;LeveragingBagging;Otimizado_33Features;classifier;classifier;classifier;N/A;N/A;N/A;2000;100;64;8300;0,0000;0,0000;0,0000;0,0000;0,0000;0,0000;0;0;0;0
20260612_0942;Adaptação_200;classification;LeveragingBagging;Otimizado_33Features;classifier;classifier;classifier;N/A;N/A;N/A;2000;100;65;8400;0,0000;0,0000;0,0000;0,0000;0,0000;0,0000;0;0;0;0
20260612_0942;Adaptação_200;classification;LeveragingBagging;Otimizado_33Features;classifier;classifier;classifier;N/A;N/A;N/A;2000;100;66;8500;0,0000;0,0000;0,0000;0,0000;0,0000;0,0000;0;0;0;0
20260612_0942;Adaptação_200;classification;LeveragingBagging;Otimizado_33Features;classifier;classifier;classifier;N/A;N/A;N/A;2000;100;67;8600;0,0000;0,0000;0,0000;0,0000;0,0000;0,0000;0;0;0;0
20260612_0942;Adaptação_200;classification;LeveragingBagging;Otimizado_33Features;classifier;classifier;classifier;N/A;N/A;N/A;2000;100;68;8700;0,0000;0,0000;0,0000;0,0000;0,0000;0,0000;0;0;0;0
20260612_0942;Adaptação_200;classification;LeveragingBagging;Otimizado_33Features;classifier;classifier;classifier;N/A;N/A;N/A;2000;100;69;8800;0,0000;0,0000;0,0000;0,0000;0,0000;0,0000;0;0;0;0
20260612_0942;Adaptação_200;classification;LeveragingBagging;Otimizado_33Features;classifier;classifier;classifier;N/A;N/A;N/A;2000;100;70;8900;0,0000;0,0000;0,0000;0,0000;0,0000;0,0000;0;0;0;0
20260612_0942;Adaptação_200;classification;LeveragingBagging;Otimizado_33Features;classifier;classifier;classifier;N/A;N/A;N/A;2000;100;71;9000;0,0000;0,0000;0,0000;0,0000;0,0000;0,0000;0;0;0;0
20260612_0942;Adaptação_200;classification;LeveragingBagging;Otimizado_33Features;classifier;classifier;classifier;N/A;N/A;N/A;2000;100;72;9100;0,0000;0,0000;0,0000;0,0000;0,0000;0,0000;0;0;0;0
20260612_0942;Adaptação_200;classification;LeveragingBagging;Otimizado_33Features;classifier;classifier;classifier;N/A;N/A;N/A;2000;100;73;9200;0,0000;0,0000;0,0000;0,0000;0,0000;0,0000;0;0;0;0
20260612_0942;Adaptação_200;classification;LeveragingBagging;Otimizado_33Features;classifier;classifier;classifier;N/A;N/A;N/A;2000;100;74;9300;0,0000;0,0000;0,0000;0,0000;0,0000;0,0000;0;0;0;0
20260612_0942;Adaptação_200;classification;LeveragingBagging;Otimizado_33Features;classifier;classifier;classifier;N/A;N/A;N/A;2000;100;75;9400;0,0000;0,0000;0,0000;0,0000;0,0000;0,0000;0;0;0;0
20260612_0942;Adaptação_200;classification;LeveragingBagging;Otimizado_33Features;classifier;classifier;classifier;N/A;N/A;N/A;2000;100;76;9500;0,0000;0,0000;0,0000;0,0000;0,0000;0,0000;0;0;0;0
20260612_0942;Adaptação_200;classification;LeveragingBagging;Otimizado_33Features;classifier;classifier;classifier;N/A;N/A;N/A;2000;100;77;9600;0,0000;0,0000;0,0000;0,0000;0,0000;0,0000;0;0;0;0
20260612_0942;Adaptação_200;classification;LeveragingBagging;Otimizado_33Features;classifier;classifier;classifier;N/A;N/A;N/A;2000;100;78;9700;0,0000;0,0000;0,0000;0,0000;0,0000;0,0000;0;0;0;0
20260612_0942;Adaptação_200;classification;LeveragingBagging;Otimizado_33Features;classifier;classifier;classifier;N/A;N/A;N/A;2000;100;79;9800;0,0000;0,0000;0,0000;0,0000;0,0000;0,0000;0;0;0;0
20260612_0942;Adaptação_200;classification;LeveragingBagging;Otimizado_33Features;classifier;classifier;classifier;N/A;N/A;N/A;2000;100;80;9900;0,0000;0,0000;0,0000;0,0000;0,0000;0,0000;0;0;0;0
20260612_0942;Adaptação_200;classification;LeveragingBagging;Otimizado_33Features;classifier;classifier;classifier;N/A;N/A;N/A;2000;100;81;10000;0,0000;0,0000;0,0000;0,0000;0,0000;0,0000;0;0;0;0
20260612_0942;Adaptação_200;classification;LeveragingBagging;Otimizado_33Features;classifier;classifier;classifier;N/A;N/A;N/A;2000;100;82;10100;0,0000;0,0000;0,0000;0,0000;0,0000;0,0000;0;0;0;0
20260612_0942;Adaptação_200;classification;LeveragingBagging;Otimizado_33Features;classifier;classifier;classifier;N/A;N/A;N/A;2000;100;83;10200;0,0000;0,0000;0,0000;0,0000;0,0000;0,0000;0;0;0;0
20260612_0942;Adaptação_200;classification;LeveragingBagging;Otimizado_33Features;classifier;classifier;classifier;N/A;N/A;N/A;2000;100;84;10300;0,0000;0,0000;0,0000;0,0000;0,0000;0,0000;0;0;0;0
20260612_0942;Adaptação_200;classification;LeveragingBagging;Otimizado_33Features;classifier;classifier;classifier;N/A;N/A;N/A;2000;100;85;10400;0,0000;0,0000;0,0000;0,0000;0,0000;0,0000;0;0;0;0
20260612_0942;Adaptação_200;classification;LeveragingBagging;Otimizado_33Features;classifier;classifier;classifier;N/A;N/A;N/A;2000;100;86;10500;0,0000;0,0000;0,0000;0,0000;0,0000;0,0000;0;0;0;0
20260612_0942;Adaptação_200;classification;LeveragingBagging;Otimizado_33Features;classifier;classifier;classifier;N/A;N/A;N/A;2000;100;87;10600;0,0000;0,0000;0,0000;0,0000;0,0000;0,0000;0;0;0;0
20260612_0942;Adaptação_200;classification;LeveragingBagging;Otimizado_33Features;classifier;classifier;classifier;N/A;N/A;N/A;2000;100;88;10700;0,0000;0,0000;0,0000;0,0000;0,0000;0,0000;0;0;0;0
20260612_0942;Adaptação_200;classification;LeveragingBagging;Otimizado_33Features;classifier;classifier;classifier;N/A;N/A;N/A;2000;100;89;10800;0,0000;0,0000;0,0000;0,0000;0,0000;0,0000;0;0;0;0
20260612_0942;Adaptação_200;classification;LeveragingBagging;Otimizado_33Features;classifier;classifier;classifier;N/A;N/A;N/A;2000;100;90;10900;0,0000;0,0000;0,0000;0,0000;0,0000;0,0000;0;0;0;0
20260612_0942;Adaptação_200;classification;LeveragingBagging;Otimizado_33Features;classifier;classifier;classifier;N/A;N/A;N/A;2000;100;91;11000;0,0000;0,0000;0,0000;0,0000;0,0000;0,0000;0;0;0;0
20260612_0942;Adaptação_200;classification;LeveragingBagging;Otimizado_33Features;classifier;classifier;classifier;N/A;N/A;N/A;2000;100;92;11100;0,0000;0,0000;0,0000;0,0000;0,0000;0,0000;0;0;0;0
20260612_0942;Adaptação_200;classification;LeveragingBagging;Otimizado_33Features;classifier;classifier;classifier;N/A;N/A;N/A;2000;100;93;11200;0,0000;0,0000;0,0000;0,0000;0,0000;0,0000;0;0;0;0
20260612_0942;Adaptação_200;classification;LeveragingBagging;Otimizado_33Features;classifier;classifier;classifier;N/A;N/A;N/A;2000;100;94;11300;0,0000;0,0000;0,0000;0,0000;0,0000;0,0000;0;0;0;0
20260612_0942;Adaptação_200;classification;LeveragingBagging;Otimizado_33Features;classifier;classifier;classifier;N/A;N/A;N/A;2000;100;95;11400;0,0000;0,0000;0,0000;0,0000;0,0000;0,0000;0;0;0;0
20260612_0942;Adaptação_200;classification;LeveragingBagging;Otimizado_33Features;classifier;classifier;classifier;N/A;N/A;N/A;2000;100;96;11500;0,0000;0,0000;0,0000;0,0000;0,0000;0,0000;0;0;0;0
20260612_0942;Adaptação_200;classification;LeveragingBagging;Otimizado_33Features;classifier;classifier;classifier;N/A;N/A;N/A;2000;100;97;11600;0,0000;0,0000;0,0000;0,0000;0,0000;0,0000;0;0;0;0
20260612_0942;Adaptação_200;classification;LeveragingBagging;Otimizado_33Features;classifier;classifier;classifier;N/A;N/A;N/A;2000;100;98;11700;96,9072;0,0000;100,0000;0,0000;94,0000;0,0000;0;0;3;0
20260612_0942;Adaptação_200;classification;LeveragingBagging;Otimizado_33Features;classifier;classifier;classifier;N/A;N/A;N/A;2000;100;99;11800;99,8953;0,2094;100,0000;0,0000;99,7917;0,4167;0;0;1;1
20260612_0942;Adaptação_200;classification;LeveragingBagging;Otimizado_33Features;classifier;classifier;classifier;N/A;N/A;N/A;2000;100;100;11900;98,9691;0,0000;100,0000;0,0000;97,9592;0,0000;0;0;1;0
20260612_0942;Adaptação_200;classification;LeveragingBagging;Otimizado_33Features;classifier;classifier;classifier;N/A;N/A;N/A;2000;100;101;12000;0,0000;0,0000;0,0000;0,0000;0,0000;0,0000;0;0;0;0
20260612_0942;Adaptação_200;classification;LeveragingBagging;Otimizado_33Features;classifier;classifier;classifier;N/A;N/A;N/A;2000;100;102;12100;0,0000;0,0000;0,0000;0,0000;0,0000;0,0000;0;0;0;0
20260612_0942;Adaptação_200;classification;LeveragingBagging;Otimizado_33Features;classifier;classifier;classifier;N/A;N/A;N/A;2000;100;103;12200;0,0000;0,0000;0,0000;0,0000;0,0000;0,0000;0;0;0;0
20260612_0942;Adaptação_200;classification;LeveragingBagging;Otimizado_33Features;classifier;classifier;classifier;N/A;N/A;N/A;2000;100;104;12300;0,0000;0,0000;0,0000;0,0000;0,0000;0,0000;0;0;0;0
20260612_0942;Adaptação_200;classification;LeveragingBagging;Otimizado_33Features;classifier;classifier;classifier;N/A;N/A;N/A;2000;100;105;12400;0,0000;0,0000;0,0000;0,0000;0,0000;0,0000;0;0;0;0
20260612_0942;Adaptação_200;classification;LeveragingBagging;Otimizado_33Features;classifier;classifier;classifier;N/A;N/A;N/A;2000;100;106;12500;0,0000;0,0000;0,0000;0,0000;0,0000;0,0000;0;0;0;0
20260612_0942;Adaptação_200;classification;LeveragingBagging;Otimizado_33Features;classifier;classifier;classifier;N/A;N/A;N/A;2000;100;107;12600;0,0000;0,0000;0,0000;0,0000;0,0000;0,0000;0;0;0;0
20260612_0942;Adaptação_200;classification;LeveragingBagging;Otimizado_33Features;classifier;classifier;classifier;N/A;N/A;N/A;2000;100;108;12700;0,0000;0,0000;0,0000;0,0000;0,0000;0,0000;0;0;0;0
20260612_0942;Adaptação_200;classification;LeveragingBagging;Otimizado_33Features;classifier;classifier;classifier;N/A;N/A;N/A;2000;100;109;12800;0,0000;0,0000;0,0000;0,0000;0,0000;0,0000;0;0;0;0
20260612_0942;Adaptação_200;classification;LeveragingBagging;Otimizado_33Features;classifier;classifier;classifier;N/A;N/A;N/A;2000;100;110;12900;0,0000;0,0000;0,0000;0,0000;0,0000;0,0000;0;0;0;0
20260612_0942;Adaptação_200;classification;LeveragingBagging;Otimizado_33Features;classifier;classifier;classifier;N/A;N/A;N/A;2000;100;111;13000;0,0000;0,0000;0,0000;0,0000;0,0000;0,0000;0;0;0;0
20260612_0942;Adaptação_200;classification;LeveragingBagging;Otimizado_33Features;classifier;classifier;classifier;N/A;N/A;N/A;2000;100;112;13100;0,0000;0,0000;0,0000;0,0000;0,0000;0,0000;0;0;0;0
20260612_0942;Adaptação_200;classification;LeveragingBagging;Otimizado_33Features;classifier;classifier;classifier;N/A;N/A;N/A;2000;100;113;13200;0,0000;0,0000;0,0000;0,0000;0,0000;0,0000;0;0;0;0
20260612_0942;Adaptação_200;classification;LeveragingBagging;Otimizado_33Features;classifier;classifier;classifier;N/A;N/A;N/A;2000;100;114;13300;0,0000;0,0000;0,0000;0,0000;0,0000;0,0000;0;0;0;0
20260612_0942;Adaptação_200;classification;LeveragingBagging;Otimizado_33Features;classifier;classifier;classifier;N/A;N/A;N/A;2000;100;115;13400;0,0000;0,0000;0,0000;0,0000;0,0000;0,0000;0;0;0;0
20260612_0942;Adaptação_200;classification;LeveragingBagging;Otimizado_33Features;classifier;classifier;classifier;N/A;N/A;N/A;2000;100;116;13500;0,0000;0,0000;0,0000;0,0000;0,0000;0,0000;0;0;0;0
20260612_0942;Adaptação_200;classification;LeveragingBagging;Otimizado_33Features;classifier;classifier;classifier;N/A;N/A;N/A;2000;100;117;13600;0,0000;0,0000;0,0000;0,0000;0,0000;0,0000;0;0;0;0
20260612_0942;Adaptação_200;classification;LeveragingBagging;Otimizado_33Features;classifier;classifier;classifier;N/A;N/A;N/A;2000;100;118;13700;0,0000;0,0000;0,0000;0,0000;0,0000;0,0000;0;0;0;0
20260612_0942;Adaptação_200;classification;LeveragingBagging;Otimizado_33Features;classifier;classifier;classifier;N/A;N/A;N/A;2000;100;119;13800;0,0000;0,0000;0,0000;0,0000;0,0000;0,0000;0;0;0;0
20260612_0942;Adaptação_200;classification;LeveragingBagging;Otimizado_33Features;classifier;classifier;classifier;N/A;N/A;N/A;2000;100;120;13900;0,0000;0,0000;0,0000;0,0000;0,0000;0,0000;0;0;0;0
20260612_0942;Adaptação_200;classification;LeveragingBagging;Otimizado_33Features;classifier;classifier;classifier;N/A;N/A;N/A;2000;100;121;14000;0,0000;0,0000;0,0000;0,0000;0,0000;0,0000;0;0;0;0
20260612_0942;Adaptação_200;classification;LeveragingBagging;Otimizado_33Features;classifier;classifier;classifier;N/A;N/A;N/A;2000;100;122;14100;0,0000;0,0000;0,0000;0,0000;0,0000;0,0000;0;0;0;0
20260612_0942;Adaptação_200;classification;LeveragingBagging;Otimizado_33Features;classifier;classifier;classifier;N/A;N/A;N/A;2000;100;123;14200;0,0000;0,0000;0,0000;0,0000;0,0000;0,0000;0;0;0;0
20260612_0942;Adaptação_200;classification;LeveragingBagging;Otimizado_33Features;classifier;classifier;classifier;N/A;N/A;N/A;2000;100;124;14300;0,0000;0,0000;0,0000;0,0000;0,0000;0,0000;0;0;0;0
20260612_0942;Adaptação_200;classification;LeveragingBagging;Otimizado_33Features;classifier;classifier;classifier;N/A;N/A;N/A;2000;100;125;14400;0,0000;0,0000;0,0000;0,0000;0,0000;0,0000;0;0;0;0
20260612_0942;Adaptação_200;classification;LeveragingBagging;Otimizado_33Features;classifier;classifier;classifier;N/A;N/A;N/A;2000;100;126;14500;0,0000;0,0000;0,0000;0,0000;0,0000;0,0000;0;0;0;0
20260612_0942;Adaptação_200;classification;LeveragingBagging;Otimizado_33Features;classifier;classifier;classifier;N/A;N/A;N/A;2000;100;127;14600;0,0000;0,0000;0,0000;0,0000;0,0000;0,0000;0;0;0;0
20260612_0942;Adaptação_200;classification;LeveragingBagging;Otimizado_33Features;classifier;classifier;classifier;N/A;N/A;N/A;2000;100;128;14700;0,0000;0,0000;0,0000;0,0000;0,0000;0,0000;0;0;0;0
20260612_0942;Adaptação_200;classification;LeveragingBagging;Otimizado_33Features;classifier;classifier;classifier;N/A;N/A;N/A;2000;100;129;14800;0,0000;0,0000;0,0000;0,0000;0,0000;0,0000;0;0;0;0
20260612_0942;Adaptação_200;classification;LeveragingBagging;Otimizado_33Features;classifier;classifier;classifier;N/A;N/A;N/A;2000;100;130;14900;0,0000;0,0000;0,0000;0,0000;0,0000;0,0000;0;0;0;0
20260612_0942;Adaptação_200;classification;LeveragingBagging;Otimizado_33Features;classifier;classifier;classifier;N/A;N/A;N/A;2000;100;131;15000;0,0000;0,0000;0,0000;0,0000;0,0000;0,0000;0;0;0;0
20260612_0942;Adaptação_200;classification;LeveragingBagging;Otimizado_33Features;classifier;classifier;classifier;N/A;N/A;N/A;2000;100;132;15100;0,0000;0,0000;0,0000;0,0000;0,0000;0,0000;0;0;0;0
20260612_0942;Adaptação_200;classification;LeveragingBagging;Otimizado_33Features;classifier;classifier;classifier;N/A;N/A;N/A;2000;100;133;15200;0,0000;0,0000;0,0000;0,0000;0,0000;0,0000;0;0;0;0
20260612_0942;Adaptação_200;classification;LeveragingBagging;Otimizado_33Features;classifier;classifier;classifier;N/A;N/A;N/A;2000;100;134;15300;0,0000;0,0000;0,0000;0,0000;0,0000;0,0000;0;0;0;0
20260612_0942;Adaptação_200;classification;LeveragingBagging;Otimizado_33Features;classifier;classifier;classifier;N/A;N/A;N/A;2000;100;135;15400;0,0000;0,0000;0,0000;0,0000;0,0000;0,0000;0;0;0;0
20260612_0942;Adaptação_200;classification;LeveragingBagging;Otimizado_33Features;classifier;classifier;classifier;N/A;N/A;N/A;2000;100;136;15500;0,0000;0,0000;0,0000;0,0000;0,0000;0,0000;0;0;0;0
20260612_0942;Adaptação_1000;classification;LeveragingBagging;Otimizado_33Features;classifier;classifier;classifier;N/A;N/A;N/A;2000;100;1;2000;0,0000;0,0000;0,0000;0,0000;0,0000;0,0000;0;0;0;0
20260612_0942;Adaptação_1000;classification;LeveragingBagging;Otimizado_33Features;classifier;classifier;classifier;N/A;N/A;N/A;2000;100;2;2100;0,0000;0,0000;0,0000;0,0000;0,0000;0,0000;0;0;0;0
20260612_0942;Adaptação_1000;classification;LeveragingBagging;Otimizado_33Features;classifier;classifier;classifier;N/A;N/A;N/A;2000;100;3;2200;0,0000;0,0000;0,0000;0,0000;0,0000;0,0000;0;0;0;0
20260612_0942;Adaptação_1000;classification;LeveragingBagging;Otimizado_33Features;classifier;classifier;classifier;N/A;N/A;N/A;2000;100;4;2300;0,0000;0,0000;0,0000;0,0000;0,0000;0,0000;0;0;0;0
20260612_0942;Adaptação_1000;classification;LeveragingBagging;Otimizado_33Features;classifier;classifier;classifier;N/A;N/A;N/A;2000;100;5;2400;0,0000;0,0000;0,0000;0,0000;0,0000;0,0000;0;0;0;0
20260612_0942;Adaptação_1000;classification;LeveragingBagging;Otimizado_33Features;classifier;classifier;classifier;N/A;N/A;N/A;2000;100;6;2500;0,0000;0,0000;0,0000;0,0000;0,0000;0,0000;0;0;0;0
20260612_0942;Adaptação_1000;classification;LeveragingBagging;Otimizado_33Features;classifier;classifier;classifier;N/A;N/A;N/A;2000;100;7;2600;0,0000;0,0000;0,0000;0,0000;0,0000;0,0000;0;0;0;0
20260612_0942;Adaptação_1000;classification;LeveragingBagging;Otimizado_33Features;classifier;classifier;classifier;N/A;N/A;N/A;2000;100;8;2700;0,0000;0,0000;0,0000;0,0000;0,0000;0,0000;0;0;0;0
20260612_0942;Adaptação_1000;classification;LeveragingBagging;Otimizado_33Features;classifier;classifier;classifier;N/A;N/A;N/A;2000;100;9;2800;0,0000;0,0000;0,0000;0,0000;0,0000;0,0000;0;0;0;0
20260612_0942;Adaptação_1000;classification;LeveragingBagging;Otimizado_33Features;classifier;classifier;classifier;N/A;N/A;N/A;2000;100;10;2900;0,0000;0,0000;0,0000;0,0000;0,0000;0,0000;0;0;0;0
20260612_0942;Adaptação_1000;classification;LeveragingBagging;Otimizado_33Features;classifier;classifier;classifier;N/A;N/A;N/A;2000;100;11;3000;0,0000;0,0000;0,0000;0,0000;0,0000;0,0000;0;0;0;0
20260612_0942;Adaptação_1000;classification;LeveragingBagging;Otimizado_33Features;classifier;classifier;classifier;N/A;N/A;N/A;2000;100;12;3100;0,0000;0,0000;0,0000;0,0000;0,0000;0,0000;0;0;0;0
20260612_0942;Adaptação_1000;classification;LeveragingBagging;Otimizado_33Features;classifier;classifier;classifier;N/A;N/A;N/A;2000;100;13;3200;0,0000;0,0000;0,0000;0,0000;0,0000;0,0000;0;0;0;0
20260612_0942;Adaptação_1000;classification;LeveragingBagging;Otimizado_33Features;classifier;classifier;classifier;N/A;N/A;N/A;2000;100;14;3300;0,0000;0,0000;0,0000;0,0000;0,0000;0,0000;0;0;0;0
20260612_0942;Adaptação_1000;classification;LeveragingBagging;Otimizado_33Features;classifier;classifier;classifier;N/A;N/A;N/A;2000;100;15;3400;0,0000;0,0000;0,0000;0,0000;0,0000;0,0000;0;0;0;0
20260612_0942;Adaptação_1000;classification;LeveragingBagging;Otimizado_33Features;classifier;classifier;classifier;N/A;N/A;N/A;2000;100;16;3500;0,0000;0,0000;0,0000;0,0000;0,0000;0,0000;0;0;0;0
20260612_0942;Adaptação_1000;classification;LeveragingBagging;Otimizado_33Features;classifier;classifier;classifier;N/A;N/A;N/A;2000;100;17;3600;0,0000;0,0000;0,0000;0,0000;0,0000;0,0000;0;0;0;0
20260612_0942;Adaptação_1000;classification;LeveragingBagging;Otimizado_33Features;classifier;classifier;classifier;N/A;N/A;N/A;2000;100;18;3700;0,0000;0,0000;0,0000;0,0000;0,0000;0,0000;0;0;0;0
20260612_0942;Adaptação_1000;classification;LeveragingBagging;Otimizado_33Features;classifier;classifier;classifier;N/A;N/A;N/A;2000;100;19;3800;94,4450;0,4163;99,1208;1,0769;90,2041;0,8163;1;1;5;1
20260612_0942;Adaptação_1000;classification;LeveragingBagging;Otimizado_33Features;classifier;classifier;classifier;N/A;N/A;N/A;2000;100;20;3900;99,0046;0,3056;98,5184;0,4787;99,5000;0,6124;2;1;1;1
20260612_0942;Adaptação_1000;classification;LeveragingBagging;Otimizado_33Features;classifier;classifier;classifier;N/A;N/A;N/A;2000;100;21;4000;99,7949;0,2512;100,0000;0,0000;99,5918;0,4999;0;0;1;1
20260612_0942;Adaptação_1000;classification;LeveragingBagging;Otimizado_33Features;classifier;classifier;classifier;N/A;N/A;N/A;2000;100;22;4100;98,9712;0,4563;97,9673;0,8942;100,0000;0,0000;2;1;0;0
20260612_0942;Adaptação_1000;classification;LeveragingBagging;Otimizado_33Features;classifier;classifier;classifier;N/A;N/A;N/A;2000;100;23;4200;99,4924;0,0000;100,0000;0,0000;98,9899;0,0000;0;0;1;0
20260612_0942;Adaptação_1000;classification;LeveragingBagging;Otimizado_33Features;classifier;classifier;classifier;N/A;N/A;N/A;2000;100;24;4300;94,2570;0,8526;91,6970;1,0204;96,9697;0,9583;6;1;2;1
20260612_0942;Adaptação_1000;classification;LeveragingBagging;Otimizado_33Features;classifier;classifier;classifier;N/A;N/A;N/A;2000;100;25;4400;94,4311;0,9970;93,2609;1,9525;95,6522;0,0000;2;1;1;0
20260612_0942;Adaptação_1000;classification;LeveragingBagging;Otimizado_33Features;classifier;classifier;classifier;N/A;N/A;N/A;2000;100;26;4500;91,3135;6,7051;97,1429;3,4993;87,1429;11,4286;1;1;2;2
20260612_0942;Adaptação_1000;classification;LeveragingBagging;Otimizado_33Features;classifier;classifier;classifier;N/A;N/A;N/A;2000;100;27;4600;99,0490;0,2933;100,0000;0,0000;98,1176;0,5764;0;0;2;1
20260612_0942;Adaptação_1000;classification;LeveragingBagging;Otimizado_33Features;classifier;classifier;classifier;N/A;N/A;N/A;2000;100;28;4700;91,6667;0,0000;100,0000;0,0000;84,6154;0,0000;0;0;2;0
20260612_0942;Adaptação_1000;classification;LeveragingBagging;Otimizado_33Features;classifier;classifier;classifier;N/A;N/A;N/A;2000;100;29;4800;100,0000;0,0000;100,0000;0,0000;100,0000;0,0000;0;0;0;0
20260612_0942;Adaptação_1000;classification;LeveragingBagging;Otimizado_33Features;classifier;classifier;classifier;N/A;N/A;N/A;2000;100;30;4900;0,0000;0,0000;0,0000;0,0000;0,0000;0,0000;0;0;0;0
20260612_0942;Adaptação_1000;classification;LeveragingBagging;Otimizado_33Features;classifier;classifier;classifier;N/A;N/A;N/A;2000;100;31;5000;0,0000;0,0000;0,0000;0,0000;0,0000;0,0000;1;1;0;0
20260612_0942;Adaptação_1000;classification;LeveragingBagging;Otimizado_33Features;classifier;classifier;classifier;N/A;N/A;N/A;2000;100;32;5100;0,0000;0,0000;0,0000;0,0000;0,0000;0,0000;1;1;0;0
20260612_0942;Adaptação_1000;classification;LeveragingBagging;Otimizado_33Features;classifier;classifier;classifier;N/A;N/A;N/A;2000;100;33;5200;0,0000;0,0000;0,0000;0,0000;0,0000;0,0000;0;0;0;0
20260612_0942;Adaptação_1000;classification;LeveragingBagging;Otimizado_33Features;classifier;classifier;classifier;N/A;N/A;N/A;2000;100;34;5300;0,0000;0,0000;0,0000;0,0000;0,0000;0,0000;0;0;0;0
20260612_0942;Adaptação_1000;classification;LeveragingBagging;Otimizado_33Features;classifier;classifier;classifier;N/A;N/A;N/A;2000;100;35;5400;0,0000;0,0000;0,0000;0,0000;0,0000;0,0000;0;0;0;0
20260612_0942;Adaptação_1000;classification;LeveragingBagging;Otimizado_33Features;classifier;classifier;classifier;N/A;N/A;N/A;2000;100;36;5500;0,0000;0,0000;0,0000;0,0000;0,0000;0,0000;0;0;0;0
20260612_0942;Adaptação_1000;classification;LeveragingBagging;Otimizado_33Features;classifier;classifier;classifier;N/A;N/A;N/A;2000;100;37;5600;0,0000;0,0000;0,0000;0,0000;0,0000;0,0000;4;1;0;0
20260612_0942;Adaptação_1000;classification;LeveragingBagging;Otimizado_33Features;classifier;classifier;classifier;N/A;N/A;N/A;2000;100;38;5700;0,0000;0,0000;0,0000;0,0000;0,0000;0,0000;0;0;0;0
20260612_0942;Adaptação_1000;classification;LeveragingBagging;Otimizado_33Features;classifier;classifier;classifier;N/A;N/A;N/A;2000;100;39;5800;0,0000;0,0000;0,0000;0,0000;0,0000;0,0000;0;0;0;0
20260612_0942;Adaptação_1000;classification;LeveragingBagging;Otimizado_33Features;classifier;classifier;classifier;N/A;N/A;N/A;2000;100;40;5900;0,0000;0,0000;0,0000;0,0000;0,0000;0,0000;0;0;0;0
20260612_0942;Adaptação_1000;classification;LeveragingBagging;Otimizado_33Features;classifier;classifier;classifier;N/A;N/A;N/A;2000;100;41;6000;0,0000;0,0000;0,0000;0,0000;0,0000;0,0000;1;1;0;0
20260612_0942;Adaptação_1000;classification;LeveragingBagging;Otimizado_33Features;classifier;classifier;classifier;N/A;N/A;N/A;2000;100;42;6100;0,0000;0,0000;0,0000;0,0000;0,0000;0,0000;1;1;0;0
20260612_0942;Adaptação_1000;classification;LeveragingBagging;Otimizado_33Features;classifier;classifier;classifier;N/A;N/A;N/A;2000;100;43;6200;0,0000;0,0000;0,0000;0,0000;0,0000;0,0000;0;0;0;0
20260612_0942;Adaptação_1000;classification;LeveragingBagging;Otimizado_33Features;classifier;classifier;classifier;N/A;N/A;N/A;2000;100;44;6300;0,0000;0,0000;0,0000;0,0000;0,0000;0,0000;0;0;0;0
20260612_0942;Adaptação_1000;classification;LeveragingBagging;Otimizado_33Features;classifier;classifier;classifier;N/A;N/A;N/A;2000;100;45;6400;0,0000;0,0000;0,0000;0,0000;0,0000;0,0000;0;0;0;0
20260612_0942;Adaptação_1000;classification;LeveragingBagging;Otimizado_33Features;classifier;classifier;classifier;N/A;N/A;N/A;2000;100;46;6500;0,0000;0,0000;0,0000;0,0000;0,0000;0,0000;0;0;0;0
20260612_0942;Adaptação_1000;classification;LeveragingBagging;Otimizado_33Features;classifier;classifier;classifier;N/A;N/A;N/A;2000;100;47;6600;0,0000;0,0000;0,0000;0,0000;0,0000;0,0000;0;0;0;0
20260612_0942;Adaptação_1000;classification;LeveragingBagging;Otimizado_33Features;classifier;classifier;classifier;N/A;N/A;N/A;2000;100;48;6700;0,0000;0,0000;0,0000;0,0000;0,0000;0,0000;0;0;0;0
20260612_0942;Adaptação_1000;classification;LeveragingBagging;Otimizado_33Features;classifier;classifier;classifier;N/A;N/A;N/A;2000;100;49;6800;0,0000;0,0000;0,0000;0,0000;0,0000;0,0000;0;0;0;0
20260612_0942;Adaptação_1000;classification;LeveragingBagging;Otimizado_33Features;classifier;classifier;classifier;N/A;N/A;N/A;2000;100;50;6900;0,0000;0,0000;0,0000;0,0000;0,0000;0,0000;0;0;0;0
20260612_0942;Adaptação_1000;classification;LeveragingBagging;Otimizado_33Features;classifier;classifier;classifier;N/A;N/A;N/A;2000;100;51;7000;0,0000;0,0000;0,0000;0,0000;0,0000;0,0000;0;0;0;0
20260612_0942;Adaptação_1000;classification;LeveragingBagging;Otimizado_33Features;classifier;classifier;classifier;N/A;N/A;N/A;2000;100;52;7100;0,0000;0,0000;0,0000;0,0000;0,0000;0,0000;0;0;0;0
20260612_0942;Adaptação_1000;classification;LeveragingBagging;Otimizado_33Features;classifier;classifier;classifier;N/A;N/A;N/A;2000;100;53;7200;0,0000;0,0000;0,0000;0,0000;0,0000;0,0000;0;0;0;0
20260612_0942;Adaptação_1000;classification;LeveragingBagging;Otimizado_33Features;classifier;classifier;classifier;N/A;N/A;N/A;2000;100;54;7300;0,0000;0,0000;0,0000;0,0000;0,0000;0,0000;0;0;0;0
20260612_0942;Adaptação_1000;classification;LeveragingBagging;Otimizado_33Features;classifier;classifier;classifier;N/A;N/A;N/A;2000;100;55;7400;0,0000;0,0000;0,0000;0,0000;0,0000;0,0000;0;0;0;0
20260612_0942;Adaptação_1000;classification;LeveragingBagging;Otimizado_33Features;classifier;classifier;classifier;N/A;N/A;N/A;2000;100;56;7500;0,0000;0,0000;0,0000;0,0000;0,0000;0,0000;0;0;0;0
20260612_0942;Adaptação_1000;classification;LeveragingBagging;Otimizado_33Features;classifier;classifier;classifier;N/A;N/A;N/A;2000;100;57;7600;0,0000;0,0000;0,0000;0,0000;0,0000;0,0000;0;0;0;0
20260612_0942;Adaptação_1000;classification;LeveragingBagging;Otimizado_33Features;classifier;classifier;classifier;N/A;N/A;N/A;2000;100;58;7700;0,0000;0,0000;0,0000;0,0000;0,0000;0,0000;0;0;0;0
20260612_0942;Adaptação_1000;classification;LeveragingBagging;Otimizado_33Features;classifier;classifier;classifier;N/A;N/A;N/A;2000;100;59;7800;0,0000;0,0000;0,0000;0,0000;0,0000;0,0000;0;0;0;0
20260612_0942;Adaptação_1000;classification;LeveragingBagging;Otimizado_33Features;classifier;classifier;classifier;N/A;N/A;N/A;2000;100;60;7900;0,0000;0,0000;0,0000;0,0000;0,0000;0,0000;0;0;0;0
20260612_0942;Adaptação_1000;classification;LeveragingBagging;Otimizado_33Features;classifier;classifier;classifier;N/A;N/A;N/A;2000;100;61;8000;0,0000;0,0000;0,0000;0,0000;0,0000;0,0000;0;0;0;0
20260612_0942;Adaptação_1000;classification;LeveragingBagging;Otimizado_33Features;classifier;classifier;classifier;N/A;N/A;N/A;2000;100;62;8100;0,0000;0,0000;0,0000;0,0000;0,0000;0,0000;0;0;0;0
20260612_0942;Adaptação_1000;classification;LeveragingBagging;Otimizado_33Features;classifier;classifier;classifier;N/A;N/A;N/A;2000;100;63;8200;0,0000;0,0000;0,0000;0,0000;0,0000;0,0000;0;0;0;0
20260612_0942;Adaptação_1000;classification;LeveragingBagging;Otimizado_33Features;classifier;classifier;classifier;N/A;N/A;N/A;2000;100;64;8300;0,0000;0,0000;0,0000;0,0000;0,0000;0,0000;0;0;0;0
20260612_0942;Adaptação_1000;classification;LeveragingBagging;Otimizado_33Features;classifier;classifier;classifier;N/A;N/A;N/A;2000;100;65;8400;0,0000;0,0000;0,0000;0,0000;0,0000;0,0000;0;0;0;0
20260612_0942;Adaptação_1000;classification;LeveragingBagging;Otimizado_33Features;classifier;classifier;classifier;N/A;N/A;N/A;2000;100;66;8500;0,0000;0,0000;0,0000;0,0000;0,0000;0,0000;0;0;1;0
20260612_0942;Adaptação_1000;classification;LeveragingBagging;Otimizado_33Features;classifier;classifier;classifier;N/A;N/A;N/A;2000;100;67;8600;90,7660;3,4195;100,0000;0,0000;83,2653;5,4989;0;0;17;6
20260612_0942;Adaptação_1000;classification;LeveragingBagging;Otimizado_33Features;classifier;classifier;classifier;N/A;N/A;N/A;2000;100;68;8700;100,0000;0,0000;100,0000;0,0000;100,0000;0,0000;0;0;0;0
20260612_0942;Adaptação_1000;classification;LeveragingBagging;Otimizado_33Features;classifier;classifier;classifier;N/A;N/A;N/A;2000;100;69;8800;100,0000;0,0000;100,0000;0,0000;100,0000;0,0000;0;0;0;0
20260612_0942;Adaptação_1000;classification;LeveragingBagging;Otimizado_33Features;classifier;classifier;classifier;N/A;N/A;N/A;2000;100;70;8900;100,0000;0,0000;100,0000;0,0000;100,0000;0,0000;0;0;0;0
20260612_0942;Adaptação_1000;classification;LeveragingBagging;Otimizado_33Features;classifier;classifier;classifier;N/A;N/A;N/A;2000;100;71;9000;100,0000;0,0000;100,0000;0,0000;100,0000;0,0000;0;0;0;0
20260612_0942;Adaptação_1000;classification;LeveragingBagging;Otimizado_33Features;classifier;classifier;classifier;N/A;N/A;N/A;2000;100;72;9100;100,0000;0,0000;100,0000;0,0000;100,0000;0,0000;0;0;0;0
20260612_0942;Adaptação_1000;classification;LeveragingBagging;Otimizado_33Features;classifier;classifier;classifier;N/A;N/A;N/A;2000;100;73;9200;100,0000;0,0000;100,0000;0,0000;100,0000;0,0000;0;0;0;0
20260612_0942;Adaptação_1000;classification;LeveragingBagging;Otimizado_33Features;classifier;classifier;classifier;N/A;N/A;N/A;2000;100;74;9300;100,0000;0,0000;100,0000;0,0000;100,0000;0,0000;0;0;0;0
20260612_0942;Adaptação_1000;classification;LeveragingBagging;Otimizado_33Features;classifier;classifier;classifier;N/A;N/A;N/A;2000;100;75;9400;100,0000;0,0000;100,0000;0,0000;100,0000;0,0000;0;0;0;0
20260612_0942;Adaptação_1000;classification;LeveragingBagging;Otimizado_33Features;classifier;classifier;classifier;N/A;N/A;N/A;2000;100;76;9500;99,4975;0,0000;99,0000;0,0000;100,0000;0,0000;1;0;0;0
20260612_0942;Adaptação_1000;classification;LeveragingBagging;Otimizado_33Features;classifier;classifier;classifier;N/A;N/A;N/A;2000;100;77;9600;0,0000;0,0000;0,0000;0,0000;0,0000;0,0000;4;1;0;0
20260612_0942;Adaptação_1000;classification;LeveragingBagging;Otimizado_33Features;classifier;classifier;classifier;N/A;N/A;N/A;2000;100;78;9700;0,0000;0,0000;0,0000;0,0000;0,0000;0,0000;0;0;0;0
20260612_0942;Adaptação_1000;classification;LeveragingBagging;Otimizado_33Features;classifier;classifier;classifier;N/A;N/A;N/A;2000;100;79;9800;0,0000;0,0000;0,0000;0,0000;0,0000;0,0000;0;0;0;0
20260612_0942;Adaptação_1000;classification;LeveragingBagging;Otimizado_33Features;classifier;classifier;classifier;N/A;N/A;N/A;2000;100;80;9900;0,0000;0,0000;0,0000;0,0000;0,0000;0,0000;0;0;0;0
20260612_0942;Adaptação_1000;classification;LeveragingBagging;Otimizado_33Features;classifier;classifier;classifier;N/A;N/A;N/A;2000;100;81;10000;0,0000;0,0000;0,0000;0,0000;0,0000;0,0000;0;0;0;0
20260612_0942;Adaptação_1000;classification;LeveragingBagging;Otimizado_33Features;classifier;classifier;classifier;N/A;N/A;N/A;2000;100;82;10100;0,0000;0,0000;0,0000;0,0000;0,0000;0,0000;0;0;0;0
20260612_0942;Adaptação_1000;classification;LeveragingBagging;Otimizado_33Features;classifier;classifier;classifier;N/A;N/A;N/A;2000;100;83;10200;0,0000;0,0000;0,0000;0,0000;0,0000;0,0000;0;0;0;0
20260612_0942;Adaptação_1000;classification;LeveragingBagging;Otimizado_33Features;classifier;classifier;classifier;N/A;N/A;N/A;2000;100;84;10300;0,0000;0,0000;0,0000;0,0000;0,0000;0,0000;0;0;0;0
20260612_0942;Adaptação_1000;classification;LeveragingBagging;Otimizado_33Features;classifier;classifier;classifier;N/A;N/A;N/A;2000;100;85;10400;0,0000;0,0000;0,0000;0,0000;0,0000;0,0000;0;0;0;0
20260612_0942;Adaptação_1000;classification;LeveragingBagging;Otimizado_33Features;classifier;classifier;classifier;N/A;N/A;N/A;2000;100;86;10500;0,0000;0,0000;0,0000;0,0000;0,0000;0,0000;0;0;0;0
20260612_0942;Adaptação_1000;classification;LeveragingBagging;Otimizado_33Features;classifier;classifier;classifier;N/A;N/A;N/A;2000;100;87;10600;0,0000;0,0000;0,0000;0,0000;0,0000;0,0000;0;0;0;0
20260612_0942;Adaptação_1000;classification;LeveragingBagging;Otimizado_33Features;classifier;classifier;classifier;N/A;N/A;N/A;2000;100;88;10700;0,0000;0,0000;0,0000;0,0000;0,0000;0,0000;0;0;0;0
20260612_0942;Adaptação_1000;classification;LeveragingBagging;Otimizado_33Features;classifier;classifier;classifier;N/A;N/A;N/A;2000;100;89;10800;0,0000;0,0000;0,0000;0,0000;0,0000;0,0000;0;0;0;0
20260612_0942;Adaptação_1000;classification;LeveragingBagging;Otimizado_33Features;classifier;classifier;classifier;N/A;N/A;N/A;2000;100;90;10900;0,0000;0,0000;0,0000;0,0000;0,0000;0,0000;0;0;0;0
20260612_0942;Adaptação_1000;classification;LeveragingBagging;Otimizado_33Features;classifier;classifier;classifier;N/A;N/A;N/A;2000;100;91;11000;0,0000;0,0000;0,0000;0,0000;0,0000;0,0000;0;0;0;0
20260612_0942;Adaptação_1000;classification;LeveragingBagging;Otimizado_33Features;classifier;classifier;classifier;N/A;N/A;N/A;2000;100;92;11100;0,0000;0,0000;0,0000;0,0000;0,0000;0,0000;0;0;0;0
20260612_0942;Adaptação_1000;classification;LeveragingBagging;Otimizado_33Features;classifier;classifier;classifier;N/A;N/A;N/A;2000;100;93;11200;0,0000;0,0000;0,0000;0,0000;0,0000;0,0000;0;0;0;0
20260612_0942;Adaptação_1000;classification;LeveragingBagging;Otimizado_33Features;classifier;classifier;classifier;N/A;N/A;N/A;2000;100;94;11300;0,0000;0,0000;0,0000;0,0000;0,0000;0,0000;0;0;0;0
20260612_0942;Adaptação_1000;classification;LeveragingBagging;Otimizado_33Features;classifier;classifier;classifier;N/A;N/A;N/A;2000;100;95;11400;0,0000;0,0000;0,0000;0,0000;0,0000;0,0000;0;0;0;0
20260612_0942;Adaptação_1000;classification;LeveragingBagging;Otimizado_33Features;classifier;classifier;classifier;N/A;N/A;N/A;2000;100;96;11500;0,0000;0,0000;0,0000;0,0000;0,0000;0,0000;0;0;0;0
20260612_0942;Adaptação_1000;classification;LeveragingBagging;Otimizado_33Features;classifier;classifier;classifier;N/A;N/A;N/A;2000;100;97;11600;0,0000;0,0000;0,0000;0,0000;0,0000;0,0000;0;0;0;0
20260612_0942;Adaptação_1000;classification;LeveragingBagging;Otimizado_33Features;classifier;classifier;classifier;N/A;N/A;N/A;2000;100;98;11700;0,0000;0,0000;0,0000;0,0000;0,0000;0,0000;0;0;0;0
20260612_0942;Adaptação_1000;classification;LeveragingBagging;Otimizado_33Features;classifier;classifier;classifier;N/A;N/A;N/A;2000;100;99;11800;0,0000;0,0000;0,0000;0,0000;0,0000;0,0000;0;0;0;0
20260612_0942;Adaptação_1000;classification;LeveragingBagging;Otimizado_33Features;classifier;classifier;classifier;N/A;N/A;N/A;2000;100;100;11900;0,0000;0,0000;0,0000;0,0000;0,0000;0,0000;0;0;0;0
20260612_0942;Adaptação_1000;classification;LeveragingBagging;Otimizado_33Features;classifier;classifier;classifier;N/A;N/A;N/A;2000;100;101;12000;0,0000;0,0000;0,0000;0,0000;0,0000;0,0000;0;0;0;0
20260612_0942;Adaptação_1000;classification;LeveragingBagging;Otimizado_33Features;classifier;classifier;classifier;N/A;N/A;N/A;2000;100;102;12100;0,0000;0,0000;0,0000;0,0000;0,0000;0,0000;0;0;0;0
20260612_0942;Adaptação_1000;classification;LeveragingBagging;Otimizado_33Features;classifier;classifier;classifier;N/A;N/A;N/A;2000;100;103;12200;0,0000;0,0000;0,0000;0,0000;0,0000;0,0000;0;0;0;0
20260612_0942;Adaptação_1000;classification;LeveragingBagging;Otimizado_33Features;classifier;classifier;classifier;N/A;N/A;N/A;2000;100;104;12300;0,0000;0,0000;0,0000;0,0000;0,0000;0,0000;0;0;0;0
20260612_0942;Adaptação_1000;classification;LeveragingBagging;Otimizado_33Features;classifier;classifier;classifier;N/A;N/A;N/A;2000;100;105;12400;0,0000;0,0000;0,0000;0,0000;0,0000;0,0000;0;0;0;0
20260612_0942;Adaptação_1000;classification;LeveragingBagging;Otimizado_33Features;classifier;classifier;classifier;N/A;N/A;N/A;2000;100;106;12500;0,0000;0,0000;0,0000;0,0000;0,0000;0,0000;0;0;0;0
20260612_0942;Adaptação_1000;classification;LeveragingBagging;Otimizado_33Features;classifier;classifier;classifier;N/A;N/A;N/A;2000;100;107;12600;0,0000;0,0000;0,0000;0,0000;0,0000;0,0000;0;0;0;0
20260612_0942;Adaptação_1000;classification;LeveragingBagging;Otimizado_33Features;classifier;classifier;classifier;N/A;N/A;N/A;2000;100;108;12700;0,0000;0,0000;0,0000;0,0000;0,0000;0,0000;0;0;0;0
20260612_0942;Adaptação_1000;classification;LeveragingBagging;Otimizado_33Features;classifier;classifier;classifier;N/A;N/A;N/A;2000;100;109;12800;0,0000;0,0000;0,0000;0,0000;0,0000;0,0000;0;0;0;0
20260612_0942;Adaptação_1000;classification;LeveragingBagging;Otimizado_33Features;classifier;classifier;classifier;N/A;N/A;N/A;2000;100;110;12900;0,0000;0,0000;0,0000;0,0000;0,0000;0,0000;0;0;0;0
20260612_0942;Adaptação_1000;classification;LeveragingBagging;Otimizado_33Features;classifier;classifier;classifier;N/A;N/A;N/A;2000;100;111;13000;0,0000;0,0000;0,0000;0,0000;0,0000;0,0000;0;0;0;0
20260612_0942;Adaptação_1000;classification;LeveragingBagging;Otimizado_33Features;classifier;classifier;classifier;N/A;N/A;N/A;2000;100;112;13100;0,0000;0,0000;0,0000;0,0000;0,0000;0,0000;0;0;0;0
20260612_0942;Adaptação_1000;classification;LeveragingBagging;Otimizado_33Features;classifier;classifier;classifier;N/A;N/A;N/A;2000;100;113;13200;0,0000;0,0000;0,0000;0,0000;0,0000;0,0000;0;0;0;0
20260612_0942;Adaptação_1000;classification;LeveragingBagging;Otimizado_33Features;classifier;classifier;classifier;N/A;N/A;N/A;2000;100;114;13300;95,5504;0,7341;100,0000;0,0000;91,4894;1,3457;0;0;4;1
20260612_0942;Adaptação_1000;classification;LeveragingBagging;Otimizado_33Features;classifier;classifier;classifier;N/A;N/A;N/A;2000;100;115;13400;97,6274;0,4441;100,0000;0,0000;95,3684;0,8421;0;0;5;1
20260612_0942;Adaptação_1000;classification;LeveragingBagging;Otimizado_33Features;classifier;classifier;classifier;N/A;N/A;N/A;2000;100;116;13500;98,6629;0,2767;100,0000;0,0000;97,3626;0,5383;0;0;3;1
20260612_0942;Adaptação_1000;classification;LeveragingBagging;Otimizado_33Features;classifier;classifier;classifier;N/A;N/A;N/A;2000;100;117;13600;99,1000;0,2963;99,7015;0,5970;98,5075;0,0000;1;1;1;0
20260612_0942;Adaptação_1000;classification;LeveragingBagging;Otimizado_33Features;classifier;classifier;classifier;N/A;N/A;N/A;2000;100;118;13700;99,3490;0,4070;100,0000;0,0000;98,7097;0,8047;0;0;2;1
20260612_0942;Adaptação_1000;classification;LeveragingBagging;Otimizado_33Features;classifier;classifier;classifier;N/A;N/A;N/A;2000;100;119;13800;100,0000;0,0000;100,0000;0,0000;100,0000;0,0000;0;0;0;0
20260612_0942;Adaptação_1000;classification;LeveragingBagging;Otimizado_33Features;classifier;classifier;classifier;N/A;N/A;N/A;2000;100;120;13900;99,0706;0,5070;100,0000;0,0000;98,1633;0,9998;0;0;2;1
20260612_0942;Adaptação_1000;classification;LeveragingBagging;Otimizado_33Features;classifier;classifier;classifier;N/A;N/A;N/A;2000;100;121;14000;99,0822;0,2051;100,0000;0,0000;98,1818;0,4040;0;0;2;1
20260612_0942;Adaptação_1000;classification;LeveragingBagging;Otimizado_33Features;classifier;classifier;classifier;N/A;N/A;N/A;2000;100;122;14100;100,0000;0,0000;100,0000;0,0000;100,0000;0,0000;0;0;0;0
20260612_0942;Adaptação_1000;classification;LeveragingBagging;Otimizado_33Features;classifier;classifier;classifier;N/A;N/A;N/A;2000;100;123;14200;99,2789;0,4126;100,0000;0,0000;98,5714;0,8163;0;0;2;1
20260612_0942;Adaptação_1000;classification;LeveragingBagging;Otimizado_33Features;classifier;classifier;classifier;N/A;N/A;N/A;2000;100;124;14300;96,6372;1,7005;94,2430;2,6163;99,1837;0,9998;3;2;1;1
20260612_0942;Adaptação_1000;classification;LeveragingBagging;Otimizado_33Features;classifier;classifier;classifier;N/A;N/A;N/A;2000;100;125;14400;0,0000;0,0000;0,0000;0,0000;0,0000;0,0000;2;1;0;0
20260612_0942;Adaptação_1000;classification;LeveragingBagging;Otimizado_33Features;classifier;classifier;classifier;N/A;N/A;N/A;2000;100;126;14500;0,0000;0,0000;0,0000;0,0000;0,0000;0,0000;1;1;0;0
20260612_0942;Adaptação_1000;classification;LeveragingBagging;Otimizado_33Features;classifier;classifier;classifier;N/A;N/A;N/A;2000;100;127;14600;0,0000;0,0000;0,0000;0,0000;0,0000;0,0000;1;1;0;0
20260612_0942;Adaptação_1000;classification;LeveragingBagging;Otimizado_33Features;classifier;classifier;classifier;N/A;N/A;N/A;2000;100;128;14700;0,0000;0,0000;0,0000;0,0000;0,0000;0,0000;0;0;0;0
20260612_0942;Adaptação_1000;classification;LeveragingBagging;Otimizado_33Features;classifier;classifier;classifier;N/A;N/A;N/A;2000;100;129;14800;0,0000;0,0000;0,0000;0,0000;0,0000;0,0000;0;0;0;0
20260612_0942;Adaptação_1000;classification;LeveragingBagging;Otimizado_33Features;classifier;classifier;classifier;N/A;N/A;N/A;2000;100;130;14900;0,0000;0,0000;0,0000;0,0000;0,0000;0,0000;0;0;0;0
20260612_0942;Adaptação_1000;classification;LeveragingBagging;Otimizado_33Features;classifier;classifier;classifier;N/A;N/A;N/A;2000;100;131;15000;0,0000;0,0000;0,0000;0,0000;0,0000;0,0000;0;0;0;0
20260612_0942;Adaptação_1000;classification;LeveragingBagging;Otimizado_33Features;classifier;classifier;classifier;N/A;N/A;N/A;2000;100;132;15100;0,0000;0,0000;0,0000;0,0000;0,0000;0,0000;0;0;0;0
20260612_0942;Adaptação_1000;classification;LeveragingBagging;Otimizado_33Features;classifier;classifier;classifier;N/A;N/A;N/A;2000;100;133;15200;0,0000;0,0000;0,0000;0,0000;0,0000;0,0000;0;0;0;0
20260612_0942;Adaptação_1000;classification;LeveragingBagging;Otimizado_33Features;classifier;classifier;classifier;N/A;N/A;N/A;2000;100;134;15300;0,0000;0,0000;0,0000;0,0000;0,0000;0,0000;0;0;0;0
20260612_0942;Adaptação_1000;classification;LeveragingBagging;Otimizado_33Features;classifier;classifier;classifier;N/A;N/A;N/A;2000;100;135;15400;0,0000;0,0000;0,0000;0,0000;0,0000;0,0000;0;0;0;0
20260612_0942;Adaptação_1000;classification;LeveragingBagging;Otimizado_33Features;classifier;classifier;classifier;N/A;N/A;N/A;2000;100;136;15500;0,0000;0,0000;0,0000;0,0000;0,0000;0,0000;0;0;0;0
20260612_0942;Adaptação_1000;classification;LeveragingBagging;Otimizado_33Features;classifier;classifier;classifier;N/A;N/A;N/A;2000;100;137;15600;0,0000;0,0000;0,0000;0,0000;0,0000;0,0000;0;0;0;0
20260612_0942;Adaptação_1000;classification;LeveragingBagging;Otimizado_33Features;classifier;classifier;classifier;N/A;N/A;N/A;2000;100;138;15700;0,0000;0,0000;0,0000;0,0000;0,0000;0,0000;0;0;0;0
20260612_0942;Adaptação_1000;classification;LeveragingBagging;Otimizado_33Features;classifier;classifier;classifier;N/A;N/A;N/A;2000;100;139;15800;0,0000;0,0000;0,0000;0,0000;0,0000;0,0000;0;0;0;0
20260612_0942;Adaptação_1000;classification;LeveragingBagging;Otimizado_33Features;classifier;classifier;classifier;N/A;N/A;N/A;2000;100;140;15900;0,0000;0,0000;0,0000;0,0000;0,0000;0,0000;0;0;0;0
20260612_0942;Adaptação_1000;classification;LeveragingBagging;Otimizado_33Features;classifier;classifier;classifier;N/A;N/A;N/A;2000;100;141;16000;0,0000;0,0000;0,0000;0,0000;0,0000;0,0000;0;0;0;0
20260612_0942;Adaptação_1000;classification;LeveragingBagging;Otimizado_33Features;classifier;classifier;classifier;N/A;N/A;N/A;2000;100;142;16100;0,0000;0,0000;0,0000;0,0000;0,0000;0,0000;0;0;0;0
20260612_0942;Adaptação_1000;classification;LeveragingBagging;Otimizado_33Features;classifier;classifier;classifier;N/A;N/A;N/A;2000;100;143;16200;0,0000;0,0000;0,0000;0,0000;0,0000;0,0000;0;0;0;0
20260612_0942;Adaptação_1000;classification;LeveragingBagging;Otimizado_33Features;classifier;classifier;classifier;N/A;N/A;N/A;2000;100;144;16300;0,0000;0,0000;0,0000;0,0000;0,0000;0,0000;0;0;0;0
20260612_0942;Adaptação_1000;classification;LeveragingBagging;Otimizado_33Features;classifier;classifier;classifier;N/A;N/A;N/A;2000;100;145;16400;0,0000;0,0000;0,0000;0,0000;0,0000;0,0000;0;0;0;0
20260612_0942;Adaptação_1000;classification;LeveragingBagging;Otimizado_33Features;classifier;classifier;classifier;N/A;N/A;N/A;2000;100;146;16500;0,0000;0,0000;0,0000;0,0000;0,0000;0,0000;0;0;0;0
20260612_0942;Adaptação_1000;classification;LeveragingBagging;Otimizado_33Features;classifier;classifier;classifier;N/A;N/A;N/A;2000;100;147;16600;0,0000;0,0000;0,0000;0,0000;0,0000;0,0000;0;0;0;0
20260612_0942;Adaptação_1000;classification;LeveragingBagging;Otimizado_33Features;classifier;classifier;classifier;N/A;N/A;N/A;2000;100;148;16700;0,0000;0,0000;0,0000;0,0000;0,0000;0,0000;0;0;0;0
20260612_0942;Adaptação_1000;classification;LeveragingBagging;Otimizado_33Features;classifier;classifier;classifier;N/A;N/A;N/A;2000;100;149;16800;0,0000;0,0000;0,0000;0,0000;0,0000;0,0000;0;0;0;0
20260612_0942;Adaptação_1000;classification;LeveragingBagging;Otimizado_33Features;classifier;classifier;classifier;N/A;N/A;N/A;2000;100;150;16900;0,0000;0,0000;0,0000;0,0000;0,0000;0,0000;0;0;0;0
20260612_0942;Adaptação_1000;classification;LeveragingBagging;Otimizado_33Features;classifier;classifier;classifier;N/A;N/A;N/A;2000;100;151;17000;0,0000;0,0000;0,0000;0,0000;0,0000;0,0000;0;0;0;0
20260612_0942;Adaptação_1000;classification;LeveragingBagging;Otimizado_33Features;classifier;classifier;classifier;N/A;N/A;N/A;2000;100;152;17100;0,0000;0,0000;0,0000;0,0000;0,0000;0,0000;0;0;0;0
20260612_0942;Adaptação_1000;classification;LeveragingBagging;Otimizado_33Features;classifier;classifier;classifier;N/A;N/A;N/A;2000;100;153;17200;0,0000;0,0000;0,0000;0,0000;0,0000;0,0000;0;0;0;0
20260612_0942;Adaptação_1000;classification;LeveragingBagging;Otimizado_33Features;classifier;classifier;classifier;N/A;N/A;N/A;2000;100;154;17300;0,0000;0,0000;0,0000;0,0000;0,0000;0,0000;0;0;0;0
20260612_0942;Adaptação_1000;classification;LeveragingBagging;Otimizado_33Features;classifier;classifier;classifier;N/A;N/A;N/A;2000;100;155;17400;0,0000;0,0000;0,0000;0,0000;0,0000;0,0000;0;0;0;0
20260612_0942;Adaptação_1000;classification;LeveragingBagging;Otimizado_33Features;classifier;classifier;classifier;N/A;N/A;N/A;2000;100;156;17500;0,0000;0,0000;0,0000;0,0000;0,0000;0,0000;0;0;0;0
20260612_0942;Adaptação_1000;classification;LeveragingBagging;Otimizado_33Features;classifier;classifier;classifier;N/A;N/A;N/A;2000;100;157;17600;0,0000;0,0000;0,0000;0,0000;0,0000;0,0000;0;0;0;0
20260612_0942;Adaptação_1000;classification;LeveragingBagging;Otimizado_33Features;classifier;classifier;classifier;N/A;N/A;N/A;2000;100;158;17700;0,0000;0,0000;0,0000;0,0000;0,0000;0,0000;0;0;0;0
20260612_0942;Adaptação_1000;classification;LeveragingBagging;Otimizado_33Features;classifier;classifier;classifier;N/A;N/A;N/A;2000;100;159;17800;0,0000;0,0000;0,0000;0,0000;0,0000;0,0000;0;0;0;0
20260612_0942;Adaptação_1000;classification;LeveragingBagging;Otimizado_33Features;classifier;classifier;classifier;N/A;N/A;N/A;2000;100;160;17900;0,0000;0,0000;0,0000;0,0000;0,0000;0,0000;0;0;0;0
20260613_0945;Recorrência_25;classification;LeveragingBagging;Otimizado_33Features;classifier;classifier;classifier;N/A;N/A;N/A;2000;100;1;2000;0,0000;0,0000;0,0000;0,0000;0,0000;0,0000;0;0;0;0
20260613_0945;Recorrência_25;classification;LeveragingBagging;Otimizado_33Features;classifier;classifier;classifier;N/A;N/A;N/A;2000;100;2;2100;0,0000;0,0000;0,0000;0,0000;0,0000;0,0000;0;0;0;0
20260613_0945;Recorrência_25;classification;LeveragingBagging;Otimizado_33Features;classifier;classifier;classifier;N/A;N/A;N/A;2000;100;3;2200;90,9091;0,0000;100,0000;0,0000;83,3333;0,0000;0;0;2;0
20260613_0945;Recorrência_25;classification;LeveragingBagging;Otimizado_33Features;classifier;classifier;classifier;N/A;N/A;N/A;2000;100;4;2300;0,0000;0,0000;0,0000;0,0000;0,0000;0,0000;1;1;0;0
20260613_0945;Recorrência_25;classification;LeveragingBagging;Otimizado_33Features;classifier;classifier;classifier;N/A;N/A;N/A;2000;100;5;2400;0,0000;0,0000;0,0000;0,0000;0,0000;0,0000;0;0;0;0
20260613_0945;Recorrência_25;classification;LeveragingBagging;Otimizado_33Features;classifier;classifier;classifier;N/A;N/A;N/A;2000;100;6;2500;0,0000;0,0000;0,0000;0,0000;0,0000;0,0000;0;0;0;0
20260613_0945;Recorrência_25;classification;LeveragingBagging;Otimizado_33Features;classifier;classifier;classifier;N/A;N/A;N/A;2000;100;7;2600;0,0000;0,0000;0,0000;0,0000;0,0000;0,0000;0;0;0;0
20260613_0945;Recorrência_25;classification;LeveragingBagging;Otimizado_33Features;classifier;classifier;classifier;N/A;N/A;N/A;2000;100;8;2700;0,0000;0,0000;0,0000;0,0000;0,0000;0,0000;0;0;0;0
20260613_0945;Recorrência_25;classification;LeveragingBagging;Otimizado_33Features;classifier;classifier;classifier;N/A;N/A;N/A;2000;100;9;2800;0,0000;0,0000;0,0000;0,0000;0,0000;0,0000;0;0;0;0
20260613_0945;Recorrência_25;classification;LeveragingBagging;Otimizado_33Features;classifier;classifier;classifier;N/A;N/A;N/A;2000;100;10;2900;0,0000;0,0000;0,0000;0,0000;0,0000;0,0000;0;0;0;0
20260613_0945;Recorrência_25;classification;LeveragingBagging;Otimizado_33Features;classifier;classifier;classifier;N/A;N/A;N/A;2000;100;11;3000;0,0000;0,0000;0,0000;0,0000;0,0000;0,0000;0;0;0;0
20260613_0945;Recorrência_25;classification;LeveragingBagging;Otimizado_33Features;classifier;classifier;classifier;N/A;N/A;N/A;2000;100;12;3100;0,0000;0,0000;0,0000;0,0000;0,0000;0,0000;0;0;0;0
20260613_0945;Recorrência_25;classification;LeveragingBagging;Otimizado_33Features;classifier;classifier;classifier;N/A;N/A;N/A;2000;100;13;3200;0,0000;0,0000;0,0000;0,0000;0,0000;0,0000;0;0;0;0
20260613_0945;Recorrência_25;classification;LeveragingBagging;Otimizado_33Features;classifier;classifier;classifier;N/A;N/A;N/A;2000;100;14;3300;0,0000;0,0000;0,0000;0,0000;0,0000;0,0000;0;0;0;0
20260613_0945;Recorrência_25;classification;LeveragingBagging;Otimizado_33Features;classifier;classifier;classifier;N/A;N/A;N/A;2000;100;15;3400;0,0000;0,0000;0,0000;0,0000;0,0000;0,0000;0;0;0;0
20260613_0945;Recorrência_25;classification;LeveragingBagging;Otimizado_33Features;classifier;classifier;classifier;N/A;N/A;N/A;2000;100;16;3500;0,0000;0,0000;0,0000;0,0000;0,0000;0,0000;0;0;0;0
20260613_0945;Recorrência_25;classification;LeveragingBagging;Otimizado_33Features;classifier;classifier;classifier;N/A;N/A;N/A;2000;100;17;3600;0,0000;0,0000;0,0000;0,0000;0,0000;0,0000;0;0;0;0
20260613_0945;Recorrência_25;classification;LeveragingBagging;Otimizado_33Features;classifier;classifier;classifier;N/A;N/A;N/A;2000;100;18;3700;0,0000;0,0000;0,0000;0,0000;0,0000;0,0000;0;0;0;0
20260613_0945;Recorrência_25;classification;LeveragingBagging;Otimizado_33Features;classifier;classifier;classifier;N/A;N/A;N/A;2000;100;19;3800;0,0000;0,0000;0,0000;0,0000;0,0000;0,0000;0;0;0;0
20260613_0945;Recorrência_25;classification;LeveragingBagging;Otimizado_33Features;classifier;classifier;classifier;N/A;N/A;N/A;2000;100;20;3900;0,0000;0,0000;0,0000;0,0000;0,0000;0,0000;0;0;0;0
20260613_0945;Recorrência_25;classification;LeveragingBagging;Otimizado_33Features;classifier;classifier;classifier;N/A;N/A;N/A;2000;100;21;4000;0,0000;0,0000;0,0000;0,0000;0,0000;0,0000;0;0;0;0
20260613_0945;Recorrência_25;classification;LeveragingBagging;Otimizado_33Features;classifier;classifier;classifier;N/A;N/A;N/A;2000;100;22;4100;0,0000;0,0000;0,0000;0,0000;0,0000;0,0000;0;0;0;0
20260613_0945;Recorrência_25;classification;LeveragingBagging;Otimizado_33Features;classifier;classifier;classifier;N/A;N/A;N/A;2000;100;23;4200;0,0000;0,0000;0,0000;0,0000;0,0000;0,0000;0;0;0;0
20260613_0945;Recorrência_25;classification;LeveragingBagging;Otimizado_33Features;classifier;classifier;classifier;N/A;N/A;N/A;2000;100;24;4300;0,0000;0,0000;0,0000;0,0000;0,0000;0,0000;0;0;5;0
20260613_0945;Recorrência_25;classification;LeveragingBagging;Otimizado_33Features;classifier;classifier;classifier;N/A;N/A;N/A;2000;100;25;4400;40,5556;7,7778;100,0000;0,0000;25,7143;5,7143;0;0;6;1
20260613_0945;Recorrência_25;classification;LeveragingBagging;Otimizado_33Features;classifier;classifier;classifier;N/A;N/A;N/A;2000;100;26;4500;0,0000;0,0000;0,0000;0,0000;0,0000;0,0000;0;0;0;0
20260613_0945;Recorrência_25;classification;LeveragingBagging;Otimizado_33Features;classifier;classifier;classifier;N/A;N/A;N/A;2000;100;27;4600;0,0000;0,0000;0,0000;0,0000;0,0000;0,0000;0;0;0;0
20260613_0945;Recorrência_25;classification;LeveragingBagging;Otimizado_33Features;classifier;classifier;classifier;N/A;N/A;N/A;2000;100;28;4700;0,0000;0,0000;0,0000;0,0000;0,0000;0,0000;0;0;0;0
20260613_0945;Recorrência_25;classification;LeveragingBagging;Otimizado_33Features;classifier;classifier;classifier;N/A;N/A;N/A;2000;100;29;4800;0,0000;0,0000;0,0000;0,0000;0,0000;0,0000;0;0;0;0
20260613_0945;Recorrência_25;classification;LeveragingBagging;Otimizado_33Features;classifier;classifier;classifier;N/A;N/A;N/A;2000;100;30;4900;0,0000;0,0000;0,0000;0,0000;0,0000;0,0000;0;0;0;0
20260613_0945;Recorrência_25;classification;LeveragingBagging;Otimizado_33Features;classifier;classifier;classifier;N/A;N/A;N/A;2000;100;31;5000;0,0000;0,0000;0,0000;0,0000;0,0000;0,0000;0;0;0;0
20260613_0945;Recorrência_25;classification;LeveragingBagging;Otimizado_33Features;classifier;classifier;classifier;N/A;N/A;N/A;2000;100;32;5100;0,0000;0,0000;0,0000;0,0000;0,0000;0,0000;0;0;0;0
20260613_0945;Recorrência_25;classification;LeveragingBagging;Otimizado_33Features;classifier;classifier;classifier;N/A;N/A;N/A;2000;100;33;5200;0,0000;0,0000;0,0000;0,0000;0,0000;0,0000;0;0;0;0
20260613_0945;Recorrência_25;classification;LeveragingBagging;Otimizado_33Features;classifier;classifier;classifier;N/A;N/A;N/A;2000;100;34;5300;0,0000;0,0000;0,0000;0,0000;0,0000;0,0000;0;0;0;0
20260613_0945;Recorrência_25;classification;LeveragingBagging;Otimizado_33Features;classifier;classifier;classifier;N/A;N/A;N/A;2000;100;35;5400;0,0000;0,0000;0,0000;0,0000;0,0000;0,0000;0;0;0;0
20260613_0945;Recorrência_25;classification;LeveragingBagging;Otimizado_33Features;classifier;classifier;classifier;N/A;N/A;N/A;2000;100;36;5500;0,0000;0,0000;0,0000;0,0000;0,0000;0,0000;0;0;0;0
20260613_0945;Recorrência_25;classification;LeveragingBagging;Otimizado_33Features;classifier;classifier;classifier;N/A;N/A;N/A;2000;100;37;5600;0,0000;0,0000;0,0000;0,0000;0,0000;0,0000;0;0;0;0
20260613_0945;Recorrência_25;classification;LeveragingBagging;Otimizado_33Features;classifier;classifier;classifier;N/A;N/A;N/A;2000;100;38;5700;0,0000;0,0000;0,0000;0,0000;0,0000;0,0000;0;0;0;0
20260613_0945;Recorrência_25;classification;LeveragingBagging;Otimizado_33Features;classifier;classifier;classifier;N/A;N/A;N/A;2000;100;39;5800;0,0000;0,0000;0,0000;0,0000;0,0000;0,0000;0;0;0;0
20260613_0945;Recorrência_25;classification;LeveragingBagging;Otimizado_33Features;classifier;classifier;classifier;N/A;N/A;N/A;2000;100;40;5900;0,0000;0,0000;0,0000;0,0000;0,0000;0,0000;0;0;0;0
20260613_0945;Recorrência_25;classification;LeveragingBagging;Otimizado_33Features;classifier;classifier;classifier;N/A;N/A;N/A;2000;100;41;6000;0,0000;0,0000;0,0000;0,0000;0,0000;0,0000;0;0;0;0
20260613_0945;Recorrência_25;classification;LeveragingBagging;Otimizado_33Features;classifier;classifier;classifier;N/A;N/A;N/A;2000;100;42;6100;0,0000;0,0000;0,0000;0,0000;0,0000;0,0000;0;0;0;0
20260613_0945;Recorrência_25;classification;LeveragingBagging;Otimizado_33Features;classifier;classifier;classifier;N/A;N/A;N/A;2000;100;43;6200;0,0000;0,0000;0,0000;0,0000;0,0000;0,0000;0;0;0;0
20260613_0945;Recorrência_25;classification;LeveragingBagging;Otimizado_33Features;classifier;classifier;classifier;N/A;N/A;N/A;2000;100;44;6300;0,0000;0,0000;0,0000;0,0000;0,0000;0,0000;0;0;0;0
20260613_0945;Recorrência_25;classification;LeveragingBagging;Otimizado_33Features;classifier;classifier;classifier;N/A;N/A;N/A;2000;100;45;6400;0,0000;0,0000;0,0000;0,0000;0,0000;0,0000;0;0;0;0
20260613_0945;Recorrência_25;classification;LeveragingBagging;Otimizado_33Features;classifier;classifier;classifier;N/A;N/A;N/A;2000;100;46;6500;87,7922;2,5449;100,0000;0,0000;78,3333;4,0825;0;0;3;1
20260613_0945;Recorrência_25;classification;LeveragingBagging;Otimizado_33Features;classifier;classifier;classifier;N/A;N/A;N/A;2000;100;47;6600;0,0000;0,0000;0,0000;0,0000;0,0000;0,0000;0;0;0;0
20260613_0945;Recorrência_25;classification;LeveragingBagging;Otimizado_33Features;classifier;classifier;classifier;N/A;N/A;N/A;2000;100;48;6700;0,0000;0,0000;0,0000;0,0000;0,0000;0,0000;0;0;0;0
20260613_0945;Recorrência_25;classification;LeveragingBagging;Otimizado_33Features;classifier;classifier;classifier;N/A;N/A;N/A;2000;100;49;6800;0,0000;0,0000;0,0000;0,0000;0,0000;0,0000;0;0;0;0
20260613_0945;Recorrência_25;classification;LeveragingBagging;Otimizado_33Features;classifier;classifier;classifier;N/A;N/A;N/A;2000;100;50;6900;0,0000;0,0000;0,0000;0,0000;0,0000;0,0000;0;0;0;0
20260613_0945;Recorrência_25;classification;LeveragingBagging;Otimizado_33Features;classifier;classifier;classifier;N/A;N/A;N/A;2000;100;51;7000;0,0000;0,0000;0,0000;0,0000;0,0000;0,0000;0;0;0;0
20260613_0945;Recorrência_25;classification;LeveragingBagging;Otimizado_33Features;classifier;classifier;classifier;N/A;N/A;N/A;2000;100;52;7100;0,0000;0,0000;0,0000;0,0000;0,0000;0,0000;0;0;0;0
20260613_0945;Recorrência_25;classification;LeveragingBagging;Otimizado_33Features;classifier;classifier;classifier;N/A;N/A;N/A;2000;100;53;7200;0,0000;0,0000;0,0000;0,0000;0,0000;0,0000;0;0;0;0
20260613_0945;Recorrência_25;classification;LeveragingBagging;Otimizado_33Features;classifier;classifier;classifier;N/A;N/A;N/A;2000;100;54;7300;0,0000;0,0000;0,0000;0,0000;0,0000;0,0000;0;0;0;0
20260613_0945;Recorrência_25;classification;LeveragingBagging;Otimizado_33Features;classifier;classifier;classifier;N/A;N/A;N/A;2000;100;55;7400;0,0000;0,0000;0,0000;0,0000;0,0000;0,0000;0;0;0;0
20260613_0945;Recorrência_25;classification;LeveragingBagging;Otimizado_33Features;classifier;classifier;classifier;N/A;N/A;N/A;2000;100;56;7500;0,0000;0,0000;0,0000;0,0000;0,0000;0,0000;0;0;0;0
20260613_0945;Recorrência_25;classification;LeveragingBagging;Otimizado_33Features;classifier;classifier;classifier;N/A;N/A;N/A;2000;100;57;7600;0,0000;0,0000;0,0000;0,0000;0,0000;0,0000;0;0;0;0
20260613_0945;Recorrência_25;classification;LeveragingBagging;Otimizado_33Features;classifier;classifier;classifier;N/A;N/A;N/A;2000;100;58;7700;0,0000;0,0000;0,0000;0,0000;0,0000;0,0000;0;0;0;0
20260613_0945;Recorrência_25;classification;LeveragingBagging;Otimizado_33Features;classifier;classifier;classifier;N/A;N/A;N/A;2000;100;59;7800;0,0000;0,0000;0,0000;0,0000;0,0000;0,0000;0;0;0;0
20260613_0945;Recorrência_25;classification;LeveragingBagging;Otimizado_33Features;classifier;classifier;classifier;N/A;N/A;N/A;2000;100;60;7900;0,0000;0,0000;0,0000;0,0000;0,0000;0,0000;0;0;0;0
20260613_0945;Recorrência_25;classification;LeveragingBagging;Otimizado_33Features;classifier;classifier;classifier;N/A;N/A;N/A;2000;100;61;8000;0,0000;0,0000;0,0000;0,0000;0,0000;0,0000;0;0;0;0
20260613_0945;Recorrência_25;classification;LeveragingBagging;Otimizado_33Features;classifier;classifier;classifier;N/A;N/A;N/A;2000;100;62;8100;0,0000;0,0000;0,0000;0,0000;0,0000;0,0000;0;0;0;0
20260613_0945;Recorrência_25;classification;LeveragingBagging;Otimizado_33Features;classifier;classifier;classifier;N/A;N/A;N/A;2000;100;63;8200;0,0000;0,0000;0,0000;0,0000;0,0000;0,0000;0;0;0;0
20260613_0945;Recorrência_25;classification;LeveragingBagging;Otimizado_33Features;classifier;classifier;classifier;N/A;N/A;N/A;2000;100;64;8300;0,0000;0,0000;0,0000;0,0000;0,0000;0,0000;0;0;0;0
20260613_0945;Recorrência_25;classification;LeveragingBagging;Otimizado_33Features;classifier;classifier;classifier;N/A;N/A;N/A;2000;100;65;8400;0,0000;0,0000;0,0000;0,0000;0,0000;0,0000;0;0;0;0
20260613_0945;Recorrência_25;classification;LeveragingBagging;Otimizado_33Features;classifier;classifier;classifier;N/A;N/A;N/A;2000;100;66;8500;0,0000;0,0000;0,0000;0,0000;0,0000;0,0000;0;0;0;0
20260613_0945;Recorrência_25;classification;LeveragingBagging;Otimizado_33Features;classifier;classifier;classifier;N/A;N/A;N/A;2000;100;67;8600;0,0000;0,0000;0,0000;0,0000;0,0000;0,0000;0;0;0;0
20260613_0945;Recorrência_25;classification;LeveragingBagging;Otimizado_33Features;classifier;classifier;classifier;N/A;N/A;N/A;2000;100;68;8700;78,4962;5,8935;100,0000;0,0000;65,0000;8,1650;0;0;5;1
20260613_0945;Recorrência_25;classification;LeveragingBagging;Otimizado_33Features;classifier;classifier;classifier;N/A;N/A;N/A;2000;100;69;8800;0,0000;0,0000;0,0000;0,0000;0,0000;0,0000;0;0;0;0
20260613_0945;Recorrência_25;classification;LeveragingBagging;Otimizado_33Features;classifier;classifier;classifier;N/A;N/A;N/A;2000;100;70;8900;0,0000;0,0000;0,0000;0,0000;0,0000;0,0000;0;0;0;0
20260613_0945;Recorrência_25;classification;LeveragingBagging;Otimizado_33Features;classifier;classifier;classifier;N/A;N/A;N/A;2000;100;71;9000;0,0000;0,0000;0,0000;0,0000;0,0000;0,0000;0;0;0;0
20260613_0945;Recorrência_25;classification;LeveragingBagging;Otimizado_33Features;classifier;classifier;classifier;N/A;N/A;N/A;2000;100;72;9100;0,0000;0,0000;0,0000;0,0000;0,0000;0,0000;0;0;0;0
20260613_0945;Recorrência_25;classification;LeveragingBagging;Otimizado_33Features;classifier;classifier;classifier;N/A;N/A;N/A;2000;100;73;9200;0,0000;0,0000;0,0000;0,0000;0,0000;0,0000;0;0;0;0
20260613_0945;Recorrência_25;classification;LeveragingBagging;Otimizado_33Features;classifier;classifier;classifier;N/A;N/A;N/A;2000;100;74;9300;0,0000;0,0000;0,0000;0,0000;0,0000;0,0000;0;0;0;0
20260613_0945;Recorrência_25;classification;LeveragingBagging;Otimizado_33Features;classifier;classifier;classifier;N/A;N/A;N/A;2000;100;75;9400;0,0000;0,0000;0,0000;0,0000;0,0000;0,0000;0;0;0;0
20260613_0945;Recorrência_25;classification;LeveragingBagging;Otimizado_33Features;classifier;classifier;classifier;N/A;N/A;N/A;2000;100;76;9500;0,0000;0,0000;0,0000;0,0000;0,0000;0,0000;0;0;0;0
20260613_0945;Recorrência_25;classification;LeveragingBagging;Otimizado_33Features;classifier;classifier;classifier;N/A;N/A;N/A;2000;100;77;9600;0,0000;0,0000;0,0000;0,0000;0,0000;0,0000;0;0;0;0
20260613_0945;Recorrência_25;classification;LeveragingBagging;Otimizado_33Features;classifier;classifier;classifier;N/A;N/A;N/A;2000;100;78;9700;0,0000;0,0000;0,0000;0,0000;0,0000;0,0000;0;0;0;0
20260613_0945;Recorrência_25;classification;LeveragingBagging;Otimizado_33Features;classifier;classifier;classifier;N/A;N/A;N/A;2000;100;79;9800;0,0000;0,0000;0,0000;0,0000;0,0000;0,0000;0;0;0;0
20260613_0945;Recorrência_25;classification;LeveragingBagging;Otimizado_33Features;classifier;classifier;classifier;N/A;N/A;N/A;2000;100;80;9900;0,0000;0,0000;0,0000;0,0000;0,0000;0,0000;0;0;0;0
20260613_0945;Recorrência_25;classification;LeveragingBagging;Otimizado_33Features;classifier;classifier;classifier;N/A;N/A;N/A;2000;100;81;10000;0,0000;0,0000;0,0000;0,0000;0,0000;0,0000;0;0;0;0
20260613_0945;Recorrência_25;classification;LeveragingBagging;Otimizado_33Features;classifier;classifier;classifier;N/A;N/A;N/A;2000;100;82;10100;0,0000;0,0000;0,0000;0,0000;0,0000;0,0000;0;0;0;0
20260613_0945;Recorrência_25;classification;LeveragingBagging;Otimizado_33Features;classifier;classifier;classifier;N/A;N/A;N/A;2000;100;83;10200;0,0000;0,0000;0,0000;0,0000;0,0000;0,0000;0;0;0;0
20260613_0945;Recorrência_25;classification;LeveragingBagging;Otimizado_33Features;classifier;classifier;classifier;N/A;N/A;N/A;2000;100;84;10300;0,0000;0,0000;0,0000;0,0000;0,0000;0,0000;0;0;0;0
20260613_0945;Recorrência_25;classification;LeveragingBagging;Otimizado_33Features;classifier;classifier;classifier;N/A;N/A;N/A;2000;100;85;10400;0,0000;0,0000;0,0000;0,0000;0,0000;0,0000;0;0;0;0
20260613_0945;Recorrência_25;classification;LeveragingBagging;Otimizado_33Features;classifier;classifier;classifier;N/A;N/A;N/A;2000;100;86;10500;0,0000;0,0000;0,0000;0,0000;0,0000;0,0000;0;0;0;0
20260613_0945;Recorrência_25;classification;LeveragingBagging;Otimizado_33Features;classifier;classifier;classifier;N/A;N/A;N/A;2000;100;87;10600;0,0000;0,0000;0,0000;0,0000;0,0000;0,0000;0;0;0;0
20260613_0945;Recorrência_25;classification;LeveragingBagging;Otimizado_33Features;classifier;classifier;classifier;N/A;N/A;N/A;2000;100;88;10700;0,0000;0,0000;0,0000;0,0000;0,0000;0,0000;0;0;0;0
20260613_0945;Recorrência_25;classification;LeveragingBagging;Otimizado_33Features;classifier;classifier;classifier;N/A;N/A;N/A;2000;100;89;10800;34,0463;24,8559;100,0000;0,0000;24,0000;23,3238;0;0;8;3
20260613_0945;Recorrência_25;classification;LeveragingBagging;Otimizado_33Features;classifier;classifier;classifier;N/A;N/A;N/A;2000;100;90;10900;0,0000;0,0000;0,0000;0,0000;0,0000;0,0000;0;0;0;0
20260613_0945;Recorrência_25;classification;LeveragingBagging;Otimizado_33Features;classifier;classifier;classifier;N/A;N/A;N/A;2000;100;91;11000;0,0000;0,0000;0,0000;0,0000;0,0000;0,0000;0;0;0;0
20260613_0945;Recorrência_25;classification;LeveragingBagging;Otimizado_33Features;classifier;classifier;classifier;N/A;N/A;N/A;2000;100;92;11100;0,0000;0,0000;0,0000;0,0000;0,0000;0,0000;0;0;0;0
20260613_0945;Recorrência_25;classification;LeveragingBagging;Otimizado_33Features;classifier;classifier;classifier;N/A;N/A;N/A;2000;100;93;11200;0,0000;0,0000;0,0000;0,0000;0,0000;0,0000;0;0;0;0
20260613_0945;Recorrência_25;classification;LeveragingBagging;Otimizado_33Features;classifier;classifier;classifier;N/A;N/A;N/A;2000;100;94;11300;0,0000;0,0000;0,0000;0,0000;0,0000;0,0000;0;0;0;0
20260613_0945;Recorrência_25;classification;LeveragingBagging;Otimizado_33Features;classifier;classifier;classifier;N/A;N/A;N/A;2000;100;95;11400;0,0000;0,0000;0,0000;0,0000;0,0000;0,0000;0;0;0;0
20260613_0945;Recorrência_25;classification;LeveragingBagging;Otimizado_33Features;classifier;classifier;classifier;N/A;N/A;N/A;2000;100;96;11500;0,0000;0,0000;0,0000;0,0000;0,0000;0,0000;0;0;0;0
20260613_0945;Recorrência_25;classification;LeveragingBagging;Otimizado_33Features;classifier;classifier;classifier;N/A;N/A;N/A;2000;100;97;11600;0,0000;0,0000;0,0000;0,0000;0,0000;0,0000;0;0;0;0
20260613_0945;Recorrência_25;classification;LeveragingBagging;Otimizado_33Features;classifier;classifier;classifier;N/A;N/A;N/A;2000;100;98;11700;0,0000;0,0000;0,0000;0,0000;0,0000;0,0000;0;0;0;0
20260613_0945;Recorrência_25;classification;LeveragingBagging;Otimizado_33Features;classifier;classifier;classifier;N/A;N/A;N/A;2000;100;99;11800;0,0000;0,0000;0,0000;0,0000;0,0000;0,0000;0;0;0;0
20260613_0945;Recorrência_25;classification;LeveragingBagging;Otimizado_33Features;classifier;classifier;classifier;N/A;N/A;N/A;2000;100;100;11900;0,0000;0,0000;0,0000;0,0000;0,0000;0,0000;0;0;0;0
20260613_0945;Recorrência_25;classification;LeveragingBagging;Otimizado_33Features;classifier;classifier;classifier;N/A;N/A;N/A;2000;100;101;12000;0,0000;0,0000;0,0000;0,0000;0,0000;0,0000;0;0;0;0
20260613_0945;Recorrência_25;classification;LeveragingBagging;Otimizado_33Features;classifier;classifier;classifier;N/A;N/A;N/A;2000;100;102;12100;0,0000;0,0000;0,0000;0,0000;0,0000;0,0000;0;0;0;0
20260613_0945;Recorrência_25;classification;LeveragingBagging;Otimizado_33Features;classifier;classifier;classifier;N/A;N/A;N/A;2000;100;103;12200;0,0000;0,0000;0,0000;0,0000;0,0000;0,0000;0;0;0;0
20260613_0945;Recorrência_25;classification;LeveragingBagging;Otimizado_33Features;classifier;classifier;classifier;N/A;N/A;N/A;2000;100;104;12300;0,0000;0,0000;0,0000;0,0000;0,0000;0,0000;0;0;0;0
20260613_0945;Recorrência_25;classification;LeveragingBagging;Otimizado_33Features;classifier;classifier;classifier;N/A;N/A;N/A;2000;100;105;12400;0,0000;0,0000;0,0000;0,0000;0,0000;0,0000;0;0;0;0
20260613_0945;Recorrência_25;classification;LeveragingBagging;Otimizado_33Features;classifier;classifier;classifier;N/A;N/A;N/A;2000;100;106;12500;0,0000;0,0000;0,0000;0,0000;0,0000;0,0000;0;0;0;0
20260613_0945;Recorrência_25;classification;LeveragingBagging;Otimizado_33Features;classifier;classifier;classifier;N/A;N/A;N/A;2000;100;107;12600;0,0000;0,0000;0,0000;0,0000;0,0000;0,0000;0;0;0;0
20260613_0945;Recorrência_25;classification;LeveragingBagging;Otimizado_33Features;classifier;classifier;classifier;N/A;N/A;N/A;2000;100;108;12700;0,0000;0,0000;0,0000;0,0000;0,0000;0,0000;0;0;0;0
20260613_0945;Recorrência_25;classification;LeveragingBagging;Otimizado_33Features;classifier;classifier;classifier;N/A;N/A;N/A;2000;100;109;12800;0,0000;0,0000;0,0000;0,0000;0,0000;0,0000;0;0;0;0
20260613_0945;Recorrência_25;classification;LeveragingBagging;Otimizado_33Features;classifier;classifier;classifier;N/A;N/A;N/A;2000;100;110;12900;0,0000;0,0000;0,0000;0,0000;0,0000;0,0000;0;0;0;0
20260613_0945;Recorrência_25;classification;LeveragingBagging;Otimizado_33Features;classifier;classifier;classifier;N/A;N/A;N/A;2000;100;111;13000;96,5217;1,7391;100,0000;0,0000;93,3333;3,3333;0;0;1;1
20260613_0945;Recorrência_25;classification;LeveragingBagging;Otimizado_33Features;classifier;classifier;classifier;N/A;N/A;N/A;2000;100;112;13100;0,0000;0,0000;0,0000;0,0000;0,0000;0,0000;0;0;0;0
20260613_0945;Recorrência_25;classification;LeveragingBagging;Otimizado_33Features;classifier;classifier;classifier;N/A;N/A;N/A;2000;100;113;13200;0,0000;0,0000;0,0000;0,0000;0,0000;0,0000;0;0;0;0
20260613_0945;Recorrência_25;classification;LeveragingBagging;Otimizado_33Features;classifier;classifier;classifier;N/A;N/A;N/A;2000;100;114;13300;0,0000;0,0000;0,0000;0,0000;0,0000;0,0000;0;0;0;0
20260613_0945;Recorrência_25;classification;LeveragingBagging;Otimizado_33Features;classifier;classifier;classifier;N/A;N/A;N/A;2000;100;115;13400;0,0000;0,0000;0,0000;0,0000;0,0000;0,0000;0;0;0;0
20260613_0945;Recorrência_25;classification;LeveragingBagging;Otimizado_33Features;classifier;classifier;classifier;N/A;N/A;N/A;2000;100;116;13500;0,0000;0,0000;0,0000;0,0000;0,0000;0,0000;0;0;0;0
20260613_0945;Recorrência_25;classification;LeveragingBagging;Otimizado_33Features;classifier;classifier;classifier;N/A;N/A;N/A;2000;100;117;13600;0,0000;0,0000;0,0000;0,0000;0,0000;0,0000;0;0;0;0
20260613_0945;Recorrência_25;classification;LeveragingBagging;Otimizado_33Features;classifier;classifier;classifier;N/A;N/A;N/A;2000;100;118;13700;0,0000;0,0000;0,0000;0,0000;0,0000;0,0000;0;0;0;0
20260613_0945;Recorrência_25;classification;LeveragingBagging;Otimizado_33Features;classifier;classifier;classifier;N/A;N/A;N/A;2000;100;119;13800;0,0000;0,0000;0,0000;0,0000;0,0000;0,0000;0;0;0;0
20260613_0945;Recorrência_25;classification;LeveragingBagging;Otimizado_33Features;classifier;classifier;classifier;N/A;N/A;N/A;2000;100;120;13900;0,0000;0,0000;0,0000;0,0000;0,0000;0,0000;0;0;0;0
20260613_0945;Recorrência_25;classification;LeveragingBagging;Otimizado_33Features;classifier;classifier;classifier;N/A;N/A;N/A;2000;100;121;14000;0,0000;0,0000;0,0000;0,0000;0,0000;0,0000;0;0;0;0
20260613_0945;Recorrência_25;classification;LeveragingBagging;Otimizado_33Features;classifier;classifier;classifier;N/A;N/A;N/A;2000;100;122;14100;0,0000;0,0000;0,0000;0,0000;0,0000;0,0000;0;0;0;0
20260613_0945;Recorrência_25;classification;LeveragingBagging;Otimizado_33Features;classifier;classifier;classifier;N/A;N/A;N/A;2000;100;123;14200;0,0000;0,0000;0,0000;0,0000;0,0000;0,0000;0;0;0;0
20260613_0945;Recorrência_25;classification;LeveragingBagging;Otimizado_33Features;classifier;classifier;classifier;N/A;N/A;N/A;2000;100;124;14300;0,0000;0,0000;0,0000;0,0000;0,0000;0,0000;0;0;0;0
20260613_0945;Recorrência_25;classification;LeveragingBagging;Otimizado_33Features;classifier;classifier;classifier;N/A;N/A;N/A;2000;100;125;14400;0,0000;0,0000;0,0000;0,0000;0,0000;0,0000;0;0;0;0
20260613_0945;Recorrência_25;classification;LeveragingBagging;Otimizado_33Features;classifier;classifier;classifier;N/A;N/A;N/A;2000;100;126;14500;0,0000;0,0000;0,0000;0,0000;0,0000;0,0000;0;0;0;0
20260613_0945;Recorrência_25;classification;LeveragingBagging;Otimizado_33Features;classifier;classifier;classifier;N/A;N/A;N/A;2000;100;127;14600;0,0000;0,0000;0,0000;0,0000;0,0000;0,0000;0;0;0;0
20260613_0945;Recorrência_25;classification;LeveragingBagging;Otimizado_33Features;classifier;classifier;classifier;N/A;N/A;N/A;2000;100;128;14700;0,0000;0,0000;0,0000;0,0000;0,0000;0,0000;0;0;0;0
20260613_0945;Recorrência_25;classification;LeveragingBagging;Otimizado_33Features;classifier;classifier;classifier;N/A;N/A;N/A;2000;100;129;14800;0,0000;0,0000;0,0000;0,0000;0,0000;0,0000;0;0;0;0
20260613_0945;Recorrência_25;classification;LeveragingBagging;Otimizado_33Features;classifier;classifier;classifier;N/A;N/A;N/A;2000;100;130;14900;0,0000;0,0000;0,0000;0,0000;0,0000;0,0000;0;0;0;0
20260613_0945;Recorrência_25;classification;LeveragingBagging;Otimizado_33Features;classifier;classifier;classifier;N/A;N/A;N/A;2000;100;131;15000;0,0000;0,0000;0,0000;0,0000;0,0000;0,0000;0;0;0;0
20260613_0945;Recorrência_200;classification;LeveragingBagging;Otimizado_33Features;classifier;classifier;classifier;N/A;N/A;N/A;2000;100;1;2000;0,0000;0,0000;0,0000;0,0000;0,0000;0,0000;0;0;0;0
20260613_0945;Recorrência_200;classification;LeveragingBagging;Otimizado_33Features;classifier;classifier;classifier;N/A;N/A;N/A;2000;100;2;2100;0,0000;0,0000;0,0000;0,0000;0,0000;0,0000;0;0;0;0
20260613_0945;Recorrência_200;classification;LeveragingBagging;Otimizado_33Features;classifier;classifier;classifier;N/A;N/A;N/A;2000;100;3;2200;95,4128;0,0000;98,1132;0,0000;92,8571;0,0000;1;0;4;0
20260613_0945;Recorrência_200;classification;LeveragingBagging;Otimizado_33Features;classifier;classifier;classifier;N/A;N/A;N/A;2000;100;4;2300;94,9895;0,5053;90,4615;0,9231;100,0000;0,0000;4;1;0;0
20260613_0945;Recorrência_200;classification;LeveragingBagging;Otimizado_33Features;classifier;classifier;classifier;N/A;N/A;N/A;2000;100;5;2400;0,0000;0,0000;0,0000;0,0000;0,0000;0,0000;1;0;0;0
20260613_0945;Recorrência_200;classification;LeveragingBagging;Otimizado_33Features;classifier;classifier;classifier;N/A;N/A;N/A;2000;100;6;2500;0,0000;0,0000;0,0000;0,0000;0,0000;0,0000;1;1;0;0
20260613_0945;Recorrência_200;classification;LeveragingBagging;Otimizado_33Features;classifier;classifier;classifier;N/A;N/A;N/A;2000;100;7;2600;0,0000;0,0000;0,0000;0,0000;0,0000;0,0000;0;0;0;0
20260613_0945;Recorrência_200;classification;LeveragingBagging;Otimizado_33Features;classifier;classifier;classifier;N/A;N/A;N/A;2000;100;8;2700;0,0000;0,0000;0,0000;0,0000;0,0000;0,0000;0;0;0;0
20260613_0945;Recorrência_200;classification;LeveragingBagging;Otimizado_33Features;classifier;classifier;classifier;N/A;N/A;N/A;2000;100;9;2800;0,0000;0,0000;0,0000;0,0000;0,0000;0,0000;0;0;0;0
20260613_0945;Recorrência_200;classification;LeveragingBagging;Otimizado_33Features;classifier;classifier;classifier;N/A;N/A;N/A;2000;100;10;2900;0,0000;0,0000;0,0000;0,0000;0,0000;0,0000;0;0;0;0
20260613_0945;Recorrência_200;classification;LeveragingBagging;Otimizado_33Features;classifier;classifier;classifier;N/A;N/A;N/A;2000;100;11;3000;0,0000;0,0000;0,0000;0,0000;0,0000;0,0000;0;0;0;0
20260613_0945;Recorrência_200;classification;LeveragingBagging;Otimizado_33Features;classifier;classifier;classifier;N/A;N/A;N/A;2000;100;12;3100;0,0000;0,0000;0,0000;0,0000;0,0000;0,0000;1;0;0;0
20260613_0945;Recorrência_200;classification;LeveragingBagging;Otimizado_33Features;classifier;classifier;classifier;N/A;N/A;N/A;2000;100;13;3200;0,0000;0,0000;0,0000;0,0000;0,0000;0,0000;0;0;0;0
20260613_0945;Recorrência_200;classification;LeveragingBagging;Otimizado_33Features;classifier;classifier;classifier;N/A;N/A;N/A;2000;100;14;3300;0,0000;0,0000;0,0000;0,0000;0,0000;0,0000;0;0;0;0
20260613_0945;Recorrência_200;classification;LeveragingBagging;Otimizado_33Features;classifier;classifier;classifier;N/A;N/A;N/A;2000;100;15;3400;0,0000;0,0000;0,0000;0,0000;0,0000;0,0000;0;0;0;0
20260613_0945;Recorrência_200;classification;LeveragingBagging;Otimizado_33Features;classifier;classifier;classifier;N/A;N/A;N/A;2000;100;16;3500;0,0000;0,0000;0,0000;0,0000;0,0000;0,0000;0;0;0;0
20260613_0945;Recorrência_200;classification;LeveragingBagging;Otimizado_33Features;classifier;classifier;classifier;N/A;N/A;N/A;2000;100;17;3600;0,0000;0,0000;0,0000;0,0000;0,0000;0,0000;0;0;0;0
20260613_0945;Recorrência_200;classification;LeveragingBagging;Otimizado_33Features;classifier;classifier;classifier;N/A;N/A;N/A;2000;100;18;3700;0,0000;0,0000;0,0000;0,0000;0,0000;0,0000;0;0;0;0
20260613_0945;Recorrência_200;classification;LeveragingBagging;Otimizado_33Features;classifier;classifier;classifier;N/A;N/A;N/A;2000;100;19;3800;0,0000;0,0000;0,0000;0,0000;0,0000;0,0000;0;0;0;0
20260613_0945;Recorrência_200;classification;LeveragingBagging;Otimizado_33Features;classifier;classifier;classifier;N/A;N/A;N/A;2000;100;20;3900;0,0000;0,0000;0,0000;0,0000;0,0000;0,0000;0;0;0;0
20260613_0945;Recorrência_200;classification;LeveragingBagging;Otimizado_33Features;classifier;classifier;classifier;N/A;N/A;N/A;2000;100;21;4000;0,0000;0,0000;0,0000;0,0000;0,0000;0,0000;0;0;0;0
20260613_0945;Recorrência_200;classification;LeveragingBagging;Otimizado_33Features;classifier;classifier;classifier;N/A;N/A;N/A;2000;100;22;4100;0,0000;0,0000;0,0000;0,0000;0,0000;0,0000;0;0;0;0
20260613_0945;Recorrência_200;classification;LeveragingBagging;Otimizado_33Features;classifier;classifier;classifier;N/A;N/A;N/A;2000;100;23;4200;0,0000;0,0000;0,0000;0,0000;0,0000;0,0000;0;0;0;0
20260613_0945;Recorrência_200;classification;LeveragingBagging;Otimizado_33Features;classifier;classifier;classifier;N/A;N/A;N/A;2000;100;24;4300;0,0000;0,0000;0,0000;0,0000;0,0000;0,0000;0;0;0;0
20260613_0945;Recorrência_200;classification;LeveragingBagging;Otimizado_33Features;classifier;classifier;classifier;N/A;N/A;N/A;2000;100;25;4400;12,5000;0,0000;100,0000;0,0000;6,6667;0,0000;0;0;14;0
20260613_0945;Recorrência_200;classification;LeveragingBagging;Otimizado_33Features;classifier;classifier;classifier;N/A;N/A;N/A;2000;100;26;4500;15,5556;0,0000;100,0000;0,0000;8,4337;0,0000;0;0;76;0
20260613_0945;Recorrência_200;classification;LeveragingBagging;Otimizado_33Features;classifier;classifier;classifier;N/A;N/A;N/A;2000;100;27;4600;0,0000;0,0000;0,0000;0,0000;0,0000;0,0000;0;0;0;0
20260613_0945;Recorrência_200;classification;LeveragingBagging;Otimizado_33Features;classifier;classifier;classifier;N/A;N/A;N/A;2000;100;28;4700;0,0000;0,0000;0,0000;0,0000;0,0000;0,0000;0;0;0;0
20260613_0945;Recorrência_200;classification;LeveragingBagging;Otimizado_33Features;classifier;classifier;classifier;N/A;N/A;N/A;2000;100;29;4800;0,0000;0,0000;0,0000;0,0000;0,0000;0,0000;0;0;0;0
20260613_0945;Recorrência_200;classification;LeveragingBagging;Otimizado_33Features;classifier;classifier;classifier;N/A;N/A;N/A;2000;100;30;4900;0,0000;0,0000;0,0000;0,0000;0,0000;0,0000;0;0;0;0
20260613_0945;Recorrência_200;classification;LeveragingBagging;Otimizado_33Features;classifier;classifier;classifier;N/A;N/A;N/A;2000;100;31;5000;0,0000;0,0000;0,0000;0,0000;0,0000;0,0000;0;0;0;0
20260613_0945;Recorrência_200;classification;LeveragingBagging;Otimizado_33Features;classifier;classifier;classifier;N/A;N/A;N/A;2000;100;32;5100;0,0000;0,0000;0,0000;0,0000;0,0000;0,0000;0;0;0;0
20260613_0945;Recorrência_200;classification;LeveragingBagging;Otimizado_33Features;classifier;classifier;classifier;N/A;N/A;N/A;2000;100;33;5200;0,0000;0,0000;0,0000;0,0000;0,0000;0,0000;0;0;0;0
20260613_0945;Recorrência_200;classification;LeveragingBagging;Otimizado_33Features;classifier;classifier;classifier;N/A;N/A;N/A;2000;100;34;5300;0,0000;0,0000;0,0000;0,0000;0,0000;0,0000;0;0;0;0
20260613_0945;Recorrência_200;classification;LeveragingBagging;Otimizado_33Features;classifier;classifier;classifier;N/A;N/A;N/A;2000;100;35;5400;0,0000;0,0000;0,0000;0,0000;0,0000;0,0000;0;0;0;0
20260613_0945;Recorrência_200;classification;LeveragingBagging;Otimizado_33Features;classifier;classifier;classifier;N/A;N/A;N/A;2000;100;36;5500;0,0000;0,0000;0,0000;0,0000;0,0000;0,0000;0;0;0;0
20260613_0945;Recorrência_200;classification;LeveragingBagging;Otimizado_33Features;classifier;classifier;classifier;N/A;N/A;N/A;2000;100;37;5600;0,0000;0,0000;0,0000;0,0000;0,0000;0,0000;0;0;0;0
20260613_0945;Recorrência_200;classification;LeveragingBagging;Otimizado_33Features;classifier;classifier;classifier;N/A;N/A;N/A;2000;100;38;5700;0,0000;0,0000;0,0000;0,0000;0,0000;0,0000;0;0;0;0
20260613_0945;Recorrência_200;classification;LeveragingBagging;Otimizado_33Features;classifier;classifier;classifier;N/A;N/A;N/A;2000;100;39;5800;0,0000;0,0000;0,0000;0,0000;0,0000;0,0000;0;0;0;0
20260613_0945;Recorrência_200;classification;LeveragingBagging;Otimizado_33Features;classifier;classifier;classifier;N/A;N/A;N/A;2000;100;40;5900;0,0000;0,0000;0,0000;0,0000;0,0000;0,0000;0;0;0;0
20260613_0945;Recorrência_200;classification;LeveragingBagging;Otimizado_33Features;classifier;classifier;classifier;N/A;N/A;N/A;2000;100;41;6000;0,0000;0,0000;0,0000;0,0000;0,0000;0,0000;0;0;0;0
20260613_0945;Recorrência_200;classification;LeveragingBagging;Otimizado_33Features;classifier;classifier;classifier;N/A;N/A;N/A;2000;100;42;6100;0,0000;0,0000;0,0000;0,0000;0,0000;0,0000;0;0;0;0
20260613_0945;Recorrência_200;classification;LeveragingBagging;Otimizado_33Features;classifier;classifier;classifier;N/A;N/A;N/A;2000;100;43;6200;0,0000;0,0000;0,0000;0,0000;0,0000;0,0000;0;0;0;0
20260613_0945;Recorrência_200;classification;LeveragingBagging;Otimizado_33Features;classifier;classifier;classifier;N/A;N/A;N/A;2000;100;44;6300;0,0000;0,0000;0,0000;0,0000;0,0000;0,0000;0;0;0;0
20260613_0945;Recorrência_200;classification;LeveragingBagging;Otimizado_33Features;classifier;classifier;classifier;N/A;N/A;N/A;2000;100;45;6400;0,0000;0,0000;0,0000;0,0000;0,0000;0,0000;0;0;0;0
20260613_0945;Recorrência_200;classification;LeveragingBagging;Otimizado_33Features;classifier;classifier;classifier;N/A;N/A;N/A;2000;100;46;6500;0,0000;0,0000;0,0000;0,0000;0,0000;0,0000;0;0;0;0
20260613_0945;Recorrência_200;classification;LeveragingBagging;Otimizado_33Features;classifier;classifier;classifier;N/A;N/A;N/A;2000;100;47;6600;0,0000;0,0000;0,0000;0,0000;0,0000;0,0000;0;0;0;0
20260613_0945;Recorrência_200;classification;LeveragingBagging;Otimizado_33Features;classifier;classifier;classifier;N/A;N/A;N/A;2000;100;48;6700;95,3943;0,5787;100,0000;0,0000;91,2000;1,0667;0;0;7;1
20260613_0945;Recorrência_200;classification;LeveragingBagging;Otimizado_33Features;classifier;classifier;classifier;N/A;N/A;N/A;2000;100;49;6800;98,3673;0,8163;100,0000;0,0000;96,8000;1,6000;0;0;1;1
20260613_0945;Recorrência_200;classification;LeveragingBagging;Otimizado_33Features;classifier;classifier;classifier;N/A;N/A;N/A;2000;100;50;6900;0,0000;0,0000;0,0000;0,0000;0,0000;0,0000;0;0;0;0
20260613_0945;Recorrência_200;classification;LeveragingBagging;Otimizado_33Features;classifier;classifier;classifier;N/A;N/A;N/A;2000;100;51;7000;0,0000;0,0000;0,0000;0,0000;0,0000;0,0000;0;0;0;0
20260613_0945;Recorrência_200;classification;LeveragingBagging;Otimizado_33Features;classifier;classifier;classifier;N/A;N/A;N/A;2000;100;52;7100;0,0000;0,0000;0,0000;0,0000;0,0000;0,0000;0;0;0;0
20260613_0945;Recorrência_200;classification;LeveragingBagging;Otimizado_33Features;classifier;classifier;classifier;N/A;N/A;N/A;2000;100;53;7200;0,0000;0,0000;0,0000;0,0000;0,0000;0,0000;0;0;0;0
20260613_0945;Recorrência_200;classification;LeveragingBagging;Otimizado_33Features;classifier;classifier;classifier;N/A;N/A;N/A;2000;100;54;7300;0,0000;0,0000;0,0000;0,0000;0,0000;0,0000;0;0;0;0
20260613_0945;Recorrência_200;classification;LeveragingBagging;Otimizado_33Features;classifier;classifier;classifier;N/A;N/A;N/A;2000;100;55;7400;0,0000;0,0000;0,0000;0,0000;0,0000;0,0000;0;0;0;0
20260613_0945;Recorrência_200;classification;LeveragingBagging;Otimizado_33Features;classifier;classifier;classifier;N/A;N/A;N/A;2000;100;56;7500;0,0000;0,0000;0,0000;0,0000;0,0000;0,0000;0;0;0;0
20260613_0945;Recorrência_200;classification;LeveragingBagging;Otimizado_33Features;classifier;classifier;classifier;N/A;N/A;N/A;2000;100;57;7600;0,0000;0,0000;0,0000;0,0000;0,0000;0,0000;0;0;0;0
20260613_0945;Recorrência_200;classification;LeveragingBagging;Otimizado_33Features;classifier;classifier;classifier;N/A;N/A;N/A;2000;100;58;7700;0,0000;0,0000;0,0000;0,0000;0,0000;0,0000;0;0;0;0
20260613_0945;Recorrência_200;classification;LeveragingBagging;Otimizado_33Features;classifier;classifier;classifier;N/A;N/A;N/A;2000;100;59;7800;0,0000;0,0000;0,0000;0,0000;0,0000;0,0000;0;0;0;0
20260613_0945;Recorrência_200;classification;LeveragingBagging;Otimizado_33Features;classifier;classifier;classifier;N/A;N/A;N/A;2000;100;60;7900;0,0000;0,0000;0,0000;0,0000;0,0000;0,0000;0;0;0;0
20260613_0945;Recorrência_200;classification;LeveragingBagging;Otimizado_33Features;classifier;classifier;classifier;N/A;N/A;N/A;2000;100;61;8000;0,0000;0,0000;0,0000;0,0000;0,0000;0,0000;0;0;0;0
20260613_0945;Recorrência_200;classification;LeveragingBagging;Otimizado_33Features;classifier;classifier;classifier;N/A;N/A;N/A;2000;100;62;8100;0,0000;0,0000;0,0000;0,0000;0,0000;0,0000;0;0;0;0
20260613_0945;Recorrência_200;classification;LeveragingBagging;Otimizado_33Features;classifier;classifier;classifier;N/A;N/A;N/A;2000;100;63;8200;0,0000;0,0000;0,0000;0,0000;0,0000;0,0000;0;0;0;0
20260613_0945;Recorrência_200;classification;LeveragingBagging;Otimizado_33Features;classifier;classifier;classifier;N/A;N/A;N/A;2000;100;64;8300;0,0000;0,0000;0,0000;0,0000;0,0000;0,0000;0;0;0;0
20260613_0945;Recorrência_200;classification;LeveragingBagging;Otimizado_33Features;classifier;classifier;classifier;N/A;N/A;N/A;2000;100;65;8400;0,0000;0,0000;0,0000;0,0000;0,0000;0,0000;0;0;0;0
20260613_0945;Recorrência_200;classification;LeveragingBagging;Otimizado_33Features;classifier;classifier;classifier;N/A;N/A;N/A;2000;100;66;8500;0,0000;0,0000;0,0000;0,0000;0,0000;0,0000;0;0;0;0
20260613_0945;Recorrência_200;classification;LeveragingBagging;Otimizado_33Features;classifier;classifier;classifier;N/A;N/A;N/A;2000;100;67;8600;0,0000;0,0000;0,0000;0,0000;0,0000;0,0000;0;0;0;0
20260613_0945;Recorrência_200;classification;LeveragingBagging;Otimizado_33Features;classifier;classifier;classifier;N/A;N/A;N/A;2000;100;68;8700;0,0000;0,0000;0,0000;0,0000;0,0000;0,0000;0;0;0;0
20260613_0945;Recorrência_200;classification;LeveragingBagging;Otimizado_33Features;classifier;classifier;classifier;N/A;N/A;N/A;2000;100;69;8800;0,0000;0,0000;0,0000;0,0000;0,0000;0,0000;0;0;0;0
20260613_0945;Recorrência_200;classification;LeveragingBagging;Otimizado_33Features;classifier;classifier;classifier;N/A;N/A;N/A;2000;100;70;8900;97,2973;0,0000;100,0000;0,0000;94,7368;0,0000;0;0;1;0
20260613_0945;Recorrência_200;classification;LeveragingBagging;Otimizado_33Features;classifier;classifier;classifier;N/A;N/A;N/A;2000;100;71;9000;96,8750;0,0000;100,0000;0,0000;93,9394;0,0000;0;0;4;0
20260613_0945;Recorrência_200;classification;LeveragingBagging;Otimizado_33Features;classifier;classifier;classifier;N/A;N/A;N/A;2000;100;72;9100;0,0000;0,0000;0,0000;0,0000;0,0000;0,0000;0;0;0;0
20260613_0945;Recorrência_200;classification;LeveragingBagging;Otimizado_33Features;classifier;classifier;classifier;N/A;N/A;N/A;2000;100;73;9200;0,0000;0,0000;0,0000;0,0000;0,0000;0,0000;0;0;0;0
20260613_0945;Recorrência_200;classification;LeveragingBagging;Otimizado_33Features;classifier;classifier;classifier;N/A;N/A;N/A;2000;100;74;9300;0,0000;0,0000;0,0000;0,0000;0,0000;0,0000;0;0;0;0
20260613_0945;Recorrência_200;classification;LeveragingBagging;Otimizado_33Features;classifier;classifier;classifier;N/A;N/A;N/A;2000;100;75;9400;0,0000;0,0000;0,0000;0,0000;0,0000;0,0000;0;0;0;0
20260613_0945;Recorrência_200;classification;LeveragingBagging;Otimizado_33Features;classifier;classifier;classifier;N/A;N/A;N/A;2000;100;76;9500;0,0000;0,0000;0,0000;0,0000;0,0000;0,0000;0;0;0;0
20260613_0945;Recorrência_200;classification;LeveragingBagging;Otimizado_33Features;classifier;classifier;classifier;N/A;N/A;N/A;2000;100;77;9600;0,0000;0,0000;0,0000;0,0000;0,0000;0,0000;0;0;0;0
20260613_0945;Recorrência_200;classification;LeveragingBagging;Otimizado_33Features;classifier;classifier;classifier;N/A;N/A;N/A;2000;100;78;9700;0,0000;0,0000;0,0000;0,0000;0,0000;0,0000;0;0;0;0
20260613_0945;Recorrência_200;classification;LeveragingBagging;Otimizado_33Features;classifier;classifier;classifier;N/A;N/A;N/A;2000;100;79;9800;0,0000;0,0000;0,0000;0,0000;0,0000;0,0000;0;0;0;0
20260613_0945;Recorrência_200;classification;LeveragingBagging;Otimizado_33Features;classifier;classifier;classifier;N/A;N/A;N/A;2000;100;80;9900;0,0000;0,0000;0,0000;0,0000;0,0000;0,0000;0;0;0;0
20260613_0945;Recorrência_200;classification;LeveragingBagging;Otimizado_33Features;classifier;classifier;classifier;N/A;N/A;N/A;2000;100;81;10000;0,0000;0,0000;0,0000;0,0000;0,0000;0,0000;0;0;0;0
20260613_0945;Recorrência_200;classification;LeveragingBagging;Otimizado_33Features;classifier;classifier;classifier;N/A;N/A;N/A;2000;100;82;10100;0,0000;0,0000;0,0000;0,0000;0,0000;0,0000;0;0;0;0
20260613_0945;Recorrência_200;classification;LeveragingBagging;Otimizado_33Features;classifier;classifier;classifier;N/A;N/A;N/A;2000;100;83;10200;0,0000;0,0000;0,0000;0,0000;0,0000;0,0000;0;0;0;0
20260613_0945;Recorrência_200;classification;LeveragingBagging;Otimizado_33Features;classifier;classifier;classifier;N/A;N/A;N/A;2000;100;84;10300;0,0000;0,0000;0,0000;0,0000;0,0000;0,0000;0;0;0;0
20260613_0945;Recorrência_200;classification;LeveragingBagging;Otimizado_33Features;classifier;classifier;classifier;N/A;N/A;N/A;2000;100;85;10400;0,0000;0,0000;0,0000;0,0000;0,0000;0,0000;0;0;0;0
20260613_0945;Recorrência_200;classification;LeveragingBagging;Otimizado_33Features;classifier;classifier;classifier;N/A;N/A;N/A;2000;100;86;10500;0,0000;0,0000;0,0000;0,0000;0,0000;0,0000;0;0;0;0
20260613_0945;Recorrência_200;classification;LeveragingBagging;Otimizado_33Features;classifier;classifier;classifier;N/A;N/A;N/A;2000;100;87;10600;0,0000;0,0000;0,0000;0,0000;0,0000;0,0000;0;0;0;0
20260613_0945;Recorrência_200;classification;LeveragingBagging;Otimizado_33Features;classifier;classifier;classifier;N/A;N/A;N/A;2000;100;88;10700;0,0000;0,0000;0,0000;0,0000;0,0000;0,0000;0;0;0;0
20260613_0945;Recorrência_200;classification;LeveragingBagging;Otimizado_33Features;classifier;classifier;classifier;N/A;N/A;N/A;2000;100;89;10800;0,0000;0,0000;0,0000;0,0000;0,0000;0,0000;0;0;0;0
20260613_0945;Recorrência_200;classification;LeveragingBagging;Otimizado_33Features;classifier;classifier;classifier;N/A;N/A;N/A;2000;100;90;10900;0,0000;0,0000;0,0000;0,0000;0,0000;0,0000;0;0;0;0
20260613_0945;Recorrência_200;classification;LeveragingBagging;Otimizado_33Features;classifier;classifier;classifier;N/A;N/A;N/A;2000;100;91;11000;0,0000;0,0000;0,0000;0,0000;0,0000;0,0000;0;0;0;0
20260613_0945;Recorrência_200;classification;LeveragingBagging;Otimizado_33Features;classifier;classifier;classifier;N/A;N/A;N/A;2000;100;92;11100;0,0000;0,0000;0,0000;0,0000;0,0000;0,0000;0;0;0;0
20260613_0945;Recorrência_200;classification;LeveragingBagging;Otimizado_33Features;classifier;classifier;classifier;N/A;N/A;N/A;2000;100;93;11200;46,0219;0,5184;100,0000;0,0000;29,8901;0,4396;0;0;64;1
20260613_0945;Recorrência_200;classification;LeveragingBagging;Otimizado_33Features;classifier;classifier;classifier;N/A;N/A;N/A;2000;100;94;11300;50,0000;0,0000;100,0000;0,0000;33,3333;0,0000;0;0;6;0
20260613_0945;Recorrência_200;classification;LeveragingBagging;Otimizado_33Features;classifier;classifier;classifier;N/A;N/A;N/A;2000;100;95;11400;0,0000;0,0000;0,0000;0,0000;0,0000;0,0000;0;0;0;0
20260613_0945;Recorrência_200;classification;LeveragingBagging;Otimizado_33Features;classifier;classifier;classifier;N/A;N/A;N/A;2000;100;96;11500;0,0000;0,0000;0,0000;0,0000;0,0000;0,0000;0;0;0;0
20260613_0945;Recorrência_200;classification;LeveragingBagging;Otimizado_33Features;classifier;classifier;classifier;N/A;N/A;N/A;2000;100;97;11600;0,0000;0,0000;0,0000;0,0000;0,0000;0,0000;0;0;0;0
20260613_0945;Recorrência_200;classification;LeveragingBagging;Otimizado_33Features;classifier;classifier;classifier;N/A;N/A;N/A;2000;100;98;11700;0,0000;0,0000;0,0000;0,0000;0,0000;0,0000;0;0;0;0
20260613_0945;Recorrência_200;classification;LeveragingBagging;Otimizado_33Features;classifier;classifier;classifier;N/A;N/A;N/A;2000;100;99;11800;0,0000;0,0000;0,0000;0,0000;0,0000;0,0000;0;0;0;0
20260613_0945;Recorrência_200;classification;LeveragingBagging;Otimizado_33Features;classifier;classifier;classifier;N/A;N/A;N/A;2000;100;100;11900;0,0000;0,0000;0,0000;0,0000;0,0000;0,0000;0;0;0;0
20260613_0945;Recorrência_200;classification;LeveragingBagging;Otimizado_33Features;classifier;classifier;classifier;N/A;N/A;N/A;2000;100;101;12000;0,0000;0,0000;0,0000;0,0000;0,0000;0,0000;0;0;0;0
20260613_0945;Recorrência_200;classification;LeveragingBagging;Otimizado_33Features;classifier;classifier;classifier;N/A;N/A;N/A;2000;100;102;12100;0,0000;0,0000;0,0000;0,0000;0,0000;0,0000;0;0;0;0
20260613_0945;Recorrência_200;classification;LeveragingBagging;Otimizado_33Features;classifier;classifier;classifier;N/A;N/A;N/A;2000;100;103;12200;0,0000;0,0000;0,0000;0,0000;0,0000;0,0000;0;0;0;0
20260613_0945;Recorrência_200;classification;LeveragingBagging;Otimizado_33Features;classifier;classifier;classifier;N/A;N/A;N/A;2000;100;104;12300;0,0000;0,0000;0,0000;0,0000;0,0000;0,0000;0;0;0;0
20260613_0945;Recorrência_200;classification;LeveragingBagging;Otimizado_33Features;classifier;classifier;classifier;N/A;N/A;N/A;2000;100;105;12400;0,0000;0,0000;0,0000;0,0000;0,0000;0,0000;0;0;0;0
20260613_0945;Recorrência_200;classification;LeveragingBagging;Otimizado_33Features;classifier;classifier;classifier;N/A;N/A;N/A;2000;100;106;12500;0,0000;0,0000;0,0000;0,0000;0,0000;0,0000;0;0;0;0
20260613_0945;Recorrência_200;classification;LeveragingBagging;Otimizado_33Features;classifier;classifier;classifier;N/A;N/A;N/A;2000;100;107;12600;0,0000;0,0000;0,0000;0,0000;0,0000;0,0000;0;0;0;0
20260613_0945;Recorrência_200;classification;LeveragingBagging;Otimizado_33Features;classifier;classifier;classifier;N/A;N/A;N/A;2000;100;108;12700;0,0000;0,0000;0,0000;0,0000;0,0000;0,0000;0;0;0;0
20260613_0945;Recorrência_200;classification;LeveragingBagging;Otimizado_33Features;classifier;classifier;classifier;N/A;N/A;N/A;2000;100;109;12800;0,0000;0,0000;0,0000;0,0000;0,0000;0,0000;0;0;0;0
20260613_0945;Recorrência_200;classification;LeveragingBagging;Otimizado_33Features;classifier;classifier;classifier;N/A;N/A;N/A;2000;100;110;12900;0,0000;0,0000;0,0000;0,0000;0,0000;0,0000;0;0;0;0
20260613_0945;Recorrência_200;classification;LeveragingBagging;Otimizado_33Features;classifier;classifier;classifier;N/A;N/A;N/A;2000;100;111;13000;0,0000;0,0000;0,0000;0,0000;0,0000;0,0000;0;0;0;0
20260613_0945;Recorrência_200;classification;LeveragingBagging;Otimizado_33Features;classifier;classifier;classifier;N/A;N/A;N/A;2000;100;112;13100;0,0000;0,0000;0,0000;0,0000;0,0000;0,0000;0;0;0;0
20260613_0945;Recorrência_200;classification;LeveragingBagging;Otimizado_33Features;classifier;classifier;classifier;N/A;N/A;N/A;2000;100;113;13200;0,0000;0,0000;0,0000;0,0000;0,0000;0,0000;0;0;0;0
20260613_0945;Recorrência_200;classification;LeveragingBagging;Otimizado_33Features;classifier;classifier;classifier;N/A;N/A;N/A;2000;100;114;13300;0,0000;0,0000;0,0000;0,0000;0,0000;0,0000;0;0;0;0
20260613_0945;Recorrência_200;classification;LeveragingBagging;Otimizado_33Features;classifier;classifier;classifier;N/A;N/A;N/A;2000;100;115;13400;100,0000;0,0000;100,0000;0,0000;100,0000;0,0000;0;0;0;0
20260613_0945;Recorrência_200;classification;LeveragingBagging;Otimizado_33Features;classifier;classifier;classifier;N/A;N/A;N/A;2000;100;116;13500;99,8020;0,3960;100,0000;0,0000;99,6078;0,7843;0;0;1;1
20260613_0945;Recorrência_200;classification;LeveragingBagging;Otimizado_33Features;classifier;classifier;classifier;N/A;N/A;N/A;2000;100;117;13600;0,0000;0,0000;0,0000;0,0000;0,0000;0,0000;0;0;0;0
20260613_0945;Recorrência_200;classification;LeveragingBagging;Otimizado_33Features;classifier;classifier;classifier;N/A;N/A;N/A;2000;100;118;13700;0,0000;0,0000;0,0000;0,0000;0,0000;0,0000;0;0;0;0
20260613_0945;Recorrência_200;classification;LeveragingBagging;Otimizado_33Features;classifier;classifier;classifier;N/A;N/A;N/A;2000;100;119;13800;0,0000;0,0000;0,0000;0,0000;0,0000;0,0000;0;0;0;0
20260613_0945;Recorrência_200;classification;LeveragingBagging;Otimizado_33Features;classifier;classifier;classifier;N/A;N/A;N/A;2000;100;120;13900;0,0000;0,0000;0,0000;0,0000;0,0000;0,0000;0;0;0;0
20260613_0945;Recorrência_200;classification;LeveragingBagging;Otimizado_33Features;classifier;classifier;classifier;N/A;N/A;N/A;2000;100;121;14000;0,0000;0,0000;0,0000;0,0000;0,0000;0,0000;0;0;0;0
20260613_0945;Recorrência_200;classification;LeveragingBagging;Otimizado_33Features;classifier;classifier;classifier;N/A;N/A;N/A;2000;100;122;14100;0,0000;0,0000;0,0000;0,0000;0,0000;0,0000;0;0;0;0
20260613_0945;Recorrência_200;classification;LeveragingBagging;Otimizado_33Features;classifier;classifier;classifier;N/A;N/A;N/A;2000;100;123;14200;0,0000;0,0000;0,0000;0,0000;0,0000;0,0000;0;0;0;0
20260613_0945;Recorrência_200;classification;LeveragingBagging;Otimizado_33Features;classifier;classifier;classifier;N/A;N/A;N/A;2000;100;124;14300;0,0000;0,0000;0,0000;0,0000;0,0000;0,0000;0;0;0;0
20260613_0945;Recorrência_200;classification;LeveragingBagging;Otimizado_33Features;classifier;classifier;classifier;N/A;N/A;N/A;2000;100;125;14400;0,0000;0,0000;0,0000;0,0000;0,0000;0,0000;0;0;0;0
20260613_0945;Recorrência_200;classification;LeveragingBagging;Otimizado_33Features;classifier;classifier;classifier;N/A;N/A;N/A;2000;100;126;14500;0,0000;0,0000;0,0000;0,0000;0,0000;0,0000;0;0;0;0
20260613_0945;Recorrência_200;classification;LeveragingBagging;Otimizado_33Features;classifier;classifier;classifier;N/A;N/A;N/A;2000;100;127;14600;0,0000;0,0000;0,0000;0,0000;0,0000;0,0000;0;0;0;0
20260613_0945;Recorrência_200;classification;LeveragingBagging;Otimizado_33Features;classifier;classifier;classifier;N/A;N/A;N/A;2000;100;128;14700;0,0000;0,0000;0,0000;0,0000;0,0000;0,0000;0;0;0;0
20260613_0945;Recorrência_200;classification;LeveragingBagging;Otimizado_33Features;classifier;classifier;classifier;N/A;N/A;N/A;2000;100;129;14800;0,0000;0,0000;0,0000;0,0000;0,0000;0,0000;0;0;0;0
20260613_0945;Recorrência_200;classification;LeveragingBagging;Otimizado_33Features;classifier;classifier;classifier;N/A;N/A;N/A;2000;100;130;14900;0,0000;0,0000;0,0000;0,0000;0,0000;0,0000;0;0;0;0
20260613_0945;Recorrência_200;classification;LeveragingBagging;Otimizado_33Features;classifier;classifier;classifier;N/A;N/A;N/A;2000;100;131;15000;0,0000;0,0000;0,0000;0,0000;0,0000;0,0000;0;0;0;0
20260613_0945;Recorrência_200;classification;LeveragingBagging;Otimizado_33Features;classifier;classifier;classifier;N/A;N/A;N/A;2000;100;132;15100;0,0000;0,0000;0,0000;0,0000;0,0000;0,0000;0;0;0;0
20260613_0945;Recorrência_200;classification;LeveragingBagging;Otimizado_33Features;classifier;classifier;classifier;N/A;N/A;N/A;2000;100;133;15200;0,0000;0,0000;0,0000;0,0000;0,0000;0,0000;0;0;0;0
20260613_0945;Recorrência_200;classification;LeveragingBagging;Otimizado_33Features;classifier;classifier;classifier;N/A;N/A;N/A;2000;100;134;15300;0,0000;0,0000;0,0000;0,0000;0,0000;0,0000;0;0;0;0
20260613_0945;Recorrência_200;classification;LeveragingBagging;Otimizado_33Features;classifier;classifier;classifier;N/A;N/A;N/A;2000;100;135;15400;0,0000;0,0000;0,0000;0,0000;0,0000;0,0000;0;0;0;0
20260613_0945;Recorrência_200;classification;LeveragingBagging;Otimizado_33Features;classifier;classifier;classifier;N/A;N/A;N/A;2000;100;136;15500;0,0000;0,0000;0,0000;0,0000;0,0000;0,0000;0;0;0;0
20260613_0945;Recorrência_1000;classification;LeveragingBagging;Otimizado_33Features;classifier;classifier;classifier;N/A;N/A;N/A;2000;100;1;2000;0,0000;0,0000;0,0000;0,0000;0,0000;0,0000;0;0;0;0
20260613_0945;Recorrência_1000;classification;LeveragingBagging;Otimizado_33Features;classifier;classifier;classifier;N/A;N/A;N/A;2000;100;2;2100;0,0000;0,0000;0,0000;0,0000;0,0000;0,0000;0;0;0;0
20260613_0945;Recorrência_1000;classification;LeveragingBagging;Otimizado_33Features;classifier;classifier;classifier;N/A;N/A;N/A;2000;100;3;2200;95,5895;0,3534;98,4906;0,7547;92,8571;0,0000;1;1;4;0
20260613_0945;Recorrência_1000;classification;LeveragingBagging;Otimizado_33Features;classifier;classifier;classifier;N/A;N/A;N/A;2000;100;4;2300;99,5092;0,2454;99,0244;0,4878;100,0000;0,0000;1;1;0;0
20260613_0945;Recorrência_1000;classification;LeveragingBagging;Otimizado_33Features;classifier;classifier;classifier;N/A;N/A;N/A;2000;100;5;2400;99,6923;0,2512;100,0000;0,0000;99,3878;0,4999;0;0;1;1
20260613_0945;Recorrência_1000;classification;LeveragingBagging;Otimizado_33Features;classifier;classifier;classifier;N/A;N/A;N/A;2000;100;6;2500;99,0716;0,2051;98,1612;0,4040;100,0000;0,0000;2;1;0;0
20260613_0945;Recorrência_1000;classification;LeveragingBagging;Otimizado_33Features;classifier;classifier;classifier;N/A;N/A;N/A;2000;100;7;2600;99,0822;0,2051;100,0000;0,0000;98,1818;0,4040;0;0;2;1
20260613_0945;Recorrência_1000;classification;LeveragingBagging;Otimizado_33Features;classifier;classifier;classifier;N/A;N/A;N/A;2000;100;8;2700;90,9111;0,4268;85,1594;0,7536;97,5000;0,0000;7;1;1;0
20260613_0945;Recorrência_1000;classification;LeveragingBagging;Otimizado_33Features;classifier;classifier;classifier;N/A;N/A;N/A;2000;100;9;2800;0,0000;0,0000;0,0000;0,0000;0,0000;0,0000;2;1;0;0
20260613_0945;Recorrência_1000;classification;LeveragingBagging;Otimizado_33Features;classifier;classifier;classifier;N/A;N/A;N/A;2000;100;10;2900;0,0000;0,0000;0,0000;0,0000;0,0000;0,0000;1;1;0;0
20260613_0945;Recorrência_1000;classification;LeveragingBagging;Otimizado_33Features;classifier;classifier;classifier;N/A;N/A;N/A;2000;100;11;3000;0,0000;0,0000;0,0000;0,0000;0,0000;0,0000;1;1;0;0
20260613_0945;Recorrência_1000;classification;LeveragingBagging;Otimizado_33Features;classifier;classifier;classifier;N/A;N/A;N/A;2000;100;12;3100;0,0000;0,0000;0,0000;0,0000;0,0000;0,0000;1;1;0;0
20260613_0945;Recorrência_1000;classification;LeveragingBagging;Otimizado_33Features;classifier;classifier;classifier;N/A;N/A;N/A;2000;100;13;3200;0,0000;0,0000;0,0000;0,0000;0,0000;0,0000;0;0;0;0
20260613_0945;Recorrência_1000;classification;LeveragingBagging;Otimizado_33Features;classifier;classifier;classifier;N/A;N/A;N/A;2000;100;14;3300;0,0000;0,0000;0,0000;0,0000;0,0000;0,0000;0;0;0;0
20260613_0945;Recorrência_1000;classification;LeveragingBagging;Otimizado_33Features;classifier;classifier;classifier;N/A;N/A;N/A;2000;100;15;3400;0,0000;0,0000;0,0000;0,0000;0,0000;0,0000;0;0;0;0
20260613_0945;Recorrência_1000;classification;LeveragingBagging;Otimizado_33Features;classifier;classifier;classifier;N/A;N/A;N/A;2000;100;16;3500;0,0000;0,0000;0,0000;0,0000;0,0000;0,0000;1;1;0;0
20260613_0945;Recorrência_1000;classification;LeveragingBagging;Otimizado_33Features;classifier;classifier;classifier;N/A;N/A;N/A;2000;100;17;3600;0,0000;0,0000;0,0000;0,0000;0,0000;0,0000;1;1;0;0
20260613_0945;Recorrência_1000;classification;LeveragingBagging;Otimizado_33Features;classifier;classifier;classifier;N/A;N/A;N/A;2000;100;18;3700;0,0000;0,0000;0,0000;0,0000;0,0000;0,0000;1;1;0;0
20260613_0945;Recorrência_1000;classification;LeveragingBagging;Otimizado_33Features;classifier;classifier;classifier;N/A;N/A;N/A;2000;100;19;3800;0,0000;0,0000;0,0000;0,0000;0,0000;0,0000;1;1;0;0
20260613_0945;Recorrência_1000;classification;LeveragingBagging;Otimizado_33Features;classifier;classifier;classifier;N/A;N/A;N/A;2000;100;20;3900;0,0000;0,0000;0,0000;0,0000;0,0000;0,0000;0;0;0;0
20260613_0945;Recorrência_1000;classification;LeveragingBagging;Otimizado_33Features;classifier;classifier;classifier;N/A;N/A;N/A;2000;100;21;4000;0,0000;0,0000;0,0000;0,0000;0,0000;0,0000;1;1;0;0
20260613_0945;Recorrência_1000;classification;LeveragingBagging;Otimizado_33Features;classifier;classifier;classifier;N/A;N/A;N/A;2000;100;22;4100;0,0000;0,0000;0,0000;0,0000;0,0000;0,0000;0;0;0;0
20260613_0945;Recorrência_1000;classification;LeveragingBagging;Otimizado_33Features;classifier;classifier;classifier;N/A;N/A;N/A;2000;100;23;4200;0,0000;0,0000;0,0000;0,0000;0,0000;0,0000;0;0;0;0
20260613_0945;Recorrência_1000;classification;LeveragingBagging;Otimizado_33Features;classifier;classifier;classifier;N/A;N/A;N/A;2000;100;24;4300;0,0000;0,0000;0,0000;0,0000;0,0000;0,0000;0;0;0;0
20260613_0945;Recorrência_1000;classification;LeveragingBagging;Otimizado_33Features;classifier;classifier;classifier;N/A;N/A;N/A;2000;100;25;4400;0,0000;0,0000;0,0000;0,0000;0,0000;0,0000;0;0;0;0
20260613_0945;Recorrência_1000;classification;LeveragingBagging;Otimizado_33Features;classifier;classifier;classifier;N/A;N/A;N/A;2000;100;26;4500;0,0000;0,0000;0,0000;0,0000;0,0000;0,0000;0;0;0;0
20260613_0945;Recorrência_1000;classification;LeveragingBagging;Otimizado_33Features;classifier;classifier;classifier;N/A;N/A;N/A;2000;100;27;4600;0,0000;0,0000;0,0000;0,0000;0,0000;0,0000;0;0;0;0
20260613_0945;Recorrência_1000;classification;LeveragingBagging;Otimizado_33Features;classifier;classifier;classifier;N/A;N/A;N/A;2000;100;28;4700;0,0000;0,0000;0,0000;0,0000;0,0000;0,0000;0;0;0;0
20260613_0945;Recorrência_1000;classification;LeveragingBagging;Otimizado_33Features;classifier;classifier;classifier;N/A;N/A;N/A;2000;100;29;4800;14,1667;10,7367;80,0000;40,0000;8,0000;6,5320;0;0;14;1
20260613_0945;Recorrência_1000;classification;LeveragingBagging;Otimizado_33Features;classifier;classifier;classifier;N/A;N/A;N/A;2000;100;30;4900;55,3357;27,0260;100,0000;0,0000;43,0000;25,5186;0;0;57;26
20260613_0945;Recorrência_1000;classification;LeveragingBagging;Otimizado_33Features;classifier;classifier;classifier;N/A;N/A;N/A;2000;100;31;5000;77,0156;30,7408;100,0000;0,0000;71,6000;36,2249;0;0;29;37
20260613_0945;Recorrência_1000;classification;LeveragingBagging;Otimizado_33Features;classifier;classifier;classifier;N/A;N/A;N/A;2000;100;32;5100;96,1562;4,8026;100,0000;0,0000;93,0000;8,7178;0;0;7;9
20260613_0945;Recorrência_1000;classification;LeveragingBagging;Otimizado_33Features;classifier;classifier;classifier;N/A;N/A;N/A;2000;100;33;5200;100,0000;0,0000;100,0000;0,0000;100,0000;0,0000;0;0;0;0
20260613_0945;Recorrência_1000;classification;LeveragingBagging;Otimizado_33Features;classifier;classifier;classifier;N/A;N/A;N/A;2000;100;34;5300;97,4186;0,2797;94,9687;0,5311;100,0000;0,0000;5;1;0;0
20260613_0945;Recorrência_1000;classification;LeveragingBagging;Otimizado_33Features;classifier;classifier;classifier;N/A;N/A;N/A;2000;100;35;5400;0,0000;0,0000;0,0000;0,0000;0,0000;0,0000;1;1;0;0
20260613_0945;Recorrência_1000;classification;LeveragingBagging;Otimizado_33Features;classifier;classifier;classifier;N/A;N/A;N/A;2000;100;36;5500;0,0000;0,0000;0,0000;0,0000;0,0000;0,0000;1;1;0;0
20260613_0945;Recorrência_1000;classification;LeveragingBagging;Otimizado_33Features;classifier;classifier;classifier;N/A;N/A;N/A;2000;100;37;5600;0,0000;0,0000;0,0000;0,0000;0,0000;0,0000;1;0;0;0
20260613_0945;Recorrência_1000;classification;LeveragingBagging;Otimizado_33Features;classifier;classifier;classifier;N/A;N/A;N/A;2000;100;38;5700;0,0000;0,0000;0,0000;0,0000;0,0000;0,0000;0;0;0;0
20260613_0945;Recorrência_1000;classification;LeveragingBagging;Otimizado_33Features;classifier;classifier;classifier;N/A;N/A;N/A;2000;100;39;5800;0,0000;0,0000;0,0000;0,0000;0,0000;0,0000;1;1;0;0
20260613_0945;Recorrência_1000;classification;LeveragingBagging;Otimizado_33Features;classifier;classifier;classifier;N/A;N/A;N/A;2000;100;40;5900;0,0000;0,0000;0,0000;0,0000;0,0000;0,0000;0;0;0;0
20260613_0945;Recorrência_1000;classification;LeveragingBagging;Otimizado_33Features;classifier;classifier;classifier;N/A;N/A;N/A;2000;100;41;6000;0,0000;0,0000;0,0000;0,0000;0,0000;0,0000;0;0;0;0
20260613_0945;Recorrência_1000;classification;LeveragingBagging;Otimizado_33Features;classifier;classifier;classifier;N/A;N/A;N/A;2000;100;42;6100;0,0000;0,0000;0,0000;0,0000;0,0000;0,0000;0;0;0;0
20260613_0945;Recorrência_1000;classification;LeveragingBagging;Otimizado_33Features;classifier;classifier;classifier;N/A;N/A;N/A;2000;100;43;6200;0,0000;0,0000;0,0000;0,0000;0,0000;0,0000;0;0;0;0
20260613_0945;Recorrência_1000;classification;LeveragingBagging;Otimizado_33Features;classifier;classifier;classifier;N/A;N/A;N/A;2000;100;44;6300;0,0000;0,0000;0,0000;0,0000;0,0000;0,0000;0;0;0;0
20260613_0945;Recorrência_1000;classification;LeveragingBagging;Otimizado_33Features;classifier;classifier;classifier;N/A;N/A;N/A;2000;100;45;6400;0,0000;0,0000;0,0000;0,0000;0,0000;0,0000;0;0;0;0
20260613_0945;Recorrência_1000;classification;LeveragingBagging;Otimizado_33Features;classifier;classifier;classifier;N/A;N/A;N/A;2000;100;46;6500;0,0000;0,0000;0,0000;0,0000;0,0000;0,0000;0;0;0;0
20260613_0945;Recorrência_1000;classification;LeveragingBagging;Otimizado_33Features;classifier;classifier;classifier;N/A;N/A;N/A;2000;100;47;6600;0,0000;0,0000;0,0000;0,0000;0,0000;0,0000;0;0;0;0
20260613_0945;Recorrência_1000;classification;LeveragingBagging;Otimizado_33Features;classifier;classifier;classifier;N/A;N/A;N/A;2000;100;48;6700;0,0000;0,0000;0,0000;0,0000;0,0000;0,0000;0;0;0;0
20260613_0945;Recorrência_1000;classification;LeveragingBagging;Otimizado_33Features;classifier;classifier;classifier;N/A;N/A;N/A;2000;100;49;6800;0,0000;0,0000;0,0000;0,0000;0,0000;0,0000;0;0;0;0
20260613_0945;Recorrência_1000;classification;LeveragingBagging;Otimizado_33Features;classifier;classifier;classifier;N/A;N/A;N/A;2000;100;50;6900;0,0000;0,0000;0,0000;0,0000;0,0000;0,0000;0;0;0;0
20260613_0945;Recorrência_1000;classification;LeveragingBagging;Otimizado_33Features;classifier;classifier;classifier;N/A;N/A;N/A;2000;100;51;7000;0,0000;0,0000;0,0000;0,0000;0,0000;0,0000;0;0;0;0
20260613_0945;Recorrência_1000;classification;LeveragingBagging;Otimizado_33Features;classifier;classifier;classifier;N/A;N/A;N/A;2000;100;52;7100;0,0000;0,0000;0,0000;0,0000;0,0000;0,0000;0;0;0;0
20260613_0945;Recorrência_1000;classification;LeveragingBagging;Otimizado_33Features;classifier;classifier;classifier;N/A;N/A;N/A;2000;100;53;7200;0,0000;0,0000;0,0000;0,0000;0,0000;0,0000;0;0;0;0
20260613_0945;Recorrência_1000;classification;LeveragingBagging;Otimizado_33Features;classifier;classifier;classifier;N/A;N/A;N/A;2000;100;54;7300;0,0000;0,0000;0,0000;0,0000;0,0000;0,0000;0;0;0;0
20260613_0945;Recorrência_1000;classification;LeveragingBagging;Otimizado_33Features;classifier;classifier;classifier;N/A;N/A;N/A;2000;100;55;7400;0,0000;0,0000;0,0000;0,0000;0,0000;0,0000;0;0;0;0
20260613_0945;Recorrência_1000;classification;LeveragingBagging;Otimizado_33Features;classifier;classifier;classifier;N/A;N/A;N/A;2000;100;56;7500;98,2350;0,3378;100,0000;0,0000;96,5333;0,6532;0;0;3;1
20260613_0945;Recorrência_1000;classification;LeveragingBagging;Otimizado_33Features;classifier;classifier;classifier;N/A;N/A;N/A;2000;100;57;7600;100,0000;0,0000;100,0000;0,0000;100,0000;0,0000;0;0;0;0
20260613_0945;Recorrência_1000;classification;LeveragingBagging;Otimizado_33Features;classifier;classifier;classifier;N/A;N/A;N/A;2000;100;58;7700;100,0000;0,0000;100,0000;0,0000;100,0000;0,0000;0;0;0;0
20260613_0945;Recorrência_1000;classification;LeveragingBagging;Otimizado_33Features;classifier;classifier;classifier;N/A;N/A;N/A;2000;100;59;7800;100,0000;0,0000;100,0000;0,0000;100,0000;0,0000;0;0;0;0
20260613_0945;Recorrência_1000;classification;LeveragingBagging;Otimizado_33Features;classifier;classifier;classifier;N/A;N/A;N/A;2000;100;60;7900;100,0000;0,0000;100,0000;0,0000;100,0000;0,0000;0;0;0;0
20260613_0945;Recorrência_1000;classification;LeveragingBagging;Otimizado_33Features;classifier;classifier;classifier;N/A;N/A;N/A;2000;100;61;8000;100,0000;0,0000;100,0000;0,0000;100,0000;0,0000;0;0;0;0
20260613_0945;Recorrência_1000;classification;LeveragingBagging;Otimizado_33Features;classifier;classifier;classifier;N/A;N/A;N/A;2000;100;62;8100;0,0000;0,0000;0,0000;0,0000;0,0000;0,0000;0;0;0;0
20260613_0945;Recorrência_1000;classification;LeveragingBagging;Otimizado_33Features;classifier;classifier;classifier;N/A;N/A;N/A;2000;100;63;8200;0,0000;0,0000;0,0000;0,0000;0,0000;0,0000;0;0;0;0
20260613_0945;Recorrência_1000;classification;LeveragingBagging;Otimizado_33Features;classifier;classifier;classifier;N/A;N/A;N/A;2000;100;64;8300;0,0000;0,0000;0,0000;0,0000;0,0000;0,0000;0;0;0;0
20260613_0945;Recorrência_1000;classification;LeveragingBagging;Otimizado_33Features;classifier;classifier;classifier;N/A;N/A;N/A;2000;100;65;8400;0,0000;0,0000;0,0000;0,0000;0,0000;0,0000;0;0;0;0
20260613_0945;Recorrência_1000;classification;LeveragingBagging;Otimizado_33Features;classifier;classifier;classifier;N/A;N/A;N/A;2000;100;66;8500;0,0000;0,0000;0,0000;0,0000;0,0000;0,0000;0;0;0;0
20260613_0945;Recorrência_1000;classification;LeveragingBagging;Otimizado_33Features;classifier;classifier;classifier;N/A;N/A;N/A;2000;100;67;8600;0,0000;0,0000;0,0000;0,0000;0,0000;0,0000;0;0;0;0
20260613_0945;Recorrência_1000;classification;LeveragingBagging;Otimizado_33Features;classifier;classifier;classifier;N/A;N/A;N/A;2000;100;68;8700;0,0000;0,0000;0,0000;0,0000;0,0000;0,0000;0;0;0;0
20260613_0945;Recorrência_1000;classification;LeveragingBagging;Otimizado_33Features;classifier;classifier;classifier;N/A;N/A;N/A;2000;100;69;8800;0,0000;0,0000;0,0000;0,0000;0,0000;0,0000;0;0;0;0
20260613_0945;Recorrência_1000;classification;LeveragingBagging;Otimizado_33Features;classifier;classifier;classifier;N/A;N/A;N/A;2000;100;70;8900;0,0000;0,0000;0,0000;0,0000;0,0000;0,0000;0;0;0;0
20260613_0945;Recorrência_1000;classification;LeveragingBagging;Otimizado_33Features;classifier;classifier;classifier;N/A;N/A;N/A;2000;100;71;9000;0,0000;0,0000;0,0000;0,0000;0,0000;0,0000;0;0;0;0
20260613_0945;Recorrência_1000;classification;LeveragingBagging;Otimizado_33Features;classifier;classifier;classifier;N/A;N/A;N/A;2000;100;72;9100;0,0000;0,0000;0,0000;0,0000;0,0000;0,0000;0;0;0;0
20260613_0945;Recorrência_1000;classification;LeveragingBagging;Otimizado_33Features;classifier;classifier;classifier;N/A;N/A;N/A;2000;100;73;9200;0,0000;0,0000;0,0000;0,0000;0,0000;0,0000;0;0;0;0
20260613_0945;Recorrência_1000;classification;LeveragingBagging;Otimizado_33Features;classifier;classifier;classifier;N/A;N/A;N/A;2000;100;74;9300;0,0000;0,0000;0,0000;0,0000;0,0000;0,0000;0;0;0;0
20260613_0945;Recorrência_1000;classification;LeveragingBagging;Otimizado_33Features;classifier;classifier;classifier;N/A;N/A;N/A;2000;100;75;9400;0,0000;0,0000;0,0000;0,0000;0,0000;0,0000;0;0;0;0
20260613_0945;Recorrência_1000;classification;LeveragingBagging;Otimizado_33Features;classifier;classifier;classifier;N/A;N/A;N/A;2000;100;76;9500;0,0000;0,0000;0,0000;0,0000;0,0000;0,0000;0;0;0;0
20260613_0945;Recorrência_1000;classification;LeveragingBagging;Otimizado_33Features;classifier;classifier;classifier;N/A;N/A;N/A;2000;100;77;9600;0,0000;0,0000;0,0000;0,0000;0,0000;0,0000;0;0;0;0
20260613_0945;Recorrência_1000;classification;LeveragingBagging;Otimizado_33Features;classifier;classifier;classifier;N/A;N/A;N/A;2000;100;78;9700;0,0000;0,0000;0,0000;0,0000;0,0000;0,0000;0;0;0;0
20260613_0945;Recorrência_1000;classification;LeveragingBagging;Otimizado_33Features;classifier;classifier;classifier;N/A;N/A;N/A;2000;100;79;9800;0,0000;0,0000;0,0000;0,0000;0,0000;0,0000;0;0;0;0
20260613_0945;Recorrência_1000;classification;LeveragingBagging;Otimizado_33Features;classifier;classifier;classifier;N/A;N/A;N/A;2000;100;80;9900;0,0000;0,0000;0,0000;0,0000;0,0000;0,0000;0;0;0;0
20260613_0945;Recorrência_1000;classification;LeveragingBagging;Otimizado_33Features;classifier;classifier;classifier;N/A;N/A;N/A;2000;100;81;10000;0,0000;0,0000;0,0000;0,0000;0,0000;0,0000;0;0;0;0
20260613_0945;Recorrência_1000;classification;LeveragingBagging;Otimizado_33Features;classifier;classifier;classifier;N/A;N/A;N/A;2000;100;82;10100;89,7826;2,3075;100,0000;0,0000;81,5385;3,7684;0;0;3;1
20260613_0945;Recorrência_1000;classification;LeveragingBagging;Otimizado_33Features;classifier;classifier;classifier;N/A;N/A;N/A;2000;100;83;10200;94,1176;0,0000;100,0000;0,0000;88,8889;0,0000;0;0;3;0
20260613_0945;Recorrência_1000;classification;LeveragingBagging;Otimizado_33Features;classifier;classifier;classifier;N/A;N/A;N/A;2000;100;84;10300;92,3077;0,0000;100,0000;0,0000;85,7143;0,0000;0;0;1;0
20260613_0945;Recorrência_1000;classification;LeveragingBagging;Otimizado_33Features;classifier;classifier;classifier;N/A;N/A;N/A;2000;100;85;10400;97,8701;0,8957;100,0000;0,0000;95,8442;1,7229;0;0;4;2
20260613_0945;Recorrência_1000;classification;LeveragingBagging;Otimizado_33Features;classifier;classifier;classifier;N/A;N/A;N/A;2000;100;86;10500;95,8333;0,0000;100,0000;0,0000;92,0000;0,0000;0;0;2;0
20260613_0945;Recorrência_1000;classification;LeveragingBagging;Otimizado_33Features;classifier;classifier;classifier;N/A;N/A;N/A;2000;100;87;10600;98,6207;1,6893;100,0000;0,0000;97,3333;3,2660;0;0;1;1
20260613_0945;Recorrência_1000;classification;LeveragingBagging;Otimizado_33Features;classifier;classifier;classifier;N/A;N/A;N/A;2000;100;88;10700;0,0000;0,0000;0,0000;0,0000;0,0000;0,0000;0;0;0;0
20260613_0945;Recorrência_1000;classification;LeveragingBagging;Otimizado_33Features;classifier;classifier;classifier;N/A;N/A;N/A;2000;100;89;10800;0,0000;0,0000;0,0000;0,0000;0,0000;0,0000;0;0;0;0
20260613_0945;Recorrência_1000;classification;LeveragingBagging;Otimizado_33Features;classifier;classifier;classifier;N/A;N/A;N/A;2000;100;90;10900;0,0000;0,0000;0,0000;0,0000;0,0000;0,0000;0;0;0;0
20260613_0945;Recorrência_1000;classification;LeveragingBagging;Otimizado_33Features;classifier;classifier;classifier;N/A;N/A;N/A;2000;100;91;11000;0,0000;0,0000;0,0000;0,0000;0,0000;0,0000;0;0;0;0
20260613_0945;Recorrência_1000;classification;LeveragingBagging;Otimizado_33Features;classifier;classifier;classifier;N/A;N/A;N/A;2000;100;92;11100;0,0000;0,0000;0,0000;0,0000;0,0000;0,0000;1;0;0;0
20260613_0945;Recorrência_1000;classification;LeveragingBagging;Otimizado_33Features;classifier;classifier;classifier;N/A;N/A;N/A;2000;100;93;11200;0,0000;0,0000;0,0000;0,0000;0,0000;0,0000;0;0;0;0
20260613_0945;Recorrência_1000;classification;LeveragingBagging;Otimizado_33Features;classifier;classifier;classifier;N/A;N/A;N/A;2000;100;94;11300;0,0000;0,0000;0,0000;0,0000;0,0000;0,0000;0;0;0;0
20260613_0945;Recorrência_1000;classification;LeveragingBagging;Otimizado_33Features;classifier;classifier;classifier;N/A;N/A;N/A;2000;100;95;11400;0,0000;0,0000;0,0000;0,0000;0,0000;0,0000;0;0;0;0
20260613_0945;Recorrência_1000;classification;LeveragingBagging;Otimizado_33Features;classifier;classifier;classifier;N/A;N/A;N/A;2000;100;96;11500;0,0000;0,0000;0,0000;0,0000;0,0000;0,0000;0;0;0;0
20260613_0945;Recorrência_1000;classification;LeveragingBagging;Otimizado_33Features;classifier;classifier;classifier;N/A;N/A;N/A;2000;100;97;11600;0,0000;0,0000;0,0000;0,0000;0,0000;0,0000;1;1;0;0
20260613_0945;Recorrência_1000;classification;LeveragingBagging;Otimizado_33Features;classifier;classifier;classifier;N/A;N/A;N/A;2000;100;98;11700;0,0000;0,0000;0,0000;0,0000;0,0000;0,0000;1;1;0;0
20260613_0945;Recorrência_1000;classification;LeveragingBagging;Otimizado_33Features;classifier;classifier;classifier;N/A;N/A;N/A;2000;100;99;11800;0,0000;0,0000;0,0000;0,0000;0,0000;0,0000;0;0;0;0
20260613_0945;Recorrência_1000;classification;LeveragingBagging;Otimizado_33Features;classifier;classifier;classifier;N/A;N/A;N/A;2000;100;100;11900;0,0000;0,0000;0,0000;0,0000;0,0000;0,0000;0;0;0;0
20260613_0945;Recorrência_1000;classification;LeveragingBagging;Otimizado_33Features;classifier;classifier;classifier;N/A;N/A;N/A;2000;100;101;12000;0,0000;0,0000;0,0000;0,0000;0,0000;0,0000;0;0;0;0
20260613_0945;Recorrência_1000;classification;LeveragingBagging;Otimizado_33Features;classifier;classifier;classifier;N/A;N/A;N/A;2000;100;102;12100;0,0000;0,0000;0,0000;0,0000;0,0000;0,0000;0;0;0;0
20260613_0945;Recorrência_1000;classification;LeveragingBagging;Otimizado_33Features;classifier;classifier;classifier;N/A;N/A;N/A;2000;100;103;12200;0,0000;0,0000;0,0000;0,0000;0,0000;0,0000;0;0;0;0
20260613_0945;Recorrência_1000;classification;LeveragingBagging;Otimizado_33Features;classifier;classifier;classifier;N/A;N/A;N/A;2000;100;104;12300;0,0000;0,0000;0,0000;0,0000;0,0000;0,0000;0;0;0;0
20260613_0945;Recorrência_1000;classification;LeveragingBagging;Otimizado_33Features;classifier;classifier;classifier;N/A;N/A;N/A;2000;100;105;12400;0,0000;0,0000;0,0000;0,0000;0,0000;0,0000;0;0;0;0
20260613_0945;Recorrência_1000;classification;LeveragingBagging;Otimizado_33Features;classifier;classifier;classifier;N/A;N/A;N/A;2000;100;106;12500;0,0000;0,0000;0,0000;0,0000;0,0000;0,0000;0;0;0;0
20260613_0945;Recorrência_1000;classification;LeveragingBagging;Otimizado_33Features;classifier;classifier;classifier;N/A;N/A;N/A;2000;100;107;12600;0,0000;0,0000;0,0000;0,0000;0,0000;0,0000;0;0;0;0
20260613_0945;Recorrência_1000;classification;LeveragingBagging;Otimizado_33Features;classifier;classifier;classifier;N/A;N/A;N/A;2000;100;108;12700;0,0000;0,0000;0,0000;0,0000;0,0000;0,0000;0;0;0;0
20260613_0945;Recorrência_1000;classification;LeveragingBagging;Otimizado_33Features;classifier;classifier;classifier;N/A;N/A;N/A;2000;100;109;12800;83,8015;7,0911;100,0000;0,0000;72,7473;10,2945;0;0;25;10
20260613_0945;Recorrência_1000;classification;LeveragingBagging;Otimizado_33Features;classifier;classifier;classifier;N/A;N/A;N/A;2000;100;110;12900;100,0000;0,0000;100,0000;0,0000;100,0000;0,0000;0;0;0;0
20260613_0945;Recorrência_1000;classification;LeveragingBagging;Otimizado_33Features;classifier;classifier;classifier;N/A;N/A;N/A;2000;100;111;13000;100,0000;0,0000;100,0000;0,0000;100,0000;0,0000;0;0;0;0
20260613_0945;Recorrência_1000;classification;LeveragingBagging;Otimizado_33Features;classifier;classifier;classifier;N/A;N/A;N/A;2000;100;112;13100;100,0000;0,0000;100,0000;0,0000;100,0000;0,0000;0;0;0;0
20260613_0945;Recorrência_1000;classification;LeveragingBagging;Otimizado_33Features;classifier;classifier;classifier;N/A;N/A;N/A;2000;100;113;13200;100,0000;0,0000;100,0000;0,0000;100,0000;0,0000;0;0;0;0
20260613_0945;Recorrência_1000;classification;LeveragingBagging;Otimizado_33Features;classifier;classifier;classifier;N/A;N/A;N/A;2000;100;114;13300;96,0000;4,8990;92,7273;8,9072;100,0000;0,0000;1;1;0;0
20260613_0945;Recorrência_1000;classification;LeveragingBagging;Otimizado_33Features;classifier;classifier;classifier;N/A;N/A;N/A;2000;100;115;13400;0,0000;0,0000;0,0000;0,0000;0,0000;0,0000;0;0;0;0
20260613_0945;Recorrência_1000;classification;LeveragingBagging;Otimizado_33Features;classifier;classifier;classifier;N/A;N/A;N/A;2000;100;116;13500;0,0000;0,0000;0,0000;0,0000;0,0000;0,0000;0;0;0;0
20260613_0945;Recorrência_1000;classification;LeveragingBagging;Otimizado_33Features;classifier;classifier;classifier;N/A;N/A;N/A;2000;100;117;13600;0,0000;0,0000;0,0000;0,0000;0,0000;0,0000;0;0;0;0
20260613_0945;Recorrência_1000;classification;LeveragingBagging;Otimizado_33Features;classifier;classifier;classifier;N/A;N/A;N/A;2000;100;118;13700;0,0000;0,0000;0,0000;0,0000;0,0000;0,0000;0;0;0;0
20260613_0945;Recorrência_1000;classification;LeveragingBagging;Otimizado_33Features;classifier;classifier;classifier;N/A;N/A;N/A;2000;100;119;13800;0,0000;0,0000;0,0000;0,0000;0,0000;0,0000;0;0;0;0
20260613_0945;Recorrência_1000;classification;LeveragingBagging;Otimizado_33Features;classifier;classifier;classifier;N/A;N/A;N/A;2000;100;120;13900;0,0000;0,0000;0,0000;0,0000;0,0000;0,0000;0;0;0;0
20260613_0945;Recorrência_1000;classification;LeveragingBagging;Otimizado_33Features;classifier;classifier;classifier;N/A;N/A;N/A;2000;100;121;14000;0,0000;0,0000;0,0000;0,0000;0,0000;0,0000;0;0;0;0
20260613_0945;Recorrência_1000;classification;LeveragingBagging;Otimizado_33Features;classifier;classifier;classifier;N/A;N/A;N/A;2000;100;122;14100;0,0000;0,0000;0,0000;0,0000;0,0000;0,0000;0;0;0;0
20260613_0945;Recorrência_1000;classification;LeveragingBagging;Otimizado_33Features;classifier;classifier;classifier;N/A;N/A;N/A;2000;100;123;14200;0,0000;0,0000;0,0000;0,0000;0,0000;0,0000;0;0;0;0
20260613_0945;Recorrência_1000;classification;LeveragingBagging;Otimizado_33Features;classifier;classifier;classifier;N/A;N/A;N/A;2000;100;124;14300;0,0000;0,0000;0,0000;0,0000;0,0000;0,0000;0;0;0;0
20260613_0945;Recorrência_1000;classification;LeveragingBagging;Otimizado_33Features;classifier;classifier;classifier;N/A;N/A;N/A;2000;100;125;14400;0,0000;0,0000;0,0000;0,0000;0,0000;0,0000;0;0;0;0
20260613_0945;Recorrência_1000;classification;LeveragingBagging;Otimizado_33Features;classifier;classifier;classifier;N/A;N/A;N/A;2000;100;126;14500;0,0000;0,0000;0,0000;0,0000;0,0000;0,0000;0;0;0;0
20260613_0945;Recorrência_1000;classification;LeveragingBagging;Otimizado_33Features;classifier;classifier;classifier;N/A;N/A;N/A;2000;100;127;14600;0,0000;0,0000;0,0000;0,0000;0,0000;0,0000;0;0;0;0
20260613_0945;Recorrência_1000;classification;LeveragingBagging;Otimizado_33Features;classifier;classifier;classifier;N/A;N/A;N/A;2000;100;128;14700;0,0000;0,0000;0,0000;0,0000;0,0000;0,0000;0;0;0;0
20260613_0945;Recorrência_1000;classification;LeveragingBagging;Otimizado_33Features;classifier;classifier;classifier;N/A;N/A;N/A;2000;100;129;14800;0,0000;0,0000;0,0000;0,0000;0,0000;0,0000;0;0;0;0
20260613_0945;Recorrência_1000;classification;LeveragingBagging;Otimizado_33Features;classifier;classifier;classifier;N/A;N/A;N/A;2000;100;130;14900;0,0000;0,0000;0,0000;0,0000;0,0000;0,0000;0;0;0;0
20260613_0945;Recorrência_1000;classification;LeveragingBagging;Otimizado_33Features;classifier;classifier;classifier;N/A;N/A;N/A;2000;100;131;15000;0,0000;0,0000;0,0000;0,0000;0,0000;0,0000;1;1;0;0
20260613_0945;Recorrência_1000;classification;LeveragingBagging;Otimizado_33Features;classifier;classifier;classifier;N/A;N/A;N/A;2000;100;132;15100;0,0000;0,0000;0,0000;0,0000;0,0000;0,0000;0;0;0;0
20260613_0945;Recorrência_1000;classification;LeveragingBagging;Otimizado_33Features;classifier;classifier;classifier;N/A;N/A;N/A;2000;100;133;15200;0,0000;0,0000;0,0000;0,0000;0,0000;0,0000;0;0;0;0
20260613_0945;Recorrência_1000;classification;LeveragingBagging;Otimizado_33Features;classifier;classifier;classifier;N/A;N/A;N/A;2000;100;134;15300;0,0000;0,0000;0,0000;0,0000;0,0000;0,0000;0;0;0;0
20260613_0945;Recorrência_1000;classification;LeveragingBagging;Otimizado_33Features;classifier;classifier;classifier;N/A;N/A;N/A;2000;100;135;15400;99,1753;0,4124;100,0000;0,0000;98,3673;0,8163;0;0;1;1
20260613_0945;Recorrência_1000;classification;LeveragingBagging;Otimizado_33Features;classifier;classifier;classifier;N/A;N/A;N/A;2000;100;136;15500;100,0000;0,0000;100,0000;0,0000;100,0000;0,0000;0;0;0;0
20260613_0945;Recorrência_1000;classification;LeveragingBagging;Otimizado_33Features;classifier;classifier;classifier;N/A;N/A;N/A;2000;100;137;15600;100,0000;0,0000;100,0000;0,0000;100,0000;0,0000;0;0;0;0
20260613_0945;Recorrência_1000;classification;LeveragingBagging;Otimizado_33Features;classifier;classifier;classifier;N/A;N/A;N/A;2000;100;138;15700;100,0000;0,0000;100,0000;0,0000;100,0000;0,0000;0;0;0;0
20260613_0945;Recorrência_1000;classification;LeveragingBagging;Otimizado_33Features;classifier;classifier;classifier;N/A;N/A;N/A;2000;100;139;15800;100,0000;0,0000;100,0000;0,0000;100,0000;0,0000;0;0;0;0
20260613_0945;Recorrência_1000;classification;LeveragingBagging;Otimizado_33Features;classifier;classifier;classifier;N/A;N/A;N/A;2000;100;140;15900;100,0000;0,0000;100,0000;0,0000;100,0000;0,0000;0;0;0;0
20260613_0945;Recorrência_1000;classification;LeveragingBagging;Otimizado_33Features;classifier;classifier;classifier;N/A;N/A;N/A;2000;100;141;16000;0,0000;0,0000;0,0000;0,0000;0,0000;0,0000;0;0;0;0
20260613_0945;Recorrência_1000;classification;LeveragingBagging;Otimizado_33Features;classifier;classifier;classifier;N/A;N/A;N/A;2000;100;142;16100;0,0000;0,0000;0,0000;0,0000;0,0000;0,0000;0;0;0;0
20260613_0945;Recorrência_1000;classification;LeveragingBagging;Otimizado_33Features;classifier;classifier;classifier;N/A;N/A;N/A;2000;100;143;16200;0,0000;0,0000;0,0000;0,0000;0,0000;0,0000;0;0;0;0
20260613_0945;Recorrência_1000;classification;LeveragingBagging;Otimizado_33Features;classifier;classifier;classifier;N/A;N/A;N/A;2000;100;144;16300;0,0000;0,0000;0,0000;0,0000;0,0000;0,0000;0;0;0;0
20260613_0945;Recorrência_1000;classification;LeveragingBagging;Otimizado_33Features;classifier;classifier;classifier;N/A;N/A;N/A;2000;100;145;16400;0,0000;0,0000;0,0000;0,0000;0,0000;0,0000;0;0;0;0
20260613_0945;Recorrência_1000;classification;LeveragingBagging;Otimizado_33Features;classifier;classifier;classifier;N/A;N/A;N/A;2000;100;146;16500;0,0000;0,0000;0,0000;0,0000;0,0000;0,0000;0;0;0;0
20260613_0945;Recorrência_1000;classification;LeveragingBagging;Otimizado_33Features;classifier;classifier;classifier;N/A;N/A;N/A;2000;100;147;16600;0,0000;0,0000;0,0000;0,0000;0,0000;0,0000;0;0;0;0
20260613_0945;Recorrência_1000;classification;LeveragingBagging;Otimizado_33Features;classifier;classifier;classifier;N/A;N/A;N/A;2000;100;148;16700;0,0000;0,0000;0,0000;0,0000;0,0000;0,0000;0;0;0;0
20260613_0945;Recorrência_1000;classification;LeveragingBagging;Otimizado_33Features;classifier;classifier;classifier;N/A;N/A;N/A;2000;100;149;16800;0,0000;0,0000;0,0000;0,0000;0,0000;0,0000;0;0;0;0
20260613_0945;Recorrência_1000;classification;LeveragingBagging;Otimizado_33Features;classifier;classifier;classifier;N/A;N/A;N/A;2000;100;150;16900;0,0000;0,0000;0,0000;0,0000;0,0000;0,0000;0;0;0;0
20260613_0945;Recorrência_1000;classification;LeveragingBagging;Otimizado_33Features;classifier;classifier;classifier;N/A;N/A;N/A;2000;100;151;17000;0,0000;0,0000;0,0000;0,0000;0,0000;0,0000;0;0;0;0
20260613_0945;Recorrência_1000;classification;LeveragingBagging;Otimizado_33Features;classifier;classifier;classifier;N/A;N/A;N/A;2000;100;152;17100;0,0000;0,0000;0,0000;0,0000;0,0000;0,0000;0;0;0;0
20260613_0945;Recorrência_1000;classification;LeveragingBagging;Otimizado_33Features;classifier;classifier;classifier;N/A;N/A;N/A;2000;100;153;17200;0,0000;0,0000;0,0000;0,0000;0,0000;0,0000;0;0;0;0
20260613_0945;Recorrência_1000;classification;LeveragingBagging;Otimizado_33Features;classifier;classifier;classifier;N/A;N/A;N/A;2000;100;154;17300;0,0000;0,0000;0,0000;0,0000;0,0000;0,0000;0;0;0;0
20260613_0945;Recorrência_1000;classification;LeveragingBagging;Otimizado_33Features;classifier;classifier;classifier;N/A;N/A;N/A;2000;100;155;17400;0,0000;0,0000;0,0000;0,0000;0,0000;0,0000;1;1;0;0
20260613_0945;Recorrência_1000;classification;LeveragingBagging;Otimizado_33Features;classifier;classifier;classifier;N/A;N/A;N/A;2000;100;156;17500;0,0000;0,0000;0,0000;0,0000;0,0000;0,0000;0;0;0;0
20260613_0945;Recorrência_1000;classification;LeveragingBagging;Otimizado_33Features;classifier;classifier;classifier;N/A;N/A;N/A;2000;100;157;17600;0,0000;0,0000;0,0000;0,0000;0,0000;0,0000;0;0;0;0
20260613_0945;Recorrência_1000;classification;LeveragingBagging;Otimizado_33Features;classifier;classifier;classifier;N/A;N/A;N/A;2000;100;158;17700;0,0000;0,0000;0,0000;0,0000;0,0000;0,0000;0;0;0;0
20260613_0945;Recorrência_1000;classification;LeveragingBagging;Otimizado_33Features;classifier;classifier;classifier;N/A;N/A;N/A;2000;100;159;17800;0,0000;0,0000;0,0000;0,0000;0,0000;0,0000;0;0;0;0
20260613_0945;Recorrência_1000;classification;LeveragingBagging;Otimizado_33Features;classifier;classifier;classifier;N/A;N/A;N/A;2000;100;160;17900;0,0000;0,0000;0,0000;0,0000;0,0000;0,0000;0;0;0;0
20260613_1458;Generalização_25;classification;LeveragingBagging;Otimizado_33Features;classifier;classifier;classifier;N/A;N/A;N/A;2000;100;1;2000;0,0000;0,0000;0,0000;0,0000;0,0000;0,0000;0;0;0;0
20260613_1458;Generalização_25;classification;LeveragingBagging;Otimizado_33Features;classifier;classifier;classifier;N/A;N/A;N/A;2000;100;2;2100;0,0000;0,0000;0,0000;0,0000;0,0000;0,0000;0;0;0;0
20260613_1458;Generalização_25;classification;LeveragingBagging;Otimizado_33Features;classifier;classifier;classifier;N/A;N/A;N/A;2000;100;3;2200;0,0000;0,0000;0,0000;0,0000;0,0000;0,0000;0;0;0;0
20260613_1458;Generalização_25;classification;LeveragingBagging;Otimizado_33Features;classifier;classifier;classifier;N/A;N/A;N/A;2000;100;4;2300;0,0000;0,0000;0,0000;0,0000;0,0000;0,0000;0;0;0;0
20260613_1458;Generalização_25;classification;LeveragingBagging;Otimizado_33Features;classifier;classifier;classifier;N/A;N/A;N/A;2000;100;5;2400;0,0000;0,0000;0,0000;0,0000;0,0000;0,0000;0;0;0;0
20260613_1458;Generalização_25;classification;LeveragingBagging;Otimizado_33Features;classifier;classifier;classifier;N/A;N/A;N/A;2000;100;6;2500;0,0000;0,0000;0,0000;0,0000;0,0000;0,0000;0;0;0;0
20260613_1458;Generalização_25;classification;LeveragingBagging;Otimizado_33Features;classifier;classifier;classifier;N/A;N/A;N/A;2000;100;7;2600;0,0000;0,0000;0,0000;0,0000;0,0000;0,0000;0;0;0;0
20260613_1458;Generalização_25;classification;LeveragingBagging;Otimizado_33Features;classifier;classifier;classifier;N/A;N/A;N/A;2000;100;8;2700;0,0000;0,0000;0,0000;0,0000;0,0000;0,0000;0;0;0;0
20260613_1458;Generalização_25;classification;LeveragingBagging;Otimizado_33Features;classifier;classifier;classifier;N/A;N/A;N/A;2000;100;9;2800;0,0000;0,0000;0,0000;0,0000;0,0000;0,0000;0;0;0;0
20260613_1458;Generalização_25;classification;LeveragingBagging;Otimizado_33Features;classifier;classifier;classifier;N/A;N/A;N/A;2000;100;10;2900;0,0000;0,0000;0,0000;0,0000;0,0000;0,0000;0;0;0;0
20260613_1458;Generalização_25;classification;LeveragingBagging;Otimizado_33Features;classifier;classifier;classifier;N/A;N/A;N/A;2000;100;11;3000;0,0000;0,0000;0,0000;0,0000;0,0000;0,0000;0;0;0;0
20260613_1458;Generalização_25;classification;LeveragingBagging;Otimizado_33Features;classifier;classifier;classifier;N/A;N/A;N/A;2000;100;12;3100;0,0000;0,0000;0,0000;0,0000;0,0000;0,0000;0;0;0;0
20260613_1458;Generalização_25;classification;LeveragingBagging;Otimizado_33Features;classifier;classifier;classifier;N/A;N/A;N/A;2000;100;13;3200;0,0000;0,0000;0,0000;0,0000;0,0000;0,0000;0;0;0;0
20260613_1458;Generalização_25;classification;LeveragingBagging;Otimizado_33Features;classifier;classifier;classifier;N/A;N/A;N/A;2000;100;14;3300;0,0000;0,0000;0,0000;0,0000;0,0000;0,0000;0;0;0;0
20260613_1458;Generalização_25;classification;LeveragingBagging;Otimizado_33Features;classifier;classifier;classifier;N/A;N/A;N/A;2000;100;15;3400;0,0000;0,0000;0,0000;0,0000;0,0000;0,0000;0;0;0;0
20260613_1458;Generalização_25;classification;LeveragingBagging;Otimizado_33Features;classifier;classifier;classifier;N/A;N/A;N/A;2000;100;16;3500;0,0000;0,0000;0,0000;0,0000;0,0000;0,0000;0;0;0;0
20260613_1458;Generalização_25;classification;LeveragingBagging;Otimizado_33Features;classifier;classifier;classifier;N/A;N/A;N/A;2000;100;17;3600;0,0000;0,0000;0,0000;0,0000;0,0000;0,0000;0;0;0;0
20260613_1458;Generalização_25;classification;LeveragingBagging;Otimizado_33Features;classifier;classifier;classifier;N/A;N/A;N/A;2000;100;18;3700;0,0000;0,0000;0,0000;0,0000;0,0000;0,0000;0;0;0;0
20260613_1458;Generalização_25;classification;LeveragingBagging;Otimizado_33Features;classifier;classifier;classifier;N/A;N/A;N/A;2000;100;19;3800;91,3043;0,0000;100,0000;0,0000;84,0000;0,0000;0;0;4;0
20260613_1458;Generalização_25;classification;LeveragingBagging;Otimizado_33Features;classifier;classifier;classifier;N/A;N/A;N/A;2000;100;20;3900;0,0000;0,0000;0,0000;0,0000;0,0000;0,0000;1;0;0;0
20260613_1458;Generalização_25;classification;LeveragingBagging;Otimizado_33Features;classifier;classifier;classifier;N/A;N/A;N/A;2000;100;21;4000;0,0000;0,0000;0,0000;0,0000;0,0000;0,0000;1;0;0;0
20260613_1458;Generalização_25;classification;LeveragingBagging;Otimizado_33Features;classifier;classifier;classifier;N/A;N/A;N/A;2000;100;22;4100;0,0000;0,0000;0,0000;0,0000;0,0000;0,0000;0;0;0;0
20260613_1458;Generalização_25;classification;LeveragingBagging;Otimizado_33Features;classifier;classifier;classifier;N/A;N/A;N/A;2000;100;23;4200;0,0000;0,0000;0,0000;0,0000;0,0000;0,0000;0;0;0;0
20260613_1458;Generalização_25;classification;LeveragingBagging;Otimizado_33Features;classifier;classifier;classifier;N/A;N/A;N/A;2000;100;24;4300;0,0000;0,0000;0,0000;0,0000;0,0000;0,0000;0;0;0;0
20260613_1458;Generalização_25;classification;LeveragingBagging;Otimizado_33Features;classifier;classifier;classifier;N/A;N/A;N/A;2000;100;25;4400;0,0000;0,0000;0,0000;0,0000;0,0000;0,0000;0;0;0;0
20260613_1458;Generalização_25;classification;LeveragingBagging;Otimizado_33Features;classifier;classifier;classifier;N/A;N/A;N/A;2000;100;26;4500;0,0000;0,0000;0,0000;0,0000;0,0000;0,0000;0;0;0;0
20260613_1458;Generalização_25;classification;LeveragingBagging;Otimizado_33Features;classifier;classifier;classifier;N/A;N/A;N/A;2000;100;27;4600;0,0000;0,0000;0,0000;0,0000;0,0000;0,0000;0;0;0;0
20260613_1458;Generalização_25;classification;LeveragingBagging;Otimizado_33Features;classifier;classifier;classifier;N/A;N/A;N/A;2000;100;28;4700;0,0000;0,0000;0,0000;0,0000;0,0000;0,0000;0;0;0;0
20260613_1458;Generalização_25;classification;LeveragingBagging;Otimizado_33Features;classifier;classifier;classifier;N/A;N/A;N/A;2000;100;29;4800;0,0000;0,0000;0,0000;0,0000;0,0000;0,0000;0;0;0;0
20260613_1458;Generalização_25;classification;LeveragingBagging;Otimizado_33Features;classifier;classifier;classifier;N/A;N/A;N/A;2000;100;30;4900;0,0000;0,0000;0,0000;0,0000;0,0000;0,0000;0;0;0;0
20260613_1458;Generalização_25;classification;LeveragingBagging;Otimizado_33Features;classifier;classifier;classifier;N/A;N/A;N/A;2000;100;31;5000;0,0000;0,0000;0,0000;0,0000;0,0000;0,0000;0;0;0;0
20260613_1458;Generalização_25;classification;LeveragingBagging;Otimizado_33Features;classifier;classifier;classifier;N/A;N/A;N/A;2000;100;32;5100;0,0000;0,0000;0,0000;0,0000;0,0000;0,0000;0;0;0;0
20260613_1458;Generalização_25;classification;LeveragingBagging;Otimizado_33Features;classifier;classifier;classifier;N/A;N/A;N/A;2000;100;33;5200;0,0000;0,0000;0,0000;0,0000;0,0000;0,0000;0;0;0;0
20260613_1458;Generalização_25;classification;LeveragingBagging;Otimizado_33Features;classifier;classifier;classifier;N/A;N/A;N/A;2000;100;34;5300;0,0000;0,0000;0,0000;0,0000;0,0000;0,0000;0;0;0;0
20260613_1458;Generalização_25;classification;LeveragingBagging;Otimizado_33Features;classifier;classifier;classifier;N/A;N/A;N/A;2000;100;35;5400;0,0000;0,0000;0,0000;0,0000;0,0000;0,0000;0;0;0;0
20260613_1458;Generalização_25;classification;LeveragingBagging;Otimizado_33Features;classifier;classifier;classifier;N/A;N/A;N/A;2000;100;36;5500;0,0000;0,0000;0,0000;0,0000;0,0000;0,0000;0;0;0;0
20260613_1458;Generalização_25;classification;LeveragingBagging;Otimizado_33Features;classifier;classifier;classifier;N/A;N/A;N/A;2000;100;37;5600;0,0000;0,0000;0,0000;0,0000;0,0000;0,0000;0;0;0;0
20260613_1458;Generalização_25;classification;LeveragingBagging;Otimizado_33Features;classifier;classifier;classifier;N/A;N/A;N/A;2000;100;38;5700;0,0000;0,0000;0,0000;0,0000;0,0000;0,0000;0;0;0;0
20260613_1458;Generalização_25;classification;LeveragingBagging;Otimizado_33Features;classifier;classifier;classifier;N/A;N/A;N/A;2000;100;39;5800;0,0000;0,0000;0,0000;0,0000;0,0000;0,0000;0;0;0;0
20260613_1458;Generalização_25;classification;LeveragingBagging;Otimizado_33Features;classifier;classifier;classifier;N/A;N/A;N/A;2000;100;40;5900;0,0000;0,0000;0,0000;0,0000;0,0000;0,0000;0;0;0;0
20260613_1458;Generalização_25;classification;LeveragingBagging;Otimizado_33Features;classifier;classifier;classifier;N/A;N/A;N/A;2000;100;41;6000;0,0000;0,0000;0,0000;0,0000;0,0000;0,0000;0;0;0;0
20260613_1458;Generalização_25;classification;LeveragingBagging;Otimizado_33Features;classifier;classifier;classifier;N/A;N/A;N/A;2000;100;42;6100;0,0000;0,0000;0,0000;0,0000;0,0000;0,0000;0;0;0;0
20260613_1458;Generalização_25;classification;LeveragingBagging;Otimizado_33Features;classifier;classifier;classifier;N/A;N/A;N/A;2000;100;43;6200;0,0000;0,0000;0,0000;0,0000;0,0000;0,0000;0;0;0;0
20260613_1458;Generalização_25;classification;LeveragingBagging;Otimizado_33Features;classifier;classifier;classifier;N/A;N/A;N/A;2000;100;44;6300;0,0000;0,0000;0,0000;0,0000;0,0000;0,0000;0;0;0;0
20260613_1458;Generalização_25;classification;LeveragingBagging;Otimizado_33Features;classifier;classifier;classifier;N/A;N/A;N/A;2000;100;45;6400;0,0000;0,0000;0,0000;0,0000;0,0000;0,0000;0;0;0;0
20260613_1458;Generalização_25;classification;LeveragingBagging;Otimizado_33Features;classifier;classifier;classifier;N/A;N/A;N/A;2000;100;46;6500;0,0000;0,0000;0,0000;0,0000;0,0000;0,0000;0;0;0;0
20260613_1458;Generalização_25;classification;LeveragingBagging;Otimizado_33Features;classifier;classifier;classifier;N/A;N/A;N/A;2000;100;47;6600;0,0000;0,0000;0,0000;0,0000;0,0000;0,0000;0;0;0;0
20260613_1458;Generalização_25;classification;LeveragingBagging;Otimizado_33Features;classifier;classifier;classifier;N/A;N/A;N/A;2000;100;48;6700;0,0000;0,0000;0,0000;0,0000;0,0000;0,0000;0;0;0;0
20260613_1458;Generalização_25;classification;LeveragingBagging;Otimizado_33Features;classifier;classifier;classifier;N/A;N/A;N/A;2000;100;49;6800;0,0000;0,0000;0,0000;0,0000;0,0000;0,0000;0;0;0;0
20260613_1458;Generalização_25;classification;LeveragingBagging;Otimizado_33Features;classifier;classifier;classifier;N/A;N/A;N/A;2000;100;50;6900;0,0000;0,0000;0,0000;0,0000;0,0000;0,0000;0;0;0;0
20260613_1458;Generalização_25;classification;LeveragingBagging;Otimizado_33Features;classifier;classifier;classifier;N/A;N/A;N/A;2000;100;51;7000;0,0000;0,0000;0,0000;0,0000;0,0000;0,0000;0;0;0;0
20260613_1458;Generalização_25;classification;LeveragingBagging;Otimizado_33Features;classifier;classifier;classifier;N/A;N/A;N/A;2000;100;52;7100;0,0000;0,0000;0,0000;0,0000;0,0000;0,0000;0;0;0;0
20260613_1458;Generalização_25;classification;LeveragingBagging;Otimizado_33Features;classifier;classifier;classifier;N/A;N/A;N/A;2000;100;53;7200;0,0000;0,0000;0,0000;0,0000;0,0000;0,0000;0;0;0;0
20260613_1458;Generalização_25;classification;LeveragingBagging;Otimizado_33Features;classifier;classifier;classifier;N/A;N/A;N/A;2000;100;54;7300;0,0000;0,0000;0,0000;0,0000;0,0000;0,0000;0;0;0;0
20260613_1458;Generalização_25;classification;LeveragingBagging;Otimizado_33Features;classifier;classifier;classifier;N/A;N/A;N/A;2000;100;55;7400;0,0000;0,0000;0,0000;0,0000;0,0000;0,0000;0;0;0;0
20260613_1458;Generalização_25;classification;LeveragingBagging;Otimizado_33Features;classifier;classifier;classifier;N/A;N/A;N/A;2000;100;56;7500;0,0000;0,0000;0,0000;0,0000;0,0000;0,0000;0;0;0;0
20260613_1458;Generalização_25;classification;LeveragingBagging;Otimizado_33Features;classifier;classifier;classifier;N/A;N/A;N/A;2000;100;57;7600;96,6486;2,1665;100,0000;0,0000;93,6000;4,0792;0;0;2;2
20260613_1458;Generalização_25;classification;LeveragingBagging;Otimizado_33Features;classifier;classifier;classifier;N/A;N/A;N/A;2000;100;58;7700;0,0000;0,0000;0,0000;0,0000;0,0000;0,0000;0;0;0;0
20260613_1458;Generalização_25;classification;LeveragingBagging;Otimizado_33Features;classifier;classifier;classifier;N/A;N/A;N/A;2000;100;59;7800;0,0000;0,0000;0,0000;0,0000;0,0000;0,0000;0;0;0;0
20260613_1458;Generalização_25;classification;LeveragingBagging;Otimizado_33Features;classifier;classifier;classifier;N/A;N/A;N/A;2000;100;60;7900;0,0000;0,0000;0,0000;0,0000;0,0000;0,0000;0;0;0;0
20260613_1458;Generalização_25;classification;LeveragingBagging;Otimizado_33Features;classifier;classifier;classifier;N/A;N/A;N/A;2000;100;61;8000;0,0000;0,0000;0,0000;0,0000;0,0000;0,0000;0;0;0;0
20260613_1458;Generalização_25;classification;LeveragingBagging;Otimizado_33Features;classifier;classifier;classifier;N/A;N/A;N/A;2000;100;62;8100;0,0000;0,0000;0,0000;0,0000;0,0000;0,0000;0;0;0;0
20260613_1458;Generalização_25;classification;LeveragingBagging;Otimizado_33Features;classifier;classifier;classifier;N/A;N/A;N/A;2000;100;63;8200;0,0000;0,0000;0,0000;0,0000;0,0000;0,0000;0;0;0;0
20260613_1458;Generalização_25;classification;LeveragingBagging;Otimizado_33Features;classifier;classifier;classifier;N/A;N/A;N/A;2000;100;64;8300;0,0000;0,0000;0,0000;0,0000;0,0000;0,0000;0;0;0;0
20260613_1458;Generalização_25;classification;LeveragingBagging;Otimizado_33Features;classifier;classifier;classifier;N/A;N/A;N/A;2000;100;65;8400;0,0000;0,0000;0,0000;0,0000;0,0000;0,0000;0;0;0;0
20260613_1458;Generalização_25;classification;LeveragingBagging;Otimizado_33Features;classifier;classifier;classifier;N/A;N/A;N/A;2000;100;66;8500;0,0000;0,0000;0,0000;0,0000;0,0000;0,0000;0;0;0;0
20260613_1458;Generalização_25;classification;LeveragingBagging;Otimizado_33Features;classifier;classifier;classifier;N/A;N/A;N/A;2000;100;67;8600;0,0000;0,0000;0,0000;0,0000;0,0000;0,0000;0;0;0;0
20260613_1458;Generalização_25;classification;LeveragingBagging;Otimizado_33Features;classifier;classifier;classifier;N/A;N/A;N/A;2000;100;68;8700;0,0000;0,0000;0,0000;0,0000;0,0000;0,0000;0;0;0;0
20260613_1458;Generalização_25;classification;LeveragingBagging;Otimizado_33Features;classifier;classifier;classifier;N/A;N/A;N/A;2000;100;69;8800;0,0000;0,0000;0,0000;0,0000;0,0000;0,0000;0;0;0;0
20260613_1458;Generalização_25;classification;LeveragingBagging;Otimizado_33Features;classifier;classifier;classifier;N/A;N/A;N/A;2000;100;70;8900;0,0000;0,0000;0,0000;0,0000;0,0000;0,0000;0;0;0;0
20260613_1458;Generalização_25;classification;LeveragingBagging;Otimizado_33Features;classifier;classifier;classifier;N/A;N/A;N/A;2000;100;71;9000;0,0000;0,0000;0,0000;0,0000;0,0000;0,0000;0;0;0;0
20260613_1458;Generalização_25;classification;LeveragingBagging;Otimizado_33Features;classifier;classifier;classifier;N/A;N/A;N/A;2000;100;72;9100;0,0000;0,0000;0,0000;0,0000;0,0000;0,0000;0;0;0;0
20260613_1458;Generalização_25;classification;LeveragingBagging;Otimizado_33Features;classifier;classifier;classifier;N/A;N/A;N/A;2000;100;73;9200;0,0000;0,0000;0,0000;0,0000;0,0000;0,0000;0;0;0;0
20260613_1458;Generalização_25;classification;LeveragingBagging;Otimizado_33Features;classifier;classifier;classifier;N/A;N/A;N/A;2000;100;74;9300;0,0000;0,0000;0,0000;0,0000;0,0000;0,0000;0;0;0;0
20260613_1458;Generalização_25;classification;LeveragingBagging;Otimizado_33Features;classifier;classifier;classifier;N/A;N/A;N/A;2000;100;75;9400;0,0000;0,0000;0,0000;0,0000;0,0000;0,0000;0;0;0;0
20260613_1458;Generalização_25;classification;LeveragingBagging;Otimizado_33Features;classifier;classifier;classifier;N/A;N/A;N/A;2000;100;76;9500;0,0000;0,0000;0,0000;0,0000;0,0000;0,0000;0;0;0;0
20260613_1458;Generalização_25;classification;LeveragingBagging;Otimizado_33Features;classifier;classifier;classifier;N/A;N/A;N/A;2000;100;77;9600;0,0000;0,0000;0,0000;0,0000;0,0000;0,0000;0;0;0;0
20260613_1458;Generalização_25;classification;LeveragingBagging;Otimizado_33Features;classifier;classifier;classifier;N/A;N/A;N/A;2000;100;78;9700;0,0000;0,0000;0,0000;0,0000;0,0000;0,0000;0;0;0;0
20260613_1458;Generalização_25;classification;LeveragingBagging;Otimizado_33Features;classifier;classifier;classifier;N/A;N/A;N/A;2000;100;79;9800;0,0000;0,0000;0,0000;0,0000;0,0000;0,0000;0;0;0;0
20260613_1458;Generalização_25;classification;LeveragingBagging;Otimizado_33Features;classifier;classifier;classifier;N/A;N/A;N/A;2000;100;80;9900;0,0000;0,0000;0,0000;0,0000;0,0000;0,0000;0;0;0;0
20260613_1458;Generalização_25;classification;LeveragingBagging;Otimizado_33Features;classifier;classifier;classifier;N/A;N/A;N/A;2000;100;81;10000;0,0000;0,0000;0,0000;0,0000;0,0000;0,0000;0;0;0;0
20260613_1458;Generalização_25;classification;LeveragingBagging;Otimizado_33Features;classifier;classifier;classifier;N/A;N/A;N/A;2000;100;82;10100;0,0000;0,0000;0,0000;0,0000;0,0000;0,0000;0;0;0;0
20260613_1458;Generalização_25;classification;LeveragingBagging;Otimizado_33Features;classifier;classifier;classifier;N/A;N/A;N/A;2000;100;83;10200;0,0000;0,0000;0,0000;0,0000;0,0000;0,0000;0;0;0;0
20260613_1458;Generalização_25;classification;LeveragingBagging;Otimizado_33Features;classifier;classifier;classifier;N/A;N/A;N/A;2000;100;84;10300;0,0000;0,0000;0,0000;0,0000;0,0000;0,0000;0;0;0;0
20260613_1458;Generalização_25;classification;LeveragingBagging;Otimizado_33Features;classifier;classifier;classifier;N/A;N/A;N/A;2000;100;85;10400;0,0000;0,0000;0,0000;0,0000;0,0000;0,0000;0;0;0;0
20260613_1458;Generalização_25;classification;LeveragingBagging;Otimizado_33Features;classifier;classifier;classifier;N/A;N/A;N/A;2000;100;86;10500;0,0000;0,0000;0,0000;0,0000;0,0000;0,0000;0;0;0;0
20260613_1458;Generalização_25;classification;LeveragingBagging;Otimizado_33Features;classifier;classifier;classifier;N/A;N/A;N/A;2000;100;87;10600;0,0000;0,0000;0,0000;0,0000;0,0000;0,0000;0;0;0;0
20260613_1458;Generalização_25;classification;LeveragingBagging;Otimizado_33Features;classifier;classifier;classifier;N/A;N/A;N/A;2000;100;88;10700;0,0000;0,0000;0,0000;0,0000;0,0000;0,0000;0;0;0;0
20260613_1458;Generalização_25;classification;LeveragingBagging;Otimizado_33Features;classifier;classifier;classifier;N/A;N/A;N/A;2000;100;89;10800;0,0000;0,0000;0,0000;0,0000;0,0000;0,0000;0;0;0;0
20260613_1458;Generalização_25;classification;LeveragingBagging;Otimizado_33Features;classifier;classifier;classifier;N/A;N/A;N/A;2000;100;90;10900;0,0000;0,0000;0,0000;0,0000;0,0000;0,0000;0;0;0;0
20260613_1458;Generalização_25;classification;LeveragingBagging;Otimizado_33Features;classifier;classifier;classifier;N/A;N/A;N/A;2000;100;91;11000;0,0000;0,0000;0,0000;0,0000;0,0000;0,0000;0;0;0;0
20260613_1458;Generalização_25;classification;LeveragingBagging;Otimizado_33Features;classifier;classifier;classifier;N/A;N/A;N/A;2000;100;92;11100;0,0000;0,0000;0,0000;0,0000;0,0000;0,0000;0;0;0;0
20260613_1458;Generalização_25;classification;LeveragingBagging;Otimizado_33Features;classifier;classifier;classifier;N/A;N/A;N/A;2000;100;93;11200;0,0000;0,0000;0,0000;0,0000;0,0000;0,0000;0;0;0;0
20260613_1458;Generalização_25;classification;LeveragingBagging;Otimizado_33Features;classifier;classifier;classifier;N/A;N/A;N/A;2000;100;94;11300;100,0000;0,0000;100,0000;0,0000;100,0000;0,0000;0;0;0;0
20260613_1458;Generalização_25;classification;LeveragingBagging;Otimizado_33Features;classifier;classifier;classifier;N/A;N/A;N/A;2000;100;95;11400;97,6744;0,0000;100,0000;0,0000;95,4545;0,0000;0;0;1;0
20260613_1458;Generalização_25;classification;LeveragingBagging;Otimizado_33Features;classifier;classifier;classifier;N/A;N/A;N/A;2000;100;96;11500;0,0000;0,0000;0,0000;0,0000;0,0000;0,0000;0;0;0;0
20260613_1458;Generalização_25;classification;LeveragingBagging;Otimizado_33Features;classifier;classifier;classifier;N/A;N/A;N/A;2000;100;97;11600;0,0000;0,0000;0,0000;0,0000;0,0000;0,0000;0;0;0;0
20260613_1458;Generalização_25;classification;LeveragingBagging;Otimizado_33Features;classifier;classifier;classifier;N/A;N/A;N/A;2000;100;98;11700;0,0000;0,0000;0,0000;0,0000;0,0000;0,0000;0;0;0;0
20260613_1458;Generalização_25;classification;LeveragingBagging;Otimizado_33Features;classifier;classifier;classifier;N/A;N/A;N/A;2000;100;99;11800;0,0000;0,0000;0,0000;0,0000;0,0000;0,0000;0;0;0;0
20260613_1458;Generalização_25;classification;LeveragingBagging;Otimizado_33Features;classifier;classifier;classifier;N/A;N/A;N/A;2000;100;100;11900;0,0000;0,0000;0,0000;0,0000;0,0000;0,0000;0;0;0;0
20260613_1458;Generalização_25;classification;LeveragingBagging;Otimizado_33Features;classifier;classifier;classifier;N/A;N/A;N/A;2000;100;101;12000;0,0000;0,0000;0,0000;0,0000;0,0000;0,0000;0;0;0;0
20260613_1458;Generalização_25;classification;LeveragingBagging;Otimizado_33Features;classifier;classifier;classifier;N/A;N/A;N/A;2000;100;102;12100;0,0000;0,0000;0,0000;0,0000;0,0000;0,0000;0;0;0;0
20260613_1458;Generalização_25;classification;LeveragingBagging;Otimizado_33Features;classifier;classifier;classifier;N/A;N/A;N/A;2000;100;103;12200;0,0000;0,0000;0,0000;0,0000;0,0000;0,0000;0;0;0;0
20260613_1458;Generalização_25;classification;LeveragingBagging;Otimizado_33Features;classifier;classifier;classifier;N/A;N/A;N/A;2000;100;104;12300;0,0000;0,0000;0,0000;0,0000;0,0000;0,0000;0;0;0;0
20260613_1458;Generalização_25;classification;LeveragingBagging;Otimizado_33Features;classifier;classifier;classifier;N/A;N/A;N/A;2000;100;105;12400;0,0000;0,0000;0,0000;0,0000;0,0000;0,0000;0;0;0;0
20260613_1458;Generalização_25;classification;LeveragingBagging;Otimizado_33Features;classifier;classifier;classifier;N/A;N/A;N/A;2000;100;106;12500;0,0000;0,0000;0,0000;0,0000;0,0000;0,0000;0;0;0;0
20260613_1458;Generalização_25;classification;LeveragingBagging;Otimizado_33Features;classifier;classifier;classifier;N/A;N/A;N/A;2000;100;107;12600;0,0000;0,0000;0,0000;0,0000;0,0000;0,0000;0;0;0;0
20260613_1458;Generalização_25;classification;LeveragingBagging;Otimizado_33Features;classifier;classifier;classifier;N/A;N/A;N/A;2000;100;108;12700;0,0000;0,0000;0,0000;0,0000;0,0000;0,0000;0;0;0;0
20260613_1458;Generalização_25;classification;LeveragingBagging;Otimizado_33Features;classifier;classifier;classifier;N/A;N/A;N/A;2000;100;109;12800;0,0000;0,0000;0,0000;0,0000;0,0000;0,0000;0;0;0;0
20260613_1458;Generalização_25;classification;LeveragingBagging;Otimizado_33Features;classifier;classifier;classifier;N/A;N/A;N/A;2000;100;110;12900;0,0000;0,0000;0,0000;0,0000;0,0000;0,0000;0;0;0;0
20260613_1458;Generalização_25;classification;LeveragingBagging;Otimizado_33Features;classifier;classifier;classifier;N/A;N/A;N/A;2000;100;111;13000;0,0000;0,0000;0,0000;0,0000;0,0000;0,0000;0;0;0;0
20260613_1458;Generalização_25;classification;LeveragingBagging;Otimizado_33Features;classifier;classifier;classifier;N/A;N/A;N/A;2000;100;112;13100;0,0000;0,0000;0,0000;0,0000;0,0000;0,0000;0;0;0;0
20260613_1458;Generalização_25;classification;LeveragingBagging;Otimizado_33Features;classifier;classifier;classifier;N/A;N/A;N/A;2000;100;113;13200;0,0000;0,0000;0,0000;0,0000;0,0000;0,0000;0;0;0;0
20260613_1458;Generalização_25;classification;LeveragingBagging;Otimizado_33Features;classifier;classifier;classifier;N/A;N/A;N/A;2000;100;114;13300;0,0000;0,0000;0,0000;0,0000;0,0000;0,0000;0;0;0;0
20260613_1458;Generalização_25;classification;LeveragingBagging;Otimizado_33Features;classifier;classifier;classifier;N/A;N/A;N/A;2000;100;115;13400;0,0000;0,0000;0,0000;0,0000;0,0000;0,0000;0;0;0;0
20260613_1458;Generalização_25;classification;LeveragingBagging;Otimizado_33Features;classifier;classifier;classifier;N/A;N/A;N/A;2000;100;116;13500;0,0000;0,0000;0,0000;0,0000;0,0000;0,0000;0;0;0;0
20260613_1458;Generalização_25;classification;LeveragingBagging;Otimizado_33Features;classifier;classifier;classifier;N/A;N/A;N/A;2000;100;117;13600;0,0000;0,0000;0,0000;0,0000;0,0000;0,0000;0;0;0;0
20260613_1458;Generalização_25;classification;LeveragingBagging;Otimizado_33Features;classifier;classifier;classifier;N/A;N/A;N/A;2000;100;118;13700;0,0000;0,0000;0,0000;0,0000;0,0000;0,0000;0;0;0;0
20260613_1458;Generalização_25;classification;LeveragingBagging;Otimizado_33Features;classifier;classifier;classifier;N/A;N/A;N/A;2000;100;119;13800;0,0000;0,0000;0,0000;0,0000;0,0000;0,0000;0;0;0;0
20260613_1458;Generalização_25;classification;LeveragingBagging;Otimizado_33Features;classifier;classifier;classifier;N/A;N/A;N/A;2000;100;120;13900;0,0000;0,0000;0,0000;0,0000;0,0000;0,0000;0;0;0;0
20260613_1458;Generalização_25;classification;LeveragingBagging;Otimizado_33Features;classifier;classifier;classifier;N/A;N/A;N/A;2000;100;121;14000;0,0000;0,0000;0,0000;0,0000;0,0000;0,0000;0;0;0;0
20260613_1458;Generalização_25;classification;LeveragingBagging;Otimizado_33Features;classifier;classifier;classifier;N/A;N/A;N/A;2000;100;122;14100;0,0000;0,0000;0,0000;0,0000;0,0000;0,0000;0;0;0;0
20260613_1458;Generalização_25;classification;LeveragingBagging;Otimizado_33Features;classifier;classifier;classifier;N/A;N/A;N/A;2000;100;123;14200;0,0000;0,0000;0,0000;0,0000;0,0000;0,0000;0;0;0;0
20260613_1458;Generalização_25;classification;LeveragingBagging;Otimizado_33Features;classifier;classifier;classifier;N/A;N/A;N/A;2000;100;124;14300;0,0000;0,0000;0,0000;0,0000;0,0000;0,0000;0;0;0;0
20260613_1458;Generalização_25;classification;LeveragingBagging;Otimizado_33Features;classifier;classifier;classifier;N/A;N/A;N/A;2000;100;125;14400;0,0000;0,0000;0,0000;0,0000;0,0000;0,0000;0;0;0;0
20260613_1458;Generalização_25;classification;LeveragingBagging;Otimizado_33Features;classifier;classifier;classifier;N/A;N/A;N/A;2000;100;126;14500;0,0000;0,0000;0,0000;0,0000;0,0000;0,0000;0;0;0;0
20260613_1458;Generalização_25;classification;LeveragingBagging;Otimizado_33Features;classifier;classifier;classifier;N/A;N/A;N/A;2000;100;127;14600;0,0000;0,0000;0,0000;0,0000;0,0000;0,0000;0;0;0;0
20260613_1458;Generalização_25;classification;LeveragingBagging;Otimizado_33Features;classifier;classifier;classifier;N/A;N/A;N/A;2000;100;128;14700;0,0000;0,0000;0,0000;0,0000;0,0000;0,0000;0;0;0;0
20260613_1458;Generalização_25;classification;LeveragingBagging;Otimizado_33Features;classifier;classifier;classifier;N/A;N/A;N/A;2000;100;129;14800;0,0000;0,0000;0,0000;0,0000;0,0000;0,0000;0;0;0;0
20260613_1458;Generalização_25;classification;LeveragingBagging;Otimizado_33Features;classifier;classifier;classifier;N/A;N/A;N/A;2000;100;130;14900;0,0000;0,0000;0,0000;0,0000;0,0000;0,0000;0;0;0;0
20260613_1458;Generalização_25;classification;LeveragingBagging;Otimizado_33Features;classifier;classifier;classifier;N/A;N/A;N/A;2000;100;131;15000;0,0000;0,0000;0,0000;0,0000;0,0000;0,0000;0;0;0;0
20260613_1458;Generalização_200;classification;LeveragingBagging;Otimizado_33Features;classifier;classifier;classifier;N/A;N/A;N/A;2000;100;1;2000;0,0000;0,0000;0,0000;0,0000;0,0000;0,0000;0;0;0;0
20260613_1458;Generalização_200;classification;LeveragingBagging;Otimizado_33Features;classifier;classifier;classifier;N/A;N/A;N/A;2000;100;2;2100;0,0000;0,0000;0,0000;0,0000;0,0000;0,0000;0;0;0;0
20260613_1458;Generalização_200;classification;LeveragingBagging;Otimizado_33Features;classifier;classifier;classifier;N/A;N/A;N/A;2000;100;3;2200;0,0000;0,0000;0,0000;0,0000;0,0000;0,0000;0;0;0;0
20260613_1458;Generalização_200;classification;LeveragingBagging;Otimizado_33Features;classifier;classifier;classifier;N/A;N/A;N/A;2000;100;4;2300;0,0000;0,0000;0,0000;0,0000;0,0000;0,0000;0;0;0;0
20260613_1458;Generalização_200;classification;LeveragingBagging;Otimizado_33Features;classifier;classifier;classifier;N/A;N/A;N/A;2000;100;5;2400;0,0000;0,0000;0,0000;0,0000;0,0000;0,0000;0;0;0;0
20260613_1458;Generalização_200;classification;LeveragingBagging;Otimizado_33Features;classifier;classifier;classifier;N/A;N/A;N/A;2000;100;6;2500;0,0000;0,0000;0,0000;0,0000;0,0000;0,0000;0;0;0;0
20260613_1458;Generalização_200;classification;LeveragingBagging;Otimizado_33Features;classifier;classifier;classifier;N/A;N/A;N/A;2000;100;7;2600;0,0000;0,0000;0,0000;0,0000;0,0000;0,0000;0;0;0;0
20260613_1458;Generalização_200;classification;LeveragingBagging;Otimizado_33Features;classifier;classifier;classifier;N/A;N/A;N/A;2000;100;8;2700;0,0000;0,0000;0,0000;0,0000;0,0000;0,0000;0;0;0;0
20260613_1458;Generalização_200;classification;LeveragingBagging;Otimizado_33Features;classifier;classifier;classifier;N/A;N/A;N/A;2000;100;9;2800;0,0000;0,0000;0,0000;0,0000;0,0000;0,0000;0;0;0;0
20260613_1458;Generalização_200;classification;LeveragingBagging;Otimizado_33Features;classifier;classifier;classifier;N/A;N/A;N/A;2000;100;10;2900;0,0000;0,0000;0,0000;0,0000;0,0000;0,0000;0;0;0;0
20260613_1458;Generalização_200;classification;LeveragingBagging;Otimizado_33Features;classifier;classifier;classifier;N/A;N/A;N/A;2000;100;11;3000;0,0000;0,0000;0,0000;0,0000;0,0000;0,0000;0;0;0;0
20260613_1458;Generalização_200;classification;LeveragingBagging;Otimizado_33Features;classifier;classifier;classifier;N/A;N/A;N/A;2000;100;12;3100;0,0000;0,0000;0,0000;0,0000;0,0000;0,0000;0;0;0;0
20260613_1458;Generalização_200;classification;LeveragingBagging;Otimizado_33Features;classifier;classifier;classifier;N/A;N/A;N/A;2000;100;13;3200;0,0000;0,0000;0,0000;0,0000;0,0000;0,0000;0;0;0;0
20260613_1458;Generalização_200;classification;LeveragingBagging;Otimizado_33Features;classifier;classifier;classifier;N/A;N/A;N/A;2000;100;14;3300;0,0000;0,0000;0,0000;0,0000;0,0000;0,0000;0;0;0;0
20260613_1458;Generalização_200;classification;LeveragingBagging;Otimizado_33Features;classifier;classifier;classifier;N/A;N/A;N/A;2000;100;15;3400;0,0000;0,0000;0,0000;0,0000;0,0000;0,0000;0;0;0;0
20260613_1458;Generalização_200;classification;LeveragingBagging;Otimizado_33Features;classifier;classifier;classifier;N/A;N/A;N/A;2000;100;16;3500;0,0000;0,0000;0,0000;0,0000;0,0000;0,0000;0;0;0;0
20260613_1458;Generalização_200;classification;LeveragingBagging;Otimizado_33Features;classifier;classifier;classifier;N/A;N/A;N/A;2000;100;17;3600;0,0000;0,0000;0,0000;0,0000;0,0000;0,0000;0;0;0;0
20260613_1458;Generalização_200;classification;LeveragingBagging;Otimizado_33Features;classifier;classifier;classifier;N/A;N/A;N/A;2000;100;18;3700;0,0000;0,0000;0,0000;0,0000;0,0000;0,0000;0;0;0;0
20260613_1458;Generalização_200;classification;LeveragingBagging;Otimizado_33Features;classifier;classifier;classifier;N/A;N/A;N/A;2000;100;19;3800;95,5205;0,4484;100,0000;0,0000;91,4286;0,8163;0;0;5;1
20260613_1458;Generalização_200;classification;LeveragingBagging;Otimizado_33Features;classifier;classifier;classifier;N/A;N/A;N/A;2000;100;20;3900;98,6366;0,4656;97,7898;0,4880;99,5000;0,6124;2;1;1;1
20260613_1458;Generalização_200;classification;LeveragingBagging;Otimizado_33Features;classifier;classifier;classifier;N/A;N/A;N/A;2000;100;21;4000;97,7488;0,4208;95,9837;0,0327;99,5833;0,8333;2;0;1;1
20260613_1458;Generalização_200;classification;LeveragingBagging;Otimizado_33Features;classifier;classifier;classifier;N/A;N/A;N/A;2000;100;22;4100;0,0000;0,0000;0,0000;0,0000;0,0000;0,0000;0;0;0;0
20260613_1458;Generalização_200;classification;LeveragingBagging;Otimizado_33Features;classifier;classifier;classifier;N/A;N/A;N/A;2000;100;23;4200;0,0000;0,0000;0,0000;0,0000;0,0000;0,0000;1;0;0;0
20260613_1458;Generalização_200;classification;LeveragingBagging;Otimizado_33Features;classifier;classifier;classifier;N/A;N/A;N/A;2000;100;24;4300;0,0000;0,0000;0,0000;0,0000;0,0000;0,0000;0;0;0;0
20260613_1458;Generalização_200;classification;LeveragingBagging;Otimizado_33Features;classifier;classifier;classifier;N/A;N/A;N/A;2000;100;25;4400;0,0000;0,0000;0,0000;0,0000;0,0000;0,0000;0;0;0;0
20260613_1458;Generalização_200;classification;LeveragingBagging;Otimizado_33Features;classifier;classifier;classifier;N/A;N/A;N/A;2000;100;26;4500;0,0000;0,0000;0,0000;0,0000;0,0000;0,0000;0;0;0;0
20260613_1458;Generalização_200;classification;LeveragingBagging;Otimizado_33Features;classifier;classifier;classifier;N/A;N/A;N/A;2000;100;27;4600;0,0000;0,0000;0,0000;0,0000;0,0000;0,0000;0;0;0;0
20260613_1458;Generalização_200;classification;LeveragingBagging;Otimizado_33Features;classifier;classifier;classifier;N/A;N/A;N/A;2000;100;28;4700;0,0000;0,0000;0,0000;0,0000;0,0000;0,0000;0;0;0;0
20260613_1458;Generalização_200;classification;LeveragingBagging;Otimizado_33Features;classifier;classifier;classifier;N/A;N/A;N/A;2000;100;29;4800;0,0000;0,0000;0,0000;0,0000;0,0000;0,0000;1;1;0;0
20260613_1458;Generalização_200;classification;LeveragingBagging;Otimizado_33Features;classifier;classifier;classifier;N/A;N/A;N/A;2000;100;30;4900;0,0000;0,0000;0,0000;0,0000;0,0000;0,0000;0;0;0;0
20260613_1458;Generalização_200;classification;LeveragingBagging;Otimizado_33Features;classifier;classifier;classifier;N/A;N/A;N/A;2000;100;31;5000;0,0000;0,0000;0,0000;0,0000;0,0000;0,0000;0;0;0;0
20260613_1458;Generalização_200;classification;LeveragingBagging;Otimizado_33Features;classifier;classifier;classifier;N/A;N/A;N/A;2000;100;32;5100;0,0000;0,0000;0,0000;0,0000;0,0000;0,0000;1;1;0;0
20260613_1458;Generalização_200;classification;LeveragingBagging;Otimizado_33Features;classifier;classifier;classifier;N/A;N/A;N/A;2000;100;33;5200;0,0000;0,0000;0,0000;0,0000;0,0000;0,0000;0;0;0;0
20260613_1458;Generalização_200;classification;LeveragingBagging;Otimizado_33Features;classifier;classifier;classifier;N/A;N/A;N/A;2000;100;34;5300;0,0000;0,0000;0,0000;0,0000;0,0000;0,0000;0;0;0;0
20260613_1458;Generalização_200;classification;LeveragingBagging;Otimizado_33Features;classifier;classifier;classifier;N/A;N/A;N/A;2000;100;35;5400;0,0000;0,0000;0,0000;0,0000;0,0000;0,0000;0;0;0;0
20260613_1458;Generalização_200;classification;LeveragingBagging;Otimizado_33Features;classifier;classifier;classifier;N/A;N/A;N/A;2000;100;36;5500;0,0000;0,0000;0,0000;0,0000;0,0000;0,0000;0;0;0;0
20260613_1458;Generalização_200;classification;LeveragingBagging;Otimizado_33Features;classifier;classifier;classifier;N/A;N/A;N/A;2000;100;37;5600;0,0000;0,0000;0,0000;0,0000;0,0000;0,0000;0;0;0;0
20260613_1458;Generalização_200;classification;LeveragingBagging;Otimizado_33Features;classifier;classifier;classifier;N/A;N/A;N/A;2000;100;38;5700;0,0000;0,0000;0,0000;0,0000;0,0000;0,0000;0;0;0;0
20260613_1458;Generalização_200;classification;LeveragingBagging;Otimizado_33Features;classifier;classifier;classifier;N/A;N/A;N/A;2000;100;39;5800;0,0000;0,0000;0,0000;0,0000;0,0000;0,0000;0;0;0;0
20260613_1458;Generalização_200;classification;LeveragingBagging;Otimizado_33Features;classifier;classifier;classifier;N/A;N/A;N/A;2000;100;40;5900;0,0000;0,0000;0,0000;0,0000;0,0000;0,0000;0;0;0;0
20260613_1458;Generalização_200;classification;LeveragingBagging;Otimizado_33Features;classifier;classifier;classifier;N/A;N/A;N/A;2000;100;41;6000;0,0000;0,0000;0,0000;0,0000;0,0000;0,0000;0;0;0;0
20260613_1458;Generalização_200;classification;LeveragingBagging;Otimizado_33Features;classifier;classifier;classifier;N/A;N/A;N/A;2000;100;42;6100;0,0000;0,0000;0,0000;0,0000;0,0000;0,0000;0;0;0;0
20260613_1458;Generalização_200;classification;LeveragingBagging;Otimizado_33Features;classifier;classifier;classifier;N/A;N/A;N/A;2000;100;43;6200;0,0000;0,0000;0,0000;0,0000;0,0000;0,0000;0;0;0;0
20260613_1458;Generalização_200;classification;LeveragingBagging;Otimizado_33Features;classifier;classifier;classifier;N/A;N/A;N/A;2000;100;44;6300;0,0000;0,0000;0,0000;0,0000;0,0000;0,0000;0;0;0;0
20260613_1458;Generalização_200;classification;LeveragingBagging;Otimizado_33Features;classifier;classifier;classifier;N/A;N/A;N/A;2000;100;45;6400;0,0000;0,0000;0,0000;0,0000;0,0000;0,0000;0;0;0;0
20260613_1458;Generalização_200;classification;LeveragingBagging;Otimizado_33Features;classifier;classifier;classifier;N/A;N/A;N/A;2000;100;46;6500;0,0000;0,0000;0,0000;0,0000;0,0000;0,0000;0;0;0;0
20260613_1458;Generalização_200;classification;LeveragingBagging;Otimizado_33Features;classifier;classifier;classifier;N/A;N/A;N/A;2000;100;47;6600;0,0000;0,0000;0,0000;0,0000;0,0000;0,0000;0;0;0;0
20260613_1458;Generalização_200;classification;LeveragingBagging;Otimizado_33Features;classifier;classifier;classifier;N/A;N/A;N/A;2000;100;48;6700;0,0000;0,0000;0,0000;0,0000;0,0000;0,0000;0;0;0;0
20260613_1458;Generalização_200;classification;LeveragingBagging;Otimizado_33Features;classifier;classifier;classifier;N/A;N/A;N/A;2000;100;49;6800;0,0000;0,0000;0,0000;0,0000;0,0000;0,0000;0;0;0;0
20260613_1458;Generalização_200;classification;LeveragingBagging;Otimizado_33Features;classifier;classifier;classifier;N/A;N/A;N/A;2000;100;50;6900;0,0000;0,0000;0,0000;0,0000;0,0000;0,0000;0;0;0;0
20260613_1458;Generalização_200;classification;LeveragingBagging;Otimizado_33Features;classifier;classifier;classifier;N/A;N/A;N/A;2000;100;51;7000;0,0000;0,0000;0,0000;0,0000;0,0000;0,0000;0;0;0;0
20260613_1458;Generalização_200;classification;LeveragingBagging;Otimizado_33Features;classifier;classifier;classifier;N/A;N/A;N/A;2000;100;52;7100;0,0000;0,0000;0,0000;0,0000;0,0000;0,0000;0;0;0;0
20260613_1458;Generalização_200;classification;LeveragingBagging;Otimizado_33Features;classifier;classifier;classifier;N/A;N/A;N/A;2000;100;53;7200;0,0000;0,0000;0,0000;0,0000;0,0000;0,0000;0;0;0;0
20260613_1458;Generalização_200;classification;LeveragingBagging;Otimizado_33Features;classifier;classifier;classifier;N/A;N/A;N/A;2000;100;54;7300;0,0000;0,0000;0,0000;0,0000;0,0000;0,0000;0;0;0;0
20260613_1458;Generalização_200;classification;LeveragingBagging;Otimizado_33Features;classifier;classifier;classifier;N/A;N/A;N/A;2000;100;55;7400;0,0000;0,0000;0,0000;0,0000;0,0000;0,0000;0;0;0;0
20260613_1458;Generalização_200;classification;LeveragingBagging;Otimizado_33Features;classifier;classifier;classifier;N/A;N/A;N/A;2000;100;56;7500;0,0000;0,0000;0,0000;0,0000;0,0000;0,0000;0;0;0;0
20260613_1458;Generalização_200;classification;LeveragingBagging;Otimizado_33Features;classifier;classifier;classifier;N/A;N/A;N/A;2000;100;57;7600;0,0000;0,0000;0,0000;0,0000;0,0000;0,0000;0;0;0;0
20260613_1458;Generalização_200;classification;LeveragingBagging;Otimizado_33Features;classifier;classifier;classifier;N/A;N/A;N/A;2000;100;58;7700;20,0000;40,0000;20,0000;40,0000;20,0000;40,0000;0;0;1;1
20260613_1458;Generalização_200;classification;LeveragingBagging;Otimizado_33Features;classifier;classifier;classifier;N/A;N/A;N/A;2000;100;59;7800;98,7827;0,5231;100,0000;0,0000;97,6000;1,0198;0;0;3;2
20260613_1458;Generalização_200;classification;LeveragingBagging;Otimizado_33Features;classifier;classifier;classifier;N/A;N/A;N/A;2000;100;60;7900;100,0000;0,0000;100,0000;0,0000;100,0000;0,0000;0;0;0;0
20260613_1458;Generalização_200;classification;LeveragingBagging;Otimizado_33Features;classifier;classifier;classifier;N/A;N/A;N/A;2000;100;61;8000;0,0000;0,0000;0,0000;0,0000;0,0000;0,0000;0;0;0;0
20260613_1458;Generalização_200;classification;LeveragingBagging;Otimizado_33Features;classifier;classifier;classifier;N/A;N/A;N/A;2000;100;62;8100;0,0000;0,0000;0,0000;0,0000;0,0000;0,0000;0;0;0;0
20260613_1458;Generalização_200;classification;LeveragingBagging;Otimizado_33Features;classifier;classifier;classifier;N/A;N/A;N/A;2000;100;63;8200;0,0000;0,0000;0,0000;0,0000;0,0000;0,0000;0;0;0;0
20260613_1458;Generalização_200;classification;LeveragingBagging;Otimizado_33Features;classifier;classifier;classifier;N/A;N/A;N/A;2000;100;64;8300;0,0000;0,0000;0,0000;0,0000;0,0000;0,0000;0;0;0;0
20260613_1458;Generalização_200;classification;LeveragingBagging;Otimizado_33Features;classifier;classifier;classifier;N/A;N/A;N/A;2000;100;65;8400;0,0000;0,0000;0,0000;0,0000;0,0000;0,0000;0;0;0;0
20260613_1458;Generalização_200;classification;LeveragingBagging;Otimizado_33Features;classifier;classifier;classifier;N/A;N/A;N/A;2000;100;66;8500;0,0000;0,0000;0,0000;0,0000;0,0000;0,0000;0;0;0;0
20260613_1458;Generalização_200;classification;LeveragingBagging;Otimizado_33Features;classifier;classifier;classifier;N/A;N/A;N/A;2000;100;67;8600;0,0000;0,0000;0,0000;0,0000;0,0000;0,0000;0;0;0;0
20260613_1458;Generalização_200;classification;LeveragingBagging;Otimizado_33Features;classifier;classifier;classifier;N/A;N/A;N/A;2000;100;68;8700;0,0000;0,0000;0,0000;0,0000;0,0000;0,0000;0;0;0;0
20260613_1458;Generalização_200;classification;LeveragingBagging;Otimizado_33Features;classifier;classifier;classifier;N/A;N/A;N/A;2000;100;69;8800;0,0000;0,0000;0,0000;0,0000;0,0000;0,0000;0;0;0;0
20260613_1458;Generalização_200;classification;LeveragingBagging;Otimizado_33Features;classifier;classifier;classifier;N/A;N/A;N/A;2000;100;70;8900;0,0000;0,0000;0,0000;0,0000;0,0000;0,0000;0;0;0;0
20260613_1458;Generalização_200;classification;LeveragingBagging;Otimizado_33Features;classifier;classifier;classifier;N/A;N/A;N/A;2000;100;71;9000;0,0000;0,0000;0,0000;0,0000;0,0000;0,0000;0;0;0;0
20260613_1458;Generalização_200;classification;LeveragingBagging;Otimizado_33Features;classifier;classifier;classifier;N/A;N/A;N/A;2000;100;72;9100;0,0000;0,0000;0,0000;0,0000;0,0000;0,0000;0;0;0;0
20260613_1458;Generalização_200;classification;LeveragingBagging;Otimizado_33Features;classifier;classifier;classifier;N/A;N/A;N/A;2000;100;73;9200;0,0000;0,0000;0,0000;0,0000;0,0000;0,0000;0;0;0;0
20260613_1458;Generalização_200;classification;LeveragingBagging;Otimizado_33Features;classifier;classifier;classifier;N/A;N/A;N/A;2000;100;74;9300;0,0000;0,0000;0,0000;0,0000;0,0000;0,0000;0;0;0;0
20260613_1458;Generalização_200;classification;LeveragingBagging;Otimizado_33Features;classifier;classifier;classifier;N/A;N/A;N/A;2000;100;75;9400;0,0000;0,0000;0,0000;0,0000;0,0000;0,0000;0;0;0;0
20260613_1458;Generalização_200;classification;LeveragingBagging;Otimizado_33Features;classifier;classifier;classifier;N/A;N/A;N/A;2000;100;76;9500;0,0000;0,0000;0,0000;0,0000;0,0000;0,0000;0;0;0;0
20260613_1458;Generalização_200;classification;LeveragingBagging;Otimizado_33Features;classifier;classifier;classifier;N/A;N/A;N/A;2000;100;77;9600;0,0000;0,0000;0,0000;0,0000;0,0000;0,0000;0;0;0;0
20260613_1458;Generalização_200;classification;LeveragingBagging;Otimizado_33Features;classifier;classifier;classifier;N/A;N/A;N/A;2000;100;78;9700;0,0000;0,0000;0,0000;0,0000;0,0000;0,0000;0;0;0;0
20260613_1458;Generalização_200;classification;LeveragingBagging;Otimizado_33Features;classifier;classifier;classifier;N/A;N/A;N/A;2000;100;79;9800;0,0000;0,0000;0,0000;0,0000;0,0000;0,0000;0;0;0;0
20260613_1458;Generalização_200;classification;LeveragingBagging;Otimizado_33Features;classifier;classifier;classifier;N/A;N/A;N/A;2000;100;80;9900;0,0000;0,0000;0,0000;0,0000;0,0000;0,0000;0;0;0;0
20260613_1458;Generalização_200;classification;LeveragingBagging;Otimizado_33Features;classifier;classifier;classifier;N/A;N/A;N/A;2000;100;81;10000;0,0000;0,0000;0,0000;0,0000;0,0000;0,0000;0;0;0;0
20260613_1458;Generalização_200;classification;LeveragingBagging;Otimizado_33Features;classifier;classifier;classifier;N/A;N/A;N/A;2000;100;82;10100;0,0000;0,0000;0,0000;0,0000;0,0000;0,0000;0;0;0;0
20260613_1458;Generalização_200;classification;LeveragingBagging;Otimizado_33Features;classifier;classifier;classifier;N/A;N/A;N/A;2000;100;83;10200;0,0000;0,0000;0,0000;0,0000;0,0000;0,0000;0;0;0;0
20260613_1458;Generalização_200;classification;LeveragingBagging;Otimizado_33Features;classifier;classifier;classifier;N/A;N/A;N/A;2000;100;84;10300;0,0000;0,0000;0,0000;0,0000;0,0000;0,0000;0;0;0;0
20260613_1458;Generalização_200;classification;LeveragingBagging;Otimizado_33Features;classifier;classifier;classifier;N/A;N/A;N/A;2000;100;85;10400;0,0000;0,0000;0,0000;0,0000;0,0000;0,0000;0;0;0;0
20260613_1458;Generalização_200;classification;LeveragingBagging;Otimizado_33Features;classifier;classifier;classifier;N/A;N/A;N/A;2000;100;86;10500;0,0000;0,0000;0,0000;0,0000;0,0000;0,0000;0;0;0;0
20260613_1458;Generalização_200;classification;LeveragingBagging;Otimizado_33Features;classifier;classifier;classifier;N/A;N/A;N/A;2000;100;87;10600;0,0000;0,0000;0,0000;0,0000;0,0000;0,0000;0;0;0;0
20260613_1458;Generalização_200;classification;LeveragingBagging;Otimizado_33Features;classifier;classifier;classifier;N/A;N/A;N/A;2000;100;88;10700;0,0000;0,0000;0,0000;0,0000;0,0000;0,0000;0;0;0;0
20260613_1458;Generalização_200;classification;LeveragingBagging;Otimizado_33Features;classifier;classifier;classifier;N/A;N/A;N/A;2000;100;89;10800;0,0000;0,0000;0,0000;0,0000;0,0000;0,0000;0;0;0;0
20260613_1458;Generalização_200;classification;LeveragingBagging;Otimizado_33Features;classifier;classifier;classifier;N/A;N/A;N/A;2000;100;90;10900;0,0000;0,0000;0,0000;0,0000;0,0000;0,0000;0;0;0;0
20260613_1458;Generalização_200;classification;LeveragingBagging;Otimizado_33Features;classifier;classifier;classifier;N/A;N/A;N/A;2000;100;91;11000;0,0000;0,0000;0,0000;0,0000;0,0000;0,0000;0;0;0;0
20260613_1458;Generalização_200;classification;LeveragingBagging;Otimizado_33Features;classifier;classifier;classifier;N/A;N/A;N/A;2000;100;92;11100;0,0000;0,0000;0,0000;0,0000;0,0000;0,0000;0;0;0;0
20260613_1458;Generalização_200;classification;LeveragingBagging;Otimizado_33Features;classifier;classifier;classifier;N/A;N/A;N/A;2000;100;93;11200;0,0000;0,0000;0,0000;0,0000;0,0000;0,0000;0;0;0;0
20260613_1458;Generalização_200;classification;LeveragingBagging;Otimizado_33Features;classifier;classifier;classifier;N/A;N/A;N/A;2000;100;94;11300;0,0000;0,0000;0,0000;0,0000;0,0000;0,0000;0;0;0;0
20260613_1458;Generalização_200;classification;LeveragingBagging;Otimizado_33Features;classifier;classifier;classifier;N/A;N/A;N/A;2000;100;95;11400;0,0000;0,0000;0,0000;0,0000;0,0000;0,0000;0;0;0;0
20260613_1458;Generalização_200;classification;LeveragingBagging;Otimizado_33Features;classifier;classifier;classifier;N/A;N/A;N/A;2000;100;96;11500;0,0000;0,0000;0,0000;0,0000;0,0000;0,0000;0;0;0;0
20260613_1458;Generalização_200;classification;LeveragingBagging;Otimizado_33Features;classifier;classifier;classifier;N/A;N/A;N/A;2000;100;97;11600;0,0000;0,0000;0,0000;0,0000;0,0000;0,0000;0;0;0;0
20260613_1458;Generalização_200;classification;LeveragingBagging;Otimizado_33Features;classifier;classifier;classifier;N/A;N/A;N/A;2000;100;98;11700;96,9072;0,0000;100,0000;0,0000;94,0000;0,0000;0;0;3;0
20260613_1458;Generalização_200;classification;LeveragingBagging;Otimizado_33Features;classifier;classifier;classifier;N/A;N/A;N/A;2000;100;99;11800;100,0000;0,0000;100,0000;0,0000;100,0000;0,0000;0;0;0;0
20260613_1458;Generalização_200;classification;LeveragingBagging;Otimizado_33Features;classifier;classifier;classifier;N/A;N/A;N/A;2000;100;100;11900;98,9691;0,0000;100,0000;0,0000;97,9592;0,0000;0;0;1;0
20260613_1458;Generalização_200;classification;LeveragingBagging;Otimizado_33Features;classifier;classifier;classifier;N/A;N/A;N/A;2000;100;101;12000;0,0000;0,0000;0,0000;0,0000;0,0000;0,0000;0;0;0;0
20260613_1458;Generalização_200;classification;LeveragingBagging;Otimizado_33Features;classifier;classifier;classifier;N/A;N/A;N/A;2000;100;102;12100;0,0000;0,0000;0,0000;0,0000;0,0000;0,0000;0;0;0;0
20260613_1458;Generalização_200;classification;LeveragingBagging;Otimizado_33Features;classifier;classifier;classifier;N/A;N/A;N/A;2000;100;103;12200;0,0000;0,0000;0,0000;0,0000;0,0000;0,0000;0;0;0;0
20260613_1458;Generalização_200;classification;LeveragingBagging;Otimizado_33Features;classifier;classifier;classifier;N/A;N/A;N/A;2000;100;104;12300;0,0000;0,0000;0,0000;0,0000;0,0000;0,0000;0;0;0;0
20260613_1458;Generalização_200;classification;LeveragingBagging;Otimizado_33Features;classifier;classifier;classifier;N/A;N/A;N/A;2000;100;105;12400;0,0000;0,0000;0,0000;0,0000;0,0000;0,0000;0;0;0;0
20260613_1458;Generalização_200;classification;LeveragingBagging;Otimizado_33Features;classifier;classifier;classifier;N/A;N/A;N/A;2000;100;106;12500;0,0000;0,0000;0,0000;0,0000;0,0000;0,0000;0;0;0;0
20260613_1458;Generalização_200;classification;LeveragingBagging;Otimizado_33Features;classifier;classifier;classifier;N/A;N/A;N/A;2000;100;107;12600;0,0000;0,0000;0,0000;0,0000;0,0000;0,0000;0;0;0;0
20260613_1458;Generalização_200;classification;LeveragingBagging;Otimizado_33Features;classifier;classifier;classifier;N/A;N/A;N/A;2000;100;108;12700;0,0000;0,0000;0,0000;0,0000;0,0000;0,0000;0;0;0;0
20260613_1458;Generalização_200;classification;LeveragingBagging;Otimizado_33Features;classifier;classifier;classifier;N/A;N/A;N/A;2000;100;109;12800;0,0000;0,0000;0,0000;0,0000;0,0000;0,0000;0;0;0;0
20260613_1458;Generalização_200;classification;LeveragingBagging;Otimizado_33Features;classifier;classifier;classifier;N/A;N/A;N/A;2000;100;110;12900;0,0000;0,0000;0,0000;0,0000;0,0000;0,0000;0;0;0;0
20260613_1458;Generalização_200;classification;LeveragingBagging;Otimizado_33Features;classifier;classifier;classifier;N/A;N/A;N/A;2000;100;111;13000;0,0000;0,0000;0,0000;0,0000;0,0000;0,0000;0;0;0;0
20260613_1458;Generalização_200;classification;LeveragingBagging;Otimizado_33Features;classifier;classifier;classifier;N/A;N/A;N/A;2000;100;112;13100;0,0000;0,0000;0,0000;0,0000;0,0000;0,0000;0;0;0;0
20260613_1458;Generalização_200;classification;LeveragingBagging;Otimizado_33Features;classifier;classifier;classifier;N/A;N/A;N/A;2000;100;113;13200;0,0000;0,0000;0,0000;0,0000;0,0000;0,0000;0;0;0;0
20260613_1458;Generalização_200;classification;LeveragingBagging;Otimizado_33Features;classifier;classifier;classifier;N/A;N/A;N/A;2000;100;114;13300;0,0000;0,0000;0,0000;0,0000;0,0000;0,0000;0;0;0;0
20260613_1458;Generalização_200;classification;LeveragingBagging;Otimizado_33Features;classifier;classifier;classifier;N/A;N/A;N/A;2000;100;115;13400;0,0000;0,0000;0,0000;0,0000;0,0000;0,0000;0;0;0;0
20260613_1458;Generalização_200;classification;LeveragingBagging;Otimizado_33Features;classifier;classifier;classifier;N/A;N/A;N/A;2000;100;116;13500;0,0000;0,0000;0,0000;0,0000;0,0000;0,0000;0;0;0;0
20260613_1458;Generalização_200;classification;LeveragingBagging;Otimizado_33Features;classifier;classifier;classifier;N/A;N/A;N/A;2000;100;117;13600;0,0000;0,0000;0,0000;0,0000;0,0000;0,0000;0;0;0;0
20260613_1458;Generalização_200;classification;LeveragingBagging;Otimizado_33Features;classifier;classifier;classifier;N/A;N/A;N/A;2000;100;118;13700;0,0000;0,0000;0,0000;0,0000;0,0000;0,0000;0;0;0;0
20260613_1458;Generalização_200;classification;LeveragingBagging;Otimizado_33Features;classifier;classifier;classifier;N/A;N/A;N/A;2000;100;119;13800;0,0000;0,0000;0,0000;0,0000;0,0000;0,0000;0;0;0;0
20260613_1458;Generalização_200;classification;LeveragingBagging;Otimizado_33Features;classifier;classifier;classifier;N/A;N/A;N/A;2000;100;120;13900;0,0000;0,0000;0,0000;0,0000;0,0000;0,0000;0;0;0;0
20260613_1458;Generalização_200;classification;LeveragingBagging;Otimizado_33Features;classifier;classifier;classifier;N/A;N/A;N/A;2000;100;121;14000;0,0000;0,0000;0,0000;0,0000;0,0000;0,0000;0;0;0;0
20260613_1458;Generalização_200;classification;LeveragingBagging;Otimizado_33Features;classifier;classifier;classifier;N/A;N/A;N/A;2000;100;122;14100;0,0000;0,0000;0,0000;0,0000;0,0000;0,0000;0;0;0;0
20260613_1458;Generalização_200;classification;LeveragingBagging;Otimizado_33Features;classifier;classifier;classifier;N/A;N/A;N/A;2000;100;123;14200;0,0000;0,0000;0,0000;0,0000;0,0000;0,0000;0;0;0;0
20260613_1458;Generalização_200;classification;LeveragingBagging;Otimizado_33Features;classifier;classifier;classifier;N/A;N/A;N/A;2000;100;124;14300;0,0000;0,0000;0,0000;0,0000;0,0000;0,0000;0;0;0;0
20260613_1458;Generalização_200;classification;LeveragingBagging;Otimizado_33Features;classifier;classifier;classifier;N/A;N/A;N/A;2000;100;125;14400;0,0000;0,0000;0,0000;0,0000;0,0000;0,0000;0;0;0;0
20260613_1458;Generalização_200;classification;LeveragingBagging;Otimizado_33Features;classifier;classifier;classifier;N/A;N/A;N/A;2000;100;126;14500;0,0000;0,0000;0,0000;0,0000;0,0000;0,0000;0;0;0;0
20260613_1458;Generalização_200;classification;LeveragingBagging;Otimizado_33Features;classifier;classifier;classifier;N/A;N/A;N/A;2000;100;127;14600;0,0000;0,0000;0,0000;0,0000;0,0000;0,0000;0;0;0;0
20260613_1458;Generalização_200;classification;LeveragingBagging;Otimizado_33Features;classifier;classifier;classifier;N/A;N/A;N/A;2000;100;128;14700;0,0000;0,0000;0,0000;0,0000;0,0000;0,0000;0;0;0;0
20260613_1458;Generalização_200;classification;LeveragingBagging;Otimizado_33Features;classifier;classifier;classifier;N/A;N/A;N/A;2000;100;129;14800;0,0000;0,0000;0,0000;0,0000;0,0000;0,0000;0;0;0;0
20260613_1458;Generalização_200;classification;LeveragingBagging;Otimizado_33Features;classifier;classifier;classifier;N/A;N/A;N/A;2000;100;130;14900;0,0000;0,0000;0,0000;0,0000;0,0000;0,0000;0;0;0;0
20260613_1458;Generalização_200;classification;LeveragingBagging;Otimizado_33Features;classifier;classifier;classifier;N/A;N/A;N/A;2000;100;131;15000;0,0000;0,0000;0,0000;0,0000;0,0000;0,0000;0;0;0;0
20260613_1458;Generalização_200;classification;LeveragingBagging;Otimizado_33Features;classifier;classifier;classifier;N/A;N/A;N/A;2000;100;132;15100;0,0000;0,0000;0,0000;0,0000;0,0000;0,0000;0;0;0;0
20260613_1458;Generalização_200;classification;LeveragingBagging;Otimizado_33Features;classifier;classifier;classifier;N/A;N/A;N/A;2000;100;133;15200;0,0000;0,0000;0,0000;0,0000;0,0000;0,0000;0;0;0;0
20260613_1458;Generalização_200;classification;LeveragingBagging;Otimizado_33Features;classifier;classifier;classifier;N/A;N/A;N/A;2000;100;134;15300;0,0000;0,0000;0,0000;0,0000;0,0000;0,0000;0;0;0;0
20260613_1458;Generalização_200;classification;LeveragingBagging;Otimizado_33Features;classifier;classifier;classifier;N/A;N/A;N/A;2000;100;135;15400;0,0000;0,0000;0,0000;0,0000;0,0000;0,0000;0;0;0;0
20260613_1458;Generalização_200;classification;LeveragingBagging;Otimizado_33Features;classifier;classifier;classifier;N/A;N/A;N/A;2000;100;136;15500;0,0000;0,0000;0,0000;0,0000;0,0000;0,0000;0;0;0;0
20260613_1458;Generalização_1000;classification;LeveragingBagging;Otimizado_33Features;classifier;classifier;classifier;N/A;N/A;N/A;2000;100;1;2000;0,0000;0,0000;0,0000;0,0000;0,0000;0,0000;0;0;0;0
20260613_1458;Generalização_1000;classification;LeveragingBagging;Otimizado_33Features;classifier;classifier;classifier;N/A;N/A;N/A;2000;100;2;2100;0,0000;0,0000;0,0000;0,0000;0,0000;0,0000;0;0;0;0
20260613_1458;Generalização_1000;classification;LeveragingBagging;Otimizado_33Features;classifier;classifier;classifier;N/A;N/A;N/A;2000;100;3;2200;0,0000;0,0000;0,0000;0,0000;0,0000;0,0000;0;0;0;0
20260613_1458;Generalização_1000;classification;LeveragingBagging;Otimizado_33Features;classifier;classifier;classifier;N/A;N/A;N/A;2000;100;4;2300;0,0000;0,0000;0,0000;0,0000;0,0000;0,0000;0;0;0;0
20260613_1458;Generalização_1000;classification;LeveragingBagging;Otimizado_33Features;classifier;classifier;classifier;N/A;N/A;N/A;2000;100;5;2400;0,0000;0,0000;0,0000;0,0000;0,0000;0,0000;0;0;0;0
20260613_1458;Generalização_1000;classification;LeveragingBagging;Otimizado_33Features;classifier;classifier;classifier;N/A;N/A;N/A;2000;100;6;2500;0,0000;0,0000;0,0000;0,0000;0,0000;0,0000;0;0;0;0
20260613_1458;Generalização_1000;classification;LeveragingBagging;Otimizado_33Features;classifier;classifier;classifier;N/A;N/A;N/A;2000;100;7;2600;0,0000;0,0000;0,0000;0,0000;0,0000;0,0000;0;0;0;0
20260613_1458;Generalização_1000;classification;LeveragingBagging;Otimizado_33Features;classifier;classifier;classifier;N/A;N/A;N/A;2000;100;8;2700;0,0000;0,0000;0,0000;0,0000;0,0000;0,0000;0;0;0;0
20260613_1458;Generalização_1000;classification;LeveragingBagging;Otimizado_33Features;classifier;classifier;classifier;N/A;N/A;N/A;2000;100;9;2800;0,0000;0,0000;0,0000;0,0000;0,0000;0,0000;0;0;0;0
20260613_1458;Generalização_1000;classification;LeveragingBagging;Otimizado_33Features;classifier;classifier;classifier;N/A;N/A;N/A;2000;100;10;2900;0,0000;0,0000;0,0000;0,0000;0,0000;0,0000;0;0;0;0
20260613_1458;Generalização_1000;classification;LeveragingBagging;Otimizado_33Features;classifier;classifier;classifier;N/A;N/A;N/A;2000;100;11;3000;0,0000;0,0000;0,0000;0,0000;0,0000;0,0000;0;0;0;0
20260613_1458;Generalização_1000;classification;LeveragingBagging;Otimizado_33Features;classifier;classifier;classifier;N/A;N/A;N/A;2000;100;12;3100;0,0000;0,0000;0,0000;0,0000;0,0000;0,0000;0;0;0;0
20260613_1458;Generalização_1000;classification;LeveragingBagging;Otimizado_33Features;classifier;classifier;classifier;N/A;N/A;N/A;2000;100;13;3200;0,0000;0,0000;0,0000;0,0000;0,0000;0,0000;0;0;0;0
20260613_1458;Generalização_1000;classification;LeveragingBagging;Otimizado_33Features;classifier;classifier;classifier;N/A;N/A;N/A;2000;100;14;3300;0,0000;0,0000;0,0000;0,0000;0,0000;0,0000;0;0;0;0
20260613_1458;Generalização_1000;classification;LeveragingBagging;Otimizado_33Features;classifier;classifier;classifier;N/A;N/A;N/A;2000;100;15;3400;0,0000;0,0000;0,0000;0,0000;0,0000;0,0000;0;0;0;0
20260613_1458;Generalização_1000;classification;LeveragingBagging;Otimizado_33Features;classifier;classifier;classifier;N/A;N/A;N/A;2000;100;16;3500;0,0000;0,0000;0,0000;0,0000;0,0000;0,0000;0;0;0;0
20260613_1458;Generalização_1000;classification;LeveragingBagging;Otimizado_33Features;classifier;classifier;classifier;N/A;N/A;N/A;2000;100;17;3600;0,0000;0,0000;0,0000;0,0000;0,0000;0,0000;0;0;0;0
20260613_1458;Generalização_1000;classification;LeveragingBagging;Otimizado_33Features;classifier;classifier;classifier;N/A;N/A;N/A;2000;100;18;3700;0,0000;0,0000;0,0000;0,0000;0,0000;0,0000;0;0;0;0
20260613_1458;Generalização_1000;classification;LeveragingBagging;Otimizado_33Features;classifier;classifier;classifier;N/A;N/A;N/A;2000;100;19;3800;95,2963;0,5492;100,0000;0,0000;91,0204;0,9998;0;0;5;1
20260613_1458;Generalização_1000;classification;LeveragingBagging;Otimizado_33Features;classifier;classifier;classifier;N/A;N/A;N/A;2000;100;20;3900;98,5108;0,3056;97,7867;0,4818;99,2500;0,6124;2;1;1;1
20260613_1458;Generalização_1000;classification;LeveragingBagging;Otimizado_33Features;classifier;classifier;classifier;N/A;N/A;N/A;2000;100;21;4000;100,0000;0,0000;100,0000;0,0000;100,0000;0,0000;0;0;0;0
20260613_1458;Generalização_1000;classification;LeveragingBagging;Otimizado_33Features;classifier;classifier;classifier;N/A;N/A;N/A;2000;100;22;4100;99,3793;0,2051;98,7671;0,4040;100,0000;0,0000;2;1;0;0
20260613_1458;Generalização_1000;classification;LeveragingBagging;Otimizado_33Features;classifier;classifier;classifier;N/A;N/A;N/A;2000;100;23;4200;99,4924;0,0000;100,0000;0,0000;98,9899;0,0000;0;0;1;0
20260613_1458;Generalização_1000;classification;LeveragingBagging;Otimizado_33Features;classifier;classifier;classifier;N/A;N/A;N/A;2000;100;24;4300;94,8493;0,7809;92,2833;1,3327;97,5758;0,7423;6;2;2;1
20260613_1458;Generalização_1000;classification;LeveragingBagging;Otimizado_33Features;classifier;classifier;classifier;N/A;N/A;N/A;2000;100;25;4400;92,8369;0,9555;90,2000;1,7963;95,6522;0,0000;3;1;1;0
20260613_1458;Generalização_1000;classification;LeveragingBagging;Otimizado_33Features;classifier;classifier;classifier;N/A;N/A;N/A;2000;100;26;4500;92,9589;5,5462;98,5714;2,8571;88,5714;9,6890;1;1;2;2
20260613_1458;Generalização_1000;classification;LeveragingBagging;Otimizado_33Features;classifier;classifier;classifier;N/A;N/A;N/A;2000;100;27;4600;99,0490;0,2933;100,0000;0,0000;98,1176;0,5764;0;0;2;1
20260613_1458;Generalização_1000;classification;LeveragingBagging;Otimizado_33Features;classifier;classifier;classifier;N/A;N/A;N/A;2000;100;28;4700;91,6667;0,0000;100,0000;0,0000;84,6154;0,0000;0;0;2;0
20260613_1458;Generalização_1000;classification;LeveragingBagging;Otimizado_33Features;classifier;classifier;classifier;N/A;N/A;N/A;2000;100;29;4800;100,0000;0,0000;100,0000;0,0000;100,0000;0,0000;0;0;0;0
20260613_1458;Generalização_1000;classification;LeveragingBagging;Otimizado_33Features;classifier;classifier;classifier;N/A;N/A;N/A;2000;100;30;4900;0,0000;0,0000;0,0000;0,0000;0,0000;0,0000;0;0;0;0
20260613_1458;Generalização_1000;classification;LeveragingBagging;Otimizado_33Features;classifier;classifier;classifier;N/A;N/A;N/A;2000;100;31;5000;0,0000;0,0000;0,0000;0,0000;0,0000;0,0000;1;0;0;0
20260613_1458;Generalização_1000;classification;LeveragingBagging;Otimizado_33Features;classifier;classifier;classifier;N/A;N/A;N/A;2000;100;32;5100;0,0000;0,0000;0,0000;0,0000;0,0000;0,0000;1;1;0;0
20260613_1458;Generalização_1000;classification;LeveragingBagging;Otimizado_33Features;classifier;classifier;classifier;N/A;N/A;N/A;2000;100;33;5200;0,0000;0,0000;0,0000;0,0000;0,0000;0,0000;0;0;0;0
20260613_1458;Generalização_1000;classification;LeveragingBagging;Otimizado_33Features;classifier;classifier;classifier;N/A;N/A;N/A;2000;100;34;5300;0,0000;0,0000;0,0000;0,0000;0,0000;0,0000;0;0;0;0
20260613_1458;Generalização_1000;classification;LeveragingBagging;Otimizado_33Features;classifier;classifier;classifier;N/A;N/A;N/A;2000;100;35;5400;0,0000;0,0000;0,0000;0,0000;0,0000;0,0000;0;0;0;0
20260613_1458;Generalização_1000;classification;LeveragingBagging;Otimizado_33Features;classifier;classifier;classifier;N/A;N/A;N/A;2000;100;36;5500;0,0000;0,0000;0,0000;0,0000;0,0000;0,0000;0;0;0;0
20260613_1458;Generalização_1000;classification;LeveragingBagging;Otimizado_33Features;classifier;classifier;classifier;N/A;N/A;N/A;2000;100;37;5600;0,0000;0,0000;0,0000;0,0000;0,0000;0,0000;5;1;0;0
20260613_1458;Generalização_1000;classification;LeveragingBagging;Otimizado_33Features;classifier;classifier;classifier;N/A;N/A;N/A;2000;100;38;5700;0,0000;0,0000;0,0000;0,0000;0,0000;0,0000;0;0;0;0
20260613_1458;Generalização_1000;classification;LeveragingBagging;Otimizado_33Features;classifier;classifier;classifier;N/A;N/A;N/A;2000;100;39;5800;0,0000;0,0000;0,0000;0,0000;0,0000;0,0000;0;0;0;0
20260613_1458;Generalização_1000;classification;LeveragingBagging;Otimizado_33Features;classifier;classifier;classifier;N/A;N/A;N/A;2000;100;40;5900;0,0000;0,0000;0,0000;0,0000;0,0000;0,0000;0;0;0;0
20260613_1458;Generalização_1000;classification;LeveragingBagging;Otimizado_33Features;classifier;classifier;classifier;N/A;N/A;N/A;2000;100;41;6000;0,0000;0,0000;0,0000;0,0000;0,0000;0,0000;0;0;0;0
20260613_1458;Generalização_1000;classification;LeveragingBagging;Otimizado_33Features;classifier;classifier;classifier;N/A;N/A;N/A;2000;100;42;6100;0,0000;0,0000;0,0000;0,0000;0,0000;0,0000;1;1;0;0
20260613_1458;Generalização_1000;classification;LeveragingBagging;Otimizado_33Features;classifier;classifier;classifier;N/A;N/A;N/A;2000;100;43;6200;0,0000;0,0000;0,0000;0,0000;0,0000;0,0000;0;0;0;0
20260613_1458;Generalização_1000;classification;LeveragingBagging;Otimizado_33Features;classifier;classifier;classifier;N/A;N/A;N/A;2000;100;44;6300;0,0000;0,0000;0,0000;0,0000;0,0000;0,0000;0;0;0;0
20260613_1458;Generalização_1000;classification;LeveragingBagging;Otimizado_33Features;classifier;classifier;classifier;N/A;N/A;N/A;2000;100;45;6400;0,0000;0,0000;0,0000;0,0000;0,0000;0,0000;0;0;0;0
20260613_1458;Generalização_1000;classification;LeveragingBagging;Otimizado_33Features;classifier;classifier;classifier;N/A;N/A;N/A;2000;100;46;6500;0,0000;0,0000;0,0000;0,0000;0,0000;0,0000;0;0;0;0
20260613_1458;Generalização_1000;classification;LeveragingBagging;Otimizado_33Features;classifier;classifier;classifier;N/A;N/A;N/A;2000;100;47;6600;0,0000;0,0000;0,0000;0,0000;0,0000;0,0000;0;0;0;0
20260613_1458;Generalização_1000;classification;LeveragingBagging;Otimizado_33Features;classifier;classifier;classifier;N/A;N/A;N/A;2000;100;48;6700;0,0000;0,0000;0,0000;0,0000;0,0000;0,0000;0;0;0;0
20260613_1458;Generalização_1000;classification;LeveragingBagging;Otimizado_33Features;classifier;classifier;classifier;N/A;N/A;N/A;2000;100;49;6800;0,0000;0,0000;0,0000;0,0000;0,0000;0,0000;0;0;0;0
20260613_1458;Generalização_1000;classification;LeveragingBagging;Otimizado_33Features;classifier;classifier;classifier;N/A;N/A;N/A;2000;100;50;6900;0,0000;0,0000;0,0000;0,0000;0,0000;0,0000;0;0;0;0
20260613_1458;Generalização_1000;classification;LeveragingBagging;Otimizado_33Features;classifier;classifier;classifier;N/A;N/A;N/A;2000;100;51;7000;0,0000;0,0000;0,0000;0,0000;0,0000;0,0000;0;0;0;0
20260613_1458;Generalização_1000;classification;LeveragingBagging;Otimizado_33Features;classifier;classifier;classifier;N/A;N/A;N/A;2000;100;52;7100;0,0000;0,0000;0,0000;0,0000;0,0000;0,0000;0;0;0;0
20260613_1458;Generalização_1000;classification;LeveragingBagging;Otimizado_33Features;classifier;classifier;classifier;N/A;N/A;N/A;2000;100;53;7200;0,0000;0,0000;0,0000;0,0000;0,0000;0,0000;0;0;0;0
20260613_1458;Generalização_1000;classification;LeveragingBagging;Otimizado_33Features;classifier;classifier;classifier;N/A;N/A;N/A;2000;100;54;7300;0,0000;0,0000;0,0000;0,0000;0,0000;0,0000;0;0;0;0
20260613_1458;Generalização_1000;classification;LeveragingBagging;Otimizado_33Features;classifier;classifier;classifier;N/A;N/A;N/A;2000;100;55;7400;0,0000;0,0000;0,0000;0,0000;0,0000;0,0000;0;0;0;0
20260613_1458;Generalização_1000;classification;LeveragingBagging;Otimizado_33Features;classifier;classifier;classifier;N/A;N/A;N/A;2000;100;56;7500;0,0000;0,0000;0,0000;0,0000;0,0000;0,0000;0;0;0;0
20260613_1458;Generalização_1000;classification;LeveragingBagging;Otimizado_33Features;classifier;classifier;classifier;N/A;N/A;N/A;2000;100;57;7600;0,0000;0,0000;0,0000;0,0000;0,0000;0,0000;0;0;0;0
20260613_1458;Generalização_1000;classification;LeveragingBagging;Otimizado_33Features;classifier;classifier;classifier;N/A;N/A;N/A;2000;100;58;7700;0,0000;0,0000;0,0000;0,0000;0,0000;0,0000;0;0;0;0
20260613_1458;Generalização_1000;classification;LeveragingBagging;Otimizado_33Features;classifier;classifier;classifier;N/A;N/A;N/A;2000;100;59;7800;0,0000;0,0000;0,0000;0,0000;0,0000;0,0000;0;0;0;0
20260613_1458;Generalização_1000;classification;LeveragingBagging;Otimizado_33Features;classifier;classifier;classifier;N/A;N/A;N/A;2000;100;60;7900;0,0000;0,0000;0,0000;0,0000;0,0000;0,0000;0;0;0;0
20260613_1458;Generalização_1000;classification;LeveragingBagging;Otimizado_33Features;classifier;classifier;classifier;N/A;N/A;N/A;2000;100;61;8000;0,0000;0,0000;0,0000;0,0000;0,0000;0,0000;0;0;0;0
20260613_1458;Generalização_1000;classification;LeveragingBagging;Otimizado_33Features;classifier;classifier;classifier;N/A;N/A;N/A;2000;100;62;8100;0,0000;0,0000;0,0000;0,0000;0,0000;0,0000;0;0;0;0
20260613_1458;Generalização_1000;classification;LeveragingBagging;Otimizado_33Features;classifier;classifier;classifier;N/A;N/A;N/A;2000;100;63;8200;0,0000;0,0000;0,0000;0,0000;0,0000;0,0000;0;0;0;0
20260613_1458;Generalização_1000;classification;LeveragingBagging;Otimizado_33Features;classifier;classifier;classifier;N/A;N/A;N/A;2000;100;64;8300;0,0000;0,0000;0,0000;0,0000;0,0000;0,0000;0;0;0;0
20260613_1458;Generalização_1000;classification;LeveragingBagging;Otimizado_33Features;classifier;classifier;classifier;N/A;N/A;N/A;2000;100;65;8400;0,0000;0,0000;0,0000;0,0000;0,0000;0,0000;0;0;0;0
20260613_1458;Generalização_1000;classification;LeveragingBagging;Otimizado_33Features;classifier;classifier;classifier;N/A;N/A;N/A;2000;100;66;8500;0,0000;0,0000;0,0000;0,0000;0,0000;0,0000;0;0;1;0
20260613_1458;Generalização_1000;classification;LeveragingBagging;Otimizado_33Features;classifier;classifier;classifier;N/A;N/A;N/A;2000;100;67;8600;98,3704;0,5982;100,0000;0,0000;96,8000;1,1662;0;0;4;2
20260613_1458;Generalização_1000;classification;LeveragingBagging;Otimizado_33Features;classifier;classifier;classifier;N/A;N/A;N/A;2000;100;68;8700;100,0000;0,0000;100,0000;0,0000;100,0000;0,0000;0;0;0;0
20260613_1458;Generalização_1000;classification;LeveragingBagging;Otimizado_33Features;classifier;classifier;classifier;N/A;N/A;N/A;2000;100;69;8800;99,4975;0,0000;100,0000;0,0000;99,0000;0,0000;0;0;1;0
20260613_1458;Generalização_1000;classification;LeveragingBagging;Otimizado_33Features;classifier;classifier;classifier;N/A;N/A;N/A;2000;100;70;8900;100,0000;0,0000;100,0000;0,0000;100,0000;0,0000;0;0;0;0
20260613_1458;Generalização_1000;classification;LeveragingBagging;Otimizado_33Features;classifier;classifier;classifier;N/A;N/A;N/A;2000;100;71;9000;100,0000;0,0000;100,0000;0,0000;100,0000;0,0000;0;0;0;0
20260613_1458;Generalização_1000;classification;LeveragingBagging;Otimizado_33Features;classifier;classifier;classifier;N/A;N/A;N/A;2000;100;72;9100;99,3950;0,3782;100,0000;0,0000;98,8000;0,7483;0;0;2;1
20260613_1458;Generalização_1000;classification;LeveragingBagging;Otimizado_33Features;classifier;classifier;classifier;N/A;N/A;N/A;2000;100;73;9200;99,8995;0,2010;100,0000;0,0000;99,8000;0,4000;0;0;1;1
20260613_1458;Generalização_1000;classification;LeveragingBagging;Otimizado_33Features;classifier;classifier;classifier;N/A;N/A;N/A;2000;100;74;9300;100,0000;0,0000;100,0000;0,0000;100,0000;0,0000;0;0;0;0
20260613_1458;Generalização_1000;classification;LeveragingBagging;Otimizado_33Features;classifier;classifier;classifier;N/A;N/A;N/A;2000;100;75;9400;100,0000;0,0000;100,0000;0,0000;100,0000;0,0000;0;0;0;0
20260613_1458;Generalização_1000;classification;LeveragingBagging;Otimizado_33Features;classifier;classifier;classifier;N/A;N/A;N/A;2000;100;76;9500;100,0000;0,0000;100,0000;0,0000;100,0000;0,0000;0;0;0;0
20260613_1458;Generalização_1000;classification;LeveragingBagging;Otimizado_33Features;classifier;classifier;classifier;N/A;N/A;N/A;2000;100;77;9600;0,0000;0,0000;0,0000;0,0000;0,0000;0,0000;0;0;0;0
20260613_1458;Generalização_1000;classification;LeveragingBagging;Otimizado_33Features;classifier;classifier;classifier;N/A;N/A;N/A;2000;100;78;9700;0,0000;0,0000;0,0000;0,0000;0,0000;0,0000;0;0;0;0
20260613_1458;Generalização_1000;classification;LeveragingBagging;Otimizado_33Features;classifier;classifier;classifier;N/A;N/A;N/A;2000;100;79;9800;0,0000;0,0000;0,0000;0,0000;0,0000;0,0000;0;0;0;0
20260613_1458;Generalização_1000;classification;LeveragingBagging;Otimizado_33Features;classifier;classifier;classifier;N/A;N/A;N/A;2000;100;80;9900;0,0000;0,0000;0,0000;0,0000;0,0000;0,0000;0;0;0;0
20260613_1458;Generalização_1000;classification;LeveragingBagging;Otimizado_33Features;classifier;classifier;classifier;N/A;N/A;N/A;2000;100;81;10000;0,0000;0,0000;0,0000;0,0000;0,0000;0,0000;0;0;0;0
20260613_1458;Generalização_1000;classification;LeveragingBagging;Otimizado_33Features;classifier;classifier;classifier;N/A;N/A;N/A;2000;100;82;10100;0,0000;0,0000;0,0000;0,0000;0,0000;0,0000;0;0;0;0
20260613_1458;Generalização_1000;classification;LeveragingBagging;Otimizado_33Features;classifier;classifier;classifier;N/A;N/A;N/A;2000;100;83;10200;0,0000;0,0000;0,0000;0,0000;0,0000;0,0000;0;0;0;0
20260613_1458;Generalização_1000;classification;LeveragingBagging;Otimizado_33Features;classifier;classifier;classifier;N/A;N/A;N/A;2000;100;84;10300;0,0000;0,0000;0,0000;0,0000;0,0000;0,0000;0;0;0;0
20260613_1458;Generalização_1000;classification;LeveragingBagging;Otimizado_33Features;classifier;classifier;classifier;N/A;N/A;N/A;2000;100;85;10400;0,0000;0,0000;0,0000;0,0000;0,0000;0,0000;0;0;0;0
20260613_1458;Generalização_1000;classification;LeveragingBagging;Otimizado_33Features;classifier;classifier;classifier;N/A;N/A;N/A;2000;100;86;10500;0,0000;0,0000;0,0000;0,0000;0,0000;0,0000;0;0;0;0
20260613_1458;Generalização_1000;classification;LeveragingBagging;Otimizado_33Features;classifier;classifier;classifier;N/A;N/A;N/A;2000;100;87;10600;0,0000;0,0000;0,0000;0,0000;0,0000;0,0000;0;0;0;0
20260613_1458;Generalização_1000;classification;LeveragingBagging;Otimizado_33Features;classifier;classifier;classifier;N/A;N/A;N/A;2000;100;88;10700;0,0000;0,0000;0,0000;0,0000;0,0000;0,0000;0;0;0;0
20260613_1458;Generalização_1000;classification;LeveragingBagging;Otimizado_33Features;classifier;classifier;classifier;N/A;N/A;N/A;2000;100;89;10800;0,0000;0,0000;0,0000;0,0000;0,0000;0,0000;0;0;0;0
20260613_1458;Generalização_1000;classification;LeveragingBagging;Otimizado_33Features;classifier;classifier;classifier;N/A;N/A;N/A;2000;100;90;10900;0,0000;0,0000;0,0000;0,0000;0,0000;0,0000;0;0;0;0
20260613_1458;Generalização_1000;classification;LeveragingBagging;Otimizado_33Features;classifier;classifier;classifier;N/A;N/A;N/A;2000;100;91;11000;0,0000;0,0000;0,0000;0,0000;0,0000;0,0000;0;0;0;0
20260613_1458;Generalização_1000;classification;LeveragingBagging;Otimizado_33Features;classifier;classifier;classifier;N/A;N/A;N/A;2000;100;92;11100;0,0000;0,0000;0,0000;0,0000;0,0000;0,0000;0;0;0;0
20260613_1458;Generalização_1000;classification;LeveragingBagging;Otimizado_33Features;classifier;classifier;classifier;N/A;N/A;N/A;2000;100;93;11200;0,0000;0,0000;0,0000;0,0000;0,0000;0,0000;0;0;0;0
20260613_1458;Generalização_1000;classification;LeveragingBagging;Otimizado_33Features;classifier;classifier;classifier;N/A;N/A;N/A;2000;100;94;11300;0,0000;0,0000;0,0000;0,0000;0,0000;0,0000;0;0;0;0
20260613_1458;Generalização_1000;classification;LeveragingBagging;Otimizado_33Features;classifier;classifier;classifier;N/A;N/A;N/A;2000;100;95;11400;0,0000;0,0000;0,0000;0,0000;0,0000;0,0000;0;0;0;0
20260613_1458;Generalização_1000;classification;LeveragingBagging;Otimizado_33Features;classifier;classifier;classifier;N/A;N/A;N/A;2000;100;96;11500;0,0000;0,0000;0,0000;0,0000;0,0000;0,0000;0;0;0;0
20260613_1458;Generalização_1000;classification;LeveragingBagging;Otimizado_33Features;classifier;classifier;classifier;N/A;N/A;N/A;2000;100;97;11600;0,0000;0,0000;0,0000;0,0000;0,0000;0,0000;0;0;0;0
20260613_1458;Generalização_1000;classification;LeveragingBagging;Otimizado_33Features;classifier;classifier;classifier;N/A;N/A;N/A;2000;100;98;11700;0,0000;0,0000;0,0000;0,0000;0,0000;0,0000;0;0;0;0
20260613_1458;Generalização_1000;classification;LeveragingBagging;Otimizado_33Features;classifier;classifier;classifier;N/A;N/A;N/A;2000;100;99;11800;0,0000;0,0000;0,0000;0,0000;0,0000;0,0000;0;0;0;0
20260613_1458;Generalização_1000;classification;LeveragingBagging;Otimizado_33Features;classifier;classifier;classifier;N/A;N/A;N/A;2000;100;100;11900;0,0000;0,0000;0,0000;0,0000;0,0000;0,0000;0;0;0;0
20260613_1458;Generalização_1000;classification;LeveragingBagging;Otimizado_33Features;classifier;classifier;classifier;N/A;N/A;N/A;2000;100;101;12000;0,0000;0,0000;0,0000;0,0000;0,0000;0,0000;0;0;0;0
20260613_1458;Generalização_1000;classification;LeveragingBagging;Otimizado_33Features;classifier;classifier;classifier;N/A;N/A;N/A;2000;100;102;12100;0,0000;0,0000;0,0000;0,0000;0,0000;0,0000;0;0;0;0
20260613_1458;Generalização_1000;classification;LeveragingBagging;Otimizado_33Features;classifier;classifier;classifier;N/A;N/A;N/A;2000;100;103;12200;0,0000;0,0000;0,0000;0,0000;0,0000;0,0000;0;0;0;0
20260613_1458;Generalização_1000;classification;LeveragingBagging;Otimizado_33Features;classifier;classifier;classifier;N/A;N/A;N/A;2000;100;104;12300;0,0000;0,0000;0,0000;0,0000;0,0000;0,0000;0;0;0;0
20260613_1458;Generalização_1000;classification;LeveragingBagging;Otimizado_33Features;classifier;classifier;classifier;N/A;N/A;N/A;2000;100;105;12400;0,0000;0,0000;0,0000;0,0000;0,0000;0,0000;0;0;0;0
20260613_1458;Generalização_1000;classification;LeveragingBagging;Otimizado_33Features;classifier;classifier;classifier;N/A;N/A;N/A;2000;100;106;12500;0,0000;0,0000;0,0000;0,0000;0,0000;0,0000;0;0;0;0
20260613_1458;Generalização_1000;classification;LeveragingBagging;Otimizado_33Features;classifier;classifier;classifier;N/A;N/A;N/A;2000;100;107;12600;0,0000;0,0000;0,0000;0,0000;0,0000;0,0000;0;0;0;0
20260613_1458;Generalização_1000;classification;LeveragingBagging;Otimizado_33Features;classifier;classifier;classifier;N/A;N/A;N/A;2000;100;108;12700;0,0000;0,0000;0,0000;0,0000;0,0000;0,0000;0;0;0;0
20260613_1458;Generalização_1000;classification;LeveragingBagging;Otimizado_33Features;classifier;classifier;classifier;N/A;N/A;N/A;2000;100;109;12800;0,0000;0,0000;0,0000;0,0000;0,0000;0,0000;0;0;0;0
20260613_1458;Generalização_1000;classification;LeveragingBagging;Otimizado_33Features;classifier;classifier;classifier;N/A;N/A;N/A;2000;100;110;12900;0,0000;0,0000;0,0000;0,0000;0,0000;0,0000;0;0;0;0
20260613_1458;Generalização_1000;classification;LeveragingBagging;Otimizado_33Features;classifier;classifier;classifier;N/A;N/A;N/A;2000;100;111;13000;0,0000;0,0000;0,0000;0,0000;0,0000;0,0000;0;0;0;0
20260613_1458;Generalização_1000;classification;LeveragingBagging;Otimizado_33Features;classifier;classifier;classifier;N/A;N/A;N/A;2000;100;112;13100;0,0000;0,0000;0,0000;0,0000;0,0000;0,0000;1;1;0;0
20260613_1458;Generalização_1000;classification;LeveragingBagging;Otimizado_33Features;classifier;classifier;classifier;N/A;N/A;N/A;2000;100;113;13200;0,0000;0,0000;0,0000;0,0000;0,0000;0,0000;0;0;0;0
20260613_1458;Generalização_1000;classification;LeveragingBagging;Otimizado_33Features;classifier;classifier;classifier;N/A;N/A;N/A;2000;100;114;13300;93,6566;0,9495;100,0000;0,0000;88,0851;1,7021;0;0;6;1
20260613_1458;Generalização_1000;classification;LeveragingBagging;Otimizado_33Features;classifier;classifier;classifier;N/A;N/A;N/A;2000;100;115;13400;94,7905;0,6922;100,0000;0,0000;90,1053;1,2632;0;0;10;2
20260613_1458;Generalização_1000;classification;LeveragingBagging;Otimizado_33Features;classifier;classifier;classifier;N/A;N/A;N/A;2000;100;116;13500;95,7513;1,0463;100,0000;0,0000;91,8681;1,9160;0;0;8;2
20260613_1458;Generalização_1000;classification;LeveragingBagging;Otimizado_33Features;classifier;classifier;classifier;N/A;N/A;N/A;2000;100;117;13600;98,6375;0,3053;100,0000;0,0000;97,3134;0,5970;0;0;2;1
20260613_1458;Generalização_1000;classification;LeveragingBagging;Otimizado_33Features;classifier;classifier;classifier;N/A;N/A;N/A;2000;100;118;13700;99,2397;0,4395;100,0000;0,0000;98,4946;0,8602;0;0;2;1
20260613_1458;Generalização_1000;classification;LeveragingBagging;Otimizado_33Features;classifier;classifier;classifier;N/A;N/A;N/A;2000;100;119;13800;100,0000;0,0000;100,0000;0,0000;100,0000;0,0000;0;0;0;0
20260613_1458;Generalização_1000;classification;LeveragingBagging;Otimizado_33Features;classifier;classifier;classifier;N/A;N/A;N/A;2000;100;120;13900;98,4413;0,6630;100,0000;0,0000;96,9388;1,2907;0;0;3;2
20260613_1458;Generalização_1000;classification;LeveragingBagging;Otimizado_33Features;classifier;classifier;classifier;N/A;N/A;N/A;2000;100;121;14000;99,0811;0,3854;100,0000;0,0000;98,1818;0,7559;0;0;2;1
20260613_1458;Generalização_1000;classification;LeveragingBagging;Otimizado_33Features;classifier;classifier;classifier;N/A;N/A;N/A;2000;100;122;14100;99,7970;0,2487;100,0000;0,0000;99,5960;0,4948;0;0;1;1
20260613_1458;Generalização_1000;classification;LeveragingBagging;Otimizado_33Features;classifier;classifier;classifier;N/A;N/A;N/A;2000;100;123;14200;99,5897;0,2051;100,0000;0,0000;99,1837;0,4082;0;0;1;1
20260613_1458;Generalização_1000;classification;LeveragingBagging;Otimizado_33Features;classifier;classifier;classifier;N/A;N/A;N/A;2000;100;124;14300;98,3999;0,7851;96,8618;1,5115;100,0000;0,0000;2;1;0;0
20260613_1458;Generalização_1000;classification;LeveragingBagging;Otimizado_33Features;classifier;classifier;classifier;N/A;N/A;N/A;2000;100;125;14400;0,0000;0,0000;0,0000;0,0000;0,0000;0,0000;1;0;0;0
20260613_1458;Generalização_1000;classification;LeveragingBagging;Otimizado_33Features;classifier;classifier;classifier;N/A;N/A;N/A;2000;100;126;14500;0,0000;0,0000;0,0000;0,0000;0,0000;0,0000;2;1;0;0
20260613_1458;Generalização_1000;classification;LeveragingBagging;Otimizado_33Features;classifier;classifier;classifier;N/A;N/A;N/A;2000;100;127;14600;0,0000;0,0000;0,0000;0,0000;0,0000;0,0000;1;1;0;0
20260613_1458;Generalização_1000;classification;LeveragingBagging;Otimizado_33Features;classifier;classifier;classifier;N/A;N/A;N/A;2000;100;128;14700;0,0000;0,0000;0,0000;0,0000;0,0000;0,0000;1;1;0;0
20260613_1458;Generalização_1000;classification;LeveragingBagging;Otimizado_33Features;classifier;classifier;classifier;N/A;N/A;N/A;2000;100;129;14800;0,0000;0,0000;0,0000;0,0000;0,0000;0,0000;1;1;0;0
20260613_1458;Generalização_1000;classification;LeveragingBagging;Otimizado_33Features;classifier;classifier;classifier;N/A;N/A;N/A;2000;100;130;14900;0,0000;0,0000;0,0000;0,0000;0,0000;0,0000;1;1;0;0
20260613_1458;Generalização_1000;classification;LeveragingBagging;Otimizado_33Features;classifier;classifier;classifier;N/A;N/A;N/A;2000;100;131;15000;0,0000;0,0000;0,0000;0,0000;0,0000;0,0000;1;1;0;0
20260613_1458;Generalização_1000;classification;LeveragingBagging;Otimizado_33Features;classifier;classifier;classifier;N/A;N/A;N/A;2000;100;132;15100;0,0000;0,0000;0,0000;0,0000;0,0000;0,0000;0;0;0;0
20260613_1458;Generalização_1000;classification;LeveragingBagging;Otimizado_33Features;classifier;classifier;classifier;N/A;N/A;N/A;2000;100;133;15200;0,0000;0,0000;0,0000;0,0000;0,0000;0,0000;0;0;0;0
20260613_1458;Generalização_1000;classification;LeveragingBagging;Otimizado_33Features;classifier;classifier;classifier;N/A;N/A;N/A;2000;100;134;15300;0,0000;0,0000;0,0000;0,0000;0,0000;0,0000;0;0;0;0
20260613_1458;Generalização_1000;classification;LeveragingBagging;Otimizado_33Features;classifier;classifier;classifier;N/A;N/A;N/A;2000;100;135;15400;0,0000;0,0000;0,0000;0,0000;0,0000;0,0000;0;0;0;0
20260613_1458;Generalização_1000;classification;LeveragingBagging;Otimizado_33Features;classifier;classifier;classifier;N/A;N/A;N/A;2000;100;136;15500;0,0000;0,0000;0,0000;0,0000;0,0000;0,0000;0;0;0;0
20260613_1458;Generalização_1000;classification;LeveragingBagging;Otimizado_33Features;classifier;classifier;classifier;N/A;N/A;N/A;2000;100;137;15600;0,0000;0,0000;0,0000;0,0000;0,0000;0,0000;0;0;0;0
20260613_1458;Generalização_1000;classification;LeveragingBagging;Otimizado_33Features;classifier;classifier;classifier;N/A;N/A;N/A;2000;100;138;15700;0,0000;0,0000;0,0000;0,0000;0,0000;0,0000;0;0;0;0
20260613_1458;Generalização_1000;classification;LeveragingBagging;Otimizado_33Features;classifier;classifier;classifier;N/A;N/A;N/A;2000;100;139;15800;0,0000;0,0000;0,0000;0,0000;0,0000;0,0000;0;0;0;0
20260613_1458;Generalização_1000;classification;LeveragingBagging;Otimizado_33Features;classifier;classifier;classifier;N/A;N/A;N/A;2000;100;140;15900;0,0000;0,0000;0,0000;0,0000;0,0000;0,0000;0;0;0;0
20260613_1458;Generalização_1000;classification;LeveragingBagging;Otimizado_33Features;classifier;classifier;classifier;N/A;N/A;N/A;2000;100;141;16000;0,0000;0,0000;0,0000;0,0000;0,0000;0,0000;0;0;0;0
20260613_1458;Generalização_1000;classification;LeveragingBagging;Otimizado_33Features;classifier;classifier;classifier;N/A;N/A;N/A;2000;100;142;16100;0,0000;0,0000;0,0000;0,0000;0,0000;0,0000;1;1;0;0
20260613_1458;Generalização_1000;classification;LeveragingBagging;Otimizado_33Features;classifier;classifier;classifier;N/A;N/A;N/A;2000;100;143;16200;0,0000;0,0000;0,0000;0,0000;0,0000;0,0000;0;0;0;0
20260613_1458;Generalização_1000;classification;LeveragingBagging;Otimizado_33Features;classifier;classifier;classifier;N/A;N/A;N/A;2000;100;144;16300;0,0000;0,0000;0,0000;0,0000;0,0000;0,0000;0;0;0;0
20260613_1458;Generalização_1000;classification;LeveragingBagging;Otimizado_33Features;classifier;classifier;classifier;N/A;N/A;N/A;2000;100;145;16400;0,0000;0,0000;0,0000;0,0000;0,0000;0,0000;0;0;0;0
20260613_1458;Generalização_1000;classification;LeveragingBagging;Otimizado_33Features;classifier;classifier;classifier;N/A;N/A;N/A;2000;100;146;16500;0,0000;0,0000;0,0000;0,0000;0,0000;0,0000;0;0;0;0
20260613_1458;Generalização_1000;classification;LeveragingBagging;Otimizado_33Features;classifier;classifier;classifier;N/A;N/A;N/A;2000;100;147;16600;0,0000;0,0000;0,0000;0,0000;0,0000;0,0000;0;0;0;0
20260613_1458;Generalização_1000;classification;LeveragingBagging;Otimizado_33Features;classifier;classifier;classifier;N/A;N/A;N/A;2000;100;148;16700;0,0000;0,0000;0,0000;0,0000;0,0000;0,0000;0;0;0;0
20260613_1458;Generalização_1000;classification;LeveragingBagging;Otimizado_33Features;classifier;classifier;classifier;N/A;N/A;N/A;2000;100;149;16800;0,0000;0,0000;0,0000;0,0000;0,0000;0,0000;0;0;0;0
20260613_1458;Generalização_1000;classification;LeveragingBagging;Otimizado_33Features;classifier;classifier;classifier;N/A;N/A;N/A;2000;100;150;16900;0,0000;0,0000;0,0000;0,0000;0,0000;0,0000;0;0;0;0
20260613_1458;Generalização_1000;classification;LeveragingBagging;Otimizado_33Features;classifier;classifier;classifier;N/A;N/A;N/A;2000;100;151;17000;0,0000;0,0000;0,0000;0,0000;0,0000;0,0000;0;0;0;0
20260613_1458;Generalização_1000;classification;LeveragingBagging;Otimizado_33Features;classifier;classifier;classifier;N/A;N/A;N/A;2000;100;152;17100;0,0000;0,0000;0,0000;0,0000;0,0000;0,0000;0;0;0;0
20260613_1458;Generalização_1000;classification;LeveragingBagging;Otimizado_33Features;classifier;classifier;classifier;N/A;N/A;N/A;2000;100;153;17200;0,0000;0,0000;0,0000;0,0000;0,0000;0,0000;0;0;0;0
20260613_1458;Generalização_1000;classification;LeveragingBagging;Otimizado_33Features;classifier;classifier;classifier;N/A;N/A;N/A;2000;100;154;17300;0,0000;0,0000;0,0000;0,0000;0,0000;0,0000;0;0;0;0
20260613_1458;Generalização_1000;classification;LeveragingBagging;Otimizado_33Features;classifier;classifier;classifier;N/A;N/A;N/A;2000;100;155;17400;0,0000;0,0000;0,0000;0,0000;0,0000;0,0000;0;0;0;0
20260613_1458;Generalização_1000;classification;LeveragingBagging;Otimizado_33Features;classifier;classifier;classifier;N/A;N/A;N/A;2000;100;156;17500;0,0000;0,0000;0,0000;0,0000;0,0000;0,0000;0;0;0;0
20260613_1458;Generalização_1000;classification;LeveragingBagging;Otimizado_33Features;classifier;classifier;classifier;N/A;N/A;N/A;2000;100;157;17600;0,0000;0,0000;0,0000;0,0000;0,0000;0,0000;0;0;0;0
20260613_1458;Generalização_1000;classification;LeveragingBagging;Otimizado_33Features;classifier;classifier;classifier;N/A;N/A;N/A;2000;100;158;17700;0,0000;0,0000;0,0000;0,0000;0,0000;0,0000;0;0;0;0
20260613_1458;Generalização_1000;classification;LeveragingBagging;Otimizado_33Features;classifier;classifier;classifier;N/A;N/A;N/A;2000;100;159;17800;0,0000;0,0000;0,0000;0,0000;0,0000;0,0000;0;0;0;0
20260613_1458;Generalização_1000;classification;LeveragingBagging;Otimizado_33Features;classifier;classifier;classifier;N/A;N/A;N/A;2000;100;160;17900;0,0000;0,0000;0,0000;0,0000;0,0000;0,0000;0;0;0;0
20260614_0117;Consistência_25;classification;LeveragingBagging;Otimizado_33Features;classifier;classifier;classifier;N/A;N/A;N/A;2000;100;1;2000;0,0000;0,0000;0,0000;0,0000;0,0000;0,0000;0;0;0;0
20260614_0117;Consistência_25;classification;LeveragingBagging;Otimizado_33Features;classifier;classifier;classifier;N/A;N/A;N/A;2000;100;2;2100;0,0000;0,0000;0,0000;0,0000;0,0000;0,0000;0;0;0;0
20260614_0117;Consistência_25;classification;LeveragingBagging;Otimizado_33Features;classifier;classifier;classifier;N/A;N/A;N/A;2000;100;3;2200;0,0000;0,0000;0,0000;0,0000;0,0000;0,0000;0;0;0;0
20260614_0117;Consistência_25;classification;LeveragingBagging;Otimizado_33Features;classifier;classifier;classifier;N/A;N/A;N/A;2000;100;4;2300;0,0000;0,0000;0,0000;0,0000;0,0000;0,0000;0;0;0;0
20260614_0117;Consistência_25;classification;LeveragingBagging;Otimizado_33Features;classifier;classifier;classifier;N/A;N/A;N/A;2000;100;5;2400;0,0000;0,0000;0,0000;0,0000;0,0000;0,0000;0;0;0;0
20260614_0117;Consistência_25;classification;LeveragingBagging;Otimizado_33Features;classifier;classifier;classifier;N/A;N/A;N/A;2000;100;6;2500;0,0000;0,0000;0,0000;0,0000;0,0000;0,0000;0;0;0;0
20260614_0117;Consistência_25;classification;LeveragingBagging;Otimizado_33Features;classifier;classifier;classifier;N/A;N/A;N/A;2000;100;7;2600;0,0000;0,0000;0,0000;0,0000;0,0000;0,0000;0;0;0;0
20260614_0117;Consistência_25;classification;LeveragingBagging;Otimizado_33Features;classifier;classifier;classifier;N/A;N/A;N/A;2000;100;8;2700;0,0000;0,0000;0,0000;0,0000;0,0000;0,0000;0;0;0;0
20260614_0117;Consistência_25;classification;LeveragingBagging;Otimizado_33Features;classifier;classifier;classifier;N/A;N/A;N/A;2000;100;9;2800;0,0000;0,0000;0,0000;0,0000;0,0000;0,0000;0;0;0;0
20260614_0117;Consistência_25;classification;LeveragingBagging;Otimizado_33Features;classifier;classifier;classifier;N/A;N/A;N/A;2000;100;10;2900;0,0000;0,0000;0,0000;0,0000;0,0000;0,0000;0;0;0;0
20260614_0117;Consistência_25;classification;LeveragingBagging;Otimizado_33Features;classifier;classifier;classifier;N/A;N/A;N/A;2000;100;11;3000;0,0000;0,0000;0,0000;0,0000;0,0000;0,0000;0;0;0;0
20260614_0117;Consistência_25;classification;LeveragingBagging;Otimizado_33Features;classifier;classifier;classifier;N/A;N/A;N/A;2000;100;12;3100;0,0000;0,0000;0,0000;0,0000;0,0000;0,0000;0;0;0;0
20260614_0117;Consistência_25;classification;LeveragingBagging;Otimizado_33Features;classifier;classifier;classifier;N/A;N/A;N/A;2000;100;13;3200;0,0000;0,0000;0,0000;0,0000;0,0000;0,0000;0;0;0;0
20260614_0117;Consistência_25;classification;LeveragingBagging;Otimizado_33Features;classifier;classifier;classifier;N/A;N/A;N/A;2000;100;14;3300;0,0000;0,0000;0,0000;0,0000;0,0000;0,0000;0;0;0;0
20260614_0117;Consistência_25;classification;LeveragingBagging;Otimizado_33Features;classifier;classifier;classifier;N/A;N/A;N/A;2000;100;15;3400;0,0000;0,0000;0,0000;0,0000;0,0000;0,0000;0;0;0;0
20260614_0117;Consistência_25;classification;LeveragingBagging;Otimizado_33Features;classifier;classifier;classifier;N/A;N/A;N/A;2000;100;16;3500;0,0000;0,0000;0,0000;0,0000;0,0000;0,0000;0;0;0;0
20260614_0117;Consistência_25;classification;LeveragingBagging;Otimizado_33Features;classifier;classifier;classifier;N/A;N/A;N/A;2000;100;17;3600;0,0000;0,0000;0,0000;0,0000;0,0000;0,0000;0;0;0;0
20260614_0117;Consistência_25;classification;LeveragingBagging;Otimizado_33Features;classifier;classifier;classifier;N/A;N/A;N/A;2000;100;18;3700;0,0000;0,0000;0,0000;0,0000;0,0000;0,0000;0;0;0;0
20260614_0117;Consistência_25;classification;LeveragingBagging;Otimizado_33Features;classifier;classifier;classifier;N/A;N/A;N/A;2000;100;19;3800;91,3043;0,0000;100,0000;0,0000;84,0000;0,0000;0;0;4;0
20260614_0117;Consistência_25;classification;LeveragingBagging;Otimizado_33Features;classifier;classifier;classifier;N/A;N/A;N/A;2000;100;20;3900;0,0000;0,0000;0,0000;0,0000;0,0000;0,0000;2;1;0;0
20260614_0117;Consistência_25;classification;LeveragingBagging;Otimizado_33Features;classifier;classifier;classifier;N/A;N/A;N/A;2000;100;21;4000;0,0000;0,0000;0,0000;0,0000;0,0000;0,0000;0;0;0;0
20260614_0117;Consistência_25;classification;LeveragingBagging;Otimizado_33Features;classifier;classifier;classifier;N/A;N/A;N/A;2000;100;22;4100;0,0000;0,0000;0,0000;0,0000;0,0000;0,0000;0;0;0;0
20260614_0117;Consistência_25;classification;LeveragingBagging;Otimizado_33Features;classifier;classifier;classifier;N/A;N/A;N/A;2000;100;23;4200;0,0000;0,0000;0,0000;0,0000;0,0000;0,0000;0;0;0;0
20260614_0117;Consistência_25;classification;LeveragingBagging;Otimizado_33Features;classifier;classifier;classifier;N/A;N/A;N/A;2000;100;24;4300;0,0000;0,0000;0,0000;0,0000;0,0000;0,0000;0;0;0;0
20260614_0117;Consistência_25;classification;LeveragingBagging;Otimizado_33Features;classifier;classifier;classifier;N/A;N/A;N/A;2000;100;25;4400;0,0000;0,0000;0,0000;0,0000;0,0000;0,0000;0;0;0;0
20260614_0117;Consistência_25;classification;LeveragingBagging;Otimizado_33Features;classifier;classifier;classifier;N/A;N/A;N/A;2000;100;26;4500;0,0000;0,0000;0,0000;0,0000;0,0000;0,0000;0;0;0;0
20260614_0117;Consistência_25;classification;LeveragingBagging;Otimizado_33Features;classifier;classifier;classifier;N/A;N/A;N/A;2000;100;27;4600;0,0000;0,0000;0,0000;0,0000;0,0000;0,0000;0;0;0;0
20260614_0117;Consistência_25;classification;LeveragingBagging;Otimizado_33Features;classifier;classifier;classifier;N/A;N/A;N/A;2000;100;28;4700;0,0000;0,0000;0,0000;0,0000;0,0000;0,0000;0;0;0;0
20260614_0117;Consistência_25;classification;LeveragingBagging;Otimizado_33Features;classifier;classifier;classifier;N/A;N/A;N/A;2000;100;29;4800;0,0000;0,0000;0,0000;0,0000;0,0000;0,0000;0;0;0;0
20260614_0117;Consistência_25;classification;LeveragingBagging;Otimizado_33Features;classifier;classifier;classifier;N/A;N/A;N/A;2000;100;30;4900;0,0000;0,0000;0,0000;0,0000;0,0000;0,0000;0;0;0;0
20260614_0117;Consistência_25;classification;LeveragingBagging;Otimizado_33Features;classifier;classifier;classifier;N/A;N/A;N/A;2000;100;31;5000;0,0000;0,0000;0,0000;0,0000;0,0000;0,0000;0;0;0;0
20260614_0117;Consistência_25;classification;LeveragingBagging;Otimizado_33Features;classifier;classifier;classifier;N/A;N/A;N/A;2000;100;32;5100;0,0000;0,0000;0,0000;0,0000;0,0000;0,0000;0;0;0;0
20260614_0117;Consistência_25;classification;LeveragingBagging;Otimizado_33Features;classifier;classifier;classifier;N/A;N/A;N/A;2000;100;33;5200;0,0000;0,0000;0,0000;0,0000;0,0000;0,0000;0;0;0;0
20260614_0117;Consistência_25;classification;LeveragingBagging;Otimizado_33Features;classifier;classifier;classifier;N/A;N/A;N/A;2000;100;34;5300;0,0000;0,0000;0,0000;0,0000;0,0000;0,0000;0;0;0;0
20260614_0117;Consistência_25;classification;LeveragingBagging;Otimizado_33Features;classifier;classifier;classifier;N/A;N/A;N/A;2000;100;35;5400;0,0000;0,0000;0,0000;0,0000;0,0000;0,0000;0;0;0;0
20260614_0117;Consistência_25;classification;LeveragingBagging;Otimizado_33Features;classifier;classifier;classifier;N/A;N/A;N/A;2000;100;36;5500;0,0000;0,0000;0,0000;0,0000;0,0000;0,0000;0;0;0;0
20260614_0117;Consistência_25;classification;LeveragingBagging;Otimizado_33Features;classifier;classifier;classifier;N/A;N/A;N/A;2000;100;37;5600;0,0000;0,0000;0,0000;0,0000;0,0000;0,0000;0;0;0;0
20260614_0117;Consistência_25;classification;LeveragingBagging;Otimizado_33Features;classifier;classifier;classifier;N/A;N/A;N/A;2000;100;38;5700;0,0000;0,0000;0,0000;0,0000;0,0000;0,0000;0;0;0;0
20260614_0117;Consistência_25;classification;LeveragingBagging;Otimizado_33Features;classifier;classifier;classifier;N/A;N/A;N/A;2000;100;39;5800;0,0000;0,0000;0,0000;0,0000;0,0000;0,0000;0;0;0;0
20260614_0117;Consistência_25;classification;LeveragingBagging;Otimizado_33Features;classifier;classifier;classifier;N/A;N/A;N/A;2000;100;40;5900;0,0000;0,0000;0,0000;0,0000;0,0000;0,0000;0;0;0;0
20260614_0117;Consistência_25;classification;LeveragingBagging;Otimizado_33Features;classifier;classifier;classifier;N/A;N/A;N/A;2000;100;41;6000;0,0000;0,0000;0,0000;0,0000;0,0000;0,0000;0;0;0;0
20260614_0117;Consistência_25;classification;LeveragingBagging;Otimizado_33Features;classifier;classifier;classifier;N/A;N/A;N/A;2000;100;42;6100;0,0000;0,0000;0,0000;0,0000;0,0000;0,0000;0;0;0;0
20260614_0117;Consistência_25;classification;LeveragingBagging;Otimizado_33Features;classifier;classifier;classifier;N/A;N/A;N/A;2000;100;43;6200;0,0000;0,0000;0,0000;0,0000;0,0000;0,0000;0;0;0;0
20260614_0117;Consistência_25;classification;LeveragingBagging;Otimizado_33Features;classifier;classifier;classifier;N/A;N/A;N/A;2000;100;44;6300;0,0000;0,0000;0,0000;0,0000;0,0000;0,0000;0;0;0;0
20260614_0117;Consistência_25;classification;LeveragingBagging;Otimizado_33Features;classifier;classifier;classifier;N/A;N/A;N/A;2000;100;45;6400;0,0000;0,0000;0,0000;0,0000;0,0000;0,0000;0;0;0;0
20260614_0117;Consistência_25;classification;LeveragingBagging;Otimizado_33Features;classifier;classifier;classifier;N/A;N/A;N/A;2000;100;46;6500;0,0000;0,0000;0,0000;0,0000;0,0000;0,0000;0;0;0;0
20260614_0117;Consistência_25;classification;LeveragingBagging;Otimizado_33Features;classifier;classifier;classifier;N/A;N/A;N/A;2000;100;47;6600;0,0000;0,0000;0,0000;0,0000;0,0000;0,0000;0;0;0;0
20260614_0117;Consistência_25;classification;LeveragingBagging;Otimizado_33Features;classifier;classifier;classifier;N/A;N/A;N/A;2000;100;48;6700;0,0000;0,0000;0,0000;0,0000;0,0000;0,0000;0;0;0;0
20260614_0117;Consistência_25;classification;LeveragingBagging;Otimizado_33Features;classifier;classifier;classifier;N/A;N/A;N/A;2000;100;49;6800;0,0000;0,0000;0,0000;0,0000;0,0000;0,0000;0;0;0;0
20260614_0117;Consistência_25;classification;LeveragingBagging;Otimizado_33Features;classifier;classifier;classifier;N/A;N/A;N/A;2000;100;50;6900;0,0000;0,0000;0,0000;0,0000;0,0000;0,0000;0;0;0;0
20260614_0117;Consistência_25;classification;LeveragingBagging;Otimizado_33Features;classifier;classifier;classifier;N/A;N/A;N/A;2000;100;51;7000;0,0000;0,0000;0,0000;0,0000;0,0000;0,0000;0;0;0;0
20260614_0117;Consistência_25;classification;LeveragingBagging;Otimizado_33Features;classifier;classifier;classifier;N/A;N/A;N/A;2000;100;52;7100;0,0000;0,0000;0,0000;0,0000;0,0000;0,0000;0;0;0;0
20260614_0117;Consistência_25;classification;LeveragingBagging;Otimizado_33Features;classifier;classifier;classifier;N/A;N/A;N/A;2000;100;53;7200;0,0000;0,0000;0,0000;0,0000;0,0000;0,0000;0;0;0;0
20260614_0117;Consistência_25;classification;LeveragingBagging;Otimizado_33Features;classifier;classifier;classifier;N/A;N/A;N/A;2000;100;54;7300;0,0000;0,0000;0,0000;0,0000;0,0000;0,0000;0;0;0;0
20260614_0117;Consistência_25;classification;LeveragingBagging;Otimizado_33Features;classifier;classifier;classifier;N/A;N/A;N/A;2000;100;55;7400;0,0000;0,0000;0,0000;0,0000;0,0000;0,0000;0;0;0;0
20260614_0117;Consistência_25;classification;LeveragingBagging;Otimizado_33Features;classifier;classifier;classifier;N/A;N/A;N/A;2000;100;56;7500;0,0000;0,0000;0,0000;0,0000;0,0000;0,0000;0;0;0;0
20260614_0117;Consistência_25;classification;LeveragingBagging;Otimizado_33Features;classifier;classifier;classifier;N/A;N/A;N/A;2000;100;57;7600;97,7778;0,0000;100,0000;0,0000;95,6522;0,0000;0;0;1;0
20260614_0117;Consistência_25;classification;LeveragingBagging;Otimizado_33Features;classifier;classifier;classifier;N/A;N/A;N/A;2000;100;58;7700;0,0000;0,0000;0,0000;0,0000;0,0000;0,0000;0;0;0;0
20260614_0117;Consistência_25;classification;LeveragingBagging;Otimizado_33Features;classifier;classifier;classifier;N/A;N/A;N/A;2000;100;59;7800;0,0000;0,0000;0,0000;0,0000;0,0000;0,0000;0;0;0;0
20260614_0117;Consistência_25;classification;LeveragingBagging;Otimizado_33Features;classifier;classifier;classifier;N/A;N/A;N/A;2000;100;60;7900;0,0000;0,0000;0,0000;0,0000;0,0000;0,0000;0;0;0;0
20260614_0117;Consistência_25;classification;LeveragingBagging;Otimizado_33Features;classifier;classifier;classifier;N/A;N/A;N/A;2000;100;61;8000;0,0000;0,0000;0,0000;0,0000;0,0000;0,0000;0;0;0;0
20260614_0117;Consistência_25;classification;LeveragingBagging;Otimizado_33Features;classifier;classifier;classifier;N/A;N/A;N/A;2000;100;62;8100;0,0000;0,0000;0,0000;0,0000;0,0000;0,0000;0;0;0;0
20260614_0117;Consistência_25;classification;LeveragingBagging;Otimizado_33Features;classifier;classifier;classifier;N/A;N/A;N/A;2000;100;63;8200;0,0000;0,0000;0,0000;0,0000;0,0000;0,0000;0;0;0;0
20260614_0117;Consistência_25;classification;LeveragingBagging;Otimizado_33Features;classifier;classifier;classifier;N/A;N/A;N/A;2000;100;64;8300;0,0000;0,0000;0,0000;0,0000;0,0000;0,0000;0;0;0;0
20260614_0117;Consistência_25;classification;LeveragingBagging;Otimizado_33Features;classifier;classifier;classifier;N/A;N/A;N/A;2000;100;65;8400;0,0000;0,0000;0,0000;0,0000;0,0000;0,0000;0;0;0;0
20260614_0117;Consistência_25;classification;LeveragingBagging;Otimizado_33Features;classifier;classifier;classifier;N/A;N/A;N/A;2000;100;66;8500;0,0000;0,0000;0,0000;0,0000;0,0000;0,0000;0;0;0;0
20260614_0117;Consistência_25;classification;LeveragingBagging;Otimizado_33Features;classifier;classifier;classifier;N/A;N/A;N/A;2000;100;67;8600;0,0000;0,0000;0,0000;0,0000;0,0000;0,0000;0;0;0;0
20260614_0117;Consistência_25;classification;LeveragingBagging;Otimizado_33Features;classifier;classifier;classifier;N/A;N/A;N/A;2000;100;68;8700;0,0000;0,0000;0,0000;0,0000;0,0000;0,0000;0;0;0;0
20260614_0117;Consistência_25;classification;LeveragingBagging;Otimizado_33Features;classifier;classifier;classifier;N/A;N/A;N/A;2000;100;69;8800;0,0000;0,0000;0,0000;0,0000;0,0000;0,0000;0;0;0;0
20260614_0117;Consistência_25;classification;LeveragingBagging;Otimizado_33Features;classifier;classifier;classifier;N/A;N/A;N/A;2000;100;70;8900;0,0000;0,0000;0,0000;0,0000;0,0000;0,0000;0;0;0;0
20260614_0117;Consistência_25;classification;LeveragingBagging;Otimizado_33Features;classifier;classifier;classifier;N/A;N/A;N/A;2000;100;71;9000;0,0000;0,0000;0,0000;0,0000;0,0000;0,0000;0;0;0;0
20260614_0117;Consistência_25;classification;LeveragingBagging;Otimizado_33Features;classifier;classifier;classifier;N/A;N/A;N/A;2000;100;72;9100;0,0000;0,0000;0,0000;0,0000;0,0000;0,0000;0;0;0;0
20260614_0117;Consistência_25;classification;LeveragingBagging;Otimizado_33Features;classifier;classifier;classifier;N/A;N/A;N/A;2000;100;73;9200;0,0000;0,0000;0,0000;0,0000;0,0000;0,0000;0;0;0;0
20260614_0117;Consistência_25;classification;LeveragingBagging;Otimizado_33Features;classifier;classifier;classifier;N/A;N/A;N/A;2000;100;74;9300;0,0000;0,0000;0,0000;0,0000;0,0000;0,0000;0;0;0;0
20260614_0117;Consistência_25;classification;LeveragingBagging;Otimizado_33Features;classifier;classifier;classifier;N/A;N/A;N/A;2000;100;75;9400;0,0000;0,0000;0,0000;0,0000;0,0000;0,0000;0;0;0;0
20260614_0117;Consistência_25;classification;LeveragingBagging;Otimizado_33Features;classifier;classifier;classifier;N/A;N/A;N/A;2000;100;76;9500;0,0000;0,0000;0,0000;0,0000;0,0000;0,0000;0;0;0;0
20260614_0117;Consistência_25;classification;LeveragingBagging;Otimizado_33Features;classifier;classifier;classifier;N/A;N/A;N/A;2000;100;77;9600;0,0000;0,0000;0,0000;0,0000;0,0000;0,0000;0;0;0;0
20260614_0117;Consistência_25;classification;LeveragingBagging;Otimizado_33Features;classifier;classifier;classifier;N/A;N/A;N/A;2000;100;78;9700;0,0000;0,0000;0,0000;0,0000;0,0000;0,0000;0;0;0;0
20260614_0117;Consistência_25;classification;LeveragingBagging;Otimizado_33Features;classifier;classifier;classifier;N/A;N/A;N/A;2000;100;79;9800;0,0000;0,0000;0,0000;0,0000;0,0000;0,0000;0;0;0;0
20260614_0117;Consistência_25;classification;LeveragingBagging;Otimizado_33Features;classifier;classifier;classifier;N/A;N/A;N/A;2000;100;80;9900;0,0000;0,0000;0,0000;0,0000;0,0000;0,0000;0;0;0;0
20260614_0117;Consistência_25;classification;LeveragingBagging;Otimizado_33Features;classifier;classifier;classifier;N/A;N/A;N/A;2000;100;81;10000;0,0000;0,0000;0,0000;0,0000;0,0000;0,0000;0;0;0;0
20260614_0117;Consistência_25;classification;LeveragingBagging;Otimizado_33Features;classifier;classifier;classifier;N/A;N/A;N/A;2000;100;82;10100;0,0000;0,0000;0,0000;0,0000;0,0000;0,0000;0;0;0;0
20260614_0117;Consistência_25;classification;LeveragingBagging;Otimizado_33Features;classifier;classifier;classifier;N/A;N/A;N/A;2000;100;83;10200;0,0000;0,0000;0,0000;0,0000;0,0000;0,0000;0;0;0;0
20260614_0117;Consistência_25;classification;LeveragingBagging;Otimizado_33Features;classifier;classifier;classifier;N/A;N/A;N/A;2000;100;84;10300;0,0000;0,0000;0,0000;0,0000;0,0000;0,0000;0;0;0;0
20260614_0117;Consistência_25;classification;LeveragingBagging;Otimizado_33Features;classifier;classifier;classifier;N/A;N/A;N/A;2000;100;85;10400;0,0000;0,0000;0,0000;0,0000;0,0000;0,0000;0;0;0;0
20260614_0117;Consistência_25;classification;LeveragingBagging;Otimizado_33Features;classifier;classifier;classifier;N/A;N/A;N/A;2000;100;86;10500;0,0000;0,0000;0,0000;0,0000;0,0000;0,0000;0;0;0;0
20260614_0117;Consistência_25;classification;LeveragingBagging;Otimizado_33Features;classifier;classifier;classifier;N/A;N/A;N/A;2000;100;87;10600;0,0000;0,0000;0,0000;0,0000;0,0000;0,0000;0;0;0;0
20260614_0117;Consistência_25;classification;LeveragingBagging;Otimizado_33Features;classifier;classifier;classifier;N/A;N/A;N/A;2000;100;88;10700;0,0000;0,0000;0,0000;0,0000;0,0000;0,0000;0;0;0;0
20260614_0117;Consistência_25;classification;LeveragingBagging;Otimizado_33Features;classifier;classifier;classifier;N/A;N/A;N/A;2000;100;89;10800;0,0000;0,0000;0,0000;0,0000;0,0000;0,0000;0;0;0;0
20260614_0117;Consistência_25;classification;LeveragingBagging;Otimizado_33Features;classifier;classifier;classifier;N/A;N/A;N/A;2000;100;90;10900;0,0000;0,0000;0,0000;0,0000;0,0000;0,0000;0;0;0;0
20260614_0117;Consistência_25;classification;LeveragingBagging;Otimizado_33Features;classifier;classifier;classifier;N/A;N/A;N/A;2000;100;91;11000;0,0000;0,0000;0,0000;0,0000;0,0000;0,0000;0;0;0;0
20260614_0117;Consistência_25;classification;LeveragingBagging;Otimizado_33Features;classifier;classifier;classifier;N/A;N/A;N/A;2000;100;92;11100;0,0000;0,0000;0,0000;0,0000;0,0000;0,0000;0;0;0;0
20260614_0117;Consistência_25;classification;LeveragingBagging;Otimizado_33Features;classifier;classifier;classifier;N/A;N/A;N/A;2000;100;93;11200;0,0000;0,0000;0,0000;0,0000;0,0000;0,0000;0;0;0;0
20260614_0117;Consistência_25;classification;LeveragingBagging;Otimizado_33Features;classifier;classifier;classifier;N/A;N/A;N/A;2000;100;94;11300;100,0000;0,0000;100,0000;0,0000;100,0000;0,0000;0;0;0;0
20260614_0117;Consistência_25;classification;LeveragingBagging;Otimizado_33Features;classifier;classifier;classifier;N/A;N/A;N/A;2000;100;95;11400;94,9251;2,3292;100,0000;0,0000;90,4348;4,2600;0;0;3;1
20260614_0117;Consistência_25;classification;LeveragingBagging;Otimizado_33Features;classifier;classifier;classifier;N/A;N/A;N/A;2000;100;96;11500;0,0000;0,0000;0,0000;0,0000;0,0000;0,0000;0;0;0;0
20260614_0117;Consistência_25;classification;LeveragingBagging;Otimizado_33Features;classifier;classifier;classifier;N/A;N/A;N/A;2000;100;97;11600;0,0000;0,0000;0,0000;0,0000;0,0000;0,0000;0;0;0;0
20260614_0117;Consistência_25;classification;LeveragingBagging;Otimizado_33Features;classifier;classifier;classifier;N/A;N/A;N/A;2000;100;98;11700;0,0000;0,0000;0,0000;0,0000;0,0000;0,0000;0;0;0;0
20260614_0117;Consistência_25;classification;LeveragingBagging;Otimizado_33Features;classifier;classifier;classifier;N/A;N/A;N/A;2000;100;99;11800;0,0000;0,0000;0,0000;0,0000;0,0000;0,0000;0;0;0;0
20260614_0117;Consistência_25;classification;LeveragingBagging;Otimizado_33Features;classifier;classifier;classifier;N/A;N/A;N/A;2000;100;100;11900;0,0000;0,0000;0,0000;0,0000;0,0000;0,0000;0;0;0;0
20260614_0117;Consistência_25;classification;LeveragingBagging;Otimizado_33Features;classifier;classifier;classifier;N/A;N/A;N/A;2000;100;101;12000;0,0000;0,0000;0,0000;0,0000;0,0000;0,0000;0;0;0;0
20260614_0117;Consistência_25;classification;LeveragingBagging;Otimizado_33Features;classifier;classifier;classifier;N/A;N/A;N/A;2000;100;102;12100;0,0000;0,0000;0,0000;0,0000;0,0000;0,0000;0;0;0;0
20260614_0117;Consistência_25;classification;LeveragingBagging;Otimizado_33Features;classifier;classifier;classifier;N/A;N/A;N/A;2000;100;103;12200;0,0000;0,0000;0,0000;0,0000;0,0000;0,0000;0;0;0;0
20260614_0117;Consistência_25;classification;LeveragingBagging;Otimizado_33Features;classifier;classifier;classifier;N/A;N/A;N/A;2000;100;104;12300;0,0000;0,0000;0,0000;0,0000;0,0000;0,0000;0;0;0;0
20260614_0117;Consistência_25;classification;LeveragingBagging;Otimizado_33Features;classifier;classifier;classifier;N/A;N/A;N/A;2000;100;105;12400;0,0000;0,0000;0,0000;0,0000;0,0000;0,0000;0;0;0;0
20260614_0117;Consistência_25;classification;LeveragingBagging;Otimizado_33Features;classifier;classifier;classifier;N/A;N/A;N/A;2000;100;106;12500;0,0000;0,0000;0,0000;0,0000;0,0000;0,0000;0;0;0;0
20260614_0117;Consistência_25;classification;LeveragingBagging;Otimizado_33Features;classifier;classifier;classifier;N/A;N/A;N/A;2000;100;107;12600;0,0000;0,0000;0,0000;0,0000;0,0000;0,0000;0;0;0;0
20260614_0117;Consistência_25;classification;LeveragingBagging;Otimizado_33Features;classifier;classifier;classifier;N/A;N/A;N/A;2000;100;108;12700;0,0000;0,0000;0,0000;0,0000;0,0000;0,0000;0;0;0;0
20260614_0117;Consistência_25;classification;LeveragingBagging;Otimizado_33Features;classifier;classifier;classifier;N/A;N/A;N/A;2000;100;109;12800;0,0000;0,0000;0,0000;0,0000;0,0000;0,0000;0;0;0;0
20260614_0117;Consistência_25;classification;LeveragingBagging;Otimizado_33Features;classifier;classifier;classifier;N/A;N/A;N/A;2000;100;110;12900;0,0000;0,0000;0,0000;0,0000;0,0000;0,0000;0;0;0;0
20260614_0117;Consistência_25;classification;LeveragingBagging;Otimizado_33Features;classifier;classifier;classifier;N/A;N/A;N/A;2000;100;111;13000;0,0000;0,0000;0,0000;0,0000;0,0000;0,0000;0;0;0;0
20260614_0117;Consistência_25;classification;LeveragingBagging;Otimizado_33Features;classifier;classifier;classifier;N/A;N/A;N/A;2000;100;112;13100;0,0000;0,0000;0,0000;0,0000;0,0000;0,0000;0;0;0;0
20260614_0117;Consistência_25;classification;LeveragingBagging;Otimizado_33Features;classifier;classifier;classifier;N/A;N/A;N/A;2000;100;113;13200;0,0000;0,0000;0,0000;0,0000;0,0000;0,0000;0;0;0;0
20260614_0117;Consistência_25;classification;LeveragingBagging;Otimizado_33Features;classifier;classifier;classifier;N/A;N/A;N/A;2000;100;114;13300;0,0000;0,0000;0,0000;0,0000;0,0000;0,0000;0;0;0;0
20260614_0117;Consistência_25;classification;LeveragingBagging;Otimizado_33Features;classifier;classifier;classifier;N/A;N/A;N/A;2000;100;115;13400;0,0000;0,0000;0,0000;0,0000;0,0000;0,0000;0;0;0;0
20260614_0117;Consistência_25;classification;LeveragingBagging;Otimizado_33Features;classifier;classifier;classifier;N/A;N/A;N/A;2000;100;116;13500;0,0000;0,0000;0,0000;0,0000;0,0000;0,0000;0;0;0;0
20260614_0117;Consistência_25;classification;LeveragingBagging;Otimizado_33Features;classifier;classifier;classifier;N/A;N/A;N/A;2000;100;117;13600;0,0000;0,0000;0,0000;0,0000;0,0000;0,0000;0;0;0;0
20260614_0117;Consistência_25;classification;LeveragingBagging;Otimizado_33Features;classifier;classifier;classifier;N/A;N/A;N/A;2000;100;118;13700;0,0000;0,0000;0,0000;0,0000;0,0000;0,0000;0;0;0;0
20260614_0117;Consistência_25;classification;LeveragingBagging;Otimizado_33Features;classifier;classifier;classifier;N/A;N/A;N/A;2000;100;119;13800;0,0000;0,0000;0,0000;0,0000;0,0000;0,0000;0;0;0;0
20260614_0117;Consistência_25;classification;LeveragingBagging;Otimizado_33Features;classifier;classifier;classifier;N/A;N/A;N/A;2000;100;120;13900;0,0000;0,0000;0,0000;0,0000;0,0000;0,0000;0;0;0;0
20260614_0117;Consistência_25;classification;LeveragingBagging;Otimizado_33Features;classifier;classifier;classifier;N/A;N/A;N/A;2000;100;121;14000;0,0000;0,0000;0,0000;0,0000;0,0000;0,0000;0;0;0;0
20260614_0117;Consistência_25;classification;LeveragingBagging;Otimizado_33Features;classifier;classifier;classifier;N/A;N/A;N/A;2000;100;122;14100;0,0000;0,0000;0,0000;0,0000;0,0000;0,0000;0;0;0;0
20260614_0117;Consistência_25;classification;LeveragingBagging;Otimizado_33Features;classifier;classifier;classifier;N/A;N/A;N/A;2000;100;123;14200;0,0000;0,0000;0,0000;0,0000;0,0000;0,0000;0;0;0;0
20260614_0117;Consistência_25;classification;LeveragingBagging;Otimizado_33Features;classifier;classifier;classifier;N/A;N/A;N/A;2000;100;124;14300;0,0000;0,0000;0,0000;0,0000;0,0000;0,0000;0;0;0;0
20260614_0117;Consistência_25;classification;LeveragingBagging;Otimizado_33Features;classifier;classifier;classifier;N/A;N/A;N/A;2000;100;125;14400;0,0000;0,0000;0,0000;0,0000;0,0000;0,0000;0;0;0;0
20260614_0117;Consistência_25;classification;LeveragingBagging;Otimizado_33Features;classifier;classifier;classifier;N/A;N/A;N/A;2000;100;126;14500;0,0000;0,0000;0,0000;0,0000;0,0000;0,0000;0;0;0;0
20260614_0117;Consistência_25;classification;LeveragingBagging;Otimizado_33Features;classifier;classifier;classifier;N/A;N/A;N/A;2000;100;127;14600;0,0000;0,0000;0,0000;0,0000;0,0000;0,0000;0;0;0;0
20260614_0117;Consistência_25;classification;LeveragingBagging;Otimizado_33Features;classifier;classifier;classifier;N/A;N/A;N/A;2000;100;128;14700;0,0000;0,0000;0,0000;0,0000;0,0000;0,0000;0;0;0;0
20260614_0117;Consistência_25;classification;LeveragingBagging;Otimizado_33Features;classifier;classifier;classifier;N/A;N/A;N/A;2000;100;129;14800;0,0000;0,0000;0,0000;0,0000;0,0000;0,0000;0;0;0;0
20260614_0117;Consistência_25;classification;LeveragingBagging;Otimizado_33Features;classifier;classifier;classifier;N/A;N/A;N/A;2000;100;130;14900;0,0000;0,0000;0,0000;0,0000;0,0000;0,0000;0;0;0;0
20260614_0117;Consistência_25;classification;LeveragingBagging;Otimizado_33Features;classifier;classifier;classifier;N/A;N/A;N/A;2000;100;131;15000;0,0000;0,0000;0,0000;0,0000;0,0000;0,0000;0;0;0;0
20260614_0117;Consistência_200;classification;LeveragingBagging;Otimizado_33Features;classifier;classifier;classifier;N/A;N/A;N/A;2000;100;1;2000;0,0000;0,0000;0,0000;0,0000;0,0000;0,0000;0;0;0;0
20260614_0117;Consistência_200;classification;LeveragingBagging;Otimizado_33Features;classifier;classifier;classifier;N/A;N/A;N/A;2000;100;2;2100;0,0000;0,0000;0,0000;0,0000;0,0000;0,0000;0;0;0;0
20260614_0117;Consistência_200;classification;LeveragingBagging;Otimizado_33Features;classifier;classifier;classifier;N/A;N/A;N/A;2000;100;3;2200;0,0000;0,0000;0,0000;0,0000;0,0000;0,0000;0;0;0;0
20260614_0117;Consistência_200;classification;LeveragingBagging;Otimizado_33Features;classifier;classifier;classifier;N/A;N/A;N/A;2000;100;4;2300;0,0000;0,0000;0,0000;0,0000;0,0000;0,0000;0;0;0;0
20260614_0117;Consistência_200;classification;LeveragingBagging;Otimizado_33Features;classifier;classifier;classifier;N/A;N/A;N/A;2000;100;5;2400;0,0000;0,0000;0,0000;0,0000;0,0000;0,0000;0;0;0;0
20260614_0117;Consistência_200;classification;LeveragingBagging;Otimizado_33Features;classifier;classifier;classifier;N/A;N/A;N/A;2000;100;6;2500;0,0000;0,0000;0,0000;0,0000;0,0000;0,0000;0;0;0;0
20260614_0117;Consistência_200;classification;LeveragingBagging;Otimizado_33Features;classifier;classifier;classifier;N/A;N/A;N/A;2000;100;7;2600;0,0000;0,0000;0,0000;0,0000;0,0000;0,0000;0;0;0;0
20260614_0117;Consistência_200;classification;LeveragingBagging;Otimizado_33Features;classifier;classifier;classifier;N/A;N/A;N/A;2000;100;8;2700;0,0000;0,0000;0,0000;0,0000;0,0000;0,0000;0;0;0;0
20260614_0117;Consistência_200;classification;LeveragingBagging;Otimizado_33Features;classifier;classifier;classifier;N/A;N/A;N/A;2000;100;9;2800;0,0000;0,0000;0,0000;0,0000;0,0000;0,0000;0;0;0;0
20260614_0117;Consistência_200;classification;LeveragingBagging;Otimizado_33Features;classifier;classifier;classifier;N/A;N/A;N/A;2000;100;10;2900;0,0000;0,0000;0,0000;0,0000;0,0000;0,0000;0;0;0;0
20260614_0117;Consistência_200;classification;LeveragingBagging;Otimizado_33Features;classifier;classifier;classifier;N/A;N/A;N/A;2000;100;11;3000;0,0000;0,0000;0,0000;0,0000;0,0000;0,0000;0;0;0;0
20260614_0117;Consistência_200;classification;LeveragingBagging;Otimizado_33Features;classifier;classifier;classifier;N/A;N/A;N/A;2000;100;12;3100;0,0000;0,0000;0,0000;0,0000;0,0000;0,0000;0;0;0;0
20260614_0117;Consistência_200;classification;LeveragingBagging;Otimizado_33Features;classifier;classifier;classifier;N/A;N/A;N/A;2000;100;13;3200;0,0000;0,0000;0,0000;0,0000;0,0000;0,0000;0;0;0;0
20260614_0117;Consistência_200;classification;LeveragingBagging;Otimizado_33Features;classifier;classifier;classifier;N/A;N/A;N/A;2000;100;14;3300;0,0000;0,0000;0,0000;0,0000;0,0000;0,0000;0;0;0;0
20260614_0117;Consistência_200;classification;LeveragingBagging;Otimizado_33Features;classifier;classifier;classifier;N/A;N/A;N/A;2000;100;15;3400;0,0000;0,0000;0,0000;0,0000;0,0000;0,0000;0;0;0;0
20260614_0117;Consistência_200;classification;LeveragingBagging;Otimizado_33Features;classifier;classifier;classifier;N/A;N/A;N/A;2000;100;16;3500;0,0000;0,0000;0,0000;0,0000;0,0000;0,0000;0;0;0;0
20260614_0117;Consistência_200;classification;LeveragingBagging;Otimizado_33Features;classifier;classifier;classifier;N/A;N/A;N/A;2000;100;17;3600;0,0000;0,0000;0,0000;0,0000;0,0000;0,0000;0;0;0;0
20260614_0117;Consistência_200;classification;LeveragingBagging;Otimizado_33Features;classifier;classifier;classifier;N/A;N/A;N/A;2000;100;18;3700;0,0000;0,0000;0,0000;0,0000;0,0000;0,0000;0;0;0;0
20260614_0117;Consistência_200;classification;LeveragingBagging;Otimizado_33Features;classifier;classifier;classifier;N/A;N/A;N/A;2000;100;19;3800;95,2963;0,5492;100,0000;0,0000;91,0204;0,9998;0;0;5;1
20260614_0117;Consistência_200;classification;LeveragingBagging;Otimizado_33Features;classifier;classifier;classifier;N/A;N/A;N/A;2000;100;20;3900;98,5108;0,3056;97,7867;0,4818;99,2500;0,6124;2;1;1;1
20260614_0117;Consistência_200;classification;LeveragingBagging;Otimizado_33Features;classifier;classifier;classifier;N/A;N/A;N/A;2000;100;21;4000;97,9592;0,0000;96,0000;0,0000;100,0000;0,0000;2;0;0;0
20260614_0117;Consistência_200;classification;LeveragingBagging;Otimizado_33Features;classifier;classifier;classifier;N/A;N/A;N/A;2000;100;22;4100;0,0000;0,0000;0,0000;0,0000;0,0000;0,0000;0;0;0;0
20260614_0117;Consistência_200;classification;LeveragingBagging;Otimizado_33Features;classifier;classifier;classifier;N/A;N/A;N/A;2000;100;23;4200;0,0000;0,0000;0,0000;0,0000;0,0000;0,0000;1;0;0;0
20260614_0117;Consistência_200;classification;LeveragingBagging;Otimizado_33Features;classifier;classifier;classifier;N/A;N/A;N/A;2000;100;24;4300;0,0000;0,0000;0,0000;0,0000;0,0000;0,0000;0;0;0;0
20260614_0117;Consistência_200;classification;LeveragingBagging;Otimizado_33Features;classifier;classifier;classifier;N/A;N/A;N/A;2000;100;25;4400;0,0000;0,0000;0,0000;0,0000;0,0000;0,0000;0;0;0;0
20260614_0117;Consistência_200;classification;LeveragingBagging;Otimizado_33Features;classifier;classifier;classifier;N/A;N/A;N/A;2000;100;26;4500;0,0000;0,0000;0,0000;0,0000;0,0000;0,0000;0;0;0;0
20260614_0117;Consistência_200;classification;LeveragingBagging;Otimizado_33Features;classifier;classifier;classifier;N/A;N/A;N/A;2000;100;27;4600;0,0000;0,0000;0,0000;0,0000;0,0000;0,0000;0;0;0;0
20260614_0117;Consistência_200;classification;LeveragingBagging;Otimizado_33Features;classifier;classifier;classifier;N/A;N/A;N/A;2000;100;28;4700;0,0000;0,0000;0,0000;0,0000;0,0000;0,0000;0;0;0;0
20260614_0117;Consistência_200;classification;LeveragingBagging;Otimizado_33Features;classifier;classifier;classifier;N/A;N/A;N/A;2000;100;29;4800;0,0000;0,0000;0,0000;0,0000;0,0000;0,0000;0;0;0;0
20260614_0117;Consistência_200;classification;LeveragingBagging;Otimizado_33Features;classifier;classifier;classifier;N/A;N/A;N/A;2000;100;30;4900;0,0000;0,0000;0,0000;0,0000;0,0000;0,0000;0;0;0;0
20260614_0117;Consistência_200;classification;LeveragingBagging;Otimizado_33Features;classifier;classifier;classifier;N/A;N/A;N/A;2000;100;31;5000;0,0000;0,0000;0,0000;0,0000;0,0000;0,0000;0;0;0;0
20260614_0117;Consistência_200;classification;LeveragingBagging;Otimizado_33Features;classifier;classifier;classifier;N/A;N/A;N/A;2000;100;32;5100;0,0000;0,0000;0,0000;0,0000;0,0000;0,0000;1;1;0;0
20260614_0117;Consistência_200;classification;LeveragingBagging;Otimizado_33Features;classifier;classifier;classifier;N/A;N/A;N/A;2000;100;33;5200;0,0000;0,0000;0,0000;0,0000;0,0000;0,0000;0;0;0;0
20260614_0117;Consistência_200;classification;LeveragingBagging;Otimizado_33Features;classifier;classifier;classifier;N/A;N/A;N/A;2000;100;34;5300;0,0000;0,0000;0,0000;0,0000;0,0000;0,0000;0;0;0;0
20260614_0117;Consistência_200;classification;LeveragingBagging;Otimizado_33Features;classifier;classifier;classifier;N/A;N/A;N/A;2000;100;35;5400;0,0000;0,0000;0,0000;0,0000;0,0000;0,0000;0;0;0;0
20260614_0117;Consistência_200;classification;LeveragingBagging;Otimizado_33Features;classifier;classifier;classifier;N/A;N/A;N/A;2000;100;36;5500;0,0000;0,0000;0,0000;0,0000;0,0000;0,0000;0;0;0;0
20260614_0117;Consistência_200;classification;LeveragingBagging;Otimizado_33Features;classifier;classifier;classifier;N/A;N/A;N/A;2000;100;37;5600;0,0000;0,0000;0,0000;0,0000;0,0000;0,0000;0;0;0;0
20260614_0117;Consistência_200;classification;LeveragingBagging;Otimizado_33Features;classifier;classifier;classifier;N/A;N/A;N/A;2000;100;38;5700;0,0000;0,0000;0,0000;0,0000;0,0000;0,0000;0;0;0;0
20260614_0117;Consistência_200;classification;LeveragingBagging;Otimizado_33Features;classifier;classifier;classifier;N/A;N/A;N/A;2000;100;39;5800;0,0000;0,0000;0,0000;0,0000;0,0000;0,0000;0;0;0;0
20260614_0117;Consistência_200;classification;LeveragingBagging;Otimizado_33Features;classifier;classifier;classifier;N/A;N/A;N/A;2000;100;40;5900;0,0000;0,0000;0,0000;0,0000;0,0000;0,0000;0;0;0;0
20260614_0117;Consistência_200;classification;LeveragingBagging;Otimizado_33Features;classifier;classifier;classifier;N/A;N/A;N/A;2000;100;41;6000;0,0000;0,0000;0,0000;0,0000;0,0000;0,0000;0;0;0;0
20260614_0117;Consistência_200;classification;LeveragingBagging;Otimizado_33Features;classifier;classifier;classifier;N/A;N/A;N/A;2000;100;42;6100;0,0000;0,0000;0,0000;0,0000;0,0000;0,0000;0;0;0;0
20260614_0117;Consistência_200;classification;LeveragingBagging;Otimizado_33Features;classifier;classifier;classifier;N/A;N/A;N/A;2000;100;43;6200;0,0000;0,0000;0,0000;0,0000;0,0000;0,0000;0;0;0;0
20260614_0117;Consistência_200;classification;LeveragingBagging;Otimizado_33Features;classifier;classifier;classifier;N/A;N/A;N/A;2000;100;44;6300;0,0000;0,0000;0,0000;0,0000;0,0000;0,0000;0;0;0;0
20260614_0117;Consistência_200;classification;LeveragingBagging;Otimizado_33Features;classifier;classifier;classifier;N/A;N/A;N/A;2000;100;45;6400;0,0000;0,0000;0,0000;0,0000;0,0000;0,0000;0;0;0;0
20260614_0117;Consistência_200;classification;LeveragingBagging;Otimizado_33Features;classifier;classifier;classifier;N/A;N/A;N/A;2000;100;46;6500;0,0000;0,0000;0,0000;0,0000;0,0000;0,0000;0;0;0;0
20260614_0117;Consistência_200;classification;LeveragingBagging;Otimizado_33Features;classifier;classifier;classifier;N/A;N/A;N/A;2000;100;47;6600;0,0000;0,0000;0,0000;0,0000;0,0000;0,0000;0;0;0;0
20260614_0117;Consistência_200;classification;LeveragingBagging;Otimizado_33Features;classifier;classifier;classifier;N/A;N/A;N/A;2000;100;48;6700;0,0000;0,0000;0,0000;0,0000;0,0000;0,0000;0;0;0;0
20260614_0117;Consistência_200;classification;LeveragingBagging;Otimizado_33Features;classifier;classifier;classifier;N/A;N/A;N/A;2000;100;49;6800;0,0000;0,0000;0,0000;0,0000;0,0000;0,0000;0;0;0;0
20260614_0117;Consistência_200;classification;LeveragingBagging;Otimizado_33Features;classifier;classifier;classifier;N/A;N/A;N/A;2000;100;50;6900;0,0000;0,0000;0,0000;0,0000;0,0000;0,0000;0;0;0;0
20260614_0117;Consistência_200;classification;LeveragingBagging;Otimizado_33Features;classifier;classifier;classifier;N/A;N/A;N/A;2000;100;51;7000;0,0000;0,0000;0,0000;0,0000;0,0000;0,0000;0;0;0;0
20260614_0117;Consistência_200;classification;LeveragingBagging;Otimizado_33Features;classifier;classifier;classifier;N/A;N/A;N/A;2000;100;52;7100;0,0000;0,0000;0,0000;0,0000;0,0000;0,0000;0;0;0;0
20260614_0117;Consistência_200;classification;LeveragingBagging;Otimizado_33Features;classifier;classifier;classifier;N/A;N/A;N/A;2000;100;53;7200;0,0000;0,0000;0,0000;0,0000;0,0000;0,0000;0;0;0;0
20260614_0117;Consistência_200;classification;LeveragingBagging;Otimizado_33Features;classifier;classifier;classifier;N/A;N/A;N/A;2000;100;54;7300;0,0000;0,0000;0,0000;0,0000;0,0000;0,0000;0;0;0;0
20260614_0117;Consistência_200;classification;LeveragingBagging;Otimizado_33Features;classifier;classifier;classifier;N/A;N/A;N/A;2000;100;55;7400;0,0000;0,0000;0,0000;0,0000;0,0000;0,0000;0;0;0;0
20260614_0117;Consistência_200;classification;LeveragingBagging;Otimizado_33Features;classifier;classifier;classifier;N/A;N/A;N/A;2000;100;56;7500;0,0000;0,0000;0,0000;0,0000;0,0000;0,0000;0;0;0;0
20260614_0117;Consistência_200;classification;LeveragingBagging;Otimizado_33Features;classifier;classifier;classifier;N/A;N/A;N/A;2000;100;57;7600;0,0000;0,0000;0,0000;0,0000;0,0000;0,0000;0;0;0;0
20260614_0117;Consistência_200;classification;LeveragingBagging;Otimizado_33Features;classifier;classifier;classifier;N/A;N/A;N/A;2000;100;58;7700;100,0000;0,0000;100,0000;0,0000;100,0000;0,0000;0;0;0;0
20260614_0117;Consistência_200;classification;LeveragingBagging;Otimizado_33Features;classifier;classifier;classifier;N/A;N/A;N/A;2000;100;59;7800;98,4615;0,0000;100,0000;0,0000;96,9697;0,0000;0;0;3;0
20260614_0117;Consistência_200;classification;LeveragingBagging;Otimizado_33Features;classifier;classifier;classifier;N/A;N/A;N/A;2000;100;60;7900;99,4709;0,0000;100,0000;0,0000;98,9474;0,0000;0;0;1;0
20260614_0117;Consistência_200;classification;LeveragingBagging;Otimizado_33Features;classifier;classifier;classifier;N/A;N/A;N/A;2000;100;61;8000;0,0000;0,0000;0,0000;0,0000;0,0000;0,0000;0;0;0;0
20260614_0117;Consistência_200;classification;LeveragingBagging;Otimizado_33Features;classifier;classifier;classifier;N/A;N/A;N/A;2000;100;62;8100;0,0000;0,0000;0,0000;0,0000;0,0000;0,0000;0;0;0;0
20260614_0117;Consistência_200;classification;LeveragingBagging;Otimizado_33Features;classifier;classifier;classifier;N/A;N/A;N/A;2000;100;63;8200;0,0000;0,0000;0,0000;0,0000;0,0000;0,0000;0;0;0;0
20260614_0117;Consistência_200;classification;LeveragingBagging;Otimizado_33Features;classifier;classifier;classifier;N/A;N/A;N/A;2000;100;64;8300;0,0000;0,0000;0,0000;0,0000;0,0000;0,0000;0;0;0;0
20260614_0117;Consistência_200;classification;LeveragingBagging;Otimizado_33Features;classifier;classifier;classifier;N/A;N/A;N/A;2000;100;65;8400;0,0000;0,0000;0,0000;0,0000;0,0000;0,0000;0;0;0;0
20260614_0117;Consistência_200;classification;LeveragingBagging;Otimizado_33Features;classifier;classifier;classifier;N/A;N/A;N/A;2000;100;66;8500;0,0000;0,0000;0,0000;0,0000;0,0000;0,0000;0;0;0;0
20260614_0117;Consistência_200;classification;LeveragingBagging;Otimizado_33Features;classifier;classifier;classifier;N/A;N/A;N/A;2000;100;67;8600;0,0000;0,0000;0,0000;0,0000;0,0000;0,0000;0;0;0;0
20260614_0117;Consistência_200;classification;LeveragingBagging;Otimizado_33Features;classifier;classifier;classifier;N/A;N/A;N/A;2000;100;68;8700;0,0000;0,0000;0,0000;0,0000;0,0000;0,0000;0;0;0;0
20260614_0117;Consistência_200;classification;LeveragingBagging;Otimizado_33Features;classifier;classifier;classifier;N/A;N/A;N/A;2000;100;69;8800;0,0000;0,0000;0,0000;0,0000;0,0000;0,0000;0;0;0;0
20260614_0117;Consistência_200;classification;LeveragingBagging;Otimizado_33Features;classifier;classifier;classifier;N/A;N/A;N/A;2000;100;70;8900;0,0000;0,0000;0,0000;0,0000;0,0000;0,0000;0;0;0;0
20260614_0117;Consistência_200;classification;LeveragingBagging;Otimizado_33Features;classifier;classifier;classifier;N/A;N/A;N/A;2000;100;71;9000;0,0000;0,0000;0,0000;0,0000;0,0000;0,0000;0;0;0;0
20260614_0117;Consistência_200;classification;LeveragingBagging;Otimizado_33Features;classifier;classifier;classifier;N/A;N/A;N/A;2000;100;72;9100;0,0000;0,0000;0,0000;0,0000;0,0000;0,0000;0;0;0;0
20260614_0117;Consistência_200;classification;LeveragingBagging;Otimizado_33Features;classifier;classifier;classifier;N/A;N/A;N/A;2000;100;73;9200;0,0000;0,0000;0,0000;0,0000;0,0000;0,0000;0;0;0;0
20260614_0117;Consistência_200;classification;LeveragingBagging;Otimizado_33Features;classifier;classifier;classifier;N/A;N/A;N/A;2000;100;74;9300;0,0000;0,0000;0,0000;0,0000;0,0000;0,0000;0;0;0;0
20260614_0117;Consistência_200;classification;LeveragingBagging;Otimizado_33Features;classifier;classifier;classifier;N/A;N/A;N/A;2000;100;75;9400;0,0000;0,0000;0,0000;0,0000;0,0000;0,0000;0;0;0;0
20260614_0117;Consistência_200;classification;LeveragingBagging;Otimizado_33Features;classifier;classifier;classifier;N/A;N/A;N/A;2000;100;76;9500;0,0000;0,0000;0,0000;0,0000;0,0000;0,0000;0;0;0;0
20260614_0117;Consistência_200;classification;LeveragingBagging;Otimizado_33Features;classifier;classifier;classifier;N/A;N/A;N/A;2000;100;77;9600;0,0000;0,0000;0,0000;0,0000;0,0000;0,0000;0;0;0;0
20260614_0117;Consistência_200;classification;LeveragingBagging;Otimizado_33Features;classifier;classifier;classifier;N/A;N/A;N/A;2000;100;78;9700;0,0000;0,0000;0,0000;0,0000;0,0000;0,0000;0;0;0;0
20260614_0117;Consistência_200;classification;LeveragingBagging;Otimizado_33Features;classifier;classifier;classifier;N/A;N/A;N/A;2000;100;79;9800;0,0000;0,0000;0,0000;0,0000;0,0000;0,0000;0;0;0;0
20260614_0117;Consistência_200;classification;LeveragingBagging;Otimizado_33Features;classifier;classifier;classifier;N/A;N/A;N/A;2000;100;80;9900;0,0000;0,0000;0,0000;0,0000;0,0000;0,0000;0;0;0;0
20260614_0117;Consistência_200;classification;LeveragingBagging;Otimizado_33Features;classifier;classifier;classifier;N/A;N/A;N/A;2000;100;81;10000;0,0000;0,0000;0,0000;0,0000;0,0000;0,0000;0;0;0;0
20260614_0117;Consistência_200;classification;LeveragingBagging;Otimizado_33Features;classifier;classifier;classifier;N/A;N/A;N/A;2000;100;82;10100;0,0000;0,0000;0,0000;0,0000;0,0000;0,0000;0;0;0;0
20260614_0117;Consistência_200;classification;LeveragingBagging;Otimizado_33Features;classifier;classifier;classifier;N/A;N/A;N/A;2000;100;83;10200;0,0000;0,0000;0,0000;0,0000;0,0000;0,0000;0;0;0;0
20260614_0117;Consistência_200;classification;LeveragingBagging;Otimizado_33Features;classifier;classifier;classifier;N/A;N/A;N/A;2000;100;84;10300;0,0000;0,0000;0,0000;0,0000;0,0000;0,0000;0;0;0;0
20260614_0117;Consistência_200;classification;LeveragingBagging;Otimizado_33Features;classifier;classifier;classifier;N/A;N/A;N/A;2000;100;85;10400;0,0000;0,0000;0,0000;0,0000;0,0000;0,0000;0;0;0;0
20260614_0117;Consistência_200;classification;LeveragingBagging;Otimizado_33Features;classifier;classifier;classifier;N/A;N/A;N/A;2000;100;86;10500;0,0000;0,0000;0,0000;0,0000;0,0000;0,0000;0;0;0;0
20260614_0117;Consistência_200;classification;LeveragingBagging;Otimizado_33Features;classifier;classifier;classifier;N/A;N/A;N/A;2000;100;87;10600;0,0000;0,0000;0,0000;0,0000;0,0000;0,0000;0;0;0;0
20260614_0117;Consistência_200;classification;LeveragingBagging;Otimizado_33Features;classifier;classifier;classifier;N/A;N/A;N/A;2000;100;88;10700;0,0000;0,0000;0,0000;0,0000;0,0000;0,0000;0;0;0;0
20260614_0117;Consistência_200;classification;LeveragingBagging;Otimizado_33Features;classifier;classifier;classifier;N/A;N/A;N/A;2000;100;89;10800;0,0000;0,0000;0,0000;0,0000;0,0000;0,0000;0;0;0;0
20260614_0117;Consistência_200;classification;LeveragingBagging;Otimizado_33Features;classifier;classifier;classifier;N/A;N/A;N/A;2000;100;90;10900;0,0000;0,0000;0,0000;0,0000;0,0000;0,0000;0;0;0;0
20260614_0117;Consistência_200;classification;LeveragingBagging;Otimizado_33Features;classifier;classifier;classifier;N/A;N/A;N/A;2000;100;91;11000;0,0000;0,0000;0,0000;0,0000;0,0000;0,0000;0;0;0;0
20260614_0117;Consistência_200;classification;LeveragingBagging;Otimizado_33Features;classifier;classifier;classifier;N/A;N/A;N/A;2000;100;92;11100;0,0000;0,0000;0,0000;0,0000;0,0000;0,0000;0;0;0;0
20260614_0117;Consistência_200;classification;LeveragingBagging;Otimizado_33Features;classifier;classifier;classifier;N/A;N/A;N/A;2000;100;93;11200;0,0000;0,0000;0,0000;0,0000;0,0000;0,0000;0;0;0;0
20260614_0117;Consistência_200;classification;LeveragingBagging;Otimizado_33Features;classifier;classifier;classifier;N/A;N/A;N/A;2000;100;94;11300;0,0000;0,0000;0,0000;0,0000;0,0000;0,0000;0;0;0;0
20260614_0117;Consistência_200;classification;LeveragingBagging;Otimizado_33Features;classifier;classifier;classifier;N/A;N/A;N/A;2000;100;95;11400;0,0000;0,0000;0,0000;0,0000;0,0000;0,0000;0;0;0;0
20260614_0117;Consistência_200;classification;LeveragingBagging;Otimizado_33Features;classifier;classifier;classifier;N/A;N/A;N/A;2000;100;96;11500;0,0000;0,0000;0,0000;0,0000;0,0000;0,0000;0;0;0;0
20260614_0117;Consistência_200;classification;LeveragingBagging;Otimizado_33Features;classifier;classifier;classifier;N/A;N/A;N/A;2000;100;97;11600;0,0000;0,0000;0,0000;0,0000;0,0000;0,0000;0;0;0;0
20260614_0117;Consistência_200;classification;LeveragingBagging;Otimizado_33Features;classifier;classifier;classifier;N/A;N/A;N/A;2000;100;98;11700;98,7838;0,4123;100,0000;0,0000;97,6000;0,8000;0;0;2;1
20260614_0117;Consistência_200;classification;LeveragingBagging;Otimizado_33Features;classifier;classifier;classifier;N/A;N/A;N/A;2000;100;99;11800;90,9091;0,0000;100,0000;0,0000;83,3333;0,0000;0;0;11;0
20260614_0117;Consistência_200;classification;LeveragingBagging;Otimizado_33Features;classifier;classifier;classifier;N/A;N/A;N/A;2000;100;100;11900;94,0574;2,6367;98,7500;2,5000;90,0000;5,0000;1;1;2;1
20260614_0117;Consistência_200;classification;LeveragingBagging;Otimizado_33Features;classifier;classifier;classifier;N/A;N/A;N/A;2000;100;101;12000;0,0000;0,0000;0,0000;0,0000;0,0000;0,0000;0;0;0;0
20260614_0117;Consistência_200;classification;LeveragingBagging;Otimizado_33Features;classifier;classifier;classifier;N/A;N/A;N/A;2000;100;102;12100;0,0000;0,0000;0,0000;0,0000;0,0000;0,0000;1;0;0;0
20260614_0117;Consistência_200;classification;LeveragingBagging;Otimizado_33Features;classifier;classifier;classifier;N/A;N/A;N/A;2000;100;103;12200;0,0000;0,0000;0,0000;0,0000;0,0000;0,0000;0;0;0;0
20260614_0117;Consistência_200;classification;LeveragingBagging;Otimizado_33Features;classifier;classifier;classifier;N/A;N/A;N/A;2000;100;104;12300;0,0000;0,0000;0,0000;0,0000;0,0000;0,0000;0;0;0;0
20260614_0117;Consistência_200;classification;LeveragingBagging;Otimizado_33Features;classifier;classifier;classifier;N/A;N/A;N/A;2000;100;105;12400;0,0000;0,0000;0,0000;0,0000;0,0000;0,0000;0;0;0;0
20260614_0117;Consistência_200;classification;LeveragingBagging;Otimizado_33Features;classifier;classifier;classifier;N/A;N/A;N/A;2000;100;106;12500;0,0000;0,0000;0,0000;0,0000;0,0000;0,0000;0;0;0;0
20260614_0117;Consistência_200;classification;LeveragingBagging;Otimizado_33Features;classifier;classifier;classifier;N/A;N/A;N/A;2000;100;107;12600;0,0000;0,0000;0,0000;0,0000;0,0000;0,0000;0;0;0;0
20260614_0117;Consistência_200;classification;LeveragingBagging;Otimizado_33Features;classifier;classifier;classifier;N/A;N/A;N/A;2000;100;108;12700;0,0000;0,0000;0,0000;0,0000;0,0000;0,0000;0;0;0;0
20260614_0117;Consistência_200;classification;LeveragingBagging;Otimizado_33Features;classifier;classifier;classifier;N/A;N/A;N/A;2000;100;109;12800;0,0000;0,0000;0,0000;0,0000;0,0000;0,0000;0;0;0;0
20260614_0117;Consistência_200;classification;LeveragingBagging;Otimizado_33Features;classifier;classifier;classifier;N/A;N/A;N/A;2000;100;110;12900;0,0000;0,0000;0,0000;0,0000;0,0000;0,0000;0;0;0;0
20260614_0117;Consistência_200;classification;LeveragingBagging;Otimizado_33Features;classifier;classifier;classifier;N/A;N/A;N/A;2000;100;111;13000;0,0000;0,0000;0,0000;0,0000;0,0000;0,0000;0;0;0;0
20260614_0117;Consistência_200;classification;LeveragingBagging;Otimizado_33Features;classifier;classifier;classifier;N/A;N/A;N/A;2000;100;112;13100;0,0000;0,0000;0,0000;0,0000;0,0000;0,0000;0;0;0;0
20260614_0117;Consistência_200;classification;LeveragingBagging;Otimizado_33Features;classifier;classifier;classifier;N/A;N/A;N/A;2000;100;113;13200;0,0000;0,0000;0,0000;0,0000;0,0000;0,0000;0;0;0;0
20260614_0117;Consistência_200;classification;LeveragingBagging;Otimizado_33Features;classifier;classifier;classifier;N/A;N/A;N/A;2000;100;114;13300;0,0000;0,0000;0,0000;0,0000;0,0000;0,0000;0;0;0;0
20260614_0117;Consistência_200;classification;LeveragingBagging;Otimizado_33Features;classifier;classifier;classifier;N/A;N/A;N/A;2000;100;115;13400;0,0000;0,0000;0,0000;0,0000;0,0000;0,0000;0;0;0;0
20260614_0117;Consistência_200;classification;LeveragingBagging;Otimizado_33Features;classifier;classifier;classifier;N/A;N/A;N/A;2000;100;116;13500;0,0000;0,0000;0,0000;0,0000;0,0000;0,0000;0;0;0;0
20260614_0117;Consistência_200;classification;LeveragingBagging;Otimizado_33Features;classifier;classifier;classifier;N/A;N/A;N/A;2000;100;117;13600;0,0000;0,0000;0,0000;0,0000;0,0000;0,0000;0;0;0;0
20260614_0117;Consistência_200;classification;LeveragingBagging;Otimizado_33Features;classifier;classifier;classifier;N/A;N/A;N/A;2000;100;118;13700;0,0000;0,0000;0,0000;0,0000;0,0000;0,0000;0;0;0;0
20260614_0117;Consistência_200;classification;LeveragingBagging;Otimizado_33Features;classifier;classifier;classifier;N/A;N/A;N/A;2000;100;119;13800;0,0000;0,0000;0,0000;0,0000;0,0000;0,0000;0;0;0;0
20260614_0117;Consistência_200;classification;LeveragingBagging;Otimizado_33Features;classifier;classifier;classifier;N/A;N/A;N/A;2000;100;120;13900;0,0000;0,0000;0,0000;0,0000;0,0000;0,0000;0;0;0;0
20260614_0117;Consistência_200;classification;LeveragingBagging;Otimizado_33Features;classifier;classifier;classifier;N/A;N/A;N/A;2000;100;121;14000;0,0000;0,0000;0,0000;0,0000;0,0000;0,0000;0;0;0;0
20260614_0117;Consistência_200;classification;LeveragingBagging;Otimizado_33Features;classifier;classifier;classifier;N/A;N/A;N/A;2000;100;122;14100;0,0000;0,0000;0,0000;0,0000;0,0000;0,0000;0;0;0;0
20260614_0117;Consistência_200;classification;LeveragingBagging;Otimizado_33Features;classifier;classifier;classifier;N/A;N/A;N/A;2000;100;123;14200;0,0000;0,0000;0,0000;0,0000;0,0000;0,0000;0;0;0;0
20260614_0117;Consistência_200;classification;LeveragingBagging;Otimizado_33Features;classifier;classifier;classifier;N/A;N/A;N/A;2000;100;124;14300;0,0000;0,0000;0,0000;0,0000;0,0000;0,0000;0;0;0;0
20260614_0117;Consistência_200;classification;LeveragingBagging;Otimizado_33Features;classifier;classifier;classifier;N/A;N/A;N/A;2000;100;125;14400;0,0000;0,0000;0,0000;0,0000;0,0000;0,0000;0;0;0;0
20260614_0117;Consistência_200;classification;LeveragingBagging;Otimizado_33Features;classifier;classifier;classifier;N/A;N/A;N/A;2000;100;126;14500;0,0000;0,0000;0,0000;0,0000;0,0000;0,0000;0;0;0;0
20260614_0117;Consistência_200;classification;LeveragingBagging;Otimizado_33Features;classifier;classifier;classifier;N/A;N/A;N/A;2000;100;127;14600;0,0000;0,0000;0,0000;0,0000;0,0000;0,0000;0;0;0;0
20260614_0117;Consistência_200;classification;LeveragingBagging;Otimizado_33Features;classifier;classifier;classifier;N/A;N/A;N/A;2000;100;128;14700;0,0000;0,0000;0,0000;0,0000;0,0000;0,0000;0;0;0;0
20260614_0117;Consistência_200;classification;LeveragingBagging;Otimizado_33Features;classifier;classifier;classifier;N/A;N/A;N/A;2000;100;129;14800;0,0000;0,0000;0,0000;0,0000;0,0000;0,0000;0;0;0;0
20260614_0117;Consistência_200;classification;LeveragingBagging;Otimizado_33Features;classifier;classifier;classifier;N/A;N/A;N/A;2000;100;130;14900;0,0000;0,0000;0,0000;0,0000;0,0000;0,0000;0;0;0;0
20260614_0117;Consistência_200;classification;LeveragingBagging;Otimizado_33Features;classifier;classifier;classifier;N/A;N/A;N/A;2000;100;131;15000;0,0000;0,0000;0,0000;0,0000;0,0000;0,0000;0;0;0;0
20260614_0117;Consistência_200;classification;LeveragingBagging;Otimizado_33Features;classifier;classifier;classifier;N/A;N/A;N/A;2000;100;132;15100;0,0000;0,0000;0,0000;0,0000;0,0000;0,0000;0;0;0;0
20260614_0117;Consistência_200;classification;LeveragingBagging;Otimizado_33Features;classifier;classifier;classifier;N/A;N/A;N/A;2000;100;133;15200;0,0000;0,0000;0,0000;0,0000;0,0000;0,0000;0;0;0;0
20260614_0117;Consistência_200;classification;LeveragingBagging;Otimizado_33Features;classifier;classifier;classifier;N/A;N/A;N/A;2000;100;134;15300;0,0000;0,0000;0,0000;0,0000;0,0000;0,0000;0;0;0;0
20260614_0117;Consistência_200;classification;LeveragingBagging;Otimizado_33Features;classifier;classifier;classifier;N/A;N/A;N/A;2000;100;135;15400;0,0000;0,0000;0,0000;0,0000;0,0000;0,0000;0;0;0;0
20260614_0117;Consistência_200;classification;LeveragingBagging;Otimizado_33Features;classifier;classifier;classifier;N/A;N/A;N/A;2000;100;136;15500;0,0000;0,0000;0,0000;0,0000;0,0000;0,0000;0;0;0;0
20260614_0117;Consistência_1000;classification;LeveragingBagging;Otimizado_33Features;classifier;classifier;classifier;N/A;N/A;N/A;2000;100;1;2000;0,0000;0,0000;0,0000;0,0000;0,0000;0,0000;0;0;0;0
20260614_0117;Consistência_1000;classification;LeveragingBagging;Otimizado_33Features;classifier;classifier;classifier;N/A;N/A;N/A;2000;100;2;2100;0,0000;0,0000;0,0000;0,0000;0,0000;0,0000;0;0;0;0
20260614_0117;Consistência_1000;classification;LeveragingBagging;Otimizado_33Features;classifier;classifier;classifier;N/A;N/A;N/A;2000;100;3;2200;0,0000;0,0000;0,0000;0,0000;0,0000;0,0000;0;0;0;0
20260614_0117;Consistência_1000;classification;LeveragingBagging;Otimizado_33Features;classifier;classifier;classifier;N/A;N/A;N/A;2000;100;4;2300;0,0000;0,0000;0,0000;0,0000;0,0000;0,0000;0;0;0;0
20260614_0117;Consistência_1000;classification;LeveragingBagging;Otimizado_33Features;classifier;classifier;classifier;N/A;N/A;N/A;2000;100;5;2400;0,0000;0,0000;0,0000;0,0000;0,0000;0,0000;0;0;0;0
20260614_0117;Consistência_1000;classification;LeveragingBagging;Otimizado_33Features;classifier;classifier;classifier;N/A;N/A;N/A;2000;100;6;2500;0,0000;0,0000;0,0000;0,0000;0,0000;0,0000;0;0;0;0
20260614_0117;Consistência_1000;classification;LeveragingBagging;Otimizado_33Features;classifier;classifier;classifier;N/A;N/A;N/A;2000;100;7;2600;0,0000;0,0000;0,0000;0,0000;0,0000;0,0000;0;0;0;0
20260614_0117;Consistência_1000;classification;LeveragingBagging;Otimizado_33Features;classifier;classifier;classifier;N/A;N/A;N/A;2000;100;8;2700;0,0000;0,0000;0,0000;0,0000;0,0000;0,0000;0;0;0;0
20260614_0117;Consistência_1000;classification;LeveragingBagging;Otimizado_33Features;classifier;classifier;classifier;N/A;N/A;N/A;2000;100;9;2800;0,0000;0,0000;0,0000;0,0000;0,0000;0,0000;0;0;0;0
20260614_0117;Consistência_1000;classification;LeveragingBagging;Otimizado_33Features;classifier;classifier;classifier;N/A;N/A;N/A;2000;100;10;2900;0,0000;0,0000;0,0000;0,0000;0,0000;0,0000;0;0;0;0
20260614_0117;Consistência_1000;classification;LeveragingBagging;Otimizado_33Features;classifier;classifier;classifier;N/A;N/A;N/A;2000;100;11;3000;0,0000;0,0000;0,0000;0,0000;0,0000;0,0000;0;0;0;0
20260614_0117;Consistência_1000;classification;LeveragingBagging;Otimizado_33Features;classifier;classifier;classifier;N/A;N/A;N/A;2000;100;12;3100;0,0000;0,0000;0,0000;0,0000;0,0000;0,0000;0;0;0;0
20260614_0117;Consistência_1000;classification;LeveragingBagging;Otimizado_33Features;classifier;classifier;classifier;N/A;N/A;N/A;2000;100;13;3200;0,0000;0,0000;0,0000;0,0000;0,0000;0,0000;0;0;0;0
20260614_0117;Consistência_1000;classification;LeveragingBagging;Otimizado_33Features;classifier;classifier;classifier;N/A;N/A;N/A;2000;100;14;3300;0,0000;0,0000;0,0000;0,0000;0,0000;0,0000;0;0;0;0
20260614_0117;Consistência_1000;classification;LeveragingBagging;Otimizado_33Features;classifier;classifier;classifier;N/A;N/A;N/A;2000;100;15;3400;0,0000;0,0000;0,0000;0,0000;0,0000;0,0000;0;0;0;0
20260614_0117;Consistência_1000;classification;LeveragingBagging;Otimizado_33Features;classifier;classifier;classifier;N/A;N/A;N/A;2000;100;16;3500;0,0000;0,0000;0,0000;0,0000;0,0000;0,0000;0;0;0;0
20260614_0117;Consistência_1000;classification;LeveragingBagging;Otimizado_33Features;classifier;classifier;classifier;N/A;N/A;N/A;2000;100;17;3600;0,0000;0,0000;0,0000;0,0000;0,0000;0,0000;0;0;0;0
20260614_0117;Consistência_1000;classification;LeveragingBagging;Otimizado_33Features;classifier;classifier;classifier;N/A;N/A;N/A;2000;100;18;3700;0,0000;0,0000;0,0000;0,0000;0,0000;0,0000;0;0;0;0
20260614_0117;Consistência_1000;classification;LeveragingBagging;Otimizado_33Features;classifier;classifier;classifier;N/A;N/A;N/A;2000;100;19;3800;95,2963;0,5492;100,0000;0,0000;91,0204;0,9998;0;0;5;1
20260614_0117;Consistência_1000;classification;LeveragingBagging;Otimizado_33Features;classifier;classifier;classifier;N/A;N/A;N/A;2000;100;20;3900;98,5108;0,3056;97,7867;0,4818;99,2500;0,6124;2;1;1;1
20260614_0117;Consistência_1000;classification;LeveragingBagging;Otimizado_33Features;classifier;classifier;classifier;N/A;N/A;N/A;2000;100;21;4000;100,0000;0,0000;100,0000;0,0000;100,0000;0,0000;0;0;0;0
20260614_0117;Consistência_1000;classification;LeveragingBagging;Otimizado_33Features;classifier;classifier;classifier;N/A;N/A;N/A;2000;100;22;4100;99,3793;0,2051;98,7671;0,4040;100,0000;0,0000;2;1;0;0
20260614_0117;Consistência_1000;classification;LeveragingBagging;Otimizado_33Features;classifier;classifier;classifier;N/A;N/A;N/A;2000;100;23;4200;99,4924;0,0000;100,0000;0,0000;98,9899;0,0000;0;0;1;0
20260614_0117;Consistência_1000;classification;LeveragingBagging;Otimizado_33Features;classifier;classifier;classifier;N/A;N/A;N/A;2000;100;24;4300;94,8493;0,7809;92,2833;1,3327;97,5758;0,7423;6;2;2;1
20260614_0117;Consistência_1000;classification;LeveragingBagging;Otimizado_33Features;classifier;classifier;classifier;N/A;N/A;N/A;2000;100;25;4400;92,8369;0,9555;90,2000;1,7963;95,6522;0,0000;3;1;1;0
20260614_0117;Consistência_1000;classification;LeveragingBagging;Otimizado_33Features;classifier;classifier;classifier;N/A;N/A;N/A;2000;100;26;4500;92,9589;5,5462;98,5714;2,8571;88,5714;9,6890;1;1;2;2
20260614_0117;Consistência_1000;classification;LeveragingBagging;Otimizado_33Features;classifier;classifier;classifier;N/A;N/A;N/A;2000;100;27;4600;99,0490;0,2933;100,0000;0,0000;98,1176;0,5764;0;0;2;1
20260614_0117;Consistência_1000;classification;LeveragingBagging;Otimizado_33Features;classifier;classifier;classifier;N/A;N/A;N/A;2000;100;28;4700;91,6667;0,0000;100,0000;0,0000;84,6154;0,0000;0;0;2;0
20260614_0117;Consistência_1000;classification;LeveragingBagging;Otimizado_33Features;classifier;classifier;classifier;N/A;N/A;N/A;2000;100;29;4800;100,0000;0,0000;100,0000;0,0000;100,0000;0,0000;0;0;0;0
20260614_0117;Consistência_1000;classification;LeveragingBagging;Otimizado_33Features;classifier;classifier;classifier;N/A;N/A;N/A;2000;100;30;4900;0,0000;0,0000;0,0000;0,0000;0,0000;0,0000;0;0;0;0
20260614_0117;Consistência_1000;classification;LeveragingBagging;Otimizado_33Features;classifier;classifier;classifier;N/A;N/A;N/A;2000;100;31;5000;0,0000;0,0000;0,0000;0,0000;0,0000;0,0000;1;0;0;0
20260614_0117;Consistência_1000;classification;LeveragingBagging;Otimizado_33Features;classifier;classifier;classifier;N/A;N/A;N/A;2000;100;32;5100;0,0000;0,0000;0,0000;0,0000;0,0000;0,0000;1;1;0;0
20260614_0117;Consistência_1000;classification;LeveragingBagging;Otimizado_33Features;classifier;classifier;classifier;N/A;N/A;N/A;2000;100;33;5200;0,0000;0,0000;0,0000;0,0000;0,0000;0,0000;0;0;0;0
20260614_0117;Consistência_1000;classification;LeveragingBagging;Otimizado_33Features;classifier;classifier;classifier;N/A;N/A;N/A;2000;100;34;5300;0,0000;0,0000;0,0000;0,0000;0,0000;0,0000;0;0;0;0
20260614_0117;Consistência_1000;classification;LeveragingBagging;Otimizado_33Features;classifier;classifier;classifier;N/A;N/A;N/A;2000;100;35;5400;0,0000;0,0000;0,0000;0,0000;0,0000;0,0000;0;0;0;0
20260614_0117;Consistência_1000;classification;LeveragingBagging;Otimizado_33Features;classifier;classifier;classifier;N/A;N/A;N/A;2000;100;36;5500;0,0000;0,0000;0,0000;0,0000;0,0000;0,0000;0;0;0;0
20260614_0117;Consistência_1000;classification;LeveragingBagging;Otimizado_33Features;classifier;classifier;classifier;N/A;N/A;N/A;2000;100;37;5600;0,0000;0,0000;0,0000;0,0000;0,0000;0,0000;5;1;0;0
20260614_0117;Consistência_1000;classification;LeveragingBagging;Otimizado_33Features;classifier;classifier;classifier;N/A;N/A;N/A;2000;100;38;5700;0,0000;0,0000;0,0000;0,0000;0,0000;0,0000;0;0;0;0
20260614_0117;Consistência_1000;classification;LeveragingBagging;Otimizado_33Features;classifier;classifier;classifier;N/A;N/A;N/A;2000;100;39;5800;0,0000;0,0000;0,0000;0,0000;0,0000;0,0000;0;0;0;0
20260614_0117;Consistência_1000;classification;LeveragingBagging;Otimizado_33Features;classifier;classifier;classifier;N/A;N/A;N/A;2000;100;40;5900;0,0000;0,0000;0,0000;0,0000;0,0000;0,0000;0;0;0;0
20260614_0117;Consistência_1000;classification;LeveragingBagging;Otimizado_33Features;classifier;classifier;classifier;N/A;N/A;N/A;2000;100;41;6000;0,0000;0,0000;0,0000;0,0000;0,0000;0,0000;0;0;0;0
20260614_0117;Consistência_1000;classification;LeveragingBagging;Otimizado_33Features;classifier;classifier;classifier;N/A;N/A;N/A;2000;100;42;6100;0,0000;0,0000;0,0000;0,0000;0,0000;0,0000;1;1;0;0
20260614_0117;Consistência_1000;classification;LeveragingBagging;Otimizado_33Features;classifier;classifier;classifier;N/A;N/A;N/A;2000;100;43;6200;0,0000;0,0000;0,0000;0,0000;0,0000;0,0000;0;0;0;0
20260614_0117;Consistência_1000;classification;LeveragingBagging;Otimizado_33Features;classifier;classifier;classifier;N/A;N/A;N/A;2000;100;44;6300;0,0000;0,0000;0,0000;0,0000;0,0000;0,0000;0;0;0;0
20260614_0117;Consistência_1000;classification;LeveragingBagging;Otimizado_33Features;classifier;classifier;classifier;N/A;N/A;N/A;2000;100;45;6400;0,0000;0,0000;0,0000;0,0000;0,0000;0,0000;0;0;0;0
20260614_0117;Consistência_1000;classification;LeveragingBagging;Otimizado_33Features;classifier;classifier;classifier;N/A;N/A;N/A;2000;100;46;6500;0,0000;0,0000;0,0000;0,0000;0,0000;0,0000;0;0;0;0
20260614_0117;Consistência_1000;classification;LeveragingBagging;Otimizado_33Features;classifier;classifier;classifier;N/A;N/A;N/A;2000;100;47;6600;0,0000;0,0000;0,0000;0,0000;0,0000;0,0000;0;0;0;0
20260614_0117;Consistência_1000;classification;LeveragingBagging;Otimizado_33Features;classifier;classifier;classifier;N/A;N/A;N/A;2000;100;48;6700;0,0000;0,0000;0,0000;0,0000;0,0000;0,0000;0;0;0;0
20260614_0117;Consistência_1000;classification;LeveragingBagging;Otimizado_33Features;classifier;classifier;classifier;N/A;N/A;N/A;2000;100;49;6800;0,0000;0,0000;0,0000;0,0000;0,0000;0,0000;0;0;0;0
20260614_0117;Consistência_1000;classification;LeveragingBagging;Otimizado_33Features;classifier;classifier;classifier;N/A;N/A;N/A;2000;100;50;6900;0,0000;0,0000;0,0000;0,0000;0,0000;0,0000;0;0;0;0
20260614_0117;Consistência_1000;classification;LeveragingBagging;Otimizado_33Features;classifier;classifier;classifier;N/A;N/A;N/A;2000;100;51;7000;0,0000;0,0000;0,0000;0,0000;0,0000;0,0000;0;0;0;0
20260614_0117;Consistência_1000;classification;LeveragingBagging;Otimizado_33Features;classifier;classifier;classifier;N/A;N/A;N/A;2000;100;52;7100;0,0000;0,0000;0,0000;0,0000;0,0000;0,0000;0;0;0;0
20260614_0117;Consistência_1000;classification;LeveragingBagging;Otimizado_33Features;classifier;classifier;classifier;N/A;N/A;N/A;2000;100;53;7200;0,0000;0,0000;0,0000;0,0000;0,0000;0,0000;0;0;0;0
20260614_0117;Consistência_1000;classification;LeveragingBagging;Otimizado_33Features;classifier;classifier;classifier;N/A;N/A;N/A;2000;100;54;7300;0,0000;0,0000;0,0000;0,0000;0,0000;0,0000;0;0;0;0
20260614_0117;Consistência_1000;classification;LeveragingBagging;Otimizado_33Features;classifier;classifier;classifier;N/A;N/A;N/A;2000;100;55;7400;0,0000;0,0000;0,0000;0,0000;0,0000;0,0000;0;0;0;0
20260614_0117;Consistência_1000;classification;LeveragingBagging;Otimizado_33Features;classifier;classifier;classifier;N/A;N/A;N/A;2000;100;56;7500;0,0000;0,0000;0,0000;0,0000;0,0000;0,0000;0;0;0;0
20260614_0117;Consistência_1000;classification;LeveragingBagging;Otimizado_33Features;classifier;classifier;classifier;N/A;N/A;N/A;2000;100;57;7600;0,0000;0,0000;0,0000;0,0000;0,0000;0,0000;0;0;0;0
20260614_0117;Consistência_1000;classification;LeveragingBagging;Otimizado_33Features;classifier;classifier;classifier;N/A;N/A;N/A;2000;100;58;7700;0,0000;0,0000;0,0000;0,0000;0,0000;0,0000;0;0;0;0
20260614_0117;Consistência_1000;classification;LeveragingBagging;Otimizado_33Features;classifier;classifier;classifier;N/A;N/A;N/A;2000;100;59;7800;0,0000;0,0000;0,0000;0,0000;0,0000;0,0000;0;0;0;0
20260614_0117;Consistência_1000;classification;LeveragingBagging;Otimizado_33Features;classifier;classifier;classifier;N/A;N/A;N/A;2000;100;60;7900;0,0000;0,0000;0,0000;0,0000;0,0000;0,0000;0;0;0;0
20260614_0117;Consistência_1000;classification;LeveragingBagging;Otimizado_33Features;classifier;classifier;classifier;N/A;N/A;N/A;2000;100;61;8000;0,0000;0,0000;0,0000;0,0000;0,0000;0,0000;0;0;0;0
20260614_0117;Consistência_1000;classification;LeveragingBagging;Otimizado_33Features;classifier;classifier;classifier;N/A;N/A;N/A;2000;100;62;8100;0,0000;0,0000;0,0000;0,0000;0,0000;0,0000;0;0;0;0
20260614_0117;Consistência_1000;classification;LeveragingBagging;Otimizado_33Features;classifier;classifier;classifier;N/A;N/A;N/A;2000;100;63;8200;0,0000;0,0000;0,0000;0,0000;0,0000;0,0000;0;0;0;0
20260614_0117;Consistência_1000;classification;LeveragingBagging;Otimizado_33Features;classifier;classifier;classifier;N/A;N/A;N/A;2000;100;64;8300;0,0000;0,0000;0,0000;0,0000;0,0000;0,0000;0;0;0;0
20260614_0117;Consistência_1000;classification;LeveragingBagging;Otimizado_33Features;classifier;classifier;classifier;N/A;N/A;N/A;2000;100;65;8400;0,0000;0,0000;0,0000;0,0000;0,0000;0,0000;0;0;0;0
20260614_0117;Consistência_1000;classification;LeveragingBagging;Otimizado_33Features;classifier;classifier;classifier;N/A;N/A;N/A;2000;100;66;8500;100,0000;0,0000;100,0000;0,0000;100,0000;0,0000;0;0;0;0
20260614_0117;Consistência_1000;classification;LeveragingBagging;Otimizado_33Features;classifier;classifier;classifier;N/A;N/A;N/A;2000;100;67;8600;95,6400;0,4754;100,0000;0,0000;91,6484;0,8791;0;0;8;1
20260614_0117;Consistência_1000;classification;LeveragingBagging;Otimizado_33Features;classifier;classifier;classifier;N/A;N/A;N/A;2000;100;68;8700;95,9390;0,5282;100,0000;0,0000;92,2000;0,9798;0;0;8;1
20260614_0117;Consistência_1000;classification;LeveragingBagging;Otimizado_33Features;classifier;classifier;classifier;N/A;N/A;N/A;2000;100;69;8800;98,7123;0,3982;100,0000;0,0000;97,4603;0,7776;0;0;2;1
20260614_0117;Consistência_1000;classification;LeveragingBagging;Otimizado_33Features;classifier;classifier;classifier;N/A;N/A;N/A;2000;100;70;8900;98,5336;0,2799;100,0000;0,0000;97,1111;0,5443;0;0;3;1
20260614_0117;Consistência_1000;classification;LeveragingBagging;Otimizado_33Features;classifier;classifier;classifier;N/A;N/A;N/A;2000;100;71;9000;99,7927;0,2538;100,0000;0,0000;99,5876;0,5050;0;0;1;1
20260614_0117;Consistência_1000;classification;LeveragingBagging;Otimizado_33Features;classifier;classifier;classifier;N/A;N/A;N/A;2000;100;72;9100;99,7990;0,2462;100,0000;0,0000;99,6000;0,4899;0;0;1;1
20260614_0117;Consistência_1000;classification;LeveragingBagging;Otimizado_33Features;classifier;classifier;classifier;N/A;N/A;N/A;2000;100;73;9200;98,7467;0,2592;100,0000;0,0000;97,5258;0,5050;0;0;3;1
20260614_0117;Consistência_1000;classification;LeveragingBagging;Otimizado_33Features;classifier;classifier;classifier;N/A;N/A;N/A;2000;100;74;9300;99,7970;0,2487;100,0000;0,0000;99,5960;0,4948;0;0;1;1
20260614_0117;Consistência_1000;classification;LeveragingBagging;Otimizado_33Features;classifier;classifier;classifier;N/A;N/A;N/A;2000;100;75;9400;99,4872;0,0000;100,0000;0,0000;98,9796;0,0000;0;0;1;0
20260614_0117;Consistência_1000;classification;LeveragingBagging;Otimizado_33Features;classifier;classifier;classifier;N/A;N/A;N/A;2000;100;76;9500;100,0000;0,0000;100,0000;0,0000;100,0000;0,0000;0;0;0;0
20260614_0117;Consistência_1000;classification;LeveragingBagging;Otimizado_33Features;classifier;classifier;classifier;N/A;N/A;N/A;2000;100;77;9600;0,0000;0,0000;0,0000;0,0000;0,0000;0,0000;0;0;0;0
20260614_0117;Consistência_1000;classification;LeveragingBagging;Otimizado_33Features;classifier;classifier;classifier;N/A;N/A;N/A;2000;100;78;9700;0,0000;0,0000;0,0000;0,0000;0,0000;0,0000;0;0;0;0
20260614_0117;Consistência_1000;classification;LeveragingBagging;Otimizado_33Features;classifier;classifier;classifier;N/A;N/A;N/A;2000;100;79;9800;0,0000;0,0000;0,0000;0,0000;0,0000;0,0000;0;0;0;0
20260614_0117;Consistência_1000;classification;LeveragingBagging;Otimizado_33Features;classifier;classifier;classifier;N/A;N/A;N/A;2000;100;80;9900;0,0000;0,0000;0,0000;0,0000;0,0000;0,0000;0;0;0;0
20260614_0117;Consistência_1000;classification;LeveragingBagging;Otimizado_33Features;classifier;classifier;classifier;N/A;N/A;N/A;2000;100;81;10000;0,0000;0,0000;0,0000;0,0000;0,0000;0,0000;0;0;0;0
20260614_0117;Consistência_1000;classification;LeveragingBagging;Otimizado_33Features;classifier;classifier;classifier;N/A;N/A;N/A;2000;100;82;10100;0,0000;0,0000;0,0000;0,0000;0,0000;0,0000;1;1;0;0
20260614_0117;Consistência_1000;classification;LeveragingBagging;Otimizado_33Features;classifier;classifier;classifier;N/A;N/A;N/A;2000;100;83;10200;0,0000;0,0000;0,0000;0,0000;0,0000;0,0000;0;0;0;0
20260614_0117;Consistência_1000;classification;LeveragingBagging;Otimizado_33Features;classifier;classifier;classifier;N/A;N/A;N/A;2000;100;84;10300;0,0000;0,0000;0,0000;0,0000;0,0000;0,0000;0;0;0;0
20260614_0117;Consistência_1000;classification;LeveragingBagging;Otimizado_33Features;classifier;classifier;classifier;N/A;N/A;N/A;2000;100;85;10400;0,0000;0,0000;0,0000;0,0000;0,0000;0,0000;0;0;0;0
20260614_0117;Consistência_1000;classification;LeveragingBagging;Otimizado_33Features;classifier;classifier;classifier;N/A;N/A;N/A;2000;100;86;10500;0,0000;0,0000;0,0000;0,0000;0,0000;0,0000;0;0;0;0
20260614_0117;Consistência_1000;classification;LeveragingBagging;Otimizado_33Features;classifier;classifier;classifier;N/A;N/A;N/A;2000;100;87;10600;0,0000;0,0000;0,0000;0,0000;0,0000;0,0000;0;0;0;0
20260614_0117;Consistência_1000;classification;LeveragingBagging;Otimizado_33Features;classifier;classifier;classifier;N/A;N/A;N/A;2000;100;88;10700;0,0000;0,0000;0,0000;0,0000;0,0000;0,0000;1;0;0;0
20260614_0117;Consistência_1000;classification;LeveragingBagging;Otimizado_33Features;classifier;classifier;classifier;N/A;N/A;N/A;2000;100;89;10800;0,0000;0,0000;0,0000;0,0000;0,0000;0,0000;0;0;0;0
20260614_0117;Consistência_1000;classification;LeveragingBagging;Otimizado_33Features;classifier;classifier;classifier;N/A;N/A;N/A;2000;100;90;10900;0,0000;0,0000;0,0000;0,0000;0,0000;0,0000;0;0;0;0
20260614_0117;Consistência_1000;classification;LeveragingBagging;Otimizado_33Features;classifier;classifier;classifier;N/A;N/A;N/A;2000;100;91;11000;0,0000;0,0000;0,0000;0,0000;0,0000;0,0000;0;0;0;0
20260614_0117;Consistência_1000;classification;LeveragingBagging;Otimizado_33Features;classifier;classifier;classifier;N/A;N/A;N/A;2000;100;92;11100;0,0000;0,0000;0,0000;0,0000;0,0000;0,0000;0;0;0;0
20260614_0117;Consistência_1000;classification;LeveragingBagging;Otimizado_33Features;classifier;classifier;classifier;N/A;N/A;N/A;2000;100;93;11200;0,0000;0,0000;0,0000;0,0000;0,0000;0,0000;0;0;0;0
20260614_0117;Consistência_1000;classification;LeveragingBagging;Otimizado_33Features;classifier;classifier;classifier;N/A;N/A;N/A;2000;100;94;11300;0,0000;0,0000;0,0000;0,0000;0,0000;0,0000;0;0;0;0
20260614_0117;Consistência_1000;classification;LeveragingBagging;Otimizado_33Features;classifier;classifier;classifier;N/A;N/A;N/A;2000;100;95;11400;0,0000;0,0000;0,0000;0,0000;0,0000;0,0000;0;0;0;0
20260614_0117;Consistência_1000;classification;LeveragingBagging;Otimizado_33Features;classifier;classifier;classifier;N/A;N/A;N/A;2000;100;96;11500;0,0000;0,0000;0,0000;0,0000;0,0000;0,0000;0;0;0;0
20260614_0117;Consistência_1000;classification;LeveragingBagging;Otimizado_33Features;classifier;classifier;classifier;N/A;N/A;N/A;2000;100;97;11600;0,0000;0,0000;0,0000;0,0000;0,0000;0,0000;0;0;0;0
20260614_0117;Consistência_1000;classification;LeveragingBagging;Otimizado_33Features;classifier;classifier;classifier;N/A;N/A;N/A;2000;100;98;11700;0,0000;0,0000;0,0000;0,0000;0,0000;0,0000;1;1;0;0
20260614_0117;Consistência_1000;classification;LeveragingBagging;Otimizado_33Features;classifier;classifier;classifier;N/A;N/A;N/A;2000;100;99;11800;0,0000;0,0000;0,0000;0,0000;0,0000;0,0000;0;0;0;0
20260614_0117;Consistência_1000;classification;LeveragingBagging;Otimizado_33Features;classifier;classifier;classifier;N/A;N/A;N/A;2000;100;100;11900;0,0000;0,0000;0,0000;0,0000;0,0000;0,0000;0;0;0;0
20260614_0117;Consistência_1000;classification;LeveragingBagging;Otimizado_33Features;classifier;classifier;classifier;N/A;N/A;N/A;2000;100;101;12000;0,0000;0,0000;0,0000;0,0000;0,0000;0,0000;0;0;0;0
20260614_0117;Consistência_1000;classification;LeveragingBagging;Otimizado_33Features;classifier;classifier;classifier;N/A;N/A;N/A;2000;100;102;12100;0,0000;0,0000;0,0000;0,0000;0,0000;0,0000;0;0;0;0
20260614_0117;Consistência_1000;classification;LeveragingBagging;Otimizado_33Features;classifier;classifier;classifier;N/A;N/A;N/A;2000;100;103;12200;0,0000;0,0000;0,0000;0,0000;0,0000;0,0000;0;0;0;0
20260614_0117;Consistência_1000;classification;LeveragingBagging;Otimizado_33Features;classifier;classifier;classifier;N/A;N/A;N/A;2000;100;104;12300;0,0000;0,0000;0,0000;0,0000;0,0000;0,0000;0;0;0;0
20260614_0117;Consistência_1000;classification;LeveragingBagging;Otimizado_33Features;classifier;classifier;classifier;N/A;N/A;N/A;2000;100;105;12400;0,0000;0,0000;0,0000;0,0000;0,0000;0,0000;0;0;0;0
20260614_0117;Consistência_1000;classification;LeveragingBagging;Otimizado_33Features;classifier;classifier;classifier;N/A;N/A;N/A;2000;100;106;12500;0,0000;0,0000;0,0000;0,0000;0,0000;0,0000;0;0;0;0
20260614_0117;Consistência_1000;classification;LeveragingBagging;Otimizado_33Features;classifier;classifier;classifier;N/A;N/A;N/A;2000;100;107;12600;0,0000;0,0000;0,0000;0,0000;0,0000;0,0000;0;0;0;0
20260614_0117;Consistência_1000;classification;LeveragingBagging;Otimizado_33Features;classifier;classifier;classifier;N/A;N/A;N/A;2000;100;108;12700;0,0000;0,0000;0,0000;0,0000;0,0000;0,0000;0;0;0;0
20260614_0117;Consistência_1000;classification;LeveragingBagging;Otimizado_33Features;classifier;classifier;classifier;N/A;N/A;N/A;2000;100;109;12800;0,0000;0,0000;0,0000;0,0000;0,0000;0,0000;1;1;0;0
20260614_0117;Consistência_1000;classification;LeveragingBagging;Otimizado_33Features;classifier;classifier;classifier;N/A;N/A;N/A;2000;100;110;12900;0,0000;0,0000;0,0000;0,0000;0,0000;0,0000;0;0;0;0
20260614_0117;Consistência_1000;classification;LeveragingBagging;Otimizado_33Features;classifier;classifier;classifier;N/A;N/A;N/A;2000;100;111;13000;0,0000;0,0000;0,0000;0,0000;0,0000;0,0000;0;0;0;0
20260614_0117;Consistência_1000;classification;LeveragingBagging;Otimizado_33Features;classifier;classifier;classifier;N/A;N/A;N/A;2000;100;112;13100;0,0000;0,0000;0,0000;0,0000;0,0000;0,0000;1;1;0;0
20260614_0117;Consistência_1000;classification;LeveragingBagging;Otimizado_33Features;classifier;classifier;classifier;N/A;N/A;N/A;2000;100;113;13200;0,0000;0,0000;0,0000;0,0000;0,0000;0,0000;0;0;0;0
20260614_0117;Consistência_1000;classification;LeveragingBagging;Otimizado_33Features;classifier;classifier;classifier;N/A;N/A;N/A;2000;100;114;13300;97,5879;0,5047;100,0000;0,0000;95,2941;0,9606;0;0;3;1
20260614_0117;Consistência_1000;classification;LeveragingBagging;Otimizado_33Features;classifier;classifier;classifier;N/A;N/A;N/A;2000;100;115;13400;100,0000;0,0000;100,0000;0,0000;100,0000;0,0000;0;0;0;0
20260614_0117;Consistência_1000;classification;LeveragingBagging;Otimizado_33Features;classifier;classifier;classifier;N/A;N/A;N/A;2000;100;116;13500;99,4975;0,0000;100,0000;0,0000;99,0000;0,0000;0;0;1;0
20260614_0117;Consistência_1000;classification;LeveragingBagging;Otimizado_33Features;classifier;classifier;classifier;N/A;N/A;N/A;2000;100;117;13600;98,5694;0,4582;100,0000;0,0000;97,1831;0,8908;0;0;2;1
20260614_0117;Consistência_1000;classification;LeveragingBagging;Otimizado_33Features;classifier;classifier;classifier;N/A;N/A;N/A;2000;100;118;13700;100,0000;0,0000;100,0000;0,0000;100,0000;0,0000;0;0;0;0
20260614_0117;Consistência_1000;classification;LeveragingBagging;Otimizado_33Features;classifier;classifier;classifier;N/A;N/A;N/A;2000;100;119;13800;97,8495;0,0000;100,0000;0,0000;95,7895;0,0000;0;0;4;0
20260614_0117;Consistência_1000;classification;LeveragingBagging;Otimizado_33Features;classifier;classifier;classifier;N/A;N/A;N/A;2000;100;120;13900;100,0000;0,0000;100,0000;0,0000;100,0000;0,0000;0;0;0;0
20260614_0117;Consistência_1000;classification;LeveragingBagging;Otimizado_33Features;classifier;classifier;classifier;N/A;N/A;N/A;2000;100;121;14000;100,0000;0,0000;100,0000;0,0000;100,0000;0,0000;0;0;0;0
20260614_0117;Consistência_1000;classification;LeveragingBagging;Otimizado_33Features;classifier;classifier;classifier;N/A;N/A;N/A;2000;100;122;14100;100,0000;0,0000;100,0000;0,0000;100,0000;0,0000;0;0;0;0
20260614_0117;Consistência_1000;classification;LeveragingBagging;Otimizado_33Features;classifier;classifier;classifier;N/A;N/A;N/A;2000;100;123;14200;100,0000;0,0000;100,0000;0,0000;100,0000;0,0000;0;0;0;0
20260614_0117;Consistência_1000;classification;LeveragingBagging;Otimizado_33Features;classifier;classifier;classifier;N/A;N/A;N/A;2000;100;124;14300;100,0000;0,0000;100,0000;0,0000;100,0000;0,0000;0;0;0;0
20260614_0117;Consistência_1000;classification;LeveragingBagging;Otimizado_33Features;classifier;classifier;classifier;N/A;N/A;N/A;2000;100;125;14400;0,0000;0,0000;0,0000;0,0000;0,0000;0,0000;1;1;0;0
20260614_0117;Consistência_1000;classification;LeveragingBagging;Otimizado_33Features;classifier;classifier;classifier;N/A;N/A;N/A;2000;100;126;14500;0,0000;0,0000;0,0000;0,0000;0,0000;0,0000;0;0;0;0
20260614_0117;Consistência_1000;classification;LeveragingBagging;Otimizado_33Features;classifier;classifier;classifier;N/A;N/A;N/A;2000;100;127;14600;0,0000;0,0000;0,0000;0,0000;0,0000;0,0000;0;0;0;0
20260614_0117;Consistência_1000;classification;LeveragingBagging;Otimizado_33Features;classifier;classifier;classifier;N/A;N/A;N/A;2000;100;128;14700;0,0000;0,0000;0,0000;0,0000;0,0000;0,0000;0;0;0;0
20260614_0117;Consistência_1000;classification;LeveragingBagging;Otimizado_33Features;classifier;classifier;classifier;N/A;N/A;N/A;2000;100;129;14800;0,0000;0,0000;0,0000;0,0000;0,0000;0,0000;1;1;0;0
20260614_0117;Consistência_1000;classification;LeveragingBagging;Otimizado_33Features;classifier;classifier;classifier;N/A;N/A;N/A;2000;100;130;14900;0,0000;0,0000;0,0000;0,0000;0,0000;0,0000;0;0;0;0
20260614_0117;Consistência_1000;classification;LeveragingBagging;Otimizado_33Features;classifier;classifier;classifier;N/A;N/A;N/A;2000;100;131;15000;0,0000;0,0000;0,0000;0,0000;0,0000;0,0000;0;0;0;0
20260614_0117;Consistência_1000;classification;LeveragingBagging;Otimizado_33Features;classifier;classifier;classifier;N/A;N/A;N/A;2000;100;132;15100;0,0000;0,0000;0,0000;0,0000;0,0000;0,0000;0;0;0;0
20260614_0117;Consistência_1000;classification;LeveragingBagging;Otimizado_33Features;classifier;classifier;classifier;N/A;N/A;N/A;2000;100;133;15200;0,0000;0,0000;0,0000;0,0000;0,0000;0,0000;0;0;0;0
20260614_0117;Consistência_1000;classification;LeveragingBagging;Otimizado_33Features;classifier;classifier;classifier;N/A;N/A;N/A;2000;100;134;15300;0,0000;0,0000;0,0000;0,0000;0,0000;0,0000;0;0;0;0
20260614_0117;Consistência_1000;classification;LeveragingBagging;Otimizado_33Features;classifier;classifier;classifier;N/A;N/A;N/A;2000;100;135;15400;0,0000;0,0000;0,0000;0,0000;0,0000;0,0000;0;0;0;0
20260614_0117;Consistência_1000;classification;LeveragingBagging;Otimizado_33Features;classifier;classifier;classifier;N/A;N/A;N/A;2000;100;136;15500;0,0000;0,0000;0,0000;0,0000;0,0000;0,0000;0;0;0;0
20260614_0117;Consistência_1000;classification;LeveragingBagging;Otimizado_33Features;classifier;classifier;classifier;N/A;N/A;N/A;2000;100;137;15600;0,0000;0,0000;0,0000;0,0000;0,0000;0,0000;0;0;0;0
20260614_0117;Consistência_1000;classification;LeveragingBagging;Otimizado_33Features;classifier;classifier;classifier;N/A;N/A;N/A;2000;100;138;15700;0,0000;0,0000;0,0000;0,0000;0,0000;0,0000;0;0;0;0
20260614_0117;Consistência_1000;classification;LeveragingBagging;Otimizado_33Features;classifier;classifier;classifier;N/A;N/A;N/A;2000;100;139;15800;0,0000;0,0000;0,0000;0,0000;0,0000;0,0000;0;0;0;0
20260614_0117;Consistência_1000;classification;LeveragingBagging;Otimizado_33Features;classifier;classifier;classifier;N/A;N/A;N/A;2000;100;140;15900;0,0000;0,0000;0,0000;0,0000;0,0000;0,0000;0;0;0;0
20260614_0117;Consistência_1000;classification;LeveragingBagging;Otimizado_33Features;classifier;classifier;classifier;N/A;N/A;N/A;2000;100;141;16000;0,0000;0,0000;0,0000;0,0000;0,0000;0,0000;0;0;0;0
20260614_0117;Consistência_1000;classification;LeveragingBagging;Otimizado_33Features;classifier;classifier;classifier;N/A;N/A;N/A;2000;100;142;16100;0,0000;0,0000;0,0000;0,0000;0,0000;0,0000;0;0;0;0
20260614_0117;Consistência_1000;classification;LeveragingBagging;Otimizado_33Features;classifier;classifier;classifier;N/A;N/A;N/A;2000;100;143;16200;0,0000;0,0000;0,0000;0,0000;0,0000;0,0000;0;0;0;0
20260614_0117;Consistência_1000;classification;LeveragingBagging;Otimizado_33Features;classifier;classifier;classifier;N/A;N/A;N/A;2000;100;144;16300;0,0000;0,0000;0,0000;0,0000;0,0000;0,0000;0;0;0;0
20260614_0117;Consistência_1000;classification;LeveragingBagging;Otimizado_33Features;classifier;classifier;classifier;N/A;N/A;N/A;2000;100;145;16400;0,0000;0,0000;0,0000;0,0000;0,0000;0,0000;0;0;0;0
20260614_0117;Consistência_1000;classification;LeveragingBagging;Otimizado_33Features;classifier;classifier;classifier;N/A;N/A;N/A;2000;100;146;16500;0,0000;0,0000;0,0000;0,0000;0,0000;0,0000;0;0;0;0
20260614_0117;Consistência_1000;classification;LeveragingBagging;Otimizado_33Features;classifier;classifier;classifier;N/A;N/A;N/A;2000;100;147;16600;0,0000;0,0000;0,0000;0,0000;0,0000;0,0000;0;0;0;0
20260614_0117;Consistência_1000;classification;LeveragingBagging;Otimizado_33Features;classifier;classifier;classifier;N/A;N/A;N/A;2000;100;148;16700;0,0000;0,0000;0,0000;0,0000;0,0000;0,0000;0;0;0;0
20260614_0117;Consistência_1000;classification;LeveragingBagging;Otimizado_33Features;classifier;classifier;classifier;N/A;N/A;N/A;2000;100;149;16800;0,0000;0,0000;0,0000;0,0000;0,0000;0,0000;0;0;0;0
20260614_0117;Consistência_1000;classification;LeveragingBagging;Otimizado_33Features;classifier;classifier;classifier;N/A;N/A;N/A;2000;100;150;16900;0,0000;0,0000;0,0000;0,0000;0,0000;0,0000;0;0;0;0
20260614_0117;Consistência_1000;classification;LeveragingBagging;Otimizado_33Features;classifier;classifier;classifier;N/A;N/A;N/A;2000;100;151;17000;0,0000;0,0000;0,0000;0,0000;0,0000;0,0000;0;0;0;0
20260614_0117;Consistência_1000;classification;LeveragingBagging;Otimizado_33Features;classifier;classifier;classifier;N/A;N/A;N/A;2000;100;152;17100;0,0000;0,0000;0,0000;0,0000;0,0000;0,0000;0;0;0;0
20260614_0117;Consistência_1000;classification;LeveragingBagging;Otimizado_33Features;classifier;classifier;classifier;N/A;N/A;N/A;2000;100;153;17200;0,0000;0,0000;0,0000;0,0000;0,0000;0,0000;0;0;0;0
20260614_0117;Consistência_1000;classification;LeveragingBagging;Otimizado_33Features;classifier;classifier;classifier;N/A;N/A;N/A;2000;100;154;17300;0,0000;0,0000;0,0000;0,0000;0,0000;0,0000;0;0;0;0
20260614_0117;Consistência_1000;classification;LeveragingBagging;Otimizado_33Features;classifier;classifier;classifier;N/A;N/A;N/A;2000;100;155;17400;0,0000;0,0000;0,0000;0,0000;0,0000;0,0000;0;0;0;0
20260614_0117;Consistência_1000;classification;LeveragingBagging;Otimizado_33Features;classifier;classifier;classifier;N/A;N/A;N/A;2000;100;156;17500;0,0000;0,0000;0,0000;0,0000;0,0000;0,0000;0;0;0;0
20260614_0117;Consistência_1000;classification;LeveragingBagging;Otimizado_33Features;classifier;classifier;classifier;N/A;N/A;N/A;2000;100;157;17600;0,0000;0,0000;0,0000;0,0000;0,0000;0,0000;0;0;0;0
20260614_0117;Consistência_1000;classification;LeveragingBagging;Otimizado_33Features;classifier;classifier;classifier;N/A;N/A;N/A;2000;100;158;17700;0,0000;0,0000;0,0000;0,0000;0,0000;0,0000;0;0;0;0
20260614_0117;Consistência_1000;classification;LeveragingBagging;Otimizado_33Features;classifier;classifier;classifier;N/A;N/A;N/A;2000;100;159;17800;0,0000;0,0000;0,0000;0,0000;0,0000;0,0000;0;0;0;0
20260614_0117;Consistência_1000;classification;LeveragingBagging;Otimizado_33Features;classifier;classifier;classifier;N/A;N/A;N/A;2000;100;160;17900;0,0000;0,0000;0,0000;0,0000;0,0000;0,0000;0;0;0;0
