Exec_ID;Dataset;Task_Type;Model;Scenario;Strategy;Threshold_Strategy;Decision_Strategy;Decision_Window;Persistence_K;Persistence_N;Warmup;Window_Size;Window_Index;Instance;F1_avg;F1_std;Prec_avg;Prec_std;Rec_avg;Rec_std;FP_avg;FP_std;FN_avg;FN_std
20260614_0639;Consistência_25;classification;LeveragingBagging;Default_33Features;classifier;classifier;classifier;N/A;N/A;N/A;2000;100;1;2000;0,0000;0,0000;0,0000;0,0000;0,0000;0,0000;0;0;0;0
20260614_0639;Consistência_25;classification;LeveragingBagging;Default_33Features;classifier;classifier;classifier;N/A;N/A;N/A;2000;100;2;2100;0,0000;0,0000;0,0000;0,0000;0,0000;0,0000;0;0;0;0
20260614_0639;Consistência_25;classification;LeveragingBagging;Default_33Features;classifier;classifier;classifier;N/A;N/A;N/A;2000;100;3;2200;0,0000;0,0000;0,0000;0,0000;0,0000;0,0000;0;0;0;0
20260614_0639;Consistência_25;classification;LeveragingBagging;Default_33Features;classifier;classifier;classifier;N/A;N/A;N/A;2000;100;4;2300;0,0000;0,0000;0,0000;0,0000;0,0000;0,0000;0;0;0;0
20260614_0639;Consistência_25;classification;LeveragingBagging;Default_33Features;classifier;classifier;classifier;N/A;N/A;N/A;2000;100;5;2400;0,0000;0,0000;0,0000;0,0000;0,0000;0,0000;0;0;0;0
20260614_0639;Consistência_25;classification;LeveragingBagging;Default_33Features;classifier;classifier;classifier;N/A;N/A;N/A;2000;100;6;2500;0,0000;0,0000;0,0000;0,0000;0,0000;0,0000;0;0;0;0
20260614_0639;Consistência_25;classification;LeveragingBagging;Default_33Features;classifier;classifier;classifier;N/A;N/A;N/A;2000;100;7;2600;0,0000;0,0000;0,0000;0,0000;0,0000;0,0000;0;0;0;0
20260614_0639;Consistência_25;classification;LeveragingBagging;Default_33Features;classifier;classifier;classifier;N/A;N/A;N/A;2000;100;8;2700;0,0000;0,0000;0,0000;0,0000;0,0000;0,0000;0;0;0;0
20260614_0639;Consistência_25;classification;LeveragingBagging;Default_33Features;classifier;classifier;classifier;N/A;N/A;N/A;2000;100;9;2800;0,0000;0,0000;0,0000;0,0000;0,0000;0,0000;0;0;0;0
20260614_0639;Consistência_25;classification;LeveragingBagging;Default_33Features;classifier;classifier;classifier;N/A;N/A;N/A;2000;100;10;2900;0,0000;0,0000;0,0000;0,0000;0,0000;0,0000;0;0;0;0
20260614_0639;Consistência_25;classification;LeveragingBagging;Default_33Features;classifier;classifier;classifier;N/A;N/A;N/A;2000;100;11;3000;0,0000;0,0000;0,0000;0,0000;0,0000;0,0000;0;0;0;0
20260614_0639;Consistência_25;classification;LeveragingBagging;Default_33Features;classifier;classifier;classifier;N/A;N/A;N/A;2000;100;12;3100;0,0000;0,0000;0,0000;0,0000;0,0000;0,0000;0;0;0;0
20260614_0639;Consistência_25;classification;LeveragingBagging;Default_33Features;classifier;classifier;classifier;N/A;N/A;N/A;2000;100;13;3200;0,0000;0,0000;0,0000;0,0000;0,0000;0,0000;0;0;0;0
20260614_0639;Consistência_25;classification;LeveragingBagging;Default_33Features;classifier;classifier;classifier;N/A;N/A;N/A;2000;100;14;3300;0,0000;0,0000;0,0000;0,0000;0,0000;0,0000;0;0;0;0
20260614_0639;Consistência_25;classification;LeveragingBagging;Default_33Features;classifier;classifier;classifier;N/A;N/A;N/A;2000;100;15;3400;0,0000;0,0000;0,0000;0,0000;0,0000;0,0000;0;0;0;0
20260614_0639;Consistência_25;classification;LeveragingBagging;Default_33Features;classifier;classifier;classifier;N/A;N/A;N/A;2000;100;16;3500;0,0000;0,0000;0,0000;0,0000;0,0000;0,0000;0;0;0;0
20260614_0639;Consistência_25;classification;LeveragingBagging;Default_33Features;classifier;classifier;classifier;N/A;N/A;N/A;2000;100;17;3600;0,0000;0,0000;0,0000;0,0000;0,0000;0,0000;0;0;0;0
20260614_0639;Consistência_25;classification;LeveragingBagging;Default_33Features;classifier;classifier;classifier;N/A;N/A;N/A;2000;100;18;3700;0,0000;0,0000;0,0000;0,0000;0,0000;0,0000;0;0;0;0
20260614_0639;Consistência_25;classification;LeveragingBagging;Default_33Features;classifier;classifier;classifier;N/A;N/A;N/A;2000;100;19;3800;91,3043;0,0000;100,0000;0,0000;84,0000;0,0000;0;0;4;0
20260614_0639;Consistência_25;classification;LeveragingBagging;Default_33Features;classifier;classifier;classifier;N/A;N/A;N/A;2000;100;20;3900;0,0000;0,0000;0,0000;0,0000;0,0000;0,0000;1;0;0;0
20260614_0639;Consistência_25;classification;LeveragingBagging;Default_33Features;classifier;classifier;classifier;N/A;N/A;N/A;2000;100;21;4000;0,0000;0,0000;0,0000;0,0000;0,0000;0,0000;1;0;0;0
20260614_0639;Consistência_25;classification;LeveragingBagging;Default_33Features;classifier;classifier;classifier;N/A;N/A;N/A;2000;100;22;4100;0,0000;0,0000;0,0000;0,0000;0,0000;0,0000;0;0;0;0
20260614_0639;Consistência_25;classification;LeveragingBagging;Default_33Features;classifier;classifier;classifier;N/A;N/A;N/A;2000;100;23;4200;0,0000;0,0000;0,0000;0,0000;0,0000;0,0000;0;0;0;0
20260614_0639;Consistência_25;classification;LeveragingBagging;Default_33Features;classifier;classifier;classifier;N/A;N/A;N/A;2000;100;24;4300;0,0000;0,0000;0,0000;0,0000;0,0000;0,0000;0;0;0;0
20260614_0639;Consistência_25;classification;LeveragingBagging;Default_33Features;classifier;classifier;classifier;N/A;N/A;N/A;2000;100;25;4400;0,0000;0,0000;0,0000;0,0000;0,0000;0,0000;0;0;0;0
20260614_0639;Consistência_25;classification;LeveragingBagging;Default_33Features;classifier;classifier;classifier;N/A;N/A;N/A;2000;100;26;4500;0,0000;0,0000;0,0000;0,0000;0,0000;0,0000;0;0;0;0
20260614_0639;Consistência_25;classification;LeveragingBagging;Default_33Features;classifier;classifier;classifier;N/A;N/A;N/A;2000;100;27;4600;0,0000;0,0000;0,0000;0,0000;0,0000;0,0000;0;0;0;0
20260614_0639;Consistência_25;classification;LeveragingBagging;Default_33Features;classifier;classifier;classifier;N/A;N/A;N/A;2000;100;28;4700;0,0000;0,0000;0,0000;0,0000;0,0000;0,0000;0;0;0;0
20260614_0639;Consistência_25;classification;LeveragingBagging;Default_33Features;classifier;classifier;classifier;N/A;N/A;N/A;2000;100;29;4800;0,0000;0,0000;0,0000;0,0000;0,0000;0,0000;0;0;0;0
20260614_0639;Consistência_25;classification;LeveragingBagging;Default_33Features;classifier;classifier;classifier;N/A;N/A;N/A;2000;100;30;4900;0,0000;0,0000;0,0000;0,0000;0,0000;0,0000;0;0;0;0
20260614_0639;Consistência_25;classification;LeveragingBagging;Default_33Features;classifier;classifier;classifier;N/A;N/A;N/A;2000;100;31;5000;0,0000;0,0000;0,0000;0,0000;0,0000;0,0000;0;0;0;0
20260614_0639;Consistência_25;classification;LeveragingBagging;Default_33Features;classifier;classifier;classifier;N/A;N/A;N/A;2000;100;32;5100;0,0000;0,0000;0,0000;0,0000;0,0000;0,0000;0;0;0;0
20260614_0639;Consistência_25;classification;LeveragingBagging;Default_33Features;classifier;classifier;classifier;N/A;N/A;N/A;2000;100;33;5200;0,0000;0,0000;0,0000;0,0000;0,0000;0,0000;0;0;0;0
20260614_0639;Consistência_25;classification;LeveragingBagging;Default_33Features;classifier;classifier;classifier;N/A;N/A;N/A;2000;100;34;5300;0,0000;0,0000;0,0000;0,0000;0,0000;0,0000;0;0;0;0
20260614_0639;Consistência_25;classification;LeveragingBagging;Default_33Features;classifier;classifier;classifier;N/A;N/A;N/A;2000;100;35;5400;0,0000;0,0000;0,0000;0,0000;0,0000;0,0000;0;0;0;0
20260614_0639;Consistência_25;classification;LeveragingBagging;Default_33Features;classifier;classifier;classifier;N/A;N/A;N/A;2000;100;36;5500;0,0000;0,0000;0,0000;0,0000;0,0000;0,0000;0;0;0;0
20260614_0639;Consistência_25;classification;LeveragingBagging;Default_33Features;classifier;classifier;classifier;N/A;N/A;N/A;2000;100;37;5600;0,0000;0,0000;0,0000;0,0000;0,0000;0,0000;0;0;0;0
20260614_0639;Consistência_25;classification;LeveragingBagging;Default_33Features;classifier;classifier;classifier;N/A;N/A;N/A;2000;100;38;5700;0,0000;0,0000;0,0000;0,0000;0,0000;0,0000;0;0;0;0
20260614_0639;Consistência_25;classification;LeveragingBagging;Default_33Features;classifier;classifier;classifier;N/A;N/A;N/A;2000;100;39;5800;0,0000;0,0000;0,0000;0,0000;0,0000;0,0000;0;0;0;0
20260614_0639;Consistência_25;classification;LeveragingBagging;Default_33Features;classifier;classifier;classifier;N/A;N/A;N/A;2000;100;40;5900;0,0000;0,0000;0,0000;0,0000;0,0000;0,0000;0;0;0;0
20260614_0639;Consistência_25;classification;LeveragingBagging;Default_33Features;classifier;classifier;classifier;N/A;N/A;N/A;2000;100;41;6000;0,0000;0,0000;0,0000;0,0000;0,0000;0,0000;0;0;0;0
20260614_0639;Consistência_25;classification;LeveragingBagging;Default_33Features;classifier;classifier;classifier;N/A;N/A;N/A;2000;100;42;6100;0,0000;0,0000;0,0000;0,0000;0,0000;0,0000;0;0;0;0
20260614_0639;Consistência_25;classification;LeveragingBagging;Default_33Features;classifier;classifier;classifier;N/A;N/A;N/A;2000;100;43;6200;0,0000;0,0000;0,0000;0,0000;0,0000;0,0000;0;0;0;0
20260614_0639;Consistência_25;classification;LeveragingBagging;Default_33Features;classifier;classifier;classifier;N/A;N/A;N/A;2000;100;44;6300;0,0000;0,0000;0,0000;0,0000;0,0000;0,0000;0;0;0;0
20260614_0639;Consistência_25;classification;LeveragingBagging;Default_33Features;classifier;classifier;classifier;N/A;N/A;N/A;2000;100;45;6400;0,0000;0,0000;0,0000;0,0000;0,0000;0,0000;0;0;0;0
20260614_0639;Consistência_25;classification;LeveragingBagging;Default_33Features;classifier;classifier;classifier;N/A;N/A;N/A;2000;100;46;6500;0,0000;0,0000;0,0000;0,0000;0,0000;0,0000;0;0;0;0
20260614_0639;Consistência_25;classification;LeveragingBagging;Default_33Features;classifier;classifier;classifier;N/A;N/A;N/A;2000;100;47;6600;0,0000;0,0000;0,0000;0,0000;0,0000;0,0000;0;0;0;0
20260614_0639;Consistência_25;classification;LeveragingBagging;Default_33Features;classifier;classifier;classifier;N/A;N/A;N/A;2000;100;48;6700;0,0000;0,0000;0,0000;0,0000;0,0000;0,0000;0;0;0;0
20260614_0639;Consistência_25;classification;LeveragingBagging;Default_33Features;classifier;classifier;classifier;N/A;N/A;N/A;2000;100;49;6800;0,0000;0,0000;0,0000;0,0000;0,0000;0,0000;0;0;0;0
20260614_0639;Consistência_25;classification;LeveragingBagging;Default_33Features;classifier;classifier;classifier;N/A;N/A;N/A;2000;100;50;6900;0,0000;0,0000;0,0000;0,0000;0,0000;0,0000;0;0;0;0
20260614_0639;Consistência_25;classification;LeveragingBagging;Default_33Features;classifier;classifier;classifier;N/A;N/A;N/A;2000;100;51;7000;0,0000;0,0000;0,0000;0,0000;0,0000;0,0000;0;0;0;0
20260614_0639;Consistência_25;classification;LeveragingBagging;Default_33Features;classifier;classifier;classifier;N/A;N/A;N/A;2000;100;52;7100;0,0000;0,0000;0,0000;0,0000;0,0000;0,0000;0;0;0;0
20260614_0639;Consistência_25;classification;LeveragingBagging;Default_33Features;classifier;classifier;classifier;N/A;N/A;N/A;2000;100;53;7200;0,0000;0,0000;0,0000;0,0000;0,0000;0,0000;0;0;0;0
20260614_0639;Consistência_25;classification;LeveragingBagging;Default_33Features;classifier;classifier;classifier;N/A;N/A;N/A;2000;100;54;7300;0,0000;0,0000;0,0000;0,0000;0,0000;0,0000;0;0;0;0
20260614_0639;Consistência_25;classification;LeveragingBagging;Default_33Features;classifier;classifier;classifier;N/A;N/A;N/A;2000;100;55;7400;0,0000;0,0000;0,0000;0,0000;0,0000;0,0000;0;0;0;0
20260614_0639;Consistência_25;classification;LeveragingBagging;Default_33Features;classifier;classifier;classifier;N/A;N/A;N/A;2000;100;56;7500;0,0000;0,0000;0,0000;0,0000;0,0000;0,0000;0;0;0;0
20260614_0639;Consistência_25;classification;LeveragingBagging;Default_33Features;classifier;classifier;classifier;N/A;N/A;N/A;2000;100;57;7600;97,7778;0,0000;100,0000;0,0000;95,6522;0,0000;0;0;1;0
20260614_0639;Consistência_25;classification;LeveragingBagging;Default_33Features;classifier;classifier;classifier;N/A;N/A;N/A;2000;100;58;7700;0,0000;0,0000;0,0000;0,0000;0,0000;0,0000;0;0;0;0
20260614_0639;Consistência_25;classification;LeveragingBagging;Default_33Features;classifier;classifier;classifier;N/A;N/A;N/A;2000;100;59;7800;0,0000;0,0000;0,0000;0,0000;0,0000;0,0000;0;0;0;0
20260614_0639;Consistência_25;classification;LeveragingBagging;Default_33Features;classifier;classifier;classifier;N/A;N/A;N/A;2000;100;60;7900;0,0000;0,0000;0,0000;0,0000;0,0000;0,0000;0;0;0;0
20260614_0639;Consistência_25;classification;LeveragingBagging;Default_33Features;classifier;classifier;classifier;N/A;N/A;N/A;2000;100;61;8000;0,0000;0,0000;0,0000;0,0000;0,0000;0,0000;0;0;0;0
20260614_0639;Consistência_25;classification;LeveragingBagging;Default_33Features;classifier;classifier;classifier;N/A;N/A;N/A;2000;100;62;8100;0,0000;0,0000;0,0000;0,0000;0,0000;0,0000;0;0;0;0
20260614_0639;Consistência_25;classification;LeveragingBagging;Default_33Features;classifier;classifier;classifier;N/A;N/A;N/A;2000;100;63;8200;0,0000;0,0000;0,0000;0,0000;0,0000;0,0000;0;0;0;0
20260614_0639;Consistência_25;classification;LeveragingBagging;Default_33Features;classifier;classifier;classifier;N/A;N/A;N/A;2000;100;64;8300;0,0000;0,0000;0,0000;0,0000;0,0000;0,0000;0;0;0;0
20260614_0639;Consistência_25;classification;LeveragingBagging;Default_33Features;classifier;classifier;classifier;N/A;N/A;N/A;2000;100;65;8400;0,0000;0,0000;0,0000;0,0000;0,0000;0,0000;0;0;0;0
20260614_0639;Consistência_25;classification;LeveragingBagging;Default_33Features;classifier;classifier;classifier;N/A;N/A;N/A;2000;100;66;8500;0,0000;0,0000;0,0000;0,0000;0,0000;0,0000;0;0;0;0
20260614_0639;Consistência_25;classification;LeveragingBagging;Default_33Features;classifier;classifier;classifier;N/A;N/A;N/A;2000;100;67;8600;0,0000;0,0000;0,0000;0,0000;0,0000;0,0000;0;0;0;0
20260614_0639;Consistência_25;classification;LeveragingBagging;Default_33Features;classifier;classifier;classifier;N/A;N/A;N/A;2000;100;68;8700;0,0000;0,0000;0,0000;0,0000;0,0000;0,0000;0;0;0;0
20260614_0639;Consistência_25;classification;LeveragingBagging;Default_33Features;classifier;classifier;classifier;N/A;N/A;N/A;2000;100;69;8800;0,0000;0,0000;0,0000;0,0000;0,0000;0,0000;0;0;0;0
20260614_0639;Consistência_25;classification;LeveragingBagging;Default_33Features;classifier;classifier;classifier;N/A;N/A;N/A;2000;100;70;8900;0,0000;0,0000;0,0000;0,0000;0,0000;0,0000;0;0;0;0
20260614_0639;Consistência_25;classification;LeveragingBagging;Default_33Features;classifier;classifier;classifier;N/A;N/A;N/A;2000;100;71;9000;0,0000;0,0000;0,0000;0,0000;0,0000;0,0000;0;0;0;0
20260614_0639;Consistência_25;classification;LeveragingBagging;Default_33Features;classifier;classifier;classifier;N/A;N/A;N/A;2000;100;72;9100;0,0000;0,0000;0,0000;0,0000;0,0000;0,0000;0;0;0;0
20260614_0639;Consistência_25;classification;LeveragingBagging;Default_33Features;classifier;classifier;classifier;N/A;N/A;N/A;2000;100;73;9200;0,0000;0,0000;0,0000;0,0000;0,0000;0,0000;0;0;0;0
20260614_0639;Consistência_25;classification;LeveragingBagging;Default_33Features;classifier;classifier;classifier;N/A;N/A;N/A;2000;100;74;9300;0,0000;0,0000;0,0000;0,0000;0,0000;0,0000;0;0;0;0
20260614_0639;Consistência_25;classification;LeveragingBagging;Default_33Features;classifier;classifier;classifier;N/A;N/A;N/A;2000;100;75;9400;0,0000;0,0000;0,0000;0,0000;0,0000;0,0000;0;0;0;0
20260614_0639;Consistência_25;classification;LeveragingBagging;Default_33Features;classifier;classifier;classifier;N/A;N/A;N/A;2000;100;76;9500;0,0000;0,0000;0,0000;0,0000;0,0000;0,0000;0;0;0;0
20260614_0639;Consistência_25;classification;LeveragingBagging;Default_33Features;classifier;classifier;classifier;N/A;N/A;N/A;2000;100;77;9600;0,0000;0,0000;0,0000;0,0000;0,0000;0,0000;0;0;0;0
20260614_0639;Consistência_25;classification;LeveragingBagging;Default_33Features;classifier;classifier;classifier;N/A;N/A;N/A;2000;100;78;9700;0,0000;0,0000;0,0000;0,0000;0,0000;0,0000;0;0;0;0
20260614_0639;Consistência_25;classification;LeveragingBagging;Default_33Features;classifier;classifier;classifier;N/A;N/A;N/A;2000;100;79;9800;0,0000;0,0000;0,0000;0,0000;0,0000;0,0000;0;0;0;0
20260614_0639;Consistência_25;classification;LeveragingBagging;Default_33Features;classifier;classifier;classifier;N/A;N/A;N/A;2000;100;80;9900;0,0000;0,0000;0,0000;0,0000;0,0000;0,0000;0;0;0;0
20260614_0639;Consistência_25;classification;LeveragingBagging;Default_33Features;classifier;classifier;classifier;N/A;N/A;N/A;2000;100;81;10000;0,0000;0,0000;0,0000;0,0000;0,0000;0,0000;0;0;0;0
20260614_0639;Consistência_25;classification;LeveragingBagging;Default_33Features;classifier;classifier;classifier;N/A;N/A;N/A;2000;100;82;10100;0,0000;0,0000;0,0000;0,0000;0,0000;0,0000;0;0;0;0
20260614_0639;Consistência_25;classification;LeveragingBagging;Default_33Features;classifier;classifier;classifier;N/A;N/A;N/A;2000;100;83;10200;0,0000;0,0000;0,0000;0,0000;0,0000;0,0000;0;0;0;0
20260614_0639;Consistência_25;classification;LeveragingBagging;Default_33Features;classifier;classifier;classifier;N/A;N/A;N/A;2000;100;84;10300;0,0000;0,0000;0,0000;0,0000;0,0000;0,0000;0;0;0;0
20260614_0639;Consistência_25;classification;LeveragingBagging;Default_33Features;classifier;classifier;classifier;N/A;N/A;N/A;2000;100;85;10400;0,0000;0,0000;0,0000;0,0000;0,0000;0,0000;0;0;0;0
20260614_0639;Consistência_25;classification;LeveragingBagging;Default_33Features;classifier;classifier;classifier;N/A;N/A;N/A;2000;100;86;10500;0,0000;0,0000;0,0000;0,0000;0,0000;0,0000;0;0;0;0
20260614_0639;Consistência_25;classification;LeveragingBagging;Default_33Features;classifier;classifier;classifier;N/A;N/A;N/A;2000;100;87;10600;0,0000;0,0000;0,0000;0,0000;0,0000;0,0000;0;0;0;0
20260614_0639;Consistência_25;classification;LeveragingBagging;Default_33Features;classifier;classifier;classifier;N/A;N/A;N/A;2000;100;88;10700;0,0000;0,0000;0,0000;0,0000;0,0000;0,0000;0;0;0;0
20260614_0639;Consistência_25;classification;LeveragingBagging;Default_33Features;classifier;classifier;classifier;N/A;N/A;N/A;2000;100;89;10800;0,0000;0,0000;0,0000;0,0000;0,0000;0,0000;0;0;0;0
20260614_0639;Consistência_25;classification;LeveragingBagging;Default_33Features;classifier;classifier;classifier;N/A;N/A;N/A;2000;100;90;10900;0,0000;0,0000;0,0000;0,0000;0,0000;0,0000;0;0;0;0
20260614_0639;Consistência_25;classification;LeveragingBagging;Default_33Features;classifier;classifier;classifier;N/A;N/A;N/A;2000;100;91;11000;0,0000;0,0000;0,0000;0,0000;0,0000;0,0000;0;0;0;0
20260614_0639;Consistência_25;classification;LeveragingBagging;Default_33Features;classifier;classifier;classifier;N/A;N/A;N/A;2000;100;92;11100;0,0000;0,0000;0,0000;0,0000;0,0000;0,0000;0;0;0;0
20260614_0639;Consistência_25;classification;LeveragingBagging;Default_33Features;classifier;classifier;classifier;N/A;N/A;N/A;2000;100;93;11200;0,0000;0,0000;0,0000;0,0000;0,0000;0,0000;0;0;0;0
20260614_0639;Consistência_25;classification;LeveragingBagging;Default_33Features;classifier;classifier;classifier;N/A;N/A;N/A;2000;100;94;11300;100,0000;0,0000;100,0000;0,0000;100,0000;0,0000;0;0;0;0
20260614_0639;Consistência_25;classification;LeveragingBagging;Default_33Features;classifier;classifier;classifier;N/A;N/A;N/A;2000;100;95;11400;97,7778;0,0000;100,0000;0,0000;95,6522;0,0000;0;0;1;0
20260614_0639;Consistência_25;classification;LeveragingBagging;Default_33Features;classifier;classifier;classifier;N/A;N/A;N/A;2000;100;96;11500;0,0000;0,0000;0,0000;0,0000;0,0000;0,0000;0;0;0;0
20260614_0639;Consistência_25;classification;LeveragingBagging;Default_33Features;classifier;classifier;classifier;N/A;N/A;N/A;2000;100;97;11600;0,0000;0,0000;0,0000;0,0000;0,0000;0,0000;0;0;0;0
20260614_0639;Consistência_25;classification;LeveragingBagging;Default_33Features;classifier;classifier;classifier;N/A;N/A;N/A;2000;100;98;11700;0,0000;0,0000;0,0000;0,0000;0,0000;0,0000;0;0;0;0
20260614_0639;Consistência_25;classification;LeveragingBagging;Default_33Features;classifier;classifier;classifier;N/A;N/A;N/A;2000;100;99;11800;0,0000;0,0000;0,0000;0,0000;0,0000;0,0000;0;0;0;0
20260614_0639;Consistência_25;classification;LeveragingBagging;Default_33Features;classifier;classifier;classifier;N/A;N/A;N/A;2000;100;100;11900;0,0000;0,0000;0,0000;0,0000;0,0000;0,0000;0;0;0;0
20260614_0639;Consistência_25;classification;LeveragingBagging;Default_33Features;classifier;classifier;classifier;N/A;N/A;N/A;2000;100;101;12000;0,0000;0,0000;0,0000;0,0000;0,0000;0,0000;0;0;0;0
20260614_0639;Consistência_25;classification;LeveragingBagging;Default_33Features;classifier;classifier;classifier;N/A;N/A;N/A;2000;100;102;12100;0,0000;0,0000;0,0000;0,0000;0,0000;0,0000;0;0;0;0
20260614_0639;Consistência_25;classification;LeveragingBagging;Default_33Features;classifier;classifier;classifier;N/A;N/A;N/A;2000;100;103;12200;0,0000;0,0000;0,0000;0,0000;0,0000;0,0000;0;0;0;0
20260614_0639;Consistência_25;classification;LeveragingBagging;Default_33Features;classifier;classifier;classifier;N/A;N/A;N/A;2000;100;104;12300;0,0000;0,0000;0,0000;0,0000;0,0000;0,0000;0;0;0;0
20260614_0639;Consistência_25;classification;LeveragingBagging;Default_33Features;classifier;classifier;classifier;N/A;N/A;N/A;2000;100;105;12400;0,0000;0,0000;0,0000;0,0000;0,0000;0,0000;0;0;0;0
20260614_0639;Consistência_25;classification;LeveragingBagging;Default_33Features;classifier;classifier;classifier;N/A;N/A;N/A;2000;100;106;12500;0,0000;0,0000;0,0000;0,0000;0,0000;0,0000;0;0;0;0
20260614_0639;Consistência_25;classification;LeveragingBagging;Default_33Features;classifier;classifier;classifier;N/A;N/A;N/A;2000;100;107;12600;0,0000;0,0000;0,0000;0,0000;0,0000;0,0000;0;0;0;0
20260614_0639;Consistência_25;classification;LeveragingBagging;Default_33Features;classifier;classifier;classifier;N/A;N/A;N/A;2000;100;108;12700;0,0000;0,0000;0,0000;0,0000;0,0000;0,0000;0;0;0;0
20260614_0639;Consistência_25;classification;LeveragingBagging;Default_33Features;classifier;classifier;classifier;N/A;N/A;N/A;2000;100;109;12800;0,0000;0,0000;0,0000;0,0000;0,0000;0,0000;0;0;0;0
20260614_0639;Consistência_25;classification;LeveragingBagging;Default_33Features;classifier;classifier;classifier;N/A;N/A;N/A;2000;100;110;12900;0,0000;0,0000;0,0000;0,0000;0,0000;0,0000;0;0;0;0
20260614_0639;Consistência_25;classification;LeveragingBagging;Default_33Features;classifier;classifier;classifier;N/A;N/A;N/A;2000;100;111;13000;0,0000;0,0000;0,0000;0,0000;0,0000;0,0000;0;0;0;0
20260614_0639;Consistência_25;classification;LeveragingBagging;Default_33Features;classifier;classifier;classifier;N/A;N/A;N/A;2000;100;112;13100;0,0000;0,0000;0,0000;0,0000;0,0000;0,0000;0;0;0;0
20260614_0639;Consistência_25;classification;LeveragingBagging;Default_33Features;classifier;classifier;classifier;N/A;N/A;N/A;2000;100;113;13200;0,0000;0,0000;0,0000;0,0000;0,0000;0,0000;0;0;0;0
20260614_0639;Consistência_25;classification;LeveragingBagging;Default_33Features;classifier;classifier;classifier;N/A;N/A;N/A;2000;100;114;13300;0,0000;0,0000;0,0000;0,0000;0,0000;0,0000;0;0;0;0
20260614_0639;Consistência_25;classification;LeveragingBagging;Default_33Features;classifier;classifier;classifier;N/A;N/A;N/A;2000;100;115;13400;0,0000;0,0000;0,0000;0,0000;0,0000;0,0000;0;0;0;0
20260614_0639;Consistência_25;classification;LeveragingBagging;Default_33Features;classifier;classifier;classifier;N/A;N/A;N/A;2000;100;116;13500;0,0000;0,0000;0,0000;0,0000;0,0000;0,0000;0;0;0;0
20260614_0639;Consistência_25;classification;LeveragingBagging;Default_33Features;classifier;classifier;classifier;N/A;N/A;N/A;2000;100;117;13600;0,0000;0,0000;0,0000;0,0000;0,0000;0,0000;0;0;0;0
20260614_0639;Consistência_25;classification;LeveragingBagging;Default_33Features;classifier;classifier;classifier;N/A;N/A;N/A;2000;100;118;13700;0,0000;0,0000;0,0000;0,0000;0,0000;0,0000;0;0;0;0
20260614_0639;Consistência_25;classification;LeveragingBagging;Default_33Features;classifier;classifier;classifier;N/A;N/A;N/A;2000;100;119;13800;0,0000;0,0000;0,0000;0,0000;0,0000;0,0000;0;0;0;0
20260614_0639;Consistência_25;classification;LeveragingBagging;Default_33Features;classifier;classifier;classifier;N/A;N/A;N/A;2000;100;120;13900;0,0000;0,0000;0,0000;0,0000;0,0000;0,0000;0;0;0;0
20260614_0639;Consistência_25;classification;LeveragingBagging;Default_33Features;classifier;classifier;classifier;N/A;N/A;N/A;2000;100;121;14000;0,0000;0,0000;0,0000;0,0000;0,0000;0,0000;0;0;0;0
20260614_0639;Consistência_25;classification;LeveragingBagging;Default_33Features;classifier;classifier;classifier;N/A;N/A;N/A;2000;100;122;14100;0,0000;0,0000;0,0000;0,0000;0,0000;0,0000;0;0;0;0
20260614_0639;Consistência_25;classification;LeveragingBagging;Default_33Features;classifier;classifier;classifier;N/A;N/A;N/A;2000;100;123;14200;0,0000;0,0000;0,0000;0,0000;0,0000;0,0000;0;0;0;0
20260614_0639;Consistência_25;classification;LeveragingBagging;Default_33Features;classifier;classifier;classifier;N/A;N/A;N/A;2000;100;124;14300;0,0000;0,0000;0,0000;0,0000;0,0000;0,0000;0;0;0;0
20260614_0639;Consistência_25;classification;LeveragingBagging;Default_33Features;classifier;classifier;classifier;N/A;N/A;N/A;2000;100;125;14400;0,0000;0,0000;0,0000;0,0000;0,0000;0,0000;0;0;0;0
20260614_0639;Consistência_25;classification;LeveragingBagging;Default_33Features;classifier;classifier;classifier;N/A;N/A;N/A;2000;100;126;14500;0,0000;0,0000;0,0000;0,0000;0,0000;0,0000;0;0;0;0
20260614_0639;Consistência_25;classification;LeveragingBagging;Default_33Features;classifier;classifier;classifier;N/A;N/A;N/A;2000;100;127;14600;0,0000;0,0000;0,0000;0,0000;0,0000;0,0000;0;0;0;0
20260614_0639;Consistência_25;classification;LeveragingBagging;Default_33Features;classifier;classifier;classifier;N/A;N/A;N/A;2000;100;128;14700;0,0000;0,0000;0,0000;0,0000;0,0000;0,0000;0;0;0;0
20260614_0639;Consistência_25;classification;LeveragingBagging;Default_33Features;classifier;classifier;classifier;N/A;N/A;N/A;2000;100;129;14800;0,0000;0,0000;0,0000;0,0000;0,0000;0,0000;0;0;0;0
20260614_0639;Consistência_25;classification;LeveragingBagging;Default_33Features;classifier;classifier;classifier;N/A;N/A;N/A;2000;100;130;14900;0,0000;0,0000;0,0000;0,0000;0,0000;0,0000;0;0;0;0
20260614_0639;Consistência_25;classification;LeveragingBagging;Default_33Features;classifier;classifier;classifier;N/A;N/A;N/A;2000;100;131;15000;0,0000;0,0000;0,0000;0,0000;0,0000;0,0000;0;0;0;0
20260614_0639;Consistência_200;classification;LeveragingBagging;Default_33Features;classifier;classifier;classifier;N/A;N/A;N/A;2000;100;1;2000;0,0000;0,0000;0,0000;0,0000;0,0000;0,0000;0;0;0;0
20260614_0639;Consistência_200;classification;LeveragingBagging;Default_33Features;classifier;classifier;classifier;N/A;N/A;N/A;2000;100;2;2100;0,0000;0,0000;0,0000;0,0000;0,0000;0,0000;0;0;0;0
20260614_0639;Consistência_200;classification;LeveragingBagging;Default_33Features;classifier;classifier;classifier;N/A;N/A;N/A;2000;100;3;2200;0,0000;0,0000;0,0000;0,0000;0,0000;0,0000;0;0;0;0
20260614_0639;Consistência_200;classification;LeveragingBagging;Default_33Features;classifier;classifier;classifier;N/A;N/A;N/A;2000;100;4;2300;0,0000;0,0000;0,0000;0,0000;0,0000;0,0000;0;0;0;0
20260614_0639;Consistência_200;classification;LeveragingBagging;Default_33Features;classifier;classifier;classifier;N/A;N/A;N/A;2000;100;5;2400;0,0000;0,0000;0,0000;0,0000;0,0000;0,0000;0;0;0;0
20260614_0639;Consistência_200;classification;LeveragingBagging;Default_33Features;classifier;classifier;classifier;N/A;N/A;N/A;2000;100;6;2500;0,0000;0,0000;0,0000;0,0000;0,0000;0,0000;0;0;0;0
20260614_0639;Consistência_200;classification;LeveragingBagging;Default_33Features;classifier;classifier;classifier;N/A;N/A;N/A;2000;100;7;2600;0,0000;0,0000;0,0000;0,0000;0,0000;0,0000;0;0;0;0
20260614_0639;Consistência_200;classification;LeveragingBagging;Default_33Features;classifier;classifier;classifier;N/A;N/A;N/A;2000;100;8;2700;0,0000;0,0000;0,0000;0,0000;0,0000;0,0000;0;0;0;0
20260614_0639;Consistência_200;classification;LeveragingBagging;Default_33Features;classifier;classifier;classifier;N/A;N/A;N/A;2000;100;9;2800;0,0000;0,0000;0,0000;0,0000;0,0000;0,0000;0;0;0;0
20260614_0639;Consistência_200;classification;LeveragingBagging;Default_33Features;classifier;classifier;classifier;N/A;N/A;N/A;2000;100;10;2900;0,0000;0,0000;0,0000;0,0000;0,0000;0,0000;0;0;0;0
20260614_0639;Consistência_200;classification;LeveragingBagging;Default_33Features;classifier;classifier;classifier;N/A;N/A;N/A;2000;100;11;3000;0,0000;0,0000;0,0000;0,0000;0,0000;0,0000;0;0;0;0
20260614_0639;Consistência_200;classification;LeveragingBagging;Default_33Features;classifier;classifier;classifier;N/A;N/A;N/A;2000;100;12;3100;0,0000;0,0000;0,0000;0,0000;0,0000;0,0000;0;0;0;0
20260614_0639;Consistência_200;classification;LeveragingBagging;Default_33Features;classifier;classifier;classifier;N/A;N/A;N/A;2000;100;13;3200;0,0000;0,0000;0,0000;0,0000;0,0000;0,0000;0;0;0;0
20260614_0639;Consistência_200;classification;LeveragingBagging;Default_33Features;classifier;classifier;classifier;N/A;N/A;N/A;2000;100;14;3300;0,0000;0,0000;0,0000;0,0000;0,0000;0,0000;0;0;0;0
20260614_0639;Consistência_200;classification;LeveragingBagging;Default_33Features;classifier;classifier;classifier;N/A;N/A;N/A;2000;100;15;3400;0,0000;0,0000;0,0000;0,0000;0,0000;0,0000;0;0;0;0
20260614_0639;Consistência_200;classification;LeveragingBagging;Default_33Features;classifier;classifier;classifier;N/A;N/A;N/A;2000;100;16;3500;0,0000;0,0000;0,0000;0,0000;0,0000;0,0000;0;0;0;0
20260614_0639;Consistência_200;classification;LeveragingBagging;Default_33Features;classifier;classifier;classifier;N/A;N/A;N/A;2000;100;17;3600;0,0000;0,0000;0,0000;0,0000;0,0000;0,0000;0;0;0;0
20260614_0639;Consistência_200;classification;LeveragingBagging;Default_33Features;classifier;classifier;classifier;N/A;N/A;N/A;2000;100;18;3700;0,0000;0,0000;0,0000;0,0000;0,0000;0,0000;0;0;0;0
20260614_0639;Consistência_200;classification;LeveragingBagging;Default_33Features;classifier;classifier;classifier;N/A;N/A;N/A;2000;100;19;3800;95,5205;0,4484;100,0000;0,0000;91,4286;0,8163;0;0;5;1
20260614_0639;Consistência_200;classification;LeveragingBagging;Default_33Features;classifier;classifier;classifier;N/A;N/A;N/A;2000;100;20;3900;98,3882;0,3080;97,5429;0,0148;99,2500;0,6124;2;0;1;1
20260614_0639;Consistência_200;classification;LeveragingBagging;Default_33Features;classifier;classifier;classifier;N/A;N/A;N/A;2000;100;21;4000;97,9592;0,0000;96,0000;0,0000;100,0000;0,0000;2;0;0;0
20260614_0639;Consistência_200;classification;LeveragingBagging;Default_33Features;classifier;classifier;classifier;N/A;N/A;N/A;2000;100;22;4100;0,0000;0,0000;0,0000;0,0000;0,0000;0,0000;0;0;0;0
20260614_0639;Consistência_200;classification;LeveragingBagging;Default_33Features;classifier;classifier;classifier;N/A;N/A;N/A;2000;100;23;4200;0,0000;0,0000;0,0000;0,0000;0,0000;0,0000;1;0;0;0
20260614_0639;Consistência_200;classification;LeveragingBagging;Default_33Features;classifier;classifier;classifier;N/A;N/A;N/A;2000;100;24;4300;0,0000;0,0000;0,0000;0,0000;0,0000;0,0000;0;0;0;0
20260614_0639;Consistência_200;classification;LeveragingBagging;Default_33Features;classifier;classifier;classifier;N/A;N/A;N/A;2000;100;25;4400;0,0000;0,0000;0,0000;0,0000;0,0000;0,0000;0;0;0;0
20260614_0639;Consistência_200;classification;LeveragingBagging;Default_33Features;classifier;classifier;classifier;N/A;N/A;N/A;2000;100;26;4500;0,0000;0,0000;0,0000;0,0000;0,0000;0,0000;0;0;0;0
20260614_0639;Consistência_200;classification;LeveragingBagging;Default_33Features;classifier;classifier;classifier;N/A;N/A;N/A;2000;100;27;4600;0,0000;0,0000;0,0000;0,0000;0,0000;0,0000;0;0;0;0
20260614_0639;Consistência_200;classification;LeveragingBagging;Default_33Features;classifier;classifier;classifier;N/A;N/A;N/A;2000;100;28;4700;0,0000;0,0000;0,0000;0,0000;0,0000;0,0000;0;0;0;0
20260614_0639;Consistência_200;classification;LeveragingBagging;Default_33Features;classifier;classifier;classifier;N/A;N/A;N/A;2000;100;29;4800;0,0000;0,0000;0,0000;0,0000;0,0000;0,0000;1;1;0;0
20260614_0639;Consistência_200;classification;LeveragingBagging;Default_33Features;classifier;classifier;classifier;N/A;N/A;N/A;2000;100;30;4900;0,0000;0,0000;0,0000;0,0000;0,0000;0,0000;0;0;0;0
20260614_0639;Consistência_200;classification;LeveragingBagging;Default_33Features;classifier;classifier;classifier;N/A;N/A;N/A;2000;100;31;5000;0,0000;0,0000;0,0000;0,0000;0,0000;0,0000;0;0;0;0
20260614_0639;Consistência_200;classification;LeveragingBagging;Default_33Features;classifier;classifier;classifier;N/A;N/A;N/A;2000;100;32;5100;0,0000;0,0000;0,0000;0,0000;0,0000;0,0000;1;1;0;0
20260614_0639;Consistência_200;classification;LeveragingBagging;Default_33Features;classifier;classifier;classifier;N/A;N/A;N/A;2000;100;33;5200;0,0000;0,0000;0,0000;0,0000;0,0000;0,0000;0;0;0;0
20260614_0639;Consistência_200;classification;LeveragingBagging;Default_33Features;classifier;classifier;classifier;N/A;N/A;N/A;2000;100;34;5300;0,0000;0,0000;0,0000;0,0000;0,0000;0,0000;0;0;0;0
20260614_0639;Consistência_200;classification;LeveragingBagging;Default_33Features;classifier;classifier;classifier;N/A;N/A;N/A;2000;100;35;5400;0,0000;0,0000;0,0000;0,0000;0,0000;0,0000;0;0;0;0
20260614_0639;Consistência_200;classification;LeveragingBagging;Default_33Features;classifier;classifier;classifier;N/A;N/A;N/A;2000;100;36;5500;0,0000;0,0000;0,0000;0,0000;0,0000;0,0000;0;0;0;0
20260614_0639;Consistência_200;classification;LeveragingBagging;Default_33Features;classifier;classifier;classifier;N/A;N/A;N/A;2000;100;37;5600;0,0000;0,0000;0,0000;0,0000;0,0000;0,0000;0;0;0;0
20260614_0639;Consistência_200;classification;LeveragingBagging;Default_33Features;classifier;classifier;classifier;N/A;N/A;N/A;2000;100;38;5700;0,0000;0,0000;0,0000;0,0000;0,0000;0,0000;0;0;0;0
20260614_0639;Consistência_200;classification;LeveragingBagging;Default_33Features;classifier;classifier;classifier;N/A;N/A;N/A;2000;100;39;5800;0,0000;0,0000;0,0000;0,0000;0,0000;0,0000;0;0;0;0
20260614_0639;Consistência_200;classification;LeveragingBagging;Default_33Features;classifier;classifier;classifier;N/A;N/A;N/A;2000;100;40;5900;0,0000;0,0000;0,0000;0,0000;0,0000;0,0000;0;0;0;0
20260614_0639;Consistência_200;classification;LeveragingBagging;Default_33Features;classifier;classifier;classifier;N/A;N/A;N/A;2000;100;41;6000;0,0000;0,0000;0,0000;0,0000;0,0000;0,0000;0;0;0;0
20260614_0639;Consistência_200;classification;LeveragingBagging;Default_33Features;classifier;classifier;classifier;N/A;N/A;N/A;2000;100;42;6100;0,0000;0,0000;0,0000;0,0000;0,0000;0,0000;0;0;0;0
20260614_0639;Consistência_200;classification;LeveragingBagging;Default_33Features;classifier;classifier;classifier;N/A;N/A;N/A;2000;100;43;6200;0,0000;0,0000;0,0000;0,0000;0,0000;0,0000;0;0;0;0
20260614_0639;Consistência_200;classification;LeveragingBagging;Default_33Features;classifier;classifier;classifier;N/A;N/A;N/A;2000;100;44;6300;0,0000;0,0000;0,0000;0,0000;0,0000;0,0000;0;0;0;0
20260614_0639;Consistência_200;classification;LeveragingBagging;Default_33Features;classifier;classifier;classifier;N/A;N/A;N/A;2000;100;45;6400;0,0000;0,0000;0,0000;0,0000;0,0000;0,0000;0;0;0;0
20260614_0639;Consistência_200;classification;LeveragingBagging;Default_33Features;classifier;classifier;classifier;N/A;N/A;N/A;2000;100;46;6500;0,0000;0,0000;0,0000;0,0000;0,0000;0,0000;0;0;0;0
20260614_0639;Consistência_200;classification;LeveragingBagging;Default_33Features;classifier;classifier;classifier;N/A;N/A;N/A;2000;100;47;6600;0,0000;0,0000;0,0000;0,0000;0,0000;0,0000;0;0;0;0
20260614_0639;Consistência_200;classification;LeveragingBagging;Default_33Features;classifier;classifier;classifier;N/A;N/A;N/A;2000;100;48;6700;0,0000;0,0000;0,0000;0,0000;0,0000;0,0000;0;0;0;0
20260614_0639;Consistência_200;classification;LeveragingBagging;Default_33Features;classifier;classifier;classifier;N/A;N/A;N/A;2000;100;49;6800;0,0000;0,0000;0,0000;0,0000;0,0000;0,0000;0;0;0;0
20260614_0639;Consistência_200;classification;LeveragingBagging;Default_33Features;classifier;classifier;classifier;N/A;N/A;N/A;2000;100;50;6900;0,0000;0,0000;0,0000;0,0000;0,0000;0,0000;0;0;0;0
20260614_0639;Consistência_200;classification;LeveragingBagging;Default_33Features;classifier;classifier;classifier;N/A;N/A;N/A;2000;100;51;7000;0,0000;0,0000;0,0000;0,0000;0,0000;0,0000;0;0;0;0
20260614_0639;Consistência_200;classification;LeveragingBagging;Default_33Features;classifier;classifier;classifier;N/A;N/A;N/A;2000;100;52;7100;0,0000;0,0000;0,0000;0,0000;0,0000;0,0000;0;0;0;0
20260614_0639;Consistência_200;classification;LeveragingBagging;Default_33Features;classifier;classifier;classifier;N/A;N/A;N/A;2000;100;53;7200;0,0000;0,0000;0,0000;0,0000;0,0000;0,0000;0;0;0;0
20260614_0639;Consistência_200;classification;LeveragingBagging;Default_33Features;classifier;classifier;classifier;N/A;N/A;N/A;2000;100;54;7300;0,0000;0,0000;0,0000;0,0000;0,0000;0,0000;0;0;0;0
20260614_0639;Consistência_200;classification;LeveragingBagging;Default_33Features;classifier;classifier;classifier;N/A;N/A;N/A;2000;100;55;7400;0,0000;0,0000;0,0000;0,0000;0,0000;0,0000;0;0;0;0
20260614_0639;Consistência_200;classification;LeveragingBagging;Default_33Features;classifier;classifier;classifier;N/A;N/A;N/A;2000;100;56;7500;0,0000;0,0000;0,0000;0,0000;0,0000;0,0000;0;0;0;0
20260614_0639;Consistência_200;classification;LeveragingBagging;Default_33Features;classifier;classifier;classifier;N/A;N/A;N/A;2000;100;57;7600;0,0000;0,0000;0,0000;0,0000;0,0000;0,0000;0;0;0;0
20260614_0639;Consistência_200;classification;LeveragingBagging;Default_33Features;classifier;classifier;classifier;N/A;N/A;N/A;2000;100;58;7700;100,0000;0,0000;100,0000;0,0000;100,0000;0,0000;0;0;0;0
20260614_0639;Consistência_200;classification;LeveragingBagging;Default_33Features;classifier;classifier;classifier;N/A;N/A;N/A;2000;100;59;7800;98,4615;0,0000;100,0000;0,0000;96,9697;0,0000;0;0;3;0
20260614_0639;Consistência_200;classification;LeveragingBagging;Default_33Features;classifier;classifier;classifier;N/A;N/A;N/A;2000;100;60;7900;99,4709;0,0000;100,0000;0,0000;98,9474;0,0000;0;0;1;0
20260614_0639;Consistência_200;classification;LeveragingBagging;Default_33Features;classifier;classifier;classifier;N/A;N/A;N/A;2000;100;61;8000;0,0000;0,0000;0,0000;0,0000;0,0000;0,0000;0;0;0;0
20260614_0639;Consistência_200;classification;LeveragingBagging;Default_33Features;classifier;classifier;classifier;N/A;N/A;N/A;2000;100;62;8100;0,0000;0,0000;0,0000;0,0000;0,0000;0,0000;0;0;0;0
20260614_0639;Consistência_200;classification;LeveragingBagging;Default_33Features;classifier;classifier;classifier;N/A;N/A;N/A;2000;100;63;8200;0,0000;0,0000;0,0000;0,0000;0,0000;0,0000;0;0;0;0
20260614_0639;Consistência_200;classification;LeveragingBagging;Default_33Features;classifier;classifier;classifier;N/A;N/A;N/A;2000;100;64;8300;0,0000;0,0000;0,0000;0,0000;0,0000;0,0000;0;0;0;0
20260614_0639;Consistência_200;classification;LeveragingBagging;Default_33Features;classifier;classifier;classifier;N/A;N/A;N/A;2000;100;65;8400;0,0000;0,0000;0,0000;0,0000;0,0000;0,0000;0;0;0;0
20260614_0639;Consistência_200;classification;LeveragingBagging;Default_33Features;classifier;classifier;classifier;N/A;N/A;N/A;2000;100;66;8500;0,0000;0,0000;0,0000;0,0000;0,0000;0,0000;0;0;0;0
20260614_0639;Consistência_200;classification;LeveragingBagging;Default_33Features;classifier;classifier;classifier;N/A;N/A;N/A;2000;100;67;8600;0,0000;0,0000;0,0000;0,0000;0,0000;0,0000;0;0;0;0
20260614_0639;Consistência_200;classification;LeveragingBagging;Default_33Features;classifier;classifier;classifier;N/A;N/A;N/A;2000;100;68;8700;0,0000;0,0000;0,0000;0,0000;0,0000;0,0000;0;0;0;0
20260614_0639;Consistência_200;classification;LeveragingBagging;Default_33Features;classifier;classifier;classifier;N/A;N/A;N/A;2000;100;69;8800;0,0000;0,0000;0,0000;0,0000;0,0000;0,0000;0;0;0;0
20260614_0639;Consistência_200;classification;LeveragingBagging;Default_33Features;classifier;classifier;classifier;N/A;N/A;N/A;2000;100;70;8900;0,0000;0,0000;0,0000;0,0000;0,0000;0,0000;0;0;0;0
20260614_0639;Consistência_200;classification;LeveragingBagging;Default_33Features;classifier;classifier;classifier;N/A;N/A;N/A;2000;100;71;9000;0,0000;0,0000;0,0000;0,0000;0,0000;0,0000;0;0;0;0
20260614_0639;Consistência_200;classification;LeveragingBagging;Default_33Features;classifier;classifier;classifier;N/A;N/A;N/A;2000;100;72;9100;0,0000;0,0000;0,0000;0,0000;0,0000;0,0000;0;0;0;0
20260614_0639;Consistência_200;classification;LeveragingBagging;Default_33Features;classifier;classifier;classifier;N/A;N/A;N/A;2000;100;73;9200;0,0000;0,0000;0,0000;0,0000;0,0000;0,0000;0;0;0;0
20260614_0639;Consistência_200;classification;LeveragingBagging;Default_33Features;classifier;classifier;classifier;N/A;N/A;N/A;2000;100;74;9300;0,0000;0,0000;0,0000;0,0000;0,0000;0,0000;0;0;0;0
20260614_0639;Consistência_200;classification;LeveragingBagging;Default_33Features;classifier;classifier;classifier;N/A;N/A;N/A;2000;100;75;9400;0,0000;0,0000;0,0000;0,0000;0,0000;0,0000;0;0;0;0
20260614_0639;Consistência_200;classification;LeveragingBagging;Default_33Features;classifier;classifier;classifier;N/A;N/A;N/A;2000;100;76;9500;0,0000;0,0000;0,0000;0,0000;0,0000;0,0000;0;0;0;0
20260614_0639;Consistência_200;classification;LeveragingBagging;Default_33Features;classifier;classifier;classifier;N/A;N/A;N/A;2000;100;77;9600;0,0000;0,0000;0,0000;0,0000;0,0000;0,0000;0;0;0;0
20260614_0639;Consistência_200;classification;LeveragingBagging;Default_33Features;classifier;classifier;classifier;N/A;N/A;N/A;2000;100;78;9700;0,0000;0,0000;0,0000;0,0000;0,0000;0,0000;0;0;0;0
20260614_0639;Consistência_200;classification;LeveragingBagging;Default_33Features;classifier;classifier;classifier;N/A;N/A;N/A;2000;100;79;9800;0,0000;0,0000;0,0000;0,0000;0,0000;0,0000;0;0;0;0
20260614_0639;Consistência_200;classification;LeveragingBagging;Default_33Features;classifier;classifier;classifier;N/A;N/A;N/A;2000;100;80;9900;0,0000;0,0000;0,0000;0,0000;0,0000;0,0000;0;0;0;0
20260614_0639;Consistência_200;classification;LeveragingBagging;Default_33Features;classifier;classifier;classifier;N/A;N/A;N/A;2000;100;81;10000;0,0000;0,0000;0,0000;0,0000;0,0000;0,0000;0;0;0;0
20260614_0639;Consistência_200;classification;LeveragingBagging;Default_33Features;classifier;classifier;classifier;N/A;N/A;N/A;2000;100;82;10100;0,0000;0,0000;0,0000;0,0000;0,0000;0,0000;0;0;0;0
20260614_0639;Consistência_200;classification;LeveragingBagging;Default_33Features;classifier;classifier;classifier;N/A;N/A;N/A;2000;100;83;10200;0,0000;0,0000;0,0000;0,0000;0,0000;0,0000;0;0;0;0
20260614_0639;Consistência_200;classification;LeveragingBagging;Default_33Features;classifier;classifier;classifier;N/A;N/A;N/A;2000;100;84;10300;0,0000;0,0000;0,0000;0,0000;0,0000;0,0000;0;0;0;0
20260614_0639;Consistência_200;classification;LeveragingBagging;Default_33Features;classifier;classifier;classifier;N/A;N/A;N/A;2000;100;85;10400;0,0000;0,0000;0,0000;0,0000;0,0000;0,0000;0;0;0;0
20260614_0639;Consistência_200;classification;LeveragingBagging;Default_33Features;classifier;classifier;classifier;N/A;N/A;N/A;2000;100;86;10500;0,0000;0,0000;0,0000;0,0000;0,0000;0,0000;0;0;0;0
20260614_0639;Consistência_200;classification;LeveragingBagging;Default_33Features;classifier;classifier;classifier;N/A;N/A;N/A;2000;100;87;10600;0,0000;0,0000;0,0000;0,0000;0,0000;0,0000;0;0;0;0
20260614_0639;Consistência_200;classification;LeveragingBagging;Default_33Features;classifier;classifier;classifier;N/A;N/A;N/A;2000;100;88;10700;0,0000;0,0000;0,0000;0,0000;0,0000;0,0000;0;0;0;0
20260614_0639;Consistência_200;classification;LeveragingBagging;Default_33Features;classifier;classifier;classifier;N/A;N/A;N/A;2000;100;89;10800;0,0000;0,0000;0,0000;0,0000;0,0000;0,0000;0;0;0;0
20260614_0639;Consistência_200;classification;LeveragingBagging;Default_33Features;classifier;classifier;classifier;N/A;N/A;N/A;2000;100;90;10900;0,0000;0,0000;0,0000;0,0000;0,0000;0,0000;0;0;0;0
20260614_0639;Consistência_200;classification;LeveragingBagging;Default_33Features;classifier;classifier;classifier;N/A;N/A;N/A;2000;100;91;11000;0,0000;0,0000;0,0000;0,0000;0,0000;0,0000;0;0;0;0
20260614_0639;Consistência_200;classification;LeveragingBagging;Default_33Features;classifier;classifier;classifier;N/A;N/A;N/A;2000;100;92;11100;0,0000;0,0000;0,0000;0,0000;0,0000;0,0000;0;0;0;0
20260614_0639;Consistência_200;classification;LeveragingBagging;Default_33Features;classifier;classifier;classifier;N/A;N/A;N/A;2000;100;93;11200;0,0000;0,0000;0,0000;0,0000;0,0000;0,0000;0;0;0;0
20260614_0639;Consistência_200;classification;LeveragingBagging;Default_33Features;classifier;classifier;classifier;N/A;N/A;N/A;2000;100;94;11300;0,0000;0,0000;0,0000;0,0000;0,0000;0,0000;0;0;0;0
20260614_0639;Consistência_200;classification;LeveragingBagging;Default_33Features;classifier;classifier;classifier;N/A;N/A;N/A;2000;100;95;11400;0,0000;0,0000;0,0000;0,0000;0,0000;0,0000;0;0;0;0
20260614_0639;Consistência_200;classification;LeveragingBagging;Default_33Features;classifier;classifier;classifier;N/A;N/A;N/A;2000;100;96;11500;0,0000;0,0000;0,0000;0,0000;0,0000;0,0000;0;0;0;0
20260614_0639;Consistência_200;classification;LeveragingBagging;Default_33Features;classifier;classifier;classifier;N/A;N/A;N/A;2000;100;97;11600;0,0000;0,0000;0,0000;0,0000;0,0000;0,0000;0;0;0;0
20260614_0639;Consistência_200;classification;LeveragingBagging;Default_33Features;classifier;classifier;classifier;N/A;N/A;N/A;2000;100;98;11700;98,7838;0,4123;100,0000;0,0000;97,6000;0,8000;0;0;2;1
20260614_0639;Consistência_200;classification;LeveragingBagging;Default_33Features;classifier;classifier;classifier;N/A;N/A;N/A;2000;100;99;11800;90,9091;0,0000;100,0000;0,0000;83,3333;0,0000;0;0;11;0
20260614_0639;Consistência_200;classification;LeveragingBagging;Default_33Features;classifier;classifier;classifier;N/A;N/A;N/A;2000;100;100;11900;96,7742;0,0000;100,0000;0,0000;93,7500;0,0000;0;0;1;0
20260614_0639;Consistência_200;classification;LeveragingBagging;Default_33Features;classifier;classifier;classifier;N/A;N/A;N/A;2000;100;101;12000;0,0000;0,0000;0,0000;0,0000;0,0000;0,0000;0;0;0;0
20260614_0639;Consistência_200;classification;LeveragingBagging;Default_33Features;classifier;classifier;classifier;N/A;N/A;N/A;2000;100;102;12100;0,0000;0,0000;0,0000;0,0000;0,0000;0,0000;1;0;0;0
20260614_0639;Consistência_200;classification;LeveragingBagging;Default_33Features;classifier;classifier;classifier;N/A;N/A;N/A;2000;100;103;12200;0,0000;0,0000;0,0000;0,0000;0,0000;0,0000;0;0;0;0
20260614_0639;Consistência_200;classification;LeveragingBagging;Default_33Features;classifier;classifier;classifier;N/A;N/A;N/A;2000;100;104;12300;0,0000;0,0000;0,0000;0,0000;0,0000;0,0000;0;0;0;0
20260614_0639;Consistência_200;classification;LeveragingBagging;Default_33Features;classifier;classifier;classifier;N/A;N/A;N/A;2000;100;105;12400;0,0000;0,0000;0,0000;0,0000;0,0000;0,0000;1;1;0;0
20260614_0639;Consistência_200;classification;LeveragingBagging;Default_33Features;classifier;classifier;classifier;N/A;N/A;N/A;2000;100;106;12500;0,0000;0,0000;0,0000;0,0000;0,0000;0,0000;0;0;0;0
20260614_0639;Consistência_200;classification;LeveragingBagging;Default_33Features;classifier;classifier;classifier;N/A;N/A;N/A;2000;100;107;12600;0,0000;0,0000;0,0000;0,0000;0,0000;0,0000;0;0;0;0
20260614_0639;Consistência_200;classification;LeveragingBagging;Default_33Features;classifier;classifier;classifier;N/A;N/A;N/A;2000;100;108;12700;0,0000;0,0000;0,0000;0,0000;0,0000;0,0000;0;0;0;0
20260614_0639;Consistência_200;classification;LeveragingBagging;Default_33Features;classifier;classifier;classifier;N/A;N/A;N/A;2000;100;109;12800;0,0000;0,0000;0,0000;0,0000;0,0000;0,0000;0;0;0;0
20260614_0639;Consistência_200;classification;LeveragingBagging;Default_33Features;classifier;classifier;classifier;N/A;N/A;N/A;2000;100;110;12900;0,0000;0,0000;0,0000;0,0000;0,0000;0,0000;0;0;0;0
20260614_0639;Consistência_200;classification;LeveragingBagging;Default_33Features;classifier;classifier;classifier;N/A;N/A;N/A;2000;100;111;13000;0,0000;0,0000;0,0000;0,0000;0,0000;0,0000;0;0;0;0
20260614_0639;Consistência_200;classification;LeveragingBagging;Default_33Features;classifier;classifier;classifier;N/A;N/A;N/A;2000;100;112;13100;0,0000;0,0000;0,0000;0,0000;0,0000;0,0000;0;0;0;0
20260614_0639;Consistência_200;classification;LeveragingBagging;Default_33Features;classifier;classifier;classifier;N/A;N/A;N/A;2000;100;113;13200;0,0000;0,0000;0,0000;0,0000;0,0000;0,0000;0;0;0;0
20260614_0639;Consistência_200;classification;LeveragingBagging;Default_33Features;classifier;classifier;classifier;N/A;N/A;N/A;2000;100;114;13300;0,0000;0,0000;0,0000;0,0000;0,0000;0,0000;0;0;0;0
20260614_0639;Consistência_200;classification;LeveragingBagging;Default_33Features;classifier;classifier;classifier;N/A;N/A;N/A;2000;100;115;13400;0,0000;0,0000;0,0000;0,0000;0,0000;0,0000;0;0;0;0
20260614_0639;Consistência_200;classification;LeveragingBagging;Default_33Features;classifier;classifier;classifier;N/A;N/A;N/A;2000;100;116;13500;0,0000;0,0000;0,0000;0,0000;0,0000;0,0000;0;0;0;0
20260614_0639;Consistência_200;classification;LeveragingBagging;Default_33Features;classifier;classifier;classifier;N/A;N/A;N/A;2000;100;117;13600;0,0000;0,0000;0,0000;0,0000;0,0000;0,0000;0;0;0;0
20260614_0639;Consistência_200;classification;LeveragingBagging;Default_33Features;classifier;classifier;classifier;N/A;N/A;N/A;2000;100;118;13700;0,0000;0,0000;0,0000;0,0000;0,0000;0,0000;0;0;0;0
20260614_0639;Consistência_200;classification;LeveragingBagging;Default_33Features;classifier;classifier;classifier;N/A;N/A;N/A;2000;100;119;13800;0,0000;0,0000;0,0000;0,0000;0,0000;0,0000;0;0;0;0
20260614_0639;Consistência_200;classification;LeveragingBagging;Default_33Features;classifier;classifier;classifier;N/A;N/A;N/A;2000;100;120;13900;0,0000;0,0000;0,0000;0,0000;0,0000;0,0000;0;0;0;0
20260614_0639;Consistência_200;classification;LeveragingBagging;Default_33Features;classifier;classifier;classifier;N/A;N/A;N/A;2000;100;121;14000;0,0000;0,0000;0,0000;0,0000;0,0000;0,0000;0;0;0;0
20260614_0639;Consistência_200;classification;LeveragingBagging;Default_33Features;classifier;classifier;classifier;N/A;N/A;N/A;2000;100;122;14100;0,0000;0,0000;0,0000;0,0000;0,0000;0,0000;0;0;0;0
20260614_0639;Consistência_200;classification;LeveragingBagging;Default_33Features;classifier;classifier;classifier;N/A;N/A;N/A;2000;100;123;14200;0,0000;0,0000;0,0000;0,0000;0,0000;0,0000;0;0;0;0
20260614_0639;Consistência_200;classification;LeveragingBagging;Default_33Features;classifier;classifier;classifier;N/A;N/A;N/A;2000;100;124;14300;0,0000;0,0000;0,0000;0,0000;0,0000;0,0000;0;0;0;0
20260614_0639;Consistência_200;classification;LeveragingBagging;Default_33Features;classifier;classifier;classifier;N/A;N/A;N/A;2000;100;125;14400;0,0000;0,0000;0,0000;0,0000;0,0000;0,0000;0;0;0;0
20260614_0639;Consistência_200;classification;LeveragingBagging;Default_33Features;classifier;classifier;classifier;N/A;N/A;N/A;2000;100;126;14500;0,0000;0,0000;0,0000;0,0000;0,0000;0,0000;0;0;0;0
20260614_0639;Consistência_200;classification;LeveragingBagging;Default_33Features;classifier;classifier;classifier;N/A;N/A;N/A;2000;100;127;14600;0,0000;0,0000;0,0000;0,0000;0,0000;0,0000;0;0;0;0
20260614_0639;Consistência_200;classification;LeveragingBagging;Default_33Features;classifier;classifier;classifier;N/A;N/A;N/A;2000;100;128;14700;0,0000;0,0000;0,0000;0,0000;0,0000;0,0000;0;0;0;0
20260614_0639;Consistência_200;classification;LeveragingBagging;Default_33Features;classifier;classifier;classifier;N/A;N/A;N/A;2000;100;129;14800;0,0000;0,0000;0,0000;0,0000;0,0000;0,0000;0;0;0;0
20260614_0639;Consistência_200;classification;LeveragingBagging;Default_33Features;classifier;classifier;classifier;N/A;N/A;N/A;2000;100;130;14900;0,0000;0,0000;0,0000;0,0000;0,0000;0,0000;0;0;0;0
20260614_0639;Consistência_200;classification;LeveragingBagging;Default_33Features;classifier;classifier;classifier;N/A;N/A;N/A;2000;100;131;15000;0,0000;0,0000;0,0000;0,0000;0,0000;0,0000;0;0;0;0
20260614_0639;Consistência_200;classification;LeveragingBagging;Default_33Features;classifier;classifier;classifier;N/A;N/A;N/A;2000;100;132;15100;0,0000;0,0000;0,0000;0,0000;0,0000;0,0000;0;0;0;0
20260614_0639;Consistência_200;classification;LeveragingBagging;Default_33Features;classifier;classifier;classifier;N/A;N/A;N/A;2000;100;133;15200;0,0000;0,0000;0,0000;0,0000;0,0000;0,0000;0;0;0;0
20260614_0639;Consistência_200;classification;LeveragingBagging;Default_33Features;classifier;classifier;classifier;N/A;N/A;N/A;2000;100;134;15300;0,0000;0,0000;0,0000;0,0000;0,0000;0,0000;0;0;0;0
20260614_0639;Consistência_200;classification;LeveragingBagging;Default_33Features;classifier;classifier;classifier;N/A;N/A;N/A;2000;100;135;15400;0,0000;0,0000;0,0000;0,0000;0,0000;0,0000;0;0;0;0
20260614_0639;Consistência_200;classification;LeveragingBagging;Default_33Features;classifier;classifier;classifier;N/A;N/A;N/A;2000;100;136;15500;0,0000;0,0000;0,0000;0,0000;0,0000;0,0000;0;0;0;0
20260614_0639;Consistência_1000;classification;LeveragingBagging;Default_33Features;classifier;classifier;classifier;N/A;N/A;N/A;2000;100;1;2000;0,0000;0,0000;0,0000;0,0000;0,0000;0,0000;0;0;0;0
20260614_0639;Consistência_1000;classification;LeveragingBagging;Default_33Features;classifier;classifier;classifier;N/A;N/A;N/A;2000;100;2;2100;0,0000;0,0000;0,0000;0,0000;0,0000;0,0000;0;0;0;0
20260614_0639;Consistência_1000;classification;LeveragingBagging;Default_33Features;classifier;classifier;classifier;N/A;N/A;N/A;2000;100;3;2200;0,0000;0,0000;0,0000;0,0000;0,0000;0,0000;0;0;0;0
20260614_0639;Consistência_1000;classification;LeveragingBagging;Default_33Features;classifier;classifier;classifier;N/A;N/A;N/A;2000;100;4;2300;0,0000;0,0000;0,0000;0,0000;0,0000;0,0000;0;0;0;0
20260614_0639;Consistência_1000;classification;LeveragingBagging;Default_33Features;classifier;classifier;classifier;N/A;N/A;N/A;2000;100;5;2400;0,0000;0,0000;0,0000;0,0000;0,0000;0,0000;0;0;0;0
20260614_0639;Consistência_1000;classification;LeveragingBagging;Default_33Features;classifier;classifier;classifier;N/A;N/A;N/A;2000;100;6;2500;0,0000;0,0000;0,0000;0,0000;0,0000;0,0000;0;0;0;0
20260614_0639;Consistência_1000;classification;LeveragingBagging;Default_33Features;classifier;classifier;classifier;N/A;N/A;N/A;2000;100;7;2600;0,0000;0,0000;0,0000;0,0000;0,0000;0,0000;0;0;0;0
20260614_0639;Consistência_1000;classification;LeveragingBagging;Default_33Features;classifier;classifier;classifier;N/A;N/A;N/A;2000;100;8;2700;0,0000;0,0000;0,0000;0,0000;0,0000;0,0000;0;0;0;0
20260614_0639;Consistência_1000;classification;LeveragingBagging;Default_33Features;classifier;classifier;classifier;N/A;N/A;N/A;2000;100;9;2800;0,0000;0,0000;0,0000;0,0000;0,0000;0,0000;0;0;0;0
20260614_0639;Consistência_1000;classification;LeveragingBagging;Default_33Features;classifier;classifier;classifier;N/A;N/A;N/A;2000;100;10;2900;0,0000;0,0000;0,0000;0,0000;0,0000;0,0000;0;0;0;0
20260614_0639;Consistência_1000;classification;LeveragingBagging;Default_33Features;classifier;classifier;classifier;N/A;N/A;N/A;2000;100;11;3000;0,0000;0,0000;0,0000;0,0000;0,0000;0,0000;0;0;0;0
20260614_0639;Consistência_1000;classification;LeveragingBagging;Default_33Features;classifier;classifier;classifier;N/A;N/A;N/A;2000;100;12;3100;0,0000;0,0000;0,0000;0,0000;0,0000;0,0000;0;0;0;0
20260614_0639;Consistência_1000;classification;LeveragingBagging;Default_33Features;classifier;classifier;classifier;N/A;N/A;N/A;2000;100;13;3200;0,0000;0,0000;0,0000;0,0000;0,0000;0,0000;0;0;0;0
20260614_0639;Consistência_1000;classification;LeveragingBagging;Default_33Features;classifier;classifier;classifier;N/A;N/A;N/A;2000;100;14;3300;0,0000;0,0000;0,0000;0,0000;0,0000;0,0000;0;0;0;0
20260614_0639;Consistência_1000;classification;LeveragingBagging;Default_33Features;classifier;classifier;classifier;N/A;N/A;N/A;2000;100;15;3400;0,0000;0,0000;0,0000;0,0000;0,0000;0,0000;0;0;0;0
20260614_0639;Consistência_1000;classification;LeveragingBagging;Default_33Features;classifier;classifier;classifier;N/A;N/A;N/A;2000;100;16;3500;0,0000;0,0000;0,0000;0,0000;0,0000;0,0000;0;0;0;0
20260614_0639;Consistência_1000;classification;LeveragingBagging;Default_33Features;classifier;classifier;classifier;N/A;N/A;N/A;2000;100;17;3600;0,0000;0,0000;0,0000;0,0000;0,0000;0,0000;0;0;0;0
20260614_0639;Consistência_1000;classification;LeveragingBagging;Default_33Features;classifier;classifier;classifier;N/A;N/A;N/A;2000;100;18;3700;0,0000;0,0000;0,0000;0,0000;0,0000;0,0000;0;0;0;0
20260614_0639;Consistência_1000;classification;LeveragingBagging;Default_33Features;classifier;classifier;classifier;N/A;N/A;N/A;2000;100;19;3800;95,5205;0,4484;100,0000;0,0000;91,4286;0,8163;0;0;5;1
20260614_0639;Consistência_1000;classification;LeveragingBagging;Default_33Features;classifier;classifier;classifier;N/A;N/A;N/A;2000;100;20;3900;98,3882;0,3080;97,5429;0,0148;99,2500;0,6124;2;0;1;1
20260614_0639;Consistência_1000;classification;LeveragingBagging;Default_33Features;classifier;classifier;classifier;N/A;N/A;N/A;2000;100;21;4000;100,0000;0,0000;100,0000;0,0000;100,0000;0,0000;0;0;0;0
20260614_0639;Consistência_1000;classification;LeveragingBagging;Default_33Features;classifier;classifier;classifier;N/A;N/A;N/A;2000;100;22;4100;98,6646;0,2486;97,3655;0,4847;100,0000;0,0000;3;1;0;0
20260614_0639;Consistência_1000;classification;LeveragingBagging;Default_33Features;classifier;classifier;classifier;N/A;N/A;N/A;2000;100;23;4200;99,3898;0,2051;100,0000;0,0000;98,7879;0,4040;0;0;2;1
20260614_0639;Consistência_1000;classification;LeveragingBagging;Default_33Features;classifier;classifier;classifier;N/A;N/A;N/A;2000;100;24;4300;95,2785;0,3808;92,8297;0,7777;97,8788;1,2121;5;1;2;1
20260614_0639;Consistência_1000;classification;LeveragingBagging;Default_33Features;classifier;classifier;classifier;N/A;N/A;N/A;2000;100;25;4400;92,0567;0,7801;88,7333;1,4667;95,6522;0,0000;3;1;1;0
20260614_0639;Consistência_1000;classification;LeveragingBagging;Default_33Features;classifier;classifier;classifier;N/A;N/A;N/A;2000;100;26;4500;96,2963;0,0000;100,0000;0,0000;92,8571;0,0000;0;0;1;0
20260614_0639;Consistência_1000;classification;LeveragingBagging;Default_33Features;classifier;classifier;classifier;N/A;N/A;N/A;2000;100;27;4600;99,1688;0,2933;100,0000;0,0000;98,3529;0,5764;0;0;2;1
20260614_0639;Consistência_1000;classification;LeveragingBagging;Default_33Features;classifier;classifier;classifier;N/A;N/A;N/A;2000;100;28;4700;91,6667;0,0000;100,0000;0,0000;84,6154;0,0000;0;0;2;0
20260614_0639;Consistência_1000;classification;LeveragingBagging;Default_33Features;classifier;classifier;classifier;N/A;N/A;N/A;2000;100;29;4800;100,0000;0,0000;100,0000;0,0000;100,0000;0,0000;0;0;0;0
20260614_0639;Consistência_1000;classification;LeveragingBagging;Default_33Features;classifier;classifier;classifier;N/A;N/A;N/A;2000;100;30;4900;0,0000;0,0000;0,0000;0,0000;0,0000;0,0000;0;0;0;0
20260614_0639;Consistência_1000;classification;LeveragingBagging;Default_33Features;classifier;classifier;classifier;N/A;N/A;N/A;2000;100;31;5000;0,0000;0,0000;0,0000;0,0000;0,0000;0,0000;1;0;0;0
20260614_0639;Consistência_1000;classification;LeveragingBagging;Default_33Features;classifier;classifier;classifier;N/A;N/A;N/A;2000;100;32;5100;0,0000;0,0000;0,0000;0,0000;0,0000;0,0000;0;0;0;0
20260614_0639;Consistência_1000;classification;LeveragingBagging;Default_33Features;classifier;classifier;classifier;N/A;N/A;N/A;2000;100;33;5200;0,0000;0,0000;0,0000;0,0000;0,0000;0,0000;0;0;0;0
20260614_0639;Consistência_1000;classification;LeveragingBagging;Default_33Features;classifier;classifier;classifier;N/A;N/A;N/A;2000;100;34;5300;0,0000;0,0000;0,0000;0,0000;0,0000;0,0000;0;0;0;0
20260614_0639;Consistência_1000;classification;LeveragingBagging;Default_33Features;classifier;classifier;classifier;N/A;N/A;N/A;2000;100;35;5400;0,0000;0,0000;0,0000;0,0000;0,0000;0,0000;0;0;0;0
20260614_0639;Consistência_1000;classification;LeveragingBagging;Default_33Features;classifier;classifier;classifier;N/A;N/A;N/A;2000;100;36;5500;0,0000;0,0000;0,0000;0,0000;0,0000;0,0000;0;0;0;0
20260614_0639;Consistência_1000;classification;LeveragingBagging;Default_33Features;classifier;classifier;classifier;N/A;N/A;N/A;2000;100;37;5600;0,0000;0,0000;0,0000;0,0000;0,0000;0,0000;5;1;0;0
20260614_0639;Consistência_1000;classification;LeveragingBagging;Default_33Features;classifier;classifier;classifier;N/A;N/A;N/A;2000;100;38;5700;0,0000;0,0000;0,0000;0,0000;0,0000;0,0000;0;0;0;0
20260614_0639;Consistência_1000;classification;LeveragingBagging;Default_33Features;classifier;classifier;classifier;N/A;N/A;N/A;2000;100;39;5800;0,0000;0,0000;0,0000;0,0000;0,0000;0,0000;0;0;0;0
20260614_0639;Consistência_1000;classification;LeveragingBagging;Default_33Features;classifier;classifier;classifier;N/A;N/A;N/A;2000;100;40;5900;0,0000;0,0000;0,0000;0,0000;0,0000;0,0000;0;0;0;0
20260614_0639;Consistência_1000;classification;LeveragingBagging;Default_33Features;classifier;classifier;classifier;N/A;N/A;N/A;2000;100;41;6000;0,0000;0,0000;0,0000;0,0000;0,0000;0,0000;0;0;0;0
20260614_0639;Consistência_1000;classification;LeveragingBagging;Default_33Features;classifier;classifier;classifier;N/A;N/A;N/A;2000;100;42;6100;0,0000;0,0000;0,0000;0,0000;0,0000;0,0000;1;0;0;0
20260614_0639;Consistência_1000;classification;LeveragingBagging;Default_33Features;classifier;classifier;classifier;N/A;N/A;N/A;2000;100;43;6200;0,0000;0,0000;0,0000;0,0000;0,0000;0,0000;0;0;0;0
20260614_0639;Consistência_1000;classification;LeveragingBagging;Default_33Features;classifier;classifier;classifier;N/A;N/A;N/A;2000;100;44;6300;0,0000;0,0000;0,0000;0,0000;0,0000;0,0000;0;0;0;0
20260614_0639;Consistência_1000;classification;LeveragingBagging;Default_33Features;classifier;classifier;classifier;N/A;N/A;N/A;2000;100;45;6400;0,0000;0,0000;0,0000;0,0000;0,0000;0,0000;0;0;0;0
20260614_0639;Consistência_1000;classification;LeveragingBagging;Default_33Features;classifier;classifier;classifier;N/A;N/A;N/A;2000;100;46;6500;0,0000;0,0000;0,0000;0,0000;0,0000;0,0000;0;0;0;0
20260614_0639;Consistência_1000;classification;LeveragingBagging;Default_33Features;classifier;classifier;classifier;N/A;N/A;N/A;2000;100;47;6600;0,0000;0,0000;0,0000;0,0000;0,0000;0,0000;0;0;0;0
20260614_0639;Consistência_1000;classification;LeveragingBagging;Default_33Features;classifier;classifier;classifier;N/A;N/A;N/A;2000;100;48;6700;0,0000;0,0000;0,0000;0,0000;0,0000;0,0000;0;0;0;0
20260614_0639;Consistência_1000;classification;LeveragingBagging;Default_33Features;classifier;classifier;classifier;N/A;N/A;N/A;2000;100;49;6800;0,0000;0,0000;0,0000;0,0000;0,0000;0,0000;0;0;0;0
20260614_0639;Consistência_1000;classification;LeveragingBagging;Default_33Features;classifier;classifier;classifier;N/A;N/A;N/A;2000;100;50;6900;0,0000;0,0000;0,0000;0,0000;0,0000;0,0000;0;0;0;0
20260614_0639;Consistência_1000;classification;LeveragingBagging;Default_33Features;classifier;classifier;classifier;N/A;N/A;N/A;2000;100;51;7000;0,0000;0,0000;0,0000;0,0000;0,0000;0,0000;0;0;0;0
20260614_0639;Consistência_1000;classification;LeveragingBagging;Default_33Features;classifier;classifier;classifier;N/A;N/A;N/A;2000;100;52;7100;0,0000;0,0000;0,0000;0,0000;0,0000;0,0000;0;0;0;0
20260614_0639;Consistência_1000;classification;LeveragingBagging;Default_33Features;classifier;classifier;classifier;N/A;N/A;N/A;2000;100;53;7200;0,0000;0,0000;0,0000;0,0000;0,0000;0,0000;1;1;0;0
20260614_0639;Consistência_1000;classification;LeveragingBagging;Default_33Features;classifier;classifier;classifier;N/A;N/A;N/A;2000;100;54;7300;0,0000;0,0000;0,0000;0,0000;0,0000;0,0000;0;0;0;0
20260614_0639;Consistência_1000;classification;LeveragingBagging;Default_33Features;classifier;classifier;classifier;N/A;N/A;N/A;2000;100;55;7400;0,0000;0,0000;0,0000;0,0000;0,0000;0,0000;0;0;0;0
20260614_0639;Consistência_1000;classification;LeveragingBagging;Default_33Features;classifier;classifier;classifier;N/A;N/A;N/A;2000;100;56;7500;0,0000;0,0000;0,0000;0,0000;0,0000;0,0000;0;0;0;0
20260614_0639;Consistência_1000;classification;LeveragingBagging;Default_33Features;classifier;classifier;classifier;N/A;N/A;N/A;2000;100;57;7600;0,0000;0,0000;0,0000;0,0000;0,0000;0,0000;0;0;0;0
20260614_0639;Consistência_1000;classification;LeveragingBagging;Default_33Features;classifier;classifier;classifier;N/A;N/A;N/A;2000;100;58;7700;0,0000;0,0000;0,0000;0,0000;0,0000;0,0000;0;0;0;0
20260614_0639;Consistência_1000;classification;LeveragingBagging;Default_33Features;classifier;classifier;classifier;N/A;N/A;N/A;2000;100;59;7800;0,0000;0,0000;0,0000;0,0000;0,0000;0,0000;0;0;0;0
20260614_0639;Consistência_1000;classification;LeveragingBagging;Default_33Features;classifier;classifier;classifier;N/A;N/A;N/A;2000;100;60;7900;0,0000;0,0000;0,0000;0,0000;0,0000;0,0000;0;0;0;0
20260614_0639;Consistência_1000;classification;LeveragingBagging;Default_33Features;classifier;classifier;classifier;N/A;N/A;N/A;2000;100;61;8000;0,0000;0,0000;0,0000;0,0000;0,0000;0,0000;0;0;0;0
20260614_0639;Consistência_1000;classification;LeveragingBagging;Default_33Features;classifier;classifier;classifier;N/A;N/A;N/A;2000;100;62;8100;0,0000;0,0000;0,0000;0,0000;0,0000;0,0000;0;0;0;0
20260614_0639;Consistência_1000;classification;LeveragingBagging;Default_33Features;classifier;classifier;classifier;N/A;N/A;N/A;2000;100;63;8200;0,0000;0,0000;0,0000;0,0000;0,0000;0,0000;0;0;0;0
20260614_0639;Consistência_1000;classification;LeveragingBagging;Default_33Features;classifier;classifier;classifier;N/A;N/A;N/A;2000;100;64;8300;0,0000;0,0000;0,0000;0,0000;0,0000;0,0000;0;0;0;0
20260614_0639;Consistência_1000;classification;LeveragingBagging;Default_33Features;classifier;classifier;classifier;N/A;N/A;N/A;2000;100;65;8400;0,0000;0,0000;0,0000;0,0000;0,0000;0,0000;0;0;0;0
20260614_0639;Consistência_1000;classification;LeveragingBagging;Default_33Features;classifier;classifier;classifier;N/A;N/A;N/A;2000;100;66;8500;100,0000;0,0000;100,0000;0,0000;100,0000;0,0000;0;0;0;0
20260614_0639;Consistência_1000;classification;LeveragingBagging;Default_33Features;classifier;classifier;classifier;N/A;N/A;N/A;2000;100;67;8600;95,4023;0,0000;100,0000;0,0000;91,2088;0,0000;0;0;8;0
20260614_0639;Consistência_1000;classification;LeveragingBagging;Default_33Features;classifier;classifier;classifier;N/A;N/A;N/A;2000;100;68;8700;95,6152;0,2672;100,0000;0,0000;91,6000;0,4899;0;0;9;1
20260614_0639;Consistência_1000;classification;LeveragingBagging;Default_33Features;classifier;classifier;classifier;N/A;N/A;N/A;2000;100;69;8800;98,3871;0,0000;100,0000;0,0000;96,8254;0,0000;0;0;2;0
20260614_0639;Consistência_1000;classification;LeveragingBagging;Default_33Features;classifier;classifier;classifier;N/A;N/A;N/A;2000;100;70;8900;98,1895;0,2311;100,0000;0,0000;96,4444;0,4444;0;0;4;1
20260614_0639;Consistência_1000;classification;LeveragingBagging;Default_33Features;classifier;classifier;classifier;N/A;N/A;N/A;2000;100;71;9000;100,0000;0,0000;100,0000;0,0000;100,0000;0,0000;0;0;0;0
20260614_0639;Consistência_1000;classification;LeveragingBagging;Default_33Features;classifier;classifier;classifier;N/A;N/A;N/A;2000;100;72;9100;99,4975;0,0000;100,0000;0,0000;99,0000;0,0000;0;0;1;0
20260614_0639;Consistência_1000;classification;LeveragingBagging;Default_33Features;classifier;classifier;classifier;N/A;N/A;N/A;2000;100;73;9200;98,7467;0,2592;100,0000;0,0000;97,5258;0,5050;0;0;3;1
20260614_0639;Consistência_1000;classification;LeveragingBagging;Default_33Features;classifier;classifier;classifier;N/A;N/A;N/A;2000;100;74;9300;99,7970;0,2487;100,0000;0,0000;99,5960;0,4948;0;0;1;1
20260614_0639;Consistência_1000;classification;LeveragingBagging;Default_33Features;classifier;classifier;classifier;N/A;N/A;N/A;2000;100;75;9400;99,4872;0,0000;100,0000;0,0000;98,9796;0,0000;0;0;1;0
20260614_0639;Consistência_1000;classification;LeveragingBagging;Default_33Features;classifier;classifier;classifier;N/A;N/A;N/A;2000;100;76;9500;99,8985;0,2030;100,0000;0,0000;99,7980;0,4040;0;0;1;1
20260614_0639;Consistência_1000;classification;LeveragingBagging;Default_33Features;classifier;classifier;classifier;N/A;N/A;N/A;2000;100;77;9600;0,0000;0,0000;0,0000;0,0000;0,0000;0,0000;0;0;0;0
20260614_0639;Consistência_1000;classification;LeveragingBagging;Default_33Features;classifier;classifier;classifier;N/A;N/A;N/A;2000;100;78;9700;0,0000;0,0000;0,0000;0,0000;0,0000;0,0000;0;0;0;0
20260614_0639;Consistência_1000;classification;LeveragingBagging;Default_33Features;classifier;classifier;classifier;N/A;N/A;N/A;2000;100;79;9800;0,0000;0,0000;0,0000;0,0000;0,0000;0,0000;0;0;0;0
20260614_0639;Consistência_1000;classification;LeveragingBagging;Default_33Features;classifier;classifier;classifier;N/A;N/A;N/A;2000;100;80;9900;0,0000;0,0000;0,0000;0,0000;0,0000;0,0000;0;0;0;0
20260614_0639;Consistência_1000;classification;LeveragingBagging;Default_33Features;classifier;classifier;classifier;N/A;N/A;N/A;2000;100;81;10000;0,0000;0,0000;0,0000;0,0000;0,0000;0,0000;0;0;0;0
20260614_0639;Consistência_1000;classification;LeveragingBagging;Default_33Features;classifier;classifier;classifier;N/A;N/A;N/A;2000;100;82;10100;0,0000;0,0000;0,0000;0,0000;0,0000;0,0000;1;1;0;0
20260614_0639;Consistência_1000;classification;LeveragingBagging;Default_33Features;classifier;classifier;classifier;N/A;N/A;N/A;2000;100;83;10200;0,0000;0,0000;0,0000;0,0000;0,0000;0,0000;0;0;0;0
20260614_0639;Consistência_1000;classification;LeveragingBagging;Default_33Features;classifier;classifier;classifier;N/A;N/A;N/A;2000;100;84;10300;0,0000;0,0000;0,0000;0,0000;0,0000;0,0000;0;0;0;0
20260614_0639;Consistência_1000;classification;LeveragingBagging;Default_33Features;classifier;classifier;classifier;N/A;N/A;N/A;2000;100;85;10400;0,0000;0,0000;0,0000;0,0000;0,0000;0,0000;0;0;0;0
20260614_0639;Consistência_1000;classification;LeveragingBagging;Default_33Features;classifier;classifier;classifier;N/A;N/A;N/A;2000;100;86;10500;0,0000;0,0000;0,0000;0,0000;0,0000;0,0000;0;0;0;0
20260614_0639;Consistência_1000;classification;LeveragingBagging;Default_33Features;classifier;classifier;classifier;N/A;N/A;N/A;2000;100;87;10600;0,0000;0,0000;0,0000;0,0000;0,0000;0,0000;0;0;0;0
20260614_0639;Consistência_1000;classification;LeveragingBagging;Default_33Features;classifier;classifier;classifier;N/A;N/A;N/A;2000;100;88;10700;0,0000;0,0000;0,0000;0,0000;0,0000;0,0000;1;0;0;0
20260614_0639;Consistência_1000;classification;LeveragingBagging;Default_33Features;classifier;classifier;classifier;N/A;N/A;N/A;2000;100;89;10800;0,0000;0,0000;0,0000;0,0000;0,0000;0,0000;0;0;0;0
20260614_0639;Consistência_1000;classification;LeveragingBagging;Default_33Features;classifier;classifier;classifier;N/A;N/A;N/A;2000;100;90;10900;0,0000;0,0000;0,0000;0,0000;0,0000;0,0000;0;0;0;0
20260614_0639;Consistência_1000;classification;LeveragingBagging;Default_33Features;classifier;classifier;classifier;N/A;N/A;N/A;2000;100;91;11000;0,0000;0,0000;0,0000;0,0000;0,0000;0,0000;0;0;0;0
20260614_0639;Consistência_1000;classification;LeveragingBagging;Default_33Features;classifier;classifier;classifier;N/A;N/A;N/A;2000;100;92;11100;0,0000;0,0000;0,0000;0,0000;0,0000;0,0000;0;0;0;0
20260614_0639;Consistência_1000;classification;LeveragingBagging;Default_33Features;classifier;classifier;classifier;N/A;N/A;N/A;2000;100;93;11200;0,0000;0,0000;0,0000;0,0000;0,0000;0,0000;0;0;0;0
20260614_0639;Consistência_1000;classification;LeveragingBagging;Default_33Features;classifier;classifier;classifier;N/A;N/A;N/A;2000;100;94;11300;0,0000;0,0000;0,0000;0,0000;0,0000;0,0000;0;0;0;0
20260614_0639;Consistência_1000;classification;LeveragingBagging;Default_33Features;classifier;classifier;classifier;N/A;N/A;N/A;2000;100;95;11400;0,0000;0,0000;0,0000;0,0000;0,0000;0,0000;0;0;0;0
20260614_0639;Consistência_1000;classification;LeveragingBagging;Default_33Features;classifier;classifier;classifier;N/A;N/A;N/A;2000;100;96;11500;0,0000;0,0000;0,0000;0,0000;0,0000;0,0000;0;0;0;0
20260614_0639;Consistência_1000;classification;LeveragingBagging;Default_33Features;classifier;classifier;classifier;N/A;N/A;N/A;2000;100;97;11600;0,0000;0,0000;0,0000;0,0000;0,0000;0,0000;1;1;0;0
20260614_0639;Consistência_1000;classification;LeveragingBagging;Default_33Features;classifier;classifier;classifier;N/A;N/A;N/A;2000;100;98;11700;0,0000;0,0000;0,0000;0,0000;0,0000;0,0000;1;1;0;0
20260614_0639;Consistência_1000;classification;LeveragingBagging;Default_33Features;classifier;classifier;classifier;N/A;N/A;N/A;2000;100;99;11800;0,0000;0,0000;0,0000;0,0000;0,0000;0,0000;0;0;0;0
20260614_0639;Consistência_1000;classification;LeveragingBagging;Default_33Features;classifier;classifier;classifier;N/A;N/A;N/A;2000;100;100;11900;0,0000;0,0000;0,0000;0,0000;0,0000;0,0000;0;0;0;0
20260614_0639;Consistência_1000;classification;LeveragingBagging;Default_33Features;classifier;classifier;classifier;N/A;N/A;N/A;2000;100;101;12000;0,0000;0,0000;0,0000;0,0000;0,0000;0,0000;0;0;0;0
20260614_0639;Consistência_1000;classification;LeveragingBagging;Default_33Features;classifier;classifier;classifier;N/A;N/A;N/A;2000;100;102;12100;0,0000;0,0000;0,0000;0,0000;0,0000;0,0000;0;0;0;0
20260614_0639;Consistência_1000;classification;LeveragingBagging;Default_33Features;classifier;classifier;classifier;N/A;N/A;N/A;2000;100;103;12200;0,0000;0,0000;0,0000;0,0000;0,0000;0,0000;0;0;0;0
20260614_0639;Consistência_1000;classification;LeveragingBagging;Default_33Features;classifier;classifier;classifier;N/A;N/A;N/A;2000;100;104;12300;0,0000;0,0000;0,0000;0,0000;0,0000;0,0000;0;0;0;0
20260614_0639;Consistência_1000;classification;LeveragingBagging;Default_33Features;classifier;classifier;classifier;N/A;N/A;N/A;2000;100;105;12400;0,0000;0,0000;0,0000;0,0000;0,0000;0,0000;0;0;0;0
20260614_0639;Consistência_1000;classification;LeveragingBagging;Default_33Features;classifier;classifier;classifier;N/A;N/A;N/A;2000;100;106;12500;0,0000;0,0000;0,0000;0,0000;0,0000;0,0000;0;0;0;0
20260614_0639;Consistência_1000;classification;LeveragingBagging;Default_33Features;classifier;classifier;classifier;N/A;N/A;N/A;2000;100;107;12600;0,0000;0,0000;0,0000;0,0000;0,0000;0,0000;0;0;0;0
20260614_0639;Consistência_1000;classification;LeveragingBagging;Default_33Features;classifier;classifier;classifier;N/A;N/A;N/A;2000;100;108;12700;0,0000;0,0000;0,0000;0,0000;0,0000;0,0000;0;0;0;0
20260614_0639;Consistência_1000;classification;LeveragingBagging;Default_33Features;classifier;classifier;classifier;N/A;N/A;N/A;2000;100;109;12800;0,0000;0,0000;0,0000;0,0000;0,0000;0,0000;1;0;0;0
20260614_0639;Consistência_1000;classification;LeveragingBagging;Default_33Features;classifier;classifier;classifier;N/A;N/A;N/A;2000;100;110;12900;0,0000;0,0000;0,0000;0,0000;0,0000;0,0000;0;0;0;0
20260614_0639;Consistência_1000;classification;LeveragingBagging;Default_33Features;classifier;classifier;classifier;N/A;N/A;N/A;2000;100;111;13000;0,0000;0,0000;0,0000;0,0000;0,0000;0,0000;0;0;0;0
20260614_0639;Consistência_1000;classification;LeveragingBagging;Default_33Features;classifier;classifier;classifier;N/A;N/A;N/A;2000;100;112;13100;0,0000;0,0000;0,0000;0,0000;0,0000;0,0000;1;1;0;0
20260614_0639;Consistência_1000;classification;LeveragingBagging;Default_33Features;classifier;classifier;classifier;N/A;N/A;N/A;2000;100;113;13200;0,0000;0,0000;0,0000;0,0000;0,0000;0,0000;0;0;0;0
20260614_0639;Consistência_1000;classification;LeveragingBagging;Default_33Features;classifier;classifier;classifier;N/A;N/A;N/A;2000;100;114;13300;97,7939;0,4121;100,0000;0,0000;95,6863;0,7843;0;0;3;1
20260614_0639;Consistência_1000;classification;LeveragingBagging;Default_33Features;classifier;classifier;classifier;N/A;N/A;N/A;2000;100;115;13400;100,0000;0,0000;100,0000;0,0000;100,0000;0,0000;0;0;0;0
20260614_0639;Consistência_1000;classification;LeveragingBagging;Default_33Features;classifier;classifier;classifier;N/A;N/A;N/A;2000;100;116;13500;99,4975;0,0000;100,0000;0,0000;99,0000;0,0000;0;0;1;0
20260614_0639;Consistência_1000;classification;LeveragingBagging;Default_33Features;classifier;classifier;classifier;N/A;N/A;N/A;2000;100;117;13600;98,5714;0,0000;100,0000;0,0000;97,1831;0,0000;0;0;2;0
20260614_0639;Consistência_1000;classification;LeveragingBagging;Default_33Features;classifier;classifier;classifier;N/A;N/A;N/A;2000;100;118;13700;100,0000;0,0000;100,0000;0,0000;100,0000;0,0000;0;0;0;0
20260614_0639;Consistência_1000;classification;LeveragingBagging;Default_33Features;classifier;classifier;classifier;N/A;N/A;N/A;2000;100;119;13800;97,0740;0,2734;100,0000;0,0000;94,3158;0,5157;0;0;6;1
20260614_0639;Consistência_1000;classification;LeveragingBagging;Default_33Features;classifier;classifier;classifier;N/A;N/A;N/A;2000;100;120;13900;100,0000;0,0000;100,0000;0,0000;100,0000;0,0000;0;0;0;0
20260614_0639;Consistência_1000;classification;LeveragingBagging;Default_33Features;classifier;classifier;classifier;N/A;N/A;N/A;2000;100;121;14000;100,0000;0,0000;100,0000;0,0000;100,0000;0,0000;0;0;0;0
20260614_0639;Consistência_1000;classification;LeveragingBagging;Default_33Features;classifier;classifier;classifier;N/A;N/A;N/A;2000;100;122;14100;100,0000;0,0000;100,0000;0,0000;100,0000;0,0000;0;0;0;0
20260614_0639;Consistência_1000;classification;LeveragingBagging;Default_33Features;classifier;classifier;classifier;N/A;N/A;N/A;2000;100;123;14200;100,0000;0,0000;100,0000;0,0000;100,0000;0,0000;0;0;0;0
20260614_0639;Consistência_1000;classification;LeveragingBagging;Default_33Features;classifier;classifier;classifier;N/A;N/A;N/A;2000;100;124;14300;100,0000;0,0000;100,0000;0,0000;100,0000;0,0000;0;0;0;0
20260614_0639;Consistência_1000;classification;LeveragingBagging;Default_33Features;classifier;classifier;classifier;N/A;N/A;N/A;2000;100;125;14400;0,0000;0,0000;0,0000;0,0000;0,0000;0,0000;1;1;0;0
20260614_0639;Consistência_1000;classification;LeveragingBagging;Default_33Features;classifier;classifier;classifier;N/A;N/A;N/A;2000;100;126;14500;0,0000;0,0000;0,0000;0,0000;0,0000;0,0000;0;0;0;0
20260614_0639;Consistência_1000;classification;LeveragingBagging;Default_33Features;classifier;classifier;classifier;N/A;N/A;N/A;2000;100;127;14600;0,0000;0,0000;0,0000;0,0000;0,0000;0,0000;0;0;0;0
20260614_0639;Consistência_1000;classification;LeveragingBagging;Default_33Features;classifier;classifier;classifier;N/A;N/A;N/A;2000;100;128;14700;0,0000;0,0000;0,0000;0,0000;0,0000;0,0000;0;0;0;0
20260614_0639;Consistência_1000;classification;LeveragingBagging;Default_33Features;classifier;classifier;classifier;N/A;N/A;N/A;2000;100;129;14800;0,0000;0,0000;0,0000;0,0000;0,0000;0,0000;0;0;0;0
20260614_0639;Consistência_1000;classification;LeveragingBagging;Default_33Features;classifier;classifier;classifier;N/A;N/A;N/A;2000;100;130;14900;0,0000;0,0000;0,0000;0,0000;0,0000;0,0000;0;0;0;0
20260614_0639;Consistência_1000;classification;LeveragingBagging;Default_33Features;classifier;classifier;classifier;N/A;N/A;N/A;2000;100;131;15000;0,0000;0,0000;0,0000;0,0000;0,0000;0,0000;0;0;0;0
20260614_0639;Consistência_1000;classification;LeveragingBagging;Default_33Features;classifier;classifier;classifier;N/A;N/A;N/A;2000;100;132;15100;0,0000;0,0000;0,0000;0,0000;0,0000;0,0000;0;0;0;0
20260614_0639;Consistência_1000;classification;LeveragingBagging;Default_33Features;classifier;classifier;classifier;N/A;N/A;N/A;2000;100;133;15200;0,0000;0,0000;0,0000;0,0000;0,0000;0,0000;0;0;0;0
20260614_0639;Consistência_1000;classification;LeveragingBagging;Default_33Features;classifier;classifier;classifier;N/A;N/A;N/A;2000;100;134;15300;0,0000;0,0000;0,0000;0,0000;0,0000;0,0000;0;0;0;0
20260614_0639;Consistência_1000;classification;LeveragingBagging;Default_33Features;classifier;classifier;classifier;N/A;N/A;N/A;2000;100;135;15400;0,0000;0,0000;0,0000;0,0000;0,0000;0,0000;0;0;0;0
20260614_0639;Consistência_1000;classification;LeveragingBagging;Default_33Features;classifier;classifier;classifier;N/A;N/A;N/A;2000;100;136;15500;0,0000;0,0000;0,0000;0,0000;0,0000;0,0000;0;0;0;0
20260614_0639;Consistência_1000;classification;LeveragingBagging;Default_33Features;classifier;classifier;classifier;N/A;N/A;N/A;2000;100;137;15600;0,0000;0,0000;0,0000;0,0000;0,0000;0,0000;0;0;0;0
20260614_0639;Consistência_1000;classification;LeveragingBagging;Default_33Features;classifier;classifier;classifier;N/A;N/A;N/A;2000;100;138;15700;0,0000;0,0000;0,0000;0,0000;0,0000;0,0000;0;0;0;0
20260614_0639;Consistência_1000;classification;LeveragingBagging;Default_33Features;classifier;classifier;classifier;N/A;N/A;N/A;2000;100;139;15800;0,0000;0,0000;0,0000;0,0000;0,0000;0,0000;0;0;0;0
20260614_0639;Consistência_1000;classification;LeveragingBagging;Default_33Features;classifier;classifier;classifier;N/A;N/A;N/A;2000;100;140;15900;0,0000;0,0000;0,0000;0,0000;0,0000;0,0000;0;0;0;0
20260614_0639;Consistência_1000;classification;LeveragingBagging;Default_33Features;classifier;classifier;classifier;N/A;N/A;N/A;2000;100;141;16000;0,0000;0,0000;0,0000;0,0000;0,0000;0,0000;0;0;0;0
20260614_0639;Consistência_1000;classification;LeveragingBagging;Default_33Features;classifier;classifier;classifier;N/A;N/A;N/A;2000;100;142;16100;0,0000;0,0000;0,0000;0,0000;0,0000;0,0000;0;0;0;0
20260614_0639;Consistência_1000;classification;LeveragingBagging;Default_33Features;classifier;classifier;classifier;N/A;N/A;N/A;2000;100;143;16200;0,0000;0,0000;0,0000;0,0000;0,0000;0,0000;0;0;0;0
20260614_0639;Consistência_1000;classification;LeveragingBagging;Default_33Features;classifier;classifier;classifier;N/A;N/A;N/A;2000;100;144;16300;0,0000;0,0000;0,0000;0,0000;0,0000;0,0000;0;0;0;0
20260614_0639;Consistência_1000;classification;LeveragingBagging;Default_33Features;classifier;classifier;classifier;N/A;N/A;N/A;2000;100;145;16400;0,0000;0,0000;0,0000;0,0000;0,0000;0,0000;0;0;0;0
20260614_0639;Consistência_1000;classification;LeveragingBagging;Default_33Features;classifier;classifier;classifier;N/A;N/A;N/A;2000;100;146;16500;0,0000;0,0000;0,0000;0,0000;0,0000;0,0000;0;0;0;0
20260614_0639;Consistência_1000;classification;LeveragingBagging;Default_33Features;classifier;classifier;classifier;N/A;N/A;N/A;2000;100;147;16600;0,0000;0,0000;0,0000;0,0000;0,0000;0,0000;0;0;0;0
20260614_0639;Consistência_1000;classification;LeveragingBagging;Default_33Features;classifier;classifier;classifier;N/A;N/A;N/A;2000;100;148;16700;0,0000;0,0000;0,0000;0,0000;0,0000;0,0000;0;0;0;0
20260614_0639;Consistência_1000;classification;LeveragingBagging;Default_33Features;classifier;classifier;classifier;N/A;N/A;N/A;2000;100;149;16800;0,0000;0,0000;0,0000;0,0000;0,0000;0,0000;0;0;0;0
20260614_0639;Consistência_1000;classification;LeveragingBagging;Default_33Features;classifier;classifier;classifier;N/A;N/A;N/A;2000;100;150;16900;0,0000;0,0000;0,0000;0,0000;0,0000;0,0000;0;0;0;0
20260614_0639;Consistência_1000;classification;LeveragingBagging;Default_33Features;classifier;classifier;classifier;N/A;N/A;N/A;2000;100;151;17000;0,0000;0,0000;0,0000;0,0000;0,0000;0,0000;0;0;0;0
20260614_0639;Consistência_1000;classification;LeveragingBagging;Default_33Features;classifier;classifier;classifier;N/A;N/A;N/A;2000;100;152;17100;0,0000;0,0000;0,0000;0,0000;0,0000;0,0000;0;0;0;0
20260614_0639;Consistência_1000;classification;LeveragingBagging;Default_33Features;classifier;classifier;classifier;N/A;N/A;N/A;2000;100;153;17200;0,0000;0,0000;0,0000;0,0000;0,0000;0,0000;0;0;0;0
20260614_0639;Consistência_1000;classification;LeveragingBagging;Default_33Features;classifier;classifier;classifier;N/A;N/A;N/A;2000;100;154;17300;0,0000;0,0000;0,0000;0,0000;0,0000;0,0000;0;0;0;0
20260614_0639;Consistência_1000;classification;LeveragingBagging;Default_33Features;classifier;classifier;classifier;N/A;N/A;N/A;2000;100;155;17400;0,0000;0,0000;0,0000;0,0000;0,0000;0,0000;0;0;0;0
20260614_0639;Consistência_1000;classification;LeveragingBagging;Default_33Features;classifier;classifier;classifier;N/A;N/A;N/A;2000;100;156;17500;0,0000;0,0000;0,0000;0,0000;0,0000;0,0000;0;0;0;0
20260614_0639;Consistência_1000;classification;LeveragingBagging;Default_33Features;classifier;classifier;classifier;N/A;N/A;N/A;2000;100;157;17600;0,0000;0,0000;0,0000;0,0000;0,0000;0,0000;0;0;0;0
20260614_0639;Consistência_1000;classification;LeveragingBagging;Default_33Features;classifier;classifier;classifier;N/A;N/A;N/A;2000;100;158;17700;0,0000;0,0000;0,0000;0,0000;0,0000;0,0000;0;0;0;0
20260614_0639;Consistência_1000;classification;LeveragingBagging;Default_33Features;classifier;classifier;classifier;N/A;N/A;N/A;2000;100;159;17800;0,0000;0,0000;0,0000;0,0000;0,0000;0,0000;0;0;0;0
20260614_0639;Consistência_1000;classification;LeveragingBagging;Default_33Features;classifier;classifier;classifier;N/A;N/A;N/A;2000;100;160;17900;0,0000;0,0000;0,0000;0,0000;0,0000;0,0000;0;0;0;0
20260614_0639;Generalização_25;classification;LeveragingBagging;Default_33Features;classifier;classifier;classifier;N/A;N/A;N/A;2000;100;1;2000;0,0000;0,0000;0,0000;0,0000;0,0000;0,0000;0;0;0;0
20260614_0639;Generalização_25;classification;LeveragingBagging;Default_33Features;classifier;classifier;classifier;N/A;N/A;N/A;2000;100;2;2100;0,0000;0,0000;0,0000;0,0000;0,0000;0,0000;0;0;0;0
20260614_0639;Generalização_25;classification;LeveragingBagging;Default_33Features;classifier;classifier;classifier;N/A;N/A;N/A;2000;100;3;2200;0,0000;0,0000;0,0000;0,0000;0,0000;0,0000;0;0;0;0
20260614_0639;Generalização_25;classification;LeveragingBagging;Default_33Features;classifier;classifier;classifier;N/A;N/A;N/A;2000;100;4;2300;0,0000;0,0000;0,0000;0,0000;0,0000;0,0000;0;0;0;0
20260614_0639;Generalização_25;classification;LeveragingBagging;Default_33Features;classifier;classifier;classifier;N/A;N/A;N/A;2000;100;5;2400;0,0000;0,0000;0,0000;0,0000;0,0000;0,0000;0;0;0;0
20260614_0639;Generalização_25;classification;LeveragingBagging;Default_33Features;classifier;classifier;classifier;N/A;N/A;N/A;2000;100;6;2500;0,0000;0,0000;0,0000;0,0000;0,0000;0,0000;0;0;0;0
20260614_0639;Generalização_25;classification;LeveragingBagging;Default_33Features;classifier;classifier;classifier;N/A;N/A;N/A;2000;100;7;2600;0,0000;0,0000;0,0000;0,0000;0,0000;0,0000;0;0;0;0
20260614_0639;Generalização_25;classification;LeveragingBagging;Default_33Features;classifier;classifier;classifier;N/A;N/A;N/A;2000;100;8;2700;0,0000;0,0000;0,0000;0,0000;0,0000;0,0000;0;0;0;0
20260614_0639;Generalização_25;classification;LeveragingBagging;Default_33Features;classifier;classifier;classifier;N/A;N/A;N/A;2000;100;9;2800;0,0000;0,0000;0,0000;0,0000;0,0000;0,0000;0;0;0;0
20260614_0639;Generalização_25;classification;LeveragingBagging;Default_33Features;classifier;classifier;classifier;N/A;N/A;N/A;2000;100;10;2900;0,0000;0,0000;0,0000;0,0000;0,0000;0,0000;0;0;0;0
20260614_0639;Generalização_25;classification;LeveragingBagging;Default_33Features;classifier;classifier;classifier;N/A;N/A;N/A;2000;100;11;3000;0,0000;0,0000;0,0000;0,0000;0,0000;0,0000;0;0;0;0
20260614_0639;Generalização_25;classification;LeveragingBagging;Default_33Features;classifier;classifier;classifier;N/A;N/A;N/A;2000;100;12;3100;0,0000;0,0000;0,0000;0,0000;0,0000;0,0000;0;0;0;0
20260614_0639;Generalização_25;classification;LeveragingBagging;Default_33Features;classifier;classifier;classifier;N/A;N/A;N/A;2000;100;13;3200;0,0000;0,0000;0,0000;0,0000;0,0000;0,0000;0;0;0;0
20260614_0639;Generalização_25;classification;LeveragingBagging;Default_33Features;classifier;classifier;classifier;N/A;N/A;N/A;2000;100;14;3300;0,0000;0,0000;0,0000;0,0000;0,0000;0,0000;0;0;0;0
20260614_0639;Generalização_25;classification;LeveragingBagging;Default_33Features;classifier;classifier;classifier;N/A;N/A;N/A;2000;100;15;3400;0,0000;0,0000;0,0000;0,0000;0,0000;0,0000;0;0;0;0
20260614_0639;Generalização_25;classification;LeveragingBagging;Default_33Features;classifier;classifier;classifier;N/A;N/A;N/A;2000;100;16;3500;0,0000;0,0000;0,0000;0,0000;0,0000;0,0000;0;0;0;0
20260614_0639;Generalização_25;classification;LeveragingBagging;Default_33Features;classifier;classifier;classifier;N/A;N/A;N/A;2000;100;17;3600;0,0000;0,0000;0,0000;0,0000;0,0000;0,0000;0;0;0;0
20260614_0639;Generalização_25;classification;LeveragingBagging;Default_33Features;classifier;classifier;classifier;N/A;N/A;N/A;2000;100;18;3700;0,0000;0,0000;0,0000;0,0000;0,0000;0,0000;0;0;0;0
20260614_0639;Generalização_25;classification;LeveragingBagging;Default_33Features;classifier;classifier;classifier;N/A;N/A;N/A;2000;100;19;3800;91,3043;0,0000;100,0000;0,0000;84,0000;0,0000;0;0;4;0
20260614_0639;Generalização_25;classification;LeveragingBagging;Default_33Features;classifier;classifier;classifier;N/A;N/A;N/A;2000;100;20;3900;0,0000;0,0000;0,0000;0,0000;0,0000;0,0000;1;0;0;0
20260614_0639;Generalização_25;classification;LeveragingBagging;Default_33Features;classifier;classifier;classifier;N/A;N/A;N/A;2000;100;21;4000;0,0000;0,0000;0,0000;0,0000;0,0000;0,0000;1;0;0;0
20260614_0639;Generalização_25;classification;LeveragingBagging;Default_33Features;classifier;classifier;classifier;N/A;N/A;N/A;2000;100;22;4100;0,0000;0,0000;0,0000;0,0000;0,0000;0,0000;0;0;0;0
20260614_0639;Generalização_25;classification;LeveragingBagging;Default_33Features;classifier;classifier;classifier;N/A;N/A;N/A;2000;100;23;4200;0,0000;0,0000;0,0000;0,0000;0,0000;0,0000;0;0;0;0
20260614_0639;Generalização_25;classification;LeveragingBagging;Default_33Features;classifier;classifier;classifier;N/A;N/A;N/A;2000;100;24;4300;0,0000;0,0000;0,0000;0,0000;0,0000;0,0000;0;0;0;0
20260614_0639;Generalização_25;classification;LeveragingBagging;Default_33Features;classifier;classifier;classifier;N/A;N/A;N/A;2000;100;25;4400;0,0000;0,0000;0,0000;0,0000;0,0000;0,0000;0;0;0;0
20260614_0639;Generalização_25;classification;LeveragingBagging;Default_33Features;classifier;classifier;classifier;N/A;N/A;N/A;2000;100;26;4500;0,0000;0,0000;0,0000;0,0000;0,0000;0,0000;0;0;0;0
20260614_0639;Generalização_25;classification;LeveragingBagging;Default_33Features;classifier;classifier;classifier;N/A;N/A;N/A;2000;100;27;4600;0,0000;0,0000;0,0000;0,0000;0,0000;0,0000;0;0;0;0
20260614_0639;Generalização_25;classification;LeveragingBagging;Default_33Features;classifier;classifier;classifier;N/A;N/A;N/A;2000;100;28;4700;0,0000;0,0000;0,0000;0,0000;0,0000;0,0000;0;0;0;0
20260614_0639;Generalização_25;classification;LeveragingBagging;Default_33Features;classifier;classifier;classifier;N/A;N/A;N/A;2000;100;29;4800;0,0000;0,0000;0,0000;0,0000;0,0000;0,0000;0;0;0;0
20260614_0639;Generalização_25;classification;LeveragingBagging;Default_33Features;classifier;classifier;classifier;N/A;N/A;N/A;2000;100;30;4900;0,0000;0,0000;0,0000;0,0000;0,0000;0,0000;0;0;0;0
20260614_0639;Generalização_25;classification;LeveragingBagging;Default_33Features;classifier;classifier;classifier;N/A;N/A;N/A;2000;100;31;5000;0,0000;0,0000;0,0000;0,0000;0,0000;0,0000;0;0;0;0
20260614_0639;Generalização_25;classification;LeveragingBagging;Default_33Features;classifier;classifier;classifier;N/A;N/A;N/A;2000;100;32;5100;0,0000;0,0000;0,0000;0,0000;0,0000;0,0000;0;0;0;0
20260614_0639;Generalização_25;classification;LeveragingBagging;Default_33Features;classifier;classifier;classifier;N/A;N/A;N/A;2000;100;33;5200;0,0000;0,0000;0,0000;0,0000;0,0000;0,0000;0;0;0;0
20260614_0639;Generalização_25;classification;LeveragingBagging;Default_33Features;classifier;classifier;classifier;N/A;N/A;N/A;2000;100;34;5300;0,0000;0,0000;0,0000;0,0000;0,0000;0,0000;0;0;0;0
20260614_0639;Generalização_25;classification;LeveragingBagging;Default_33Features;classifier;classifier;classifier;N/A;N/A;N/A;2000;100;35;5400;0,0000;0,0000;0,0000;0,0000;0,0000;0,0000;0;0;0;0
20260614_0639;Generalização_25;classification;LeveragingBagging;Default_33Features;classifier;classifier;classifier;N/A;N/A;N/A;2000;100;36;5500;0,0000;0,0000;0,0000;0,0000;0,0000;0,0000;0;0;0;0
20260614_0639;Generalização_25;classification;LeveragingBagging;Default_33Features;classifier;classifier;classifier;N/A;N/A;N/A;2000;100;37;5600;0,0000;0,0000;0,0000;0,0000;0,0000;0,0000;0;0;0;0
20260614_0639;Generalização_25;classification;LeveragingBagging;Default_33Features;classifier;classifier;classifier;N/A;N/A;N/A;2000;100;38;5700;0,0000;0,0000;0,0000;0,0000;0,0000;0,0000;0;0;0;0
20260614_0639;Generalização_25;classification;LeveragingBagging;Default_33Features;classifier;classifier;classifier;N/A;N/A;N/A;2000;100;39;5800;0,0000;0,0000;0,0000;0,0000;0,0000;0,0000;0;0;0;0
20260614_0639;Generalização_25;classification;LeveragingBagging;Default_33Features;classifier;classifier;classifier;N/A;N/A;N/A;2000;100;40;5900;0,0000;0,0000;0,0000;0,0000;0,0000;0,0000;0;0;0;0
20260614_0639;Generalização_25;classification;LeveragingBagging;Default_33Features;classifier;classifier;classifier;N/A;N/A;N/A;2000;100;41;6000;0,0000;0,0000;0,0000;0,0000;0,0000;0,0000;0;0;0;0
20260614_0639;Generalização_25;classification;LeveragingBagging;Default_33Features;classifier;classifier;classifier;N/A;N/A;N/A;2000;100;42;6100;0,0000;0,0000;0,0000;0,0000;0,0000;0,0000;0;0;0;0
20260614_0639;Generalização_25;classification;LeveragingBagging;Default_33Features;classifier;classifier;classifier;N/A;N/A;N/A;2000;100;43;6200;0,0000;0,0000;0,0000;0,0000;0,0000;0,0000;0;0;0;0
20260614_0639;Generalização_25;classification;LeveragingBagging;Default_33Features;classifier;classifier;classifier;N/A;N/A;N/A;2000;100;44;6300;0,0000;0,0000;0,0000;0,0000;0,0000;0,0000;0;0;0;0
20260614_0639;Generalização_25;classification;LeveragingBagging;Default_33Features;classifier;classifier;classifier;N/A;N/A;N/A;2000;100;45;6400;0,0000;0,0000;0,0000;0,0000;0,0000;0,0000;0;0;0;0
20260614_0639;Generalização_25;classification;LeveragingBagging;Default_33Features;classifier;classifier;classifier;N/A;N/A;N/A;2000;100;46;6500;0,0000;0,0000;0,0000;0,0000;0,0000;0,0000;0;0;0;0
20260614_0639;Generalização_25;classification;LeveragingBagging;Default_33Features;classifier;classifier;classifier;N/A;N/A;N/A;2000;100;47;6600;0,0000;0,0000;0,0000;0,0000;0,0000;0,0000;0;0;0;0
20260614_0639;Generalização_25;classification;LeveragingBagging;Default_33Features;classifier;classifier;classifier;N/A;N/A;N/A;2000;100;48;6700;0,0000;0,0000;0,0000;0,0000;0,0000;0,0000;0;0;0;0
20260614_0639;Generalização_25;classification;LeveragingBagging;Default_33Features;classifier;classifier;classifier;N/A;N/A;N/A;2000;100;49;6800;0,0000;0,0000;0,0000;0,0000;0,0000;0,0000;0;0;0;0
20260614_0639;Generalização_25;classification;LeveragingBagging;Default_33Features;classifier;classifier;classifier;N/A;N/A;N/A;2000;100;50;6900;0,0000;0,0000;0,0000;0,0000;0,0000;0,0000;0;0;0;0
20260614_0639;Generalização_25;classification;LeveragingBagging;Default_33Features;classifier;classifier;classifier;N/A;N/A;N/A;2000;100;51;7000;0,0000;0,0000;0,0000;0,0000;0,0000;0,0000;0;0;0;0
20260614_0639;Generalização_25;classification;LeveragingBagging;Default_33Features;classifier;classifier;classifier;N/A;N/A;N/A;2000;100;52;7100;0,0000;0,0000;0,0000;0,0000;0,0000;0,0000;0;0;0;0
20260614_0639;Generalização_25;classification;LeveragingBagging;Default_33Features;classifier;classifier;classifier;N/A;N/A;N/A;2000;100;53;7200;0,0000;0,0000;0,0000;0,0000;0,0000;0,0000;0;0;0;0
20260614_0639;Generalização_25;classification;LeveragingBagging;Default_33Features;classifier;classifier;classifier;N/A;N/A;N/A;2000;100;54;7300;0,0000;0,0000;0,0000;0,0000;0,0000;0,0000;0;0;0;0
20260614_0639;Generalização_25;classification;LeveragingBagging;Default_33Features;classifier;classifier;classifier;N/A;N/A;N/A;2000;100;55;7400;0,0000;0,0000;0,0000;0,0000;0,0000;0,0000;0;0;0;0
20260614_0639;Generalização_25;classification;LeveragingBagging;Default_33Features;classifier;classifier;classifier;N/A;N/A;N/A;2000;100;56;7500;0,0000;0,0000;0,0000;0,0000;0,0000;0,0000;0;0;0;0
20260614_0639;Generalização_25;classification;LeveragingBagging;Default_33Features;classifier;classifier;classifier;N/A;N/A;N/A;2000;100;57;7600;97,9422;1,3178;100,0000;0,0000;96,0000;2,5298;0;0;1;1
20260614_0639;Generalização_25;classification;LeveragingBagging;Default_33Features;classifier;classifier;classifier;N/A;N/A;N/A;2000;100;58;7700;0,0000;0,0000;0,0000;0,0000;0,0000;0,0000;0;0;0;0
20260614_0639;Generalização_25;classification;LeveragingBagging;Default_33Features;classifier;classifier;classifier;N/A;N/A;N/A;2000;100;59;7800;0,0000;0,0000;0,0000;0,0000;0,0000;0,0000;0;0;0;0
20260614_0639;Generalização_25;classification;LeveragingBagging;Default_33Features;classifier;classifier;classifier;N/A;N/A;N/A;2000;100;60;7900;0,0000;0,0000;0,0000;0,0000;0,0000;0,0000;0;0;0;0
20260614_0639;Generalização_25;classification;LeveragingBagging;Default_33Features;classifier;classifier;classifier;N/A;N/A;N/A;2000;100;61;8000;0,0000;0,0000;0,0000;0,0000;0,0000;0,0000;0;0;0;0
20260614_0639;Generalização_25;classification;LeveragingBagging;Default_33Features;classifier;classifier;classifier;N/A;N/A;N/A;2000;100;62;8100;0,0000;0,0000;0,0000;0,0000;0,0000;0,0000;0;0;0;0
20260614_0639;Generalização_25;classification;LeveragingBagging;Default_33Features;classifier;classifier;classifier;N/A;N/A;N/A;2000;100;63;8200;0,0000;0,0000;0,0000;0,0000;0,0000;0,0000;0;0;0;0
20260614_0639;Generalização_25;classification;LeveragingBagging;Default_33Features;classifier;classifier;classifier;N/A;N/A;N/A;2000;100;64;8300;0,0000;0,0000;0,0000;0,0000;0,0000;0,0000;0;0;0;0
20260614_0639;Generalização_25;classification;LeveragingBagging;Default_33Features;classifier;classifier;classifier;N/A;N/A;N/A;2000;100;65;8400;0,0000;0,0000;0,0000;0,0000;0,0000;0,0000;0;0;0;0
20260614_0639;Generalização_25;classification;LeveragingBagging;Default_33Features;classifier;classifier;classifier;N/A;N/A;N/A;2000;100;66;8500;0,0000;0,0000;0,0000;0,0000;0,0000;0,0000;0;0;0;0
20260614_0639;Generalização_25;classification;LeveragingBagging;Default_33Features;classifier;classifier;classifier;N/A;N/A;N/A;2000;100;67;8600;0,0000;0,0000;0,0000;0,0000;0,0000;0,0000;0;0;0;0
20260614_0639;Generalização_25;classification;LeveragingBagging;Default_33Features;classifier;classifier;classifier;N/A;N/A;N/A;2000;100;68;8700;0,0000;0,0000;0,0000;0,0000;0,0000;0,0000;0;0;0;0
20260614_0639;Generalização_25;classification;LeveragingBagging;Default_33Features;classifier;classifier;classifier;N/A;N/A;N/A;2000;100;69;8800;0,0000;0,0000;0,0000;0,0000;0,0000;0,0000;0;0;0;0
20260614_0639;Generalização_25;classification;LeveragingBagging;Default_33Features;classifier;classifier;classifier;N/A;N/A;N/A;2000;100;70;8900;0,0000;0,0000;0,0000;0,0000;0,0000;0,0000;0;0;0;0
20260614_0639;Generalização_25;classification;LeveragingBagging;Default_33Features;classifier;classifier;classifier;N/A;N/A;N/A;2000;100;71;9000;0,0000;0,0000;0,0000;0,0000;0,0000;0,0000;0;0;0;0
20260614_0639;Generalização_25;classification;LeveragingBagging;Default_33Features;classifier;classifier;classifier;N/A;N/A;N/A;2000;100;72;9100;0,0000;0,0000;0,0000;0,0000;0,0000;0,0000;0;0;0;0
20260614_0639;Generalização_25;classification;LeveragingBagging;Default_33Features;classifier;classifier;classifier;N/A;N/A;N/A;2000;100;73;9200;0,0000;0,0000;0,0000;0,0000;0,0000;0,0000;0;0;0;0
20260614_0639;Generalização_25;classification;LeveragingBagging;Default_33Features;classifier;classifier;classifier;N/A;N/A;N/A;2000;100;74;9300;0,0000;0,0000;0,0000;0,0000;0,0000;0,0000;0;0;0;0
20260614_0639;Generalização_25;classification;LeveragingBagging;Default_33Features;classifier;classifier;classifier;N/A;N/A;N/A;2000;100;75;9400;0,0000;0,0000;0,0000;0,0000;0,0000;0,0000;0;0;0;0
20260614_0639;Generalização_25;classification;LeveragingBagging;Default_33Features;classifier;classifier;classifier;N/A;N/A;N/A;2000;100;76;9500;0,0000;0,0000;0,0000;0,0000;0,0000;0,0000;0;0;0;0
20260614_0639;Generalização_25;classification;LeveragingBagging;Default_33Features;classifier;classifier;classifier;N/A;N/A;N/A;2000;100;77;9600;0,0000;0,0000;0,0000;0,0000;0,0000;0,0000;0;0;0;0
20260614_0639;Generalização_25;classification;LeveragingBagging;Default_33Features;classifier;classifier;classifier;N/A;N/A;N/A;2000;100;78;9700;0,0000;0,0000;0,0000;0,0000;0,0000;0,0000;0;0;0;0
20260614_0639;Generalização_25;classification;LeveragingBagging;Default_33Features;classifier;classifier;classifier;N/A;N/A;N/A;2000;100;79;9800;0,0000;0,0000;0,0000;0,0000;0,0000;0,0000;0;0;0;0
20260614_0639;Generalização_25;classification;LeveragingBagging;Default_33Features;classifier;classifier;classifier;N/A;N/A;N/A;2000;100;80;9900;0,0000;0,0000;0,0000;0,0000;0,0000;0,0000;0;0;0;0
20260614_0639;Generalização_25;classification;LeveragingBagging;Default_33Features;classifier;classifier;classifier;N/A;N/A;N/A;2000;100;81;10000;0,0000;0,0000;0,0000;0,0000;0,0000;0,0000;0;0;0;0
20260614_0639;Generalização_25;classification;LeveragingBagging;Default_33Features;classifier;classifier;classifier;N/A;N/A;N/A;2000;100;82;10100;0,0000;0,0000;0,0000;0,0000;0,0000;0,0000;0;0;0;0
20260614_0639;Generalização_25;classification;LeveragingBagging;Default_33Features;classifier;classifier;classifier;N/A;N/A;N/A;2000;100;83;10200;0,0000;0,0000;0,0000;0,0000;0,0000;0,0000;0;0;0;0
20260614_0639;Generalização_25;classification;LeveragingBagging;Default_33Features;classifier;classifier;classifier;N/A;N/A;N/A;2000;100;84;10300;0,0000;0,0000;0,0000;0,0000;0,0000;0,0000;0;0;0;0
20260614_0639;Generalização_25;classification;LeveragingBagging;Default_33Features;classifier;classifier;classifier;N/A;N/A;N/A;2000;100;85;10400;0,0000;0,0000;0,0000;0,0000;0,0000;0,0000;0;0;0;0
20260614_0639;Generalização_25;classification;LeveragingBagging;Default_33Features;classifier;classifier;classifier;N/A;N/A;N/A;2000;100;86;10500;0,0000;0,0000;0,0000;0,0000;0,0000;0,0000;0;0;0;0
20260614_0639;Generalização_25;classification;LeveragingBagging;Default_33Features;classifier;classifier;classifier;N/A;N/A;N/A;2000;100;87;10600;0,0000;0,0000;0,0000;0,0000;0,0000;0,0000;0;0;0;0
20260614_0639;Generalização_25;classification;LeveragingBagging;Default_33Features;classifier;classifier;classifier;N/A;N/A;N/A;2000;100;88;10700;0,0000;0,0000;0,0000;0,0000;0,0000;0,0000;0;0;0;0
20260614_0639;Generalização_25;classification;LeveragingBagging;Default_33Features;classifier;classifier;classifier;N/A;N/A;N/A;2000;100;89;10800;0,0000;0,0000;0,0000;0,0000;0,0000;0,0000;0;0;0;0
20260614_0639;Generalização_25;classification;LeveragingBagging;Default_33Features;classifier;classifier;classifier;N/A;N/A;N/A;2000;100;90;10900;0,0000;0,0000;0,0000;0,0000;0,0000;0,0000;0;0;0;0
20260614_0639;Generalização_25;classification;LeveragingBagging;Default_33Features;classifier;classifier;classifier;N/A;N/A;N/A;2000;100;91;11000;0,0000;0,0000;0,0000;0,0000;0,0000;0,0000;0;0;0;0
20260614_0639;Generalização_25;classification;LeveragingBagging;Default_33Features;classifier;classifier;classifier;N/A;N/A;N/A;2000;100;92;11100;0,0000;0,0000;0,0000;0,0000;0,0000;0,0000;0;0;0;0
20260614_0639;Generalização_25;classification;LeveragingBagging;Default_33Features;classifier;classifier;classifier;N/A;N/A;N/A;2000;100;93;11200;0,0000;0,0000;0,0000;0,0000;0,0000;0,0000;0;0;0;0
20260614_0639;Generalização_25;classification;LeveragingBagging;Default_33Features;classifier;classifier;classifier;N/A;N/A;N/A;2000;100;94;11300;100,0000;0,0000;100,0000;0,0000;100,0000;0,0000;0;0;0;0
20260614_0639;Generalização_25;classification;LeveragingBagging;Default_33Features;classifier;classifier;classifier;N/A;N/A;N/A;2000;100;95;11400;97,6744;0,0000;100,0000;0,0000;95,4545;0,0000;0;0;1;0
20260614_0639;Generalização_25;classification;LeveragingBagging;Default_33Features;classifier;classifier;classifier;N/A;N/A;N/A;2000;100;96;11500;0,0000;0,0000;0,0000;0,0000;0,0000;0,0000;0;0;0;0
20260614_0639;Generalização_25;classification;LeveragingBagging;Default_33Features;classifier;classifier;classifier;N/A;N/A;N/A;2000;100;97;11600;0,0000;0,0000;0,0000;0,0000;0,0000;0,0000;0;0;0;0
20260614_0639;Generalização_25;classification;LeveragingBagging;Default_33Features;classifier;classifier;classifier;N/A;N/A;N/A;2000;100;98;11700;0,0000;0,0000;0,0000;0,0000;0,0000;0,0000;0;0;0;0
20260614_0639;Generalização_25;classification;LeveragingBagging;Default_33Features;classifier;classifier;classifier;N/A;N/A;N/A;2000;100;99;11800;0,0000;0,0000;0,0000;0,0000;0,0000;0,0000;0;0;0;0
20260614_0639;Generalização_25;classification;LeveragingBagging;Default_33Features;classifier;classifier;classifier;N/A;N/A;N/A;2000;100;100;11900;0,0000;0,0000;0,0000;0,0000;0,0000;0,0000;0;0;0;0
20260614_0639;Generalização_25;classification;LeveragingBagging;Default_33Features;classifier;classifier;classifier;N/A;N/A;N/A;2000;100;101;12000;0,0000;0,0000;0,0000;0,0000;0,0000;0,0000;0;0;0;0
20260614_0639;Generalização_25;classification;LeveragingBagging;Default_33Features;classifier;classifier;classifier;N/A;N/A;N/A;2000;100;102;12100;0,0000;0,0000;0,0000;0,0000;0,0000;0,0000;0;0;0;0
20260614_0639;Generalização_25;classification;LeveragingBagging;Default_33Features;classifier;classifier;classifier;N/A;N/A;N/A;2000;100;103;12200;0,0000;0,0000;0,0000;0,0000;0,0000;0,0000;0;0;0;0
20260614_0639;Generalização_25;classification;LeveragingBagging;Default_33Features;classifier;classifier;classifier;N/A;N/A;N/A;2000;100;104;12300;0,0000;0,0000;0,0000;0,0000;0,0000;0,0000;0;0;0;0
20260614_0639;Generalização_25;classification;LeveragingBagging;Default_33Features;classifier;classifier;classifier;N/A;N/A;N/A;2000;100;105;12400;0,0000;0,0000;0,0000;0,0000;0,0000;0,0000;0;0;0;0
20260614_0639;Generalização_25;classification;LeveragingBagging;Default_33Features;classifier;classifier;classifier;N/A;N/A;N/A;2000;100;106;12500;0,0000;0,0000;0,0000;0,0000;0,0000;0,0000;0;0;0;0
20260614_0639;Generalização_25;classification;LeveragingBagging;Default_33Features;classifier;classifier;classifier;N/A;N/A;N/A;2000;100;107;12600;0,0000;0,0000;0,0000;0,0000;0,0000;0,0000;0;0;0;0
20260614_0639;Generalização_25;classification;LeveragingBagging;Default_33Features;classifier;classifier;classifier;N/A;N/A;N/A;2000;100;108;12700;0,0000;0,0000;0,0000;0,0000;0,0000;0,0000;0;0;0;0
20260614_0639;Generalização_25;classification;LeveragingBagging;Default_33Features;classifier;classifier;classifier;N/A;N/A;N/A;2000;100;109;12800;0,0000;0,0000;0,0000;0,0000;0,0000;0,0000;0;0;0;0
20260614_0639;Generalização_25;classification;LeveragingBagging;Default_33Features;classifier;classifier;classifier;N/A;N/A;N/A;2000;100;110;12900;0,0000;0,0000;0,0000;0,0000;0,0000;0,0000;0;0;0;0
20260614_0639;Generalização_25;classification;LeveragingBagging;Default_33Features;classifier;classifier;classifier;N/A;N/A;N/A;2000;100;111;13000;0,0000;0,0000;0,0000;0,0000;0,0000;0,0000;0;0;0;0
20260614_0639;Generalização_25;classification;LeveragingBagging;Default_33Features;classifier;classifier;classifier;N/A;N/A;N/A;2000;100;112;13100;0,0000;0,0000;0,0000;0,0000;0,0000;0,0000;0;0;0;0
20260614_0639;Generalização_25;classification;LeveragingBagging;Default_33Features;classifier;classifier;classifier;N/A;N/A;N/A;2000;100;113;13200;0,0000;0,0000;0,0000;0,0000;0,0000;0,0000;0;0;0;0
20260614_0639;Generalização_25;classification;LeveragingBagging;Default_33Features;classifier;classifier;classifier;N/A;N/A;N/A;2000;100;114;13300;0,0000;0,0000;0,0000;0,0000;0,0000;0,0000;0;0;0;0
20260614_0639;Generalização_25;classification;LeveragingBagging;Default_33Features;classifier;classifier;classifier;N/A;N/A;N/A;2000;100;115;13400;0,0000;0,0000;0,0000;0,0000;0,0000;0,0000;0;0;0;0
20260614_0639;Generalização_25;classification;LeveragingBagging;Default_33Features;classifier;classifier;classifier;N/A;N/A;N/A;2000;100;116;13500;0,0000;0,0000;0,0000;0,0000;0,0000;0,0000;0;0;0;0
20260614_0639;Generalização_25;classification;LeveragingBagging;Default_33Features;classifier;classifier;classifier;N/A;N/A;N/A;2000;100;117;13600;0,0000;0,0000;0,0000;0,0000;0,0000;0,0000;0;0;0;0
20260614_0639;Generalização_25;classification;LeveragingBagging;Default_33Features;classifier;classifier;classifier;N/A;N/A;N/A;2000;100;118;13700;0,0000;0,0000;0,0000;0,0000;0,0000;0,0000;0;0;0;0
20260614_0639;Generalização_25;classification;LeveragingBagging;Default_33Features;classifier;classifier;classifier;N/A;N/A;N/A;2000;100;119;13800;0,0000;0,0000;0,0000;0,0000;0,0000;0,0000;0;0;0;0
20260614_0639;Generalização_25;classification;LeveragingBagging;Default_33Features;classifier;classifier;classifier;N/A;N/A;N/A;2000;100;120;13900;0,0000;0,0000;0,0000;0,0000;0,0000;0,0000;0;0;0;0
20260614_0639;Generalização_25;classification;LeveragingBagging;Default_33Features;classifier;classifier;classifier;N/A;N/A;N/A;2000;100;121;14000;0,0000;0,0000;0,0000;0,0000;0,0000;0,0000;0;0;0;0
20260614_0639;Generalização_25;classification;LeveragingBagging;Default_33Features;classifier;classifier;classifier;N/A;N/A;N/A;2000;100;122;14100;0,0000;0,0000;0,0000;0,0000;0,0000;0,0000;0;0;0;0
20260614_0639;Generalização_25;classification;LeveragingBagging;Default_33Features;classifier;classifier;classifier;N/A;N/A;N/A;2000;100;123;14200;0,0000;0,0000;0,0000;0,0000;0,0000;0,0000;0;0;0;0
20260614_0639;Generalização_25;classification;LeveragingBagging;Default_33Features;classifier;classifier;classifier;N/A;N/A;N/A;2000;100;124;14300;0,0000;0,0000;0,0000;0,0000;0,0000;0,0000;0;0;0;0
20260614_0639;Generalização_25;classification;LeveragingBagging;Default_33Features;classifier;classifier;classifier;N/A;N/A;N/A;2000;100;125;14400;0,0000;0,0000;0,0000;0,0000;0,0000;0,0000;0;0;0;0
20260614_0639;Generalização_25;classification;LeveragingBagging;Default_33Features;classifier;classifier;classifier;N/A;N/A;N/A;2000;100;126;14500;0,0000;0,0000;0,0000;0,0000;0,0000;0,0000;0;0;0;0
20260614_0639;Generalização_25;classification;LeveragingBagging;Default_33Features;classifier;classifier;classifier;N/A;N/A;N/A;2000;100;127;14600;0,0000;0,0000;0,0000;0,0000;0,0000;0,0000;0;0;0;0
20260614_0639;Generalização_25;classification;LeveragingBagging;Default_33Features;classifier;classifier;classifier;N/A;N/A;N/A;2000;100;128;14700;0,0000;0,0000;0,0000;0,0000;0,0000;0,0000;0;0;0;0
20260614_0639;Generalização_25;classification;LeveragingBagging;Default_33Features;classifier;classifier;classifier;N/A;N/A;N/A;2000;100;129;14800;0,0000;0,0000;0,0000;0,0000;0,0000;0,0000;0;0;0;0
20260614_0639;Generalização_25;classification;LeveragingBagging;Default_33Features;classifier;classifier;classifier;N/A;N/A;N/A;2000;100;130;14900;0,0000;0,0000;0,0000;0,0000;0,0000;0,0000;0;0;0;0
20260614_0639;Generalização_25;classification;LeveragingBagging;Default_33Features;classifier;classifier;classifier;N/A;N/A;N/A;2000;100;131;15000;0,0000;0,0000;0,0000;0,0000;0,0000;0,0000;0;0;0;0
20260614_0639;Generalização_200;classification;LeveragingBagging;Default_33Features;classifier;classifier;classifier;N/A;N/A;N/A;2000;100;1;2000;0,0000;0,0000;0,0000;0,0000;0,0000;0,0000;0;0;0;0
20260614_0639;Generalização_200;classification;LeveragingBagging;Default_33Features;classifier;classifier;classifier;N/A;N/A;N/A;2000;100;2;2100;0,0000;0,0000;0,0000;0,0000;0,0000;0,0000;0;0;0;0
20260614_0639;Generalização_200;classification;LeveragingBagging;Default_33Features;classifier;classifier;classifier;N/A;N/A;N/A;2000;100;3;2200;0,0000;0,0000;0,0000;0,0000;0,0000;0,0000;0;0;0;0
20260614_0639;Generalização_200;classification;LeveragingBagging;Default_33Features;classifier;classifier;classifier;N/A;N/A;N/A;2000;100;4;2300;0,0000;0,0000;0,0000;0,0000;0,0000;0,0000;0;0;0;0
20260614_0639;Generalização_200;classification;LeveragingBagging;Default_33Features;classifier;classifier;classifier;N/A;N/A;N/A;2000;100;5;2400;0,0000;0,0000;0,0000;0,0000;0,0000;0,0000;0;0;0;0
20260614_0639;Generalização_200;classification;LeveragingBagging;Default_33Features;classifier;classifier;classifier;N/A;N/A;N/A;2000;100;6;2500;0,0000;0,0000;0,0000;0,0000;0,0000;0,0000;0;0;0;0
20260614_0639;Generalização_200;classification;LeveragingBagging;Default_33Features;classifier;classifier;classifier;N/A;N/A;N/A;2000;100;7;2600;0,0000;0,0000;0,0000;0,0000;0,0000;0,0000;0;0;0;0
20260614_0639;Generalização_200;classification;LeveragingBagging;Default_33Features;classifier;classifier;classifier;N/A;N/A;N/A;2000;100;8;2700;0,0000;0,0000;0,0000;0,0000;0,0000;0,0000;0;0;0;0
20260614_0639;Generalização_200;classification;LeveragingBagging;Default_33Features;classifier;classifier;classifier;N/A;N/A;N/A;2000;100;9;2800;0,0000;0,0000;0,0000;0,0000;0,0000;0,0000;0;0;0;0
20260614_0639;Generalização_200;classification;LeveragingBagging;Default_33Features;classifier;classifier;classifier;N/A;N/A;N/A;2000;100;10;2900;0,0000;0,0000;0,0000;0,0000;0,0000;0,0000;0;0;0;0
20260614_0639;Generalização_200;classification;LeveragingBagging;Default_33Features;classifier;classifier;classifier;N/A;N/A;N/A;2000;100;11;3000;0,0000;0,0000;0,0000;0,0000;0,0000;0,0000;0;0;0;0
20260614_0639;Generalização_200;classification;LeveragingBagging;Default_33Features;classifier;classifier;classifier;N/A;N/A;N/A;2000;100;12;3100;0,0000;0,0000;0,0000;0,0000;0,0000;0,0000;0;0;0;0
20260614_0639;Generalização_200;classification;LeveragingBagging;Default_33Features;classifier;classifier;classifier;N/A;N/A;N/A;2000;100;13;3200;0,0000;0,0000;0,0000;0,0000;0,0000;0,0000;0;0;0;0
20260614_0639;Generalização_200;classification;LeveragingBagging;Default_33Features;classifier;classifier;classifier;N/A;N/A;N/A;2000;100;14;3300;0,0000;0,0000;0,0000;0,0000;0,0000;0,0000;0;0;0;0
20260614_0639;Generalização_200;classification;LeveragingBagging;Default_33Features;classifier;classifier;classifier;N/A;N/A;N/A;2000;100;15;3400;0,0000;0,0000;0,0000;0,0000;0,0000;0,0000;0;0;0;0
20260614_0639;Generalização_200;classification;LeveragingBagging;Default_33Features;classifier;classifier;classifier;N/A;N/A;N/A;2000;100;16;3500;0,0000;0,0000;0,0000;0,0000;0,0000;0,0000;0;0;0;0
20260614_0639;Generalização_200;classification;LeveragingBagging;Default_33Features;classifier;classifier;classifier;N/A;N/A;N/A;2000;100;17;3600;0,0000;0,0000;0,0000;0,0000;0,0000;0,0000;0;0;0;0
20260614_0639;Generalização_200;classification;LeveragingBagging;Default_33Features;classifier;classifier;classifier;N/A;N/A;N/A;2000;100;18;3700;0,0000;0,0000;0,0000;0,0000;0,0000;0,0000;0;0;0;0
20260614_0639;Generalização_200;classification;LeveragingBagging;Default_33Features;classifier;classifier;classifier;N/A;N/A;N/A;2000;100;19;3800;95,5205;0,4484;100,0000;0,0000;91,4286;0,8163;0;0;5;1
20260614_0639;Generalização_200;classification;LeveragingBagging;Default_33Features;classifier;classifier;classifier;N/A;N/A;N/A;2000;100;20;3900;98,5139;0,3080;97,5489;0,0148;99,5000;0,6124;2;0;1;1
20260614_0639;Generalização_200;classification;LeveragingBagging;Default_33Features;classifier;classifier;classifier;N/A;N/A;N/A;2000;100;21;4000;97,9592;0,0000;96,0000;0,0000;100,0000;0,0000;2;0;0;0
20260614_0639;Generalização_200;classification;LeveragingBagging;Default_33Features;classifier;classifier;classifier;N/A;N/A;N/A;2000;100;22;4100;0,0000;0,0000;0,0000;0,0000;0,0000;0,0000;0;0;0;0
20260614_0639;Generalização_200;classification;LeveragingBagging;Default_33Features;classifier;classifier;classifier;N/A;N/A;N/A;2000;100;23;4200;0,0000;0,0000;0,0000;0,0000;0,0000;0,0000;1;0;0;0
20260614_0639;Generalização_200;classification;LeveragingBagging;Default_33Features;classifier;classifier;classifier;N/A;N/A;N/A;2000;100;24;4300;0,0000;0,0000;0,0000;0,0000;0,0000;0,0000;0;0;0;0
20260614_0639;Generalização_200;classification;LeveragingBagging;Default_33Features;classifier;classifier;classifier;N/A;N/A;N/A;2000;100;25;4400;0,0000;0,0000;0,0000;0,0000;0,0000;0,0000;0;0;0;0
20260614_0639;Generalização_200;classification;LeveragingBagging;Default_33Features;classifier;classifier;classifier;N/A;N/A;N/A;2000;100;26;4500;0,0000;0,0000;0,0000;0,0000;0,0000;0,0000;0;0;0;0
20260614_0639;Generalização_200;classification;LeveragingBagging;Default_33Features;classifier;classifier;classifier;N/A;N/A;N/A;2000;100;27;4600;0,0000;0,0000;0,0000;0,0000;0,0000;0,0000;0;0;0;0
20260614_0639;Generalização_200;classification;LeveragingBagging;Default_33Features;classifier;classifier;classifier;N/A;N/A;N/A;2000;100;28;4700;0,0000;0,0000;0,0000;0,0000;0,0000;0,0000;0;0;0;0
20260614_0639;Generalização_200;classification;LeveragingBagging;Default_33Features;classifier;classifier;classifier;N/A;N/A;N/A;2000;100;29;4800;0,0000;0,0000;0,0000;0,0000;0,0000;0,0000;1;1;0;0
20260614_0639;Generalização_200;classification;LeveragingBagging;Default_33Features;classifier;classifier;classifier;N/A;N/A;N/A;2000;100;30;4900;0,0000;0,0000;0,0000;0,0000;0,0000;0,0000;0;0;0;0
20260614_0639;Generalização_200;classification;LeveragingBagging;Default_33Features;classifier;classifier;classifier;N/A;N/A;N/A;2000;100;31;5000;0,0000;0,0000;0,0000;0,0000;0,0000;0,0000;0;0;0;0
20260614_0639;Generalização_200;classification;LeveragingBagging;Default_33Features;classifier;classifier;classifier;N/A;N/A;N/A;2000;100;32;5100;0,0000;0,0000;0,0000;0,0000;0,0000;0,0000;1;1;0;0
20260614_0639;Generalização_200;classification;LeveragingBagging;Default_33Features;classifier;classifier;classifier;N/A;N/A;N/A;2000;100;33;5200;0,0000;0,0000;0,0000;0,0000;0,0000;0,0000;0;0;0;0
20260614_0639;Generalização_200;classification;LeveragingBagging;Default_33Features;classifier;classifier;classifier;N/A;N/A;N/A;2000;100;34;5300;0,0000;0,0000;0,0000;0,0000;0,0000;0,0000;0;0;0;0
20260614_0639;Generalização_200;classification;LeveragingBagging;Default_33Features;classifier;classifier;classifier;N/A;N/A;N/A;2000;100;35;5400;0,0000;0,0000;0,0000;0,0000;0,0000;0,0000;0;0;0;0
20260614_0639;Generalização_200;classification;LeveragingBagging;Default_33Features;classifier;classifier;classifier;N/A;N/A;N/A;2000;100;36;5500;0,0000;0,0000;0,0000;0,0000;0,0000;0,0000;0;0;0;0
20260614_0639;Generalização_200;classification;LeveragingBagging;Default_33Features;classifier;classifier;classifier;N/A;N/A;N/A;2000;100;37;5600;0,0000;0,0000;0,0000;0,0000;0,0000;0,0000;0;0;0;0
20260614_0639;Generalização_200;classification;LeveragingBagging;Default_33Features;classifier;classifier;classifier;N/A;N/A;N/A;2000;100;38;5700;0,0000;0,0000;0,0000;0,0000;0,0000;0,0000;0;0;0;0
20260614_0639;Generalização_200;classification;LeveragingBagging;Default_33Features;classifier;classifier;classifier;N/A;N/A;N/A;2000;100;39;5800;0,0000;0,0000;0,0000;0,0000;0,0000;0,0000;0;0;0;0
20260614_0639;Generalização_200;classification;LeveragingBagging;Default_33Features;classifier;classifier;classifier;N/A;N/A;N/A;2000;100;40;5900;0,0000;0,0000;0,0000;0,0000;0,0000;0,0000;0;0;0;0
20260614_0639;Generalização_200;classification;LeveragingBagging;Default_33Features;classifier;classifier;classifier;N/A;N/A;N/A;2000;100;41;6000;0,0000;0,0000;0,0000;0,0000;0,0000;0,0000;0;0;0;0
20260614_0639;Generalização_200;classification;LeveragingBagging;Default_33Features;classifier;classifier;classifier;N/A;N/A;N/A;2000;100;42;6100;0,0000;0,0000;0,0000;0,0000;0,0000;0,0000;0;0;0;0
20260614_0639;Generalização_200;classification;LeveragingBagging;Default_33Features;classifier;classifier;classifier;N/A;N/A;N/A;2000;100;43;6200;0,0000;0,0000;0,0000;0,0000;0,0000;0,0000;0;0;0;0
20260614_0639;Generalização_200;classification;LeveragingBagging;Default_33Features;classifier;classifier;classifier;N/A;N/A;N/A;2000;100;44;6300;0,0000;0,0000;0,0000;0,0000;0,0000;0,0000;0;0;0;0
20260614_0639;Generalização_200;classification;LeveragingBagging;Default_33Features;classifier;classifier;classifier;N/A;N/A;N/A;2000;100;45;6400;0,0000;0,0000;0,0000;0,0000;0,0000;0,0000;0;0;0;0
20260614_0639;Generalização_200;classification;LeveragingBagging;Default_33Features;classifier;classifier;classifier;N/A;N/A;N/A;2000;100;46;6500;0,0000;0,0000;0,0000;0,0000;0,0000;0,0000;0;0;0;0
20260614_0639;Generalização_200;classification;LeveragingBagging;Default_33Features;classifier;classifier;classifier;N/A;N/A;N/A;2000;100;47;6600;0,0000;0,0000;0,0000;0,0000;0,0000;0,0000;0;0;0;0
20260614_0639;Generalização_200;classification;LeveragingBagging;Default_33Features;classifier;classifier;classifier;N/A;N/A;N/A;2000;100;48;6700;0,0000;0,0000;0,0000;0,0000;0,0000;0,0000;0;0;0;0
20260614_0639;Generalização_200;classification;LeveragingBagging;Default_33Features;classifier;classifier;classifier;N/A;N/A;N/A;2000;100;49;6800;0,0000;0,0000;0,0000;0,0000;0,0000;0,0000;0;0;0;0
20260614_0639;Generalização_200;classification;LeveragingBagging;Default_33Features;classifier;classifier;classifier;N/A;N/A;N/A;2000;100;50;6900;0,0000;0,0000;0,0000;0,0000;0,0000;0,0000;0;0;0;0
20260614_0639;Generalização_200;classification;LeveragingBagging;Default_33Features;classifier;classifier;classifier;N/A;N/A;N/A;2000;100;51;7000;0,0000;0,0000;0,0000;0,0000;0,0000;0,0000;0;0;0;0
20260614_0639;Generalização_200;classification;LeveragingBagging;Default_33Features;classifier;classifier;classifier;N/A;N/A;N/A;2000;100;52;7100;0,0000;0,0000;0,0000;0,0000;0,0000;0,0000;0;0;0;0
20260614_0639;Generalização_200;classification;LeveragingBagging;Default_33Features;classifier;classifier;classifier;N/A;N/A;N/A;2000;100;53;7200;0,0000;0,0000;0,0000;0,0000;0,0000;0,0000;0;0;0;0
20260614_0639;Generalização_200;classification;LeveragingBagging;Default_33Features;classifier;classifier;classifier;N/A;N/A;N/A;2000;100;54;7300;0,0000;0,0000;0,0000;0,0000;0,0000;0,0000;0;0;0;0
20260614_0639;Generalização_200;classification;LeveragingBagging;Default_33Features;classifier;classifier;classifier;N/A;N/A;N/A;2000;100;55;7400;0,0000;0,0000;0,0000;0,0000;0,0000;0,0000;0;0;0;0
20260614_0639;Generalização_200;classification;LeveragingBagging;Default_33Features;classifier;classifier;classifier;N/A;N/A;N/A;2000;100;56;7500;0,0000;0,0000;0,0000;0,0000;0,0000;0,0000;0;0;0;0
20260614_0639;Generalização_200;classification;LeveragingBagging;Default_33Features;classifier;classifier;classifier;N/A;N/A;N/A;2000;100;57;7600;0,0000;0,0000;0,0000;0,0000;0,0000;0,0000;0;0;0;0
20260614_0639;Generalização_200;classification;LeveragingBagging;Default_33Features;classifier;classifier;classifier;N/A;N/A;N/A;2000;100;58;7700;80,0000;40,0000;80,0000;40,0000;80,0000;40,0000;0;0;1;1
20260614_0639;Generalização_200;classification;LeveragingBagging;Default_33Features;classifier;classifier;classifier;N/A;N/A;N/A;2000;100;59;7800;98,5787;0,3854;100,0000;0,0000;97,2000;0,7483;0;0;3;1
20260614_0639;Generalização_200;classification;LeveragingBagging;Default_33Features;classifier;classifier;classifier;N/A;N/A;N/A;2000;100;60;7900;100,0000;0,0000;100,0000;0,0000;100,0000;0,0000;0;0;0;0
20260614_0639;Generalização_200;classification;LeveragingBagging;Default_33Features;classifier;classifier;classifier;N/A;N/A;N/A;2000;100;61;8000;0,0000;0,0000;0,0000;0,0000;0,0000;0,0000;0;0;0;0
20260614_0639;Generalização_200;classification;LeveragingBagging;Default_33Features;classifier;classifier;classifier;N/A;N/A;N/A;2000;100;62;8100;0,0000;0,0000;0,0000;0,0000;0,0000;0,0000;0;0;0;0
20260614_0639;Generalização_200;classification;LeveragingBagging;Default_33Features;classifier;classifier;classifier;N/A;N/A;N/A;2000;100;63;8200;0,0000;0,0000;0,0000;0,0000;0,0000;0,0000;0;0;0;0
20260614_0639;Generalização_200;classification;LeveragingBagging;Default_33Features;classifier;classifier;classifier;N/A;N/A;N/A;2000;100;64;8300;0,0000;0,0000;0,0000;0,0000;0,0000;0,0000;0;0;0;0
20260614_0639;Generalização_200;classification;LeveragingBagging;Default_33Features;classifier;classifier;classifier;N/A;N/A;N/A;2000;100;65;8400;0,0000;0,0000;0,0000;0,0000;0,0000;0,0000;0;0;0;0
20260614_0639;Generalização_200;classification;LeveragingBagging;Default_33Features;classifier;classifier;classifier;N/A;N/A;N/A;2000;100;66;8500;0,0000;0,0000;0,0000;0,0000;0,0000;0,0000;0;0;0;0
20260614_0639;Generalização_200;classification;LeveragingBagging;Default_33Features;classifier;classifier;classifier;N/A;N/A;N/A;2000;100;67;8600;0,0000;0,0000;0,0000;0,0000;0,0000;0,0000;0;0;0;0
20260614_0639;Generalização_200;classification;LeveragingBagging;Default_33Features;classifier;classifier;classifier;N/A;N/A;N/A;2000;100;68;8700;0,0000;0,0000;0,0000;0,0000;0,0000;0,0000;0;0;0;0
20260614_0639;Generalização_200;classification;LeveragingBagging;Default_33Features;classifier;classifier;classifier;N/A;N/A;N/A;2000;100;69;8800;0,0000;0,0000;0,0000;0,0000;0,0000;0,0000;0;0;0;0
20260614_0639;Generalização_200;classification;LeveragingBagging;Default_33Features;classifier;classifier;classifier;N/A;N/A;N/A;2000;100;70;8900;0,0000;0,0000;0,0000;0,0000;0,0000;0,0000;0;0;0;0
20260614_0639;Generalização_200;classification;LeveragingBagging;Default_33Features;classifier;classifier;classifier;N/A;N/A;N/A;2000;100;71;9000;0,0000;0,0000;0,0000;0,0000;0,0000;0,0000;0;0;0;0
20260614_0639;Generalização_200;classification;LeveragingBagging;Default_33Features;classifier;classifier;classifier;N/A;N/A;N/A;2000;100;72;9100;0,0000;0,0000;0,0000;0,0000;0,0000;0,0000;0;0;0;0
20260614_0639;Generalização_200;classification;LeveragingBagging;Default_33Features;classifier;classifier;classifier;N/A;N/A;N/A;2000;100;73;9200;0,0000;0,0000;0,0000;0,0000;0,0000;0,0000;0;0;0;0
20260614_0639;Generalização_200;classification;LeveragingBagging;Default_33Features;classifier;classifier;classifier;N/A;N/A;N/A;2000;100;74;9300;0,0000;0,0000;0,0000;0,0000;0,0000;0,0000;0;0;0;0
20260614_0639;Generalização_200;classification;LeveragingBagging;Default_33Features;classifier;classifier;classifier;N/A;N/A;N/A;2000;100;75;9400;0,0000;0,0000;0,0000;0,0000;0,0000;0,0000;0;0;0;0
20260614_0639;Generalização_200;classification;LeveragingBagging;Default_33Features;classifier;classifier;classifier;N/A;N/A;N/A;2000;100;76;9500;0,0000;0,0000;0,0000;0,0000;0,0000;0,0000;0;0;0;0
20260614_0639;Generalização_200;classification;LeveragingBagging;Default_33Features;classifier;classifier;classifier;N/A;N/A;N/A;2000;100;77;9600;0,0000;0,0000;0,0000;0,0000;0,0000;0,0000;0;0;0;0
20260614_0639;Generalização_200;classification;LeveragingBagging;Default_33Features;classifier;classifier;classifier;N/A;N/A;N/A;2000;100;78;9700;0,0000;0,0000;0,0000;0,0000;0,0000;0,0000;0;0;0;0
20260614_0639;Generalização_200;classification;LeveragingBagging;Default_33Features;classifier;classifier;classifier;N/A;N/A;N/A;2000;100;79;9800;0,0000;0,0000;0,0000;0,0000;0,0000;0,0000;0;0;0;0
20260614_0639;Generalização_200;classification;LeveragingBagging;Default_33Features;classifier;classifier;classifier;N/A;N/A;N/A;2000;100;80;9900;0,0000;0,0000;0,0000;0,0000;0,0000;0,0000;0;0;0;0
20260614_0639;Generalização_200;classification;LeveragingBagging;Default_33Features;classifier;classifier;classifier;N/A;N/A;N/A;2000;100;81;10000;0,0000;0,0000;0,0000;0,0000;0,0000;0,0000;0;0;0;0
20260614_0639;Generalização_200;classification;LeveragingBagging;Default_33Features;classifier;classifier;classifier;N/A;N/A;N/A;2000;100;82;10100;0,0000;0,0000;0,0000;0,0000;0,0000;0,0000;0;0;0;0
20260614_0639;Generalização_200;classification;LeveragingBagging;Default_33Features;classifier;classifier;classifier;N/A;N/A;N/A;2000;100;83;10200;0,0000;0,0000;0,0000;0,0000;0,0000;0,0000;0;0;0;0
20260614_0639;Generalização_200;classification;LeveragingBagging;Default_33Features;classifier;classifier;classifier;N/A;N/A;N/A;2000;100;84;10300;0,0000;0,0000;0,0000;0,0000;0,0000;0,0000;0;0;0;0
20260614_0639;Generalização_200;classification;LeveragingBagging;Default_33Features;classifier;classifier;classifier;N/A;N/A;N/A;2000;100;85;10400;0,0000;0,0000;0,0000;0,0000;0,0000;0,0000;0;0;0;0
20260614_0639;Generalização_200;classification;LeveragingBagging;Default_33Features;classifier;classifier;classifier;N/A;N/A;N/A;2000;100;86;10500;0,0000;0,0000;0,0000;0,0000;0,0000;0,0000;0;0;0;0
20260614_0639;Generalização_200;classification;LeveragingBagging;Default_33Features;classifier;classifier;classifier;N/A;N/A;N/A;2000;100;87;10600;0,0000;0,0000;0,0000;0,0000;0,0000;0,0000;0;0;0;0
20260614_0639;Generalização_200;classification;LeveragingBagging;Default_33Features;classifier;classifier;classifier;N/A;N/A;N/A;2000;100;88;10700;0,0000;0,0000;0,0000;0,0000;0,0000;0,0000;0;0;0;0
20260614_0639;Generalização_200;classification;LeveragingBagging;Default_33Features;classifier;classifier;classifier;N/A;N/A;N/A;2000;100;89;10800;0,0000;0,0000;0,0000;0,0000;0,0000;0,0000;0;0;0;0
20260614_0639;Generalização_200;classification;LeveragingBagging;Default_33Features;classifier;classifier;classifier;N/A;N/A;N/A;2000;100;90;10900;0,0000;0,0000;0,0000;0,0000;0,0000;0,0000;0;0;0;0
20260614_0639;Generalização_200;classification;LeveragingBagging;Default_33Features;classifier;classifier;classifier;N/A;N/A;N/A;2000;100;91;11000;0,0000;0,0000;0,0000;0,0000;0,0000;0,0000;0;0;0;0
20260614_0639;Generalização_200;classification;LeveragingBagging;Default_33Features;classifier;classifier;classifier;N/A;N/A;N/A;2000;100;92;11100;0,0000;0,0000;0,0000;0,0000;0,0000;0,0000;0;0;0;0
20260614_0639;Generalização_200;classification;LeveragingBagging;Default_33Features;classifier;classifier;classifier;N/A;N/A;N/A;2000;100;93;11200;0,0000;0,0000;0,0000;0,0000;0,0000;0,0000;0;0;0;0
20260614_0639;Generalização_200;classification;LeveragingBagging;Default_33Features;classifier;classifier;classifier;N/A;N/A;N/A;2000;100;94;11300;0,0000;0,0000;0,0000;0,0000;0,0000;0,0000;0;0;0;0
20260614_0639;Generalização_200;classification;LeveragingBagging;Default_33Features;classifier;classifier;classifier;N/A;N/A;N/A;2000;100;95;11400;0,0000;0,0000;0,0000;0,0000;0,0000;0,0000;0;0;0;0
20260614_0639;Generalização_200;classification;LeveragingBagging;Default_33Features;classifier;classifier;classifier;N/A;N/A;N/A;2000;100;96;11500;0,0000;0,0000;0,0000;0,0000;0,0000;0,0000;0;0;0;0
20260614_0639;Generalização_200;classification;LeveragingBagging;Default_33Features;classifier;classifier;classifier;N/A;N/A;N/A;2000;100;97;11600;0,0000;0,0000;0,0000;0,0000;0,0000;0,0000;0;0;0;0
20260614_0639;Generalização_200;classification;LeveragingBagging;Default_33Features;classifier;classifier;classifier;N/A;N/A;N/A;2000;100;98;11700;96,9072;0,0000;100,0000;0,0000;94,0000;0,0000;0;0;3;0
20260614_0639;Generalização_200;classification;LeveragingBagging;Default_33Features;classifier;classifier;classifier;N/A;N/A;N/A;2000;100;99;11800;100,0000;0,0000;100,0000;0,0000;100,0000;0,0000;0;0;0;0
20260614_0639;Generalização_200;classification;LeveragingBagging;Default_33Features;classifier;classifier;classifier;N/A;N/A;N/A;2000;100;100;11900;98,9691;0,0000;100,0000;0,0000;97,9592;0,0000;0;0;1;0
20260614_0639;Generalização_200;classification;LeveragingBagging;Default_33Features;classifier;classifier;classifier;N/A;N/A;N/A;2000;100;101;12000;0,0000;0,0000;0,0000;0,0000;0,0000;0,0000;0;0;0;0
20260614_0639;Generalização_200;classification;LeveragingBagging;Default_33Features;classifier;classifier;classifier;N/A;N/A;N/A;2000;100;102;12100;0,0000;0,0000;0,0000;0,0000;0,0000;0,0000;0;0;0;0
20260614_0639;Generalização_200;classification;LeveragingBagging;Default_33Features;classifier;classifier;classifier;N/A;N/A;N/A;2000;100;103;12200;0,0000;0,0000;0,0000;0,0000;0,0000;0,0000;0;0;0;0
20260614_0639;Generalização_200;classification;LeveragingBagging;Default_33Features;classifier;classifier;classifier;N/A;N/A;N/A;2000;100;104;12300;0,0000;0,0000;0,0000;0,0000;0,0000;0,0000;0;0;0;0
20260614_0639;Generalização_200;classification;LeveragingBagging;Default_33Features;classifier;classifier;classifier;N/A;N/A;N/A;2000;100;105;12400;0,0000;0,0000;0,0000;0,0000;0,0000;0,0000;0;0;0;0
20260614_0639;Generalização_200;classification;LeveragingBagging;Default_33Features;classifier;classifier;classifier;N/A;N/A;N/A;2000;100;106;12500;0,0000;0,0000;0,0000;0,0000;0,0000;0,0000;0;0;0;0
20260614_0639;Generalização_200;classification;LeveragingBagging;Default_33Features;classifier;classifier;classifier;N/A;N/A;N/A;2000;100;107;12600;0,0000;0,0000;0,0000;0,0000;0,0000;0,0000;0;0;0;0
20260614_0639;Generalização_200;classification;LeveragingBagging;Default_33Features;classifier;classifier;classifier;N/A;N/A;N/A;2000;100;108;12700;0,0000;0,0000;0,0000;0,0000;0,0000;0,0000;0;0;0;0
20260614_0639;Generalização_200;classification;LeveragingBagging;Default_33Features;classifier;classifier;classifier;N/A;N/A;N/A;2000;100;109;12800;0,0000;0,0000;0,0000;0,0000;0,0000;0,0000;0;0;0;0
20260614_0639;Generalização_200;classification;LeveragingBagging;Default_33Features;classifier;classifier;classifier;N/A;N/A;N/A;2000;100;110;12900;0,0000;0,0000;0,0000;0,0000;0,0000;0,0000;0;0;0;0
20260614_0639;Generalização_200;classification;LeveragingBagging;Default_33Features;classifier;classifier;classifier;N/A;N/A;N/A;2000;100;111;13000;0,0000;0,0000;0,0000;0,0000;0,0000;0,0000;0;0;0;0
20260614_0639;Generalização_200;classification;LeveragingBagging;Default_33Features;classifier;classifier;classifier;N/A;N/A;N/A;2000;100;112;13100;0,0000;0,0000;0,0000;0,0000;0,0000;0,0000;0;0;0;0
20260614_0639;Generalização_200;classification;LeveragingBagging;Default_33Features;classifier;classifier;classifier;N/A;N/A;N/A;2000;100;113;13200;0,0000;0,0000;0,0000;0,0000;0,0000;0,0000;0;0;0;0
20260614_0639;Generalização_200;classification;LeveragingBagging;Default_33Features;classifier;classifier;classifier;N/A;N/A;N/A;2000;100;114;13300;0,0000;0,0000;0,0000;0,0000;0,0000;0,0000;0;0;0;0
20260614_0639;Generalização_200;classification;LeveragingBagging;Default_33Features;classifier;classifier;classifier;N/A;N/A;N/A;2000;100;115;13400;0,0000;0,0000;0,0000;0,0000;0,0000;0,0000;0;0;0;0
20260614_0639;Generalização_200;classification;LeveragingBagging;Default_33Features;classifier;classifier;classifier;N/A;N/A;N/A;2000;100;116;13500;0,0000;0,0000;0,0000;0,0000;0,0000;0,0000;0;0;0;0
20260614_0639;Generalização_200;classification;LeveragingBagging;Default_33Features;classifier;classifier;classifier;N/A;N/A;N/A;2000;100;117;13600;0,0000;0,0000;0,0000;0,0000;0,0000;0,0000;0;0;0;0
20260614_0639;Generalização_200;classification;LeveragingBagging;Default_33Features;classifier;classifier;classifier;N/A;N/A;N/A;2000;100;118;13700;0,0000;0,0000;0,0000;0,0000;0,0000;0,0000;0;0;0;0
20260614_0639;Generalização_200;classification;LeveragingBagging;Default_33Features;classifier;classifier;classifier;N/A;N/A;N/A;2000;100;119;13800;0,0000;0,0000;0,0000;0,0000;0,0000;0,0000;0;0;0;0
20260614_0639;Generalização_200;classification;LeveragingBagging;Default_33Features;classifier;classifier;classifier;N/A;N/A;N/A;2000;100;120;13900;0,0000;0,0000;0,0000;0,0000;0,0000;0,0000;0;0;0;0
20260614_0639;Generalização_200;classification;LeveragingBagging;Default_33Features;classifier;classifier;classifier;N/A;N/A;N/A;2000;100;121;14000;0,0000;0,0000;0,0000;0,0000;0,0000;0,0000;0;0;0;0
20260614_0639;Generalização_200;classification;LeveragingBagging;Default_33Features;classifier;classifier;classifier;N/A;N/A;N/A;2000;100;122;14100;0,0000;0,0000;0,0000;0,0000;0,0000;0,0000;0;0;0;0
20260614_0639;Generalização_200;classification;LeveragingBagging;Default_33Features;classifier;classifier;classifier;N/A;N/A;N/A;2000;100;123;14200;0,0000;0,0000;0,0000;0,0000;0,0000;0,0000;0;0;0;0
20260614_0639;Generalização_200;classification;LeveragingBagging;Default_33Features;classifier;classifier;classifier;N/A;N/A;N/A;2000;100;124;14300;0,0000;0,0000;0,0000;0,0000;0,0000;0,0000;0;0;0;0
20260614_0639;Generalização_200;classification;LeveragingBagging;Default_33Features;classifier;classifier;classifier;N/A;N/A;N/A;2000;100;125;14400;0,0000;0,0000;0,0000;0,0000;0,0000;0,0000;0;0;0;0
20260614_0639;Generalização_200;classification;LeveragingBagging;Default_33Features;classifier;classifier;classifier;N/A;N/A;N/A;2000;100;126;14500;0,0000;0,0000;0,0000;0,0000;0,0000;0,0000;0;0;0;0
20260614_0639;Generalização_200;classification;LeveragingBagging;Default_33Features;classifier;classifier;classifier;N/A;N/A;N/A;2000;100;127;14600;0,0000;0,0000;0,0000;0,0000;0,0000;0,0000;0;0;0;0
20260614_0639;Generalização_200;classification;LeveragingBagging;Default_33Features;classifier;classifier;classifier;N/A;N/A;N/A;2000;100;128;14700;0,0000;0,0000;0,0000;0,0000;0,0000;0,0000;0;0;0;0
20260614_0639;Generalização_200;classification;LeveragingBagging;Default_33Features;classifier;classifier;classifier;N/A;N/A;N/A;2000;100;129;14800;0,0000;0,0000;0,0000;0,0000;0,0000;0,0000;0;0;0;0
20260614_0639;Generalização_200;classification;LeveragingBagging;Default_33Features;classifier;classifier;classifier;N/A;N/A;N/A;2000;100;130;14900;0,0000;0,0000;0,0000;0,0000;0,0000;0,0000;0;0;0;0
20260614_0639;Generalização_200;classification;LeveragingBagging;Default_33Features;classifier;classifier;classifier;N/A;N/A;N/A;2000;100;131;15000;0,0000;0,0000;0,0000;0,0000;0,0000;0,0000;0;0;0;0
20260614_0639;Generalização_200;classification;LeveragingBagging;Default_33Features;classifier;classifier;classifier;N/A;N/A;N/A;2000;100;132;15100;0,0000;0,0000;0,0000;0,0000;0,0000;0,0000;0;0;0;0
20260614_0639;Generalização_200;classification;LeveragingBagging;Default_33Features;classifier;classifier;classifier;N/A;N/A;N/A;2000;100;133;15200;0,0000;0,0000;0,0000;0,0000;0,0000;0,0000;0;0;0;0
20260614_0639;Generalização_200;classification;LeveragingBagging;Default_33Features;classifier;classifier;classifier;N/A;N/A;N/A;2000;100;134;15300;0,0000;0,0000;0,0000;0,0000;0,0000;0,0000;0;0;0;0
20260614_0639;Generalização_200;classification;LeveragingBagging;Default_33Features;classifier;classifier;classifier;N/A;N/A;N/A;2000;100;135;15400;0,0000;0,0000;0,0000;0,0000;0,0000;0,0000;0;0;0;0
20260614_0639;Generalização_200;classification;LeveragingBagging;Default_33Features;classifier;classifier;classifier;N/A;N/A;N/A;2000;100;136;15500;0,0000;0,0000;0,0000;0,0000;0,0000;0,0000;0;0;0;0
20260614_0639;Generalização_1000;classification;LeveragingBagging;Default_33Features;classifier;classifier;classifier;N/A;N/A;N/A;2000;100;1;2000;0,0000;0,0000;0,0000;0,0000;0,0000;0,0000;0;0;0;0
20260614_0639;Generalização_1000;classification;LeveragingBagging;Default_33Features;classifier;classifier;classifier;N/A;N/A;N/A;2000;100;2;2100;0,0000;0,0000;0,0000;0,0000;0,0000;0,0000;0;0;0;0
20260614_0639;Generalização_1000;classification;LeveragingBagging;Default_33Features;classifier;classifier;classifier;N/A;N/A;N/A;2000;100;3;2200;0,0000;0,0000;0,0000;0,0000;0,0000;0,0000;0;0;0;0
20260614_0639;Generalização_1000;classification;LeveragingBagging;Default_33Features;classifier;classifier;classifier;N/A;N/A;N/A;2000;100;4;2300;0,0000;0,0000;0,0000;0,0000;0,0000;0,0000;0;0;0;0
20260614_0639;Generalização_1000;classification;LeveragingBagging;Default_33Features;classifier;classifier;classifier;N/A;N/A;N/A;2000;100;5;2400;0,0000;0,0000;0,0000;0,0000;0,0000;0,0000;0;0;0;0
20260614_0639;Generalização_1000;classification;LeveragingBagging;Default_33Features;classifier;classifier;classifier;N/A;N/A;N/A;2000;100;6;2500;0,0000;0,0000;0,0000;0,0000;0,0000;0,0000;0;0;0;0
20260614_0639;Generalização_1000;classification;LeveragingBagging;Default_33Features;classifier;classifier;classifier;N/A;N/A;N/A;2000;100;7;2600;0,0000;0,0000;0,0000;0,0000;0,0000;0,0000;0;0;0;0
20260614_0639;Generalização_1000;classification;LeveragingBagging;Default_33Features;classifier;classifier;classifier;N/A;N/A;N/A;2000;100;8;2700;0,0000;0,0000;0,0000;0,0000;0,0000;0,0000;0;0;0;0
20260614_0639;Generalização_1000;classification;LeveragingBagging;Default_33Features;classifier;classifier;classifier;N/A;N/A;N/A;2000;100;9;2800;0,0000;0,0000;0,0000;0,0000;0,0000;0,0000;0;0;0;0
20260614_0639;Generalização_1000;classification;LeveragingBagging;Default_33Features;classifier;classifier;classifier;N/A;N/A;N/A;2000;100;10;2900;0,0000;0,0000;0,0000;0,0000;0,0000;0,0000;0;0;0;0
20260614_0639;Generalização_1000;classification;LeveragingBagging;Default_33Features;classifier;classifier;classifier;N/A;N/A;N/A;2000;100;11;3000;0,0000;0,0000;0,0000;0,0000;0,0000;0,0000;0;0;0;0
20260614_0639;Generalização_1000;classification;LeveragingBagging;Default_33Features;classifier;classifier;classifier;N/A;N/A;N/A;2000;100;12;3100;0,0000;0,0000;0,0000;0,0000;0,0000;0,0000;0;0;0;0
20260614_0639;Generalização_1000;classification;LeveragingBagging;Default_33Features;classifier;classifier;classifier;N/A;N/A;N/A;2000;100;13;3200;0,0000;0,0000;0,0000;0,0000;0,0000;0,0000;0;0;0;0
20260614_0639;Generalização_1000;classification;LeveragingBagging;Default_33Features;classifier;classifier;classifier;N/A;N/A;N/A;2000;100;14;3300;0,0000;0,0000;0,0000;0,0000;0,0000;0,0000;0;0;0;0
20260614_0639;Generalização_1000;classification;LeveragingBagging;Default_33Features;classifier;classifier;classifier;N/A;N/A;N/A;2000;100;15;3400;0,0000;0,0000;0,0000;0,0000;0,0000;0,0000;0;0;0;0
20260614_0639;Generalização_1000;classification;LeveragingBagging;Default_33Features;classifier;classifier;classifier;N/A;N/A;N/A;2000;100;16;3500;0,0000;0,0000;0,0000;0,0000;0,0000;0,0000;0;0;0;0
20260614_0639;Generalização_1000;classification;LeveragingBagging;Default_33Features;classifier;classifier;classifier;N/A;N/A;N/A;2000;100;17;3600;0,0000;0,0000;0,0000;0,0000;0,0000;0,0000;0;0;0;0
20260614_0639;Generalização_1000;classification;LeveragingBagging;Default_33Features;classifier;classifier;classifier;N/A;N/A;N/A;2000;100;18;3700;0,0000;0,0000;0,0000;0,0000;0,0000;0,0000;0;0;0;0
20260614_0639;Generalização_1000;classification;LeveragingBagging;Default_33Features;classifier;classifier;classifier;N/A;N/A;N/A;2000;100;19;3800;95,5205;0,4484;100,0000;0,0000;91,4286;0,8163;0;0;5;1
20260614_0639;Generalização_1000;classification;LeveragingBagging;Default_33Features;classifier;classifier;classifier;N/A;N/A;N/A;2000;100;20;3900;98,5139;0,3080;97,5489;0,0148;99,5000;0,6124;2;0;1;1
20260614_0639;Generalização_1000;classification;LeveragingBagging;Default_33Features;classifier;classifier;classifier;N/A;N/A;N/A;2000;100;21;4000;100,0000;0,0000;100,0000;0,0000;100,0000;0,0000;0;0;0;0
20260614_0639;Generalização_1000;classification;LeveragingBagging;Default_33Features;classifier;classifier;classifier;N/A;N/A;N/A;2000;100;22;4100;98,6646;0,2486;97,3655;0,4847;100,0000;0,0000;3;1;0;0
20260614_0639;Generalização_1000;classification;LeveragingBagging;Default_33Features;classifier;classifier;classifier;N/A;N/A;N/A;2000;100;23;4200;99,3898;0,2051;100,0000;0,0000;98,7879;0,4040;0;0;2;1
20260614_0639;Generalização_1000;classification;LeveragingBagging;Default_33Features;classifier;classifier;classifier;N/A;N/A;N/A;2000;100;24;4300;95,1391;0,5934;92,5647;0,9623;97,8788;1,2121;6;1;2;1
20260614_0639;Generalização_1000;classification;LeveragingBagging;Default_33Features;classifier;classifier;classifier;N/A;N/A;N/A;2000;100;25;4400;92,0567;0,7801;88,7333;1,4667;95,6522;0,0000;3;1;1;0
20260614_0639;Generalização_1000;classification;LeveragingBagging;Default_33Features;classifier;classifier;classifier;N/A;N/A;N/A;2000;100;26;4500;96,2963;0,0000;100,0000;0,0000;92,8571;0,0000;0;0;1;0
20260614_0639;Generalização_1000;classification;LeveragingBagging;Default_33Features;classifier;classifier;classifier;N/A;N/A;N/A;2000;100;27;4600;99,1688;0,2933;100,0000;0,0000;98,3529;0,5764;0;0;2;1
20260614_0639;Generalização_1000;classification;LeveragingBagging;Default_33Features;classifier;classifier;classifier;N/A;N/A;N/A;2000;100;28;4700;91,6667;0,0000;100,0000;0,0000;84,6154;0,0000;0;0;2;0
20260614_0639;Generalização_1000;classification;LeveragingBagging;Default_33Features;classifier;classifier;classifier;N/A;N/A;N/A;2000;100;29;4800;100,0000;0,0000;100,0000;0,0000;100,0000;0,0000;0;0;0;0
20260614_0639;Generalização_1000;classification;LeveragingBagging;Default_33Features;classifier;classifier;classifier;N/A;N/A;N/A;2000;100;30;4900;0,0000;0,0000;0,0000;0,0000;0,0000;0,0000;0;0;0;0
20260614_0639;Generalização_1000;classification;LeveragingBagging;Default_33Features;classifier;classifier;classifier;N/A;N/A;N/A;2000;100;31;5000;0,0000;0,0000;0,0000;0,0000;0,0000;0,0000;1;0;0;0
20260614_0639;Generalização_1000;classification;LeveragingBagging;Default_33Features;classifier;classifier;classifier;N/A;N/A;N/A;2000;100;32;5100;0,0000;0,0000;0,0000;0,0000;0,0000;0,0000;0;0;0;0
20260614_0639;Generalização_1000;classification;LeveragingBagging;Default_33Features;classifier;classifier;classifier;N/A;N/A;N/A;2000;100;33;5200;0,0000;0,0000;0,0000;0,0000;0,0000;0,0000;0;0;0;0
20260614_0639;Generalização_1000;classification;LeveragingBagging;Default_33Features;classifier;classifier;classifier;N/A;N/A;N/A;2000;100;34;5300;0,0000;0,0000;0,0000;0,0000;0,0000;0,0000;0;0;0;0
20260614_0639;Generalização_1000;classification;LeveragingBagging;Default_33Features;classifier;classifier;classifier;N/A;N/A;N/A;2000;100;35;5400;0,0000;0,0000;0,0000;0,0000;0,0000;0,0000;0;0;0;0
20260614_0639;Generalização_1000;classification;LeveragingBagging;Default_33Features;classifier;classifier;classifier;N/A;N/A;N/A;2000;100;36;5500;0,0000;0,0000;0,0000;0,0000;0,0000;0,0000;0;0;0;0
20260614_0639;Generalização_1000;classification;LeveragingBagging;Default_33Features;classifier;classifier;classifier;N/A;N/A;N/A;2000;100;37;5600;0,0000;0,0000;0,0000;0,0000;0,0000;0,0000;5;1;0;0
20260614_0639;Generalização_1000;classification;LeveragingBagging;Default_33Features;classifier;classifier;classifier;N/A;N/A;N/A;2000;100;38;5700;0,0000;0,0000;0,0000;0,0000;0,0000;0,0000;0;0;0;0
20260614_0639;Generalização_1000;classification;LeveragingBagging;Default_33Features;classifier;classifier;classifier;N/A;N/A;N/A;2000;100;39;5800;0,0000;0,0000;0,0000;0,0000;0,0000;0,0000;0;0;0;0
20260614_0639;Generalização_1000;classification;LeveragingBagging;Default_33Features;classifier;classifier;classifier;N/A;N/A;N/A;2000;100;40;5900;0,0000;0,0000;0,0000;0,0000;0,0000;0,0000;0;0;0;0
20260614_0639;Generalização_1000;classification;LeveragingBagging;Default_33Features;classifier;classifier;classifier;N/A;N/A;N/A;2000;100;41;6000;0,0000;0,0000;0,0000;0,0000;0,0000;0,0000;0;0;0;0
20260614_0639;Generalização_1000;classification;LeveragingBagging;Default_33Features;classifier;classifier;classifier;N/A;N/A;N/A;2000;100;42;6100;0,0000;0,0000;0,0000;0,0000;0,0000;0,0000;1;0;0;0
20260614_0639;Generalização_1000;classification;LeveragingBagging;Default_33Features;classifier;classifier;classifier;N/A;N/A;N/A;2000;100;43;6200;0,0000;0,0000;0,0000;0,0000;0,0000;0,0000;0;0;0;0
20260614_0639;Generalização_1000;classification;LeveragingBagging;Default_33Features;classifier;classifier;classifier;N/A;N/A;N/A;2000;100;44;6300;0,0000;0,0000;0,0000;0,0000;0,0000;0,0000;0;0;0;0
20260614_0639;Generalização_1000;classification;LeveragingBagging;Default_33Features;classifier;classifier;classifier;N/A;N/A;N/A;2000;100;45;6400;0,0000;0,0000;0,0000;0,0000;0,0000;0,0000;0;0;0;0
20260614_0639;Generalização_1000;classification;LeveragingBagging;Default_33Features;classifier;classifier;classifier;N/A;N/A;N/A;2000;100;46;6500;0,0000;0,0000;0,0000;0,0000;0,0000;0,0000;0;0;0;0
20260614_0639;Generalização_1000;classification;LeveragingBagging;Default_33Features;classifier;classifier;classifier;N/A;N/A;N/A;2000;100;47;6600;0,0000;0,0000;0,0000;0,0000;0,0000;0,0000;0;0;0;0
20260614_0639;Generalização_1000;classification;LeveragingBagging;Default_33Features;classifier;classifier;classifier;N/A;N/A;N/A;2000;100;48;6700;0,0000;0,0000;0,0000;0,0000;0,0000;0,0000;0;0;0;0
20260614_0639;Generalização_1000;classification;LeveragingBagging;Default_33Features;classifier;classifier;classifier;N/A;N/A;N/A;2000;100;49;6800;0,0000;0,0000;0,0000;0,0000;0,0000;0,0000;0;0;0;0
20260614_0639;Generalização_1000;classification;LeveragingBagging;Default_33Features;classifier;classifier;classifier;N/A;N/A;N/A;2000;100;50;6900;0,0000;0,0000;0,0000;0,0000;0,0000;0,0000;0;0;0;0
20260614_0639;Generalização_1000;classification;LeveragingBagging;Default_33Features;classifier;classifier;classifier;N/A;N/A;N/A;2000;100;51;7000;0,0000;0,0000;0,0000;0,0000;0,0000;0,0000;0;0;0;0
20260614_0639;Generalização_1000;classification;LeveragingBagging;Default_33Features;classifier;classifier;classifier;N/A;N/A;N/A;2000;100;52;7100;0,0000;0,0000;0,0000;0,0000;0,0000;0,0000;0;0;0;0
20260614_0639;Generalização_1000;classification;LeveragingBagging;Default_33Features;classifier;classifier;classifier;N/A;N/A;N/A;2000;100;53;7200;0,0000;0,0000;0,0000;0,0000;0,0000;0,0000;1;1;0;0
20260614_0639;Generalização_1000;classification;LeveragingBagging;Default_33Features;classifier;classifier;classifier;N/A;N/A;N/A;2000;100;54;7300;0,0000;0,0000;0,0000;0,0000;0,0000;0,0000;0;0;0;0
20260614_0639;Generalização_1000;classification;LeveragingBagging;Default_33Features;classifier;classifier;classifier;N/A;N/A;N/A;2000;100;55;7400;0,0000;0,0000;0,0000;0,0000;0,0000;0,0000;0;0;0;0
20260614_0639;Generalização_1000;classification;LeveragingBagging;Default_33Features;classifier;classifier;classifier;N/A;N/A;N/A;2000;100;56;7500;0,0000;0,0000;0,0000;0,0000;0,0000;0,0000;0;0;0;0
20260614_0639;Generalização_1000;classification;LeveragingBagging;Default_33Features;classifier;classifier;classifier;N/A;N/A;N/A;2000;100;57;7600;0,0000;0,0000;0,0000;0,0000;0,0000;0,0000;0;0;0;0
20260614_0639;Generalização_1000;classification;LeveragingBagging;Default_33Features;classifier;classifier;classifier;N/A;N/A;N/A;2000;100;58;7700;0,0000;0,0000;0,0000;0,0000;0,0000;0,0000;0;0;0;0
20260614_0639;Generalização_1000;classification;LeveragingBagging;Default_33Features;classifier;classifier;classifier;N/A;N/A;N/A;2000;100;59;7800;0,0000;0,0000;0,0000;0,0000;0,0000;0,0000;0;0;0;0
20260614_0639;Generalização_1000;classification;LeveragingBagging;Default_33Features;classifier;classifier;classifier;N/A;N/A;N/A;2000;100;60;7900;0,0000;0,0000;0,0000;0,0000;0,0000;0,0000;0;0;0;0
20260614_0639;Generalização_1000;classification;LeveragingBagging;Default_33Features;classifier;classifier;classifier;N/A;N/A;N/A;2000;100;61;8000;0,0000;0,0000;0,0000;0,0000;0,0000;0,0000;0;0;0;0
20260614_0639;Generalização_1000;classification;LeveragingBagging;Default_33Features;classifier;classifier;classifier;N/A;N/A;N/A;2000;100;62;8100;0,0000;0,0000;0,0000;0,0000;0,0000;0,0000;0;0;0;0
20260614_0639;Generalização_1000;classification;LeveragingBagging;Default_33Features;classifier;classifier;classifier;N/A;N/A;N/A;2000;100;63;8200;0,0000;0,0000;0,0000;0,0000;0,0000;0,0000;0;0;0;0
20260614_0639;Generalização_1000;classification;LeveragingBagging;Default_33Features;classifier;classifier;classifier;N/A;N/A;N/A;2000;100;64;8300;0,0000;0,0000;0,0000;0,0000;0,0000;0,0000;0;0;0;0
20260614_0639;Generalização_1000;classification;LeveragingBagging;Default_33Features;classifier;classifier;classifier;N/A;N/A;N/A;2000;100;65;8400;0,0000;0,0000;0,0000;0,0000;0,0000;0,0000;0;0;0;0
20260614_0639;Generalização_1000;classification;LeveragingBagging;Default_33Features;classifier;classifier;classifier;N/A;N/A;N/A;2000;100;66;8500;40,0000;48,9898;40,0000;48,9898;40,0000;48,9898;0;0;1;1
20260614_0639;Generalização_1000;classification;LeveragingBagging;Default_33Features;classifier;classifier;classifier;N/A;N/A;N/A;2000;100;67;8600;98,0628;0,2072;100,0000;0,0000;96,2000;0,4000;0;0;4;1
20260614_0639;Generalização_1000;classification;LeveragingBagging;Default_33Features;classifier;classifier;classifier;N/A;N/A;N/A;2000;100;68;8700;100,0000;0,0000;100,0000;0,0000;100,0000;0,0000;0;0;0;0
20260614_0639;Generalização_1000;classification;LeveragingBagging;Default_33Features;classifier;classifier;classifier;N/A;N/A;N/A;2000;100;69;8800;99,4975;0,0000;100,0000;0,0000;99,0000;0,0000;0;0;1;0
20260614_0639;Generalização_1000;classification;LeveragingBagging;Default_33Features;classifier;classifier;classifier;N/A;N/A;N/A;2000;100;70;8900;100,0000;0,0000;100,0000;0,0000;100,0000;0,0000;0;0;0;0
20260614_0639;Generalização_1000;classification;LeveragingBagging;Default_33Features;classifier;classifier;classifier;N/A;N/A;N/A;2000;100;71;9000;100,0000;0,0000;100,0000;0,0000;100,0000;0,0000;0;0;0;0
20260614_0639;Generalização_1000;classification;LeveragingBagging;Default_33Features;classifier;classifier;classifier;N/A;N/A;N/A;2000;100;72;9100;99,3960;0,2030;100,0000;0,0000;98,8000;0,4000;0;0;2;1
20260614_0639;Generalização_1000;classification;LeveragingBagging;Default_33Features;classifier;classifier;classifier;N/A;N/A;N/A;2000;100;73;9200;99,6985;0,2462;100,0000;0,0000;99,4000;0,4899;0;0;1;1
20260614_0639;Generalização_1000;classification;LeveragingBagging;Default_33Features;classifier;classifier;classifier;N/A;N/A;N/A;2000;100;74;9300;100,0000;0,0000;100,0000;0,0000;100,0000;0,0000;0;0;0;0
20260614_0639;Generalização_1000;classification;LeveragingBagging;Default_33Features;classifier;classifier;classifier;N/A;N/A;N/A;2000;100;75;9400;100,0000;0,0000;100,0000;0,0000;100,0000;0,0000;0;0;0;0
20260614_0639;Generalização_1000;classification;LeveragingBagging;Default_33Features;classifier;classifier;classifier;N/A;N/A;N/A;2000;100;76;9500;100,0000;0,0000;100,0000;0,0000;100,0000;0,0000;0;0;0;0
20260614_0639;Generalização_1000;classification;LeveragingBagging;Default_33Features;classifier;classifier;classifier;N/A;N/A;N/A;2000;100;77;9600;0,0000;0,0000;0,0000;0,0000;0,0000;0,0000;0;0;0;0
20260614_0639;Generalização_1000;classification;LeveragingBagging;Default_33Features;classifier;classifier;classifier;N/A;N/A;N/A;2000;100;78;9700;0,0000;0,0000;0,0000;0,0000;0,0000;0,0000;0;0;0;0
20260614_0639;Generalização_1000;classification;LeveragingBagging;Default_33Features;classifier;classifier;classifier;N/A;N/A;N/A;2000;100;79;9800;0,0000;0,0000;0,0000;0,0000;0,0000;0,0000;0;0;0;0
20260614_0639;Generalização_1000;classification;LeveragingBagging;Default_33Features;classifier;classifier;classifier;N/A;N/A;N/A;2000;100;80;9900;0,0000;0,0000;0,0000;0,0000;0,0000;0,0000;0;0;0;0
20260614_0639;Generalização_1000;classification;LeveragingBagging;Default_33Features;classifier;classifier;classifier;N/A;N/A;N/A;2000;100;81;10000;0,0000;0,0000;0,0000;0,0000;0,0000;0,0000;0;0;0;0
20260614_0639;Generalização_1000;classification;LeveragingBagging;Default_33Features;classifier;classifier;classifier;N/A;N/A;N/A;2000;100;82;10100;0,0000;0,0000;0,0000;0,0000;0,0000;0,0000;0;0;0;0
20260614_0639;Generalização_1000;classification;LeveragingBagging;Default_33Features;classifier;classifier;classifier;N/A;N/A;N/A;2000;100;83;10200;0,0000;0,0000;0,0000;0,0000;0,0000;0,0000;0;0;0;0
20260614_0639;Generalização_1000;classification;LeveragingBagging;Default_33Features;classifier;classifier;classifier;N/A;N/A;N/A;2000;100;84;10300;0,0000;0,0000;0,0000;0,0000;0,0000;0,0000;0;0;0;0
20260614_0639;Generalização_1000;classification;LeveragingBagging;Default_33Features;classifier;classifier;classifier;N/A;N/A;N/A;2000;100;85;10400;0,0000;0,0000;0,0000;0,0000;0,0000;0,0000;0;0;0;0
20260614_0639;Generalização_1000;classification;LeveragingBagging;Default_33Features;classifier;classifier;classifier;N/A;N/A;N/A;2000;100;86;10500;0,0000;0,0000;0,0000;0,0000;0,0000;0,0000;0;0;0;0
20260614_0639;Generalização_1000;classification;LeveragingBagging;Default_33Features;classifier;classifier;classifier;N/A;N/A;N/A;2000;100;87;10600;0,0000;0,0000;0,0000;0,0000;0,0000;0,0000;0;0;0;0
20260614_0639;Generalização_1000;classification;LeveragingBagging;Default_33Features;classifier;classifier;classifier;N/A;N/A;N/A;2000;100;88;10700;0,0000;0,0000;0,0000;0,0000;0,0000;0,0000;0;0;0;0
20260614_0639;Generalização_1000;classification;LeveragingBagging;Default_33Features;classifier;classifier;classifier;N/A;N/A;N/A;2000;100;89;10800;0,0000;0,0000;0,0000;0,0000;0,0000;0,0000;0;0;0;0
20260614_0639;Generalização_1000;classification;LeveragingBagging;Default_33Features;classifier;classifier;classifier;N/A;N/A;N/A;2000;100;90;10900;0,0000;0,0000;0,0000;0,0000;0,0000;0,0000;0;0;0;0
20260614_0639;Generalização_1000;classification;LeveragingBagging;Default_33Features;classifier;classifier;classifier;N/A;N/A;N/A;2000;100;91;11000;0,0000;0,0000;0,0000;0,0000;0,0000;0,0000;0;0;0;0
20260614_0639;Generalização_1000;classification;LeveragingBagging;Default_33Features;classifier;classifier;classifier;N/A;N/A;N/A;2000;100;92;11100;0,0000;0,0000;0,0000;0,0000;0,0000;0,0000;0;0;0;0
20260614_0639;Generalização_1000;classification;LeveragingBagging;Default_33Features;classifier;classifier;classifier;N/A;N/A;N/A;2000;100;93;11200;0,0000;0,0000;0,0000;0,0000;0,0000;0,0000;0;0;0;0
20260614_0639;Generalização_1000;classification;LeveragingBagging;Default_33Features;classifier;classifier;classifier;N/A;N/A;N/A;2000;100;94;11300;0,0000;0,0000;0,0000;0,0000;0,0000;0,0000;0;0;0;0
20260614_0639;Generalização_1000;classification;LeveragingBagging;Default_33Features;classifier;classifier;classifier;N/A;N/A;N/A;2000;100;95;11400;0,0000;0,0000;0,0000;0,0000;0,0000;0,0000;0;0;0;0
20260614_0639;Generalização_1000;classification;LeveragingBagging;Default_33Features;classifier;classifier;classifier;N/A;N/A;N/A;2000;100;96;11500;0,0000;0,0000;0,0000;0,0000;0,0000;0,0000;0;0;0;0
20260614_0639;Generalização_1000;classification;LeveragingBagging;Default_33Features;classifier;classifier;classifier;N/A;N/A;N/A;2000;100;97;11600;0,0000;0,0000;0,0000;0,0000;0,0000;0,0000;0;0;0;0
20260614_0639;Generalização_1000;classification;LeveragingBagging;Default_33Features;classifier;classifier;classifier;N/A;N/A;N/A;2000;100;98;11700;0,0000;0,0000;0,0000;0,0000;0,0000;0,0000;0;0;0;0
20260614_0639;Generalização_1000;classification;LeveragingBagging;Default_33Features;classifier;classifier;classifier;N/A;N/A;N/A;2000;100;99;11800;0,0000;0,0000;0,0000;0,0000;0,0000;0,0000;0;0;0;0
20260614_0639;Generalização_1000;classification;LeveragingBagging;Default_33Features;classifier;classifier;classifier;N/A;N/A;N/A;2000;100;100;11900;0,0000;0,0000;0,0000;0,0000;0,0000;0,0000;0;0;0;0
20260614_0639;Generalização_1000;classification;LeveragingBagging;Default_33Features;classifier;classifier;classifier;N/A;N/A;N/A;2000;100;101;12000;0,0000;0,0000;0,0000;0,0000;0,0000;0,0000;0;0;0;0
20260614_0639;Generalização_1000;classification;LeveragingBagging;Default_33Features;classifier;classifier;classifier;N/A;N/A;N/A;2000;100;102;12100;0,0000;0,0000;0,0000;0,0000;0,0000;0,0000;0;0;0;0
20260614_0639;Generalização_1000;classification;LeveragingBagging;Default_33Features;classifier;classifier;classifier;N/A;N/A;N/A;2000;100;103;12200;0,0000;0,0000;0,0000;0,0000;0,0000;0,0000;0;0;0;0
20260614_0639;Generalização_1000;classification;LeveragingBagging;Default_33Features;classifier;classifier;classifier;N/A;N/A;N/A;2000;100;104;12300;0,0000;0,0000;0,0000;0,0000;0,0000;0,0000;0;0;0;0
20260614_0639;Generalização_1000;classification;LeveragingBagging;Default_33Features;classifier;classifier;classifier;N/A;N/A;N/A;2000;100;105;12400;0,0000;0,0000;0,0000;0,0000;0,0000;0,0000;0;0;0;0
20260614_0639;Generalização_1000;classification;LeveragingBagging;Default_33Features;classifier;classifier;classifier;N/A;N/A;N/A;2000;100;106;12500;0,0000;0,0000;0,0000;0,0000;0,0000;0,0000;0;0;0;0
20260614_0639;Generalização_1000;classification;LeveragingBagging;Default_33Features;classifier;classifier;classifier;N/A;N/A;N/A;2000;100;107;12600;0,0000;0,0000;0,0000;0,0000;0,0000;0,0000;0;0;0;0
20260614_0639;Generalização_1000;classification;LeveragingBagging;Default_33Features;classifier;classifier;classifier;N/A;N/A;N/A;2000;100;108;12700;0,0000;0,0000;0,0000;0,0000;0,0000;0,0000;0;0;0;0
20260614_0639;Generalização_1000;classification;LeveragingBagging;Default_33Features;classifier;classifier;classifier;N/A;N/A;N/A;2000;100;109;12800;0,0000;0,0000;0,0000;0,0000;0,0000;0,0000;0;0;0;0
20260614_0639;Generalização_1000;classification;LeveragingBagging;Default_33Features;classifier;classifier;classifier;N/A;N/A;N/A;2000;100;110;12900;0,0000;0,0000;0,0000;0,0000;0,0000;0,0000;0;0;0;0
20260614_0639;Generalização_1000;classification;LeveragingBagging;Default_33Features;classifier;classifier;classifier;N/A;N/A;N/A;2000;100;111;13000;0,0000;0,0000;0,0000;0,0000;0,0000;0,0000;0;0;0;0
20260614_0639;Generalização_1000;classification;LeveragingBagging;Default_33Features;classifier;classifier;classifier;N/A;N/A;N/A;2000;100;112;13100;0,0000;0,0000;0,0000;0,0000;0,0000;0,0000;1;1;0;0
20260614_0639;Generalização_1000;classification;LeveragingBagging;Default_33Features;classifier;classifier;classifier;N/A;N/A;N/A;2000;100;113;13200;0,0000;0,0000;0,0000;0,0000;0,0000;0,0000;0;0;0;0
20260614_0639;Generalização_1000;classification;LeveragingBagging;Default_33Features;classifier;classifier;classifier;N/A;N/A;N/A;2000;100;114;13300;93,1818;0,0000;100,0000;0,0000;87,2340;0,0000;0;0;6;0
20260614_0639;Generalização_1000;classification;LeveragingBagging;Default_33Features;classifier;classifier;classifier;N/A;N/A;N/A;2000;100;115;13400;94,4444;0,0000;100,0000;0,0000;89,4737;0,0000;0;0;10;0
20260614_0639;Generalização_1000;classification;LeveragingBagging;Default_33Features;classifier;classifier;classifier;N/A;N/A;N/A;2000;100;116;13500;94,7736;1,5961;100,0000;0,0000;90,1099;2,8656;0;0;9;3
20260614_0639;Generalização_1000;classification;LeveragingBagging;Default_33Features;classifier;classifier;classifier;N/A;N/A;N/A;2000;100;117;13600;98,4848;0,0000;100,0000;0,0000;97,0149;0,0000;0;0;2;0
20260614_0639;Generalização_1000;classification;LeveragingBagging;Default_33Features;classifier;classifier;classifier;N/A;N/A;N/A;2000;100;118;13700;99,3502;0,2186;100,0000;0,0000;98,7097;0,4301;0;0;2;1
20260614_0639;Generalização_1000;classification;LeveragingBagging;Default_33Features;classifier;classifier;classifier;N/A;N/A;N/A;2000;100;119;13800;100,0000;0,0000;100,0000;0,0000;100,0000;0,0000;0;0;0;0
20260614_0639;Generalização_1000;classification;LeveragingBagging;Default_33Features;classifier;classifier;classifier;N/A;N/A;N/A;2000;100;120;13900;97,3822;0,0000;100,0000;0,0000;94,8980;0,0000;0;0;5;0
20260614_0639;Generalização_1000;classification;LeveragingBagging;Default_33Features;classifier;classifier;classifier;N/A;N/A;N/A;2000;100;121;14000;98,6688;0,2538;100,0000;0,0000;97,3737;0,4948;0;0;3;1
20260614_0639;Generalização_1000;classification;LeveragingBagging;Default_33Features;classifier;classifier;classifier;N/A;N/A;N/A;2000;100;122;14100;99,3898;0,2051;100,0000;0,0000;98,7879;0,4040;0;0;2;1
20260614_0639;Generalização_1000;classification;LeveragingBagging;Default_33Features;classifier;classifier;classifier;N/A;N/A;N/A;2000;100;123;14200;99,4872;0,0000;100,0000;0,0000;98,9796;0,0000;0;0;1;0
20260614_0639;Generalização_1000;classification;LeveragingBagging;Default_33Features;classifier;classifier;classifier;N/A;N/A;N/A;2000;100;124;14300;100,0000;0,0000;100,0000;0,0000;100,0000;0,0000;0;0;0;0
20260614_0639;Generalização_1000;classification;LeveragingBagging;Default_33Features;classifier;classifier;classifier;N/A;N/A;N/A;2000;100;125;14400;0,0000;0,0000;0,0000;0,0000;0,0000;0,0000;1;0;0;0
20260614_0639;Generalização_1000;classification;LeveragingBagging;Default_33Features;classifier;classifier;classifier;N/A;N/A;N/A;2000;100;126;14500;0,0000;0,0000;0,0000;0,0000;0,0000;0,0000;2;1;0;0
20260614_0639;Generalização_1000;classification;LeveragingBagging;Default_33Features;classifier;classifier;classifier;N/A;N/A;N/A;2000;100;127;14600;0,0000;0,0000;0,0000;0,0000;0,0000;0,0000;1;0;0;0
20260614_0639;Generalização_1000;classification;LeveragingBagging;Default_33Features;classifier;classifier;classifier;N/A;N/A;N/A;2000;100;128;14700;0,0000;0,0000;0,0000;0,0000;0,0000;0,0000;1;1;0;0
20260614_0639;Generalização_1000;classification;LeveragingBagging;Default_33Features;classifier;classifier;classifier;N/A;N/A;N/A;2000;100;129;14800;0,0000;0,0000;0,0000;0,0000;0,0000;0,0000;2;1;0;0
20260614_0639;Generalização_1000;classification;LeveragingBagging;Default_33Features;classifier;classifier;classifier;N/A;N/A;N/A;2000;100;130;14900;0,0000;0,0000;0,0000;0,0000;0,0000;0,0000;1;1;0;0
20260614_0639;Generalização_1000;classification;LeveragingBagging;Default_33Features;classifier;classifier;classifier;N/A;N/A;N/A;2000;100;131;15000;0,0000;0,0000;0,0000;0,0000;0,0000;0,0000;1;1;0;0
20260614_0639;Generalização_1000;classification;LeveragingBagging;Default_33Features;classifier;classifier;classifier;N/A;N/A;N/A;2000;100;132;15100;0,0000;0,0000;0,0000;0,0000;0,0000;0,0000;0;0;0;0
20260614_0639;Generalização_1000;classification;LeveragingBagging;Default_33Features;classifier;classifier;classifier;N/A;N/A;N/A;2000;100;133;15200;0,0000;0,0000;0,0000;0,0000;0,0000;0,0000;0;0;0;0
20260614_0639;Generalização_1000;classification;LeveragingBagging;Default_33Features;classifier;classifier;classifier;N/A;N/A;N/A;2000;100;134;15300;0,0000;0,0000;0,0000;0,0000;0,0000;0,0000;1;0;0;0
20260614_0639;Generalização_1000;classification;LeveragingBagging;Default_33Features;classifier;classifier;classifier;N/A;N/A;N/A;2000;100;135;15400;0,0000;0,0000;0,0000;0,0000;0,0000;0,0000;0;0;0;0
20260614_0639;Generalização_1000;classification;LeveragingBagging;Default_33Features;classifier;classifier;classifier;N/A;N/A;N/A;2000;100;136;15500;0,0000;0,0000;0,0000;0,0000;0,0000;0,0000;0;0;0;0
20260614_0639;Generalização_1000;classification;LeveragingBagging;Default_33Features;classifier;classifier;classifier;N/A;N/A;N/A;2000;100;137;15600;0,0000;0,0000;0,0000;0,0000;0,0000;0,0000;0;0;0;0
20260614_0639;Generalização_1000;classification;LeveragingBagging;Default_33Features;classifier;classifier;classifier;N/A;N/A;N/A;2000;100;138;15700;0,0000;0,0000;0,0000;0,0000;0,0000;0,0000;0;0;0;0
20260614_0639;Generalização_1000;classification;LeveragingBagging;Default_33Features;classifier;classifier;classifier;N/A;N/A;N/A;2000;100;139;15800;0,0000;0,0000;0,0000;0,0000;0,0000;0,0000;0;0;0;0
20260614_0639;Generalização_1000;classification;LeveragingBagging;Default_33Features;classifier;classifier;classifier;N/A;N/A;N/A;2000;100;140;15900;0,0000;0,0000;0,0000;0,0000;0,0000;0,0000;0;0;0;0
20260614_0639;Generalização_1000;classification;LeveragingBagging;Default_33Features;classifier;classifier;classifier;N/A;N/A;N/A;2000;100;141;16000;0,0000;0,0000;0,0000;0,0000;0,0000;0,0000;0;0;0;0
20260614_0639;Generalização_1000;classification;LeveragingBagging;Default_33Features;classifier;classifier;classifier;N/A;N/A;N/A;2000;100;142;16100;0,0000;0,0000;0,0000;0,0000;0,0000;0,0000;1;0;0;0
20260614_0639;Generalização_1000;classification;LeveragingBagging;Default_33Features;classifier;classifier;classifier;N/A;N/A;N/A;2000;100;143;16200;0,0000;0,0000;0,0000;0,0000;0,0000;0,0000;0;0;0;0
20260614_0639;Generalização_1000;classification;LeveragingBagging;Default_33Features;classifier;classifier;classifier;N/A;N/A;N/A;2000;100;144;16300;0,0000;0,0000;0,0000;0,0000;0,0000;0,0000;0;0;0;0
20260614_0639;Generalização_1000;classification;LeveragingBagging;Default_33Features;classifier;classifier;classifier;N/A;N/A;N/A;2000;100;145;16400;0,0000;0,0000;0,0000;0,0000;0,0000;0,0000;0;0;0;0
20260614_0639;Generalização_1000;classification;LeveragingBagging;Default_33Features;classifier;classifier;classifier;N/A;N/A;N/A;2000;100;146;16500;0,0000;0,0000;0,0000;0,0000;0,0000;0,0000;0;0;0;0
20260614_0639;Generalização_1000;classification;LeveragingBagging;Default_33Features;classifier;classifier;classifier;N/A;N/A;N/A;2000;100;147;16600;0,0000;0,0000;0,0000;0,0000;0,0000;0,0000;0;0;0;0
20260614_0639;Generalização_1000;classification;LeveragingBagging;Default_33Features;classifier;classifier;classifier;N/A;N/A;N/A;2000;100;148;16700;0,0000;0,0000;0,0000;0,0000;0,0000;0,0000;0;0;0;0
20260614_0639;Generalização_1000;classification;LeveragingBagging;Default_33Features;classifier;classifier;classifier;N/A;N/A;N/A;2000;100;149;16800;0,0000;0,0000;0,0000;0,0000;0,0000;0,0000;0;0;0;0
20260614_0639;Generalização_1000;classification;LeveragingBagging;Default_33Features;classifier;classifier;classifier;N/A;N/A;N/A;2000;100;150;16900;0,0000;0,0000;0,0000;0,0000;0,0000;0,0000;0;0;0;0
20260614_0639;Generalização_1000;classification;LeveragingBagging;Default_33Features;classifier;classifier;classifier;N/A;N/A;N/A;2000;100;151;17000;0,0000;0,0000;0,0000;0,0000;0,0000;0,0000;0;0;0;0
20260614_0639;Generalização_1000;classification;LeveragingBagging;Default_33Features;classifier;classifier;classifier;N/A;N/A;N/A;2000;100;152;17100;0,0000;0,0000;0,0000;0,0000;0,0000;0,0000;0;0;0;0
20260614_0639;Generalização_1000;classification;LeveragingBagging;Default_33Features;classifier;classifier;classifier;N/A;N/A;N/A;2000;100;153;17200;0,0000;0,0000;0,0000;0,0000;0,0000;0,0000;0;0;0;0
20260614_0639;Generalização_1000;classification;LeveragingBagging;Default_33Features;classifier;classifier;classifier;N/A;N/A;N/A;2000;100;154;17300;0,0000;0,0000;0,0000;0,0000;0,0000;0,0000;0;0;0;0
20260614_0639;Generalização_1000;classification;LeveragingBagging;Default_33Features;classifier;classifier;classifier;N/A;N/A;N/A;2000;100;155;17400;0,0000;0,0000;0,0000;0,0000;0,0000;0,0000;0;0;0;0
20260614_0639;Generalização_1000;classification;LeveragingBagging;Default_33Features;classifier;classifier;classifier;N/A;N/A;N/A;2000;100;156;17500;0,0000;0,0000;0,0000;0,0000;0,0000;0,0000;1;0;0;0
20260614_0639;Generalização_1000;classification;LeveragingBagging;Default_33Features;classifier;classifier;classifier;N/A;N/A;N/A;2000;100;157;17600;0,0000;0,0000;0,0000;0,0000;0,0000;0,0000;0;0;0;0
20260614_0639;Generalização_1000;classification;LeveragingBagging;Default_33Features;classifier;classifier;classifier;N/A;N/A;N/A;2000;100;158;17700;0,0000;0,0000;0,0000;0,0000;0,0000;0,0000;0;0;0;0
20260614_0639;Generalização_1000;classification;LeveragingBagging;Default_33Features;classifier;classifier;classifier;N/A;N/A;N/A;2000;100;159;17800;0,0000;0,0000;0,0000;0,0000;0,0000;0,0000;0;0;0;0
20260614_0639;Generalização_1000;classification;LeveragingBagging;Default_33Features;classifier;classifier;classifier;N/A;N/A;N/A;2000;100;160;17900;0,0000;0,0000;0,0000;0,0000;0,0000;0,0000;0;0;0;0
20260614_0639;Adaptação_25;classification;LeveragingBagging;Default_33Features;classifier;classifier;classifier;N/A;N/A;N/A;2000;100;1;2000;0,0000;0,0000;0,0000;0,0000;0,0000;0,0000;0;0;0;0
20260614_0639;Adaptação_25;classification;LeveragingBagging;Default_33Features;classifier;classifier;classifier;N/A;N/A;N/A;2000;100;2;2100;0,0000;0,0000;0,0000;0,0000;0,0000;0,0000;0;0;0;0
20260614_0639;Adaptação_25;classification;LeveragingBagging;Default_33Features;classifier;classifier;classifier;N/A;N/A;N/A;2000;100;3;2200;0,0000;0,0000;0,0000;0,0000;0,0000;0,0000;0;0;0;0
20260614_0639;Adaptação_25;classification;LeveragingBagging;Default_33Features;classifier;classifier;classifier;N/A;N/A;N/A;2000;100;4;2300;0,0000;0,0000;0,0000;0,0000;0,0000;0,0000;0;0;0;0
20260614_0639;Adaptação_25;classification;LeveragingBagging;Default_33Features;classifier;classifier;classifier;N/A;N/A;N/A;2000;100;5;2400;0,0000;0,0000;0,0000;0,0000;0,0000;0,0000;0;0;0;0
20260614_0639;Adaptação_25;classification;LeveragingBagging;Default_33Features;classifier;classifier;classifier;N/A;N/A;N/A;2000;100;6;2500;0,0000;0,0000;0,0000;0,0000;0,0000;0,0000;0;0;0;0
20260614_0639;Adaptação_25;classification;LeveragingBagging;Default_33Features;classifier;classifier;classifier;N/A;N/A;N/A;2000;100;7;2600;0,0000;0,0000;0,0000;0,0000;0,0000;0,0000;0;0;0;0
20260614_0639;Adaptação_25;classification;LeveragingBagging;Default_33Features;classifier;classifier;classifier;N/A;N/A;N/A;2000;100;8;2700;0,0000;0,0000;0,0000;0,0000;0,0000;0,0000;0;0;0;0
20260614_0639;Adaptação_25;classification;LeveragingBagging;Default_33Features;classifier;classifier;classifier;N/A;N/A;N/A;2000;100;9;2800;0,0000;0,0000;0,0000;0,0000;0,0000;0,0000;0;0;0;0
20260614_0639;Adaptação_25;classification;LeveragingBagging;Default_33Features;classifier;classifier;classifier;N/A;N/A;N/A;2000;100;10;2900;0,0000;0,0000;0,0000;0,0000;0,0000;0,0000;0;0;0;0
20260614_0639;Adaptação_25;classification;LeveragingBagging;Default_33Features;classifier;classifier;classifier;N/A;N/A;N/A;2000;100;11;3000;0,0000;0,0000;0,0000;0,0000;0,0000;0,0000;0;0;0;0
20260614_0639;Adaptação_25;classification;LeveragingBagging;Default_33Features;classifier;classifier;classifier;N/A;N/A;N/A;2000;100;12;3100;0,0000;0,0000;0,0000;0,0000;0,0000;0,0000;0;0;0;0
20260614_0639;Adaptação_25;classification;LeveragingBagging;Default_33Features;classifier;classifier;classifier;N/A;N/A;N/A;2000;100;13;3200;0,0000;0,0000;0,0000;0,0000;0,0000;0,0000;0;0;0;0
20260614_0639;Adaptação_25;classification;LeveragingBagging;Default_33Features;classifier;classifier;classifier;N/A;N/A;N/A;2000;100;14;3300;0,0000;0,0000;0,0000;0,0000;0,0000;0,0000;0;0;0;0
20260614_0639;Adaptação_25;classification;LeveragingBagging;Default_33Features;classifier;classifier;classifier;N/A;N/A;N/A;2000;100;15;3400;0,0000;0,0000;0,0000;0,0000;0,0000;0,0000;0;0;0;0
20260614_0639;Adaptação_25;classification;LeveragingBagging;Default_33Features;classifier;classifier;classifier;N/A;N/A;N/A;2000;100;16;3500;0,0000;0,0000;0,0000;0,0000;0,0000;0,0000;0;0;0;0
20260614_0639;Adaptação_25;classification;LeveragingBagging;Default_33Features;classifier;classifier;classifier;N/A;N/A;N/A;2000;100;17;3600;0,0000;0,0000;0,0000;0,0000;0,0000;0,0000;0;0;0;0
20260614_0639;Adaptação_25;classification;LeveragingBagging;Default_33Features;classifier;classifier;classifier;N/A;N/A;N/A;2000;100;18;3700;0,0000;0,0000;0,0000;0,0000;0,0000;0,0000;0;0;0;0
20260614_0639;Adaptação_25;classification;LeveragingBagging;Default_33Features;classifier;classifier;classifier;N/A;N/A;N/A;2000;100;19;3800;91,3043;0,0000;100,0000;0,0000;84,0000;0,0000;0;0;4;0
20260614_0639;Adaptação_25;classification;LeveragingBagging;Default_33Features;classifier;classifier;classifier;N/A;N/A;N/A;2000;100;20;3900;0,0000;0,0000;0,0000;0,0000;0,0000;0,0000;1;0;0;0
20260614_0639;Adaptação_25;classification;LeveragingBagging;Default_33Features;classifier;classifier;classifier;N/A;N/A;N/A;2000;100;21;4000;0,0000;0,0000;0,0000;0,0000;0,0000;0,0000;1;0;0;0
20260614_0639;Adaptação_25;classification;LeveragingBagging;Default_33Features;classifier;classifier;classifier;N/A;N/A;N/A;2000;100;22;4100;0,0000;0,0000;0,0000;0,0000;0,0000;0,0000;0;0;0;0
20260614_0639;Adaptação_25;classification;LeveragingBagging;Default_33Features;classifier;classifier;classifier;N/A;N/A;N/A;2000;100;23;4200;0,0000;0,0000;0,0000;0,0000;0,0000;0,0000;0;0;0;0
20260614_0639;Adaptação_25;classification;LeveragingBagging;Default_33Features;classifier;classifier;classifier;N/A;N/A;N/A;2000;100;24;4300;0,0000;0,0000;0,0000;0,0000;0,0000;0,0000;0;0;0;0
20260614_0639;Adaptação_25;classification;LeveragingBagging;Default_33Features;classifier;classifier;classifier;N/A;N/A;N/A;2000;100;25;4400;0,0000;0,0000;0,0000;0,0000;0,0000;0,0000;0;0;0;0
20260614_0639;Adaptação_25;classification;LeveragingBagging;Default_33Features;classifier;classifier;classifier;N/A;N/A;N/A;2000;100;26;4500;0,0000;0,0000;0,0000;0,0000;0,0000;0,0000;0;0;0;0
20260614_0639;Adaptação_25;classification;LeveragingBagging;Default_33Features;classifier;classifier;classifier;N/A;N/A;N/A;2000;100;27;4600;0,0000;0,0000;0,0000;0,0000;0,0000;0,0000;0;0;0;0
20260614_0639;Adaptação_25;classification;LeveragingBagging;Default_33Features;classifier;classifier;classifier;N/A;N/A;N/A;2000;100;28;4700;0,0000;0,0000;0,0000;0,0000;0,0000;0,0000;0;0;0;0
20260614_0639;Adaptação_25;classification;LeveragingBagging;Default_33Features;classifier;classifier;classifier;N/A;N/A;N/A;2000;100;29;4800;0,0000;0,0000;0,0000;0,0000;0,0000;0,0000;0;0;0;0
20260614_0639;Adaptação_25;classification;LeveragingBagging;Default_33Features;classifier;classifier;classifier;N/A;N/A;N/A;2000;100;30;4900;0,0000;0,0000;0,0000;0,0000;0,0000;0,0000;0;0;0;0
20260614_0639;Adaptação_25;classification;LeveragingBagging;Default_33Features;classifier;classifier;classifier;N/A;N/A;N/A;2000;100;31;5000;0,0000;0,0000;0,0000;0,0000;0,0000;0,0000;0;0;0;0
20260614_0639;Adaptação_25;classification;LeveragingBagging;Default_33Features;classifier;classifier;classifier;N/A;N/A;N/A;2000;100;32;5100;0,0000;0,0000;0,0000;0,0000;0,0000;0,0000;0;0;0;0
20260614_0639;Adaptação_25;classification;LeveragingBagging;Default_33Features;classifier;classifier;classifier;N/A;N/A;N/A;2000;100;33;5200;0,0000;0,0000;0,0000;0,0000;0,0000;0,0000;0;0;0;0
20260614_0639;Adaptação_25;classification;LeveragingBagging;Default_33Features;classifier;classifier;classifier;N/A;N/A;N/A;2000;100;34;5300;0,0000;0,0000;0,0000;0,0000;0,0000;0,0000;0;0;0;0
20260614_0639;Adaptação_25;classification;LeveragingBagging;Default_33Features;classifier;classifier;classifier;N/A;N/A;N/A;2000;100;35;5400;0,0000;0,0000;0,0000;0,0000;0,0000;0,0000;0;0;0;0
20260614_0639;Adaptação_25;classification;LeveragingBagging;Default_33Features;classifier;classifier;classifier;N/A;N/A;N/A;2000;100;36;5500;0,0000;0,0000;0,0000;0,0000;0,0000;0,0000;0;0;0;0
20260614_0639;Adaptação_25;classification;LeveragingBagging;Default_33Features;classifier;classifier;classifier;N/A;N/A;N/A;2000;100;37;5600;0,0000;0,0000;0,0000;0,0000;0,0000;0,0000;0;0;0;0
20260614_0639;Adaptação_25;classification;LeveragingBagging;Default_33Features;classifier;classifier;classifier;N/A;N/A;N/A;2000;100;38;5700;0,0000;0,0000;0,0000;0,0000;0,0000;0,0000;0;0;0;0
20260614_0639;Adaptação_25;classification;LeveragingBagging;Default_33Features;classifier;classifier;classifier;N/A;N/A;N/A;2000;100;39;5800;0,0000;0,0000;0,0000;0,0000;0,0000;0,0000;0;0;0;0
20260614_0639;Adaptação_25;classification;LeveragingBagging;Default_33Features;classifier;classifier;classifier;N/A;N/A;N/A;2000;100;40;5900;0,0000;0,0000;0,0000;0,0000;0,0000;0,0000;0;0;0;0
20260614_0639;Adaptação_25;classification;LeveragingBagging;Default_33Features;classifier;classifier;classifier;N/A;N/A;N/A;2000;100;41;6000;0,0000;0,0000;0,0000;0,0000;0,0000;0,0000;0;0;0;0
20260614_0639;Adaptação_25;classification;LeveragingBagging;Default_33Features;classifier;classifier;classifier;N/A;N/A;N/A;2000;100;42;6100;0,0000;0,0000;0,0000;0,0000;0,0000;0,0000;0;0;0;0
20260614_0639;Adaptação_25;classification;LeveragingBagging;Default_33Features;classifier;classifier;classifier;N/A;N/A;N/A;2000;100;43;6200;0,0000;0,0000;0,0000;0,0000;0,0000;0,0000;0;0;0;0
20260614_0639;Adaptação_25;classification;LeveragingBagging;Default_33Features;classifier;classifier;classifier;N/A;N/A;N/A;2000;100;44;6300;0,0000;0,0000;0,0000;0,0000;0,0000;0,0000;0;0;0;0
20260614_0639;Adaptação_25;classification;LeveragingBagging;Default_33Features;classifier;classifier;classifier;N/A;N/A;N/A;2000;100;45;6400;0,0000;0,0000;0,0000;0,0000;0,0000;0,0000;0;0;0;0
20260614_0639;Adaptação_25;classification;LeveragingBagging;Default_33Features;classifier;classifier;classifier;N/A;N/A;N/A;2000;100;46;6500;0,0000;0,0000;0,0000;0,0000;0,0000;0,0000;0;0;0;0
20260614_0639;Adaptação_25;classification;LeveragingBagging;Default_33Features;classifier;classifier;classifier;N/A;N/A;N/A;2000;100;47;6600;0,0000;0,0000;0,0000;0,0000;0,0000;0,0000;0;0;0;0
20260614_0639;Adaptação_25;classification;LeveragingBagging;Default_33Features;classifier;classifier;classifier;N/A;N/A;N/A;2000;100;48;6700;0,0000;0,0000;0,0000;0,0000;0,0000;0,0000;0;0;0;0
20260614_0639;Adaptação_25;classification;LeveragingBagging;Default_33Features;classifier;classifier;classifier;N/A;N/A;N/A;2000;100;49;6800;0,0000;0,0000;0,0000;0,0000;0,0000;0,0000;0;0;0;0
20260614_0639;Adaptação_25;classification;LeveragingBagging;Default_33Features;classifier;classifier;classifier;N/A;N/A;N/A;2000;100;50;6900;0,0000;0,0000;0,0000;0,0000;0,0000;0,0000;0;0;0;0
20260614_0639;Adaptação_25;classification;LeveragingBagging;Default_33Features;classifier;classifier;classifier;N/A;N/A;N/A;2000;100;51;7000;0,0000;0,0000;0,0000;0,0000;0,0000;0,0000;0;0;0;0
20260614_0639;Adaptação_25;classification;LeveragingBagging;Default_33Features;classifier;classifier;classifier;N/A;N/A;N/A;2000;100;52;7100;0,0000;0,0000;0,0000;0,0000;0,0000;0,0000;0;0;0;0
20260614_0639;Adaptação_25;classification;LeveragingBagging;Default_33Features;classifier;classifier;classifier;N/A;N/A;N/A;2000;100;53;7200;0,0000;0,0000;0,0000;0,0000;0,0000;0,0000;0;0;0;0
20260614_0639;Adaptação_25;classification;LeveragingBagging;Default_33Features;classifier;classifier;classifier;N/A;N/A;N/A;2000;100;54;7300;0,0000;0,0000;0,0000;0,0000;0,0000;0,0000;0;0;0;0
20260614_0639;Adaptação_25;classification;LeveragingBagging;Default_33Features;classifier;classifier;classifier;N/A;N/A;N/A;2000;100;55;7400;0,0000;0,0000;0,0000;0,0000;0,0000;0,0000;0;0;0;0
20260614_0639;Adaptação_25;classification;LeveragingBagging;Default_33Features;classifier;classifier;classifier;N/A;N/A;N/A;2000;100;56;7500;0,0000;0,0000;0,0000;0,0000;0,0000;0,0000;0;0;0;0
20260614_0639;Adaptação_25;classification;LeveragingBagging;Default_33Features;classifier;classifier;classifier;N/A;N/A;N/A;2000;100;57;7600;55,9605;13,0291;100,0000;0,0000;40,0000;12,7206;0;0;14;3
20260614_0639;Adaptação_25;classification;LeveragingBagging;Default_33Features;classifier;classifier;classifier;N/A;N/A;N/A;2000;100;58;7700;0,0000;0,0000;0,0000;0,0000;0,0000;0,0000;0;0;0;0
20260614_0639;Adaptação_25;classification;LeveragingBagging;Default_33Features;classifier;classifier;classifier;N/A;N/A;N/A;2000;100;59;7800;0,0000;0,0000;0,0000;0,0000;0,0000;0,0000;0;0;0;0
20260614_0639;Adaptação_25;classification;LeveragingBagging;Default_33Features;classifier;classifier;classifier;N/A;N/A;N/A;2000;100;60;7900;0,0000;0,0000;0,0000;0,0000;0,0000;0,0000;0;0;0;0
20260614_0639;Adaptação_25;classification;LeveragingBagging;Default_33Features;classifier;classifier;classifier;N/A;N/A;N/A;2000;100;61;8000;0,0000;0,0000;0,0000;0,0000;0,0000;0,0000;0;0;0;0
20260614_0639;Adaptação_25;classification;LeveragingBagging;Default_33Features;classifier;classifier;classifier;N/A;N/A;N/A;2000;100;62;8100;0,0000;0,0000;0,0000;0,0000;0,0000;0,0000;0;0;0;0
20260614_0639;Adaptação_25;classification;LeveragingBagging;Default_33Features;classifier;classifier;classifier;N/A;N/A;N/A;2000;100;63;8200;0,0000;0,0000;0,0000;0,0000;0,0000;0,0000;0;0;0;0
20260614_0639;Adaptação_25;classification;LeveragingBagging;Default_33Features;classifier;classifier;classifier;N/A;N/A;N/A;2000;100;64;8300;0,0000;0,0000;0,0000;0,0000;0,0000;0,0000;0;0;0;0
20260614_0639;Adaptação_25;classification;LeveragingBagging;Default_33Features;classifier;classifier;classifier;N/A;N/A;N/A;2000;100;65;8400;0,0000;0,0000;0,0000;0,0000;0,0000;0,0000;0;0;0;0
20260614_0639;Adaptação_25;classification;LeveragingBagging;Default_33Features;classifier;classifier;classifier;N/A;N/A;N/A;2000;100;66;8500;0,0000;0,0000;0,0000;0,0000;0,0000;0,0000;0;0;0;0
20260614_0639;Adaptação_25;classification;LeveragingBagging;Default_33Features;classifier;classifier;classifier;N/A;N/A;N/A;2000;100;67;8600;0,0000;0,0000;0,0000;0,0000;0,0000;0,0000;0;0;0;0
20260614_0639;Adaptação_25;classification;LeveragingBagging;Default_33Features;classifier;classifier;classifier;N/A;N/A;N/A;2000;100;68;8700;0,0000;0,0000;0,0000;0,0000;0,0000;0,0000;0;0;0;0
20260614_0639;Adaptação_25;classification;LeveragingBagging;Default_33Features;classifier;classifier;classifier;N/A;N/A;N/A;2000;100;69;8800;0,0000;0,0000;0,0000;0,0000;0,0000;0,0000;0;0;0;0
20260614_0639;Adaptação_25;classification;LeveragingBagging;Default_33Features;classifier;classifier;classifier;N/A;N/A;N/A;2000;100;70;8900;0,0000;0,0000;0,0000;0,0000;0,0000;0,0000;0;0;0;0
20260614_0639;Adaptação_25;classification;LeveragingBagging;Default_33Features;classifier;classifier;classifier;N/A;N/A;N/A;2000;100;71;9000;0,0000;0,0000;0,0000;0,0000;0,0000;0,0000;0;0;0;0
20260614_0639;Adaptação_25;classification;LeveragingBagging;Default_33Features;classifier;classifier;classifier;N/A;N/A;N/A;2000;100;72;9100;0,0000;0,0000;0,0000;0,0000;0,0000;0,0000;0;0;0;0
20260614_0639;Adaptação_25;classification;LeveragingBagging;Default_33Features;classifier;classifier;classifier;N/A;N/A;N/A;2000;100;73;9200;0,0000;0,0000;0,0000;0,0000;0,0000;0,0000;0;0;0;0
20260614_0639;Adaptação_25;classification;LeveragingBagging;Default_33Features;classifier;classifier;classifier;N/A;N/A;N/A;2000;100;74;9300;0,0000;0,0000;0,0000;0,0000;0,0000;0,0000;0;0;0;0
20260614_0639;Adaptação_25;classification;LeveragingBagging;Default_33Features;classifier;classifier;classifier;N/A;N/A;N/A;2000;100;75;9400;0,0000;0,0000;0,0000;0,0000;0,0000;0,0000;0;0;0;0
20260614_0639;Adaptação_25;classification;LeveragingBagging;Default_33Features;classifier;classifier;classifier;N/A;N/A;N/A;2000;100;76;9500;0,0000;0,0000;0,0000;0,0000;0,0000;0,0000;0;0;0;0
20260614_0639;Adaptação_25;classification;LeveragingBagging;Default_33Features;classifier;classifier;classifier;N/A;N/A;N/A;2000;100;77;9600;0,0000;0,0000;0,0000;0,0000;0,0000;0,0000;0;0;0;0
20260614_0639;Adaptação_25;classification;LeveragingBagging;Default_33Features;classifier;classifier;classifier;N/A;N/A;N/A;2000;100;78;9700;0,0000;0,0000;0,0000;0,0000;0,0000;0,0000;0;0;0;0
20260614_0639;Adaptação_25;classification;LeveragingBagging;Default_33Features;classifier;classifier;classifier;N/A;N/A;N/A;2000;100;79;9800;0,0000;0,0000;0,0000;0,0000;0,0000;0,0000;0;0;0;0
20260614_0639;Adaptação_25;classification;LeveragingBagging;Default_33Features;classifier;classifier;classifier;N/A;N/A;N/A;2000;100;80;9900;0,0000;0,0000;0,0000;0,0000;0,0000;0,0000;0;0;0;0
20260614_0639;Adaptação_25;classification;LeveragingBagging;Default_33Features;classifier;classifier;classifier;N/A;N/A;N/A;2000;100;81;10000;0,0000;0,0000;0,0000;0,0000;0,0000;0,0000;0;0;0;0
20260614_0639;Adaptação_25;classification;LeveragingBagging;Default_33Features;classifier;classifier;classifier;N/A;N/A;N/A;2000;100;82;10100;0,0000;0,0000;0,0000;0,0000;0,0000;0,0000;0;0;0;0
20260614_0639;Adaptação_25;classification;LeveragingBagging;Default_33Features;classifier;classifier;classifier;N/A;N/A;N/A;2000;100;83;10200;0,0000;0,0000;0,0000;0,0000;0,0000;0,0000;0;0;0;0
20260614_0639;Adaptação_25;classification;LeveragingBagging;Default_33Features;classifier;classifier;classifier;N/A;N/A;N/A;2000;100;84;10300;0,0000;0,0000;0,0000;0,0000;0,0000;0,0000;0;0;0;0
20260614_0639;Adaptação_25;classification;LeveragingBagging;Default_33Features;classifier;classifier;classifier;N/A;N/A;N/A;2000;100;85;10400;0,0000;0,0000;0,0000;0,0000;0,0000;0,0000;0;0;0;0
20260614_0639;Adaptação_25;classification;LeveragingBagging;Default_33Features;classifier;classifier;classifier;N/A;N/A;N/A;2000;100;86;10500;0,0000;0,0000;0,0000;0,0000;0,0000;0,0000;0;0;0;0
20260614_0639;Adaptação_25;classification;LeveragingBagging;Default_33Features;classifier;classifier;classifier;N/A;N/A;N/A;2000;100;87;10600;0,0000;0,0000;0,0000;0,0000;0,0000;0,0000;0;0;0;0
20260614_0639;Adaptação_25;classification;LeveragingBagging;Default_33Features;classifier;classifier;classifier;N/A;N/A;N/A;2000;100;88;10700;0,0000;0,0000;0,0000;0,0000;0,0000;0,0000;0;0;0;0
20260614_0639;Adaptação_25;classification;LeveragingBagging;Default_33Features;classifier;classifier;classifier;N/A;N/A;N/A;2000;100;89;10800;0,0000;0,0000;0,0000;0,0000;0,0000;0,0000;0;0;0;0
20260614_0639;Adaptação_25;classification;LeveragingBagging;Default_33Features;classifier;classifier;classifier;N/A;N/A;N/A;2000;100;90;10900;0,0000;0,0000;0,0000;0,0000;0,0000;0,0000;0;0;0;0
20260614_0639;Adaptação_25;classification;LeveragingBagging;Default_33Features;classifier;classifier;classifier;N/A;N/A;N/A;2000;100;91;11000;0,0000;0,0000;0,0000;0,0000;0,0000;0,0000;0;0;0;0
20260614_0639;Adaptação_25;classification;LeveragingBagging;Default_33Features;classifier;classifier;classifier;N/A;N/A;N/A;2000;100;92;11100;0,0000;0,0000;0,0000;0,0000;0,0000;0,0000;0;0;0;0
20260614_0639;Adaptação_25;classification;LeveragingBagging;Default_33Features;classifier;classifier;classifier;N/A;N/A;N/A;2000;100;93;11200;0,0000;0,0000;0,0000;0,0000;0,0000;0,0000;0;0;0;0
20260614_0639;Adaptação_25;classification;LeveragingBagging;Default_33Features;classifier;classifier;classifier;N/A;N/A;N/A;2000;100;94;11300;100,0000;0,0000;100,0000;0,0000;100,0000;0,0000;0;0;0;0
20260614_0639;Adaptação_25;classification;LeveragingBagging;Default_33Features;classifier;classifier;classifier;N/A;N/A;N/A;2000;100;95;11400;97,6744;0,0000;100,0000;0,0000;95,4545;0,0000;0;0;1;0
20260614_0639;Adaptação_25;classification;LeveragingBagging;Default_33Features;classifier;classifier;classifier;N/A;N/A;N/A;2000;100;96;11500;0,0000;0,0000;0,0000;0,0000;0,0000;0,0000;0;0;0;0
20260614_0639;Adaptação_25;classification;LeveragingBagging;Default_33Features;classifier;classifier;classifier;N/A;N/A;N/A;2000;100;97;11600;0,0000;0,0000;0,0000;0,0000;0,0000;0,0000;0;0;0;0
20260614_0639;Adaptação_25;classification;LeveragingBagging;Default_33Features;classifier;classifier;classifier;N/A;N/A;N/A;2000;100;98;11700;0,0000;0,0000;0,0000;0,0000;0,0000;0,0000;0;0;0;0
20260614_0639;Adaptação_25;classification;LeveragingBagging;Default_33Features;classifier;classifier;classifier;N/A;N/A;N/A;2000;100;99;11800;0,0000;0,0000;0,0000;0,0000;0,0000;0,0000;0;0;0;0
20260614_0639;Adaptação_25;classification;LeveragingBagging;Default_33Features;classifier;classifier;classifier;N/A;N/A;N/A;2000;100;100;11900;0,0000;0,0000;0,0000;0,0000;0,0000;0,0000;0;0;0;0
20260614_0639;Adaptação_25;classification;LeveragingBagging;Default_33Features;classifier;classifier;classifier;N/A;N/A;N/A;2000;100;101;12000;0,0000;0,0000;0,0000;0,0000;0,0000;0,0000;0;0;0;0
20260614_0639;Adaptação_25;classification;LeveragingBagging;Default_33Features;classifier;classifier;classifier;N/A;N/A;N/A;2000;100;102;12100;0,0000;0,0000;0,0000;0,0000;0,0000;0,0000;0;0;0;0
20260614_0639;Adaptação_25;classification;LeveragingBagging;Default_33Features;classifier;classifier;classifier;N/A;N/A;N/A;2000;100;103;12200;0,0000;0,0000;0,0000;0,0000;0,0000;0,0000;0;0;0;0
20260614_0639;Adaptação_25;classification;LeveragingBagging;Default_33Features;classifier;classifier;classifier;N/A;N/A;N/A;2000;100;104;12300;0,0000;0,0000;0,0000;0,0000;0,0000;0,0000;0;0;0;0
20260614_0639;Adaptação_25;classification;LeveragingBagging;Default_33Features;classifier;classifier;classifier;N/A;N/A;N/A;2000;100;105;12400;0,0000;0,0000;0,0000;0,0000;0,0000;0,0000;0;0;0;0
20260614_0639;Adaptação_25;classification;LeveragingBagging;Default_33Features;classifier;classifier;classifier;N/A;N/A;N/A;2000;100;106;12500;0,0000;0,0000;0,0000;0,0000;0,0000;0,0000;0;0;0;0
20260614_0639;Adaptação_25;classification;LeveragingBagging;Default_33Features;classifier;classifier;classifier;N/A;N/A;N/A;2000;100;107;12600;0,0000;0,0000;0,0000;0,0000;0,0000;0,0000;0;0;0;0
20260614_0639;Adaptação_25;classification;LeveragingBagging;Default_33Features;classifier;classifier;classifier;N/A;N/A;N/A;2000;100;108;12700;0,0000;0,0000;0,0000;0,0000;0,0000;0,0000;0;0;0;0
20260614_0639;Adaptação_25;classification;LeveragingBagging;Default_33Features;classifier;classifier;classifier;N/A;N/A;N/A;2000;100;109;12800;0,0000;0,0000;0,0000;0,0000;0,0000;0,0000;0;0;0;0
20260614_0639;Adaptação_25;classification;LeveragingBagging;Default_33Features;classifier;classifier;classifier;N/A;N/A;N/A;2000;100;110;12900;0,0000;0,0000;0,0000;0,0000;0,0000;0,0000;0;0;0;0
20260614_0639;Adaptação_25;classification;LeveragingBagging;Default_33Features;classifier;classifier;classifier;N/A;N/A;N/A;2000;100;111;13000;0,0000;0,0000;0,0000;0,0000;0,0000;0,0000;0;0;0;0
20260614_0639;Adaptação_25;classification;LeveragingBagging;Default_33Features;classifier;classifier;classifier;N/A;N/A;N/A;2000;100;112;13100;0,0000;0,0000;0,0000;0,0000;0,0000;0,0000;0;0;0;0
20260614_0639;Adaptação_25;classification;LeveragingBagging;Default_33Features;classifier;classifier;classifier;N/A;N/A;N/A;2000;100;113;13200;0,0000;0,0000;0,0000;0,0000;0,0000;0,0000;0;0;0;0
20260614_0639;Adaptação_25;classification;LeveragingBagging;Default_33Features;classifier;classifier;classifier;N/A;N/A;N/A;2000;100;114;13300;0,0000;0,0000;0,0000;0,0000;0,0000;0,0000;0;0;0;0
20260614_0639;Adaptação_25;classification;LeveragingBagging;Default_33Features;classifier;classifier;classifier;N/A;N/A;N/A;2000;100;115;13400;0,0000;0,0000;0,0000;0,0000;0,0000;0,0000;0;0;0;0
20260614_0639;Adaptação_25;classification;LeveragingBagging;Default_33Features;classifier;classifier;classifier;N/A;N/A;N/A;2000;100;116;13500;0,0000;0,0000;0,0000;0,0000;0,0000;0,0000;0;0;0;0
20260614_0639;Adaptação_25;classification;LeveragingBagging;Default_33Features;classifier;classifier;classifier;N/A;N/A;N/A;2000;100;117;13600;0,0000;0,0000;0,0000;0,0000;0,0000;0,0000;0;0;0;0
20260614_0639;Adaptação_25;classification;LeveragingBagging;Default_33Features;classifier;classifier;classifier;N/A;N/A;N/A;2000;100;118;13700;0,0000;0,0000;0,0000;0,0000;0,0000;0,0000;0;0;0;0
20260614_0639;Adaptação_25;classification;LeveragingBagging;Default_33Features;classifier;classifier;classifier;N/A;N/A;N/A;2000;100;119;13800;0,0000;0,0000;0,0000;0,0000;0,0000;0,0000;0;0;0;0
20260614_0639;Adaptação_25;classification;LeveragingBagging;Default_33Features;classifier;classifier;classifier;N/A;N/A;N/A;2000;100;120;13900;0,0000;0,0000;0,0000;0,0000;0,0000;0,0000;0;0;0;0
20260614_0639;Adaptação_25;classification;LeveragingBagging;Default_33Features;classifier;classifier;classifier;N/A;N/A;N/A;2000;100;121;14000;0,0000;0,0000;0,0000;0,0000;0,0000;0,0000;0;0;0;0
20260614_0639;Adaptação_25;classification;LeveragingBagging;Default_33Features;classifier;classifier;classifier;N/A;N/A;N/A;2000;100;122;14100;0,0000;0,0000;0,0000;0,0000;0,0000;0,0000;0;0;0;0
20260614_0639;Adaptação_25;classification;LeveragingBagging;Default_33Features;classifier;classifier;classifier;N/A;N/A;N/A;2000;100;123;14200;0,0000;0,0000;0,0000;0,0000;0,0000;0,0000;0;0;0;0
20260614_0639;Adaptação_25;classification;LeveragingBagging;Default_33Features;classifier;classifier;classifier;N/A;N/A;N/A;2000;100;124;14300;0,0000;0,0000;0,0000;0,0000;0,0000;0,0000;0;0;0;0
20260614_0639;Adaptação_25;classification;LeveragingBagging;Default_33Features;classifier;classifier;classifier;N/A;N/A;N/A;2000;100;125;14400;0,0000;0,0000;0,0000;0,0000;0,0000;0,0000;0;0;0;0
20260614_0639;Adaptação_25;classification;LeveragingBagging;Default_33Features;classifier;classifier;classifier;N/A;N/A;N/A;2000;100;126;14500;0,0000;0,0000;0,0000;0,0000;0,0000;0,0000;0;0;0;0
20260614_0639;Adaptação_25;classification;LeveragingBagging;Default_33Features;classifier;classifier;classifier;N/A;N/A;N/A;2000;100;127;14600;0,0000;0,0000;0,0000;0,0000;0,0000;0,0000;0;0;0;0
20260614_0639;Adaptação_25;classification;LeveragingBagging;Default_33Features;classifier;classifier;classifier;N/A;N/A;N/A;2000;100;128;14700;0,0000;0,0000;0,0000;0,0000;0,0000;0,0000;0;0;0;0
20260614_0639;Adaptação_25;classification;LeveragingBagging;Default_33Features;classifier;classifier;classifier;N/A;N/A;N/A;2000;100;129;14800;0,0000;0,0000;0,0000;0,0000;0,0000;0,0000;0;0;0;0
20260614_0639;Adaptação_25;classification;LeveragingBagging;Default_33Features;classifier;classifier;classifier;N/A;N/A;N/A;2000;100;130;14900;0,0000;0,0000;0,0000;0,0000;0,0000;0,0000;0;0;0;0
20260614_0639;Adaptação_25;classification;LeveragingBagging;Default_33Features;classifier;classifier;classifier;N/A;N/A;N/A;2000;100;131;15000;0,0000;0,0000;0,0000;0,0000;0,0000;0,0000;0;0;0;0
20260614_0639;Adaptação_200;classification;LeveragingBagging;Default_33Features;classifier;classifier;classifier;N/A;N/A;N/A;2000;100;1;2000;0,0000;0,0000;0,0000;0,0000;0,0000;0,0000;0;0;0;0
20260614_0639;Adaptação_200;classification;LeveragingBagging;Default_33Features;classifier;classifier;classifier;N/A;N/A;N/A;2000;100;2;2100;0,0000;0,0000;0,0000;0,0000;0,0000;0,0000;0;0;0;0
20260614_0639;Adaptação_200;classification;LeveragingBagging;Default_33Features;classifier;classifier;classifier;N/A;N/A;N/A;2000;100;3;2200;0,0000;0,0000;0,0000;0,0000;0,0000;0,0000;0;0;0;0
20260614_0639;Adaptação_200;classification;LeveragingBagging;Default_33Features;classifier;classifier;classifier;N/A;N/A;N/A;2000;100;4;2300;0,0000;0,0000;0,0000;0,0000;0,0000;0,0000;0;0;0;0
20260614_0639;Adaptação_200;classification;LeveragingBagging;Default_33Features;classifier;classifier;classifier;N/A;N/A;N/A;2000;100;5;2400;0,0000;0,0000;0,0000;0,0000;0,0000;0,0000;0;0;0;0
20260614_0639;Adaptação_200;classification;LeveragingBagging;Default_33Features;classifier;classifier;classifier;N/A;N/A;N/A;2000;100;6;2500;0,0000;0,0000;0,0000;0,0000;0,0000;0,0000;0;0;0;0
20260614_0639;Adaptação_200;classification;LeveragingBagging;Default_33Features;classifier;classifier;classifier;N/A;N/A;N/A;2000;100;7;2600;0,0000;0,0000;0,0000;0,0000;0,0000;0,0000;0;0;0;0
20260614_0639;Adaptação_200;classification;LeveragingBagging;Default_33Features;classifier;classifier;classifier;N/A;N/A;N/A;2000;100;8;2700;0,0000;0,0000;0,0000;0,0000;0,0000;0,0000;0;0;0;0
20260614_0639;Adaptação_200;classification;LeveragingBagging;Default_33Features;classifier;classifier;classifier;N/A;N/A;N/A;2000;100;9;2800;0,0000;0,0000;0,0000;0,0000;0,0000;0,0000;0;0;0;0
20260614_0639;Adaptação_200;classification;LeveragingBagging;Default_33Features;classifier;classifier;classifier;N/A;N/A;N/A;2000;100;10;2900;0,0000;0,0000;0,0000;0,0000;0,0000;0,0000;0;0;0;0
20260614_0639;Adaptação_200;classification;LeveragingBagging;Default_33Features;classifier;classifier;classifier;N/A;N/A;N/A;2000;100;11;3000;0,0000;0,0000;0,0000;0,0000;0,0000;0,0000;0;0;0;0
20260614_0639;Adaptação_200;classification;LeveragingBagging;Default_33Features;classifier;classifier;classifier;N/A;N/A;N/A;2000;100;12;3100;0,0000;0,0000;0,0000;0,0000;0,0000;0,0000;0;0;0;0
20260614_0639;Adaptação_200;classification;LeveragingBagging;Default_33Features;classifier;classifier;classifier;N/A;N/A;N/A;2000;100;13;3200;0,0000;0,0000;0,0000;0,0000;0,0000;0,0000;0;0;0;0
20260614_0639;Adaptação_200;classification;LeveragingBagging;Default_33Features;classifier;classifier;classifier;N/A;N/A;N/A;2000;100;14;3300;0,0000;0,0000;0,0000;0,0000;0,0000;0,0000;0;0;0;0
20260614_0639;Adaptação_200;classification;LeveragingBagging;Default_33Features;classifier;classifier;classifier;N/A;N/A;N/A;2000;100;15;3400;0,0000;0,0000;0,0000;0,0000;0,0000;0,0000;0;0;0;0
20260614_0639;Adaptação_200;classification;LeveragingBagging;Default_33Features;classifier;classifier;classifier;N/A;N/A;N/A;2000;100;16;3500;0,0000;0,0000;0,0000;0,0000;0,0000;0,0000;0;0;0;0
20260614_0639;Adaptação_200;classification;LeveragingBagging;Default_33Features;classifier;classifier;classifier;N/A;N/A;N/A;2000;100;17;3600;0,0000;0,0000;0,0000;0,0000;0,0000;0,0000;0;0;0;0
20260614_0639;Adaptação_200;classification;LeveragingBagging;Default_33Features;classifier;classifier;classifier;N/A;N/A;N/A;2000;100;18;3700;0,0000;0,0000;0,0000;0,0000;0,0000;0,0000;0;0;0;0
20260614_0639;Adaptação_200;classification;LeveragingBagging;Default_33Features;classifier;classifier;classifier;N/A;N/A;N/A;2000;100;19;3800;95,5205;0,4484;100,0000;0,0000;91,4286;0,8163;0;0;5;1
20260614_0639;Adaptação_200;classification;LeveragingBagging;Default_33Features;classifier;classifier;classifier;N/A;N/A;N/A;2000;100;20;3900;98,3882;0,3080;97,5429;0,0148;99,2500;0,6124;2;0;1;1
20260614_0639;Adaptação_200;classification;LeveragingBagging;Default_33Features;classifier;classifier;classifier;N/A;N/A;N/A;2000;100;21;4000;97,9592;0,0000;96,0000;0,0000;100,0000;0,0000;2;0;0;0
20260614_0639;Adaptação_200;classification;LeveragingBagging;Default_33Features;classifier;classifier;classifier;N/A;N/A;N/A;2000;100;22;4100;0,0000;0,0000;0,0000;0,0000;0,0000;0,0000;0;0;0;0
20260614_0639;Adaptação_200;classification;LeveragingBagging;Default_33Features;classifier;classifier;classifier;N/A;N/A;N/A;2000;100;23;4200;0,0000;0,0000;0,0000;0,0000;0,0000;0,0000;1;0;0;0
20260614_0639;Adaptação_200;classification;LeveragingBagging;Default_33Features;classifier;classifier;classifier;N/A;N/A;N/A;2000;100;24;4300;0,0000;0,0000;0,0000;0,0000;0,0000;0,0000;0;0;0;0
20260614_0639;Adaptação_200;classification;LeveragingBagging;Default_33Features;classifier;classifier;classifier;N/A;N/A;N/A;2000;100;25;4400;0,0000;0,0000;0,0000;0,0000;0,0000;0,0000;0;0;0;0
20260614_0639;Adaptação_200;classification;LeveragingBagging;Default_33Features;classifier;classifier;classifier;N/A;N/A;N/A;2000;100;26;4500;0,0000;0,0000;0,0000;0,0000;0,0000;0,0000;0;0;0;0
20260614_0639;Adaptação_200;classification;LeveragingBagging;Default_33Features;classifier;classifier;classifier;N/A;N/A;N/A;2000;100;27;4600;0,0000;0,0000;0,0000;0,0000;0,0000;0,0000;0;0;0;0
20260614_0639;Adaptação_200;classification;LeveragingBagging;Default_33Features;classifier;classifier;classifier;N/A;N/A;N/A;2000;100;28;4700;0,0000;0,0000;0,0000;0,0000;0,0000;0,0000;0;0;0;0
20260614_0639;Adaptação_200;classification;LeveragingBagging;Default_33Features;classifier;classifier;classifier;N/A;N/A;N/A;2000;100;29;4800;0,0000;0,0000;0,0000;0,0000;0,0000;0,0000;1;1;0;0
20260614_0639;Adaptação_200;classification;LeveragingBagging;Default_33Features;classifier;classifier;classifier;N/A;N/A;N/A;2000;100;30;4900;0,0000;0,0000;0,0000;0,0000;0,0000;0,0000;0;0;0;0
20260614_0639;Adaptação_200;classification;LeveragingBagging;Default_33Features;classifier;classifier;classifier;N/A;N/A;N/A;2000;100;31;5000;0,0000;0,0000;0,0000;0,0000;0,0000;0,0000;0;0;0;0
20260614_0639;Adaptação_200;classification;LeveragingBagging;Default_33Features;classifier;classifier;classifier;N/A;N/A;N/A;2000;100;32;5100;0,0000;0,0000;0,0000;0,0000;0,0000;0,0000;1;1;0;0
20260614_0639;Adaptação_200;classification;LeveragingBagging;Default_33Features;classifier;classifier;classifier;N/A;N/A;N/A;2000;100;33;5200;0,0000;0,0000;0,0000;0,0000;0,0000;0,0000;0;0;0;0
20260614_0639;Adaptação_200;classification;LeveragingBagging;Default_33Features;classifier;classifier;classifier;N/A;N/A;N/A;2000;100;34;5300;0,0000;0,0000;0,0000;0,0000;0,0000;0,0000;0;0;0;0
20260614_0639;Adaptação_200;classification;LeveragingBagging;Default_33Features;classifier;classifier;classifier;N/A;N/A;N/A;2000;100;35;5400;0,0000;0,0000;0,0000;0,0000;0,0000;0,0000;0;0;0;0
20260614_0639;Adaptação_200;classification;LeveragingBagging;Default_33Features;classifier;classifier;classifier;N/A;N/A;N/A;2000;100;36;5500;0,0000;0,0000;0,0000;0,0000;0,0000;0,0000;0;0;0;0
20260614_0639;Adaptação_200;classification;LeveragingBagging;Default_33Features;classifier;classifier;classifier;N/A;N/A;N/A;2000;100;37;5600;0,0000;0,0000;0,0000;0,0000;0,0000;0,0000;0;0;0;0
20260614_0639;Adaptação_200;classification;LeveragingBagging;Default_33Features;classifier;classifier;classifier;N/A;N/A;N/A;2000;100;38;5700;0,0000;0,0000;0,0000;0,0000;0,0000;0,0000;0;0;0;0
20260614_0639;Adaptação_200;classification;LeveragingBagging;Default_33Features;classifier;classifier;classifier;N/A;N/A;N/A;2000;100;39;5800;0,0000;0,0000;0,0000;0,0000;0,0000;0,0000;0;0;0;0
20260614_0639;Adaptação_200;classification;LeveragingBagging;Default_33Features;classifier;classifier;classifier;N/A;N/A;N/A;2000;100;40;5900;0,0000;0,0000;0,0000;0,0000;0,0000;0,0000;0;0;0;0
20260614_0639;Adaptação_200;classification;LeveragingBagging;Default_33Features;classifier;classifier;classifier;N/A;N/A;N/A;2000;100;41;6000;0,0000;0,0000;0,0000;0,0000;0,0000;0,0000;0;0;0;0
20260614_0639;Adaptação_200;classification;LeveragingBagging;Default_33Features;classifier;classifier;classifier;N/A;N/A;N/A;2000;100;42;6100;0,0000;0,0000;0,0000;0,0000;0,0000;0,0000;0;0;0;0
20260614_0639;Adaptação_200;classification;LeveragingBagging;Default_33Features;classifier;classifier;classifier;N/A;N/A;N/A;2000;100;43;6200;0,0000;0,0000;0,0000;0,0000;0,0000;0,0000;0;0;0;0
20260614_0639;Adaptação_200;classification;LeveragingBagging;Default_33Features;classifier;classifier;classifier;N/A;N/A;N/A;2000;100;44;6300;0,0000;0,0000;0,0000;0,0000;0,0000;0,0000;0;0;0;0
20260614_0639;Adaptação_200;classification;LeveragingBagging;Default_33Features;classifier;classifier;classifier;N/A;N/A;N/A;2000;100;45;6400;0,0000;0,0000;0,0000;0,0000;0,0000;0,0000;0;0;0;0
20260614_0639;Adaptação_200;classification;LeveragingBagging;Default_33Features;classifier;classifier;classifier;N/A;N/A;N/A;2000;100;46;6500;0,0000;0,0000;0,0000;0,0000;0,0000;0,0000;0;0;0;0
20260614_0639;Adaptação_200;classification;LeveragingBagging;Default_33Features;classifier;classifier;classifier;N/A;N/A;N/A;2000;100;47;6600;0,0000;0,0000;0,0000;0,0000;0,0000;0,0000;0;0;0;0
20260614_0639;Adaptação_200;classification;LeveragingBagging;Default_33Features;classifier;classifier;classifier;N/A;N/A;N/A;2000;100;48;6700;0,0000;0,0000;0,0000;0,0000;0,0000;0,0000;0;0;0;0
20260614_0639;Adaptação_200;classification;LeveragingBagging;Default_33Features;classifier;classifier;classifier;N/A;N/A;N/A;2000;100;49;6800;0,0000;0,0000;0,0000;0,0000;0,0000;0,0000;0;0;0;0
20260614_0639;Adaptação_200;classification;LeveragingBagging;Default_33Features;classifier;classifier;classifier;N/A;N/A;N/A;2000;100;50;6900;0,0000;0,0000;0,0000;0,0000;0,0000;0,0000;0;0;0;0
20260614_0639;Adaptação_200;classification;LeveragingBagging;Default_33Features;classifier;classifier;classifier;N/A;N/A;N/A;2000;100;51;7000;0,0000;0,0000;0,0000;0,0000;0,0000;0,0000;0;0;0;0
20260614_0639;Adaptação_200;classification;LeveragingBagging;Default_33Features;classifier;classifier;classifier;N/A;N/A;N/A;2000;100;52;7100;0,0000;0,0000;0,0000;0,0000;0,0000;0,0000;0;0;0;0
20260614_0639;Adaptação_200;classification;LeveragingBagging;Default_33Features;classifier;classifier;classifier;N/A;N/A;N/A;2000;100;53;7200;0,0000;0,0000;0,0000;0,0000;0,0000;0,0000;0;0;0;0
20260614_0639;Adaptação_200;classification;LeveragingBagging;Default_33Features;classifier;classifier;classifier;N/A;N/A;N/A;2000;100;54;7300;0,0000;0,0000;0,0000;0,0000;0,0000;0,0000;0;0;0;0
20260614_0639;Adaptação_200;classification;LeveragingBagging;Default_33Features;classifier;classifier;classifier;N/A;N/A;N/A;2000;100;55;7400;0,0000;0,0000;0,0000;0,0000;0,0000;0,0000;0;0;0;0
20260614_0639;Adaptação_200;classification;LeveragingBagging;Default_33Features;classifier;classifier;classifier;N/A;N/A;N/A;2000;100;56;7500;0,0000;0,0000;0,0000;0,0000;0,0000;0,0000;0;0;0;0
20260614_0639;Adaptação_200;classification;LeveragingBagging;Default_33Features;classifier;classifier;classifier;N/A;N/A;N/A;2000;100;57;7600;0,0000;0,0000;0,0000;0,0000;0,0000;0,0000;0;0;0;0
20260614_0639;Adaptação_200;classification;LeveragingBagging;Default_33Features;classifier;classifier;classifier;N/A;N/A;N/A;2000;100;58;7700;0,0000;0,0000;0,0000;0,0000;0,0000;0,0000;0;0;1;0
20260614_0639;Adaptação_200;classification;LeveragingBagging;Default_33Features;classifier;classifier;classifier;N/A;N/A;N/A;2000;100;59;7800;97,2742;0,2160;100,0000;0,0000;94,6939;0,4082;0;0;6;1
20260614_0639;Adaptação_200;classification;LeveragingBagging;Default_33Features;classifier;classifier;classifier;N/A;N/A;N/A;2000;100;60;7900;100,0000;0,0000;100,0000;0,0000;100,0000;0,0000;0;0;0;0
20260614_0639;Adaptação_200;classification;LeveragingBagging;Default_33Features;classifier;classifier;classifier;N/A;N/A;N/A;2000;100;61;8000;0,0000;0,0000;0,0000;0,0000;0,0000;0,0000;1;0;0;0
20260614_0639;Adaptação_200;classification;LeveragingBagging;Default_33Features;classifier;classifier;classifier;N/A;N/A;N/A;2000;100;62;8100;0,0000;0,0000;0,0000;0,0000;0,0000;0,0000;0;0;0;0
20260614_0639;Adaptação_200;classification;LeveragingBagging;Default_33Features;classifier;classifier;classifier;N/A;N/A;N/A;2000;100;63;8200;0,0000;0,0000;0,0000;0,0000;0,0000;0,0000;0;0;0;0
20260614_0639;Adaptação_200;classification;LeveragingBagging;Default_33Features;classifier;classifier;classifier;N/A;N/A;N/A;2000;100;64;8300;0,0000;0,0000;0,0000;0,0000;0,0000;0,0000;0;0;0;0
20260614_0639;Adaptação_200;classification;LeveragingBagging;Default_33Features;classifier;classifier;classifier;N/A;N/A;N/A;2000;100;65;8400;0,0000;0,0000;0,0000;0,0000;0,0000;0,0000;0;0;0;0
20260614_0639;Adaptação_200;classification;LeveragingBagging;Default_33Features;classifier;classifier;classifier;N/A;N/A;N/A;2000;100;66;8500;0,0000;0,0000;0,0000;0,0000;0,0000;0,0000;0;0;0;0
20260614_0639;Adaptação_200;classification;LeveragingBagging;Default_33Features;classifier;classifier;classifier;N/A;N/A;N/A;2000;100;67;8600;0,0000;0,0000;0,0000;0,0000;0,0000;0,0000;0;0;0;0
20260614_0639;Adaptação_200;classification;LeveragingBagging;Default_33Features;classifier;classifier;classifier;N/A;N/A;N/A;2000;100;68;8700;0,0000;0,0000;0,0000;0,0000;0,0000;0,0000;0;0;0;0
20260614_0639;Adaptação_200;classification;LeveragingBagging;Default_33Features;classifier;classifier;classifier;N/A;N/A;N/A;2000;100;69;8800;0,0000;0,0000;0,0000;0,0000;0,0000;0,0000;0;0;0;0
20260614_0639;Adaptação_200;classification;LeveragingBagging;Default_33Features;classifier;classifier;classifier;N/A;N/A;N/A;2000;100;70;8900;0,0000;0,0000;0,0000;0,0000;0,0000;0,0000;0;0;0;0
20260614_0639;Adaptação_200;classification;LeveragingBagging;Default_33Features;classifier;classifier;classifier;N/A;N/A;N/A;2000;100;71;9000;0,0000;0,0000;0,0000;0,0000;0,0000;0,0000;0;0;0;0
20260614_0639;Adaptação_200;classification;LeveragingBagging;Default_33Features;classifier;classifier;classifier;N/A;N/A;N/A;2000;100;72;9100;0,0000;0,0000;0,0000;0,0000;0,0000;0,0000;0;0;0;0
20260614_0639;Adaptação_200;classification;LeveragingBagging;Default_33Features;classifier;classifier;classifier;N/A;N/A;N/A;2000;100;73;9200;0,0000;0,0000;0,0000;0,0000;0,0000;0,0000;0;0;0;0
20260614_0639;Adaptação_200;classification;LeveragingBagging;Default_33Features;classifier;classifier;classifier;N/A;N/A;N/A;2000;100;74;9300;0,0000;0,0000;0,0000;0,0000;0,0000;0,0000;0;0;0;0
20260614_0639;Adaptação_200;classification;LeveragingBagging;Default_33Features;classifier;classifier;classifier;N/A;N/A;N/A;2000;100;75;9400;0,0000;0,0000;0,0000;0,0000;0,0000;0,0000;0;0;0;0
20260614_0639;Adaptação_200;classification;LeveragingBagging;Default_33Features;classifier;classifier;classifier;N/A;N/A;N/A;2000;100;76;9500;0,0000;0,0000;0,0000;0,0000;0,0000;0,0000;0;0;0;0
20260614_0639;Adaptação_200;classification;LeveragingBagging;Default_33Features;classifier;classifier;classifier;N/A;N/A;N/A;2000;100;77;9600;0,0000;0,0000;0,0000;0,0000;0,0000;0,0000;0;0;0;0
20260614_0639;Adaptação_200;classification;LeveragingBagging;Default_33Features;classifier;classifier;classifier;N/A;N/A;N/A;2000;100;78;9700;0,0000;0,0000;0,0000;0,0000;0,0000;0,0000;0;0;0;0
20260614_0639;Adaptação_200;classification;LeveragingBagging;Default_33Features;classifier;classifier;classifier;N/A;N/A;N/A;2000;100;79;9800;0,0000;0,0000;0,0000;0,0000;0,0000;0,0000;0;0;0;0
20260614_0639;Adaptação_200;classification;LeveragingBagging;Default_33Features;classifier;classifier;classifier;N/A;N/A;N/A;2000;100;80;9900;0,0000;0,0000;0,0000;0,0000;0,0000;0,0000;0;0;0;0
20260614_0639;Adaptação_200;classification;LeveragingBagging;Default_33Features;classifier;classifier;classifier;N/A;N/A;N/A;2000;100;81;10000;0,0000;0,0000;0,0000;0,0000;0,0000;0,0000;0;0;0;0
20260614_0639;Adaptação_200;classification;LeveragingBagging;Default_33Features;classifier;classifier;classifier;N/A;N/A;N/A;2000;100;82;10100;0,0000;0,0000;0,0000;0,0000;0,0000;0,0000;0;0;0;0
20260614_0639;Adaptação_200;classification;LeveragingBagging;Default_33Features;classifier;classifier;classifier;N/A;N/A;N/A;2000;100;83;10200;0,0000;0,0000;0,0000;0,0000;0,0000;0,0000;0;0;0;0
20260614_0639;Adaptação_200;classification;LeveragingBagging;Default_33Features;classifier;classifier;classifier;N/A;N/A;N/A;2000;100;84;10300;0,0000;0,0000;0,0000;0,0000;0,0000;0,0000;0;0;0;0
20260614_0639;Adaptação_200;classification;LeveragingBagging;Default_33Features;classifier;classifier;classifier;N/A;N/A;N/A;2000;100;85;10400;0,0000;0,0000;0,0000;0,0000;0,0000;0,0000;0;0;0;0
20260614_0639;Adaptação_200;classification;LeveragingBagging;Default_33Features;classifier;classifier;classifier;N/A;N/A;N/A;2000;100;86;10500;0,0000;0,0000;0,0000;0,0000;0,0000;0,0000;0;0;0;0
20260614_0639;Adaptação_200;classification;LeveragingBagging;Default_33Features;classifier;classifier;classifier;N/A;N/A;N/A;2000;100;87;10600;0,0000;0,0000;0,0000;0,0000;0,0000;0,0000;0;0;0;0
20260614_0639;Adaptação_200;classification;LeveragingBagging;Default_33Features;classifier;classifier;classifier;N/A;N/A;N/A;2000;100;88;10700;0,0000;0,0000;0,0000;0,0000;0,0000;0,0000;0;0;0;0
20260614_0639;Adaptação_200;classification;LeveragingBagging;Default_33Features;classifier;classifier;classifier;N/A;N/A;N/A;2000;100;89;10800;0,0000;0,0000;0,0000;0,0000;0,0000;0,0000;0;0;0;0
20260614_0639;Adaptação_200;classification;LeveragingBagging;Default_33Features;classifier;classifier;classifier;N/A;N/A;N/A;2000;100;90;10900;0,0000;0,0000;0,0000;0,0000;0,0000;0,0000;0;0;0;0
20260614_0639;Adaptação_200;classification;LeveragingBagging;Default_33Features;classifier;classifier;classifier;N/A;N/A;N/A;2000;100;91;11000;0,0000;0,0000;0,0000;0,0000;0,0000;0,0000;0;0;0;0
20260614_0639;Adaptação_200;classification;LeveragingBagging;Default_33Features;classifier;classifier;classifier;N/A;N/A;N/A;2000;100;92;11100;0,0000;0,0000;0,0000;0,0000;0,0000;0,0000;0;0;0;0
20260614_0639;Adaptação_200;classification;LeveragingBagging;Default_33Features;classifier;classifier;classifier;N/A;N/A;N/A;2000;100;93;11200;0,0000;0,0000;0,0000;0,0000;0,0000;0,0000;0;0;0;0
20260614_0639;Adaptação_200;classification;LeveragingBagging;Default_33Features;classifier;classifier;classifier;N/A;N/A;N/A;2000;100;94;11300;0,0000;0,0000;0,0000;0,0000;0,0000;0,0000;0;0;0;0
20260614_0639;Adaptação_200;classification;LeveragingBagging;Default_33Features;classifier;classifier;classifier;N/A;N/A;N/A;2000;100;95;11400;0,0000;0,0000;0,0000;0,0000;0,0000;0,0000;0;0;0;0
20260614_0639;Adaptação_200;classification;LeveragingBagging;Default_33Features;classifier;classifier;classifier;N/A;N/A;N/A;2000;100;96;11500;0,0000;0,0000;0,0000;0,0000;0,0000;0,0000;0;0;0;0
20260614_0639;Adaptação_200;classification;LeveragingBagging;Default_33Features;classifier;classifier;classifier;N/A;N/A;N/A;2000;100;97;11600;0,0000;0,0000;0,0000;0,0000;0,0000;0,0000;0;0;0;0
20260614_0639;Adaptação_200;classification;LeveragingBagging;Default_33Features;classifier;classifier;classifier;N/A;N/A;N/A;2000;100;98;11700;96,9072;0,0000;100,0000;0,0000;94,0000;0,0000;0;0;3;0
20260614_0639;Adaptação_200;classification;LeveragingBagging;Default_33Features;classifier;classifier;classifier;N/A;N/A;N/A;2000;100;99;11800;100,0000;0,0000;100,0000;0,0000;100,0000;0,0000;0;0;0;0
20260614_0639;Adaptação_200;classification;LeveragingBagging;Default_33Features;classifier;classifier;classifier;N/A;N/A;N/A;2000;100;100;11900;98,9691;0,0000;100,0000;0,0000;97,9592;0,0000;0;0;1;0
20260614_0639;Adaptação_200;classification;LeveragingBagging;Default_33Features;classifier;classifier;classifier;N/A;N/A;N/A;2000;100;101;12000;0,0000;0,0000;0,0000;0,0000;0,0000;0,0000;0;0;0;0
20260614_0639;Adaptação_200;classification;LeveragingBagging;Default_33Features;classifier;classifier;classifier;N/A;N/A;N/A;2000;100;102;12100;0,0000;0,0000;0,0000;0,0000;0,0000;0,0000;0;0;0;0
20260614_0639;Adaptação_200;classification;LeveragingBagging;Default_33Features;classifier;classifier;classifier;N/A;N/A;N/A;2000;100;103;12200;0,0000;0,0000;0,0000;0,0000;0,0000;0,0000;0;0;0;0
20260614_0639;Adaptação_200;classification;LeveragingBagging;Default_33Features;classifier;classifier;classifier;N/A;N/A;N/A;2000;100;104;12300;0,0000;0,0000;0,0000;0,0000;0,0000;0,0000;0;0;0;0
20260614_0639;Adaptação_200;classification;LeveragingBagging;Default_33Features;classifier;classifier;classifier;N/A;N/A;N/A;2000;100;105;12400;0,0000;0,0000;0,0000;0,0000;0,0000;0,0000;0;0;0;0
20260614_0639;Adaptação_200;classification;LeveragingBagging;Default_33Features;classifier;classifier;classifier;N/A;N/A;N/A;2000;100;106;12500;0,0000;0,0000;0,0000;0,0000;0,0000;0,0000;0;0;0;0
20260614_0639;Adaptação_200;classification;LeveragingBagging;Default_33Features;classifier;classifier;classifier;N/A;N/A;N/A;2000;100;107;12600;0,0000;0,0000;0,0000;0,0000;0,0000;0,0000;0;0;0;0
20260614_0639;Adaptação_200;classification;LeveragingBagging;Default_33Features;classifier;classifier;classifier;N/A;N/A;N/A;2000;100;108;12700;0,0000;0,0000;0,0000;0,0000;0,0000;0,0000;0;0;0;0
20260614_0639;Adaptação_200;classification;LeveragingBagging;Default_33Features;classifier;classifier;classifier;N/A;N/A;N/A;2000;100;109;12800;0,0000;0,0000;0,0000;0,0000;0,0000;0,0000;0;0;0;0
20260614_0639;Adaptação_200;classification;LeveragingBagging;Default_33Features;classifier;classifier;classifier;N/A;N/A;N/A;2000;100;110;12900;0,0000;0,0000;0,0000;0,0000;0,0000;0,0000;0;0;0;0
20260614_0639;Adaptação_200;classification;LeveragingBagging;Default_33Features;classifier;classifier;classifier;N/A;N/A;N/A;2000;100;111;13000;0,0000;0,0000;0,0000;0,0000;0,0000;0,0000;0;0;0;0
20260614_0639;Adaptação_200;classification;LeveragingBagging;Default_33Features;classifier;classifier;classifier;N/A;N/A;N/A;2000;100;112;13100;0,0000;0,0000;0,0000;0,0000;0,0000;0,0000;0;0;0;0
20260614_0639;Adaptação_200;classification;LeveragingBagging;Default_33Features;classifier;classifier;classifier;N/A;N/A;N/A;2000;100;113;13200;0,0000;0,0000;0,0000;0,0000;0,0000;0,0000;0;0;0;0
20260614_0639;Adaptação_200;classification;LeveragingBagging;Default_33Features;classifier;classifier;classifier;N/A;N/A;N/A;2000;100;114;13300;0,0000;0,0000;0,0000;0,0000;0,0000;0,0000;0;0;0;0
20260614_0639;Adaptação_200;classification;LeveragingBagging;Default_33Features;classifier;classifier;classifier;N/A;N/A;N/A;2000;100;115;13400;0,0000;0,0000;0,0000;0,0000;0,0000;0,0000;0;0;0;0
20260614_0639;Adaptação_200;classification;LeveragingBagging;Default_33Features;classifier;classifier;classifier;N/A;N/A;N/A;2000;100;116;13500;0,0000;0,0000;0,0000;0,0000;0,0000;0,0000;0;0;0;0
20260614_0639;Adaptação_200;classification;LeveragingBagging;Default_33Features;classifier;classifier;classifier;N/A;N/A;N/A;2000;100;117;13600;0,0000;0,0000;0,0000;0,0000;0,0000;0,0000;0;0;0;0
20260614_0639;Adaptação_200;classification;LeveragingBagging;Default_33Features;classifier;classifier;classifier;N/A;N/A;N/A;2000;100;118;13700;0,0000;0,0000;0,0000;0,0000;0,0000;0,0000;0;0;0;0
20260614_0639;Adaptação_200;classification;LeveragingBagging;Default_33Features;classifier;classifier;classifier;N/A;N/A;N/A;2000;100;119;13800;0,0000;0,0000;0,0000;0,0000;0,0000;0,0000;0;0;0;0
20260614_0639;Adaptação_200;classification;LeveragingBagging;Default_33Features;classifier;classifier;classifier;N/A;N/A;N/A;2000;100;120;13900;0,0000;0,0000;0,0000;0,0000;0,0000;0,0000;0;0;0;0
20260614_0639;Adaptação_200;classification;LeveragingBagging;Default_33Features;classifier;classifier;classifier;N/A;N/A;N/A;2000;100;121;14000;0,0000;0,0000;0,0000;0,0000;0,0000;0,0000;0;0;0;0
20260614_0639;Adaptação_200;classification;LeveragingBagging;Default_33Features;classifier;classifier;classifier;N/A;N/A;N/A;2000;100;122;14100;0,0000;0,0000;0,0000;0,0000;0,0000;0,0000;0;0;0;0
20260614_0639;Adaptação_200;classification;LeveragingBagging;Default_33Features;classifier;classifier;classifier;N/A;N/A;N/A;2000;100;123;14200;0,0000;0,0000;0,0000;0,0000;0,0000;0,0000;0;0;0;0
20260614_0639;Adaptação_200;classification;LeveragingBagging;Default_33Features;classifier;classifier;classifier;N/A;N/A;N/A;2000;100;124;14300;0,0000;0,0000;0,0000;0,0000;0,0000;0,0000;0;0;0;0
20260614_0639;Adaptação_200;classification;LeveragingBagging;Default_33Features;classifier;classifier;classifier;N/A;N/A;N/A;2000;100;125;14400;0,0000;0,0000;0,0000;0,0000;0,0000;0,0000;0;0;0;0
20260614_0639;Adaptação_200;classification;LeveragingBagging;Default_33Features;classifier;classifier;classifier;N/A;N/A;N/A;2000;100;126;14500;0,0000;0,0000;0,0000;0,0000;0,0000;0,0000;0;0;0;0
20260614_0639;Adaptação_200;classification;LeveragingBagging;Default_33Features;classifier;classifier;classifier;N/A;N/A;N/A;2000;100;127;14600;0,0000;0,0000;0,0000;0,0000;0,0000;0,0000;0;0;0;0
20260614_0639;Adaptação_200;classification;LeveragingBagging;Default_33Features;classifier;classifier;classifier;N/A;N/A;N/A;2000;100;128;14700;0,0000;0,0000;0,0000;0,0000;0,0000;0,0000;0;0;0;0
20260614_0639;Adaptação_200;classification;LeveragingBagging;Default_33Features;classifier;classifier;classifier;N/A;N/A;N/A;2000;100;129;14800;0,0000;0,0000;0,0000;0,0000;0,0000;0,0000;0;0;0;0
20260614_0639;Adaptação_200;classification;LeveragingBagging;Default_33Features;classifier;classifier;classifier;N/A;N/A;N/A;2000;100;130;14900;0,0000;0,0000;0,0000;0,0000;0,0000;0,0000;0;0;0;0
20260614_0639;Adaptação_200;classification;LeveragingBagging;Default_33Features;classifier;classifier;classifier;N/A;N/A;N/A;2000;100;131;15000;0,0000;0,0000;0,0000;0,0000;0,0000;0,0000;0;0;0;0
20260614_0639;Adaptação_200;classification;LeveragingBagging;Default_33Features;classifier;classifier;classifier;N/A;N/A;N/A;2000;100;132;15100;0,0000;0,0000;0,0000;0,0000;0,0000;0,0000;0;0;0;0
20260614_0639;Adaptação_200;classification;LeveragingBagging;Default_33Features;classifier;classifier;classifier;N/A;N/A;N/A;2000;100;133;15200;0,0000;0,0000;0,0000;0,0000;0,0000;0,0000;0;0;0;0
20260614_0639;Adaptação_200;classification;LeveragingBagging;Default_33Features;classifier;classifier;classifier;N/A;N/A;N/A;2000;100;134;15300;0,0000;0,0000;0,0000;0,0000;0,0000;0,0000;0;0;0;0
20260614_0639;Adaptação_200;classification;LeveragingBagging;Default_33Features;classifier;classifier;classifier;N/A;N/A;N/A;2000;100;135;15400;0,0000;0,0000;0,0000;0,0000;0,0000;0,0000;0;0;0;0
20260614_0639;Adaptação_200;classification;LeveragingBagging;Default_33Features;classifier;classifier;classifier;N/A;N/A;N/A;2000;100;136;15500;0,0000;0,0000;0,0000;0,0000;0,0000;0,0000;0;0;0;0
20260614_0639;Adaptação_1000;classification;LeveragingBagging;Default_33Features;classifier;classifier;classifier;N/A;N/A;N/A;2000;100;1;2000;0,0000;0,0000;0,0000;0,0000;0,0000;0,0000;0;0;0;0
20260614_0639;Adaptação_1000;classification;LeveragingBagging;Default_33Features;classifier;classifier;classifier;N/A;N/A;N/A;2000;100;2;2100;0,0000;0,0000;0,0000;0,0000;0,0000;0,0000;0;0;0;0
20260614_0639;Adaptação_1000;classification;LeveragingBagging;Default_33Features;classifier;classifier;classifier;N/A;N/A;N/A;2000;100;3;2200;0,0000;0,0000;0,0000;0,0000;0,0000;0,0000;0;0;0;0
20260614_0639;Adaptação_1000;classification;LeveragingBagging;Default_33Features;classifier;classifier;classifier;N/A;N/A;N/A;2000;100;4;2300;0,0000;0,0000;0,0000;0,0000;0,0000;0,0000;0;0;0;0
20260614_0639;Adaptação_1000;classification;LeveragingBagging;Default_33Features;classifier;classifier;classifier;N/A;N/A;N/A;2000;100;5;2400;0,0000;0,0000;0,0000;0,0000;0,0000;0,0000;0;0;0;0
20260614_0639;Adaptação_1000;classification;LeveragingBagging;Default_33Features;classifier;classifier;classifier;N/A;N/A;N/A;2000;100;6;2500;0,0000;0,0000;0,0000;0,0000;0,0000;0,0000;0;0;0;0
20260614_0639;Adaptação_1000;classification;LeveragingBagging;Default_33Features;classifier;classifier;classifier;N/A;N/A;N/A;2000;100;7;2600;0,0000;0,0000;0,0000;0,0000;0,0000;0,0000;0;0;0;0
20260614_0639;Adaptação_1000;classification;LeveragingBagging;Default_33Features;classifier;classifier;classifier;N/A;N/A;N/A;2000;100;8;2700;0,0000;0,0000;0,0000;0,0000;0,0000;0,0000;0;0;0;0
20260614_0639;Adaptação_1000;classification;LeveragingBagging;Default_33Features;classifier;classifier;classifier;N/A;N/A;N/A;2000;100;9;2800;0,0000;0,0000;0,0000;0,0000;0,0000;0,0000;0;0;0;0
20260614_0639;Adaptação_1000;classification;LeveragingBagging;Default_33Features;classifier;classifier;classifier;N/A;N/A;N/A;2000;100;10;2900;0,0000;0,0000;0,0000;0,0000;0,0000;0,0000;0;0;0;0
20260614_0639;Adaptação_1000;classification;LeveragingBagging;Default_33Features;classifier;classifier;classifier;N/A;N/A;N/A;2000;100;11;3000;0,0000;0,0000;0,0000;0,0000;0,0000;0,0000;0;0;0;0
20260614_0639;Adaptação_1000;classification;LeveragingBagging;Default_33Features;classifier;classifier;classifier;N/A;N/A;N/A;2000;100;12;3100;0,0000;0,0000;0,0000;0,0000;0,0000;0,0000;0;0;0;0
20260614_0639;Adaptação_1000;classification;LeveragingBagging;Default_33Features;classifier;classifier;classifier;N/A;N/A;N/A;2000;100;13;3200;0,0000;0,0000;0,0000;0,0000;0,0000;0,0000;0;0;0;0
20260614_0639;Adaptação_1000;classification;LeveragingBagging;Default_33Features;classifier;classifier;classifier;N/A;N/A;N/A;2000;100;14;3300;0,0000;0,0000;0,0000;0,0000;0,0000;0,0000;0;0;0;0
20260614_0639;Adaptação_1000;classification;LeveragingBagging;Default_33Features;classifier;classifier;classifier;N/A;N/A;N/A;2000;100;15;3400;0,0000;0,0000;0,0000;0,0000;0,0000;0,0000;0;0;0;0
20260614_0639;Adaptação_1000;classification;LeveragingBagging;Default_33Features;classifier;classifier;classifier;N/A;N/A;N/A;2000;100;16;3500;0,0000;0,0000;0,0000;0,0000;0,0000;0,0000;0;0;0;0
20260614_0639;Adaptação_1000;classification;LeveragingBagging;Default_33Features;classifier;classifier;classifier;N/A;N/A;N/A;2000;100;17;3600;0,0000;0,0000;0,0000;0,0000;0,0000;0,0000;0;0;0;0
20260614_0639;Adaptação_1000;classification;LeveragingBagging;Default_33Features;classifier;classifier;classifier;N/A;N/A;N/A;2000;100;18;3700;0,0000;0,0000;0,0000;0,0000;0,0000;0,0000;0;0;0;0
20260614_0639;Adaptação_1000;classification;LeveragingBagging;Default_33Features;classifier;classifier;classifier;N/A;N/A;N/A;2000;100;19;3800;95,5205;0,4484;100,0000;0,0000;91,4286;0,8163;0;0;5;1
20260614_0639;Adaptação_1000;classification;LeveragingBagging;Default_33Features;classifier;classifier;classifier;N/A;N/A;N/A;2000;100;20;3900;98,3882;0,3080;97,5429;0,0148;99,2500;0,6124;2;0;1;1
20260614_0639;Adaptação_1000;classification;LeveragingBagging;Default_33Features;classifier;classifier;classifier;N/A;N/A;N/A;2000;100;21;4000;100,0000;0,0000;100,0000;0,0000;100,0000;0,0000;0;0;0;0
20260614_0639;Adaptação_1000;classification;LeveragingBagging;Default_33Features;classifier;classifier;classifier;N/A;N/A;N/A;2000;100;22;4100;98,6646;0,2486;97,3655;0,4847;100,0000;0,0000;3;1;0;0
20260614_0639;Adaptação_1000;classification;LeveragingBagging;Default_33Features;classifier;classifier;classifier;N/A;N/A;N/A;2000;100;23;4200;99,3898;0,2051;100,0000;0,0000;98,7879;0,4040;0;0;2;1
20260614_0639;Adaptação_1000;classification;LeveragingBagging;Default_33Features;classifier;classifier;classifier;N/A;N/A;N/A;2000;100;24;4300;95,2785;0,3808;92,8297;0,7777;97,8788;1,2121;5;1;2;1
20260614_0639;Adaptação_1000;classification;LeveragingBagging;Default_33Features;classifier;classifier;classifier;N/A;N/A;N/A;2000;100;25;4400;92,0567;0,7801;88,7333;1,4667;95,6522;0,0000;3;1;1;0
20260614_0639;Adaptação_1000;classification;LeveragingBagging;Default_33Features;classifier;classifier;classifier;N/A;N/A;N/A;2000;100;26;4500;96,2963;0,0000;100,0000;0,0000;92,8571;0,0000;0;0;1;0
20260614_0639;Adaptação_1000;classification;LeveragingBagging;Default_33Features;classifier;classifier;classifier;N/A;N/A;N/A;2000;100;27;4600;99,1688;0,2933;100,0000;0,0000;98,3529;0,5764;0;0;2;1
20260614_0639;Adaptação_1000;classification;LeveragingBagging;Default_33Features;classifier;classifier;classifier;N/A;N/A;N/A;2000;100;28;4700;91,6667;0,0000;100,0000;0,0000;84,6154;0,0000;0;0;2;0
20260614_0639;Adaptação_1000;classification;LeveragingBagging;Default_33Features;classifier;classifier;classifier;N/A;N/A;N/A;2000;100;29;4800;100,0000;0,0000;100,0000;0,0000;100,0000;0,0000;0;0;0;0
20260614_0639;Adaptação_1000;classification;LeveragingBagging;Default_33Features;classifier;classifier;classifier;N/A;N/A;N/A;2000;100;30;4900;0,0000;0,0000;0,0000;0,0000;0,0000;0,0000;0;0;0;0
20260614_0639;Adaptação_1000;classification;LeveragingBagging;Default_33Features;classifier;classifier;classifier;N/A;N/A;N/A;2000;100;31;5000;0,0000;0,0000;0,0000;0,0000;0,0000;0,0000;1;0;0;0
20260614_0639;Adaptação_1000;classification;LeveragingBagging;Default_33Features;classifier;classifier;classifier;N/A;N/A;N/A;2000;100;32;5100;0,0000;0,0000;0,0000;0,0000;0,0000;0,0000;0;0;0;0
20260614_0639;Adaptação_1000;classification;LeveragingBagging;Default_33Features;classifier;classifier;classifier;N/A;N/A;N/A;2000;100;33;5200;0,0000;0,0000;0,0000;0,0000;0,0000;0,0000;0;0;0;0
20260614_0639;Adaptação_1000;classification;LeveragingBagging;Default_33Features;classifier;classifier;classifier;N/A;N/A;N/A;2000;100;34;5300;0,0000;0,0000;0,0000;0,0000;0,0000;0,0000;0;0;0;0
20260614_0639;Adaptação_1000;classification;LeveragingBagging;Default_33Features;classifier;classifier;classifier;N/A;N/A;N/A;2000;100;35;5400;0,0000;0,0000;0,0000;0,0000;0,0000;0,0000;0;0;0;0
20260614_0639;Adaptação_1000;classification;LeveragingBagging;Default_33Features;classifier;classifier;classifier;N/A;N/A;N/A;2000;100;36;5500;0,0000;0,0000;0,0000;0,0000;0,0000;0,0000;0;0;0;0
20260614_0639;Adaptação_1000;classification;LeveragingBagging;Default_33Features;classifier;classifier;classifier;N/A;N/A;N/A;2000;100;37;5600;0,0000;0,0000;0,0000;0,0000;0,0000;0,0000;5;1;0;0
20260614_0639;Adaptação_1000;classification;LeveragingBagging;Default_33Features;classifier;classifier;classifier;N/A;N/A;N/A;2000;100;38;5700;0,0000;0,0000;0,0000;0,0000;0,0000;0,0000;0;0;0;0
20260614_0639;Adaptação_1000;classification;LeveragingBagging;Default_33Features;classifier;classifier;classifier;N/A;N/A;N/A;2000;100;39;5800;0,0000;0,0000;0,0000;0,0000;0,0000;0,0000;0;0;0;0
20260614_0639;Adaptação_1000;classification;LeveragingBagging;Default_33Features;classifier;classifier;classifier;N/A;N/A;N/A;2000;100;40;5900;0,0000;0,0000;0,0000;0,0000;0,0000;0,0000;0;0;0;0
20260614_0639;Adaptação_1000;classification;LeveragingBagging;Default_33Features;classifier;classifier;classifier;N/A;N/A;N/A;2000;100;41;6000;0,0000;0,0000;0,0000;0,0000;0,0000;0,0000;0;0;0;0
20260614_0639;Adaptação_1000;classification;LeveragingBagging;Default_33Features;classifier;classifier;classifier;N/A;N/A;N/A;2000;100;42;6100;0,0000;0,0000;0,0000;0,0000;0,0000;0,0000;1;0;0;0
20260614_0639;Adaptação_1000;classification;LeveragingBagging;Default_33Features;classifier;classifier;classifier;N/A;N/A;N/A;2000;100;43;6200;0,0000;0,0000;0,0000;0,0000;0,0000;0,0000;0;0;0;0
20260614_0639;Adaptação_1000;classification;LeveragingBagging;Default_33Features;classifier;classifier;classifier;N/A;N/A;N/A;2000;100;44;6300;0,0000;0,0000;0,0000;0,0000;0,0000;0,0000;0;0;0;0
20260614_0639;Adaptação_1000;classification;LeveragingBagging;Default_33Features;classifier;classifier;classifier;N/A;N/A;N/A;2000;100;45;6400;0,0000;0,0000;0,0000;0,0000;0,0000;0,0000;0;0;0;0
20260614_0639;Adaptação_1000;classification;LeveragingBagging;Default_33Features;classifier;classifier;classifier;N/A;N/A;N/A;2000;100;46;6500;0,0000;0,0000;0,0000;0,0000;0,0000;0,0000;0;0;0;0
20260614_0639;Adaptação_1000;classification;LeveragingBagging;Default_33Features;classifier;classifier;classifier;N/A;N/A;N/A;2000;100;47;6600;0,0000;0,0000;0,0000;0,0000;0,0000;0,0000;0;0;0;0
20260614_0639;Adaptação_1000;classification;LeveragingBagging;Default_33Features;classifier;classifier;classifier;N/A;N/A;N/A;2000;100;48;6700;0,0000;0,0000;0,0000;0,0000;0,0000;0,0000;0;0;0;0
20260614_0639;Adaptação_1000;classification;LeveragingBagging;Default_33Features;classifier;classifier;classifier;N/A;N/A;N/A;2000;100;49;6800;0,0000;0,0000;0,0000;0,0000;0,0000;0,0000;0;0;0;0
20260614_0639;Adaptação_1000;classification;LeveragingBagging;Default_33Features;classifier;classifier;classifier;N/A;N/A;N/A;2000;100;50;6900;0,0000;0,0000;0,0000;0,0000;0,0000;0,0000;0;0;0;0
20260614_0639;Adaptação_1000;classification;LeveragingBagging;Default_33Features;classifier;classifier;classifier;N/A;N/A;N/A;2000;100;51;7000;0,0000;0,0000;0,0000;0,0000;0,0000;0,0000;0;0;0;0
20260614_0639;Adaptação_1000;classification;LeveragingBagging;Default_33Features;classifier;classifier;classifier;N/A;N/A;N/A;2000;100;52;7100;0,0000;0,0000;0,0000;0,0000;0,0000;0,0000;0;0;0;0
20260614_0639;Adaptação_1000;classification;LeveragingBagging;Default_33Features;classifier;classifier;classifier;N/A;N/A;N/A;2000;100;53;7200;0,0000;0,0000;0,0000;0,0000;0,0000;0,0000;1;1;0;0
20260614_0639;Adaptação_1000;classification;LeveragingBagging;Default_33Features;classifier;classifier;classifier;N/A;N/A;N/A;2000;100;54;7300;0,0000;0,0000;0,0000;0,0000;0,0000;0,0000;0;0;0;0
20260614_0639;Adaptação_1000;classification;LeveragingBagging;Default_33Features;classifier;classifier;classifier;N/A;N/A;N/A;2000;100;55;7400;0,0000;0,0000;0,0000;0,0000;0,0000;0,0000;0;0;0;0
20260614_0639;Adaptação_1000;classification;LeveragingBagging;Default_33Features;classifier;classifier;classifier;N/A;N/A;N/A;2000;100;56;7500;0,0000;0,0000;0,0000;0,0000;0,0000;0,0000;0;0;0;0
20260614_0639;Adaptação_1000;classification;LeveragingBagging;Default_33Features;classifier;classifier;classifier;N/A;N/A;N/A;2000;100;57;7600;0,0000;0,0000;0,0000;0,0000;0,0000;0,0000;0;0;0;0
20260614_0639;Adaptação_1000;classification;LeveragingBagging;Default_33Features;classifier;classifier;classifier;N/A;N/A;N/A;2000;100;58;7700;0,0000;0,0000;0,0000;0,0000;0,0000;0,0000;0;0;0;0
20260614_0639;Adaptação_1000;classification;LeveragingBagging;Default_33Features;classifier;classifier;classifier;N/A;N/A;N/A;2000;100;59;7800;0,0000;0,0000;0,0000;0,0000;0,0000;0,0000;0;0;0;0
20260614_0639;Adaptação_1000;classification;LeveragingBagging;Default_33Features;classifier;classifier;classifier;N/A;N/A;N/A;2000;100;60;7900;0,0000;0,0000;0,0000;0,0000;0,0000;0,0000;0;0;0;0
20260614_0639;Adaptação_1000;classification;LeveragingBagging;Default_33Features;classifier;classifier;classifier;N/A;N/A;N/A;2000;100;61;8000;0,0000;0,0000;0,0000;0,0000;0,0000;0,0000;0;0;0;0
20260614_0639;Adaptação_1000;classification;LeveragingBagging;Default_33Features;classifier;classifier;classifier;N/A;N/A;N/A;2000;100;62;8100;0,0000;0,0000;0,0000;0,0000;0,0000;0,0000;0;0;0;0
20260614_0639;Adaptação_1000;classification;LeveragingBagging;Default_33Features;classifier;classifier;classifier;N/A;N/A;N/A;2000;100;63;8200;0,0000;0,0000;0,0000;0,0000;0,0000;0,0000;0;0;0;0
20260614_0639;Adaptação_1000;classification;LeveragingBagging;Default_33Features;classifier;classifier;classifier;N/A;N/A;N/A;2000;100;64;8300;0,0000;0,0000;0,0000;0,0000;0,0000;0,0000;0;0;0;0
20260614_0639;Adaptação_1000;classification;LeveragingBagging;Default_33Features;classifier;classifier;classifier;N/A;N/A;N/A;2000;100;65;8400;0,0000;0,0000;0,0000;0,0000;0,0000;0,0000;0;0;0;0
20260614_0639;Adaptação_1000;classification;LeveragingBagging;Default_33Features;classifier;classifier;classifier;N/A;N/A;N/A;2000;100;66;8500;0,0000;0,0000;0,0000;0,0000;0,0000;0,0000;0;0;1;0
20260614_0639;Adaptação_1000;classification;LeveragingBagging;Default_33Features;classifier;classifier;classifier;N/A;N/A;N/A;2000;100;67;8600;88,9710;2,2086;100,0000;0,0000;80,2041;3,5700;0;0;20;4
20260614_0639;Adaptação_1000;classification;LeveragingBagging;Default_33Features;classifier;classifier;classifier;N/A;N/A;N/A;2000;100;68;8700;99,1899;0,6102;100,0000;0,0000;98,4000;1,2000;0;0;2;2
20260614_0639;Adaptação_1000;classification;LeveragingBagging;Default_33Features;classifier;classifier;classifier;N/A;N/A;N/A;2000;100;69;8800;99,8995;0,2010;100,0000;0,0000;99,8000;0,4000;0;0;1;1
20260614_0639;Adaptação_1000;classification;LeveragingBagging;Default_33Features;classifier;classifier;classifier;N/A;N/A;N/A;2000;100;70;8900;99,6985;0,2462;100,0000;0,0000;99,4000;0,4899;0;0;1;1
20260614_0639;Adaptação_1000;classification;LeveragingBagging;Default_33Features;classifier;classifier;classifier;N/A;N/A;N/A;2000;100;71;9000;100,0000;0,0000;100,0000;0,0000;100,0000;0,0000;0;0;0;0
20260614_0639;Adaptação_1000;classification;LeveragingBagging;Default_33Features;classifier;classifier;classifier;N/A;N/A;N/A;2000;100;72;9100;100,0000;0,0000;100,0000;0,0000;100,0000;0,0000;0;0;0;0
20260614_0639;Adaptação_1000;classification;LeveragingBagging;Default_33Features;classifier;classifier;classifier;N/A;N/A;N/A;2000;100;73;9200;100,0000;0,0000;100,0000;0,0000;100,0000;0,0000;0;0;0;0
20260614_0639;Adaptação_1000;classification;LeveragingBagging;Default_33Features;classifier;classifier;classifier;N/A;N/A;N/A;2000;100;74;9300;100,0000;0,0000;100,0000;0,0000;100,0000;0,0000;0;0;0;0
20260614_0639;Adaptação_1000;classification;LeveragingBagging;Default_33Features;classifier;classifier;classifier;N/A;N/A;N/A;2000;100;75;9400;100,0000;0,0000;100,0000;0,0000;100,0000;0,0000;0;0;0;0
20260614_0639;Adaptação_1000;classification;LeveragingBagging;Default_33Features;classifier;classifier;classifier;N/A;N/A;N/A;2000;100;76;9500;100,0000;0,0000;100,0000;0,0000;100,0000;0,0000;0;0;0;0
20260614_0639;Adaptação_1000;classification;LeveragingBagging;Default_33Features;classifier;classifier;classifier;N/A;N/A;N/A;2000;100;77;9600;0,0000;0,0000;0,0000;0,0000;0,0000;0,0000;0;0;0;0
20260614_0639;Adaptação_1000;classification;LeveragingBagging;Default_33Features;classifier;classifier;classifier;N/A;N/A;N/A;2000;100;78;9700;0,0000;0,0000;0,0000;0,0000;0,0000;0,0000;0;0;0;0
20260614_0639;Adaptação_1000;classification;LeveragingBagging;Default_33Features;classifier;classifier;classifier;N/A;N/A;N/A;2000;100;79;9800;0,0000;0,0000;0,0000;0,0000;0,0000;0,0000;0;0;0;0
20260614_0639;Adaptação_1000;classification;LeveragingBagging;Default_33Features;classifier;classifier;classifier;N/A;N/A;N/A;2000;100;80;9900;0,0000;0,0000;0,0000;0,0000;0,0000;0,0000;0;0;0;0
20260614_0639;Adaptação_1000;classification;LeveragingBagging;Default_33Features;classifier;classifier;classifier;N/A;N/A;N/A;2000;100;81;10000;0,0000;0,0000;0,0000;0,0000;0,0000;0,0000;0;0;0;0
20260614_0639;Adaptação_1000;classification;LeveragingBagging;Default_33Features;classifier;classifier;classifier;N/A;N/A;N/A;2000;100;82;10100;0,0000;0,0000;0,0000;0,0000;0,0000;0,0000;0;0;0;0
20260614_0639;Adaptação_1000;classification;LeveragingBagging;Default_33Features;classifier;classifier;classifier;N/A;N/A;N/A;2000;100;83;10200;0,0000;0,0000;0,0000;0,0000;0,0000;0,0000;0;0;0;0
20260614_0639;Adaptação_1000;classification;LeveragingBagging;Default_33Features;classifier;classifier;classifier;N/A;N/A;N/A;2000;100;84;10300;0,0000;0,0000;0,0000;0,0000;0,0000;0,0000;0;0;0;0
20260614_0639;Adaptação_1000;classification;LeveragingBagging;Default_33Features;classifier;classifier;classifier;N/A;N/A;N/A;2000;100;85;10400;0,0000;0,0000;0,0000;0,0000;0,0000;0,0000;0;0;0;0
20260614_0639;Adaptação_1000;classification;LeveragingBagging;Default_33Features;classifier;classifier;classifier;N/A;N/A;N/A;2000;100;86;10500;0,0000;0,0000;0,0000;0,0000;0,0000;0,0000;0;0;0;0
20260614_0639;Adaptação_1000;classification;LeveragingBagging;Default_33Features;classifier;classifier;classifier;N/A;N/A;N/A;2000;100;87;10600;0,0000;0,0000;0,0000;0,0000;0,0000;0,0000;0;0;0;0
20260614_0639;Adaptação_1000;classification;LeveragingBagging;Default_33Features;classifier;classifier;classifier;N/A;N/A;N/A;2000;100;88;10700;0,0000;0,0000;0,0000;0,0000;0,0000;0,0000;0;0;0;0
20260614_0639;Adaptação_1000;classification;LeveragingBagging;Default_33Features;classifier;classifier;classifier;N/A;N/A;N/A;2000;100;89;10800;0,0000;0,0000;0,0000;0,0000;0,0000;0,0000;0;0;0;0
20260614_0639;Adaptação_1000;classification;LeveragingBagging;Default_33Features;classifier;classifier;classifier;N/A;N/A;N/A;2000;100;90;10900;0,0000;0,0000;0,0000;0,0000;0,0000;0,0000;0;0;0;0
20260614_0639;Adaptação_1000;classification;LeveragingBagging;Default_33Features;classifier;classifier;classifier;N/A;N/A;N/A;2000;100;91;11000;0,0000;0,0000;0,0000;0,0000;0,0000;0,0000;0;0;0;0
20260614_0639;Adaptação_1000;classification;LeveragingBagging;Default_33Features;classifier;classifier;classifier;N/A;N/A;N/A;2000;100;92;11100;0,0000;0,0000;0,0000;0,0000;0,0000;0,0000;0;0;0;0
20260614_0639;Adaptação_1000;classification;LeveragingBagging;Default_33Features;classifier;classifier;classifier;N/A;N/A;N/A;2000;100;93;11200;0,0000;0,0000;0,0000;0,0000;0,0000;0,0000;0;0;0;0
20260614_0639;Adaptação_1000;classification;LeveragingBagging;Default_33Features;classifier;classifier;classifier;N/A;N/A;N/A;2000;100;94;11300;0,0000;0,0000;0,0000;0,0000;0,0000;0,0000;0;0;0;0
20260614_0639;Adaptação_1000;classification;LeveragingBagging;Default_33Features;classifier;classifier;classifier;N/A;N/A;N/A;2000;100;95;11400;0,0000;0,0000;0,0000;0,0000;0,0000;0,0000;0;0;0;0
20260614_0639;Adaptação_1000;classification;LeveragingBagging;Default_33Features;classifier;classifier;classifier;N/A;N/A;N/A;2000;100;96;11500;0,0000;0,0000;0,0000;0,0000;0,0000;0,0000;0;0;0;0
20260614_0639;Adaptação_1000;classification;LeveragingBagging;Default_33Features;classifier;classifier;classifier;N/A;N/A;N/A;2000;100;97;11600;0,0000;0,0000;0,0000;0,0000;0,0000;0,0000;0;0;0;0
20260614_0639;Adaptação_1000;classification;LeveragingBagging;Default_33Features;classifier;classifier;classifier;N/A;N/A;N/A;2000;100;98;11700;0,0000;0,0000;0,0000;0,0000;0,0000;0,0000;0;0;0;0
20260614_0639;Adaptação_1000;classification;LeveragingBagging;Default_33Features;classifier;classifier;classifier;N/A;N/A;N/A;2000;100;99;11800;0,0000;0,0000;0,0000;0,0000;0,0000;0,0000;0;0;0;0
20260614_0639;Adaptação_1000;classification;LeveragingBagging;Default_33Features;classifier;classifier;classifier;N/A;N/A;N/A;2000;100;100;11900;0,0000;0,0000;0,0000;0,0000;0,0000;0,0000;0;0;0;0
20260614_0639;Adaptação_1000;classification;LeveragingBagging;Default_33Features;classifier;classifier;classifier;N/A;N/A;N/A;2000;100;101;12000;0,0000;0,0000;0,0000;0,0000;0,0000;0,0000;0;0;0;0
20260614_0639;Adaptação_1000;classification;LeveragingBagging;Default_33Features;classifier;classifier;classifier;N/A;N/A;N/A;2000;100;102;12100;0,0000;0,0000;0,0000;0,0000;0,0000;0,0000;0;0;0;0
20260614_0639;Adaptação_1000;classification;LeveragingBagging;Default_33Features;classifier;classifier;classifier;N/A;N/A;N/A;2000;100;103;12200;0,0000;0,0000;0,0000;0,0000;0,0000;0,0000;0;0;0;0
20260614_0639;Adaptação_1000;classification;LeveragingBagging;Default_33Features;classifier;classifier;classifier;N/A;N/A;N/A;2000;100;104;12300;0,0000;0,0000;0,0000;0,0000;0,0000;0,0000;0;0;0;0
20260614_0639;Adaptação_1000;classification;LeveragingBagging;Default_33Features;classifier;classifier;classifier;N/A;N/A;N/A;2000;100;105;12400;0,0000;0,0000;0,0000;0,0000;0,0000;0,0000;0;0;0;0
20260614_0639;Adaptação_1000;classification;LeveragingBagging;Default_33Features;classifier;classifier;classifier;N/A;N/A;N/A;2000;100;106;12500;0,0000;0,0000;0,0000;0,0000;0,0000;0,0000;0;0;0;0
20260614_0639;Adaptação_1000;classification;LeveragingBagging;Default_33Features;classifier;classifier;classifier;N/A;N/A;N/A;2000;100;107;12600;0,0000;0,0000;0,0000;0,0000;0,0000;0,0000;0;0;0;0
20260614_0639;Adaptação_1000;classification;LeveragingBagging;Default_33Features;classifier;classifier;classifier;N/A;N/A;N/A;2000;100;108;12700;0,0000;0,0000;0,0000;0,0000;0,0000;0,0000;0;0;0;0
20260614_0639;Adaptação_1000;classification;LeveragingBagging;Default_33Features;classifier;classifier;classifier;N/A;N/A;N/A;2000;100;109;12800;0,0000;0,0000;0,0000;0,0000;0,0000;0,0000;0;0;0;0
20260614_0639;Adaptação_1000;classification;LeveragingBagging;Default_33Features;classifier;classifier;classifier;N/A;N/A;N/A;2000;100;110;12900;0,0000;0,0000;0,0000;0,0000;0,0000;0,0000;0;0;0;0
20260614_0639;Adaptação_1000;classification;LeveragingBagging;Default_33Features;classifier;classifier;classifier;N/A;N/A;N/A;2000;100;111;13000;0,0000;0,0000;0,0000;0,0000;0,0000;0,0000;0;0;0;0
20260614_0639;Adaptação_1000;classification;LeveragingBagging;Default_33Features;classifier;classifier;classifier;N/A;N/A;N/A;2000;100;112;13100;0,0000;0,0000;0,0000;0,0000;0,0000;0,0000;0;0;0;0
20260614_0639;Adaptação_1000;classification;LeveragingBagging;Default_33Features;classifier;classifier;classifier;N/A;N/A;N/A;2000;100;113;13200;0,0000;0,0000;0,0000;0,0000;0,0000;0,0000;0;0;0;0
20260614_0639;Adaptação_1000;classification;LeveragingBagging;Default_33Features;classifier;classifier;classifier;N/A;N/A;N/A;2000;100;114;13300;93,1818;0,0000;100,0000;0,0000;87,2340;0,0000;0;0;6;0
20260614_0639;Adaptação_1000;classification;LeveragingBagging;Default_33Features;classifier;classifier;classifier;N/A;N/A;N/A;2000;100;115;13400;95,6031;0,3628;100,0000;0,0000;91,5789;0,6657;0;0;8;1
20260614_0639;Adaptação_1000;classification;LeveragingBagging;Default_33Features;classifier;classifier;classifier;N/A;N/A;N/A;2000;100;116;13500;97,6373;0,2311;100,0000;0,0000;95,3846;0,4396;0;0;5;1
20260614_0639;Adaptação_1000;classification;LeveragingBagging;Default_33Features;classifier;classifier;classifier;N/A;N/A;N/A;2000;100;117;13600;99,2481;0,0000;100,0000;0,0000;98,5075;0,0000;0;0;1;0
20260614_0639;Adaptação_1000;classification;LeveragingBagging;Default_33Features;classifier;classifier;classifier;N/A;N/A;N/A;2000;100;118;13700;99,1316;0,2677;100,0000;0,0000;98,2796;0,5268;0;0;2;1
20260614_0639;Adaptação_1000;classification;LeveragingBagging;Default_33Features;classifier;classifier;classifier;N/A;N/A;N/A;2000;100;119;13800;100,0000;0,0000;100,0000;0,0000;100,0000;0,0000;0;0;0;0
20260614_0639;Adaptação_1000;classification;LeveragingBagging;Default_33Features;classifier;classifier;classifier;N/A;N/A;N/A;2000;100;120;13900;98,8633;0,3900;100,0000;0,0000;97,7551;0,7636;0;0;3;1
20260614_0639;Adaptação_1000;classification;LeveragingBagging;Default_33Features;classifier;classifier;classifier;N/A;N/A;N/A;2000;100;121;14000;99,4924;0,0000;100,0000;0,0000;98,9899;0,0000;0;0;1;0
20260614_0639;Adaptação_1000;classification;LeveragingBagging;Default_33Features;classifier;classifier;classifier;N/A;N/A;N/A;2000;100;122;14100;100,0000;0,0000;100,0000;0,0000;100,0000;0,0000;0;0;0;0
20260614_0639;Adaptação_1000;classification;LeveragingBagging;Default_33Features;classifier;classifier;classifier;N/A;N/A;N/A;2000;100;123;14200;99,4872;0,0000;100,0000;0,0000;98,9796;0,0000;0;0;1;0
20260614_0639;Adaptação_1000;classification;LeveragingBagging;Default_33Features;classifier;classifier;classifier;N/A;N/A;N/A;2000;100;124;14300;98,7713;0,7625;99,1837;0,9998;98,3673;0,8163;1;1;1;1
20260614_0639;Adaptação_1000;classification;LeveragingBagging;Default_33Features;classifier;classifier;classifier;N/A;N/A;N/A;2000;100;125;14400;0,0000;0,0000;0,0000;0,0000;0,0000;0,0000;1;0;0;0
20260614_0639;Adaptação_1000;classification;LeveragingBagging;Default_33Features;classifier;classifier;classifier;N/A;N/A;N/A;2000;100;126;14500;0,0000;0,0000;0,0000;0,0000;0,0000;0,0000;1;0;0;0
20260614_0639;Adaptação_1000;classification;LeveragingBagging;Default_33Features;classifier;classifier;classifier;N/A;N/A;N/A;2000;100;127;14600;0,0000;0,0000;0,0000;0,0000;0,0000;0,0000;1;0;0;0
20260614_0639;Adaptação_1000;classification;LeveragingBagging;Default_33Features;classifier;classifier;classifier;N/A;N/A;N/A;2000;100;128;14700;0,0000;0,0000;0,0000;0,0000;0,0000;0,0000;0;0;0;0
20260614_0639;Adaptação_1000;classification;LeveragingBagging;Default_33Features;classifier;classifier;classifier;N/A;N/A;N/A;2000;100;129;14800;0,0000;0,0000;0,0000;0,0000;0,0000;0,0000;1;0;0;0
20260614_0639;Adaptação_1000;classification;LeveragingBagging;Default_33Features;classifier;classifier;classifier;N/A;N/A;N/A;2000;100;130;14900;0,0000;0,0000;0,0000;0,0000;0,0000;0,0000;0;0;0;0
20260614_0639;Adaptação_1000;classification;LeveragingBagging;Default_33Features;classifier;classifier;classifier;N/A;N/A;N/A;2000;100;131;15000;0,0000;0,0000;0,0000;0,0000;0,0000;0,0000;0;0;0;0
20260614_0639;Adaptação_1000;classification;LeveragingBagging;Default_33Features;classifier;classifier;classifier;N/A;N/A;N/A;2000;100;132;15100;0,0000;0,0000;0,0000;0,0000;0,0000;0,0000;0;0;0;0
20260614_0639;Adaptação_1000;classification;LeveragingBagging;Default_33Features;classifier;classifier;classifier;N/A;N/A;N/A;2000;100;133;15200;0,0000;0,0000;0,0000;0,0000;0,0000;0,0000;0;0;0;0
20260614_0639;Adaptação_1000;classification;LeveragingBagging;Default_33Features;classifier;classifier;classifier;N/A;N/A;N/A;2000;100;134;15300;0,0000;0,0000;0,0000;0,0000;0,0000;0,0000;0;0;0;0
20260614_0639;Adaptação_1000;classification;LeveragingBagging;Default_33Features;classifier;classifier;classifier;N/A;N/A;N/A;2000;100;135;15400;0,0000;0,0000;0,0000;0,0000;0,0000;0,0000;0;0;0;0
20260614_0639;Adaptação_1000;classification;LeveragingBagging;Default_33Features;classifier;classifier;classifier;N/A;N/A;N/A;2000;100;136;15500;0,0000;0,0000;0,0000;0,0000;0,0000;0,0000;0;0;0;0
20260614_0639;Adaptação_1000;classification;LeveragingBagging;Default_33Features;classifier;classifier;classifier;N/A;N/A;N/A;2000;100;137;15600;0,0000;0,0000;0,0000;0,0000;0,0000;0,0000;0;0;0;0
20260614_0639;Adaptação_1000;classification;LeveragingBagging;Default_33Features;classifier;classifier;classifier;N/A;N/A;N/A;2000;100;138;15700;0,0000;0,0000;0,0000;0,0000;0,0000;0,0000;0;0;0;0
20260614_0639;Adaptação_1000;classification;LeveragingBagging;Default_33Features;classifier;classifier;classifier;N/A;N/A;N/A;2000;100;139;15800;0,0000;0,0000;0,0000;0,0000;0,0000;0,0000;0;0;0;0
20260614_0639;Adaptação_1000;classification;LeveragingBagging;Default_33Features;classifier;classifier;classifier;N/A;N/A;N/A;2000;100;140;15900;0,0000;0,0000;0,0000;0,0000;0,0000;0,0000;0;0;0;0
20260614_0639;Adaptação_1000;classification;LeveragingBagging;Default_33Features;classifier;classifier;classifier;N/A;N/A;N/A;2000;100;141;16000;0,0000;0,0000;0,0000;0,0000;0,0000;0,0000;0;0;0;0
20260614_0639;Adaptação_1000;classification;LeveragingBagging;Default_33Features;classifier;classifier;classifier;N/A;N/A;N/A;2000;100;142;16100;0,0000;0,0000;0,0000;0,0000;0,0000;0,0000;1;1;0;0
20260614_0639;Adaptação_1000;classification;LeveragingBagging;Default_33Features;classifier;classifier;classifier;N/A;N/A;N/A;2000;100;143;16200;0,0000;0,0000;0,0000;0,0000;0,0000;0,0000;0;0;0;0
20260614_0639;Adaptação_1000;classification;LeveragingBagging;Default_33Features;classifier;classifier;classifier;N/A;N/A;N/A;2000;100;144;16300;0,0000;0,0000;0,0000;0,0000;0,0000;0,0000;0;0;0;0
20260614_0639;Adaptação_1000;classification;LeveragingBagging;Default_33Features;classifier;classifier;classifier;N/A;N/A;N/A;2000;100;145;16400;0,0000;0,0000;0,0000;0,0000;0,0000;0,0000;0;0;0;0
20260614_0639;Adaptação_1000;classification;LeveragingBagging;Default_33Features;classifier;classifier;classifier;N/A;N/A;N/A;2000;100;146;16500;0,0000;0,0000;0,0000;0,0000;0,0000;0,0000;0;0;0;0
20260614_0639;Adaptação_1000;classification;LeveragingBagging;Default_33Features;classifier;classifier;classifier;N/A;N/A;N/A;2000;100;147;16600;0,0000;0,0000;0,0000;0,0000;0,0000;0,0000;0;0;0;0
20260614_0639;Adaptação_1000;classification;LeveragingBagging;Default_33Features;classifier;classifier;classifier;N/A;N/A;N/A;2000;100;148;16700;0,0000;0,0000;0,0000;0,0000;0,0000;0,0000;0;0;0;0
20260614_0639;Adaptação_1000;classification;LeveragingBagging;Default_33Features;classifier;classifier;classifier;N/A;N/A;N/A;2000;100;149;16800;0,0000;0,0000;0,0000;0,0000;0,0000;0,0000;0;0;0;0
20260614_0639;Adaptação_1000;classification;LeveragingBagging;Default_33Features;classifier;classifier;classifier;N/A;N/A;N/A;2000;100;150;16900;0,0000;0,0000;0,0000;0,0000;0,0000;0,0000;0;0;0;0
20260614_0639;Adaptação_1000;classification;LeveragingBagging;Default_33Features;classifier;classifier;classifier;N/A;N/A;N/A;2000;100;151;17000;0,0000;0,0000;0,0000;0,0000;0,0000;0,0000;0;0;0;0
20260614_0639;Adaptação_1000;classification;LeveragingBagging;Default_33Features;classifier;classifier;classifier;N/A;N/A;N/A;2000;100;152;17100;0,0000;0,0000;0,0000;0,0000;0,0000;0,0000;0;0;0;0
20260614_0639;Adaptação_1000;classification;LeveragingBagging;Default_33Features;classifier;classifier;classifier;N/A;N/A;N/A;2000;100;153;17200;0,0000;0,0000;0,0000;0,0000;0,0000;0,0000;0;0;0;0
20260614_0639;Adaptação_1000;classification;LeveragingBagging;Default_33Features;classifier;classifier;classifier;N/A;N/A;N/A;2000;100;154;17300;0,0000;0,0000;0,0000;0,0000;0,0000;0,0000;0;0;0;0
20260614_0639;Adaptação_1000;classification;LeveragingBagging;Default_33Features;classifier;classifier;classifier;N/A;N/A;N/A;2000;100;155;17400;0,0000;0,0000;0,0000;0,0000;0,0000;0,0000;0;0;0;0
20260614_0639;Adaptação_1000;classification;LeveragingBagging;Default_33Features;classifier;classifier;classifier;N/A;N/A;N/A;2000;100;156;17500;0,0000;0,0000;0,0000;0,0000;0,0000;0,0000;1;1;0;0
20260614_0639;Adaptação_1000;classification;LeveragingBagging;Default_33Features;classifier;classifier;classifier;N/A;N/A;N/A;2000;100;157;17600;0,0000;0,0000;0,0000;0,0000;0,0000;0,0000;0;0;0;0
20260614_0639;Adaptação_1000;classification;LeveragingBagging;Default_33Features;classifier;classifier;classifier;N/A;N/A;N/A;2000;100;158;17700;0,0000;0,0000;0,0000;0,0000;0,0000;0,0000;0;0;0;0
20260614_0639;Adaptação_1000;classification;LeveragingBagging;Default_33Features;classifier;classifier;classifier;N/A;N/A;N/A;2000;100;159;17800;0,0000;0,0000;0,0000;0,0000;0,0000;0,0000;0;0;0;0
20260614_0639;Adaptação_1000;classification;LeveragingBagging;Default_33Features;classifier;classifier;classifier;N/A;N/A;N/A;2000;100;160;17900;0,0000;0,0000;0,0000;0,0000;0,0000;0,0000;0;0;0;0
20260614_0639;Recorrência_25;classification;LeveragingBagging;Default_33Features;classifier;classifier;classifier;N/A;N/A;N/A;2000;100;1;2000;0,0000;0,0000;0,0000;0,0000;0,0000;0,0000;0;0;0;0
20260614_0639;Recorrência_25;classification;LeveragingBagging;Default_33Features;classifier;classifier;classifier;N/A;N/A;N/A;2000;100;2;2100;0,0000;0,0000;0,0000;0,0000;0,0000;0,0000;0;0;0;0
20260614_0639;Recorrência_25;classification;LeveragingBagging;Default_33Features;classifier;classifier;classifier;N/A;N/A;N/A;2000;100;3;2200;90,9091;0,0000;100,0000;0,0000;83,3333;0,0000;0;0;2;0
20260614_0639;Recorrência_25;classification;LeveragingBagging;Default_33Features;classifier;classifier;classifier;N/A;N/A;N/A;2000;100;4;2300;0,0000;0,0000;0,0000;0,0000;0,0000;0,0000;0;0;0;0
20260614_0639;Recorrência_25;classification;LeveragingBagging;Default_33Features;classifier;classifier;classifier;N/A;N/A;N/A;2000;100;5;2400;0,0000;0,0000;0,0000;0,0000;0,0000;0,0000;0;0;0;0
20260614_0639;Recorrência_25;classification;LeveragingBagging;Default_33Features;classifier;classifier;classifier;N/A;N/A;N/A;2000;100;6;2500;0,0000;0,0000;0,0000;0,0000;0,0000;0,0000;0;0;0;0
20260614_0639;Recorrência_25;classification;LeveragingBagging;Default_33Features;classifier;classifier;classifier;N/A;N/A;N/A;2000;100;7;2600;0,0000;0,0000;0,0000;0,0000;0,0000;0,0000;0;0;0;0
20260614_0639;Recorrência_25;classification;LeveragingBagging;Default_33Features;classifier;classifier;classifier;N/A;N/A;N/A;2000;100;8;2700;0,0000;0,0000;0,0000;0,0000;0,0000;0,0000;0;0;0;0
20260614_0639;Recorrência_25;classification;LeveragingBagging;Default_33Features;classifier;classifier;classifier;N/A;N/A;N/A;2000;100;9;2800;0,0000;0,0000;0,0000;0,0000;0,0000;0,0000;0;0;0;0
20260614_0639;Recorrência_25;classification;LeveragingBagging;Default_33Features;classifier;classifier;classifier;N/A;N/A;N/A;2000;100;10;2900;0,0000;0,0000;0,0000;0,0000;0,0000;0,0000;0;0;0;0
20260614_0639;Recorrência_25;classification;LeveragingBagging;Default_33Features;classifier;classifier;classifier;N/A;N/A;N/A;2000;100;11;3000;0,0000;0,0000;0,0000;0,0000;0,0000;0,0000;0;0;0;0
20260614_0639;Recorrência_25;classification;LeveragingBagging;Default_33Features;classifier;classifier;classifier;N/A;N/A;N/A;2000;100;12;3100;0,0000;0,0000;0,0000;0,0000;0,0000;0,0000;0;0;0;0
20260614_0639;Recorrência_25;classification;LeveragingBagging;Default_33Features;classifier;classifier;classifier;N/A;N/A;N/A;2000;100;13;3200;0,0000;0,0000;0,0000;0,0000;0,0000;0,0000;0;0;0;0
20260614_0639;Recorrência_25;classification;LeveragingBagging;Default_33Features;classifier;classifier;classifier;N/A;N/A;N/A;2000;100;14;3300;0,0000;0,0000;0,0000;0,0000;0,0000;0,0000;0;0;0;0
20260614_0639;Recorrência_25;classification;LeveragingBagging;Default_33Features;classifier;classifier;classifier;N/A;N/A;N/A;2000;100;15;3400;0,0000;0,0000;0,0000;0,0000;0,0000;0,0000;0;0;0;0
20260614_0639;Recorrência_25;classification;LeveragingBagging;Default_33Features;classifier;classifier;classifier;N/A;N/A;N/A;2000;100;16;3500;0,0000;0,0000;0,0000;0,0000;0,0000;0,0000;0;0;0;0
20260614_0639;Recorrência_25;classification;LeveragingBagging;Default_33Features;classifier;classifier;classifier;N/A;N/A;N/A;2000;100;17;3600;0,0000;0,0000;0,0000;0,0000;0,0000;0,0000;0;0;0;0
20260614_0639;Recorrência_25;classification;LeveragingBagging;Default_33Features;classifier;classifier;classifier;N/A;N/A;N/A;2000;100;18;3700;0,0000;0,0000;0,0000;0,0000;0,0000;0,0000;0;0;0;0
20260614_0639;Recorrência_25;classification;LeveragingBagging;Default_33Features;classifier;classifier;classifier;N/A;N/A;N/A;2000;100;19;3800;0,0000;0,0000;0,0000;0,0000;0,0000;0,0000;0;0;0;0
20260614_0639;Recorrência_25;classification;LeveragingBagging;Default_33Features;classifier;classifier;classifier;N/A;N/A;N/A;2000;100;20;3900;0,0000;0,0000;0,0000;0,0000;0,0000;0,0000;0;0;0;0
20260614_0639;Recorrência_25;classification;LeveragingBagging;Default_33Features;classifier;classifier;classifier;N/A;N/A;N/A;2000;100;21;4000;0,0000;0,0000;0,0000;0,0000;0,0000;0,0000;0;0;0;0
20260614_0639;Recorrência_25;classification;LeveragingBagging;Default_33Features;classifier;classifier;classifier;N/A;N/A;N/A;2000;100;22;4100;0,0000;0,0000;0,0000;0,0000;0,0000;0,0000;0;0;0;0
20260614_0639;Recorrência_25;classification;LeveragingBagging;Default_33Features;classifier;classifier;classifier;N/A;N/A;N/A;2000;100;23;4200;0,0000;0,0000;0,0000;0,0000;0,0000;0,0000;0;0;0;0
20260614_0639;Recorrência_25;classification;LeveragingBagging;Default_33Features;classifier;classifier;classifier;N/A;N/A;N/A;2000;100;24;4300;0,0000;0,0000;0,0000;0,0000;0,0000;0,0000;0;0;5;0
20260614_0639;Recorrência_25;classification;LeveragingBagging;Default_33Features;classifier;classifier;classifier;N/A;N/A;N/A;2000;100;25;4400;36,6667;9,5258;100,0000;0,0000;22,8571;6,9985;0;0;6;1
20260614_0639;Recorrência_25;classification;LeveragingBagging;Default_33Features;classifier;classifier;classifier;N/A;N/A;N/A;2000;100;26;4500;0,0000;0,0000;0,0000;0,0000;0,0000;0,0000;0;0;0;0
20260614_0639;Recorrência_25;classification;LeveragingBagging;Default_33Features;classifier;classifier;classifier;N/A;N/A;N/A;2000;100;27;4600;0,0000;0,0000;0,0000;0,0000;0,0000;0,0000;0;0;0;0
20260614_0639;Recorrência_25;classification;LeveragingBagging;Default_33Features;classifier;classifier;classifier;N/A;N/A;N/A;2000;100;28;4700;0,0000;0,0000;0,0000;0,0000;0,0000;0,0000;0;0;0;0
20260614_0639;Recorrência_25;classification;LeveragingBagging;Default_33Features;classifier;classifier;classifier;N/A;N/A;N/A;2000;100;29;4800;0,0000;0,0000;0,0000;0,0000;0,0000;0,0000;0;0;0;0
20260614_0639;Recorrência_25;classification;LeveragingBagging;Default_33Features;classifier;classifier;classifier;N/A;N/A;N/A;2000;100;30;4900;0,0000;0,0000;0,0000;0,0000;0,0000;0,0000;0;0;0;0
20260614_0639;Recorrência_25;classification;LeveragingBagging;Default_33Features;classifier;classifier;classifier;N/A;N/A;N/A;2000;100;31;5000;0,0000;0,0000;0,0000;0,0000;0,0000;0,0000;0;0;0;0
20260614_0639;Recorrência_25;classification;LeveragingBagging;Default_33Features;classifier;classifier;classifier;N/A;N/A;N/A;2000;100;32;5100;0,0000;0,0000;0,0000;0,0000;0,0000;0,0000;0;0;0;0
20260614_0639;Recorrência_25;classification;LeveragingBagging;Default_33Features;classifier;classifier;classifier;N/A;N/A;N/A;2000;100;33;5200;0,0000;0,0000;0,0000;0,0000;0,0000;0,0000;0;0;0;0
20260614_0639;Recorrência_25;classification;LeveragingBagging;Default_33Features;classifier;classifier;classifier;N/A;N/A;N/A;2000;100;34;5300;0,0000;0,0000;0,0000;0,0000;0,0000;0,0000;0;0;0;0
20260614_0639;Recorrência_25;classification;LeveragingBagging;Default_33Features;classifier;classifier;classifier;N/A;N/A;N/A;2000;100;35;5400;0,0000;0,0000;0,0000;0,0000;0,0000;0,0000;0;0;0;0
20260614_0639;Recorrência_25;classification;LeveragingBagging;Default_33Features;classifier;classifier;classifier;N/A;N/A;N/A;2000;100;36;5500;0,0000;0,0000;0,0000;0,0000;0,0000;0,0000;0;0;0;0
20260614_0639;Recorrência_25;classification;LeveragingBagging;Default_33Features;classifier;classifier;classifier;N/A;N/A;N/A;2000;100;37;5600;0,0000;0,0000;0,0000;0,0000;0,0000;0,0000;0;0;0;0
20260614_0639;Recorrência_25;classification;LeveragingBagging;Default_33Features;classifier;classifier;classifier;N/A;N/A;N/A;2000;100;38;5700;0,0000;0,0000;0,0000;0,0000;0,0000;0,0000;0;0;0;0
20260614_0639;Recorrência_25;classification;LeveragingBagging;Default_33Features;classifier;classifier;classifier;N/A;N/A;N/A;2000;100;39;5800;0,0000;0,0000;0,0000;0,0000;0,0000;0,0000;0;0;0;0
20260614_0639;Recorrência_25;classification;LeveragingBagging;Default_33Features;classifier;classifier;classifier;N/A;N/A;N/A;2000;100;40;5900;0,0000;0,0000;0,0000;0,0000;0,0000;0,0000;0;0;0;0
20260614_0639;Recorrência_25;classification;LeveragingBagging;Default_33Features;classifier;classifier;classifier;N/A;N/A;N/A;2000;100;41;6000;0,0000;0,0000;0,0000;0,0000;0,0000;0,0000;0;0;0;0
20260614_0639;Recorrência_25;classification;LeveragingBagging;Default_33Features;classifier;classifier;classifier;N/A;N/A;N/A;2000;100;42;6100;0,0000;0,0000;0,0000;0,0000;0,0000;0,0000;0;0;0;0
20260614_0639;Recorrência_25;classification;LeveragingBagging;Default_33Features;classifier;classifier;classifier;N/A;N/A;N/A;2000;100;43;6200;0,0000;0,0000;0,0000;0,0000;0,0000;0,0000;0;0;0;0
20260614_0639;Recorrência_25;classification;LeveragingBagging;Default_33Features;classifier;classifier;classifier;N/A;N/A;N/A;2000;100;44;6300;0,0000;0,0000;0,0000;0,0000;0,0000;0,0000;0;0;0;0
20260614_0639;Recorrência_25;classification;LeveragingBagging;Default_33Features;classifier;classifier;classifier;N/A;N/A;N/A;2000;100;45;6400;0,0000;0,0000;0,0000;0,0000;0,0000;0,0000;0;0;0;0
20260614_0639;Recorrência_25;classification;LeveragingBagging;Default_33Features;classifier;classifier;classifier;N/A;N/A;N/A;2000;100;46;6500;90,9091;0,0000;100,0000;0,0000;83,3333;0,0000;0;0;2;0
20260614_0639;Recorrência_25;classification;LeveragingBagging;Default_33Features;classifier;classifier;classifier;N/A;N/A;N/A;2000;100;47;6600;0,0000;0,0000;0,0000;0,0000;0,0000;0,0000;0;0;0;0
20260614_0639;Recorrência_25;classification;LeveragingBagging;Default_33Features;classifier;classifier;classifier;N/A;N/A;N/A;2000;100;48;6700;0,0000;0,0000;0,0000;0,0000;0,0000;0,0000;0;0;0;0
20260614_0639;Recorrência_25;classification;LeveragingBagging;Default_33Features;classifier;classifier;classifier;N/A;N/A;N/A;2000;100;49;6800;0,0000;0,0000;0,0000;0,0000;0,0000;0,0000;0;0;0;0
20260614_0639;Recorrência_25;classification;LeveragingBagging;Default_33Features;classifier;classifier;classifier;N/A;N/A;N/A;2000;100;50;6900;0,0000;0,0000;0,0000;0,0000;0,0000;0,0000;0;0;0;0
20260614_0639;Recorrência_25;classification;LeveragingBagging;Default_33Features;classifier;classifier;classifier;N/A;N/A;N/A;2000;100;51;7000;0,0000;0,0000;0,0000;0,0000;0,0000;0,0000;0;0;0;0
20260614_0639;Recorrência_25;classification;LeveragingBagging;Default_33Features;classifier;classifier;classifier;N/A;N/A;N/A;2000;100;52;7100;0,0000;0,0000;0,0000;0,0000;0,0000;0,0000;0;0;0;0
20260614_0639;Recorrência_25;classification;LeveragingBagging;Default_33Features;classifier;classifier;classifier;N/A;N/A;N/A;2000;100;53;7200;0,0000;0,0000;0,0000;0,0000;0,0000;0,0000;0;0;0;0
20260614_0639;Recorrência_25;classification;LeveragingBagging;Default_33Features;classifier;classifier;classifier;N/A;N/A;N/A;2000;100;54;7300;0,0000;0,0000;0,0000;0,0000;0,0000;0,0000;0;0;0;0
20260614_0639;Recorrência_25;classification;LeveragingBagging;Default_33Features;classifier;classifier;classifier;N/A;N/A;N/A;2000;100;55;7400;0,0000;0,0000;0,0000;0,0000;0,0000;0,0000;0;0;0;0
20260614_0639;Recorrência_25;classification;LeveragingBagging;Default_33Features;classifier;classifier;classifier;N/A;N/A;N/A;2000;100;56;7500;0,0000;0,0000;0,0000;0,0000;0,0000;0,0000;0;0;0;0
20260614_0639;Recorrência_25;classification;LeveragingBagging;Default_33Features;classifier;classifier;classifier;N/A;N/A;N/A;2000;100;57;7600;0,0000;0,0000;0,0000;0,0000;0,0000;0,0000;0;0;0;0
20260614_0639;Recorrência_25;classification;LeveragingBagging;Default_33Features;classifier;classifier;classifier;N/A;N/A;N/A;2000;100;58;7700;0,0000;0,0000;0,0000;0,0000;0,0000;0,0000;0;0;0;0
20260614_0639;Recorrência_25;classification;LeveragingBagging;Default_33Features;classifier;classifier;classifier;N/A;N/A;N/A;2000;100;59;7800;0,0000;0,0000;0,0000;0,0000;0,0000;0,0000;0;0;0;0
20260614_0639;Recorrência_25;classification;LeveragingBagging;Default_33Features;classifier;classifier;classifier;N/A;N/A;N/A;2000;100;60;7900;0,0000;0,0000;0,0000;0,0000;0,0000;0,0000;0;0;0;0
20260614_0639;Recorrência_25;classification;LeveragingBagging;Default_33Features;classifier;classifier;classifier;N/A;N/A;N/A;2000;100;61;8000;0,0000;0,0000;0,0000;0,0000;0,0000;0,0000;0;0;0;0
20260614_0639;Recorrência_25;classification;LeveragingBagging;Default_33Features;classifier;classifier;classifier;N/A;N/A;N/A;2000;100;62;8100;0,0000;0,0000;0,0000;0,0000;0,0000;0,0000;0;0;0;0
20260614_0639;Recorrência_25;classification;LeveragingBagging;Default_33Features;classifier;classifier;classifier;N/A;N/A;N/A;2000;100;63;8200;0,0000;0,0000;0,0000;0,0000;0,0000;0,0000;0;0;0;0
20260614_0639;Recorrência_25;classification;LeveragingBagging;Default_33Features;classifier;classifier;classifier;N/A;N/A;N/A;2000;100;64;8300;0,0000;0,0000;0,0000;0,0000;0,0000;0,0000;0;0;0;0
20260614_0639;Recorrência_25;classification;LeveragingBagging;Default_33Features;classifier;classifier;classifier;N/A;N/A;N/A;2000;100;65;8400;0,0000;0,0000;0,0000;0,0000;0,0000;0,0000;0;0;0;0
20260614_0639;Recorrência_25;classification;LeveragingBagging;Default_33Features;classifier;classifier;classifier;N/A;N/A;N/A;2000;100;66;8500;0,0000;0,0000;0,0000;0,0000;0,0000;0,0000;0;0;0;0
20260614_0639;Recorrência_25;classification;LeveragingBagging;Default_33Features;classifier;classifier;classifier;N/A;N/A;N/A;2000;100;67;8600;0,0000;0,0000;0,0000;0,0000;0,0000;0,0000;0;0;0;0
20260614_0639;Recorrência_25;classification;LeveragingBagging;Default_33Features;classifier;classifier;classifier;N/A;N/A;N/A;2000;100;68;8700;77,4737;3,0941;100,0000;0,0000;63,3333;4,0825;0;0;5;1
20260614_0639;Recorrência_25;classification;LeveragingBagging;Default_33Features;classifier;classifier;classifier;N/A;N/A;N/A;2000;100;69;8800;0,0000;0,0000;0,0000;0,0000;0,0000;0,0000;0;0;0;0
20260614_0639;Recorrência_25;classification;LeveragingBagging;Default_33Features;classifier;classifier;classifier;N/A;N/A;N/A;2000;100;70;8900;0,0000;0,0000;0,0000;0,0000;0,0000;0,0000;0;0;0;0
20260614_0639;Recorrência_25;classification;LeveragingBagging;Default_33Features;classifier;classifier;classifier;N/A;N/A;N/A;2000;100;71;9000;0,0000;0,0000;0,0000;0,0000;0,0000;0,0000;0;0;0;0
20260614_0639;Recorrência_25;classification;LeveragingBagging;Default_33Features;classifier;classifier;classifier;N/A;N/A;N/A;2000;100;72;9100;0,0000;0,0000;0,0000;0,0000;0,0000;0,0000;0;0;0;0
20260614_0639;Recorrência_25;classification;LeveragingBagging;Default_33Features;classifier;classifier;classifier;N/A;N/A;N/A;2000;100;73;9200;0,0000;0,0000;0,0000;0,0000;0,0000;0,0000;0;0;0;0
20260614_0639;Recorrência_25;classification;LeveragingBagging;Default_33Features;classifier;classifier;classifier;N/A;N/A;N/A;2000;100;74;9300;0,0000;0,0000;0,0000;0,0000;0,0000;0,0000;0;0;0;0
20260614_0639;Recorrência_25;classification;LeveragingBagging;Default_33Features;classifier;classifier;classifier;N/A;N/A;N/A;2000;100;75;9400;0,0000;0,0000;0,0000;0,0000;0,0000;0,0000;0;0;0;0
20260614_0639;Recorrência_25;classification;LeveragingBagging;Default_33Features;classifier;classifier;classifier;N/A;N/A;N/A;2000;100;76;9500;0,0000;0,0000;0,0000;0,0000;0,0000;0,0000;0;0;0;0
20260614_0639;Recorrência_25;classification;LeveragingBagging;Default_33Features;classifier;classifier;classifier;N/A;N/A;N/A;2000;100;77;9600;0,0000;0,0000;0,0000;0,0000;0,0000;0,0000;0;0;0;0
20260614_0639;Recorrência_25;classification;LeveragingBagging;Default_33Features;classifier;classifier;classifier;N/A;N/A;N/A;2000;100;78;9700;0,0000;0,0000;0,0000;0,0000;0,0000;0,0000;0;0;0;0
20260614_0639;Recorrência_25;classification;LeveragingBagging;Default_33Features;classifier;classifier;classifier;N/A;N/A;N/A;2000;100;79;9800;0,0000;0,0000;0,0000;0,0000;0,0000;0,0000;0;0;0;0
20260614_0639;Recorrência_25;classification;LeveragingBagging;Default_33Features;classifier;classifier;classifier;N/A;N/A;N/A;2000;100;80;9900;0,0000;0,0000;0,0000;0,0000;0,0000;0,0000;0;0;0;0
20260614_0639;Recorrência_25;classification;LeveragingBagging;Default_33Features;classifier;classifier;classifier;N/A;N/A;N/A;2000;100;81;10000;0,0000;0,0000;0,0000;0,0000;0,0000;0,0000;0;0;0;0
20260614_0639;Recorrência_25;classification;LeveragingBagging;Default_33Features;classifier;classifier;classifier;N/A;N/A;N/A;2000;100;82;10100;0,0000;0,0000;0,0000;0,0000;0,0000;0,0000;0;0;0;0
20260614_0639;Recorrência_25;classification;LeveragingBagging;Default_33Features;classifier;classifier;classifier;N/A;N/A;N/A;2000;100;83;10200;0,0000;0,0000;0,0000;0,0000;0,0000;0,0000;0;0;0;0
20260614_0639;Recorrência_25;classification;LeveragingBagging;Default_33Features;classifier;classifier;classifier;N/A;N/A;N/A;2000;100;84;10300;0,0000;0,0000;0,0000;0,0000;0,0000;0,0000;0;0;0;0
20260614_0639;Recorrência_25;classification;LeveragingBagging;Default_33Features;classifier;classifier;classifier;N/A;N/A;N/A;2000;100;85;10400;0,0000;0,0000;0,0000;0,0000;0,0000;0,0000;0;0;0;0
20260614_0639;Recorrência_25;classification;LeveragingBagging;Default_33Features;classifier;classifier;classifier;N/A;N/A;N/A;2000;100;86;10500;0,0000;0,0000;0,0000;0,0000;0,0000;0,0000;0;0;0;0
20260614_0639;Recorrência_25;classification;LeveragingBagging;Default_33Features;classifier;classifier;classifier;N/A;N/A;N/A;2000;100;87;10600;0,0000;0,0000;0,0000;0,0000;0,0000;0,0000;0;0;0;0
20260614_0639;Recorrência_25;classification;LeveragingBagging;Default_33Features;classifier;classifier;classifier;N/A;N/A;N/A;2000;100;88;10700;0,0000;0,0000;0,0000;0,0000;0,0000;0,0000;0;0;0;0
20260614_0639;Recorrência_25;classification;LeveragingBagging;Default_33Features;classifier;classifier;classifier;N/A;N/A;N/A;2000;100;89;10800;33,3333;0,0000;100,0000;0,0000;20,0000;0,0000;0;0;8;0
20260614_0639;Recorrência_25;classification;LeveragingBagging;Default_33Features;classifier;classifier;classifier;N/A;N/A;N/A;2000;100;90;10900;0,0000;0,0000;0,0000;0,0000;0,0000;0,0000;0;0;0;0
20260614_0639;Recorrência_25;classification;LeveragingBagging;Default_33Features;classifier;classifier;classifier;N/A;N/A;N/A;2000;100;91;11000;0,0000;0,0000;0,0000;0,0000;0,0000;0,0000;0;0;0;0
20260614_0639;Recorrência_25;classification;LeveragingBagging;Default_33Features;classifier;classifier;classifier;N/A;N/A;N/A;2000;100;92;11100;0,0000;0,0000;0,0000;0,0000;0,0000;0,0000;0;0;0;0
20260614_0639;Recorrência_25;classification;LeveragingBagging;Default_33Features;classifier;classifier;classifier;N/A;N/A;N/A;2000;100;93;11200;0,0000;0,0000;0,0000;0,0000;0,0000;0,0000;0;0;0;0
20260614_0639;Recorrência_25;classification;LeveragingBagging;Default_33Features;classifier;classifier;classifier;N/A;N/A;N/A;2000;100;94;11300;0,0000;0,0000;0,0000;0,0000;0,0000;0,0000;0;0;0;0
20260614_0639;Recorrência_25;classification;LeveragingBagging;Default_33Features;classifier;classifier;classifier;N/A;N/A;N/A;2000;100;95;11400;0,0000;0,0000;0,0000;0,0000;0,0000;0,0000;0;0;0;0
20260614_0639;Recorrência_25;classification;LeveragingBagging;Default_33Features;classifier;classifier;classifier;N/A;N/A;N/A;2000;100;96;11500;0,0000;0,0000;0,0000;0,0000;0,0000;0,0000;0;0;0;0
20260614_0639;Recorrência_25;classification;LeveragingBagging;Default_33Features;classifier;classifier;classifier;N/A;N/A;N/A;2000;100;97;11600;0,0000;0,0000;0,0000;0,0000;0,0000;0,0000;0;0;0;0
20260614_0639;Recorrência_25;classification;LeveragingBagging;Default_33Features;classifier;classifier;classifier;N/A;N/A;N/A;2000;100;98;11700;0,0000;0,0000;0,0000;0,0000;0,0000;0,0000;0;0;0;0
20260614_0639;Recorrência_25;classification;LeveragingBagging;Default_33Features;classifier;classifier;classifier;N/A;N/A;N/A;2000;100;99;11800;0,0000;0,0000;0,0000;0,0000;0,0000;0,0000;0;0;0;0
20260614_0639;Recorrência_25;classification;LeveragingBagging;Default_33Features;classifier;classifier;classifier;N/A;N/A;N/A;2000;100;100;11900;0,0000;0,0000;0,0000;0,0000;0,0000;0,0000;0;0;0;0
20260614_0639;Recorrência_25;classification;LeveragingBagging;Default_33Features;classifier;classifier;classifier;N/A;N/A;N/A;2000;100;101;12000;0,0000;0,0000;0,0000;0,0000;0,0000;0,0000;0;0;0;0
20260614_0639;Recorrência_25;classification;LeveragingBagging;Default_33Features;classifier;classifier;classifier;N/A;N/A;N/A;2000;100;102;12100;0,0000;0,0000;0,0000;0,0000;0,0000;0,0000;0;0;0;0
20260614_0639;Recorrência_25;classification;LeveragingBagging;Default_33Features;classifier;classifier;classifier;N/A;N/A;N/A;2000;100;103;12200;0,0000;0,0000;0,0000;0,0000;0,0000;0,0000;0;0;0;0
20260614_0639;Recorrência_25;classification;LeveragingBagging;Default_33Features;classifier;classifier;classifier;N/A;N/A;N/A;2000;100;104;12300;0,0000;0,0000;0,0000;0,0000;0,0000;0,0000;0;0;0;0
20260614_0639;Recorrência_25;classification;LeveragingBagging;Default_33Features;classifier;classifier;classifier;N/A;N/A;N/A;2000;100;105;12400;0,0000;0,0000;0,0000;0,0000;0,0000;0,0000;0;0;0;0
20260614_0639;Recorrência_25;classification;LeveragingBagging;Default_33Features;classifier;classifier;classifier;N/A;N/A;N/A;2000;100;106;12500;0,0000;0,0000;0,0000;0,0000;0,0000;0,0000;0;0;0;0
20260614_0639;Recorrência_25;classification;LeveragingBagging;Default_33Features;classifier;classifier;classifier;N/A;N/A;N/A;2000;100;107;12600;0,0000;0,0000;0,0000;0,0000;0,0000;0,0000;0;0;0;0
20260614_0639;Recorrência_25;classification;LeveragingBagging;Default_33Features;classifier;classifier;classifier;N/A;N/A;N/A;2000;100;108;12700;0,0000;0,0000;0,0000;0,0000;0,0000;0,0000;0;0;0;0
20260614_0639;Recorrência_25;classification;LeveragingBagging;Default_33Features;classifier;classifier;classifier;N/A;N/A;N/A;2000;100;109;12800;0,0000;0,0000;0,0000;0,0000;0,0000;0,0000;0;0;0;0
20260614_0639;Recorrência_25;classification;LeveragingBagging;Default_33Features;classifier;classifier;classifier;N/A;N/A;N/A;2000;100;110;12900;0,0000;0,0000;0,0000;0,0000;0,0000;0,0000;0;0;0;0
20260614_0639;Recorrência_25;classification;LeveragingBagging;Default_33Features;classifier;classifier;classifier;N/A;N/A;N/A;2000;100;111;13000;96,5217;1,7391;100,0000;0,0000;93,3333;3,3333;0;0;1;1
20260614_0639;Recorrência_25;classification;LeveragingBagging;Default_33Features;classifier;classifier;classifier;N/A;N/A;N/A;2000;100;112;13100;0,0000;0,0000;0,0000;0,0000;0,0000;0,0000;0;0;0;0
20260614_0639;Recorrência_25;classification;LeveragingBagging;Default_33Features;classifier;classifier;classifier;N/A;N/A;N/A;2000;100;113;13200;0,0000;0,0000;0,0000;0,0000;0,0000;0,0000;0;0;0;0
20260614_0639;Recorrência_25;classification;LeveragingBagging;Default_33Features;classifier;classifier;classifier;N/A;N/A;N/A;2000;100;114;13300;0,0000;0,0000;0,0000;0,0000;0,0000;0,0000;0;0;0;0
20260614_0639;Recorrência_25;classification;LeveragingBagging;Default_33Features;classifier;classifier;classifier;N/A;N/A;N/A;2000;100;115;13400;0,0000;0,0000;0,0000;0,0000;0,0000;0,0000;0;0;0;0
20260614_0639;Recorrência_25;classification;LeveragingBagging;Default_33Features;classifier;classifier;classifier;N/A;N/A;N/A;2000;100;116;13500;0,0000;0,0000;0,0000;0,0000;0,0000;0,0000;0;0;0;0
20260614_0639;Recorrência_25;classification;LeveragingBagging;Default_33Features;classifier;classifier;classifier;N/A;N/A;N/A;2000;100;117;13600;0,0000;0,0000;0,0000;0,0000;0,0000;0,0000;0;0;0;0
20260614_0639;Recorrência_25;classification;LeveragingBagging;Default_33Features;classifier;classifier;classifier;N/A;N/A;N/A;2000;100;118;13700;0,0000;0,0000;0,0000;0,0000;0,0000;0,0000;0;0;0;0
20260614_0639;Recorrência_25;classification;LeveragingBagging;Default_33Features;classifier;classifier;classifier;N/A;N/A;N/A;2000;100;119;13800;0,0000;0,0000;0,0000;0,0000;0,0000;0,0000;0;0;0;0
20260614_0639;Recorrência_25;classification;LeveragingBagging;Default_33Features;classifier;classifier;classifier;N/A;N/A;N/A;2000;100;120;13900;0,0000;0,0000;0,0000;0,0000;0,0000;0,0000;0;0;0;0
20260614_0639;Recorrência_25;classification;LeveragingBagging;Default_33Features;classifier;classifier;classifier;N/A;N/A;N/A;2000;100;121;14000;0,0000;0,0000;0,0000;0,0000;0,0000;0,0000;0;0;0;0
20260614_0639;Recorrência_25;classification;LeveragingBagging;Default_33Features;classifier;classifier;classifier;N/A;N/A;N/A;2000;100;122;14100;0,0000;0,0000;0,0000;0,0000;0,0000;0,0000;0;0;0;0
20260614_0639;Recorrência_25;classification;LeveragingBagging;Default_33Features;classifier;classifier;classifier;N/A;N/A;N/A;2000;100;123;14200;0,0000;0,0000;0,0000;0,0000;0,0000;0,0000;0;0;0;0
20260614_0639;Recorrência_25;classification;LeveragingBagging;Default_33Features;classifier;classifier;classifier;N/A;N/A;N/A;2000;100;124;14300;0,0000;0,0000;0,0000;0,0000;0,0000;0,0000;0;0;0;0
20260614_0639;Recorrência_25;classification;LeveragingBagging;Default_33Features;classifier;classifier;classifier;N/A;N/A;N/A;2000;100;125;14400;0,0000;0,0000;0,0000;0,0000;0,0000;0,0000;0;0;0;0
20260614_0639;Recorrência_25;classification;LeveragingBagging;Default_33Features;classifier;classifier;classifier;N/A;N/A;N/A;2000;100;126;14500;0,0000;0,0000;0,0000;0,0000;0,0000;0,0000;0;0;0;0
20260614_0639;Recorrência_25;classification;LeveragingBagging;Default_33Features;classifier;classifier;classifier;N/A;N/A;N/A;2000;100;127;14600;0,0000;0,0000;0,0000;0,0000;0,0000;0,0000;0;0;0;0
20260614_0639;Recorrência_25;classification;LeveragingBagging;Default_33Features;classifier;classifier;classifier;N/A;N/A;N/A;2000;100;128;14700;0,0000;0,0000;0,0000;0,0000;0,0000;0,0000;0;0;0;0
20260614_0639;Recorrência_25;classification;LeveragingBagging;Default_33Features;classifier;classifier;classifier;N/A;N/A;N/A;2000;100;129;14800;0,0000;0,0000;0,0000;0,0000;0,0000;0,0000;0;0;0;0
20260614_0639;Recorrência_25;classification;LeveragingBagging;Default_33Features;classifier;classifier;classifier;N/A;N/A;N/A;2000;100;130;14900;0,0000;0,0000;0,0000;0,0000;0,0000;0,0000;0;0;0;0
20260614_0639;Recorrência_25;classification;LeveragingBagging;Default_33Features;classifier;classifier;classifier;N/A;N/A;N/A;2000;100;131;15000;0,0000;0,0000;0,0000;0,0000;0,0000;0,0000;0;0;0;0
20260614_0639;Recorrência_200;classification;LeveragingBagging;Default_33Features;classifier;classifier;classifier;N/A;N/A;N/A;2000;100;1;2000;0,0000;0,0000;0,0000;0,0000;0,0000;0,0000;0;0;0;0
20260614_0639;Recorrência_200;classification;LeveragingBagging;Default_33Features;classifier;classifier;classifier;N/A;N/A;N/A;2000;100;2;2100;0,0000;0,0000;0,0000;0,0000;0,0000;0,0000;0;0;0;0
20260614_0639;Recorrência_200;classification;LeveragingBagging;Default_33Features;classifier;classifier;classifier;N/A;N/A;N/A;2000;100;3;2200;95,4128;0,0000;98,1132;0,0000;92,8571;0,0000;1;0;4;0
20260614_0639;Recorrência_200;classification;LeveragingBagging;Default_33Features;classifier;classifier;classifier;N/A;N/A;N/A;2000;100;4;2300;95,2421;0,6188;90,9231;1,1305;100,0000;0,0000;4;1;0;0
20260614_0639;Recorrência_200;classification;LeveragingBagging;Default_33Features;classifier;classifier;classifier;N/A;N/A;N/A;2000;100;5;2400;0,0000;0,0000;0,0000;0,0000;0,0000;0,0000;1;0;0;0
20260614_0639;Recorrência_200;classification;LeveragingBagging;Default_33Features;classifier;classifier;classifier;N/A;N/A;N/A;2000;100;6;2500;0,0000;0,0000;0,0000;0,0000;0,0000;0,0000;1;1;0;0
20260614_0639;Recorrência_200;classification;LeveragingBagging;Default_33Features;classifier;classifier;classifier;N/A;N/A;N/A;2000;100;7;2600;0,0000;0,0000;0,0000;0,0000;0,0000;0,0000;0;0;0;0
20260614_0639;Recorrência_200;classification;LeveragingBagging;Default_33Features;classifier;classifier;classifier;N/A;N/A;N/A;2000;100;8;2700;0,0000;0,0000;0,0000;0,0000;0,0000;0,0000;0;0;0;0
20260614_0639;Recorrência_200;classification;LeveragingBagging;Default_33Features;classifier;classifier;classifier;N/A;N/A;N/A;2000;100;9;2800;0,0000;0,0000;0,0000;0,0000;0,0000;0,0000;0;0;0;0
20260614_0639;Recorrência_200;classification;LeveragingBagging;Default_33Features;classifier;classifier;classifier;N/A;N/A;N/A;2000;100;10;2900;0,0000;0,0000;0,0000;0,0000;0,0000;0,0000;0;0;0;0
20260614_0639;Recorrência_200;classification;LeveragingBagging;Default_33Features;classifier;classifier;classifier;N/A;N/A;N/A;2000;100;11;3000;0,0000;0,0000;0,0000;0,0000;0,0000;0,0000;0;0;0;0
20260614_0639;Recorrência_200;classification;LeveragingBagging;Default_33Features;classifier;classifier;classifier;N/A;N/A;N/A;2000;100;12;3100;0,0000;0,0000;0,0000;0,0000;0,0000;0,0000;1;0;0;0
20260614_0639;Recorrência_200;classification;LeveragingBagging;Default_33Features;classifier;classifier;classifier;N/A;N/A;N/A;2000;100;13;3200;0,0000;0,0000;0,0000;0,0000;0,0000;0,0000;0;0;0;0
20260614_0639;Recorrência_200;classification;LeveragingBagging;Default_33Features;classifier;classifier;classifier;N/A;N/A;N/A;2000;100;14;3300;0,0000;0,0000;0,0000;0,0000;0,0000;0,0000;0;0;0;0
20260614_0639;Recorrência_200;classification;LeveragingBagging;Default_33Features;classifier;classifier;classifier;N/A;N/A;N/A;2000;100;15;3400;0,0000;0,0000;0,0000;0,0000;0,0000;0,0000;0;0;0;0
20260614_0639;Recorrência_200;classification;LeveragingBagging;Default_33Features;classifier;classifier;classifier;N/A;N/A;N/A;2000;100;16;3500;0,0000;0,0000;0,0000;0,0000;0,0000;0,0000;0;0;0;0
20260614_0639;Recorrência_200;classification;LeveragingBagging;Default_33Features;classifier;classifier;classifier;N/A;N/A;N/A;2000;100;17;3600;0,0000;0,0000;0,0000;0,0000;0,0000;0,0000;0;0;0;0
20260614_0639;Recorrência_200;classification;LeveragingBagging;Default_33Features;classifier;classifier;classifier;N/A;N/A;N/A;2000;100;18;3700;0,0000;0,0000;0,0000;0,0000;0,0000;0,0000;0;0;0;0
20260614_0639;Recorrência_200;classification;LeveragingBagging;Default_33Features;classifier;classifier;classifier;N/A;N/A;N/A;2000;100;19;3800;0,0000;0,0000;0,0000;0,0000;0,0000;0,0000;0;0;0;0
20260614_0639;Recorrência_200;classification;LeveragingBagging;Default_33Features;classifier;classifier;classifier;N/A;N/A;N/A;2000;100;20;3900;0,0000;0,0000;0,0000;0,0000;0,0000;0,0000;0;0;0;0
20260614_0639;Recorrência_200;classification;LeveragingBagging;Default_33Features;classifier;classifier;classifier;N/A;N/A;N/A;2000;100;21;4000;0,0000;0,0000;0,0000;0,0000;0,0000;0,0000;0;0;0;0
20260614_0639;Recorrência_200;classification;LeveragingBagging;Default_33Features;classifier;classifier;classifier;N/A;N/A;N/A;2000;100;22;4100;0,0000;0,0000;0,0000;0,0000;0,0000;0,0000;0;0;0;0
20260614_0639;Recorrência_200;classification;LeveragingBagging;Default_33Features;classifier;classifier;classifier;N/A;N/A;N/A;2000;100;23;4200;0,0000;0,0000;0,0000;0,0000;0,0000;0,0000;0;0;0;0
20260614_0639;Recorrência_200;classification;LeveragingBagging;Default_33Features;classifier;classifier;classifier;N/A;N/A;N/A;2000;100;24;4300;0,0000;0,0000;0,0000;0,0000;0,0000;0,0000;0;0;0;0
20260614_0639;Recorrência_200;classification;LeveragingBagging;Default_33Features;classifier;classifier;classifier;N/A;N/A;N/A;2000;100;25;4400;12,5000;0,0000;100,0000;0,0000;6,6667;0,0000;0;0;14;0
20260614_0639;Recorrência_200;classification;LeveragingBagging;Default_33Features;classifier;classifier;classifier;N/A;N/A;N/A;2000;100;26;4500;15,1411;0,8290;100,0000;0,0000;8,1928;0,4819;0;0;77;1
20260614_0639;Recorrência_200;classification;LeveragingBagging;Default_33Features;classifier;classifier;classifier;N/A;N/A;N/A;2000;100;27;4600;0,0000;0,0000;0,0000;0,0000;0,0000;0,0000;0;0;0;0
20260614_0639;Recorrência_200;classification;LeveragingBagging;Default_33Features;classifier;classifier;classifier;N/A;N/A;N/A;2000;100;28;4700;0,0000;0,0000;0,0000;0,0000;0,0000;0,0000;0;0;0;0
20260614_0639;Recorrência_200;classification;LeveragingBagging;Default_33Features;classifier;classifier;classifier;N/A;N/A;N/A;2000;100;29;4800;0,0000;0,0000;0,0000;0,0000;0,0000;0,0000;1;1;0;0
20260614_0639;Recorrência_200;classification;LeveragingBagging;Default_33Features;classifier;classifier;classifier;N/A;N/A;N/A;2000;100;30;4900;0,0000;0,0000;0,0000;0,0000;0,0000;0,0000;0;0;0;0
20260614_0639;Recorrência_200;classification;LeveragingBagging;Default_33Features;classifier;classifier;classifier;N/A;N/A;N/A;2000;100;31;5000;0,0000;0,0000;0,0000;0,0000;0,0000;0,0000;0;0;0;0
20260614_0639;Recorrência_200;classification;LeveragingBagging;Default_33Features;classifier;classifier;classifier;N/A;N/A;N/A;2000;100;32;5100;0,0000;0,0000;0,0000;0,0000;0,0000;0,0000;0;0;0;0
20260614_0639;Recorrência_200;classification;LeveragingBagging;Default_33Features;classifier;classifier;classifier;N/A;N/A;N/A;2000;100;33;5200;0,0000;0,0000;0,0000;0,0000;0,0000;0,0000;0;0;0;0
20260614_0639;Recorrência_200;classification;LeveragingBagging;Default_33Features;classifier;classifier;classifier;N/A;N/A;N/A;2000;100;34;5300;0,0000;0,0000;0,0000;0,0000;0,0000;0,0000;0;0;0;0
20260614_0639;Recorrência_200;classification;LeveragingBagging;Default_33Features;classifier;classifier;classifier;N/A;N/A;N/A;2000;100;35;5400;0,0000;0,0000;0,0000;0,0000;0,0000;0,0000;0;0;0;0
20260614_0639;Recorrência_200;classification;LeveragingBagging;Default_33Features;classifier;classifier;classifier;N/A;N/A;N/A;2000;100;36;5500;0,0000;0,0000;0,0000;0,0000;0,0000;0,0000;0;0;0;0
20260614_0639;Recorrência_200;classification;LeveragingBagging;Default_33Features;classifier;classifier;classifier;N/A;N/A;N/A;2000;100;37;5600;0,0000;0,0000;0,0000;0,0000;0,0000;0,0000;0;0;0;0
20260614_0639;Recorrência_200;classification;LeveragingBagging;Default_33Features;classifier;classifier;classifier;N/A;N/A;N/A;2000;100;38;5700;0,0000;0,0000;0,0000;0,0000;0,0000;0,0000;0;0;0;0
20260614_0639;Recorrência_200;classification;LeveragingBagging;Default_33Features;classifier;classifier;classifier;N/A;N/A;N/A;2000;100;39;5800;0,0000;0,0000;0,0000;0,0000;0,0000;0,0000;0;0;0;0
20260614_0639;Recorrência_200;classification;LeveragingBagging;Default_33Features;classifier;classifier;classifier;N/A;N/A;N/A;2000;100;40;5900;0,0000;0,0000;0,0000;0,0000;0,0000;0,0000;0;0;0;0
20260614_0639;Recorrência_200;classification;LeveragingBagging;Default_33Features;classifier;classifier;classifier;N/A;N/A;N/A;2000;100;41;6000;0,0000;0,0000;0,0000;0,0000;0,0000;0,0000;0;0;0;0
20260614_0639;Recorrência_200;classification;LeveragingBagging;Default_33Features;classifier;classifier;classifier;N/A;N/A;N/A;2000;100;42;6100;0,0000;0,0000;0,0000;0,0000;0,0000;0,0000;0;0;0;0
20260614_0639;Recorrência_200;classification;LeveragingBagging;Default_33Features;classifier;classifier;classifier;N/A;N/A;N/A;2000;100;43;6200;0,0000;0,0000;0,0000;0,0000;0,0000;0,0000;0;0;0;0
20260614_0639;Recorrência_200;classification;LeveragingBagging;Default_33Features;classifier;classifier;classifier;N/A;N/A;N/A;2000;100;44;6300;0,0000;0,0000;0,0000;0,0000;0,0000;0,0000;0;0;0;0
20260614_0639;Recorrência_200;classification;LeveragingBagging;Default_33Features;classifier;classifier;classifier;N/A;N/A;N/A;2000;100;45;6400;0,0000;0,0000;0,0000;0,0000;0,0000;0,0000;0;0;0;0
20260614_0639;Recorrência_200;classification;LeveragingBagging;Default_33Features;classifier;classifier;classifier;N/A;N/A;N/A;2000;100;46;6500;0,0000;0,0000;0,0000;0,0000;0,0000;0,0000;0;0;0;0
20260614_0639;Recorrência_200;classification;LeveragingBagging;Default_33Features;classifier;classifier;classifier;N/A;N/A;N/A;2000;100;47;6600;0,0000;0,0000;0,0000;0,0000;0,0000;0,0000;0;0;0;0
20260614_0639;Recorrência_200;classification;LeveragingBagging;Default_33Features;classifier;classifier;classifier;N/A;N/A;N/A;2000;100;48;6700;95,3943;0,5787;100,0000;0,0000;91,2000;1,0667;0;0;7;1
20260614_0639;Recorrência_200;classification;LeveragingBagging;Default_33Features;classifier;classifier;classifier;N/A;N/A;N/A;2000;100;49;6800;97,9592;0,0000;100,0000;0,0000;96,0000;0,0000;0;0;1;0
20260614_0639;Recorrência_200;classification;LeveragingBagging;Default_33Features;classifier;classifier;classifier;N/A;N/A;N/A;2000;100;50;6900;0,0000;0,0000;0,0000;0,0000;0,0000;0,0000;0;0;0;0
20260614_0639;Recorrência_200;classification;LeveragingBagging;Default_33Features;classifier;classifier;classifier;N/A;N/A;N/A;2000;100;51;7000;0,0000;0,0000;0,0000;0,0000;0,0000;0,0000;0;0;0;0
20260614_0639;Recorrência_200;classification;LeveragingBagging;Default_33Features;classifier;classifier;classifier;N/A;N/A;N/A;2000;100;52;7100;0,0000;0,0000;0,0000;0,0000;0,0000;0,0000;0;0;0;0
20260614_0639;Recorrência_200;classification;LeveragingBagging;Default_33Features;classifier;classifier;classifier;N/A;N/A;N/A;2000;100;53;7200;0,0000;0,0000;0,0000;0,0000;0,0000;0,0000;0;0;0;0
20260614_0639;Recorrência_200;classification;LeveragingBagging;Default_33Features;classifier;classifier;classifier;N/A;N/A;N/A;2000;100;54;7300;0,0000;0,0000;0,0000;0,0000;0,0000;0,0000;0;0;0;0
20260614_0639;Recorrência_200;classification;LeveragingBagging;Default_33Features;classifier;classifier;classifier;N/A;N/A;N/A;2000;100;55;7400;0,0000;0,0000;0,0000;0,0000;0,0000;0,0000;0;0;0;0
20260614_0639;Recorrência_200;classification;LeveragingBagging;Default_33Features;classifier;classifier;classifier;N/A;N/A;N/A;2000;100;56;7500;0,0000;0,0000;0,0000;0,0000;0,0000;0,0000;0;0;0;0
20260614_0639;Recorrência_200;classification;LeveragingBagging;Default_33Features;classifier;classifier;classifier;N/A;N/A;N/A;2000;100;57;7600;0,0000;0,0000;0,0000;0,0000;0,0000;0,0000;0;0;0;0
20260614_0639;Recorrência_200;classification;LeveragingBagging;Default_33Features;classifier;classifier;classifier;N/A;N/A;N/A;2000;100;58;7700;0,0000;0,0000;0,0000;0,0000;0,0000;0,0000;0;0;0;0
20260614_0639;Recorrência_200;classification;LeveragingBagging;Default_33Features;classifier;classifier;classifier;N/A;N/A;N/A;2000;100;59;7800;0,0000;0,0000;0,0000;0,0000;0,0000;0,0000;0;0;0;0
20260614_0639;Recorrência_200;classification;LeveragingBagging;Default_33Features;classifier;classifier;classifier;N/A;N/A;N/A;2000;100;60;7900;0,0000;0,0000;0,0000;0,0000;0,0000;0,0000;0;0;0;0
20260614_0639;Recorrência_200;classification;LeveragingBagging;Default_33Features;classifier;classifier;classifier;N/A;N/A;N/A;2000;100;61;8000;0,0000;0,0000;0,0000;0,0000;0,0000;0,0000;0;0;0;0
20260614_0639;Recorrência_200;classification;LeveragingBagging;Default_33Features;classifier;classifier;classifier;N/A;N/A;N/A;2000;100;62;8100;0,0000;0,0000;0,0000;0,0000;0,0000;0,0000;0;0;0;0
20260614_0639;Recorrência_200;classification;LeveragingBagging;Default_33Features;classifier;classifier;classifier;N/A;N/A;N/A;2000;100;63;8200;0,0000;0,0000;0,0000;0,0000;0,0000;0,0000;0;0;0;0
20260614_0639;Recorrência_200;classification;LeveragingBagging;Default_33Features;classifier;classifier;classifier;N/A;N/A;N/A;2000;100;64;8300;0,0000;0,0000;0,0000;0,0000;0,0000;0,0000;0;0;0;0
20260614_0639;Recorrência_200;classification;LeveragingBagging;Default_33Features;classifier;classifier;classifier;N/A;N/A;N/A;2000;100;65;8400;0,0000;0,0000;0,0000;0,0000;0,0000;0,0000;0;0;0;0
20260614_0639;Recorrência_200;classification;LeveragingBagging;Default_33Features;classifier;classifier;classifier;N/A;N/A;N/A;2000;100;66;8500;0,0000;0,0000;0,0000;0,0000;0,0000;0,0000;0;0;0;0
20260614_0639;Recorrência_200;classification;LeveragingBagging;Default_33Features;classifier;classifier;classifier;N/A;N/A;N/A;2000;100;67;8600;0,0000;0,0000;0,0000;0,0000;0,0000;0,0000;0;0;0;0
20260614_0639;Recorrência_200;classification;LeveragingBagging;Default_33Features;classifier;classifier;classifier;N/A;N/A;N/A;2000;100;68;8700;0,0000;0,0000;0,0000;0,0000;0,0000;0,0000;0;0;0;0
20260614_0639;Recorrência_200;classification;LeveragingBagging;Default_33Features;classifier;classifier;classifier;N/A;N/A;N/A;2000;100;69;8800;0,0000;0,0000;0,0000;0,0000;0,0000;0,0000;0;0;0;0
20260614_0639;Recorrência_200;classification;LeveragingBagging;Default_33Features;classifier;classifier;classifier;N/A;N/A;N/A;2000;100;70;8900;96,1236;2,3475;100,0000;0,0000;92,6316;4,2105;0;0;2;1
20260614_0639;Recorrência_200;classification;LeveragingBagging;Default_33Features;classifier;classifier;classifier;N/A;N/A;N/A;2000;100;71;9000;96,8750;0,0000;100,0000;0,0000;93,9394;0,0000;0;0;4;0
20260614_0639;Recorrência_200;classification;LeveragingBagging;Default_33Features;classifier;classifier;classifier;N/A;N/A;N/A;2000;100;72;9100;0,0000;0,0000;0,0000;0,0000;0,0000;0,0000;0;0;0;0
20260614_0639;Recorrência_200;classification;LeveragingBagging;Default_33Features;classifier;classifier;classifier;N/A;N/A;N/A;2000;100;73;9200;0,0000;0,0000;0,0000;0,0000;0,0000;0,0000;0;0;0;0
20260614_0639;Recorrência_200;classification;LeveragingBagging;Default_33Features;classifier;classifier;classifier;N/A;N/A;N/A;2000;100;74;9300;0,0000;0,0000;0,0000;0,0000;0,0000;0,0000;0;0;0;0
20260614_0639;Recorrência_200;classification;LeveragingBagging;Default_33Features;classifier;classifier;classifier;N/A;N/A;N/A;2000;100;75;9400;0,0000;0,0000;0,0000;0,0000;0,0000;0,0000;0;0;0;0
20260614_0639;Recorrência_200;classification;LeveragingBagging;Default_33Features;classifier;classifier;classifier;N/A;N/A;N/A;2000;100;76;9500;0,0000;0,0000;0,0000;0,0000;0,0000;0,0000;0;0;0;0
20260614_0639;Recorrência_200;classification;LeveragingBagging;Default_33Features;classifier;classifier;classifier;N/A;N/A;N/A;2000;100;77;9600;0,0000;0,0000;0,0000;0,0000;0,0000;0,0000;0;0;0;0
20260614_0639;Recorrência_200;classification;LeveragingBagging;Default_33Features;classifier;classifier;classifier;N/A;N/A;N/A;2000;100;78;9700;0,0000;0,0000;0,0000;0,0000;0,0000;0,0000;0;0;0;0
20260614_0639;Recorrência_200;classification;LeveragingBagging;Default_33Features;classifier;classifier;classifier;N/A;N/A;N/A;2000;100;79;9800;0,0000;0,0000;0,0000;0,0000;0,0000;0,0000;0;0;0;0
20260614_0639;Recorrência_200;classification;LeveragingBagging;Default_33Features;classifier;classifier;classifier;N/A;N/A;N/A;2000;100;80;9900;0,0000;0,0000;0,0000;0,0000;0,0000;0,0000;0;0;0;0
20260614_0639;Recorrência_200;classification;LeveragingBagging;Default_33Features;classifier;classifier;classifier;N/A;N/A;N/A;2000;100;81;10000;0,0000;0,0000;0,0000;0,0000;0,0000;0,0000;0;0;0;0
20260614_0639;Recorrência_200;classification;LeveragingBagging;Default_33Features;classifier;classifier;classifier;N/A;N/A;N/A;2000;100;82;10100;0,0000;0,0000;0,0000;0,0000;0,0000;0,0000;0;0;0;0
20260614_0639;Recorrência_200;classification;LeveragingBagging;Default_33Features;classifier;classifier;classifier;N/A;N/A;N/A;2000;100;83;10200;0,0000;0,0000;0,0000;0,0000;0,0000;0,0000;0;0;0;0
20260614_0639;Recorrência_200;classification;LeveragingBagging;Default_33Features;classifier;classifier;classifier;N/A;N/A;N/A;2000;100;84;10300;0,0000;0,0000;0,0000;0,0000;0,0000;0,0000;0;0;0;0
20260614_0639;Recorrência_200;classification;LeveragingBagging;Default_33Features;classifier;classifier;classifier;N/A;N/A;N/A;2000;100;85;10400;0,0000;0,0000;0,0000;0,0000;0,0000;0,0000;0;0;0;0
20260614_0639;Recorrência_200;classification;LeveragingBagging;Default_33Features;classifier;classifier;classifier;N/A;N/A;N/A;2000;100;86;10500;0,0000;0,0000;0,0000;0,0000;0,0000;0,0000;0;0;0;0
20260614_0639;Recorrência_200;classification;LeveragingBagging;Default_33Features;classifier;classifier;classifier;N/A;N/A;N/A;2000;100;87;10600;0,0000;0,0000;0,0000;0,0000;0,0000;0,0000;0;0;0;0
20260614_0639;Recorrência_200;classification;LeveragingBagging;Default_33Features;classifier;classifier;classifier;N/A;N/A;N/A;2000;100;88;10700;0,0000;0,0000;0,0000;0,0000;0,0000;0,0000;0;0;0;0
20260614_0639;Recorrência_200;classification;LeveragingBagging;Default_33Features;classifier;classifier;classifier;N/A;N/A;N/A;2000;100;89;10800;0,0000;0,0000;0,0000;0,0000;0,0000;0,0000;0;0;0;0
20260614_0639;Recorrência_200;classification;LeveragingBagging;Default_33Features;classifier;classifier;classifier;N/A;N/A;N/A;2000;100;90;10900;0,0000;0,0000;0,0000;0,0000;0,0000;0,0000;0;0;0;0
20260614_0639;Recorrência_200;classification;LeveragingBagging;Default_33Features;classifier;classifier;classifier;N/A;N/A;N/A;2000;100;91;11000;0,0000;0,0000;0,0000;0,0000;0,0000;0,0000;0;0;0;0
20260614_0639;Recorrência_200;classification;LeveragingBagging;Default_33Features;classifier;classifier;classifier;N/A;N/A;N/A;2000;100;92;11100;0,0000;0,0000;0,0000;0,0000;0,0000;0,0000;0;0;0;0
20260614_0639;Recorrência_200;classification;LeveragingBagging;Default_33Features;classifier;classifier;classifier;N/A;N/A;N/A;2000;100;93;11200;46,0219;0,5184;100,0000;0,0000;29,8901;0,4396;0;0;64;1
20260614_0639;Recorrência_200;classification;LeveragingBagging;Default_33Features;classifier;classifier;classifier;N/A;N/A;N/A;2000;100;94;11300;50,0000;0,0000;100,0000;0,0000;33,3333;0,0000;0;0;6;0
20260614_0639;Recorrência_200;classification;LeveragingBagging;Default_33Features;classifier;classifier;classifier;N/A;N/A;N/A;2000;100;95;11400;0,0000;0,0000;0,0000;0,0000;0,0000;0,0000;0;0;0;0
20260614_0639;Recorrência_200;classification;LeveragingBagging;Default_33Features;classifier;classifier;classifier;N/A;N/A;N/A;2000;100;96;11500;0,0000;0,0000;0,0000;0,0000;0,0000;0,0000;0;0;0;0
20260614_0639;Recorrência_200;classification;LeveragingBagging;Default_33Features;classifier;classifier;classifier;N/A;N/A;N/A;2000;100;97;11600;0,0000;0,0000;0,0000;0,0000;0,0000;0,0000;0;0;0;0
20260614_0639;Recorrência_200;classification;LeveragingBagging;Default_33Features;classifier;classifier;classifier;N/A;N/A;N/A;2000;100;98;11700;0,0000;0,0000;0,0000;0,0000;0,0000;0,0000;0;0;0;0
20260614_0639;Recorrência_200;classification;LeveragingBagging;Default_33Features;classifier;classifier;classifier;N/A;N/A;N/A;2000;100;99;11800;0,0000;0,0000;0,0000;0,0000;0,0000;0,0000;0;0;0;0
20260614_0639;Recorrência_200;classification;LeveragingBagging;Default_33Features;classifier;classifier;classifier;N/A;N/A;N/A;2000;100;100;11900;0,0000;0,0000;0,0000;0,0000;0,0000;0,0000;0;0;0;0
20260614_0639;Recorrência_200;classification;LeveragingBagging;Default_33Features;classifier;classifier;classifier;N/A;N/A;N/A;2000;100;101;12000;0,0000;0,0000;0,0000;0,0000;0,0000;0,0000;0;0;0;0
20260614_0639;Recorrência_200;classification;LeveragingBagging;Default_33Features;classifier;classifier;classifier;N/A;N/A;N/A;2000;100;102;12100;0,0000;0,0000;0,0000;0,0000;0,0000;0,0000;0;0;0;0
20260614_0639;Recorrência_200;classification;LeveragingBagging;Default_33Features;classifier;classifier;classifier;N/A;N/A;N/A;2000;100;103;12200;0,0000;0,0000;0,0000;0,0000;0,0000;0,0000;0;0;0;0
20260614_0639;Recorrência_200;classification;LeveragingBagging;Default_33Features;classifier;classifier;classifier;N/A;N/A;N/A;2000;100;104;12300;0,0000;0,0000;0,0000;0,0000;0,0000;0,0000;0;0;0;0
20260614_0639;Recorrência_200;classification;LeveragingBagging;Default_33Features;classifier;classifier;classifier;N/A;N/A;N/A;2000;100;105;12400;0,0000;0,0000;0,0000;0,0000;0,0000;0,0000;0;0;0;0
20260614_0639;Recorrência_200;classification;LeveragingBagging;Default_33Features;classifier;classifier;classifier;N/A;N/A;N/A;2000;100;106;12500;0,0000;0,0000;0,0000;0,0000;0,0000;0,0000;0;0;0;0
20260614_0639;Recorrência_200;classification;LeveragingBagging;Default_33Features;classifier;classifier;classifier;N/A;N/A;N/A;2000;100;107;12600;0,0000;0,0000;0,0000;0,0000;0,0000;0,0000;0;0;0;0
20260614_0639;Recorrência_200;classification;LeveragingBagging;Default_33Features;classifier;classifier;classifier;N/A;N/A;N/A;2000;100;108;12700;0,0000;0,0000;0,0000;0,0000;0,0000;0,0000;0;0;0;0
20260614_0639;Recorrência_200;classification;LeveragingBagging;Default_33Features;classifier;classifier;classifier;N/A;N/A;N/A;2000;100;109;12800;0,0000;0,0000;0,0000;0,0000;0,0000;0,0000;0;0;0;0
20260614_0639;Recorrência_200;classification;LeveragingBagging;Default_33Features;classifier;classifier;classifier;N/A;N/A;N/A;2000;100;110;12900;0,0000;0,0000;0,0000;0,0000;0,0000;0,0000;0;0;0;0
20260614_0639;Recorrência_200;classification;LeveragingBagging;Default_33Features;classifier;classifier;classifier;N/A;N/A;N/A;2000;100;111;13000;0,0000;0,0000;0,0000;0,0000;0,0000;0,0000;0;0;0;0
20260614_0639;Recorrência_200;classification;LeveragingBagging;Default_33Features;classifier;classifier;classifier;N/A;N/A;N/A;2000;100;112;13100;0,0000;0,0000;0,0000;0,0000;0,0000;0,0000;0;0;0;0
20260614_0639;Recorrência_200;classification;LeveragingBagging;Default_33Features;classifier;classifier;classifier;N/A;N/A;N/A;2000;100;113;13200;0,0000;0,0000;0,0000;0,0000;0,0000;0,0000;0;0;0;0
20260614_0639;Recorrência_200;classification;LeveragingBagging;Default_33Features;classifier;classifier;classifier;N/A;N/A;N/A;2000;100;114;13300;0,0000;0,0000;0,0000;0,0000;0,0000;0,0000;0;0;0;0
20260614_0639;Recorrência_200;classification;LeveragingBagging;Default_33Features;classifier;classifier;classifier;N/A;N/A;N/A;2000;100;115;13400;100,0000;0,0000;100,0000;0,0000;100,0000;0,0000;0;0;0;0
20260614_0639;Recorrência_200;classification;LeveragingBagging;Default_33Features;classifier;classifier;classifier;N/A;N/A;N/A;2000;100;116;13500;100,0000;0,0000;100,0000;0,0000;100,0000;0,0000;0;0;0;0
20260614_0639;Recorrência_200;classification;LeveragingBagging;Default_33Features;classifier;classifier;classifier;N/A;N/A;N/A;2000;100;117;13600;0,0000;0,0000;0,0000;0,0000;0,0000;0,0000;0;0;0;0
20260614_0639;Recorrência_200;classification;LeveragingBagging;Default_33Features;classifier;classifier;classifier;N/A;N/A;N/A;2000;100;118;13700;0,0000;0,0000;0,0000;0,0000;0,0000;0,0000;0;0;0;0
20260614_0639;Recorrência_200;classification;LeveragingBagging;Default_33Features;classifier;classifier;classifier;N/A;N/A;N/A;2000;100;119;13800;0,0000;0,0000;0,0000;0,0000;0,0000;0,0000;0;0;0;0
20260614_0639;Recorrência_200;classification;LeveragingBagging;Default_33Features;classifier;classifier;classifier;N/A;N/A;N/A;2000;100;120;13900;0,0000;0,0000;0,0000;0,0000;0,0000;0,0000;0;0;0;0
20260614_0639;Recorrência_200;classification;LeveragingBagging;Default_33Features;classifier;classifier;classifier;N/A;N/A;N/A;2000;100;121;14000;0,0000;0,0000;0,0000;0,0000;0,0000;0,0000;0;0;0;0
20260614_0639;Recorrência_200;classification;LeveragingBagging;Default_33Features;classifier;classifier;classifier;N/A;N/A;N/A;2000;100;122;14100;0,0000;0,0000;0,0000;0,0000;0,0000;0,0000;0;0;0;0
20260614_0639;Recorrência_200;classification;LeveragingBagging;Default_33Features;classifier;classifier;classifier;N/A;N/A;N/A;2000;100;123;14200;0,0000;0,0000;0,0000;0,0000;0,0000;0,0000;0;0;0;0
20260614_0639;Recorrência_200;classification;LeveragingBagging;Default_33Features;classifier;classifier;classifier;N/A;N/A;N/A;2000;100;124;14300;0,0000;0,0000;0,0000;0,0000;0,0000;0,0000;0;0;0;0
20260614_0639;Recorrência_200;classification;LeveragingBagging;Default_33Features;classifier;classifier;classifier;N/A;N/A;N/A;2000;100;125;14400;0,0000;0,0000;0,0000;0,0000;0,0000;0,0000;0;0;0;0
20260614_0639;Recorrência_200;classification;LeveragingBagging;Default_33Features;classifier;classifier;classifier;N/A;N/A;N/A;2000;100;126;14500;0,0000;0,0000;0,0000;0,0000;0,0000;0,0000;0;0;0;0
20260614_0639;Recorrência_200;classification;LeveragingBagging;Default_33Features;classifier;classifier;classifier;N/A;N/A;N/A;2000;100;127;14600;0,0000;0,0000;0,0000;0,0000;0,0000;0,0000;0;0;0;0
20260614_0639;Recorrência_200;classification;LeveragingBagging;Default_33Features;classifier;classifier;classifier;N/A;N/A;N/A;2000;100;128;14700;0,0000;0,0000;0,0000;0,0000;0,0000;0,0000;0;0;0;0
20260614_0639;Recorrência_200;classification;LeveragingBagging;Default_33Features;classifier;classifier;classifier;N/A;N/A;N/A;2000;100;129;14800;0,0000;0,0000;0,0000;0,0000;0,0000;0,0000;0;0;0;0
20260614_0639;Recorrência_200;classification;LeveragingBagging;Default_33Features;classifier;classifier;classifier;N/A;N/A;N/A;2000;100;130;14900;0,0000;0,0000;0,0000;0,0000;0,0000;0,0000;0;0;0;0
20260614_0639;Recorrência_200;classification;LeveragingBagging;Default_33Features;classifier;classifier;classifier;N/A;N/A;N/A;2000;100;131;15000;0,0000;0,0000;0,0000;0,0000;0,0000;0,0000;0;0;0;0
20260614_0639;Recorrência_200;classification;LeveragingBagging;Default_33Features;classifier;classifier;classifier;N/A;N/A;N/A;2000;100;132;15100;0,0000;0,0000;0,0000;0,0000;0,0000;0,0000;0;0;0;0
20260614_0639;Recorrência_200;classification;LeveragingBagging;Default_33Features;classifier;classifier;classifier;N/A;N/A;N/A;2000;100;133;15200;0,0000;0,0000;0,0000;0,0000;0,0000;0,0000;0;0;0;0
20260614_0639;Recorrência_200;classification;LeveragingBagging;Default_33Features;classifier;classifier;classifier;N/A;N/A;N/A;2000;100;134;15300;0,0000;0,0000;0,0000;0,0000;0,0000;0,0000;0;0;0;0
20260614_0639;Recorrência_200;classification;LeveragingBagging;Default_33Features;classifier;classifier;classifier;N/A;N/A;N/A;2000;100;135;15400;0,0000;0,0000;0,0000;0,0000;0,0000;0,0000;0;0;0;0
20260614_0639;Recorrência_200;classification;LeveragingBagging;Default_33Features;classifier;classifier;classifier;N/A;N/A;N/A;2000;100;136;15500;0,0000;0,0000;0,0000;0,0000;0,0000;0,0000;0;0;0;0
20260614_0639;Recorrência_1000;classification;LeveragingBagging;Default_33Features;classifier;classifier;classifier;N/A;N/A;N/A;2000;100;1;2000;0,0000;0,0000;0,0000;0,0000;0,0000;0,0000;0;0;0;0
20260614_0639;Recorrência_1000;classification;LeveragingBagging;Default_33Features;classifier;classifier;classifier;N/A;N/A;N/A;2000;100;2;2100;0,0000;0,0000;0,0000;0,0000;0,0000;0,0000;0;0;0;0
20260614_0639;Recorrência_1000;classification;LeveragingBagging;Default_33Features;classifier;classifier;classifier;N/A;N/A;N/A;2000;100;3;2200;95,4128;0,0000;98,1132;0,0000;92,8571;0,0000;1;0;4;0
20260614_0639;Recorrência_1000;classification;LeveragingBagging;Default_33Features;classifier;classifier;classifier;N/A;N/A;N/A;2000;100;4;2300;99,3865;0,0000;98,7805;0,0000;100,0000;0,0000;1;0;0;0
20260614_0639;Recorrência_1000;classification;LeveragingBagging;Default_33Features;classifier;classifier;classifier;N/A;N/A;N/A;2000;100;5;2400;99,8974;0,2051;100,0000;0,0000;99,7959;0,4082;0;0;1;1
20260614_0639;Recorrência_1000;classification;LeveragingBagging;Default_33Features;classifier;classifier;classifier;N/A;N/A;N/A;2000;100;6;2500;98,5630;0,2030;97,1676;0,3958;100,0000;0,0000;3;1;0;0
20260614_0639;Recorrência_1000;classification;LeveragingBagging;Default_33Features;classifier;classifier;classifier;N/A;N/A;N/A;2000;100;7;2600;98,5651;0,2072;100,0000;0,0000;97,1717;0,4040;0;0;3;1
20260614_0639;Recorrência_1000;classification;LeveragingBagging;Default_33Features;classifier;classifier;classifier;N/A;N/A;N/A;2000;100;8;2700;90,6539;0,7460;85,0918;0,7983;97,0000;1,0000;7;1;2;1
20260614_0639;Recorrência_1000;classification;LeveragingBagging;Default_33Features;classifier;classifier;classifier;N/A;N/A;N/A;2000;100;9;2800;0,0000;0,0000;0,0000;0,0000;0,0000;0,0000;1;0;0;0
20260614_0639;Recorrência_1000;classification;LeveragingBagging;Default_33Features;classifier;classifier;classifier;N/A;N/A;N/A;2000;100;10;2900;0,0000;0,0000;0,0000;0,0000;0,0000;0,0000;1;0;0;0
20260614_0639;Recorrência_1000;classification;LeveragingBagging;Default_33Features;classifier;classifier;classifier;N/A;N/A;N/A;2000;100;11;3000;0,0000;0,0000;0,0000;0,0000;0,0000;0,0000;0;0;0;0
20260614_0639;Recorrência_1000;classification;LeveragingBagging;Default_33Features;classifier;classifier;classifier;N/A;N/A;N/A;2000;100;12;3100;0,0000;0,0000;0,0000;0,0000;0,0000;0,0000;0;0;0;0
20260614_0639;Recorrência_1000;classification;LeveragingBagging;Default_33Features;classifier;classifier;classifier;N/A;N/A;N/A;2000;100;13;3200;0,0000;0,0000;0,0000;0,0000;0,0000;0,0000;0;0;0;0
20260614_0639;Recorrência_1000;classification;LeveragingBagging;Default_33Features;classifier;classifier;classifier;N/A;N/A;N/A;2000;100;14;3300;0,0000;0,0000;0,0000;0,0000;0,0000;0,0000;0;0;0;0
20260614_0639;Recorrência_1000;classification;LeveragingBagging;Default_33Features;classifier;classifier;classifier;N/A;N/A;N/A;2000;100;15;3400;0,0000;0,0000;0,0000;0,0000;0,0000;0,0000;0;0;0;0
20260614_0639;Recorrência_1000;classification;LeveragingBagging;Default_33Features;classifier;classifier;classifier;N/A;N/A;N/A;2000;100;16;3500;0,0000;0,0000;0,0000;0,0000;0,0000;0,0000;0;0;0;0
20260614_0639;Recorrência_1000;classification;LeveragingBagging;Default_33Features;classifier;classifier;classifier;N/A;N/A;N/A;2000;100;17;3600;0,0000;0,0000;0,0000;0,0000;0,0000;0,0000;0;0;0;0
20260614_0639;Recorrência_1000;classification;LeveragingBagging;Default_33Features;classifier;classifier;classifier;N/A;N/A;N/A;2000;100;18;3700;0,0000;0,0000;0,0000;0,0000;0,0000;0,0000;1;1;0;0
20260614_0639;Recorrência_1000;classification;LeveragingBagging;Default_33Features;classifier;classifier;classifier;N/A;N/A;N/A;2000;100;19;3800;0,0000;0,0000;0,0000;0,0000;0,0000;0,0000;0;0;0;0
20260614_0639;Recorrência_1000;classification;LeveragingBagging;Default_33Features;classifier;classifier;classifier;N/A;N/A;N/A;2000;100;20;3900;0,0000;0,0000;0,0000;0,0000;0,0000;0,0000;0;0;0;0
20260614_0639;Recorrência_1000;classification;LeveragingBagging;Default_33Features;classifier;classifier;classifier;N/A;N/A;N/A;2000;100;21;4000;0,0000;0,0000;0,0000;0,0000;0,0000;0,0000;0;0;0;0
20260614_0639;Recorrência_1000;classification;LeveragingBagging;Default_33Features;classifier;classifier;classifier;N/A;N/A;N/A;2000;100;22;4100;0,0000;0,0000;0,0000;0,0000;0,0000;0,0000;0;0;0;0
20260614_0639;Recorrência_1000;classification;LeveragingBagging;Default_33Features;classifier;classifier;classifier;N/A;N/A;N/A;2000;100;23;4200;0,0000;0,0000;0,0000;0,0000;0,0000;0,0000;0;0;0;0
20260614_0639;Recorrência_1000;classification;LeveragingBagging;Default_33Features;classifier;classifier;classifier;N/A;N/A;N/A;2000;100;24;4300;0,0000;0,0000;0,0000;0,0000;0,0000;0,0000;0;0;0;0
20260614_0639;Recorrência_1000;classification;LeveragingBagging;Default_33Features;classifier;classifier;classifier;N/A;N/A;N/A;2000;100;25;4400;0,0000;0,0000;0,0000;0,0000;0,0000;0,0000;0;0;0;0
20260614_0639;Recorrência_1000;classification;LeveragingBagging;Default_33Features;classifier;classifier;classifier;N/A;N/A;N/A;2000;100;26;4500;0,0000;0,0000;0,0000;0,0000;0,0000;0,0000;0;0;0;0
20260614_0639;Recorrência_1000;classification;LeveragingBagging;Default_33Features;classifier;classifier;classifier;N/A;N/A;N/A;2000;100;27;4600;0,0000;0,0000;0,0000;0,0000;0,0000;0,0000;0;0;0;0
20260614_0639;Recorrência_1000;classification;LeveragingBagging;Default_33Features;classifier;classifier;classifier;N/A;N/A;N/A;2000;100;28;4700;0,0000;0,0000;0,0000;0,0000;0,0000;0,0000;0;0;0;0
20260614_0639;Recorrência_1000;classification;LeveragingBagging;Default_33Features;classifier;classifier;classifier;N/A;N/A;N/A;2000;100;29;4800;12,5000;0,0000;100,0000;0,0000;6,6667;0,0000;0;0;14;0
20260614_0639;Recorrência_1000;classification;LeveragingBagging;Default_33Features;classifier;classifier;classifier;N/A;N/A;N/A;2000;100;30;4900;15,1546;0,6796;100,0000;0,0000;8,2000;0,4000;0;0;92;1
20260614_0639;Recorrência_1000;classification;LeveragingBagging;Default_33Features;classifier;classifier;classifier;N/A;N/A;N/A;2000;100;31;5000;20,2791;13,5412;100,0000;0,0000;12,0000;9,5079;0;0;88;10
20260614_0639;Recorrência_1000;classification;LeveragingBagging;Default_33Features;classifier;classifier;classifier;N/A;N/A;N/A;2000;100;32;5100;29,1391;23,8935;100,0000;0,0000;20,0000;21,0808;0;0;80;22
20260614_0639;Recorrência_1000;classification;LeveragingBagging;Default_33Features;classifier;classifier;classifier;N/A;N/A;N/A;2000;100;33;5200;43,5778;22,5137;100,0000;0,0000;31,2000;23,2929;0;0;69;24
20260614_0639;Recorrência_1000;classification;LeveragingBagging;Default_33Features;classifier;classifier;classifier;N/A;N/A;N/A;2000;100;34;5300;72,0615;24,1774;100,0000;0,0000;61,4458;27,4635;0;0;32;23
20260614_0639;Recorrência_1000;classification;LeveragingBagging;Default_33Features;classifier;classifier;classifier;N/A;N/A;N/A;2000;100;35;5400;0,0000;0,0000;0,0000;0,0000;0,0000;0,0000;0;0;0;0
20260614_0639;Recorrência_1000;classification;LeveragingBagging;Default_33Features;classifier;classifier;classifier;N/A;N/A;N/A;2000;100;36;5500;0,0000;0,0000;0,0000;0,0000;0,0000;0,0000;0;0;0;0
20260614_0639;Recorrência_1000;classification;LeveragingBagging;Default_33Features;classifier;classifier;classifier;N/A;N/A;N/A;2000;100;37;5600;0,0000;0,0000;0,0000;0,0000;0,0000;0,0000;2;1;0;0
20260614_0639;Recorrência_1000;classification;LeveragingBagging;Default_33Features;classifier;classifier;classifier;N/A;N/A;N/A;2000;100;38;5700;0,0000;0,0000;0,0000;0,0000;0,0000;0,0000;0;0;0;0
20260614_0639;Recorrência_1000;classification;LeveragingBagging;Default_33Features;classifier;classifier;classifier;N/A;N/A;N/A;2000;100;39;5800;0,0000;0,0000;0,0000;0,0000;0,0000;0,0000;0;0;0;0
20260614_0639;Recorrência_1000;classification;LeveragingBagging;Default_33Features;classifier;classifier;classifier;N/A;N/A;N/A;2000;100;40;5900;0,0000;0,0000;0,0000;0,0000;0,0000;0,0000;0;0;0;0
20260614_0639;Recorrência_1000;classification;LeveragingBagging;Default_33Features;classifier;classifier;classifier;N/A;N/A;N/A;2000;100;41;6000;0,0000;0,0000;0,0000;0,0000;0,0000;0,0000;0;0;0;0
20260614_0639;Recorrência_1000;classification;LeveragingBagging;Default_33Features;classifier;classifier;classifier;N/A;N/A;N/A;2000;100;42;6100;0,0000;0,0000;0,0000;0,0000;0,0000;0,0000;0;0;0;0
20260614_0639;Recorrência_1000;classification;LeveragingBagging;Default_33Features;classifier;classifier;classifier;N/A;N/A;N/A;2000;100;43;6200;0,0000;0,0000;0,0000;0,0000;0,0000;0,0000;0;0;0;0
20260614_0639;Recorrência_1000;classification;LeveragingBagging;Default_33Features;classifier;classifier;classifier;N/A;N/A;N/A;2000;100;44;6300;0,0000;0,0000;0,0000;0,0000;0,0000;0,0000;0;0;0;0
20260614_0639;Recorrência_1000;classification;LeveragingBagging;Default_33Features;classifier;classifier;classifier;N/A;N/A;N/A;2000;100;45;6400;0,0000;0,0000;0,0000;0,0000;0,0000;0,0000;0;0;0;0
20260614_0639;Recorrência_1000;classification;LeveragingBagging;Default_33Features;classifier;classifier;classifier;N/A;N/A;N/A;2000;100;46;6500;0,0000;0,0000;0,0000;0,0000;0,0000;0,0000;0;0;0;0
20260614_0639;Recorrência_1000;classification;LeveragingBagging;Default_33Features;classifier;classifier;classifier;N/A;N/A;N/A;2000;100;47;6600;0,0000;0,0000;0,0000;0,0000;0,0000;0,0000;0;0;0;0
20260614_0639;Recorrência_1000;classification;LeveragingBagging;Default_33Features;classifier;classifier;classifier;N/A;N/A;N/A;2000;100;48;6700;0,0000;0,0000;0,0000;0,0000;0,0000;0,0000;0;0;0;0
20260614_0639;Recorrência_1000;classification;LeveragingBagging;Default_33Features;classifier;classifier;classifier;N/A;N/A;N/A;2000;100;49;6800;0,0000;0,0000;0,0000;0,0000;0,0000;0,0000;0;0;0;0
20260614_0639;Recorrência_1000;classification;LeveragingBagging;Default_33Features;classifier;classifier;classifier;N/A;N/A;N/A;2000;100;50;6900;0,0000;0,0000;0,0000;0,0000;0,0000;0,0000;0;0;0;0
20260614_0639;Recorrência_1000;classification;LeveragingBagging;Default_33Features;classifier;classifier;classifier;N/A;N/A;N/A;2000;100;51;7000;0,0000;0,0000;0,0000;0,0000;0,0000;0,0000;0;0;0;0
20260614_0639;Recorrência_1000;classification;LeveragingBagging;Default_33Features;classifier;classifier;classifier;N/A;N/A;N/A;2000;100;52;7100;0,0000;0,0000;0,0000;0,0000;0,0000;0,0000;0;0;0;0
20260614_0639;Recorrência_1000;classification;LeveragingBagging;Default_33Features;classifier;classifier;classifier;N/A;N/A;N/A;2000;100;53;7200;0,0000;0,0000;0,0000;0,0000;0,0000;0,0000;0;0;0;0
20260614_0639;Recorrência_1000;classification;LeveragingBagging;Default_33Features;classifier;classifier;classifier;N/A;N/A;N/A;2000;100;54;7300;0,0000;0,0000;0,0000;0,0000;0,0000;0,0000;0;0;0;0
20260614_0639;Recorrência_1000;classification;LeveragingBagging;Default_33Features;classifier;classifier;classifier;N/A;N/A;N/A;2000;100;55;7400;0,0000;0,0000;0,0000;0,0000;0,0000;0,0000;0;0;0;0
20260614_0639;Recorrência_1000;classification;LeveragingBagging;Default_33Features;classifier;classifier;classifier;N/A;N/A;N/A;2000;100;56;7500;96,4080;0,2874;100,0000;0,0000;93,0667;0,5333;0;0;6;1
20260614_0639;Recorrência_1000;classification;LeveragingBagging;Default_33Features;classifier;classifier;classifier;N/A;N/A;N/A;2000;100;57;7600;100,0000;0,0000;100,0000;0,0000;100,0000;0,0000;0;0;0;0
20260614_0639;Recorrência_1000;classification;LeveragingBagging;Default_33Features;classifier;classifier;classifier;N/A;N/A;N/A;2000;100;58;7700;99,4975;0,0000;100,0000;0,0000;99,0000;0,0000;0;0;1;0
20260614_0639;Recorrência_1000;classification;LeveragingBagging;Default_33Features;classifier;classifier;classifier;N/A;N/A;N/A;2000;100;59;7800;100,0000;0,0000;100,0000;0,0000;100,0000;0,0000;0;0;0;0
20260614_0639;Recorrência_1000;classification;LeveragingBagging;Default_33Features;classifier;classifier;classifier;N/A;N/A;N/A;2000;100;60;7900;100,0000;0,0000;100,0000;0,0000;100,0000;0,0000;0;0;0;0
20260614_0639;Recorrência_1000;classification;LeveragingBagging;Default_33Features;classifier;classifier;classifier;N/A;N/A;N/A;2000;100;61;8000;100,0000;0,0000;100,0000;0,0000;100,0000;0,0000;0;0;0;0
20260614_0639;Recorrência_1000;classification;LeveragingBagging;Default_33Features;classifier;classifier;classifier;N/A;N/A;N/A;2000;100;62;8100;0,0000;0,0000;0,0000;0,0000;0,0000;0,0000;0;0;0;0
20260614_0639;Recorrência_1000;classification;LeveragingBagging;Default_33Features;classifier;classifier;classifier;N/A;N/A;N/A;2000;100;63;8200;0,0000;0,0000;0,0000;0,0000;0,0000;0,0000;0;0;0;0
20260614_0639;Recorrência_1000;classification;LeveragingBagging;Default_33Features;classifier;classifier;classifier;N/A;N/A;N/A;2000;100;64;8300;0,0000;0,0000;0,0000;0,0000;0,0000;0,0000;0;0;0;0
20260614_0639;Recorrência_1000;classification;LeveragingBagging;Default_33Features;classifier;classifier;classifier;N/A;N/A;N/A;2000;100;65;8400;0,0000;0,0000;0,0000;0,0000;0,0000;0,0000;0;0;0;0
20260614_0639;Recorrência_1000;classification;LeveragingBagging;Default_33Features;classifier;classifier;classifier;N/A;N/A;N/A;2000;100;66;8500;0,0000;0,0000;0,0000;0,0000;0,0000;0,0000;0;0;0;0
20260614_0639;Recorrência_1000;classification;LeveragingBagging;Default_33Features;classifier;classifier;classifier;N/A;N/A;N/A;2000;100;67;8600;0,0000;0,0000;0,0000;0,0000;0,0000;0,0000;0;0;0;0
20260614_0639;Recorrência_1000;classification;LeveragingBagging;Default_33Features;classifier;classifier;classifier;N/A;N/A;N/A;2000;100;68;8700;0,0000;0,0000;0,0000;0,0000;0,0000;0,0000;0;0;0;0
20260614_0639;Recorrência_1000;classification;LeveragingBagging;Default_33Features;classifier;classifier;classifier;N/A;N/A;N/A;2000;100;69;8800;0,0000;0,0000;0,0000;0,0000;0,0000;0,0000;0;0;0;0
20260614_0639;Recorrência_1000;classification;LeveragingBagging;Default_33Features;classifier;classifier;classifier;N/A;N/A;N/A;2000;100;70;8900;0,0000;0,0000;0,0000;0,0000;0,0000;0,0000;0;0;0;0
20260614_0639;Recorrência_1000;classification;LeveragingBagging;Default_33Features;classifier;classifier;classifier;N/A;N/A;N/A;2000;100;71;9000;0,0000;0,0000;0,0000;0,0000;0,0000;0,0000;0;0;0;0
20260614_0639;Recorrência_1000;classification;LeveragingBagging;Default_33Features;classifier;classifier;classifier;N/A;N/A;N/A;2000;100;72;9100;0,0000;0,0000;0,0000;0,0000;0,0000;0,0000;0;0;0;0
20260614_0639;Recorrência_1000;classification;LeveragingBagging;Default_33Features;classifier;classifier;classifier;N/A;N/A;N/A;2000;100;73;9200;0,0000;0,0000;0,0000;0,0000;0,0000;0,0000;0;0;0;0
20260614_0639;Recorrência_1000;classification;LeveragingBagging;Default_33Features;classifier;classifier;classifier;N/A;N/A;N/A;2000;100;74;9300;0,0000;0,0000;0,0000;0,0000;0,0000;0,0000;0;0;0;0
20260614_0639;Recorrência_1000;classification;LeveragingBagging;Default_33Features;classifier;classifier;classifier;N/A;N/A;N/A;2000;100;75;9400;0,0000;0,0000;0,0000;0,0000;0,0000;0,0000;0;0;0;0
20260614_0639;Recorrência_1000;classification;LeveragingBagging;Default_33Features;classifier;classifier;classifier;N/A;N/A;N/A;2000;100;76;9500;0,0000;0,0000;0,0000;0,0000;0,0000;0,0000;0;0;0;0
20260614_0639;Recorrência_1000;classification;LeveragingBagging;Default_33Features;classifier;classifier;classifier;N/A;N/A;N/A;2000;100;77;9600;0,0000;0,0000;0,0000;0,0000;0,0000;0,0000;0;0;0;0
20260614_0639;Recorrência_1000;classification;LeveragingBagging;Default_33Features;classifier;classifier;classifier;N/A;N/A;N/A;2000;100;78;9700;0,0000;0,0000;0,0000;0,0000;0,0000;0,0000;0;0;0;0
20260614_0639;Recorrência_1000;classification;LeveragingBagging;Default_33Features;classifier;classifier;classifier;N/A;N/A;N/A;2000;100;79;9800;0,0000;0,0000;0,0000;0,0000;0,0000;0,0000;0;0;0;0
20260614_0639;Recorrência_1000;classification;LeveragingBagging;Default_33Features;classifier;classifier;classifier;N/A;N/A;N/A;2000;100;80;9900;0,0000;0,0000;0,0000;0,0000;0,0000;0,0000;0;0;0;0
20260614_0639;Recorrência_1000;classification;LeveragingBagging;Default_33Features;classifier;classifier;classifier;N/A;N/A;N/A;2000;100;81;10000;0,0000;0,0000;0,0000;0,0000;0,0000;0,0000;0;0;0;0
20260614_0639;Recorrência_1000;classification;LeveragingBagging;Default_33Features;classifier;classifier;classifier;N/A;N/A;N/A;2000;100;82;10100;86,9565;0,0000;100,0000;0,0000;76,9231;0,0000;0;0;3;0
20260614_0639;Recorrência_1000;classification;LeveragingBagging;Default_33Features;classifier;classifier;classifier;N/A;N/A;N/A;2000;100;83;10200;93,6941;0,8471;100,0000;0,0000;88,1481;1,4815;0;0;4;1
20260614_0639;Recorrência_1000;classification;LeveragingBagging;Default_33Features;classifier;classifier;classifier;N/A;N/A;N/A;2000;100;84;10300;92,3077;0,0000;100,0000;0,0000;85,7143;0,0000;0;0;1;0
20260614_0639;Recorrência_1000;classification;LeveragingBagging;Default_33Features;classifier;classifier;classifier;N/A;N/A;N/A;2000;100;85;10400;97,7395;0,5408;100,0000;0,0000;95,5844;1,0390;0;0;4;1
20260614_0639;Recorrência_1000;classification;LeveragingBagging;Default_33Features;classifier;classifier;classifier;N/A;N/A;N/A;2000;100;86;10500;95,8333;0,0000;100,0000;0,0000;92,0000;0,0000;0;0;2;0
20260614_0639;Recorrência_1000;classification;LeveragingBagging;Default_33Features;classifier;classifier;classifier;N/A;N/A;N/A;2000;100;87;10600;100,0000;0,0000;100,0000;0,0000;100,0000;0,0000;0;0;0;0
20260614_0639;Recorrência_1000;classification;LeveragingBagging;Default_33Features;classifier;classifier;classifier;N/A;N/A;N/A;2000;100;88;10700;0,0000;0,0000;0,0000;0,0000;0,0000;0,0000;0;0;0;0
20260614_0639;Recorrência_1000;classification;LeveragingBagging;Default_33Features;classifier;classifier;classifier;N/A;N/A;N/A;2000;100;89;10800;0,0000;0,0000;0,0000;0,0000;0,0000;0,0000;0;0;0;0
20260614_0639;Recorrência_1000;classification;LeveragingBagging;Default_33Features;classifier;classifier;classifier;N/A;N/A;N/A;2000;100;90;10900;0,0000;0,0000;0,0000;0,0000;0,0000;0,0000;0;0;0;0
20260614_0639;Recorrência_1000;classification;LeveragingBagging;Default_33Features;classifier;classifier;classifier;N/A;N/A;N/A;2000;100;91;11000;0,0000;0,0000;0,0000;0,0000;0,0000;0,0000;0;0;0;0
20260614_0639;Recorrência_1000;classification;LeveragingBagging;Default_33Features;classifier;classifier;classifier;N/A;N/A;N/A;2000;100;92;11100;0,0000;0,0000;0,0000;0,0000;0,0000;0,0000;1;0;0;0
20260614_0639;Recorrência_1000;classification;LeveragingBagging;Default_33Features;classifier;classifier;classifier;N/A;N/A;N/A;2000;100;93;11200;0,0000;0,0000;0,0000;0,0000;0,0000;0,0000;0;0;0;0
20260614_0639;Recorrência_1000;classification;LeveragingBagging;Default_33Features;classifier;classifier;classifier;N/A;N/A;N/A;2000;100;94;11300;0,0000;0,0000;0,0000;0,0000;0,0000;0,0000;0;0;0;0
20260614_0639;Recorrência_1000;classification;LeveragingBagging;Default_33Features;classifier;classifier;classifier;N/A;N/A;N/A;2000;100;95;11400;0,0000;0,0000;0,0000;0,0000;0,0000;0,0000;0;0;0;0
20260614_0639;Recorrência_1000;classification;LeveragingBagging;Default_33Features;classifier;classifier;classifier;N/A;N/A;N/A;2000;100;96;11500;0,0000;0,0000;0,0000;0,0000;0,0000;0,0000;0;0;0;0
20260614_0639;Recorrência_1000;classification;LeveragingBagging;Default_33Features;classifier;classifier;classifier;N/A;N/A;N/A;2000;100;97;11600;0,0000;0,0000;0,0000;0,0000;0,0000;0,0000;1;1;0;0
20260614_0639;Recorrência_1000;classification;LeveragingBagging;Default_33Features;classifier;classifier;classifier;N/A;N/A;N/A;2000;100;98;11700;0,0000;0,0000;0,0000;0,0000;0,0000;0,0000;1;0;0;0
20260614_0639;Recorrência_1000;classification;LeveragingBagging;Default_33Features;classifier;classifier;classifier;N/A;N/A;N/A;2000;100;99;11800;0,0000;0,0000;0,0000;0,0000;0,0000;0,0000;0;0;0;0
20260614_0639;Recorrência_1000;classification;LeveragingBagging;Default_33Features;classifier;classifier;classifier;N/A;N/A;N/A;2000;100;100;11900;0,0000;0,0000;0,0000;0,0000;0,0000;0,0000;0;0;0;0
20260614_0639;Recorrência_1000;classification;LeveragingBagging;Default_33Features;classifier;classifier;classifier;N/A;N/A;N/A;2000;100;101;12000;0,0000;0,0000;0,0000;0,0000;0,0000;0,0000;0;0;0;0
20260614_0639;Recorrência_1000;classification;LeveragingBagging;Default_33Features;classifier;classifier;classifier;N/A;N/A;N/A;2000;100;102;12100;0,0000;0,0000;0,0000;0,0000;0,0000;0,0000;0;0;0;0
20260614_0639;Recorrência_1000;classification;LeveragingBagging;Default_33Features;classifier;classifier;classifier;N/A;N/A;N/A;2000;100;103;12200;0,0000;0,0000;0,0000;0,0000;0,0000;0,0000;0;0;0;0
20260614_0639;Recorrência_1000;classification;LeveragingBagging;Default_33Features;classifier;classifier;classifier;N/A;N/A;N/A;2000;100;104;12300;0,0000;0,0000;0,0000;0,0000;0,0000;0,0000;0;0;0;0
20260614_0639;Recorrência_1000;classification;LeveragingBagging;Default_33Features;classifier;classifier;classifier;N/A;N/A;N/A;2000;100;105;12400;0,0000;0,0000;0,0000;0,0000;0,0000;0,0000;0;0;0;0
20260614_0639;Recorrência_1000;classification;LeveragingBagging;Default_33Features;classifier;classifier;classifier;N/A;N/A;N/A;2000;100;106;12500;0,0000;0,0000;0,0000;0,0000;0,0000;0,0000;0;0;0;0
20260614_0639;Recorrência_1000;classification;LeveragingBagging;Default_33Features;classifier;classifier;classifier;N/A;N/A;N/A;2000;100;107;12600;0,0000;0,0000;0,0000;0,0000;0,0000;0,0000;0;0;0;0
20260614_0639;Recorrência_1000;classification;LeveragingBagging;Default_33Features;classifier;classifier;classifier;N/A;N/A;N/A;2000;100;108;12700;0,0000;0,0000;0,0000;0,0000;0,0000;0,0000;0;0;0;0
20260614_0639;Recorrência_1000;classification;LeveragingBagging;Default_33Features;classifier;classifier;classifier;N/A;N/A;N/A;2000;100;109;12800;97,5217;0,2830;100,0000;0,0000;95,1648;0,5383;0;0;5;1
20260614_0639;Recorrência_1000;classification;LeveragingBagging;Default_33Features;classifier;classifier;classifier;N/A;N/A;N/A;2000;100;110;12900;100,0000;0,0000;100,0000;0,0000;100,0000;0,0000;0;0;0;0
20260614_0639;Recorrência_1000;classification;LeveragingBagging;Default_33Features;classifier;classifier;classifier;N/A;N/A;N/A;2000;100;111;13000;100,0000;0,0000;100,0000;0,0000;100,0000;0,0000;0;0;0;0
20260614_0639;Recorrência_1000;classification;LeveragingBagging;Default_33Features;classifier;classifier;classifier;N/A;N/A;N/A;2000;100;112;13100;100,0000;0,0000;100,0000;0,0000;100,0000;0,0000;0;0;0;0
20260614_0639;Recorrência_1000;classification;LeveragingBagging;Default_33Features;classifier;classifier;classifier;N/A;N/A;N/A;2000;100;113;13200;100,0000;0,0000;100,0000;0,0000;100,0000;0,0000;0;0;0;0
20260614_0639;Recorrência_1000;classification;LeveragingBagging;Default_33Features;classifier;classifier;classifier;N/A;N/A;N/A;2000;100;114;13300;100,0000;0,0000;100,0000;0,0000;100,0000;0,0000;0;0;0;0
20260614_0639;Recorrência_1000;classification;LeveragingBagging;Default_33Features;classifier;classifier;classifier;N/A;N/A;N/A;2000;100;115;13400;0,0000;0,0000;0,0000;0,0000;0,0000;0,0000;0;0;0;0
20260614_0639;Recorrência_1000;classification;LeveragingBagging;Default_33Features;classifier;classifier;classifier;N/A;N/A;N/A;2000;100;116;13500;0,0000;0,0000;0,0000;0,0000;0,0000;0,0000;0;0;0;0
20260614_0639;Recorrência_1000;classification;LeveragingBagging;Default_33Features;classifier;classifier;classifier;N/A;N/A;N/A;2000;100;117;13600;0,0000;0,0000;0,0000;0,0000;0,0000;0,0000;1;1;0;0
20260614_0639;Recorrência_1000;classification;LeveragingBagging;Default_33Features;classifier;classifier;classifier;N/A;N/A;N/A;2000;100;118;13700;0,0000;0,0000;0,0000;0,0000;0,0000;0,0000;0;0;0;0
20260614_0639;Recorrência_1000;classification;LeveragingBagging;Default_33Features;classifier;classifier;classifier;N/A;N/A;N/A;2000;100;119;13800;0,0000;0,0000;0,0000;0,0000;0,0000;0,0000;0;0;0;0
20260614_0639;Recorrência_1000;classification;LeveragingBagging;Default_33Features;classifier;classifier;classifier;N/A;N/A;N/A;2000;100;120;13900;0,0000;0,0000;0,0000;0,0000;0,0000;0,0000;0;0;0;0
20260614_0639;Recorrência_1000;classification;LeveragingBagging;Default_33Features;classifier;classifier;classifier;N/A;N/A;N/A;2000;100;121;14000;0,0000;0,0000;0,0000;0,0000;0,0000;0,0000;0;0;0;0
20260614_0639;Recorrência_1000;classification;LeveragingBagging;Default_33Features;classifier;classifier;classifier;N/A;N/A;N/A;2000;100;122;14100;0,0000;0,0000;0,0000;0,0000;0,0000;0,0000;0;0;0;0
20260614_0639;Recorrência_1000;classification;LeveragingBagging;Default_33Features;classifier;classifier;classifier;N/A;N/A;N/A;2000;100;123;14200;0,0000;0,0000;0,0000;0,0000;0,0000;0,0000;0;0;0;0
20260614_0639;Recorrência_1000;classification;LeveragingBagging;Default_33Features;classifier;classifier;classifier;N/A;N/A;N/A;2000;100;124;14300;0,0000;0,0000;0,0000;0,0000;0,0000;0,0000;0;0;0;0
20260614_0639;Recorrência_1000;classification;LeveragingBagging;Default_33Features;classifier;classifier;classifier;N/A;N/A;N/A;2000;100;125;14400;0,0000;0,0000;0,0000;0,0000;0,0000;0,0000;0;0;0;0
20260614_0639;Recorrência_1000;classification;LeveragingBagging;Default_33Features;classifier;classifier;classifier;N/A;N/A;N/A;2000;100;126;14500;0,0000;0,0000;0,0000;0,0000;0,0000;0,0000;0;0;0;0
20260614_0639;Recorrência_1000;classification;LeveragingBagging;Default_33Features;classifier;classifier;classifier;N/A;N/A;N/A;2000;100;127;14600;0,0000;0,0000;0,0000;0,0000;0,0000;0,0000;0;0;0;0
20260614_0639;Recorrência_1000;classification;LeveragingBagging;Default_33Features;classifier;classifier;classifier;N/A;N/A;N/A;2000;100;128;14700;0,0000;0,0000;0,0000;0,0000;0,0000;0,0000;0;0;0;0
20260614_0639;Recorrência_1000;classification;LeveragingBagging;Default_33Features;classifier;classifier;classifier;N/A;N/A;N/A;2000;100;129;14800;0,0000;0,0000;0,0000;0,0000;0,0000;0,0000;0;0;0;0
20260614_0639;Recorrência_1000;classification;LeveragingBagging;Default_33Features;classifier;classifier;classifier;N/A;N/A;N/A;2000;100;130;14900;0,0000;0,0000;0,0000;0,0000;0,0000;0,0000;0;0;0;0
20260614_0639;Recorrência_1000;classification;LeveragingBagging;Default_33Features;classifier;classifier;classifier;N/A;N/A;N/A;2000;100;131;15000;0,0000;0,0000;0,0000;0,0000;0,0000;0,0000;1;1;0;0
20260614_0639;Recorrência_1000;classification;LeveragingBagging;Default_33Features;classifier;classifier;classifier;N/A;N/A;N/A;2000;100;132;15100;0,0000;0,0000;0,0000;0,0000;0,0000;0,0000;0;0;0;0
20260614_0639;Recorrência_1000;classification;LeveragingBagging;Default_33Features;classifier;classifier;classifier;N/A;N/A;N/A;2000;100;133;15200;0,0000;0,0000;0,0000;0,0000;0,0000;0,0000;0;0;0;0
20260614_0639;Recorrência_1000;classification;LeveragingBagging;Default_33Features;classifier;classifier;classifier;N/A;N/A;N/A;2000;100;134;15300;0,0000;0,0000;0,0000;0,0000;0,0000;0,0000;0;0;0;0
20260614_0639;Recorrência_1000;classification;LeveragingBagging;Default_33Features;classifier;classifier;classifier;N/A;N/A;N/A;2000;100;135;15400;98,5481;0,5156;100,0000;0,0000;97,1429;0,9998;0;0;2;1
20260614_0639;Recorrência_1000;classification;LeveragingBagging;Default_33Features;classifier;classifier;classifier;N/A;N/A;N/A;2000;100;136;15500;99,6985;0,2462;100,0000;0,0000;99,4000;0,4899;0;0;1;1
20260614_0639;Recorrência_1000;classification;LeveragingBagging;Default_33Features;classifier;classifier;classifier;N/A;N/A;N/A;2000;100;137;15600;99,7990;0,2462;100,0000;0,0000;99,6000;0,4899;0;0;1;1
20260614_0639;Recorrência_1000;classification;LeveragingBagging;Default_33Features;classifier;classifier;classifier;N/A;N/A;N/A;2000;100;138;15700;100,0000;0,0000;100,0000;0,0000;100,0000;0,0000;0;0;0;0
20260614_0639;Recorrência_1000;classification;LeveragingBagging;Default_33Features;classifier;classifier;classifier;N/A;N/A;N/A;2000;100;139;15800;100,0000;0,0000;100,0000;0,0000;100,0000;0,0000;0;0;0;0
20260614_0639;Recorrência_1000;classification;LeveragingBagging;Default_33Features;classifier;classifier;classifier;N/A;N/A;N/A;2000;100;140;15900;100,0000;0,0000;100,0000;0,0000;100,0000;0,0000;0;0;0;0
20260614_0639;Recorrência_1000;classification;LeveragingBagging;Default_33Features;classifier;classifier;classifier;N/A;N/A;N/A;2000;100;141;16000;0,0000;0,0000;0,0000;0,0000;0,0000;0,0000;0;0;0;0
20260614_0639;Recorrência_1000;classification;LeveragingBagging;Default_33Features;classifier;classifier;classifier;N/A;N/A;N/A;2000;100;142;16100;0,0000;0,0000;0,0000;0,0000;0,0000;0,0000;0;0;0;0
20260614_0639;Recorrência_1000;classification;LeveragingBagging;Default_33Features;classifier;classifier;classifier;N/A;N/A;N/A;2000;100;143;16200;0,0000;0,0000;0,0000;0,0000;0,0000;0,0000;0;0;0;0
20260614_0639;Recorrência_1000;classification;LeveragingBagging;Default_33Features;classifier;classifier;classifier;N/A;N/A;N/A;2000;100;144;16300;0,0000;0,0000;0,0000;0,0000;0,0000;0,0000;0;0;0;0
20260614_0639;Recorrência_1000;classification;LeveragingBagging;Default_33Features;classifier;classifier;classifier;N/A;N/A;N/A;2000;100;145;16400;0,0000;0,0000;0,0000;0,0000;0,0000;0,0000;0;0;0;0
20260614_0639;Recorrência_1000;classification;LeveragingBagging;Default_33Features;classifier;classifier;classifier;N/A;N/A;N/A;2000;100;146;16500;0,0000;0,0000;0,0000;0,0000;0,0000;0,0000;0;0;0;0
20260614_0639;Recorrência_1000;classification;LeveragingBagging;Default_33Features;classifier;classifier;classifier;N/A;N/A;N/A;2000;100;147;16600;0,0000;0,0000;0,0000;0,0000;0,0000;0,0000;0;0;0;0
20260614_0639;Recorrência_1000;classification;LeveragingBagging;Default_33Features;classifier;classifier;classifier;N/A;N/A;N/A;2000;100;148;16700;0,0000;0,0000;0,0000;0,0000;0,0000;0,0000;0;0;0;0
20260614_0639;Recorrência_1000;classification;LeveragingBagging;Default_33Features;classifier;classifier;classifier;N/A;N/A;N/A;2000;100;149;16800;0,0000;0,0000;0,0000;0,0000;0,0000;0,0000;0;0;0;0
20260614_0639;Recorrência_1000;classification;LeveragingBagging;Default_33Features;classifier;classifier;classifier;N/A;N/A;N/A;2000;100;150;16900;0,0000;0,0000;0,0000;0,0000;0,0000;0,0000;0;0;0;0
20260614_0639;Recorrência_1000;classification;LeveragingBagging;Default_33Features;classifier;classifier;classifier;N/A;N/A;N/A;2000;100;151;17000;0,0000;0,0000;0,0000;0,0000;0,0000;0,0000;0;0;0;0
20260614_0639;Recorrência_1000;classification;LeveragingBagging;Default_33Features;classifier;classifier;classifier;N/A;N/A;N/A;2000;100;152;17100;0,0000;0,0000;0,0000;0,0000;0,0000;0,0000;0;0;0;0
20260614_0639;Recorrência_1000;classification;LeveragingBagging;Default_33Features;classifier;classifier;classifier;N/A;N/A;N/A;2000;100;153;17200;0,0000;0,0000;0,0000;0,0000;0,0000;0,0000;0;0;0;0
20260614_0639;Recorrência_1000;classification;LeveragingBagging;Default_33Features;classifier;classifier;classifier;N/A;N/A;N/A;2000;100;154;17300;0,0000;0,0000;0,0000;0,0000;0,0000;0,0000;0;0;0;0
20260614_0639;Recorrência_1000;classification;LeveragingBagging;Default_33Features;classifier;classifier;classifier;N/A;N/A;N/A;2000;100;155;17400;0,0000;0,0000;0,0000;0,0000;0,0000;0,0000;0;0;0;0
20260614_0639;Recorrência_1000;classification;LeveragingBagging;Default_33Features;classifier;classifier;classifier;N/A;N/A;N/A;2000;100;156;17500;0,0000;0,0000;0,0000;0,0000;0,0000;0,0000;0;0;0;0
20260614_0639;Recorrência_1000;classification;LeveragingBagging;Default_33Features;classifier;classifier;classifier;N/A;N/A;N/A;2000;100;157;17600;0,0000;0,0000;0,0000;0,0000;0,0000;0,0000;0;0;0;0
20260614_0639;Recorrência_1000;classification;LeveragingBagging;Default_33Features;classifier;classifier;classifier;N/A;N/A;N/A;2000;100;158;17700;0,0000;0,0000;0,0000;0,0000;0,0000;0,0000;0;0;0;0
20260614_0639;Recorrência_1000;classification;LeveragingBagging;Default_33Features;classifier;classifier;classifier;N/A;N/A;N/A;2000;100;159;17800;0,0000;0,0000;0,0000;0,0000;0,0000;0,0000;0;0;0;0
20260614_0639;Recorrência_1000;classification;LeveragingBagging;Default_33Features;classifier;classifier;classifier;N/A;N/A;N/A;2000;100;160;17900;0,0000;0,0000;0,0000;0,0000;0,0000;0,0000;0;0;0;0
