Exec_ID;Dataset;Task_Type;Model;Scenario;Strategy;Threshold_Strategy;Decision_Strategy;Decision_Window;Persistence_K;Persistence_N;Warmup;Window_Size;Window_Index;Instance;F1_avg;F1_std;Prec_avg;Prec_std;Rec_avg;Rec_std;FP_avg;FP_std;FN_avg;FN_std
20260614_0639;Consistência_25;classification;LeveragingBagging;Default_FullFeatures;classifier;classifier;classifier;N/A;N/A;N/A;2000;100;1;2000;0,0000;0,0000;0,0000;0,0000;0,0000;0,0000;0;0;0;0
20260614_0639;Consistência_25;classification;LeveragingBagging;Default_FullFeatures;classifier;classifier;classifier;N/A;N/A;N/A;2000;100;2;2100;0,0000;0,0000;0,0000;0,0000;0,0000;0,0000;0;0;0;0
20260614_0639;Consistência_25;classification;LeveragingBagging;Default_FullFeatures;classifier;classifier;classifier;N/A;N/A;N/A;2000;100;3;2200;0,0000;0,0000;0,0000;0,0000;0,0000;0,0000;0;0;0;0
20260614_0639;Consistência_25;classification;LeveragingBagging;Default_FullFeatures;classifier;classifier;classifier;N/A;N/A;N/A;2000;100;4;2300;0,0000;0,0000;0,0000;0,0000;0,0000;0,0000;0;0;0;0
20260614_0639;Consistência_25;classification;LeveragingBagging;Default_FullFeatures;classifier;classifier;classifier;N/A;N/A;N/A;2000;100;5;2400;0,0000;0,0000;0,0000;0,0000;0,0000;0,0000;0;0;0;0
20260614_0639;Consistência_25;classification;LeveragingBagging;Default_FullFeatures;classifier;classifier;classifier;N/A;N/A;N/A;2000;100;6;2500;0,0000;0,0000;0,0000;0,0000;0,0000;0,0000;0;0;0;0
20260614_0639;Consistência_25;classification;LeveragingBagging;Default_FullFeatures;classifier;classifier;classifier;N/A;N/A;N/A;2000;100;7;2600;0,0000;0,0000;0,0000;0,0000;0,0000;0,0000;0;0;0;0
20260614_0639;Consistência_25;classification;LeveragingBagging;Default_FullFeatures;classifier;classifier;classifier;N/A;N/A;N/A;2000;100;8;2700;0,0000;0,0000;0,0000;0,0000;0,0000;0,0000;0;0;0;0
20260614_0639;Consistência_25;classification;LeveragingBagging;Default_FullFeatures;classifier;classifier;classifier;N/A;N/A;N/A;2000;100;9;2800;0,0000;0,0000;0,0000;0,0000;0,0000;0,0000;0;0;0;0
20260614_0639;Consistência_25;classification;LeveragingBagging;Default_FullFeatures;classifier;classifier;classifier;N/A;N/A;N/A;2000;100;10;2900;0,0000;0,0000;0,0000;0,0000;0,0000;0,0000;0;0;0;0
20260614_0639;Consistência_25;classification;LeveragingBagging;Default_FullFeatures;classifier;classifier;classifier;N/A;N/A;N/A;2000;100;11;3000;0,0000;0,0000;0,0000;0,0000;0,0000;0,0000;0;0;0;0
20260614_0639;Consistência_25;classification;LeveragingBagging;Default_FullFeatures;classifier;classifier;classifier;N/A;N/A;N/A;2000;100;12;3100;0,0000;0,0000;0,0000;0,0000;0,0000;0,0000;0;0;0;0
20260614_0639;Consistência_25;classification;LeveragingBagging;Default_FullFeatures;classifier;classifier;classifier;N/A;N/A;N/A;2000;100;13;3200;0,0000;0,0000;0,0000;0,0000;0,0000;0,0000;0;0;0;0
20260614_0639;Consistência_25;classification;LeveragingBagging;Default_FullFeatures;classifier;classifier;classifier;N/A;N/A;N/A;2000;100;14;3300;0,0000;0,0000;0,0000;0,0000;0,0000;0,0000;0;0;0;0
20260614_0639;Consistência_25;classification;LeveragingBagging;Default_FullFeatures;classifier;classifier;classifier;N/A;N/A;N/A;2000;100;15;3400;0,0000;0,0000;0,0000;0,0000;0,0000;0,0000;0;0;0;0
20260614_0639;Consistência_25;classification;LeveragingBagging;Default_FullFeatures;classifier;classifier;classifier;N/A;N/A;N/A;2000;100;16;3500;0,0000;0,0000;0,0000;0,0000;0,0000;0,0000;0;0;0;0
20260614_0639;Consistência_25;classification;LeveragingBagging;Default_FullFeatures;classifier;classifier;classifier;N/A;N/A;N/A;2000;100;17;3600;0,0000;0,0000;0,0000;0,0000;0,0000;0,0000;0;0;0;0
20260614_0639;Consistência_25;classification;LeveragingBagging;Default_FullFeatures;classifier;classifier;classifier;N/A;N/A;N/A;2000;100;18;3700;0,0000;0,0000;0,0000;0,0000;0,0000;0,0000;0;0;0;0
20260614_0639;Consistência_25;classification;LeveragingBagging;Default_FullFeatures;classifier;classifier;classifier;N/A;N/A;N/A;2000;100;19;3800;90,3382;1,1833;100,0000;0,0000;82,4000;1,9596;0;0;5;1
20260614_0639;Consistência_25;classification;LeveragingBagging;Default_FullFeatures;classifier;classifier;classifier;N/A;N/A;N/A;2000;100;20;3900;0,0000;0,0000;0,0000;0,0000;0,0000;0,0000;2;1;0;0
20260614_0639;Consistência_25;classification;LeveragingBagging;Default_FullFeatures;classifier;classifier;classifier;N/A;N/A;N/A;2000;100;21;4000;0,0000;0,0000;0,0000;0,0000;0,0000;0,0000;1;0;0;0
20260614_0639;Consistência_25;classification;LeveragingBagging;Default_FullFeatures;classifier;classifier;classifier;N/A;N/A;N/A;2000;100;22;4100;0,0000;0,0000;0,0000;0,0000;0,0000;0,0000;0;0;0;0
20260614_0639;Consistência_25;classification;LeveragingBagging;Default_FullFeatures;classifier;classifier;classifier;N/A;N/A;N/A;2000;100;23;4200;0,0000;0,0000;0,0000;0,0000;0,0000;0,0000;0;0;0;0
20260614_0639;Consistência_25;classification;LeveragingBagging;Default_FullFeatures;classifier;classifier;classifier;N/A;N/A;N/A;2000;100;24;4300;0,0000;0,0000;0,0000;0,0000;0,0000;0,0000;0;0;0;0
20260614_0639;Consistência_25;classification;LeveragingBagging;Default_FullFeatures;classifier;classifier;classifier;N/A;N/A;N/A;2000;100;25;4400;0,0000;0,0000;0,0000;0,0000;0,0000;0,0000;0;0;0;0
20260614_0639;Consistência_25;classification;LeveragingBagging;Default_FullFeatures;classifier;classifier;classifier;N/A;N/A;N/A;2000;100;26;4500;0,0000;0,0000;0,0000;0,0000;0,0000;0,0000;0;0;0;0
20260614_0639;Consistência_25;classification;LeveragingBagging;Default_FullFeatures;classifier;classifier;classifier;N/A;N/A;N/A;2000;100;27;4600;0,0000;0,0000;0,0000;0,0000;0,0000;0,0000;0;0;0;0
20260614_0639;Consistência_25;classification;LeveragingBagging;Default_FullFeatures;classifier;classifier;classifier;N/A;N/A;N/A;2000;100;28;4700;0,0000;0,0000;0,0000;0,0000;0,0000;0,0000;0;0;0;0
20260614_0639;Consistência_25;classification;LeveragingBagging;Default_FullFeatures;classifier;classifier;classifier;N/A;N/A;N/A;2000;100;29;4800;0,0000;0,0000;0,0000;0,0000;0,0000;0,0000;0;0;0;0
20260614_0639;Consistência_25;classification;LeveragingBagging;Default_FullFeatures;classifier;classifier;classifier;N/A;N/A;N/A;2000;100;30;4900;0,0000;0,0000;0,0000;0,0000;0,0000;0,0000;0;0;0;0
20260614_0639;Consistência_25;classification;LeveragingBagging;Default_FullFeatures;classifier;classifier;classifier;N/A;N/A;N/A;2000;100;31;5000;0,0000;0,0000;0,0000;0,0000;0,0000;0,0000;0;0;0;0
20260614_0639;Consistência_25;classification;LeveragingBagging;Default_FullFeatures;classifier;classifier;classifier;N/A;N/A;N/A;2000;100;32;5100;0,0000;0,0000;0,0000;0,0000;0,0000;0,0000;0;0;0;0
20260614_0639;Consistência_25;classification;LeveragingBagging;Default_FullFeatures;classifier;classifier;classifier;N/A;N/A;N/A;2000;100;33;5200;0,0000;0,0000;0,0000;0,0000;0,0000;0,0000;0;0;0;0
20260614_0639;Consistência_25;classification;LeveragingBagging;Default_FullFeatures;classifier;classifier;classifier;N/A;N/A;N/A;2000;100;34;5300;0,0000;0,0000;0,0000;0,0000;0,0000;0,0000;0;0;0;0
20260614_0639;Consistência_25;classification;LeveragingBagging;Default_FullFeatures;classifier;classifier;classifier;N/A;N/A;N/A;2000;100;35;5400;0,0000;0,0000;0,0000;0,0000;0,0000;0,0000;0;0;0;0
20260614_0639;Consistência_25;classification;LeveragingBagging;Default_FullFeatures;classifier;classifier;classifier;N/A;N/A;N/A;2000;100;36;5500;0,0000;0,0000;0,0000;0,0000;0,0000;0,0000;0;0;0;0
20260614_0639;Consistência_25;classification;LeveragingBagging;Default_FullFeatures;classifier;classifier;classifier;N/A;N/A;N/A;2000;100;37;5600;0,0000;0,0000;0,0000;0,0000;0,0000;0,0000;0;0;0;0
20260614_0639;Consistência_25;classification;LeveragingBagging;Default_FullFeatures;classifier;classifier;classifier;N/A;N/A;N/A;2000;100;38;5700;0,0000;0,0000;0,0000;0,0000;0,0000;0,0000;0;0;0;0
20260614_0639;Consistência_25;classification;LeveragingBagging;Default_FullFeatures;classifier;classifier;classifier;N/A;N/A;N/A;2000;100;39;5800;0,0000;0,0000;0,0000;0,0000;0,0000;0,0000;0;0;0;0
20260614_0639;Consistência_25;classification;LeveragingBagging;Default_FullFeatures;classifier;classifier;classifier;N/A;N/A;N/A;2000;100;40;5900;0,0000;0,0000;0,0000;0,0000;0,0000;0,0000;0;0;0;0
20260614_0639;Consistência_25;classification;LeveragingBagging;Default_FullFeatures;classifier;classifier;classifier;N/A;N/A;N/A;2000;100;41;6000;0,0000;0,0000;0,0000;0,0000;0,0000;0,0000;0;0;0;0
20260614_0639;Consistência_25;classification;LeveragingBagging;Default_FullFeatures;classifier;classifier;classifier;N/A;N/A;N/A;2000;100;42;6100;0,0000;0,0000;0,0000;0,0000;0,0000;0,0000;0;0;0;0
20260614_0639;Consistência_25;classification;LeveragingBagging;Default_FullFeatures;classifier;classifier;classifier;N/A;N/A;N/A;2000;100;43;6200;0,0000;0,0000;0,0000;0,0000;0,0000;0,0000;0;0;0;0
20260614_0639;Consistência_25;classification;LeveragingBagging;Default_FullFeatures;classifier;classifier;classifier;N/A;N/A;N/A;2000;100;44;6300;0,0000;0,0000;0,0000;0,0000;0,0000;0,0000;0;0;0;0
20260614_0639;Consistência_25;classification;LeveragingBagging;Default_FullFeatures;classifier;classifier;classifier;N/A;N/A;N/A;2000;100;45;6400;0,0000;0,0000;0,0000;0,0000;0,0000;0,0000;0;0;0;0
20260614_0639;Consistência_25;classification;LeveragingBagging;Default_FullFeatures;classifier;classifier;classifier;N/A;N/A;N/A;2000;100;46;6500;0,0000;0,0000;0,0000;0,0000;0,0000;0,0000;0;0;0;0
20260614_0639;Consistência_25;classification;LeveragingBagging;Default_FullFeatures;classifier;classifier;classifier;N/A;N/A;N/A;2000;100;47;6600;0,0000;0,0000;0,0000;0,0000;0,0000;0,0000;0;0;0;0
20260614_0639;Consistência_25;classification;LeveragingBagging;Default_FullFeatures;classifier;classifier;classifier;N/A;N/A;N/A;2000;100;48;6700;0,0000;0,0000;0,0000;0,0000;0,0000;0,0000;0;0;0;0
20260614_0639;Consistência_25;classification;LeveragingBagging;Default_FullFeatures;classifier;classifier;classifier;N/A;N/A;N/A;2000;100;49;6800;0,0000;0,0000;0,0000;0,0000;0,0000;0,0000;0;0;0;0
20260614_0639;Consistência_25;classification;LeveragingBagging;Default_FullFeatures;classifier;classifier;classifier;N/A;N/A;N/A;2000;100;50;6900;0,0000;0,0000;0,0000;0,0000;0,0000;0,0000;0;0;0;0
20260614_0639;Consistência_25;classification;LeveragingBagging;Default_FullFeatures;classifier;classifier;classifier;N/A;N/A;N/A;2000;100;51;7000;0,0000;0,0000;0,0000;0,0000;0,0000;0,0000;0;0;0;0
20260614_0639;Consistência_25;classification;LeveragingBagging;Default_FullFeatures;classifier;classifier;classifier;N/A;N/A;N/A;2000;100;52;7100;0,0000;0,0000;0,0000;0,0000;0,0000;0,0000;0;0;0;0
20260614_0639;Consistência_25;classification;LeveragingBagging;Default_FullFeatures;classifier;classifier;classifier;N/A;N/A;N/A;2000;100;53;7200;0,0000;0,0000;0,0000;0,0000;0,0000;0,0000;0;0;0;0
20260614_0639;Consistência_25;classification;LeveragingBagging;Default_FullFeatures;classifier;classifier;classifier;N/A;N/A;N/A;2000;100;54;7300;0,0000;0,0000;0,0000;0,0000;0,0000;0,0000;0;0;0;0
20260614_0639;Consistência_25;classification;LeveragingBagging;Default_FullFeatures;classifier;classifier;classifier;N/A;N/A;N/A;2000;100;55;7400;0,0000;0,0000;0,0000;0,0000;0,0000;0,0000;0;0;0;0
20260614_0639;Consistência_25;classification;LeveragingBagging;Default_FullFeatures;classifier;classifier;classifier;N/A;N/A;N/A;2000;100;56;7500;0,0000;0,0000;0,0000;0,0000;0,0000;0,0000;0;0;0;0
20260614_0639;Consistência_25;classification;LeveragingBagging;Default_FullFeatures;classifier;classifier;classifier;N/A;N/A;N/A;2000;100;57;7600;97,7778;0,0000;100,0000;0,0000;95,6522;0,0000;0;0;1;0
20260614_0639;Consistência_25;classification;LeveragingBagging;Default_FullFeatures;classifier;classifier;classifier;N/A;N/A;N/A;2000;100;58;7700;0,0000;0,0000;0,0000;0,0000;0,0000;0,0000;0;0;0;0
20260614_0639;Consistência_25;classification;LeveragingBagging;Default_FullFeatures;classifier;classifier;classifier;N/A;N/A;N/A;2000;100;59;7800;0,0000;0,0000;0,0000;0,0000;0,0000;0,0000;0;0;0;0
20260614_0639;Consistência_25;classification;LeveragingBagging;Default_FullFeatures;classifier;classifier;classifier;N/A;N/A;N/A;2000;100;60;7900;0,0000;0,0000;0,0000;0,0000;0,0000;0,0000;0;0;0;0
20260614_0639;Consistência_25;classification;LeveragingBagging;Default_FullFeatures;classifier;classifier;classifier;N/A;N/A;N/A;2000;100;61;8000;0,0000;0,0000;0,0000;0,0000;0,0000;0,0000;0;0;0;0
20260614_0639;Consistência_25;classification;LeveragingBagging;Default_FullFeatures;classifier;classifier;classifier;N/A;N/A;N/A;2000;100;62;8100;0,0000;0,0000;0,0000;0,0000;0,0000;0,0000;0;0;0;0
20260614_0639;Consistência_25;classification;LeveragingBagging;Default_FullFeatures;classifier;classifier;classifier;N/A;N/A;N/A;2000;100;63;8200;0,0000;0,0000;0,0000;0,0000;0,0000;0,0000;0;0;0;0
20260614_0639;Consistência_25;classification;LeveragingBagging;Default_FullFeatures;classifier;classifier;classifier;N/A;N/A;N/A;2000;100;64;8300;0,0000;0,0000;0,0000;0,0000;0,0000;0,0000;0;0;0;0
20260614_0639;Consistência_25;classification;LeveragingBagging;Default_FullFeatures;classifier;classifier;classifier;N/A;N/A;N/A;2000;100;65;8400;0,0000;0,0000;0,0000;0,0000;0,0000;0,0000;0;0;0;0
20260614_0639;Consistência_25;classification;LeveragingBagging;Default_FullFeatures;classifier;classifier;classifier;N/A;N/A;N/A;2000;100;66;8500;0,0000;0,0000;0,0000;0,0000;0,0000;0,0000;0;0;0;0
20260614_0639;Consistência_25;classification;LeveragingBagging;Default_FullFeatures;classifier;classifier;classifier;N/A;N/A;N/A;2000;100;67;8600;0,0000;0,0000;0,0000;0,0000;0,0000;0,0000;0;0;0;0
20260614_0639;Consistência_25;classification;LeveragingBagging;Default_FullFeatures;classifier;classifier;classifier;N/A;N/A;N/A;2000;100;68;8700;0,0000;0,0000;0,0000;0,0000;0,0000;0,0000;0;0;0;0
20260614_0639;Consistência_25;classification;LeveragingBagging;Default_FullFeatures;classifier;classifier;classifier;N/A;N/A;N/A;2000;100;69;8800;0,0000;0,0000;0,0000;0,0000;0,0000;0,0000;0;0;0;0
20260614_0639;Consistência_25;classification;LeveragingBagging;Default_FullFeatures;classifier;classifier;classifier;N/A;N/A;N/A;2000;100;70;8900;0,0000;0,0000;0,0000;0,0000;0,0000;0,0000;0;0;0;0
20260614_0639;Consistência_25;classification;LeveragingBagging;Default_FullFeatures;classifier;classifier;classifier;N/A;N/A;N/A;2000;100;71;9000;0,0000;0,0000;0,0000;0,0000;0,0000;0,0000;0;0;0;0
20260614_0639;Consistência_25;classification;LeveragingBagging;Default_FullFeatures;classifier;classifier;classifier;N/A;N/A;N/A;2000;100;72;9100;0,0000;0,0000;0,0000;0,0000;0,0000;0,0000;0;0;0;0
20260614_0639;Consistência_25;classification;LeveragingBagging;Default_FullFeatures;classifier;classifier;classifier;N/A;N/A;N/A;2000;100;73;9200;0,0000;0,0000;0,0000;0,0000;0,0000;0,0000;0;0;0;0
20260614_0639;Consistência_25;classification;LeveragingBagging;Default_FullFeatures;classifier;classifier;classifier;N/A;N/A;N/A;2000;100;74;9300;0,0000;0,0000;0,0000;0,0000;0,0000;0,0000;0;0;0;0
20260614_0639;Consistência_25;classification;LeveragingBagging;Default_FullFeatures;classifier;classifier;classifier;N/A;N/A;N/A;2000;100;75;9400;0,0000;0,0000;0,0000;0,0000;0,0000;0,0000;0;0;0;0
20260614_0639;Consistência_25;classification;LeveragingBagging;Default_FullFeatures;classifier;classifier;classifier;N/A;N/A;N/A;2000;100;76;9500;0,0000;0,0000;0,0000;0,0000;0,0000;0,0000;0;0;0;0
20260614_0639;Consistência_25;classification;LeveragingBagging;Default_FullFeatures;classifier;classifier;classifier;N/A;N/A;N/A;2000;100;77;9600;0,0000;0,0000;0,0000;0,0000;0,0000;0,0000;0;0;0;0
20260614_0639;Consistência_25;classification;LeveragingBagging;Default_FullFeatures;classifier;classifier;classifier;N/A;N/A;N/A;2000;100;78;9700;0,0000;0,0000;0,0000;0,0000;0,0000;0,0000;0;0;0;0
20260614_0639;Consistência_25;classification;LeveragingBagging;Default_FullFeatures;classifier;classifier;classifier;N/A;N/A;N/A;2000;100;79;9800;0,0000;0,0000;0,0000;0,0000;0,0000;0,0000;0;0;0;0
20260614_0639;Consistência_25;classification;LeveragingBagging;Default_FullFeatures;classifier;classifier;classifier;N/A;N/A;N/A;2000;100;80;9900;0,0000;0,0000;0,0000;0,0000;0,0000;0,0000;0;0;0;0
20260614_0639;Consistência_25;classification;LeveragingBagging;Default_FullFeatures;classifier;classifier;classifier;N/A;N/A;N/A;2000;100;81;10000;0,0000;0,0000;0,0000;0,0000;0,0000;0,0000;0;0;0;0
20260614_0639;Consistência_25;classification;LeveragingBagging;Default_FullFeatures;classifier;classifier;classifier;N/A;N/A;N/A;2000;100;82;10100;0,0000;0,0000;0,0000;0,0000;0,0000;0,0000;0;0;0;0
20260614_0639;Consistência_25;classification;LeveragingBagging;Default_FullFeatures;classifier;classifier;classifier;N/A;N/A;N/A;2000;100;83;10200;0,0000;0,0000;0,0000;0,0000;0,0000;0,0000;0;0;0;0
20260614_0639;Consistência_25;classification;LeveragingBagging;Default_FullFeatures;classifier;classifier;classifier;N/A;N/A;N/A;2000;100;84;10300;0,0000;0,0000;0,0000;0,0000;0,0000;0,0000;0;0;0;0
20260614_0639;Consistência_25;classification;LeveragingBagging;Default_FullFeatures;classifier;classifier;classifier;N/A;N/A;N/A;2000;100;85;10400;0,0000;0,0000;0,0000;0,0000;0,0000;0,0000;0;0;0;0
20260614_0639;Consistência_25;classification;LeveragingBagging;Default_FullFeatures;classifier;classifier;classifier;N/A;N/A;N/A;2000;100;86;10500;0,0000;0,0000;0,0000;0,0000;0,0000;0,0000;0;0;0;0
20260614_0639;Consistência_25;classification;LeveragingBagging;Default_FullFeatures;classifier;classifier;classifier;N/A;N/A;N/A;2000;100;87;10600;0,0000;0,0000;0,0000;0,0000;0,0000;0,0000;0;0;0;0
20260614_0639;Consistência_25;classification;LeveragingBagging;Default_FullFeatures;classifier;classifier;classifier;N/A;N/A;N/A;2000;100;88;10700;0,0000;0,0000;0,0000;0,0000;0,0000;0,0000;0;0;0;0
20260614_0639;Consistência_25;classification;LeveragingBagging;Default_FullFeatures;classifier;classifier;classifier;N/A;N/A;N/A;2000;100;89;10800;0,0000;0,0000;0,0000;0,0000;0,0000;0,0000;0;0;0;0
20260614_0639;Consistência_25;classification;LeveragingBagging;Default_FullFeatures;classifier;classifier;classifier;N/A;N/A;N/A;2000;100;90;10900;0,0000;0,0000;0,0000;0,0000;0,0000;0,0000;0;0;0;0
20260614_0639;Consistência_25;classification;LeveragingBagging;Default_FullFeatures;classifier;classifier;classifier;N/A;N/A;N/A;2000;100;91;11000;0,0000;0,0000;0,0000;0,0000;0,0000;0,0000;0;0;0;0
20260614_0639;Consistência_25;classification;LeveragingBagging;Default_FullFeatures;classifier;classifier;classifier;N/A;N/A;N/A;2000;100;92;11100;0,0000;0,0000;0,0000;0,0000;0,0000;0,0000;0;0;0;0
20260614_0639;Consistência_25;classification;LeveragingBagging;Default_FullFeatures;classifier;classifier;classifier;N/A;N/A;N/A;2000;100;93;11200;0,0000;0,0000;0,0000;0,0000;0,0000;0,0000;0;0;0;0
20260614_0639;Consistência_25;classification;LeveragingBagging;Default_FullFeatures;classifier;classifier;classifier;N/A;N/A;N/A;2000;100;94;11300;100,0000;0,0000;100,0000;0,0000;100,0000;0,0000;0;0;0;0
20260614_0639;Consistência_25;classification;LeveragingBagging;Default_FullFeatures;classifier;classifier;classifier;N/A;N/A;N/A;2000;100;95;11400;97,7778;0,0000;100,0000;0,0000;95,6522;0,0000;0;0;1;0
20260614_0639;Consistência_25;classification;LeveragingBagging;Default_FullFeatures;classifier;classifier;classifier;N/A;N/A;N/A;2000;100;96;11500;0,0000;0,0000;0,0000;0,0000;0,0000;0,0000;0;0;0;0
20260614_0639;Consistência_25;classification;LeveragingBagging;Default_FullFeatures;classifier;classifier;classifier;N/A;N/A;N/A;2000;100;97;11600;0,0000;0,0000;0,0000;0,0000;0,0000;0,0000;0;0;0;0
20260614_0639;Consistência_25;classification;LeveragingBagging;Default_FullFeatures;classifier;classifier;classifier;N/A;N/A;N/A;2000;100;98;11700;0,0000;0,0000;0,0000;0,0000;0,0000;0,0000;0;0;0;0
20260614_0639;Consistência_25;classification;LeveragingBagging;Default_FullFeatures;classifier;classifier;classifier;N/A;N/A;N/A;2000;100;99;11800;0,0000;0,0000;0,0000;0,0000;0,0000;0,0000;0;0;0;0
20260614_0639;Consistência_25;classification;LeveragingBagging;Default_FullFeatures;classifier;classifier;classifier;N/A;N/A;N/A;2000;100;100;11900;0,0000;0,0000;0,0000;0,0000;0,0000;0,0000;0;0;0;0
20260614_0639;Consistência_25;classification;LeveragingBagging;Default_FullFeatures;classifier;classifier;classifier;N/A;N/A;N/A;2000;100;101;12000;0,0000;0,0000;0,0000;0,0000;0,0000;0,0000;0;0;0;0
20260614_0639;Consistência_25;classification;LeveragingBagging;Default_FullFeatures;classifier;classifier;classifier;N/A;N/A;N/A;2000;100;102;12100;0,0000;0,0000;0,0000;0,0000;0,0000;0,0000;0;0;0;0
20260614_0639;Consistência_25;classification;LeveragingBagging;Default_FullFeatures;classifier;classifier;classifier;N/A;N/A;N/A;2000;100;103;12200;0,0000;0,0000;0,0000;0,0000;0,0000;0,0000;0;0;0;0
20260614_0639;Consistência_25;classification;LeveragingBagging;Default_FullFeatures;classifier;classifier;classifier;N/A;N/A;N/A;2000;100;104;12300;0,0000;0,0000;0,0000;0,0000;0,0000;0,0000;0;0;0;0
20260614_0639;Consistência_25;classification;LeveragingBagging;Default_FullFeatures;classifier;classifier;classifier;N/A;N/A;N/A;2000;100;105;12400;0,0000;0,0000;0,0000;0,0000;0,0000;0,0000;0;0;0;0
20260614_0639;Consistência_25;classification;LeveragingBagging;Default_FullFeatures;classifier;classifier;classifier;N/A;N/A;N/A;2000;100;106;12500;0,0000;0,0000;0,0000;0,0000;0,0000;0,0000;0;0;0;0
20260614_0639;Consistência_25;classification;LeveragingBagging;Default_FullFeatures;classifier;classifier;classifier;N/A;N/A;N/A;2000;100;107;12600;0,0000;0,0000;0,0000;0,0000;0,0000;0,0000;0;0;0;0
20260614_0639;Consistência_25;classification;LeveragingBagging;Default_FullFeatures;classifier;classifier;classifier;N/A;N/A;N/A;2000;100;108;12700;0,0000;0,0000;0,0000;0,0000;0,0000;0,0000;0;0;0;0
20260614_0639;Consistência_25;classification;LeveragingBagging;Default_FullFeatures;classifier;classifier;classifier;N/A;N/A;N/A;2000;100;109;12800;0,0000;0,0000;0,0000;0,0000;0,0000;0,0000;0;0;0;0
20260614_0639;Consistência_25;classification;LeveragingBagging;Default_FullFeatures;classifier;classifier;classifier;N/A;N/A;N/A;2000;100;110;12900;0,0000;0,0000;0,0000;0,0000;0,0000;0,0000;0;0;0;0
20260614_0639;Consistência_25;classification;LeveragingBagging;Default_FullFeatures;classifier;classifier;classifier;N/A;N/A;N/A;2000;100;111;13000;0,0000;0,0000;0,0000;0,0000;0,0000;0,0000;0;0;0;0
20260614_0639;Consistência_25;classification;LeveragingBagging;Default_FullFeatures;classifier;classifier;classifier;N/A;N/A;N/A;2000;100;112;13100;0,0000;0,0000;0,0000;0,0000;0,0000;0,0000;0;0;0;0
20260614_0639;Consistência_25;classification;LeveragingBagging;Default_FullFeatures;classifier;classifier;classifier;N/A;N/A;N/A;2000;100;113;13200;0,0000;0,0000;0,0000;0,0000;0,0000;0,0000;0;0;0;0
20260614_0639;Consistência_25;classification;LeveragingBagging;Default_FullFeatures;classifier;classifier;classifier;N/A;N/A;N/A;2000;100;114;13300;0,0000;0,0000;0,0000;0,0000;0,0000;0,0000;0;0;0;0
20260614_0639;Consistência_25;classification;LeveragingBagging;Default_FullFeatures;classifier;classifier;classifier;N/A;N/A;N/A;2000;100;115;13400;0,0000;0,0000;0,0000;0,0000;0,0000;0,0000;0;0;0;0
20260614_0639;Consistência_25;classification;LeveragingBagging;Default_FullFeatures;classifier;classifier;classifier;N/A;N/A;N/A;2000;100;116;13500;0,0000;0,0000;0,0000;0,0000;0,0000;0,0000;0;0;0;0
20260614_0639;Consistência_25;classification;LeveragingBagging;Default_FullFeatures;classifier;classifier;classifier;N/A;N/A;N/A;2000;100;117;13600;0,0000;0,0000;0,0000;0,0000;0,0000;0,0000;0;0;0;0
20260614_0639;Consistência_25;classification;LeveragingBagging;Default_FullFeatures;classifier;classifier;classifier;N/A;N/A;N/A;2000;100;118;13700;0,0000;0,0000;0,0000;0,0000;0,0000;0,0000;0;0;0;0
20260614_0639;Consistência_25;classification;LeveragingBagging;Default_FullFeatures;classifier;classifier;classifier;N/A;N/A;N/A;2000;100;119;13800;0,0000;0,0000;0,0000;0,0000;0,0000;0,0000;0;0;0;0
20260614_0639;Consistência_25;classification;LeveragingBagging;Default_FullFeatures;classifier;classifier;classifier;N/A;N/A;N/A;2000;100;120;13900;0,0000;0,0000;0,0000;0,0000;0,0000;0,0000;0;0;0;0
20260614_0639;Consistência_25;classification;LeveragingBagging;Default_FullFeatures;classifier;classifier;classifier;N/A;N/A;N/A;2000;100;121;14000;0,0000;0,0000;0,0000;0,0000;0,0000;0,0000;0;0;0;0
20260614_0639;Consistência_25;classification;LeveragingBagging;Default_FullFeatures;classifier;classifier;classifier;N/A;N/A;N/A;2000;100;122;14100;0,0000;0,0000;0,0000;0,0000;0,0000;0,0000;0;0;0;0
20260614_0639;Consistência_25;classification;LeveragingBagging;Default_FullFeatures;classifier;classifier;classifier;N/A;N/A;N/A;2000;100;123;14200;0,0000;0,0000;0,0000;0,0000;0,0000;0,0000;0;0;0;0
20260614_0639;Consistência_25;classification;LeveragingBagging;Default_FullFeatures;classifier;classifier;classifier;N/A;N/A;N/A;2000;100;124;14300;0,0000;0,0000;0,0000;0,0000;0,0000;0,0000;0;0;0;0
20260614_0639;Consistência_25;classification;LeveragingBagging;Default_FullFeatures;classifier;classifier;classifier;N/A;N/A;N/A;2000;100;125;14400;0,0000;0,0000;0,0000;0,0000;0,0000;0,0000;0;0;0;0
20260614_0639;Consistência_25;classification;LeveragingBagging;Default_FullFeatures;classifier;classifier;classifier;N/A;N/A;N/A;2000;100;126;14500;0,0000;0,0000;0,0000;0,0000;0,0000;0,0000;0;0;0;0
20260614_0639;Consistência_25;classification;LeveragingBagging;Default_FullFeatures;classifier;classifier;classifier;N/A;N/A;N/A;2000;100;127;14600;0,0000;0,0000;0,0000;0,0000;0,0000;0,0000;0;0;0;0
20260614_0639;Consistência_25;classification;LeveragingBagging;Default_FullFeatures;classifier;classifier;classifier;N/A;N/A;N/A;2000;100;128;14700;0,0000;0,0000;0,0000;0,0000;0,0000;0,0000;0;0;0;0
20260614_0639;Consistência_25;classification;LeveragingBagging;Default_FullFeatures;classifier;classifier;classifier;N/A;N/A;N/A;2000;100;129;14800;0,0000;0,0000;0,0000;0,0000;0,0000;0,0000;0;0;0;0
20260614_0639;Consistência_25;classification;LeveragingBagging;Default_FullFeatures;classifier;classifier;classifier;N/A;N/A;N/A;2000;100;130;14900;0,0000;0,0000;0,0000;0,0000;0,0000;0,0000;0;0;0;0
20260614_0639;Consistência_25;classification;LeveragingBagging;Default_FullFeatures;classifier;classifier;classifier;N/A;N/A;N/A;2000;100;131;15000;0,0000;0,0000;0,0000;0,0000;0,0000;0,0000;0;0;0;0
20260614_0639;Consistência_200;classification;LeveragingBagging;Default_FullFeatures;classifier;classifier;classifier;N/A;N/A;N/A;2000;100;1;2000;0,0000;0,0000;0,0000;0,0000;0,0000;0,0000;0;0;0;0
20260614_0639;Consistência_200;classification;LeveragingBagging;Default_FullFeatures;classifier;classifier;classifier;N/A;N/A;N/A;2000;100;2;2100;0,0000;0,0000;0,0000;0,0000;0,0000;0,0000;0;0;0;0
20260614_0639;Consistência_200;classification;LeveragingBagging;Default_FullFeatures;classifier;classifier;classifier;N/A;N/A;N/A;2000;100;3;2200;0,0000;0,0000;0,0000;0,0000;0,0000;0,0000;0;0;0;0
20260614_0639;Consistência_200;classification;LeveragingBagging;Default_FullFeatures;classifier;classifier;classifier;N/A;N/A;N/A;2000;100;4;2300;0,0000;0,0000;0,0000;0,0000;0,0000;0,0000;0;0;0;0
20260614_0639;Consistência_200;classification;LeveragingBagging;Default_FullFeatures;classifier;classifier;classifier;N/A;N/A;N/A;2000;100;5;2400;0,0000;0,0000;0,0000;0,0000;0,0000;0,0000;0;0;0;0
20260614_0639;Consistência_200;classification;LeveragingBagging;Default_FullFeatures;classifier;classifier;classifier;N/A;N/A;N/A;2000;100;6;2500;0,0000;0,0000;0,0000;0,0000;0,0000;0,0000;0;0;0;0
20260614_0639;Consistência_200;classification;LeveragingBagging;Default_FullFeatures;classifier;classifier;classifier;N/A;N/A;N/A;2000;100;7;2600;0,0000;0,0000;0,0000;0,0000;0,0000;0,0000;0;0;0;0
20260614_0639;Consistência_200;classification;LeveragingBagging;Default_FullFeatures;classifier;classifier;classifier;N/A;N/A;N/A;2000;100;8;2700;0,0000;0,0000;0,0000;0,0000;0,0000;0,0000;0;0;0;0
20260614_0639;Consistência_200;classification;LeveragingBagging;Default_FullFeatures;classifier;classifier;classifier;N/A;N/A;N/A;2000;100;9;2800;0,0000;0,0000;0,0000;0,0000;0,0000;0,0000;0;0;0;0
20260614_0639;Consistência_200;classification;LeveragingBagging;Default_FullFeatures;classifier;classifier;classifier;N/A;N/A;N/A;2000;100;10;2900;0,0000;0,0000;0,0000;0,0000;0,0000;0,0000;0;0;0;0
20260614_0639;Consistência_200;classification;LeveragingBagging;Default_FullFeatures;classifier;classifier;classifier;N/A;N/A;N/A;2000;100;11;3000;0,0000;0,0000;0,0000;0,0000;0,0000;0,0000;0;0;0;0
20260614_0639;Consistência_200;classification;LeveragingBagging;Default_FullFeatures;classifier;classifier;classifier;N/A;N/A;N/A;2000;100;12;3100;0,0000;0,0000;0,0000;0,0000;0,0000;0,0000;0;0;0;0
20260614_0639;Consistência_200;classification;LeveragingBagging;Default_FullFeatures;classifier;classifier;classifier;N/A;N/A;N/A;2000;100;13;3200;0,0000;0,0000;0,0000;0,0000;0,0000;0,0000;0;0;0;0
20260614_0639;Consistência_200;classification;LeveragingBagging;Default_FullFeatures;classifier;classifier;classifier;N/A;N/A;N/A;2000;100;14;3300;0,0000;0,0000;0,0000;0,0000;0,0000;0,0000;0;0;0;0
20260614_0639;Consistência_200;classification;LeveragingBagging;Default_FullFeatures;classifier;classifier;classifier;N/A;N/A;N/A;2000;100;15;3400;0,0000;0,0000;0,0000;0,0000;0,0000;0,0000;0;0;0;0
20260614_0639;Consistência_200;classification;LeveragingBagging;Default_FullFeatures;classifier;classifier;classifier;N/A;N/A;N/A;2000;100;16;3500;0,0000;0,0000;0,0000;0,0000;0,0000;0,0000;0;0;0;0
20260614_0639;Consistência_200;classification;LeveragingBagging;Default_FullFeatures;classifier;classifier;classifier;N/A;N/A;N/A;2000;100;17;3600;0,0000;0,0000;0,0000;0,0000;0,0000;0,0000;0;0;0;0
20260614_0639;Consistência_200;classification;LeveragingBagging;Default_FullFeatures;classifier;classifier;classifier;N/A;N/A;N/A;2000;100;18;3700;0,0000;0,0000;0,0000;0,0000;0,0000;0,0000;0;0;0;0
20260614_0639;Consistência_200;classification;LeveragingBagging;Default_FullFeatures;classifier;classifier;classifier;N/A;N/A;N/A;2000;100;19;3800;95,0672;0,9054;100,0000;0,0000;90,6122;1,6327;0;0;5;1
20260614_0639;Consistência_200;classification;LeveragingBagging;Default_FullFeatures;classifier;classifier;classifier;N/A;N/A;N/A;2000;100;20;3900;98,1366;0,0000;97,5309;0,0000;98,7500;0,0000;2;0;1;0
20260614_0639;Consistência_200;classification;LeveragingBagging;Default_FullFeatures;classifier;classifier;classifier;N/A;N/A;N/A;2000;100;21;4000;95,3736;0,7935;92,2314;1,1451;98,7500;1,0206;4;1;1;1
20260614_0639;Consistência_200;classification;LeveragingBagging;Default_FullFeatures;classifier;classifier;classifier;N/A;N/A;N/A;2000;100;22;4100;0,0000;0,0000;0,0000;0,0000;0,0000;0,0000;0;0;0;0
20260614_0639;Consistência_200;classification;LeveragingBagging;Default_FullFeatures;classifier;classifier;classifier;N/A;N/A;N/A;2000;100;23;4200;0,0000;0,0000;0,0000;0,0000;0,0000;0,0000;1;0;0;0
20260614_0639;Consistência_200;classification;LeveragingBagging;Default_FullFeatures;classifier;classifier;classifier;N/A;N/A;N/A;2000;100;24;4300;0,0000;0,0000;0,0000;0,0000;0,0000;0,0000;0;0;0;0
20260614_0639;Consistência_200;classification;LeveragingBagging;Default_FullFeatures;classifier;classifier;classifier;N/A;N/A;N/A;2000;100;25;4400;0,0000;0,0000;0,0000;0,0000;0,0000;0,0000;0;0;0;0
20260614_0639;Consistência_200;classification;LeveragingBagging;Default_FullFeatures;classifier;classifier;classifier;N/A;N/A;N/A;2000;100;26;4500;0,0000;0,0000;0,0000;0,0000;0,0000;0,0000;0;0;0;0
20260614_0639;Consistência_200;classification;LeveragingBagging;Default_FullFeatures;classifier;classifier;classifier;N/A;N/A;N/A;2000;100;27;4600;0,0000;0,0000;0,0000;0,0000;0,0000;0,0000;0;0;0;0
20260614_0639;Consistência_200;classification;LeveragingBagging;Default_FullFeatures;classifier;classifier;classifier;N/A;N/A;N/A;2000;100;28;4700;0,0000;0,0000;0,0000;0,0000;0,0000;0,0000;0;0;0;0
20260614_0639;Consistência_200;classification;LeveragingBagging;Default_FullFeatures;classifier;classifier;classifier;N/A;N/A;N/A;2000;100;29;4800;0,0000;0,0000;0,0000;0,0000;0,0000;0,0000;1;1;0;0
20260614_0639;Consistência_200;classification;LeveragingBagging;Default_FullFeatures;classifier;classifier;classifier;N/A;N/A;N/A;2000;100;30;4900;0,0000;0,0000;0,0000;0,0000;0,0000;0,0000;0;0;0;0
20260614_0639;Consistência_200;classification;LeveragingBagging;Default_FullFeatures;classifier;classifier;classifier;N/A;N/A;N/A;2000;100;31;5000;0,0000;0,0000;0,0000;0,0000;0,0000;0,0000;0;0;0;0
20260614_0639;Consistência_200;classification;LeveragingBagging;Default_FullFeatures;classifier;classifier;classifier;N/A;N/A;N/A;2000;100;32;5100;0,0000;0,0000;0,0000;0,0000;0,0000;0,0000;1;1;0;0
20260614_0639;Consistência_200;classification;LeveragingBagging;Default_FullFeatures;classifier;classifier;classifier;N/A;N/A;N/A;2000;100;33;5200;0,0000;0,0000;0,0000;0,0000;0,0000;0,0000;0;0;0;0
20260614_0639;Consistência_200;classification;LeveragingBagging;Default_FullFeatures;classifier;classifier;classifier;N/A;N/A;N/A;2000;100;34;5300;0,0000;0,0000;0,0000;0,0000;0,0000;0,0000;0;0;0;0
20260614_0639;Consistência_200;classification;LeveragingBagging;Default_FullFeatures;classifier;classifier;classifier;N/A;N/A;N/A;2000;100;35;5400;0,0000;0,0000;0,0000;0,0000;0,0000;0,0000;0;0;0;0
20260614_0639;Consistência_200;classification;LeveragingBagging;Default_FullFeatures;classifier;classifier;classifier;N/A;N/A;N/A;2000;100;36;5500;0,0000;0,0000;0,0000;0,0000;0,0000;0,0000;0;0;0;0
20260614_0639;Consistência_200;classification;LeveragingBagging;Default_FullFeatures;classifier;classifier;classifier;N/A;N/A;N/A;2000;100;37;5600;0,0000;0,0000;0,0000;0,0000;0,0000;0,0000;0;0;0;0
20260614_0639;Consistência_200;classification;LeveragingBagging;Default_FullFeatures;classifier;classifier;classifier;N/A;N/A;N/A;2000;100;38;5700;0,0000;0,0000;0,0000;0,0000;0,0000;0,0000;0;0;0;0
20260614_0639;Consistência_200;classification;LeveragingBagging;Default_FullFeatures;classifier;classifier;classifier;N/A;N/A;N/A;2000;100;39;5800;0,0000;0,0000;0,0000;0,0000;0,0000;0,0000;0;0;0;0
20260614_0639;Consistência_200;classification;LeveragingBagging;Default_FullFeatures;classifier;classifier;classifier;N/A;N/A;N/A;2000;100;40;5900;0,0000;0,0000;0,0000;0,0000;0,0000;0,0000;0;0;0;0
20260614_0639;Consistência_200;classification;LeveragingBagging;Default_FullFeatures;classifier;classifier;classifier;N/A;N/A;N/A;2000;100;41;6000;0,0000;0,0000;0,0000;0,0000;0,0000;0,0000;0;0;0;0
20260614_0639;Consistência_200;classification;LeveragingBagging;Default_FullFeatures;classifier;classifier;classifier;N/A;N/A;N/A;2000;100;42;6100;0,0000;0,0000;0,0000;0,0000;0,0000;0,0000;0;0;0;0
20260614_0639;Consistência_200;classification;LeveragingBagging;Default_FullFeatures;classifier;classifier;classifier;N/A;N/A;N/A;2000;100;43;6200;0,0000;0,0000;0,0000;0,0000;0,0000;0,0000;0;0;0;0
20260614_0639;Consistência_200;classification;LeveragingBagging;Default_FullFeatures;classifier;classifier;classifier;N/A;N/A;N/A;2000;100;44;6300;0,0000;0,0000;0,0000;0,0000;0,0000;0,0000;0;0;0;0
20260614_0639;Consistência_200;classification;LeveragingBagging;Default_FullFeatures;classifier;classifier;classifier;N/A;N/A;N/A;2000;100;45;6400;0,0000;0,0000;0,0000;0,0000;0,0000;0,0000;0;0;0;0
20260614_0639;Consistência_200;classification;LeveragingBagging;Default_FullFeatures;classifier;classifier;classifier;N/A;N/A;N/A;2000;100;46;6500;0,0000;0,0000;0,0000;0,0000;0,0000;0,0000;0;0;0;0
20260614_0639;Consistência_200;classification;LeveragingBagging;Default_FullFeatures;classifier;classifier;classifier;N/A;N/A;N/A;2000;100;47;6600;0,0000;0,0000;0,0000;0,0000;0,0000;0,0000;0;0;0;0
20260614_0639;Consistência_200;classification;LeveragingBagging;Default_FullFeatures;classifier;classifier;classifier;N/A;N/A;N/A;2000;100;48;6700;0,0000;0,0000;0,0000;0,0000;0,0000;0,0000;0;0;0;0
20260614_0639;Consistência_200;classification;LeveragingBagging;Default_FullFeatures;classifier;classifier;classifier;N/A;N/A;N/A;2000;100;49;6800;0,0000;0,0000;0,0000;0,0000;0,0000;0,0000;0;0;0;0
20260614_0639;Consistência_200;classification;LeveragingBagging;Default_FullFeatures;classifier;classifier;classifier;N/A;N/A;N/A;2000;100;50;6900;0,0000;0,0000;0,0000;0,0000;0,0000;0,0000;0;0;0;0
20260614_0639;Consistência_200;classification;LeveragingBagging;Default_FullFeatures;classifier;classifier;classifier;N/A;N/A;N/A;2000;100;51;7000;0,0000;0,0000;0,0000;0,0000;0,0000;0,0000;0;0;0;0
20260614_0639;Consistência_200;classification;LeveragingBagging;Default_FullFeatures;classifier;classifier;classifier;N/A;N/A;N/A;2000;100;52;7100;0,0000;0,0000;0,0000;0,0000;0,0000;0,0000;0;0;0;0
20260614_0639;Consistência_200;classification;LeveragingBagging;Default_FullFeatures;classifier;classifier;classifier;N/A;N/A;N/A;2000;100;53;7200;0,0000;0,0000;0,0000;0,0000;0,0000;0,0000;0;0;0;0
20260614_0639;Consistência_200;classification;LeveragingBagging;Default_FullFeatures;classifier;classifier;classifier;N/A;N/A;N/A;2000;100;54;7300;0,0000;0,0000;0,0000;0,0000;0,0000;0,0000;0;0;0;0
20260614_0639;Consistência_200;classification;LeveragingBagging;Default_FullFeatures;classifier;classifier;classifier;N/A;N/A;N/A;2000;100;55;7400;0,0000;0,0000;0,0000;0,0000;0,0000;0,0000;0;0;0;0
20260614_0639;Consistência_200;classification;LeveragingBagging;Default_FullFeatures;classifier;classifier;classifier;N/A;N/A;N/A;2000;100;56;7500;0,0000;0,0000;0,0000;0,0000;0,0000;0,0000;0;0;0;0
20260614_0639;Consistência_200;classification;LeveragingBagging;Default_FullFeatures;classifier;classifier;classifier;N/A;N/A;N/A;2000;100;57;7600;0,0000;0,0000;0,0000;0,0000;0,0000;0,0000;0;0;0;0
20260614_0639;Consistência_200;classification;LeveragingBagging;Default_FullFeatures;classifier;classifier;classifier;N/A;N/A;N/A;2000;100;58;7700;100,0000;0,0000;100,0000;0,0000;100,0000;0,0000;0;0;0;0
20260614_0639;Consistência_200;classification;LeveragingBagging;Default_FullFeatures;classifier;classifier;classifier;N/A;N/A;N/A;2000;100;59;7800;97,4049;0,6698;100,0000;0,0000;94,9495;1,2777;0;0;5;2
20260614_0639;Consistência_200;classification;LeveragingBagging;Default_FullFeatures;classifier;classifier;classifier;N/A;N/A;N/A;2000;100;60;7900;96,7319;0,8601;100,0000;0,0000;93,6842;1,6307;0;0;6;2
20260614_0639;Consistência_200;classification;LeveragingBagging;Default_FullFeatures;classifier;classifier;classifier;N/A;N/A;N/A;2000;100;61;8000;0,0000;0,0000;0,0000;0,0000;0,0000;0,0000;0;0;0;0
20260614_0639;Consistência_200;classification;LeveragingBagging;Default_FullFeatures;classifier;classifier;classifier;N/A;N/A;N/A;2000;100;62;8100;0,0000;0,0000;0,0000;0,0000;0,0000;0,0000;0;0;0;0
20260614_0639;Consistência_200;classification;LeveragingBagging;Default_FullFeatures;classifier;classifier;classifier;N/A;N/A;N/A;2000;100;63;8200;0,0000;0,0000;0,0000;0,0000;0,0000;0,0000;0;0;0;0
20260614_0639;Consistência_200;classification;LeveragingBagging;Default_FullFeatures;classifier;classifier;classifier;N/A;N/A;N/A;2000;100;64;8300;0,0000;0,0000;0,0000;0,0000;0,0000;0,0000;0;0;0;0
20260614_0639;Consistência_200;classification;LeveragingBagging;Default_FullFeatures;classifier;classifier;classifier;N/A;N/A;N/A;2000;100;65;8400;0,0000;0,0000;0,0000;0,0000;0,0000;0,0000;0;0;0;0
20260614_0639;Consistência_200;classification;LeveragingBagging;Default_FullFeatures;classifier;classifier;classifier;N/A;N/A;N/A;2000;100;66;8500;0,0000;0,0000;0,0000;0,0000;0,0000;0,0000;0;0;0;0
20260614_0639;Consistência_200;classification;LeveragingBagging;Default_FullFeatures;classifier;classifier;classifier;N/A;N/A;N/A;2000;100;67;8600;0,0000;0,0000;0,0000;0,0000;0,0000;0,0000;0;0;0;0
20260614_0639;Consistência_200;classification;LeveragingBagging;Default_FullFeatures;classifier;classifier;classifier;N/A;N/A;N/A;2000;100;68;8700;0,0000;0,0000;0,0000;0,0000;0,0000;0,0000;0;0;0;0
20260614_0639;Consistência_200;classification;LeveragingBagging;Default_FullFeatures;classifier;classifier;classifier;N/A;N/A;N/A;2000;100;69;8800;0,0000;0,0000;0,0000;0,0000;0,0000;0,0000;0;0;0;0
20260614_0639;Consistência_200;classification;LeveragingBagging;Default_FullFeatures;classifier;classifier;classifier;N/A;N/A;N/A;2000;100;70;8900;0,0000;0,0000;0,0000;0,0000;0,0000;0,0000;0;0;0;0
20260614_0639;Consistência_200;classification;LeveragingBagging;Default_FullFeatures;classifier;classifier;classifier;N/A;N/A;N/A;2000;100;71;9000;0,0000;0,0000;0,0000;0,0000;0,0000;0,0000;0;0;0;0
20260614_0639;Consistência_200;classification;LeveragingBagging;Default_FullFeatures;classifier;classifier;classifier;N/A;N/A;N/A;2000;100;72;9100;0,0000;0,0000;0,0000;0,0000;0,0000;0,0000;1;1;0;0
20260614_0639;Consistência_200;classification;LeveragingBagging;Default_FullFeatures;classifier;classifier;classifier;N/A;N/A;N/A;2000;100;73;9200;0,0000;0,0000;0,0000;0,0000;0,0000;0,0000;0;0;0;0
20260614_0639;Consistência_200;classification;LeveragingBagging;Default_FullFeatures;classifier;classifier;classifier;N/A;N/A;N/A;2000;100;74;9300;0,0000;0,0000;0,0000;0,0000;0,0000;0,0000;0;0;0;0
20260614_0639;Consistência_200;classification;LeveragingBagging;Default_FullFeatures;classifier;classifier;classifier;N/A;N/A;N/A;2000;100;75;9400;0,0000;0,0000;0,0000;0,0000;0,0000;0,0000;0;0;0;0
20260614_0639;Consistência_200;classification;LeveragingBagging;Default_FullFeatures;classifier;classifier;classifier;N/A;N/A;N/A;2000;100;76;9500;0,0000;0,0000;0,0000;0,0000;0,0000;0,0000;0;0;0;0
20260614_0639;Consistência_200;classification;LeveragingBagging;Default_FullFeatures;classifier;classifier;classifier;N/A;N/A;N/A;2000;100;77;9600;0,0000;0,0000;0,0000;0,0000;0,0000;0,0000;0;0;0;0
20260614_0639;Consistência_200;classification;LeveragingBagging;Default_FullFeatures;classifier;classifier;classifier;N/A;N/A;N/A;2000;100;78;9700;0,0000;0,0000;0,0000;0,0000;0,0000;0,0000;0;0;0;0
20260614_0639;Consistência_200;classification;LeveragingBagging;Default_FullFeatures;classifier;classifier;classifier;N/A;N/A;N/A;2000;100;79;9800;0,0000;0,0000;0,0000;0,0000;0,0000;0,0000;0;0;0;0
20260614_0639;Consistência_200;classification;LeveragingBagging;Default_FullFeatures;classifier;classifier;classifier;N/A;N/A;N/A;2000;100;80;9900;0,0000;0,0000;0,0000;0,0000;0,0000;0,0000;0;0;0;0
20260614_0639;Consistência_200;classification;LeveragingBagging;Default_FullFeatures;classifier;classifier;classifier;N/A;N/A;N/A;2000;100;81;10000;0,0000;0,0000;0,0000;0,0000;0,0000;0,0000;0;0;0;0
20260614_0639;Consistência_200;classification;LeveragingBagging;Default_FullFeatures;classifier;classifier;classifier;N/A;N/A;N/A;2000;100;82;10100;0,0000;0,0000;0,0000;0,0000;0,0000;0,0000;0;0;0;0
20260614_0639;Consistência_200;classification;LeveragingBagging;Default_FullFeatures;classifier;classifier;classifier;N/A;N/A;N/A;2000;100;83;10200;0,0000;0,0000;0,0000;0,0000;0,0000;0,0000;0;0;0;0
20260614_0639;Consistência_200;classification;LeveragingBagging;Default_FullFeatures;classifier;classifier;classifier;N/A;N/A;N/A;2000;100;84;10300;0,0000;0,0000;0,0000;0,0000;0,0000;0,0000;0;0;0;0
20260614_0639;Consistência_200;classification;LeveragingBagging;Default_FullFeatures;classifier;classifier;classifier;N/A;N/A;N/A;2000;100;85;10400;0,0000;0,0000;0,0000;0,0000;0,0000;0,0000;0;0;0;0
20260614_0639;Consistência_200;classification;LeveragingBagging;Default_FullFeatures;classifier;classifier;classifier;N/A;N/A;N/A;2000;100;86;10500;0,0000;0,0000;0,0000;0,0000;0,0000;0,0000;0;0;0;0
20260614_0639;Consistência_200;classification;LeveragingBagging;Default_FullFeatures;classifier;classifier;classifier;N/A;N/A;N/A;2000;100;87;10600;0,0000;0,0000;0,0000;0,0000;0,0000;0,0000;0;0;0;0
20260614_0639;Consistência_200;classification;LeveragingBagging;Default_FullFeatures;classifier;classifier;classifier;N/A;N/A;N/A;2000;100;88;10700;0,0000;0,0000;0,0000;0,0000;0,0000;0,0000;0;0;0;0
20260614_0639;Consistência_200;classification;LeveragingBagging;Default_FullFeatures;classifier;classifier;classifier;N/A;N/A;N/A;2000;100;89;10800;0,0000;0,0000;0,0000;0,0000;0,0000;0,0000;0;0;0;0
20260614_0639;Consistência_200;classification;LeveragingBagging;Default_FullFeatures;classifier;classifier;classifier;N/A;N/A;N/A;2000;100;90;10900;0,0000;0,0000;0,0000;0,0000;0,0000;0,0000;0;0;0;0
20260614_0639;Consistência_200;classification;LeveragingBagging;Default_FullFeatures;classifier;classifier;classifier;N/A;N/A;N/A;2000;100;91;11000;0,0000;0,0000;0,0000;0,0000;0,0000;0,0000;0;0;0;0
20260614_0639;Consistência_200;classification;LeveragingBagging;Default_FullFeatures;classifier;classifier;classifier;N/A;N/A;N/A;2000;100;92;11100;0,0000;0,0000;0,0000;0,0000;0,0000;0,0000;0;0;0;0
20260614_0639;Consistência_200;classification;LeveragingBagging;Default_FullFeatures;classifier;classifier;classifier;N/A;N/A;N/A;2000;100;93;11200;0,0000;0,0000;0,0000;0,0000;0,0000;0,0000;0;0;0;0
20260614_0639;Consistência_200;classification;LeveragingBagging;Default_FullFeatures;classifier;classifier;classifier;N/A;N/A;N/A;2000;100;94;11300;0,0000;0,0000;0,0000;0,0000;0,0000;0,0000;0;0;0;0
20260614_0639;Consistência_200;classification;LeveragingBagging;Default_FullFeatures;classifier;classifier;classifier;N/A;N/A;N/A;2000;100;95;11400;0,0000;0,0000;0,0000;0,0000;0,0000;0,0000;0;0;0;0
20260614_0639;Consistência_200;classification;LeveragingBagging;Default_FullFeatures;classifier;classifier;classifier;N/A;N/A;N/A;2000;100;96;11500;0,0000;0,0000;0,0000;0,0000;0,0000;0,0000;0;0;0;0
20260614_0639;Consistência_200;classification;LeveragingBagging;Default_FullFeatures;classifier;classifier;classifier;N/A;N/A;N/A;2000;100;97;11600;0,0000;0,0000;0,0000;0,0000;0,0000;0,0000;0;0;0;0
20260614_0639;Consistência_200;classification;LeveragingBagging;Default_FullFeatures;classifier;classifier;classifier;N/A;N/A;N/A;2000;100;98;11700;94,0460;1,5180;100,0000;0,0000;88,8000;2,7129;0;0;6;2
20260614_0639;Consistência_200;classification;LeveragingBagging;Default_FullFeatures;classifier;classifier;classifier;N/A;N/A;N/A;2000;100;99;11800;86,9275;2,6046;100,0000;0,0000;76,9697;3,9972;0;0;16;3
20260614_0639;Consistência_200;classification;LeveragingBagging;Default_FullFeatures;classifier;classifier;classifier;N/A;N/A;N/A;2000;100;100;11900;96,0860;1,3763;100,0000;0,0000;92,5000;2,5000;0;0;2;1
20260614_0639;Consistência_200;classification;LeveragingBagging;Default_FullFeatures;classifier;classifier;classifier;N/A;N/A;N/A;2000;100;101;12000;0,0000;0,0000;0,0000;0,0000;0,0000;0,0000;0;0;0;0
20260614_0639;Consistência_200;classification;LeveragingBagging;Default_FullFeatures;classifier;classifier;classifier;N/A;N/A;N/A;2000;100;102;12100;0,0000;0,0000;0,0000;0,0000;0,0000;0,0000;0;0;0;0
20260614_0639;Consistência_200;classification;LeveragingBagging;Default_FullFeatures;classifier;classifier;classifier;N/A;N/A;N/A;2000;100;103;12200;0,0000;0,0000;0,0000;0,0000;0,0000;0,0000;0;0;0;0
20260614_0639;Consistência_200;classification;LeveragingBagging;Default_FullFeatures;classifier;classifier;classifier;N/A;N/A;N/A;2000;100;104;12300;0,0000;0,0000;0,0000;0,0000;0,0000;0,0000;0;0;0;0
20260614_0639;Consistência_200;classification;LeveragingBagging;Default_FullFeatures;classifier;classifier;classifier;N/A;N/A;N/A;2000;100;105;12400;0,0000;0,0000;0,0000;0,0000;0,0000;0,0000;1;0;0;0
20260614_0639;Consistência_200;classification;LeveragingBagging;Default_FullFeatures;classifier;classifier;classifier;N/A;N/A;N/A;2000;100;106;12500;0,0000;0,0000;0,0000;0,0000;0,0000;0,0000;0;0;0;0
20260614_0639;Consistência_200;classification;LeveragingBagging;Default_FullFeatures;classifier;classifier;classifier;N/A;N/A;N/A;2000;100;107;12600;0,0000;0,0000;0,0000;0,0000;0,0000;0,0000;0;0;0;0
20260614_0639;Consistência_200;classification;LeveragingBagging;Default_FullFeatures;classifier;classifier;classifier;N/A;N/A;N/A;2000;100;108;12700;0,0000;0,0000;0,0000;0,0000;0,0000;0,0000;0;0;0;0
20260614_0639;Consistência_200;classification;LeveragingBagging;Default_FullFeatures;classifier;classifier;classifier;N/A;N/A;N/A;2000;100;109;12800;0,0000;0,0000;0,0000;0,0000;0,0000;0,0000;0;0;0;0
20260614_0639;Consistência_200;classification;LeveragingBagging;Default_FullFeatures;classifier;classifier;classifier;N/A;N/A;N/A;2000;100;110;12900;0,0000;0,0000;0,0000;0,0000;0,0000;0,0000;0;0;0;0
20260614_0639;Consistência_200;classification;LeveragingBagging;Default_FullFeatures;classifier;classifier;classifier;N/A;N/A;N/A;2000;100;111;13000;0,0000;0,0000;0,0000;0,0000;0,0000;0,0000;0;0;0;0
20260614_0639;Consistência_200;classification;LeveragingBagging;Default_FullFeatures;classifier;classifier;classifier;N/A;N/A;N/A;2000;100;112;13100;0,0000;0,0000;0,0000;0,0000;0,0000;0,0000;0;0;0;0
20260614_0639;Consistência_200;classification;LeveragingBagging;Default_FullFeatures;classifier;classifier;classifier;N/A;N/A;N/A;2000;100;113;13200;0,0000;0,0000;0,0000;0,0000;0,0000;0,0000;0;0;0;0
20260614_0639;Consistência_200;classification;LeveragingBagging;Default_FullFeatures;classifier;classifier;classifier;N/A;N/A;N/A;2000;100;114;13300;0,0000;0,0000;0,0000;0,0000;0,0000;0,0000;0;0;0;0
20260614_0639;Consistência_200;classification;LeveragingBagging;Default_FullFeatures;classifier;classifier;classifier;N/A;N/A;N/A;2000;100;115;13400;0,0000;0,0000;0,0000;0,0000;0,0000;0,0000;0;0;0;0
20260614_0639;Consistência_200;classification;LeveragingBagging;Default_FullFeatures;classifier;classifier;classifier;N/A;N/A;N/A;2000;100;116;13500;0,0000;0,0000;0,0000;0,0000;0,0000;0,0000;0;0;0;0
20260614_0639;Consistência_200;classification;LeveragingBagging;Default_FullFeatures;classifier;classifier;classifier;N/A;N/A;N/A;2000;100;117;13600;0,0000;0,0000;0,0000;0,0000;0,0000;0,0000;0;0;0;0
20260614_0639;Consistência_200;classification;LeveragingBagging;Default_FullFeatures;classifier;classifier;classifier;N/A;N/A;N/A;2000;100;118;13700;0,0000;0,0000;0,0000;0,0000;0,0000;0,0000;0;0;0;0
20260614_0639;Consistência_200;classification;LeveragingBagging;Default_FullFeatures;classifier;classifier;classifier;N/A;N/A;N/A;2000;100;119;13800;0,0000;0,0000;0,0000;0,0000;0,0000;0,0000;0;0;0;0
20260614_0639;Consistência_200;classification;LeveragingBagging;Default_FullFeatures;classifier;classifier;classifier;N/A;N/A;N/A;2000;100;120;13900;0,0000;0,0000;0,0000;0,0000;0,0000;0,0000;0;0;0;0
20260614_0639;Consistência_200;classification;LeveragingBagging;Default_FullFeatures;classifier;classifier;classifier;N/A;N/A;N/A;2000;100;121;14000;0,0000;0,0000;0,0000;0,0000;0,0000;0,0000;0;0;0;0
20260614_0639;Consistência_200;classification;LeveragingBagging;Default_FullFeatures;classifier;classifier;classifier;N/A;N/A;N/A;2000;100;122;14100;0,0000;0,0000;0,0000;0,0000;0,0000;0,0000;0;0;0;0
20260614_0639;Consistência_200;classification;LeveragingBagging;Default_FullFeatures;classifier;classifier;classifier;N/A;N/A;N/A;2000;100;123;14200;0,0000;0,0000;0,0000;0,0000;0,0000;0,0000;0;0;0;0
20260614_0639;Consistência_200;classification;LeveragingBagging;Default_FullFeatures;classifier;classifier;classifier;N/A;N/A;N/A;2000;100;124;14300;0,0000;0,0000;0,0000;0,0000;0,0000;0,0000;0;0;0;0
20260614_0639;Consistência_200;classification;LeveragingBagging;Default_FullFeatures;classifier;classifier;classifier;N/A;N/A;N/A;2000;100;125;14400;0,0000;0,0000;0,0000;0,0000;0,0000;0,0000;0;0;0;0
20260614_0639;Consistência_200;classification;LeveragingBagging;Default_FullFeatures;classifier;classifier;classifier;N/A;N/A;N/A;2000;100;126;14500;0,0000;0,0000;0,0000;0,0000;0,0000;0,0000;0;0;0;0
20260614_0639;Consistência_200;classification;LeveragingBagging;Default_FullFeatures;classifier;classifier;classifier;N/A;N/A;N/A;2000;100;127;14600;0,0000;0,0000;0,0000;0,0000;0,0000;0,0000;0;0;0;0
20260614_0639;Consistência_200;classification;LeveragingBagging;Default_FullFeatures;classifier;classifier;classifier;N/A;N/A;N/A;2000;100;128;14700;0,0000;0,0000;0,0000;0,0000;0,0000;0,0000;0;0;0;0
20260614_0639;Consistência_200;classification;LeveragingBagging;Default_FullFeatures;classifier;classifier;classifier;N/A;N/A;N/A;2000;100;129;14800;0,0000;0,0000;0,0000;0,0000;0,0000;0,0000;0;0;0;0
20260614_0639;Consistência_200;classification;LeveragingBagging;Default_FullFeatures;classifier;classifier;classifier;N/A;N/A;N/A;2000;100;130;14900;0,0000;0,0000;0,0000;0,0000;0,0000;0,0000;0;0;0;0
20260614_0639;Consistência_200;classification;LeveragingBagging;Default_FullFeatures;classifier;classifier;classifier;N/A;N/A;N/A;2000;100;131;15000;0,0000;0,0000;0,0000;0,0000;0,0000;0,0000;0;0;0;0
20260614_0639;Consistência_200;classification;LeveragingBagging;Default_FullFeatures;classifier;classifier;classifier;N/A;N/A;N/A;2000;100;132;15100;0,0000;0,0000;0,0000;0,0000;0,0000;0,0000;0;0;0;0
20260614_0639;Consistência_200;classification;LeveragingBagging;Default_FullFeatures;classifier;classifier;classifier;N/A;N/A;N/A;2000;100;133;15200;0,0000;0,0000;0,0000;0,0000;0,0000;0,0000;0;0;0;0
20260614_0639;Consistência_200;classification;LeveragingBagging;Default_FullFeatures;classifier;classifier;classifier;N/A;N/A;N/A;2000;100;134;15300;0,0000;0,0000;0,0000;0,0000;0,0000;0,0000;0;0;0;0
20260614_0639;Consistência_200;classification;LeveragingBagging;Default_FullFeatures;classifier;classifier;classifier;N/A;N/A;N/A;2000;100;135;15400;0,0000;0,0000;0,0000;0,0000;0,0000;0,0000;0;0;0;0
20260614_0639;Consistência_200;classification;LeveragingBagging;Default_FullFeatures;classifier;classifier;classifier;N/A;N/A;N/A;2000;100;136;15500;0,0000;0,0000;0,0000;0,0000;0,0000;0,0000;0;0;0;0
20260614_0639;Consistência_1000;classification;LeveragingBagging;Default_FullFeatures;classifier;classifier;classifier;N/A;N/A;N/A;2000;100;1;2000;0,0000;0,0000;0,0000;0,0000;0,0000;0,0000;0;0;0;0
20260614_0639;Consistência_1000;classification;LeveragingBagging;Default_FullFeatures;classifier;classifier;classifier;N/A;N/A;N/A;2000;100;2;2100;0,0000;0,0000;0,0000;0,0000;0,0000;0,0000;0;0;0;0
20260614_0639;Consistência_1000;classification;LeveragingBagging;Default_FullFeatures;classifier;classifier;classifier;N/A;N/A;N/A;2000;100;3;2200;0,0000;0,0000;0,0000;0,0000;0,0000;0,0000;0;0;0;0
20260614_0639;Consistência_1000;classification;LeveragingBagging;Default_FullFeatures;classifier;classifier;classifier;N/A;N/A;N/A;2000;100;4;2300;0,0000;0,0000;0,0000;0,0000;0,0000;0,0000;0;0;0;0
20260614_0639;Consistência_1000;classification;LeveragingBagging;Default_FullFeatures;classifier;classifier;classifier;N/A;N/A;N/A;2000;100;5;2400;0,0000;0,0000;0,0000;0,0000;0,0000;0,0000;0;0;0;0
20260614_0639;Consistência_1000;classification;LeveragingBagging;Default_FullFeatures;classifier;classifier;classifier;N/A;N/A;N/A;2000;100;6;2500;0,0000;0,0000;0,0000;0,0000;0,0000;0,0000;0;0;0;0
20260614_0639;Consistência_1000;classification;LeveragingBagging;Default_FullFeatures;classifier;classifier;classifier;N/A;N/A;N/A;2000;100;7;2600;0,0000;0,0000;0,0000;0,0000;0,0000;0,0000;0;0;0;0
20260614_0639;Consistência_1000;classification;LeveragingBagging;Default_FullFeatures;classifier;classifier;classifier;N/A;N/A;N/A;2000;100;8;2700;0,0000;0,0000;0,0000;0,0000;0,0000;0,0000;0;0;0;0
20260614_0639;Consistência_1000;classification;LeveragingBagging;Default_FullFeatures;classifier;classifier;classifier;N/A;N/A;N/A;2000;100;9;2800;0,0000;0,0000;0,0000;0,0000;0,0000;0,0000;0;0;0;0
20260614_0639;Consistência_1000;classification;LeveragingBagging;Default_FullFeatures;classifier;classifier;classifier;N/A;N/A;N/A;2000;100;10;2900;0,0000;0,0000;0,0000;0,0000;0,0000;0,0000;0;0;0;0
20260614_0639;Consistência_1000;classification;LeveragingBagging;Default_FullFeatures;classifier;classifier;classifier;N/A;N/A;N/A;2000;100;11;3000;0,0000;0,0000;0,0000;0,0000;0,0000;0,0000;0;0;0;0
20260614_0639;Consistência_1000;classification;LeveragingBagging;Default_FullFeatures;classifier;classifier;classifier;N/A;N/A;N/A;2000;100;12;3100;0,0000;0,0000;0,0000;0,0000;0,0000;0,0000;0;0;0;0
20260614_0639;Consistência_1000;classification;LeveragingBagging;Default_FullFeatures;classifier;classifier;classifier;N/A;N/A;N/A;2000;100;13;3200;0,0000;0,0000;0,0000;0,0000;0,0000;0,0000;0;0;0;0
20260614_0639;Consistência_1000;classification;LeveragingBagging;Default_FullFeatures;classifier;classifier;classifier;N/A;N/A;N/A;2000;100;14;3300;0,0000;0,0000;0,0000;0,0000;0,0000;0,0000;0;0;0;0
20260614_0639;Consistência_1000;classification;LeveragingBagging;Default_FullFeatures;classifier;classifier;classifier;N/A;N/A;N/A;2000;100;15;3400;0,0000;0,0000;0,0000;0,0000;0,0000;0,0000;0;0;0;0
20260614_0639;Consistência_1000;classification;LeveragingBagging;Default_FullFeatures;classifier;classifier;classifier;N/A;N/A;N/A;2000;100;16;3500;0,0000;0,0000;0,0000;0,0000;0,0000;0,0000;0;0;0;0
20260614_0639;Consistência_1000;classification;LeveragingBagging;Default_FullFeatures;classifier;classifier;classifier;N/A;N/A;N/A;2000;100;17;3600;0,0000;0,0000;0,0000;0,0000;0,0000;0,0000;0;0;0;0
20260614_0639;Consistência_1000;classification;LeveragingBagging;Default_FullFeatures;classifier;classifier;classifier;N/A;N/A;N/A;2000;100;18;3700;0,0000;0,0000;0,0000;0,0000;0,0000;0,0000;0;0;0;0
20260614_0639;Consistência_1000;classification;LeveragingBagging;Default_FullFeatures;classifier;classifier;classifier;N/A;N/A;N/A;2000;100;19;3800;95,0672;0,9054;100,0000;0,0000;90,6122;1,6327;0;0;5;1
20260614_0639;Consistência_1000;classification;LeveragingBagging;Default_FullFeatures;classifier;classifier;classifier;N/A;N/A;N/A;2000;100;20;3900;98,1366;0,0000;97,5309;0,0000;98,7500;0,0000;2;0;1;0
20260614_0639;Consistência_1000;classification;LeveragingBagging;Default_FullFeatures;classifier;classifier;classifier;N/A;N/A;N/A;2000;100;21;4000;99,3836;0,2072;100,0000;0,0000;98,7755;0,4082;0;0;2;1
20260614_0639;Consistência_1000;classification;LeveragingBagging;Default_FullFeatures;classifier;classifier;classifier;N/A;N/A;N/A;2000;100;22;4100;98,4615;0,0000;96,9697;0,0000;100,0000;0,0000;3;0;0;0
20260614_0639;Consistência_1000;classification;LeveragingBagging;Default_FullFeatures;classifier;classifier;classifier;N/A;N/A;N/A;2000;100;23;4200;99,4924;0,0000;100,0000;0,0000;98,9899;0,0000;0;0;1;0
20260614_0639;Consistência_1000;classification;LeveragingBagging;Default_FullFeatures;classifier;classifier;classifier;N/A;N/A;N/A;2000;100;24;4300;95,0575;0,2987;91,3451;0,4693;99,0909;0,7423;7;1;1;1
20260614_0639;Consistência_1000;classification;LeveragingBagging;Default_FullFeatures;classifier;classifier;classifier;N/A;N/A;N/A;2000;100;25;4400;92,8369;0,9555;90,2000;1,7963;95,6522;0,0000;3;1;1;0
20260614_0639;Consistência_1000;classification;LeveragingBagging;Default_FullFeatures;classifier;classifier;classifier;N/A;N/A;N/A;2000;100;26;4500;96,6437;2,9818;93,6667;5,5927;100,0000;0,0000;1;1;0;0
20260614_0639;Consistência_1000;classification;LeveragingBagging;Default_FullFeatures;classifier;classifier;classifier;N/A;N/A;N/A;2000;100;27;4600;98,6883;0,2424;100,0000;0,0000;97,4118;0,4706;0;0;3;1
20260614_0639;Consistência_1000;classification;LeveragingBagging;Default_FullFeatures;classifier;classifier;classifier;N/A;N/A;N/A;2000;100;28;4700;100,0000;0,0000;100,0000;0,0000;100,0000;0,0000;0;0;0;0
20260614_0639;Consistência_1000;classification;LeveragingBagging;Default_FullFeatures;classifier;classifier;classifier;N/A;N/A;N/A;2000;100;29;4800;100,0000;0,0000;100,0000;0,0000;100,0000;0,0000;0;0;0;0
20260614_0639;Consistência_1000;classification;LeveragingBagging;Default_FullFeatures;classifier;classifier;classifier;N/A;N/A;N/A;2000;100;30;4900;0,0000;0,0000;0,0000;0,0000;0,0000;0,0000;0;0;0;0
20260614_0639;Consistência_1000;classification;LeveragingBagging;Default_FullFeatures;classifier;classifier;classifier;N/A;N/A;N/A;2000;100;31;5000;0,0000;0,0000;0,0000;0,0000;0,0000;0,0000;1;0;0;0
20260614_0639;Consistência_1000;classification;LeveragingBagging;Default_FullFeatures;classifier;classifier;classifier;N/A;N/A;N/A;2000;100;32;5100;0,0000;0,0000;0,0000;0,0000;0,0000;0,0000;0;0;0;0
20260614_0639;Consistência_1000;classification;LeveragingBagging;Default_FullFeatures;classifier;classifier;classifier;N/A;N/A;N/A;2000;100;33;5200;0,0000;0,0000;0,0000;0,0000;0,0000;0,0000;0;0;0;0
20260614_0639;Consistência_1000;classification;LeveragingBagging;Default_FullFeatures;classifier;classifier;classifier;N/A;N/A;N/A;2000;100;34;5300;0,0000;0,0000;0,0000;0,0000;0,0000;0,0000;0;0;0;0
20260614_0639;Consistência_1000;classification;LeveragingBagging;Default_FullFeatures;classifier;classifier;classifier;N/A;N/A;N/A;2000;100;35;5400;0,0000;0,0000;0,0000;0,0000;0,0000;0,0000;0;0;0;0
20260614_0639;Consistência_1000;classification;LeveragingBagging;Default_FullFeatures;classifier;classifier;classifier;N/A;N/A;N/A;2000;100;36;5500;0,0000;0,0000;0,0000;0,0000;0,0000;0,0000;0;0;0;0
20260614_0639;Consistência_1000;classification;LeveragingBagging;Default_FullFeatures;classifier;classifier;classifier;N/A;N/A;N/A;2000;100;37;5600;0,0000;0,0000;0,0000;0,0000;0,0000;0,0000;4;0;0;0
20260614_0639;Consistência_1000;classification;LeveragingBagging;Default_FullFeatures;classifier;classifier;classifier;N/A;N/A;N/A;2000;100;38;5700;0,0000;0,0000;0,0000;0,0000;0,0000;0,0000;0;0;0;0
20260614_0639;Consistência_1000;classification;LeveragingBagging;Default_FullFeatures;classifier;classifier;classifier;N/A;N/A;N/A;2000;100;39;5800;0,0000;0,0000;0,0000;0,0000;0,0000;0,0000;0;0;0;0
20260614_0639;Consistência_1000;classification;LeveragingBagging;Default_FullFeatures;classifier;classifier;classifier;N/A;N/A;N/A;2000;100;40;5900;0,0000;0,0000;0,0000;0,0000;0,0000;0,0000;0;0;0;0
20260614_0639;Consistência_1000;classification;LeveragingBagging;Default_FullFeatures;classifier;classifier;classifier;N/A;N/A;N/A;2000;100;41;6000;0,0000;0,0000;0,0000;0,0000;0,0000;0,0000;0;0;0;0
20260614_0639;Consistência_1000;classification;LeveragingBagging;Default_FullFeatures;classifier;classifier;classifier;N/A;N/A;N/A;2000;100;42;6100;0,0000;0,0000;0,0000;0,0000;0,0000;0,0000;1;0;0;0
20260614_0639;Consistência_1000;classification;LeveragingBagging;Default_FullFeatures;classifier;classifier;classifier;N/A;N/A;N/A;2000;100;43;6200;0,0000;0,0000;0,0000;0,0000;0,0000;0,0000;0;0;0;0
20260614_0639;Consistência_1000;classification;LeveragingBagging;Default_FullFeatures;classifier;classifier;classifier;N/A;N/A;N/A;2000;100;44;6300;0,0000;0,0000;0,0000;0,0000;0,0000;0,0000;0;0;0;0
20260614_0639;Consistência_1000;classification;LeveragingBagging;Default_FullFeatures;classifier;classifier;classifier;N/A;N/A;N/A;2000;100;45;6400;0,0000;0,0000;0,0000;0,0000;0,0000;0,0000;0;0;0;0
20260614_0639;Consistência_1000;classification;LeveragingBagging;Default_FullFeatures;classifier;classifier;classifier;N/A;N/A;N/A;2000;100;46;6500;0,0000;0,0000;0,0000;0,0000;0,0000;0,0000;0;0;0;0
20260614_0639;Consistência_1000;classification;LeveragingBagging;Default_FullFeatures;classifier;classifier;classifier;N/A;N/A;N/A;2000;100;47;6600;0,0000;0,0000;0,0000;0,0000;0,0000;0,0000;0;0;0;0
20260614_0639;Consistência_1000;classification;LeveragingBagging;Default_FullFeatures;classifier;classifier;classifier;N/A;N/A;N/A;2000;100;48;6700;0,0000;0,0000;0,0000;0,0000;0,0000;0,0000;0;0;0;0
20260614_0639;Consistência_1000;classification;LeveragingBagging;Default_FullFeatures;classifier;classifier;classifier;N/A;N/A;N/A;2000;100;49;6800;0,0000;0,0000;0,0000;0,0000;0,0000;0,0000;0;0;0;0
20260614_0639;Consistência_1000;classification;LeveragingBagging;Default_FullFeatures;classifier;classifier;classifier;N/A;N/A;N/A;2000;100;50;6900;0,0000;0,0000;0,0000;0,0000;0,0000;0,0000;0;0;0;0
20260614_0639;Consistência_1000;classification;LeveragingBagging;Default_FullFeatures;classifier;classifier;classifier;N/A;N/A;N/A;2000;100;51;7000;0,0000;0,0000;0,0000;0,0000;0,0000;0,0000;0;0;0;0
20260614_0639;Consistência_1000;classification;LeveragingBagging;Default_FullFeatures;classifier;classifier;classifier;N/A;N/A;N/A;2000;100;52;7100;0,0000;0,0000;0,0000;0,0000;0,0000;0,0000;0;0;0;0
20260614_0639;Consistência_1000;classification;LeveragingBagging;Default_FullFeatures;classifier;classifier;classifier;N/A;N/A;N/A;2000;100;53;7200;0,0000;0,0000;0,0000;0,0000;0,0000;0,0000;0;0;0;0
20260614_0639;Consistência_1000;classification;LeveragingBagging;Default_FullFeatures;classifier;classifier;classifier;N/A;N/A;N/A;2000;100;54;7300;0,0000;0,0000;0,0000;0,0000;0,0000;0,0000;0;0;0;0
20260614_0639;Consistência_1000;classification;LeveragingBagging;Default_FullFeatures;classifier;classifier;classifier;N/A;N/A;N/A;2000;100;55;7400;0,0000;0,0000;0,0000;0,0000;0,0000;0,0000;0;0;0;0
20260614_0639;Consistência_1000;classification;LeveragingBagging;Default_FullFeatures;classifier;classifier;classifier;N/A;N/A;N/A;2000;100;56;7500;0,0000;0,0000;0,0000;0,0000;0,0000;0,0000;0;0;0;0
20260614_0639;Consistência_1000;classification;LeveragingBagging;Default_FullFeatures;classifier;classifier;classifier;N/A;N/A;N/A;2000;100;57;7600;0,0000;0,0000;0,0000;0,0000;0,0000;0,0000;0;0;0;0
20260614_0639;Consistência_1000;classification;LeveragingBagging;Default_FullFeatures;classifier;classifier;classifier;N/A;N/A;N/A;2000;100;58;7700;0,0000;0,0000;0,0000;0,0000;0,0000;0,0000;0;0;0;0
20260614_0639;Consistência_1000;classification;LeveragingBagging;Default_FullFeatures;classifier;classifier;classifier;N/A;N/A;N/A;2000;100;59;7800;0,0000;0,0000;0,0000;0,0000;0,0000;0,0000;0;0;0;0
20260614_0639;Consistência_1000;classification;LeveragingBagging;Default_FullFeatures;classifier;classifier;classifier;N/A;N/A;N/A;2000;100;60;7900;0,0000;0,0000;0,0000;0,0000;0,0000;0,0000;0;0;0;0
20260614_0639;Consistência_1000;classification;LeveragingBagging;Default_FullFeatures;classifier;classifier;classifier;N/A;N/A;N/A;2000;100;61;8000;0,0000;0,0000;0,0000;0,0000;0,0000;0,0000;0;0;0;0
20260614_0639;Consistência_1000;classification;LeveragingBagging;Default_FullFeatures;classifier;classifier;classifier;N/A;N/A;N/A;2000;100;62;8100;0,0000;0,0000;0,0000;0,0000;0,0000;0,0000;0;0;0;0
20260614_0639;Consistência_1000;classification;LeveragingBagging;Default_FullFeatures;classifier;classifier;classifier;N/A;N/A;N/A;2000;100;63;8200;0,0000;0,0000;0,0000;0,0000;0,0000;0,0000;0;0;0;0
20260614_0639;Consistência_1000;classification;LeveragingBagging;Default_FullFeatures;classifier;classifier;classifier;N/A;N/A;N/A;2000;100;64;8300;0,0000;0,0000;0,0000;0,0000;0,0000;0,0000;0;0;0;0
20260614_0639;Consistência_1000;classification;LeveragingBagging;Default_FullFeatures;classifier;classifier;classifier;N/A;N/A;N/A;2000;100;65;8400;0,0000;0,0000;0,0000;0,0000;0,0000;0,0000;0;0;0;0
20260614_0639;Consistência_1000;classification;LeveragingBagging;Default_FullFeatures;classifier;classifier;classifier;N/A;N/A;N/A;2000;100;66;8500;100,0000;0,0000;100,0000;0,0000;100,0000;0,0000;0;0;0;0
20260614_0639;Consistência_1000;classification;LeveragingBagging;Default_FullFeatures;classifier;classifier;classifier;N/A;N/A;N/A;2000;100;67;8600;95,4023;0,0000;100,0000;0,0000;91,2088;0,0000;0;0;8;0
20260614_0639;Consistência_1000;classification;LeveragingBagging;Default_FullFeatures;classifier;classifier;classifier;N/A;N/A;N/A;2000;100;68;8700;97,9592;0,0000;100,0000;0,0000;96,0000;0,0000;0;0;4;0
20260614_0639;Consistência_1000;classification;LeveragingBagging;Default_FullFeatures;classifier;classifier;classifier;N/A;N/A;N/A;2000;100;69;8800;98,8748;0,3982;100,0000;0,0000;97,7778;0,7776;0;0;2;1
20260614_0639;Consistência_1000;classification;LeveragingBagging;Default_FullFeatures;classifier;classifier;classifier;N/A;N/A;N/A;2000;100;70;8900;97,3766;0,2863;100,0000;0,0000;94,8889;0,5443;0;0;5;1
20260614_0639;Consistência_1000;classification;LeveragingBagging;Default_FullFeatures;classifier;classifier;classifier;N/A;N/A;N/A;2000;100;71;9000;100,0000;0,0000;100,0000;0,0000;100,0000;0,0000;0;0;0;0
20260614_0639;Consistência_1000;classification;LeveragingBagging;Default_FullFeatures;classifier;classifier;classifier;N/A;N/A;N/A;2000;100;72;9100;100,0000;0,0000;100,0000;0,0000;100,0000;0,0000;0;0;0;0
20260614_0639;Consistência_1000;classification;LeveragingBagging;Default_FullFeatures;classifier;classifier;classifier;N/A;N/A;N/A;2000;100;73;9200;99,4797;0,4658;100,0000;0,0000;98,9691;0,9221;0;0;1;1
20260614_0639;Consistência_1000;classification;LeveragingBagging;Default_FullFeatures;classifier;classifier;classifier;N/A;N/A;N/A;2000;100;74;9300;100,0000;0,0000;100,0000;0,0000;100,0000;0,0000;0;0;0;0
20260614_0639;Consistência_1000;classification;LeveragingBagging;Default_FullFeatures;classifier;classifier;classifier;N/A;N/A;N/A;2000;100;75;9400;99,7949;0,2512;100,0000;0,0000;99,5918;0,4999;0;0;1;1
20260614_0639;Consistência_1000;classification;LeveragingBagging;Default_FullFeatures;classifier;classifier;classifier;N/A;N/A;N/A;2000;100;76;9500;99,8985;0,2030;100,0000;0,0000;99,7980;0,4040;0;0;1;1
20260614_0639;Consistência_1000;classification;LeveragingBagging;Default_FullFeatures;classifier;classifier;classifier;N/A;N/A;N/A;2000;100;77;9600;0,0000;0,0000;0,0000;0,0000;0,0000;0,0000;3;1;0;0
20260614_0639;Consistência_1000;classification;LeveragingBagging;Default_FullFeatures;classifier;classifier;classifier;N/A;N/A;N/A;2000;100;78;9700;0,0000;0,0000;0,0000;0,0000;0,0000;0,0000;0;0;0;0
20260614_0639;Consistência_1000;classification;LeveragingBagging;Default_FullFeatures;classifier;classifier;classifier;N/A;N/A;N/A;2000;100;79;9800;0,0000;0,0000;0,0000;0,0000;0,0000;0,0000;0;0;0;0
20260614_0639;Consistência_1000;classification;LeveragingBagging;Default_FullFeatures;classifier;classifier;classifier;N/A;N/A;N/A;2000;100;80;9900;0,0000;0,0000;0,0000;0,0000;0,0000;0,0000;1;0;0;0
20260614_0639;Consistência_1000;classification;LeveragingBagging;Default_FullFeatures;classifier;classifier;classifier;N/A;N/A;N/A;2000;100;81;10000;0,0000;0,0000;0,0000;0,0000;0,0000;0,0000;0;0;0;0
20260614_0639;Consistência_1000;classification;LeveragingBagging;Default_FullFeatures;classifier;classifier;classifier;N/A;N/A;N/A;2000;100;82;10100;0,0000;0,0000;0,0000;0,0000;0,0000;0,0000;1;1;0;0
20260614_0639;Consistência_1000;classification;LeveragingBagging;Default_FullFeatures;classifier;classifier;classifier;N/A;N/A;N/A;2000;100;83;10200;0,0000;0,0000;0,0000;0,0000;0,0000;0,0000;0;0;0;0
20260614_0639;Consistência_1000;classification;LeveragingBagging;Default_FullFeatures;classifier;classifier;classifier;N/A;N/A;N/A;2000;100;84;10300;0,0000;0,0000;0,0000;0,0000;0,0000;0,0000;1;1;0;0
20260614_0639;Consistência_1000;classification;LeveragingBagging;Default_FullFeatures;classifier;classifier;classifier;N/A;N/A;N/A;2000;100;85;10400;0,0000;0,0000;0,0000;0,0000;0,0000;0,0000;1;1;0;0
20260614_0639;Consistência_1000;classification;LeveragingBagging;Default_FullFeatures;classifier;classifier;classifier;N/A;N/A;N/A;2000;100;86;10500;0,0000;0,0000;0,0000;0,0000;0,0000;0,0000;0;0;0;0
20260614_0639;Consistência_1000;classification;LeveragingBagging;Default_FullFeatures;classifier;classifier;classifier;N/A;N/A;N/A;2000;100;87;10600;0,0000;0,0000;0,0000;0,0000;0,0000;0,0000;0;0;0;0
20260614_0639;Consistência_1000;classification;LeveragingBagging;Default_FullFeatures;classifier;classifier;classifier;N/A;N/A;N/A;2000;100;88;10700;0,0000;0,0000;0,0000;0,0000;0,0000;0,0000;0;0;0;0
20260614_0639;Consistência_1000;classification;LeveragingBagging;Default_FullFeatures;classifier;classifier;classifier;N/A;N/A;N/A;2000;100;89;10800;0,0000;0,0000;0,0000;0,0000;0,0000;0,0000;0;0;0;0
20260614_0639;Consistência_1000;classification;LeveragingBagging;Default_FullFeatures;classifier;classifier;classifier;N/A;N/A;N/A;2000;100;90;10900;0,0000;0,0000;0,0000;0,0000;0,0000;0,0000;1;0;0;0
20260614_0639;Consistência_1000;classification;LeveragingBagging;Default_FullFeatures;classifier;classifier;classifier;N/A;N/A;N/A;2000;100;91;11000;0,0000;0,0000;0,0000;0,0000;0,0000;0,0000;0;0;0;0
20260614_0639;Consistência_1000;classification;LeveragingBagging;Default_FullFeatures;classifier;classifier;classifier;N/A;N/A;N/A;2000;100;92;11100;0,0000;0,0000;0,0000;0,0000;0,0000;0,0000;0;0;0;0
20260614_0639;Consistência_1000;classification;LeveragingBagging;Default_FullFeatures;classifier;classifier;classifier;N/A;N/A;N/A;2000;100;93;11200;0,0000;0,0000;0,0000;0,0000;0,0000;0,0000;0;0;0;0
20260614_0639;Consistência_1000;classification;LeveragingBagging;Default_FullFeatures;classifier;classifier;classifier;N/A;N/A;N/A;2000;100;94;11300;0,0000;0,0000;0,0000;0,0000;0,0000;0,0000;0;0;0;0
20260614_0639;Consistência_1000;classification;LeveragingBagging;Default_FullFeatures;classifier;classifier;classifier;N/A;N/A;N/A;2000;100;95;11400;0,0000;0,0000;0,0000;0,0000;0,0000;0,0000;1;1;0;0
20260614_0639;Consistência_1000;classification;LeveragingBagging;Default_FullFeatures;classifier;classifier;classifier;N/A;N/A;N/A;2000;100;96;11500;0,0000;0,0000;0,0000;0,0000;0,0000;0,0000;0;0;0;0
20260614_0639;Consistência_1000;classification;LeveragingBagging;Default_FullFeatures;classifier;classifier;classifier;N/A;N/A;N/A;2000;100;97;11600;0,0000;0,0000;0,0000;0,0000;0,0000;0,0000;0;0;0;0
20260614_0639;Consistência_1000;classification;LeveragingBagging;Default_FullFeatures;classifier;classifier;classifier;N/A;N/A;N/A;2000;100;98;11700;0,0000;0,0000;0,0000;0,0000;0,0000;0,0000;1;0;0;0
20260614_0639;Consistência_1000;classification;LeveragingBagging;Default_FullFeatures;classifier;classifier;classifier;N/A;N/A;N/A;2000;100;99;11800;0,0000;0,0000;0,0000;0,0000;0,0000;0,0000;0;0;0;0
20260614_0639;Consistência_1000;classification;LeveragingBagging;Default_FullFeatures;classifier;classifier;classifier;N/A;N/A;N/A;2000;100;100;11900;0,0000;0,0000;0,0000;0,0000;0,0000;0,0000;0;0;0;0
20260614_0639;Consistência_1000;classification;LeveragingBagging;Default_FullFeatures;classifier;classifier;classifier;N/A;N/A;N/A;2000;100;101;12000;0,0000;0,0000;0,0000;0,0000;0,0000;0,0000;0;0;0;0
20260614_0639;Consistência_1000;classification;LeveragingBagging;Default_FullFeatures;classifier;classifier;classifier;N/A;N/A;N/A;2000;100;102;12100;0,0000;0,0000;0,0000;0,0000;0,0000;0,0000;0;0;0;0
20260614_0639;Consistência_1000;classification;LeveragingBagging;Default_FullFeatures;classifier;classifier;classifier;N/A;N/A;N/A;2000;100;103;12200;0,0000;0,0000;0,0000;0,0000;0,0000;0,0000;0;0;0;0
20260614_0639;Consistência_1000;classification;LeveragingBagging;Default_FullFeatures;classifier;classifier;classifier;N/A;N/A;N/A;2000;100;104;12300;0,0000;0,0000;0,0000;0,0000;0,0000;0,0000;0;0;0;0
20260614_0639;Consistência_1000;classification;LeveragingBagging;Default_FullFeatures;classifier;classifier;classifier;N/A;N/A;N/A;2000;100;105;12400;0,0000;0,0000;0,0000;0,0000;0,0000;0,0000;0;0;0;0
20260614_0639;Consistência_1000;classification;LeveragingBagging;Default_FullFeatures;classifier;classifier;classifier;N/A;N/A;N/A;2000;100;106;12500;0,0000;0,0000;0,0000;0,0000;0,0000;0,0000;0;0;0;0
20260614_0639;Consistência_1000;classification;LeveragingBagging;Default_FullFeatures;classifier;classifier;classifier;N/A;N/A;N/A;2000;100;107;12600;0,0000;0,0000;0,0000;0,0000;0,0000;0,0000;0;0;0;0
20260614_0639;Consistência_1000;classification;LeveragingBagging;Default_FullFeatures;classifier;classifier;classifier;N/A;N/A;N/A;2000;100;108;12700;0,0000;0,0000;0,0000;0,0000;0,0000;0,0000;0;0;0;0
20260614_0639;Consistência_1000;classification;LeveragingBagging;Default_FullFeatures;classifier;classifier;classifier;N/A;N/A;N/A;2000;100;109;12800;0,0000;0,0000;0,0000;0,0000;0,0000;0,0000;1;0;0;0
20260614_0639;Consistência_1000;classification;LeveragingBagging;Default_FullFeatures;classifier;classifier;classifier;N/A;N/A;N/A;2000;100;110;12900;0,0000;0,0000;0,0000;0,0000;0,0000;0,0000;0;0;0;0
20260614_0639;Consistência_1000;classification;LeveragingBagging;Default_FullFeatures;classifier;classifier;classifier;N/A;N/A;N/A;2000;100;111;13000;0,0000;0,0000;0,0000;0,0000;0,0000;0,0000;0;0;0;0
20260614_0639;Consistência_1000;classification;LeveragingBagging;Default_FullFeatures;classifier;classifier;classifier;N/A;N/A;N/A;2000;100;112;13100;0,0000;0,0000;0,0000;0,0000;0,0000;0,0000;1;1;0;0
20260614_0639;Consistência_1000;classification;LeveragingBagging;Default_FullFeatures;classifier;classifier;classifier;N/A;N/A;N/A;2000;100;113;13200;0,0000;0,0000;0,0000;0,0000;0,0000;0,0000;0;0;0;0
20260614_0639;Consistência_1000;classification;LeveragingBagging;Default_FullFeatures;classifier;classifier;classifier;N/A;N/A;N/A;2000;100;114;13300;98,6020;0,8010;100,0000;0,0000;97,2549;1,5686;0;0;2;1
20260614_0639;Consistência_1000;classification;LeveragingBagging;Default_FullFeatures;classifier;classifier;classifier;N/A;N/A;N/A;2000;100;115;13400;100,0000;0,0000;100,0000;0,0000;100,0000;0,0000;0;0;0;0
20260614_0639;Consistência_1000;classification;LeveragingBagging;Default_FullFeatures;classifier;classifier;classifier;N/A;N/A;N/A;2000;100;116;13500;99,4975;0,0000;100,0000;0,0000;99,0000;0,0000;0;0;1;0
20260614_0639;Consistência_1000;classification;LeveragingBagging;Default_FullFeatures;classifier;classifier;classifier;N/A;N/A;N/A;2000;100;117;13600;99,1469;0,2877;100,0000;0,0000;98,3099;0,5634;0;0;2;1
20260614_0639;Consistência_1000;classification;LeveragingBagging;Default_FullFeatures;classifier;classifier;classifier;N/A;N/A;N/A;2000;100;118;13700;100,0000;0,0000;100,0000;0,0000;100,0000;0,0000;0;0;0;0
20260614_0639;Consistência_1000;classification;LeveragingBagging;Default_FullFeatures;classifier;classifier;classifier;N/A;N/A;N/A;2000;100;119;13800;98,3946;0,3437;100,0000;0,0000;96,8421;0,6657;0;0;3;1
20260614_0639;Consistência_1000;classification;LeveragingBagging;Default_FullFeatures;classifier;classifier;classifier;N/A;N/A;N/A;2000;100;120;13900;100,0000;0,0000;100,0000;0,0000;100,0000;0,0000;0;0;0;0
20260614_0639;Consistência_1000;classification;LeveragingBagging;Default_FullFeatures;classifier;classifier;classifier;N/A;N/A;N/A;2000;100;121;14000;100,0000;0,0000;100,0000;0,0000;100,0000;0,0000;0;0;0;0
20260614_0639;Consistência_1000;classification;LeveragingBagging;Default_FullFeatures;classifier;classifier;classifier;N/A;N/A;N/A;2000;100;122;14100;100,0000;0,0000;100,0000;0,0000;100,0000;0,0000;0;0;0;0
20260614_0639;Consistência_1000;classification;LeveragingBagging;Default_FullFeatures;classifier;classifier;classifier;N/A;N/A;N/A;2000;100;123;14200;100,0000;0,0000;100,0000;0,0000;100,0000;0,0000;0;0;0;0
20260614_0639;Consistência_1000;classification;LeveragingBagging;Default_FullFeatures;classifier;classifier;classifier;N/A;N/A;N/A;2000;100;124;14300;100,0000;0,0000;100,0000;0,0000;100,0000;0,0000;0;0;0;0
20260614_0639;Consistência_1000;classification;LeveragingBagging;Default_FullFeatures;classifier;classifier;classifier;N/A;N/A;N/A;2000;100;125;14400;0,0000;0,0000;0,0000;0,0000;0,0000;0,0000;1;0;0;0
20260614_0639;Consistência_1000;classification;LeveragingBagging;Default_FullFeatures;classifier;classifier;classifier;N/A;N/A;N/A;2000;100;126;14500;0,0000;0,0000;0,0000;0,0000;0,0000;0,0000;0;0;0;0
20260614_0639;Consistência_1000;classification;LeveragingBagging;Default_FullFeatures;classifier;classifier;classifier;N/A;N/A;N/A;2000;100;127;14600;0,0000;0,0000;0,0000;0,0000;0,0000;0,0000;0;0;0;0
20260614_0639;Consistência_1000;classification;LeveragingBagging;Default_FullFeatures;classifier;classifier;classifier;N/A;N/A;N/A;2000;100;128;14700;0,0000;0,0000;0,0000;0,0000;0,0000;0,0000;0;0;0;0
20260614_0639;Consistência_1000;classification;LeveragingBagging;Default_FullFeatures;classifier;classifier;classifier;N/A;N/A;N/A;2000;100;129;14800;0,0000;0,0000;0,0000;0,0000;0,0000;0,0000;1;0;0;0
20260614_0639;Consistência_1000;classification;LeveragingBagging;Default_FullFeatures;classifier;classifier;classifier;N/A;N/A;N/A;2000;100;130;14900;0,0000;0,0000;0,0000;0,0000;0,0000;0,0000;0;0;0;0
20260614_0639;Consistência_1000;classification;LeveragingBagging;Default_FullFeatures;classifier;classifier;classifier;N/A;N/A;N/A;2000;100;131;15000;0,0000;0,0000;0,0000;0,0000;0,0000;0,0000;0;0;0;0
20260614_0639;Consistência_1000;classification;LeveragingBagging;Default_FullFeatures;classifier;classifier;classifier;N/A;N/A;N/A;2000;100;132;15100;0,0000;0,0000;0,0000;0,0000;0,0000;0,0000;0;0;0;0
20260614_0639;Consistência_1000;classification;LeveragingBagging;Default_FullFeatures;classifier;classifier;classifier;N/A;N/A;N/A;2000;100;133;15200;0,0000;0,0000;0,0000;0,0000;0,0000;0,0000;0;0;0;0
20260614_0639;Consistência_1000;classification;LeveragingBagging;Default_FullFeatures;classifier;classifier;classifier;N/A;N/A;N/A;2000;100;134;15300;0,0000;0,0000;0,0000;0,0000;0,0000;0,0000;1;0;0;0
20260614_0639;Consistência_1000;classification;LeveragingBagging;Default_FullFeatures;classifier;classifier;classifier;N/A;N/A;N/A;2000;100;135;15400;0,0000;0,0000;0,0000;0,0000;0,0000;0,0000;0;0;0;0
20260614_0639;Consistência_1000;classification;LeveragingBagging;Default_FullFeatures;classifier;classifier;classifier;N/A;N/A;N/A;2000;100;136;15500;0,0000;0,0000;0,0000;0,0000;0,0000;0,0000;0;0;0;0
20260614_0639;Consistência_1000;classification;LeveragingBagging;Default_FullFeatures;classifier;classifier;classifier;N/A;N/A;N/A;2000;100;137;15600;0,0000;0,0000;0,0000;0,0000;0,0000;0,0000;0;0;0;0
20260614_0639;Consistência_1000;classification;LeveragingBagging;Default_FullFeatures;classifier;classifier;classifier;N/A;N/A;N/A;2000;100;138;15700;0,0000;0,0000;0,0000;0,0000;0,0000;0,0000;0;0;0;0
20260614_0639;Consistência_1000;classification;LeveragingBagging;Default_FullFeatures;classifier;classifier;classifier;N/A;N/A;N/A;2000;100;139;15800;0,0000;0,0000;0,0000;0,0000;0,0000;0,0000;0;0;0;0
20260614_0639;Consistência_1000;classification;LeveragingBagging;Default_FullFeatures;classifier;classifier;classifier;N/A;N/A;N/A;2000;100;140;15900;0,0000;0,0000;0,0000;0,0000;0,0000;0,0000;0;0;0;0
20260614_0639;Consistência_1000;classification;LeveragingBagging;Default_FullFeatures;classifier;classifier;classifier;N/A;N/A;N/A;2000;100;141;16000;0,0000;0,0000;0,0000;0,0000;0,0000;0,0000;0;0;0;0
20260614_0639;Consistência_1000;classification;LeveragingBagging;Default_FullFeatures;classifier;classifier;classifier;N/A;N/A;N/A;2000;100;142;16100;0,0000;0,0000;0,0000;0,0000;0,0000;0,0000;1;0;0;0
20260614_0639;Consistência_1000;classification;LeveragingBagging;Default_FullFeatures;classifier;classifier;classifier;N/A;N/A;N/A;2000;100;143;16200;0,0000;0,0000;0,0000;0,0000;0,0000;0,0000;0;0;0;0
20260614_0639;Consistência_1000;classification;LeveragingBagging;Default_FullFeatures;classifier;classifier;classifier;N/A;N/A;N/A;2000;100;144;16300;0,0000;0,0000;0,0000;0,0000;0,0000;0,0000;0;0;0;0
20260614_0639;Consistência_1000;classification;LeveragingBagging;Default_FullFeatures;classifier;classifier;classifier;N/A;N/A;N/A;2000;100;145;16400;0,0000;0,0000;0,0000;0,0000;0,0000;0,0000;0;0;0;0
20260614_0639;Consistência_1000;classification;LeveragingBagging;Default_FullFeatures;classifier;classifier;classifier;N/A;N/A;N/A;2000;100;146;16500;0,0000;0,0000;0,0000;0,0000;0,0000;0,0000;0;0;0;0
20260614_0639;Consistência_1000;classification;LeveragingBagging;Default_FullFeatures;classifier;classifier;classifier;N/A;N/A;N/A;2000;100;147;16600;0,0000;0,0000;0,0000;0,0000;0,0000;0,0000;0;0;0;0
20260614_0639;Consistência_1000;classification;LeveragingBagging;Default_FullFeatures;classifier;classifier;classifier;N/A;N/A;N/A;2000;100;148;16700;0,0000;0,0000;0,0000;0,0000;0,0000;0,0000;0;0;0;0
20260614_0639;Consistência_1000;classification;LeveragingBagging;Default_FullFeatures;classifier;classifier;classifier;N/A;N/A;N/A;2000;100;149;16800;0,0000;0,0000;0,0000;0,0000;0,0000;0,0000;0;0;0;0
20260614_0639;Consistência_1000;classification;LeveragingBagging;Default_FullFeatures;classifier;classifier;classifier;N/A;N/A;N/A;2000;100;150;16900;0,0000;0,0000;0,0000;0,0000;0,0000;0,0000;0;0;0;0
20260614_0639;Consistência_1000;classification;LeveragingBagging;Default_FullFeatures;classifier;classifier;classifier;N/A;N/A;N/A;2000;100;151;17000;0,0000;0,0000;0,0000;0,0000;0,0000;0,0000;0;0;0;0
20260614_0639;Consistência_1000;classification;LeveragingBagging;Default_FullFeatures;classifier;classifier;classifier;N/A;N/A;N/A;2000;100;152;17100;0,0000;0,0000;0,0000;0,0000;0,0000;0,0000;0;0;0;0
20260614_0639;Consistência_1000;classification;LeveragingBagging;Default_FullFeatures;classifier;classifier;classifier;N/A;N/A;N/A;2000;100;153;17200;0,0000;0,0000;0,0000;0,0000;0,0000;0,0000;0;0;0;0
20260614_0639;Consistência_1000;classification;LeveragingBagging;Default_FullFeatures;classifier;classifier;classifier;N/A;N/A;N/A;2000;100;154;17300;0,0000;0,0000;0,0000;0,0000;0,0000;0,0000;0;0;0;0
20260614_0639;Consistência_1000;classification;LeveragingBagging;Default_FullFeatures;classifier;classifier;classifier;N/A;N/A;N/A;2000;100;155;17400;0,0000;0,0000;0,0000;0,0000;0,0000;0,0000;0;0;0;0
20260614_0639;Consistência_1000;classification;LeveragingBagging;Default_FullFeatures;classifier;classifier;classifier;N/A;N/A;N/A;2000;100;156;17500;0,0000;0,0000;0,0000;0,0000;0,0000;0,0000;1;1;0;0
20260614_0639;Consistência_1000;classification;LeveragingBagging;Default_FullFeatures;classifier;classifier;classifier;N/A;N/A;N/A;2000;100;157;17600;0,0000;0,0000;0,0000;0,0000;0,0000;0,0000;0;0;0;0
20260614_0639;Consistência_1000;classification;LeveragingBagging;Default_FullFeatures;classifier;classifier;classifier;N/A;N/A;N/A;2000;100;158;17700;0,0000;0,0000;0,0000;0,0000;0,0000;0,0000;0;0;0;0
20260614_0639;Consistência_1000;classification;LeveragingBagging;Default_FullFeatures;classifier;classifier;classifier;N/A;N/A;N/A;2000;100;159;17800;0,0000;0,0000;0,0000;0,0000;0,0000;0,0000;0;0;0;0
20260614_0639;Consistência_1000;classification;LeveragingBagging;Default_FullFeatures;classifier;classifier;classifier;N/A;N/A;N/A;2000;100;160;17900;0,0000;0,0000;0,0000;0,0000;0,0000;0,0000;0;0;0;0
20260614_0639;Generalização_25;classification;LeveragingBagging;Default_FullFeatures;classifier;classifier;classifier;N/A;N/A;N/A;2000;100;1;2000;0,0000;0,0000;0,0000;0,0000;0,0000;0,0000;0;0;0;0
20260614_0639;Generalização_25;classification;LeveragingBagging;Default_FullFeatures;classifier;classifier;classifier;N/A;N/A;N/A;2000;100;2;2100;0,0000;0,0000;0,0000;0,0000;0,0000;0,0000;0;0;0;0
20260614_0639;Generalização_25;classification;LeveragingBagging;Default_FullFeatures;classifier;classifier;classifier;N/A;N/A;N/A;2000;100;3;2200;0,0000;0,0000;0,0000;0,0000;0,0000;0,0000;0;0;0;0
20260614_0639;Generalização_25;classification;LeveragingBagging;Default_FullFeatures;classifier;classifier;classifier;N/A;N/A;N/A;2000;100;4;2300;0,0000;0,0000;0,0000;0,0000;0,0000;0,0000;0;0;0;0
20260614_0639;Generalização_25;classification;LeveragingBagging;Default_FullFeatures;classifier;classifier;classifier;N/A;N/A;N/A;2000;100;5;2400;0,0000;0,0000;0,0000;0,0000;0,0000;0,0000;0;0;0;0
20260614_0639;Generalização_25;classification;LeveragingBagging;Default_FullFeatures;classifier;classifier;classifier;N/A;N/A;N/A;2000;100;6;2500;0,0000;0,0000;0,0000;0,0000;0,0000;0,0000;0;0;0;0
20260614_0639;Generalização_25;classification;LeveragingBagging;Default_FullFeatures;classifier;classifier;classifier;N/A;N/A;N/A;2000;100;7;2600;0,0000;0,0000;0,0000;0,0000;0,0000;0,0000;0;0;0;0
20260614_0639;Generalização_25;classification;LeveragingBagging;Default_FullFeatures;classifier;classifier;classifier;N/A;N/A;N/A;2000;100;8;2700;0,0000;0,0000;0,0000;0,0000;0,0000;0,0000;0;0;0;0
20260614_0639;Generalização_25;classification;LeveragingBagging;Default_FullFeatures;classifier;classifier;classifier;N/A;N/A;N/A;2000;100;9;2800;0,0000;0,0000;0,0000;0,0000;0,0000;0,0000;0;0;0;0
20260614_0639;Generalização_25;classification;LeveragingBagging;Default_FullFeatures;classifier;classifier;classifier;N/A;N/A;N/A;2000;100;10;2900;0,0000;0,0000;0,0000;0,0000;0,0000;0,0000;0;0;0;0
20260614_0639;Generalização_25;classification;LeveragingBagging;Default_FullFeatures;classifier;classifier;classifier;N/A;N/A;N/A;2000;100;11;3000;0,0000;0,0000;0,0000;0,0000;0,0000;0,0000;0;0;0;0
20260614_0639;Generalização_25;classification;LeveragingBagging;Default_FullFeatures;classifier;classifier;classifier;N/A;N/A;N/A;2000;100;12;3100;0,0000;0,0000;0,0000;0,0000;0,0000;0,0000;0;0;0;0
20260614_0639;Generalização_25;classification;LeveragingBagging;Default_FullFeatures;classifier;classifier;classifier;N/A;N/A;N/A;2000;100;13;3200;0,0000;0,0000;0,0000;0,0000;0,0000;0,0000;0;0;0;0
20260614_0639;Generalização_25;classification;LeveragingBagging;Default_FullFeatures;classifier;classifier;classifier;N/A;N/A;N/A;2000;100;14;3300;0,0000;0,0000;0,0000;0,0000;0,0000;0,0000;0;0;0;0
20260614_0639;Generalização_25;classification;LeveragingBagging;Default_FullFeatures;classifier;classifier;classifier;N/A;N/A;N/A;2000;100;15;3400;0,0000;0,0000;0,0000;0,0000;0,0000;0,0000;0;0;0;0
20260614_0639;Generalização_25;classification;LeveragingBagging;Default_FullFeatures;classifier;classifier;classifier;N/A;N/A;N/A;2000;100;16;3500;0,0000;0,0000;0,0000;0,0000;0,0000;0,0000;0;0;0;0
20260614_0639;Generalização_25;classification;LeveragingBagging;Default_FullFeatures;classifier;classifier;classifier;N/A;N/A;N/A;2000;100;17;3600;0,0000;0,0000;0,0000;0,0000;0,0000;0,0000;0;0;0;0
20260614_0639;Generalização_25;classification;LeveragingBagging;Default_FullFeatures;classifier;classifier;classifier;N/A;N/A;N/A;2000;100;18;3700;0,0000;0,0000;0,0000;0,0000;0,0000;0,0000;0;0;0;0
20260614_0639;Generalização_25;classification;LeveragingBagging;Default_FullFeatures;classifier;classifier;classifier;N/A;N/A;N/A;2000;100;19;3800;90,3382;1,1833;100,0000;0,0000;82,4000;1,9596;0;0;5;1
20260614_0639;Generalização_25;classification;LeveragingBagging;Default_FullFeatures;classifier;classifier;classifier;N/A;N/A;N/A;2000;100;20;3900;0,0000;0,0000;0,0000;0,0000;0,0000;0,0000;2;1;0;0
20260614_0639;Generalização_25;classification;LeveragingBagging;Default_FullFeatures;classifier;classifier;classifier;N/A;N/A;N/A;2000;100;21;4000;0,0000;0,0000;0,0000;0,0000;0,0000;0,0000;1;0;0;0
20260614_0639;Generalização_25;classification;LeveragingBagging;Default_FullFeatures;classifier;classifier;classifier;N/A;N/A;N/A;2000;100;22;4100;0,0000;0,0000;0,0000;0,0000;0,0000;0,0000;0;0;0;0
20260614_0639;Generalização_25;classification;LeveragingBagging;Default_FullFeatures;classifier;classifier;classifier;N/A;N/A;N/A;2000;100;23;4200;0,0000;0,0000;0,0000;0,0000;0,0000;0,0000;0;0;0;0
20260614_0639;Generalização_25;classification;LeveragingBagging;Default_FullFeatures;classifier;classifier;classifier;N/A;N/A;N/A;2000;100;24;4300;0,0000;0,0000;0,0000;0,0000;0,0000;0,0000;0;0;0;0
20260614_0639;Generalização_25;classification;LeveragingBagging;Default_FullFeatures;classifier;classifier;classifier;N/A;N/A;N/A;2000;100;25;4400;0,0000;0,0000;0,0000;0,0000;0,0000;0,0000;0;0;0;0
20260614_0639;Generalização_25;classification;LeveragingBagging;Default_FullFeatures;classifier;classifier;classifier;N/A;N/A;N/A;2000;100;26;4500;0,0000;0,0000;0,0000;0,0000;0,0000;0,0000;0;0;0;0
20260614_0639;Generalização_25;classification;LeveragingBagging;Default_FullFeatures;classifier;classifier;classifier;N/A;N/A;N/A;2000;100;27;4600;0,0000;0,0000;0,0000;0,0000;0,0000;0,0000;0;0;0;0
20260614_0639;Generalização_25;classification;LeveragingBagging;Default_FullFeatures;classifier;classifier;classifier;N/A;N/A;N/A;2000;100;28;4700;0,0000;0,0000;0,0000;0,0000;0,0000;0,0000;0;0;0;0
20260614_0639;Generalização_25;classification;LeveragingBagging;Default_FullFeatures;classifier;classifier;classifier;N/A;N/A;N/A;2000;100;29;4800;0,0000;0,0000;0,0000;0,0000;0,0000;0,0000;0;0;0;0
20260614_0639;Generalização_25;classification;LeveragingBagging;Default_FullFeatures;classifier;classifier;classifier;N/A;N/A;N/A;2000;100;30;4900;0,0000;0,0000;0,0000;0,0000;0,0000;0,0000;0;0;0;0
20260614_0639;Generalização_25;classification;LeveragingBagging;Default_FullFeatures;classifier;classifier;classifier;N/A;N/A;N/A;2000;100;31;5000;0,0000;0,0000;0,0000;0,0000;0,0000;0,0000;0;0;0;0
20260614_0639;Generalização_25;classification;LeveragingBagging;Default_FullFeatures;classifier;classifier;classifier;N/A;N/A;N/A;2000;100;32;5100;0,0000;0,0000;0,0000;0,0000;0,0000;0,0000;0;0;0;0
20260614_0639;Generalização_25;classification;LeveragingBagging;Default_FullFeatures;classifier;classifier;classifier;N/A;N/A;N/A;2000;100;33;5200;0,0000;0,0000;0,0000;0,0000;0,0000;0,0000;0;0;0;0
20260614_0639;Generalização_25;classification;LeveragingBagging;Default_FullFeatures;classifier;classifier;classifier;N/A;N/A;N/A;2000;100;34;5300;0,0000;0,0000;0,0000;0,0000;0,0000;0,0000;0;0;0;0
20260614_0639;Generalização_25;classification;LeveragingBagging;Default_FullFeatures;classifier;classifier;classifier;N/A;N/A;N/A;2000;100;35;5400;0,0000;0,0000;0,0000;0,0000;0,0000;0,0000;0;0;0;0
20260614_0639;Generalização_25;classification;LeveragingBagging;Default_FullFeatures;classifier;classifier;classifier;N/A;N/A;N/A;2000;100;36;5500;0,0000;0,0000;0,0000;0,0000;0,0000;0,0000;0;0;0;0
20260614_0639;Generalização_25;classification;LeveragingBagging;Default_FullFeatures;classifier;classifier;classifier;N/A;N/A;N/A;2000;100;37;5600;0,0000;0,0000;0,0000;0,0000;0,0000;0,0000;0;0;0;0
20260614_0639;Generalização_25;classification;LeveragingBagging;Default_FullFeatures;classifier;classifier;classifier;N/A;N/A;N/A;2000;100;38;5700;0,0000;0,0000;0,0000;0,0000;0,0000;0,0000;0;0;0;0
20260614_0639;Generalização_25;classification;LeveragingBagging;Default_FullFeatures;classifier;classifier;classifier;N/A;N/A;N/A;2000;100;39;5800;0,0000;0,0000;0,0000;0,0000;0,0000;0,0000;0;0;0;0
20260614_0639;Generalização_25;classification;LeveragingBagging;Default_FullFeatures;classifier;classifier;classifier;N/A;N/A;N/A;2000;100;40;5900;0,0000;0,0000;0,0000;0,0000;0,0000;0,0000;0;0;0;0
20260614_0639;Generalização_25;classification;LeveragingBagging;Default_FullFeatures;classifier;classifier;classifier;N/A;N/A;N/A;2000;100;41;6000;0,0000;0,0000;0,0000;0,0000;0,0000;0,0000;0;0;0;0
20260614_0639;Generalização_25;classification;LeveragingBagging;Default_FullFeatures;classifier;classifier;classifier;N/A;N/A;N/A;2000;100;42;6100;0,0000;0,0000;0,0000;0,0000;0,0000;0,0000;0;0;0;0
20260614_0639;Generalização_25;classification;LeveragingBagging;Default_FullFeatures;classifier;classifier;classifier;N/A;N/A;N/A;2000;100;43;6200;0,0000;0,0000;0,0000;0,0000;0,0000;0,0000;0;0;0;0
20260614_0639;Generalização_25;classification;LeveragingBagging;Default_FullFeatures;classifier;classifier;classifier;N/A;N/A;N/A;2000;100;44;6300;0,0000;0,0000;0,0000;0,0000;0,0000;0,0000;0;0;0;0
20260614_0639;Generalização_25;classification;LeveragingBagging;Default_FullFeatures;classifier;classifier;classifier;N/A;N/A;N/A;2000;100;45;6400;0,0000;0,0000;0,0000;0,0000;0,0000;0,0000;0;0;0;0
20260614_0639;Generalização_25;classification;LeveragingBagging;Default_FullFeatures;classifier;classifier;classifier;N/A;N/A;N/A;2000;100;46;6500;0,0000;0,0000;0,0000;0,0000;0,0000;0,0000;0;0;0;0
20260614_0639;Generalização_25;classification;LeveragingBagging;Default_FullFeatures;classifier;classifier;classifier;N/A;N/A;N/A;2000;100;47;6600;0,0000;0,0000;0,0000;0,0000;0,0000;0,0000;0;0;0;0
20260614_0639;Generalização_25;classification;LeveragingBagging;Default_FullFeatures;classifier;classifier;classifier;N/A;N/A;N/A;2000;100;48;6700;0,0000;0,0000;0,0000;0,0000;0,0000;0,0000;0;0;0;0
20260614_0639;Generalização_25;classification;LeveragingBagging;Default_FullFeatures;classifier;classifier;classifier;N/A;N/A;N/A;2000;100;49;6800;0,0000;0,0000;0,0000;0,0000;0,0000;0,0000;0;0;0;0
20260614_0639;Generalização_25;classification;LeveragingBagging;Default_FullFeatures;classifier;classifier;classifier;N/A;N/A;N/A;2000;100;50;6900;0,0000;0,0000;0,0000;0,0000;0,0000;0,0000;0;0;0;0
20260614_0639;Generalização_25;classification;LeveragingBagging;Default_FullFeatures;classifier;classifier;classifier;N/A;N/A;N/A;2000;100;51;7000;0,0000;0,0000;0,0000;0,0000;0,0000;0,0000;0;0;0;0
20260614_0639;Generalização_25;classification;LeveragingBagging;Default_FullFeatures;classifier;classifier;classifier;N/A;N/A;N/A;2000;100;52;7100;0,0000;0,0000;0,0000;0,0000;0,0000;0,0000;0;0;0;0
20260614_0639;Generalização_25;classification;LeveragingBagging;Default_FullFeatures;classifier;classifier;classifier;N/A;N/A;N/A;2000;100;53;7200;0,0000;0,0000;0,0000;0,0000;0,0000;0,0000;0;0;0;0
20260614_0639;Generalização_25;classification;LeveragingBagging;Default_FullFeatures;classifier;classifier;classifier;N/A;N/A;N/A;2000;100;54;7300;0,0000;0,0000;0,0000;0,0000;0,0000;0,0000;0;0;0;0
20260614_0639;Generalização_25;classification;LeveragingBagging;Default_FullFeatures;classifier;classifier;classifier;N/A;N/A;N/A;2000;100;55;7400;0,0000;0,0000;0,0000;0,0000;0,0000;0,0000;0;0;0;0
20260614_0639;Generalização_25;classification;LeveragingBagging;Default_FullFeatures;classifier;classifier;classifier;N/A;N/A;N/A;2000;100;56;7500;0,0000;0,0000;0,0000;0,0000;0,0000;0,0000;0;0;0;0
20260614_0639;Generalização_25;classification;LeveragingBagging;Default_FullFeatures;classifier;classifier;classifier;N/A;N/A;N/A;2000;100;57;7600;98,3503;1,5546;100,0000;0,0000;96,8000;2,9933;0;0;1;1
20260614_0639;Generalização_25;classification;LeveragingBagging;Default_FullFeatures;classifier;classifier;classifier;N/A;N/A;N/A;2000;100;58;7700;0,0000;0,0000;0,0000;0,0000;0,0000;0,0000;0;0;0;0
20260614_0639;Generalização_25;classification;LeveragingBagging;Default_FullFeatures;classifier;classifier;classifier;N/A;N/A;N/A;2000;100;59;7800;0,0000;0,0000;0,0000;0,0000;0,0000;0,0000;0;0;0;0
20260614_0639;Generalização_25;classification;LeveragingBagging;Default_FullFeatures;classifier;classifier;classifier;N/A;N/A;N/A;2000;100;60;7900;0,0000;0,0000;0,0000;0,0000;0,0000;0,0000;0;0;0;0
20260614_0639;Generalização_25;classification;LeveragingBagging;Default_FullFeatures;classifier;classifier;classifier;N/A;N/A;N/A;2000;100;61;8000;0,0000;0,0000;0,0000;0,0000;0,0000;0,0000;0;0;0;0
20260614_0639;Generalização_25;classification;LeveragingBagging;Default_FullFeatures;classifier;classifier;classifier;N/A;N/A;N/A;2000;100;62;8100;0,0000;0,0000;0,0000;0,0000;0,0000;0,0000;0;0;0;0
20260614_0639;Generalização_25;classification;LeveragingBagging;Default_FullFeatures;classifier;classifier;classifier;N/A;N/A;N/A;2000;100;63;8200;0,0000;0,0000;0,0000;0,0000;0,0000;0,0000;0;0;0;0
20260614_0639;Generalização_25;classification;LeveragingBagging;Default_FullFeatures;classifier;classifier;classifier;N/A;N/A;N/A;2000;100;64;8300;0,0000;0,0000;0,0000;0,0000;0,0000;0,0000;0;0;0;0
20260614_0639;Generalização_25;classification;LeveragingBagging;Default_FullFeatures;classifier;classifier;classifier;N/A;N/A;N/A;2000;100;65;8400;0,0000;0,0000;0,0000;0,0000;0,0000;0,0000;0;0;0;0
20260614_0639;Generalização_25;classification;LeveragingBagging;Default_FullFeatures;classifier;classifier;classifier;N/A;N/A;N/A;2000;100;66;8500;0,0000;0,0000;0,0000;0,0000;0,0000;0,0000;0;0;0;0
20260614_0639;Generalização_25;classification;LeveragingBagging;Default_FullFeatures;classifier;classifier;classifier;N/A;N/A;N/A;2000;100;67;8600;0,0000;0,0000;0,0000;0,0000;0,0000;0,0000;0;0;0;0
20260614_0639;Generalização_25;classification;LeveragingBagging;Default_FullFeatures;classifier;classifier;classifier;N/A;N/A;N/A;2000;100;68;8700;0,0000;0,0000;0,0000;0,0000;0,0000;0,0000;0;0;0;0
20260614_0639;Generalização_25;classification;LeveragingBagging;Default_FullFeatures;classifier;classifier;classifier;N/A;N/A;N/A;2000;100;69;8800;0,0000;0,0000;0,0000;0,0000;0,0000;0,0000;0;0;0;0
20260614_0639;Generalização_25;classification;LeveragingBagging;Default_FullFeatures;classifier;classifier;classifier;N/A;N/A;N/A;2000;100;70;8900;0,0000;0,0000;0,0000;0,0000;0,0000;0,0000;0;0;0;0
20260614_0639;Generalização_25;classification;LeveragingBagging;Default_FullFeatures;classifier;classifier;classifier;N/A;N/A;N/A;2000;100;71;9000;0,0000;0,0000;0,0000;0,0000;0,0000;0,0000;0;0;0;0
20260614_0639;Generalização_25;classification;LeveragingBagging;Default_FullFeatures;classifier;classifier;classifier;N/A;N/A;N/A;2000;100;72;9100;0,0000;0,0000;0,0000;0,0000;0,0000;0,0000;0;0;0;0
20260614_0639;Generalização_25;classification;LeveragingBagging;Default_FullFeatures;classifier;classifier;classifier;N/A;N/A;N/A;2000;100;73;9200;0,0000;0,0000;0,0000;0,0000;0,0000;0,0000;0;0;0;0
20260614_0639;Generalização_25;classification;LeveragingBagging;Default_FullFeatures;classifier;classifier;classifier;N/A;N/A;N/A;2000;100;74;9300;0,0000;0,0000;0,0000;0,0000;0,0000;0,0000;0;0;0;0
20260614_0639;Generalização_25;classification;LeveragingBagging;Default_FullFeatures;classifier;classifier;classifier;N/A;N/A;N/A;2000;100;75;9400;0,0000;0,0000;0,0000;0,0000;0,0000;0,0000;0;0;0;0
20260614_0639;Generalização_25;classification;LeveragingBagging;Default_FullFeatures;classifier;classifier;classifier;N/A;N/A;N/A;2000;100;76;9500;0,0000;0,0000;0,0000;0,0000;0,0000;0,0000;0;0;0;0
20260614_0639;Generalização_25;classification;LeveragingBagging;Default_FullFeatures;classifier;classifier;classifier;N/A;N/A;N/A;2000;100;77;9600;0,0000;0,0000;0,0000;0,0000;0,0000;0,0000;0;0;0;0
20260614_0639;Generalização_25;classification;LeveragingBagging;Default_FullFeatures;classifier;classifier;classifier;N/A;N/A;N/A;2000;100;78;9700;0,0000;0,0000;0,0000;0,0000;0,0000;0,0000;0;0;0;0
20260614_0639;Generalização_25;classification;LeveragingBagging;Default_FullFeatures;classifier;classifier;classifier;N/A;N/A;N/A;2000;100;79;9800;0,0000;0,0000;0,0000;0,0000;0,0000;0,0000;0;0;0;0
20260614_0639;Generalização_25;classification;LeveragingBagging;Default_FullFeatures;classifier;classifier;classifier;N/A;N/A;N/A;2000;100;80;9900;0,0000;0,0000;0,0000;0,0000;0,0000;0,0000;0;0;0;0
20260614_0639;Generalização_25;classification;LeveragingBagging;Default_FullFeatures;classifier;classifier;classifier;N/A;N/A;N/A;2000;100;81;10000;0,0000;0,0000;0,0000;0,0000;0,0000;0,0000;0;0;0;0
20260614_0639;Generalização_25;classification;LeveragingBagging;Default_FullFeatures;classifier;classifier;classifier;N/A;N/A;N/A;2000;100;82;10100;0,0000;0,0000;0,0000;0,0000;0,0000;0,0000;0;0;0;0
20260614_0639;Generalização_25;classification;LeveragingBagging;Default_FullFeatures;classifier;classifier;classifier;N/A;N/A;N/A;2000;100;83;10200;0,0000;0,0000;0,0000;0,0000;0,0000;0,0000;0;0;0;0
20260614_0639;Generalização_25;classification;LeveragingBagging;Default_FullFeatures;classifier;classifier;classifier;N/A;N/A;N/A;2000;100;84;10300;0,0000;0,0000;0,0000;0,0000;0,0000;0,0000;0;0;0;0
20260614_0639;Generalização_25;classification;LeveragingBagging;Default_FullFeatures;classifier;classifier;classifier;N/A;N/A;N/A;2000;100;85;10400;0,0000;0,0000;0,0000;0,0000;0,0000;0,0000;0;0;0;0
20260614_0639;Generalização_25;classification;LeveragingBagging;Default_FullFeatures;classifier;classifier;classifier;N/A;N/A;N/A;2000;100;86;10500;0,0000;0,0000;0,0000;0,0000;0,0000;0,0000;0;0;0;0
20260614_0639;Generalização_25;classification;LeveragingBagging;Default_FullFeatures;classifier;classifier;classifier;N/A;N/A;N/A;2000;100;87;10600;0,0000;0,0000;0,0000;0,0000;0,0000;0,0000;0;0;0;0
20260614_0639;Generalização_25;classification;LeveragingBagging;Default_FullFeatures;classifier;classifier;classifier;N/A;N/A;N/A;2000;100;88;10700;0,0000;0,0000;0,0000;0,0000;0,0000;0,0000;0;0;0;0
20260614_0639;Generalização_25;classification;LeveragingBagging;Default_FullFeatures;classifier;classifier;classifier;N/A;N/A;N/A;2000;100;89;10800;0,0000;0,0000;0,0000;0,0000;0,0000;0,0000;0;0;0;0
20260614_0639;Generalização_25;classification;LeveragingBagging;Default_FullFeatures;classifier;classifier;classifier;N/A;N/A;N/A;2000;100;90;10900;0,0000;0,0000;0,0000;0,0000;0,0000;0,0000;0;0;0;0
20260614_0639;Generalização_25;classification;LeveragingBagging;Default_FullFeatures;classifier;classifier;classifier;N/A;N/A;N/A;2000;100;91;11000;0,0000;0,0000;0,0000;0,0000;0,0000;0,0000;0;0;0;0
20260614_0639;Generalização_25;classification;LeveragingBagging;Default_FullFeatures;classifier;classifier;classifier;N/A;N/A;N/A;2000;100;92;11100;0,0000;0,0000;0,0000;0,0000;0,0000;0,0000;0;0;0;0
20260614_0639;Generalização_25;classification;LeveragingBagging;Default_FullFeatures;classifier;classifier;classifier;N/A;N/A;N/A;2000;100;93;11200;0,0000;0,0000;0,0000;0,0000;0,0000;0,0000;0;0;0;0
20260614_0639;Generalização_25;classification;LeveragingBagging;Default_FullFeatures;classifier;classifier;classifier;N/A;N/A;N/A;2000;100;94;11300;100,0000;0,0000;100,0000;0,0000;100,0000;0,0000;0;0;0;0
20260614_0639;Generalização_25;classification;LeveragingBagging;Default_FullFeatures;classifier;classifier;classifier;N/A;N/A;N/A;2000;100;95;11400;97,6744;0,0000;100,0000;0,0000;95,4545;0,0000;0;0;1;0
20260614_0639;Generalização_25;classification;LeveragingBagging;Default_FullFeatures;classifier;classifier;classifier;N/A;N/A;N/A;2000;100;96;11500;0,0000;0,0000;0,0000;0,0000;0,0000;0,0000;0;0;0;0
20260614_0639;Generalização_25;classification;LeveragingBagging;Default_FullFeatures;classifier;classifier;classifier;N/A;N/A;N/A;2000;100;97;11600;0,0000;0,0000;0,0000;0,0000;0,0000;0,0000;0;0;0;0
20260614_0639;Generalização_25;classification;LeveragingBagging;Default_FullFeatures;classifier;classifier;classifier;N/A;N/A;N/A;2000;100;98;11700;0,0000;0,0000;0,0000;0,0000;0,0000;0,0000;0;0;0;0
20260614_0639;Generalização_25;classification;LeveragingBagging;Default_FullFeatures;classifier;classifier;classifier;N/A;N/A;N/A;2000;100;99;11800;0,0000;0,0000;0,0000;0,0000;0,0000;0,0000;0;0;0;0
20260614_0639;Generalização_25;classification;LeveragingBagging;Default_FullFeatures;classifier;classifier;classifier;N/A;N/A;N/A;2000;100;100;11900;0,0000;0,0000;0,0000;0,0000;0,0000;0,0000;0;0;0;0
20260614_0639;Generalização_25;classification;LeveragingBagging;Default_FullFeatures;classifier;classifier;classifier;N/A;N/A;N/A;2000;100;101;12000;0,0000;0,0000;0,0000;0,0000;0,0000;0,0000;0;0;0;0
20260614_0639;Generalização_25;classification;LeveragingBagging;Default_FullFeatures;classifier;classifier;classifier;N/A;N/A;N/A;2000;100;102;12100;0,0000;0,0000;0,0000;0,0000;0,0000;0,0000;0;0;0;0
20260614_0639;Generalização_25;classification;LeveragingBagging;Default_FullFeatures;classifier;classifier;classifier;N/A;N/A;N/A;2000;100;103;12200;0,0000;0,0000;0,0000;0,0000;0,0000;0,0000;0;0;0;0
20260614_0639;Generalização_25;classification;LeveragingBagging;Default_FullFeatures;classifier;classifier;classifier;N/A;N/A;N/A;2000;100;104;12300;0,0000;0,0000;0,0000;0,0000;0,0000;0,0000;0;0;0;0
20260614_0639;Generalização_25;classification;LeveragingBagging;Default_FullFeatures;classifier;classifier;classifier;N/A;N/A;N/A;2000;100;105;12400;0,0000;0,0000;0,0000;0,0000;0,0000;0,0000;0;0;0;0
20260614_0639;Generalização_25;classification;LeveragingBagging;Default_FullFeatures;classifier;classifier;classifier;N/A;N/A;N/A;2000;100;106;12500;0,0000;0,0000;0,0000;0,0000;0,0000;0,0000;0;0;0;0
20260614_0639;Generalização_25;classification;LeveragingBagging;Default_FullFeatures;classifier;classifier;classifier;N/A;N/A;N/A;2000;100;107;12600;0,0000;0,0000;0,0000;0,0000;0,0000;0,0000;0;0;0;0
20260614_0639;Generalização_25;classification;LeveragingBagging;Default_FullFeatures;classifier;classifier;classifier;N/A;N/A;N/A;2000;100;108;12700;0,0000;0,0000;0,0000;0,0000;0,0000;0,0000;0;0;0;0
20260614_0639;Generalização_25;classification;LeveragingBagging;Default_FullFeatures;classifier;classifier;classifier;N/A;N/A;N/A;2000;100;109;12800;0,0000;0,0000;0,0000;0,0000;0,0000;0,0000;0;0;0;0
20260614_0639;Generalização_25;classification;LeveragingBagging;Default_FullFeatures;classifier;classifier;classifier;N/A;N/A;N/A;2000;100;110;12900;0,0000;0,0000;0,0000;0,0000;0,0000;0,0000;0;0;0;0
20260614_0639;Generalização_25;classification;LeveragingBagging;Default_FullFeatures;classifier;classifier;classifier;N/A;N/A;N/A;2000;100;111;13000;0,0000;0,0000;0,0000;0,0000;0,0000;0,0000;0;0;0;0
20260614_0639;Generalização_25;classification;LeveragingBagging;Default_FullFeatures;classifier;classifier;classifier;N/A;N/A;N/A;2000;100;112;13100;0,0000;0,0000;0,0000;0,0000;0,0000;0,0000;0;0;0;0
20260614_0639;Generalização_25;classification;LeveragingBagging;Default_FullFeatures;classifier;classifier;classifier;N/A;N/A;N/A;2000;100;113;13200;0,0000;0,0000;0,0000;0,0000;0,0000;0,0000;0;0;0;0
20260614_0639;Generalização_25;classification;LeveragingBagging;Default_FullFeatures;classifier;classifier;classifier;N/A;N/A;N/A;2000;100;114;13300;0,0000;0,0000;0,0000;0,0000;0,0000;0,0000;0;0;0;0
20260614_0639;Generalização_25;classification;LeveragingBagging;Default_FullFeatures;classifier;classifier;classifier;N/A;N/A;N/A;2000;100;115;13400;0,0000;0,0000;0,0000;0,0000;0,0000;0,0000;0;0;0;0
20260614_0639;Generalização_25;classification;LeveragingBagging;Default_FullFeatures;classifier;classifier;classifier;N/A;N/A;N/A;2000;100;116;13500;0,0000;0,0000;0,0000;0,0000;0,0000;0,0000;0;0;0;0
20260614_0639;Generalização_25;classification;LeveragingBagging;Default_FullFeatures;classifier;classifier;classifier;N/A;N/A;N/A;2000;100;117;13600;0,0000;0,0000;0,0000;0,0000;0,0000;0,0000;0;0;0;0
20260614_0639;Generalização_25;classification;LeveragingBagging;Default_FullFeatures;classifier;classifier;classifier;N/A;N/A;N/A;2000;100;118;13700;0,0000;0,0000;0,0000;0,0000;0,0000;0,0000;0;0;0;0
20260614_0639;Generalização_25;classification;LeveragingBagging;Default_FullFeatures;classifier;classifier;classifier;N/A;N/A;N/A;2000;100;119;13800;0,0000;0,0000;0,0000;0,0000;0,0000;0,0000;0;0;0;0
20260614_0639;Generalização_25;classification;LeveragingBagging;Default_FullFeatures;classifier;classifier;classifier;N/A;N/A;N/A;2000;100;120;13900;0,0000;0,0000;0,0000;0,0000;0,0000;0,0000;0;0;0;0
20260614_0639;Generalização_25;classification;LeveragingBagging;Default_FullFeatures;classifier;classifier;classifier;N/A;N/A;N/A;2000;100;121;14000;0,0000;0,0000;0,0000;0,0000;0,0000;0,0000;0;0;0;0
20260614_0639;Generalização_25;classification;LeveragingBagging;Default_FullFeatures;classifier;classifier;classifier;N/A;N/A;N/A;2000;100;122;14100;0,0000;0,0000;0,0000;0,0000;0,0000;0,0000;0;0;0;0
20260614_0639;Generalização_25;classification;LeveragingBagging;Default_FullFeatures;classifier;classifier;classifier;N/A;N/A;N/A;2000;100;123;14200;0,0000;0,0000;0,0000;0,0000;0,0000;0,0000;0;0;0;0
20260614_0639;Generalização_25;classification;LeveragingBagging;Default_FullFeatures;classifier;classifier;classifier;N/A;N/A;N/A;2000;100;124;14300;0,0000;0,0000;0,0000;0,0000;0,0000;0,0000;0;0;0;0
20260614_0639;Generalização_25;classification;LeveragingBagging;Default_FullFeatures;classifier;classifier;classifier;N/A;N/A;N/A;2000;100;125;14400;0,0000;0,0000;0,0000;0,0000;0,0000;0,0000;0;0;0;0
20260614_0639;Generalização_25;classification;LeveragingBagging;Default_FullFeatures;classifier;classifier;classifier;N/A;N/A;N/A;2000;100;126;14500;0,0000;0,0000;0,0000;0,0000;0,0000;0,0000;0;0;0;0
20260614_0639;Generalização_25;classification;LeveragingBagging;Default_FullFeatures;classifier;classifier;classifier;N/A;N/A;N/A;2000;100;127;14600;0,0000;0,0000;0,0000;0,0000;0,0000;0,0000;0;0;0;0
20260614_0639;Generalização_25;classification;LeveragingBagging;Default_FullFeatures;classifier;classifier;classifier;N/A;N/A;N/A;2000;100;128;14700;0,0000;0,0000;0,0000;0,0000;0,0000;0,0000;0;0;0;0
20260614_0639;Generalização_25;classification;LeveragingBagging;Default_FullFeatures;classifier;classifier;classifier;N/A;N/A;N/A;2000;100;129;14800;0,0000;0,0000;0,0000;0,0000;0,0000;0,0000;0;0;0;0
20260614_0639;Generalização_25;classification;LeveragingBagging;Default_FullFeatures;classifier;classifier;classifier;N/A;N/A;N/A;2000;100;130;14900;0,0000;0,0000;0,0000;0,0000;0,0000;0,0000;0;0;0;0
20260614_0639;Generalização_25;classification;LeveragingBagging;Default_FullFeatures;classifier;classifier;classifier;N/A;N/A;N/A;2000;100;131;15000;0,0000;0,0000;0,0000;0,0000;0,0000;0,0000;0;0;0;0
20260614_0639;Generalização_200;classification;LeveragingBagging;Default_FullFeatures;classifier;classifier;classifier;N/A;N/A;N/A;2000;100;1;2000;0,0000;0,0000;0,0000;0,0000;0,0000;0,0000;0;0;0;0
20260614_0639;Generalização_200;classification;LeveragingBagging;Default_FullFeatures;classifier;classifier;classifier;N/A;N/A;N/A;2000;100;2;2100;0,0000;0,0000;0,0000;0,0000;0,0000;0,0000;0;0;0;0
20260614_0639;Generalização_200;classification;LeveragingBagging;Default_FullFeatures;classifier;classifier;classifier;N/A;N/A;N/A;2000;100;3;2200;0,0000;0,0000;0,0000;0,0000;0,0000;0,0000;0;0;0;0
20260614_0639;Generalização_200;classification;LeveragingBagging;Default_FullFeatures;classifier;classifier;classifier;N/A;N/A;N/A;2000;100;4;2300;0,0000;0,0000;0,0000;0,0000;0,0000;0,0000;0;0;0;0
20260614_0639;Generalização_200;classification;LeveragingBagging;Default_FullFeatures;classifier;classifier;classifier;N/A;N/A;N/A;2000;100;5;2400;0,0000;0,0000;0,0000;0,0000;0,0000;0,0000;0;0;0;0
20260614_0639;Generalização_200;classification;LeveragingBagging;Default_FullFeatures;classifier;classifier;classifier;N/A;N/A;N/A;2000;100;6;2500;0,0000;0,0000;0,0000;0,0000;0,0000;0,0000;0;0;0;0
20260614_0639;Generalização_200;classification;LeveragingBagging;Default_FullFeatures;classifier;classifier;classifier;N/A;N/A;N/A;2000;100;7;2600;0,0000;0,0000;0,0000;0,0000;0,0000;0,0000;0;0;0;0
20260614_0639;Generalização_200;classification;LeveragingBagging;Default_FullFeatures;classifier;classifier;classifier;N/A;N/A;N/A;2000;100;8;2700;0,0000;0,0000;0,0000;0,0000;0,0000;0,0000;0;0;0;0
20260614_0639;Generalização_200;classification;LeveragingBagging;Default_FullFeatures;classifier;classifier;classifier;N/A;N/A;N/A;2000;100;9;2800;0,0000;0,0000;0,0000;0,0000;0,0000;0,0000;0;0;0;0
20260614_0639;Generalização_200;classification;LeveragingBagging;Default_FullFeatures;classifier;classifier;classifier;N/A;N/A;N/A;2000;100;10;2900;0,0000;0,0000;0,0000;0,0000;0,0000;0,0000;0;0;0;0
20260614_0639;Generalização_200;classification;LeveragingBagging;Default_FullFeatures;classifier;classifier;classifier;N/A;N/A;N/A;2000;100;11;3000;0,0000;0,0000;0,0000;0,0000;0,0000;0,0000;0;0;0;0
20260614_0639;Generalização_200;classification;LeveragingBagging;Default_FullFeatures;classifier;classifier;classifier;N/A;N/A;N/A;2000;100;12;3100;0,0000;0,0000;0,0000;0,0000;0,0000;0,0000;0;0;0;0
20260614_0639;Generalização_200;classification;LeveragingBagging;Default_FullFeatures;classifier;classifier;classifier;N/A;N/A;N/A;2000;100;13;3200;0,0000;0,0000;0,0000;0,0000;0,0000;0,0000;0;0;0;0
20260614_0639;Generalização_200;classification;LeveragingBagging;Default_FullFeatures;classifier;classifier;classifier;N/A;N/A;N/A;2000;100;14;3300;0,0000;0,0000;0,0000;0,0000;0,0000;0,0000;0;0;0;0
20260614_0639;Generalização_200;classification;LeveragingBagging;Default_FullFeatures;classifier;classifier;classifier;N/A;N/A;N/A;2000;100;15;3400;0,0000;0,0000;0,0000;0,0000;0,0000;0,0000;0;0;0;0
20260614_0639;Generalização_200;classification;LeveragingBagging;Default_FullFeatures;classifier;classifier;classifier;N/A;N/A;N/A;2000;100;16;3500;0,0000;0,0000;0,0000;0,0000;0,0000;0,0000;0;0;0;0
20260614_0639;Generalização_200;classification;LeveragingBagging;Default_FullFeatures;classifier;classifier;classifier;N/A;N/A;N/A;2000;100;17;3600;0,0000;0,0000;0,0000;0,0000;0,0000;0,0000;0;0;0;0
20260614_0639;Generalização_200;classification;LeveragingBagging;Default_FullFeatures;classifier;classifier;classifier;N/A;N/A;N/A;2000;100;18;3700;0,0000;0,0000;0,0000;0,0000;0,0000;0,0000;0;0;0;0
20260614_0639;Generalização_200;classification;LeveragingBagging;Default_FullFeatures;classifier;classifier;classifier;N/A;N/A;N/A;2000;100;19;3800;95,0672;0,9054;100,0000;0,0000;90,6122;1,6327;0;0;5;1
20260614_0639;Generalização_200;classification;LeveragingBagging;Default_FullFeatures;classifier;classifier;classifier;N/A;N/A;N/A;2000;100;20;3900;98,1366;0,0000;97,5309;0,0000;98,7500;0,0000;2;0;1;0
20260614_0639;Generalização_200;classification;LeveragingBagging;Default_FullFeatures;classifier;classifier;classifier;N/A;N/A;N/A;2000;100;21;4000;95,3736;0,7935;92,2314;1,1451;98,7500;1,0206;4;1;1;1
20260614_0639;Generalização_200;classification;LeveragingBagging;Default_FullFeatures;classifier;classifier;classifier;N/A;N/A;N/A;2000;100;22;4100;0,0000;0,0000;0,0000;0,0000;0,0000;0,0000;0;0;0;0
20260614_0639;Generalização_200;classification;LeveragingBagging;Default_FullFeatures;classifier;classifier;classifier;N/A;N/A;N/A;2000;100;23;4200;0,0000;0,0000;0,0000;0,0000;0,0000;0,0000;1;0;0;0
20260614_0639;Generalização_200;classification;LeveragingBagging;Default_FullFeatures;classifier;classifier;classifier;N/A;N/A;N/A;2000;100;24;4300;0,0000;0,0000;0,0000;0,0000;0,0000;0,0000;0;0;0;0
20260614_0639;Generalização_200;classification;LeveragingBagging;Default_FullFeatures;classifier;classifier;classifier;N/A;N/A;N/A;2000;100;25;4400;0,0000;0,0000;0,0000;0,0000;0,0000;0,0000;0;0;0;0
20260614_0639;Generalização_200;classification;LeveragingBagging;Default_FullFeatures;classifier;classifier;classifier;N/A;N/A;N/A;2000;100;26;4500;0,0000;0,0000;0,0000;0,0000;0,0000;0,0000;0;0;0;0
20260614_0639;Generalização_200;classification;LeveragingBagging;Default_FullFeatures;classifier;classifier;classifier;N/A;N/A;N/A;2000;100;27;4600;0,0000;0,0000;0,0000;0,0000;0,0000;0,0000;0;0;0;0
20260614_0639;Generalização_200;classification;LeveragingBagging;Default_FullFeatures;classifier;classifier;classifier;N/A;N/A;N/A;2000;100;28;4700;0,0000;0,0000;0,0000;0,0000;0,0000;0,0000;0;0;0;0
20260614_0639;Generalização_200;classification;LeveragingBagging;Default_FullFeatures;classifier;classifier;classifier;N/A;N/A;N/A;2000;100;29;4800;0,0000;0,0000;0,0000;0,0000;0,0000;0,0000;1;1;0;0
20260614_0639;Generalização_200;classification;LeveragingBagging;Default_FullFeatures;classifier;classifier;classifier;N/A;N/A;N/A;2000;100;30;4900;0,0000;0,0000;0,0000;0,0000;0,0000;0,0000;0;0;0;0
20260614_0639;Generalização_200;classification;LeveragingBagging;Default_FullFeatures;classifier;classifier;classifier;N/A;N/A;N/A;2000;100;31;5000;0,0000;0,0000;0,0000;0,0000;0,0000;0,0000;0;0;0;0
20260614_0639;Generalização_200;classification;LeveragingBagging;Default_FullFeatures;classifier;classifier;classifier;N/A;N/A;N/A;2000;100;32;5100;0,0000;0,0000;0,0000;0,0000;0,0000;0,0000;1;1;0;0
20260614_0639;Generalização_200;classification;LeveragingBagging;Default_FullFeatures;classifier;classifier;classifier;N/A;N/A;N/A;2000;100;33;5200;0,0000;0,0000;0,0000;0,0000;0,0000;0,0000;0;0;0;0
20260614_0639;Generalização_200;classification;LeveragingBagging;Default_FullFeatures;classifier;classifier;classifier;N/A;N/A;N/A;2000;100;34;5300;0,0000;0,0000;0,0000;0,0000;0,0000;0,0000;0;0;0;0
20260614_0639;Generalização_200;classification;LeveragingBagging;Default_FullFeatures;classifier;classifier;classifier;N/A;N/A;N/A;2000;100;35;5400;0,0000;0,0000;0,0000;0,0000;0,0000;0,0000;0;0;0;0
20260614_0639;Generalização_200;classification;LeveragingBagging;Default_FullFeatures;classifier;classifier;classifier;N/A;N/A;N/A;2000;100;36;5500;0,0000;0,0000;0,0000;0,0000;0,0000;0,0000;0;0;0;0
20260614_0639;Generalização_200;classification;LeveragingBagging;Default_FullFeatures;classifier;classifier;classifier;N/A;N/A;N/A;2000;100;37;5600;0,0000;0,0000;0,0000;0,0000;0,0000;0,0000;0;0;0;0
20260614_0639;Generalização_200;classification;LeveragingBagging;Default_FullFeatures;classifier;classifier;classifier;N/A;N/A;N/A;2000;100;38;5700;0,0000;0,0000;0,0000;0,0000;0,0000;0,0000;0;0;0;0
20260614_0639;Generalização_200;classification;LeveragingBagging;Default_FullFeatures;classifier;classifier;classifier;N/A;N/A;N/A;2000;100;39;5800;0,0000;0,0000;0,0000;0,0000;0,0000;0,0000;0;0;0;0
20260614_0639;Generalização_200;classification;LeveragingBagging;Default_FullFeatures;classifier;classifier;classifier;N/A;N/A;N/A;2000;100;40;5900;0,0000;0,0000;0,0000;0,0000;0,0000;0,0000;0;0;0;0
20260614_0639;Generalização_200;classification;LeveragingBagging;Default_FullFeatures;classifier;classifier;classifier;N/A;N/A;N/A;2000;100;41;6000;0,0000;0,0000;0,0000;0,0000;0,0000;0,0000;0;0;0;0
20260614_0639;Generalização_200;classification;LeveragingBagging;Default_FullFeatures;classifier;classifier;classifier;N/A;N/A;N/A;2000;100;42;6100;0,0000;0,0000;0,0000;0,0000;0,0000;0,0000;0;0;0;0
20260614_0639;Generalização_200;classification;LeveragingBagging;Default_FullFeatures;classifier;classifier;classifier;N/A;N/A;N/A;2000;100;43;6200;0,0000;0,0000;0,0000;0,0000;0,0000;0,0000;0;0;0;0
20260614_0639;Generalização_200;classification;LeveragingBagging;Default_FullFeatures;classifier;classifier;classifier;N/A;N/A;N/A;2000;100;44;6300;0,0000;0,0000;0,0000;0,0000;0,0000;0,0000;0;0;0;0
20260614_0639;Generalização_200;classification;LeveragingBagging;Default_FullFeatures;classifier;classifier;classifier;N/A;N/A;N/A;2000;100;45;6400;0,0000;0,0000;0,0000;0,0000;0,0000;0,0000;0;0;0;0
20260614_0639;Generalização_200;classification;LeveragingBagging;Default_FullFeatures;classifier;classifier;classifier;N/A;N/A;N/A;2000;100;46;6500;0,0000;0,0000;0,0000;0,0000;0,0000;0,0000;0;0;0;0
20260614_0639;Generalização_200;classification;LeveragingBagging;Default_FullFeatures;classifier;classifier;classifier;N/A;N/A;N/A;2000;100;47;6600;0,0000;0,0000;0,0000;0,0000;0,0000;0,0000;0;0;0;0
20260614_0639;Generalização_200;classification;LeveragingBagging;Default_FullFeatures;classifier;classifier;classifier;N/A;N/A;N/A;2000;100;48;6700;0,0000;0,0000;0,0000;0,0000;0,0000;0,0000;0;0;0;0
20260614_0639;Generalização_200;classification;LeveragingBagging;Default_FullFeatures;classifier;classifier;classifier;N/A;N/A;N/A;2000;100;49;6800;0,0000;0,0000;0,0000;0,0000;0,0000;0,0000;0;0;0;0
20260614_0639;Generalização_200;classification;LeveragingBagging;Default_FullFeatures;classifier;classifier;classifier;N/A;N/A;N/A;2000;100;50;6900;0,0000;0,0000;0,0000;0,0000;0,0000;0,0000;0;0;0;0
20260614_0639;Generalização_200;classification;LeveragingBagging;Default_FullFeatures;classifier;classifier;classifier;N/A;N/A;N/A;2000;100;51;7000;0,0000;0,0000;0,0000;0,0000;0,0000;0,0000;0;0;0;0
20260614_0639;Generalização_200;classification;LeveragingBagging;Default_FullFeatures;classifier;classifier;classifier;N/A;N/A;N/A;2000;100;52;7100;0,0000;0,0000;0,0000;0,0000;0,0000;0,0000;0;0;0;0
20260614_0639;Generalização_200;classification;LeveragingBagging;Default_FullFeatures;classifier;classifier;classifier;N/A;N/A;N/A;2000;100;53;7200;0,0000;0,0000;0,0000;0,0000;0,0000;0,0000;0;0;0;0
20260614_0639;Generalização_200;classification;LeveragingBagging;Default_FullFeatures;classifier;classifier;classifier;N/A;N/A;N/A;2000;100;54;7300;0,0000;0,0000;0,0000;0,0000;0,0000;0,0000;0;0;0;0
20260614_0639;Generalização_200;classification;LeveragingBagging;Default_FullFeatures;classifier;classifier;classifier;N/A;N/A;N/A;2000;100;55;7400;0,0000;0,0000;0,0000;0,0000;0,0000;0,0000;0;0;0;0
20260614_0639;Generalização_200;classification;LeveragingBagging;Default_FullFeatures;classifier;classifier;classifier;N/A;N/A;N/A;2000;100;56;7500;0,0000;0,0000;0,0000;0,0000;0,0000;0,0000;0;0;0;0
20260614_0639;Generalização_200;classification;LeveragingBagging;Default_FullFeatures;classifier;classifier;classifier;N/A;N/A;N/A;2000;100;57;7600;0,0000;0,0000;0,0000;0,0000;0,0000;0,0000;0;0;0;0
20260614_0639;Generalização_200;classification;LeveragingBagging;Default_FullFeatures;classifier;classifier;classifier;N/A;N/A;N/A;2000;100;58;7700;60,0000;48,9898;60,0000;48,9898;60,0000;48,9898;0;0;1;1
20260614_0639;Generalização_200;classification;LeveragingBagging;Default_FullFeatures;classifier;classifier;classifier;N/A;N/A;N/A;2000;100;59;7800;97,9592;0,0000;100,0000;0,0000;96,0000;0,0000;0;0;4;0
20260614_0639;Generalização_200;classification;LeveragingBagging;Default_FullFeatures;classifier;classifier;classifier;N/A;N/A;N/A;2000;100;60;7900;100,0000;0,0000;100,0000;0,0000;100,0000;0,0000;0;0;0;0
20260614_0639;Generalização_200;classification;LeveragingBagging;Default_FullFeatures;classifier;classifier;classifier;N/A;N/A;N/A;2000;100;61;8000;0,0000;0,0000;0,0000;0,0000;0,0000;0,0000;0;0;0;0
20260614_0639;Generalização_200;classification;LeveragingBagging;Default_FullFeatures;classifier;classifier;classifier;N/A;N/A;N/A;2000;100;62;8100;0,0000;0,0000;0,0000;0,0000;0,0000;0,0000;0;0;0;0
20260614_0639;Generalização_200;classification;LeveragingBagging;Default_FullFeatures;classifier;classifier;classifier;N/A;N/A;N/A;2000;100;63;8200;0,0000;0,0000;0,0000;0,0000;0,0000;0,0000;0;0;0;0
20260614_0639;Generalização_200;classification;LeveragingBagging;Default_FullFeatures;classifier;classifier;classifier;N/A;N/A;N/A;2000;100;64;8300;0,0000;0,0000;0,0000;0,0000;0,0000;0,0000;0;0;0;0
20260614_0639;Generalização_200;classification;LeveragingBagging;Default_FullFeatures;classifier;classifier;classifier;N/A;N/A;N/A;2000;100;65;8400;0,0000;0,0000;0,0000;0,0000;0,0000;0,0000;0;0;0;0
20260614_0639;Generalização_200;classification;LeveragingBagging;Default_FullFeatures;classifier;classifier;classifier;N/A;N/A;N/A;2000;100;66;8500;0,0000;0,0000;0,0000;0,0000;0,0000;0,0000;0;0;0;0
20260614_0639;Generalização_200;classification;LeveragingBagging;Default_FullFeatures;classifier;classifier;classifier;N/A;N/A;N/A;2000;100;67;8600;0,0000;0,0000;0,0000;0,0000;0,0000;0,0000;0;0;0;0
20260614_0639;Generalização_200;classification;LeveragingBagging;Default_FullFeatures;classifier;classifier;classifier;N/A;N/A;N/A;2000;100;68;8700;0,0000;0,0000;0,0000;0,0000;0,0000;0,0000;0;0;0;0
20260614_0639;Generalização_200;classification;LeveragingBagging;Default_FullFeatures;classifier;classifier;classifier;N/A;N/A;N/A;2000;100;69;8800;0,0000;0,0000;0,0000;0,0000;0,0000;0,0000;0;0;0;0
20260614_0639;Generalização_200;classification;LeveragingBagging;Default_FullFeatures;classifier;classifier;classifier;N/A;N/A;N/A;2000;100;70;8900;0,0000;0,0000;0,0000;0,0000;0,0000;0,0000;0;0;0;0
20260614_0639;Generalização_200;classification;LeveragingBagging;Default_FullFeatures;classifier;classifier;classifier;N/A;N/A;N/A;2000;100;71;9000;0,0000;0,0000;0,0000;0,0000;0,0000;0,0000;0;0;0;0
20260614_0639;Generalização_200;classification;LeveragingBagging;Default_FullFeatures;classifier;classifier;classifier;N/A;N/A;N/A;2000;100;72;9100;0,0000;0,0000;0,0000;0,0000;0,0000;0,0000;0;0;0;0
20260614_0639;Generalização_200;classification;LeveragingBagging;Default_FullFeatures;classifier;classifier;classifier;N/A;N/A;N/A;2000;100;73;9200;0,0000;0,0000;0,0000;0,0000;0,0000;0,0000;0;0;0;0
20260614_0639;Generalização_200;classification;LeveragingBagging;Default_FullFeatures;classifier;classifier;classifier;N/A;N/A;N/A;2000;100;74;9300;0,0000;0,0000;0,0000;0,0000;0,0000;0,0000;0;0;0;0
20260614_0639;Generalização_200;classification;LeveragingBagging;Default_FullFeatures;classifier;classifier;classifier;N/A;N/A;N/A;2000;100;75;9400;0,0000;0,0000;0,0000;0,0000;0,0000;0,0000;0;0;0;0
20260614_0639;Generalização_200;classification;LeveragingBagging;Default_FullFeatures;classifier;classifier;classifier;N/A;N/A;N/A;2000;100;76;9500;0,0000;0,0000;0,0000;0,0000;0,0000;0,0000;0;0;0;0
20260614_0639;Generalização_200;classification;LeveragingBagging;Default_FullFeatures;classifier;classifier;classifier;N/A;N/A;N/A;2000;100;77;9600;0,0000;0,0000;0,0000;0,0000;0,0000;0,0000;0;0;0;0
20260614_0639;Generalização_200;classification;LeveragingBagging;Default_FullFeatures;classifier;classifier;classifier;N/A;N/A;N/A;2000;100;78;9700;0,0000;0,0000;0,0000;0,0000;0,0000;0,0000;0;0;0;0
20260614_0639;Generalização_200;classification;LeveragingBagging;Default_FullFeatures;classifier;classifier;classifier;N/A;N/A;N/A;2000;100;79;9800;0,0000;0,0000;0,0000;0,0000;0,0000;0,0000;0;0;0;0
20260614_0639;Generalização_200;classification;LeveragingBagging;Default_FullFeatures;classifier;classifier;classifier;N/A;N/A;N/A;2000;100;80;9900;0,0000;0,0000;0,0000;0,0000;0,0000;0,0000;0;0;0;0
20260614_0639;Generalização_200;classification;LeveragingBagging;Default_FullFeatures;classifier;classifier;classifier;N/A;N/A;N/A;2000;100;81;10000;0,0000;0,0000;0,0000;0,0000;0,0000;0,0000;0;0;0;0
20260614_0639;Generalização_200;classification;LeveragingBagging;Default_FullFeatures;classifier;classifier;classifier;N/A;N/A;N/A;2000;100;82;10100;0,0000;0,0000;0,0000;0,0000;0,0000;0,0000;0;0;0;0
20260614_0639;Generalização_200;classification;LeveragingBagging;Default_FullFeatures;classifier;classifier;classifier;N/A;N/A;N/A;2000;100;83;10200;0,0000;0,0000;0,0000;0,0000;0,0000;0,0000;0;0;0;0
20260614_0639;Generalização_200;classification;LeveragingBagging;Default_FullFeatures;classifier;classifier;classifier;N/A;N/A;N/A;2000;100;84;10300;0,0000;0,0000;0,0000;0,0000;0,0000;0,0000;0;0;0;0
20260614_0639;Generalização_200;classification;LeveragingBagging;Default_FullFeatures;classifier;classifier;classifier;N/A;N/A;N/A;2000;100;85;10400;0,0000;0,0000;0,0000;0,0000;0,0000;0,0000;0;0;0;0
20260614_0639;Generalização_200;classification;LeveragingBagging;Default_FullFeatures;classifier;classifier;classifier;N/A;N/A;N/A;2000;100;86;10500;0,0000;0,0000;0,0000;0,0000;0,0000;0,0000;0;0;0;0
20260614_0639;Generalização_200;classification;LeveragingBagging;Default_FullFeatures;classifier;classifier;classifier;N/A;N/A;N/A;2000;100;87;10600;0,0000;0,0000;0,0000;0,0000;0,0000;0,0000;0;0;0;0
20260614_0639;Generalização_200;classification;LeveragingBagging;Default_FullFeatures;classifier;classifier;classifier;N/A;N/A;N/A;2000;100;88;10700;0,0000;0,0000;0,0000;0,0000;0,0000;0,0000;0;0;0;0
20260614_0639;Generalização_200;classification;LeveragingBagging;Default_FullFeatures;classifier;classifier;classifier;N/A;N/A;N/A;2000;100;89;10800;0,0000;0,0000;0,0000;0,0000;0,0000;0,0000;0;0;0;0
20260614_0639;Generalização_200;classification;LeveragingBagging;Default_FullFeatures;classifier;classifier;classifier;N/A;N/A;N/A;2000;100;90;10900;0,0000;0,0000;0,0000;0,0000;0,0000;0,0000;0;0;0;0
20260614_0639;Generalização_200;classification;LeveragingBagging;Default_FullFeatures;classifier;classifier;classifier;N/A;N/A;N/A;2000;100;91;11000;0,0000;0,0000;0,0000;0,0000;0,0000;0,0000;0;0;0;0
20260614_0639;Generalização_200;classification;LeveragingBagging;Default_FullFeatures;classifier;classifier;classifier;N/A;N/A;N/A;2000;100;92;11100;0,0000;0,0000;0,0000;0,0000;0,0000;0,0000;0;0;0;0
20260614_0639;Generalização_200;classification;LeveragingBagging;Default_FullFeatures;classifier;classifier;classifier;N/A;N/A;N/A;2000;100;93;11200;0,0000;0,0000;0,0000;0,0000;0,0000;0,0000;0;0;0;0
20260614_0639;Generalização_200;classification;LeveragingBagging;Default_FullFeatures;classifier;classifier;classifier;N/A;N/A;N/A;2000;100;94;11300;0,0000;0,0000;0,0000;0,0000;0,0000;0,0000;0;0;0;0
20260614_0639;Generalização_200;classification;LeveragingBagging;Default_FullFeatures;classifier;classifier;classifier;N/A;N/A;N/A;2000;100;95;11400;0,0000;0,0000;0,0000;0,0000;0,0000;0,0000;0;0;0;0
20260614_0639;Generalização_200;classification;LeveragingBagging;Default_FullFeatures;classifier;classifier;classifier;N/A;N/A;N/A;2000;100;96;11500;0,0000;0,0000;0,0000;0,0000;0,0000;0,0000;0;0;0;0
20260614_0639;Generalização_200;classification;LeveragingBagging;Default_FullFeatures;classifier;classifier;classifier;N/A;N/A;N/A;2000;100;97;11600;0,0000;0,0000;0,0000;0,0000;0,0000;0,0000;0;0;0;0
20260614_0639;Generalização_200;classification;LeveragingBagging;Default_FullFeatures;classifier;classifier;classifier;N/A;N/A;N/A;2000;100;98;11700;97,9592;0,0000;100,0000;0,0000;96,0000;0,0000;0;0;2;0
20260614_0639;Generalização_200;classification;LeveragingBagging;Default_FullFeatures;classifier;classifier;classifier;N/A;N/A;N/A;2000;100;99;11800;96,7742;0,0000;100,0000;0,0000;93,7500;0,0000;0;0;6;0
20260614_0639;Generalização_200;classification;LeveragingBagging;Default_FullFeatures;classifier;classifier;classifier;N/A;N/A;N/A;2000;100;100;11900;95,7447;0,0000;100,0000;0,0000;91,8367;0,0000;0;0;4;0
20260614_0639;Generalização_200;classification;LeveragingBagging;Default_FullFeatures;classifier;classifier;classifier;N/A;N/A;N/A;2000;100;101;12000;0,0000;0,0000;0,0000;0,0000;0,0000;0,0000;0;0;0;0
20260614_0639;Generalização_200;classification;LeveragingBagging;Default_FullFeatures;classifier;classifier;classifier;N/A;N/A;N/A;2000;100;102;12100;0,0000;0,0000;0,0000;0,0000;0,0000;0,0000;0;0;0;0
20260614_0639;Generalização_200;classification;LeveragingBagging;Default_FullFeatures;classifier;classifier;classifier;N/A;N/A;N/A;2000;100;103;12200;0,0000;0,0000;0,0000;0,0000;0,0000;0,0000;0;0;0;0
20260614_0639;Generalização_200;classification;LeveragingBagging;Default_FullFeatures;classifier;classifier;classifier;N/A;N/A;N/A;2000;100;104;12300;0,0000;0,0000;0,0000;0,0000;0,0000;0,0000;0;0;0;0
20260614_0639;Generalização_200;classification;LeveragingBagging;Default_FullFeatures;classifier;classifier;classifier;N/A;N/A;N/A;2000;100;105;12400;0,0000;0,0000;0,0000;0,0000;0,0000;0,0000;0;0;0;0
20260614_0639;Generalização_200;classification;LeveragingBagging;Default_FullFeatures;classifier;classifier;classifier;N/A;N/A;N/A;2000;100;106;12500;0,0000;0,0000;0,0000;0,0000;0,0000;0,0000;0;0;0;0
20260614_0639;Generalização_200;classification;LeveragingBagging;Default_FullFeatures;classifier;classifier;classifier;N/A;N/A;N/A;2000;100;107;12600;0,0000;0,0000;0,0000;0,0000;0,0000;0,0000;0;0;0;0
20260614_0639;Generalização_200;classification;LeveragingBagging;Default_FullFeatures;classifier;classifier;classifier;N/A;N/A;N/A;2000;100;108;12700;0,0000;0,0000;0,0000;0,0000;0,0000;0,0000;0;0;0;0
20260614_0639;Generalização_200;classification;LeveragingBagging;Default_FullFeatures;classifier;classifier;classifier;N/A;N/A;N/A;2000;100;109;12800;0,0000;0,0000;0,0000;0,0000;0,0000;0,0000;0;0;0;0
20260614_0639;Generalização_200;classification;LeveragingBagging;Default_FullFeatures;classifier;classifier;classifier;N/A;N/A;N/A;2000;100;110;12900;0,0000;0,0000;0,0000;0,0000;0,0000;0,0000;0;0;0;0
20260614_0639;Generalização_200;classification;LeveragingBagging;Default_FullFeatures;classifier;classifier;classifier;N/A;N/A;N/A;2000;100;111;13000;0,0000;0,0000;0,0000;0,0000;0,0000;0,0000;0;0;0;0
20260614_0639;Generalização_200;classification;LeveragingBagging;Default_FullFeatures;classifier;classifier;classifier;N/A;N/A;N/A;2000;100;112;13100;0,0000;0,0000;0,0000;0,0000;0,0000;0,0000;0;0;0;0
20260614_0639;Generalização_200;classification;LeveragingBagging;Default_FullFeatures;classifier;classifier;classifier;N/A;N/A;N/A;2000;100;113;13200;0,0000;0,0000;0,0000;0,0000;0,0000;0,0000;0;0;0;0
20260614_0639;Generalização_200;classification;LeveragingBagging;Default_FullFeatures;classifier;classifier;classifier;N/A;N/A;N/A;2000;100;114;13300;0,0000;0,0000;0,0000;0,0000;0,0000;0,0000;0;0;0;0
20260614_0639;Generalização_200;classification;LeveragingBagging;Default_FullFeatures;classifier;classifier;classifier;N/A;N/A;N/A;2000;100;115;13400;0,0000;0,0000;0,0000;0,0000;0,0000;0,0000;0;0;0;0
20260614_0639;Generalização_200;classification;LeveragingBagging;Default_FullFeatures;classifier;classifier;classifier;N/A;N/A;N/A;2000;100;116;13500;0,0000;0,0000;0,0000;0,0000;0,0000;0,0000;0;0;0;0
20260614_0639;Generalização_200;classification;LeveragingBagging;Default_FullFeatures;classifier;classifier;classifier;N/A;N/A;N/A;2000;100;117;13600;0,0000;0,0000;0,0000;0,0000;0,0000;0,0000;0;0;0;0
20260614_0639;Generalização_200;classification;LeveragingBagging;Default_FullFeatures;classifier;classifier;classifier;N/A;N/A;N/A;2000;100;118;13700;0,0000;0,0000;0,0000;0,0000;0,0000;0,0000;0;0;0;0
20260614_0639;Generalização_200;classification;LeveragingBagging;Default_FullFeatures;classifier;classifier;classifier;N/A;N/A;N/A;2000;100;119;13800;0,0000;0,0000;0,0000;0,0000;0,0000;0,0000;0;0;0;0
20260614_0639;Generalização_200;classification;LeveragingBagging;Default_FullFeatures;classifier;classifier;classifier;N/A;N/A;N/A;2000;100;120;13900;0,0000;0,0000;0,0000;0,0000;0,0000;0,0000;0;0;0;0
20260614_0639;Generalização_200;classification;LeveragingBagging;Default_FullFeatures;classifier;classifier;classifier;N/A;N/A;N/A;2000;100;121;14000;0,0000;0,0000;0,0000;0,0000;0,0000;0,0000;0;0;0;0
20260614_0639;Generalização_200;classification;LeveragingBagging;Default_FullFeatures;classifier;classifier;classifier;N/A;N/A;N/A;2000;100;122;14100;0,0000;0,0000;0,0000;0,0000;0,0000;0,0000;0;0;0;0
20260614_0639;Generalização_200;classification;LeveragingBagging;Default_FullFeatures;classifier;classifier;classifier;N/A;N/A;N/A;2000;100;123;14200;0,0000;0,0000;0,0000;0,0000;0,0000;0,0000;0;0;0;0
20260614_0639;Generalização_200;classification;LeveragingBagging;Default_FullFeatures;classifier;classifier;classifier;N/A;N/A;N/A;2000;100;124;14300;0,0000;0,0000;0,0000;0,0000;0,0000;0,0000;0;0;0;0
20260614_0639;Generalização_200;classification;LeveragingBagging;Default_FullFeatures;classifier;classifier;classifier;N/A;N/A;N/A;2000;100;125;14400;0,0000;0,0000;0,0000;0,0000;0,0000;0,0000;0;0;0;0
20260614_0639;Generalização_200;classification;LeveragingBagging;Default_FullFeatures;classifier;classifier;classifier;N/A;N/A;N/A;2000;100;126;14500;0,0000;0,0000;0,0000;0,0000;0,0000;0,0000;0;0;0;0
20260614_0639;Generalização_200;classification;LeveragingBagging;Default_FullFeatures;classifier;classifier;classifier;N/A;N/A;N/A;2000;100;127;14600;0,0000;0,0000;0,0000;0,0000;0,0000;0,0000;0;0;0;0
20260614_0639;Generalização_200;classification;LeveragingBagging;Default_FullFeatures;classifier;classifier;classifier;N/A;N/A;N/A;2000;100;128;14700;0,0000;0,0000;0,0000;0,0000;0,0000;0,0000;0;0;0;0
20260614_0639;Generalização_200;classification;LeveragingBagging;Default_FullFeatures;classifier;classifier;classifier;N/A;N/A;N/A;2000;100;129;14800;0,0000;0,0000;0,0000;0,0000;0,0000;0,0000;0;0;0;0
20260614_0639;Generalização_200;classification;LeveragingBagging;Default_FullFeatures;classifier;classifier;classifier;N/A;N/A;N/A;2000;100;130;14900;0,0000;0,0000;0,0000;0,0000;0,0000;0,0000;0;0;0;0
20260614_0639;Generalização_200;classification;LeveragingBagging;Default_FullFeatures;classifier;classifier;classifier;N/A;N/A;N/A;2000;100;131;15000;0,0000;0,0000;0,0000;0,0000;0,0000;0,0000;0;0;0;0
20260614_0639;Generalização_200;classification;LeveragingBagging;Default_FullFeatures;classifier;classifier;classifier;N/A;N/A;N/A;2000;100;132;15100;0,0000;0,0000;0,0000;0,0000;0,0000;0,0000;0;0;0;0
20260614_0639;Generalização_200;classification;LeveragingBagging;Default_FullFeatures;classifier;classifier;classifier;N/A;N/A;N/A;2000;100;133;15200;0,0000;0,0000;0,0000;0,0000;0,0000;0,0000;0;0;0;0
20260614_0639;Generalização_200;classification;LeveragingBagging;Default_FullFeatures;classifier;classifier;classifier;N/A;N/A;N/A;2000;100;134;15300;0,0000;0,0000;0,0000;0,0000;0,0000;0,0000;0;0;0;0
20260614_0639;Generalização_200;classification;LeveragingBagging;Default_FullFeatures;classifier;classifier;classifier;N/A;N/A;N/A;2000;100;135;15400;0,0000;0,0000;0,0000;0,0000;0,0000;0,0000;0;0;0;0
20260614_0639;Generalização_200;classification;LeveragingBagging;Default_FullFeatures;classifier;classifier;classifier;N/A;N/A;N/A;2000;100;136;15500;0,0000;0,0000;0,0000;0,0000;0,0000;0,0000;0;0;0;0
20260614_0639;Generalização_1000;classification;LeveragingBagging;Default_FullFeatures;classifier;classifier;classifier;N/A;N/A;N/A;2000;100;1;2000;0,0000;0,0000;0,0000;0,0000;0,0000;0,0000;0;0;0;0
20260614_0639;Generalização_1000;classification;LeveragingBagging;Default_FullFeatures;classifier;classifier;classifier;N/A;N/A;N/A;2000;100;2;2100;0,0000;0,0000;0,0000;0,0000;0,0000;0,0000;0;0;0;0
20260614_0639;Generalização_1000;classification;LeveragingBagging;Default_FullFeatures;classifier;classifier;classifier;N/A;N/A;N/A;2000;100;3;2200;0,0000;0,0000;0,0000;0,0000;0,0000;0,0000;0;0;0;0
20260614_0639;Generalização_1000;classification;LeveragingBagging;Default_FullFeatures;classifier;classifier;classifier;N/A;N/A;N/A;2000;100;4;2300;0,0000;0,0000;0,0000;0,0000;0,0000;0,0000;0;0;0;0
20260614_0639;Generalização_1000;classification;LeveragingBagging;Default_FullFeatures;classifier;classifier;classifier;N/A;N/A;N/A;2000;100;5;2400;0,0000;0,0000;0,0000;0,0000;0,0000;0,0000;0;0;0;0
20260614_0639;Generalização_1000;classification;LeveragingBagging;Default_FullFeatures;classifier;classifier;classifier;N/A;N/A;N/A;2000;100;6;2500;0,0000;0,0000;0,0000;0,0000;0,0000;0,0000;0;0;0;0
20260614_0639;Generalização_1000;classification;LeveragingBagging;Default_FullFeatures;classifier;classifier;classifier;N/A;N/A;N/A;2000;100;7;2600;0,0000;0,0000;0,0000;0,0000;0,0000;0,0000;0;0;0;0
20260614_0639;Generalização_1000;classification;LeveragingBagging;Default_FullFeatures;classifier;classifier;classifier;N/A;N/A;N/A;2000;100;8;2700;0,0000;0,0000;0,0000;0,0000;0,0000;0,0000;0;0;0;0
20260614_0639;Generalização_1000;classification;LeveragingBagging;Default_FullFeatures;classifier;classifier;classifier;N/A;N/A;N/A;2000;100;9;2800;0,0000;0,0000;0,0000;0,0000;0,0000;0,0000;0;0;0;0
20260614_0639;Generalização_1000;classification;LeveragingBagging;Default_FullFeatures;classifier;classifier;classifier;N/A;N/A;N/A;2000;100;10;2900;0,0000;0,0000;0,0000;0,0000;0,0000;0,0000;0;0;0;0
20260614_0639;Generalização_1000;classification;LeveragingBagging;Default_FullFeatures;classifier;classifier;classifier;N/A;N/A;N/A;2000;100;11;3000;0,0000;0,0000;0,0000;0,0000;0,0000;0,0000;0;0;0;0
20260614_0639;Generalização_1000;classification;LeveragingBagging;Default_FullFeatures;classifier;classifier;classifier;N/A;N/A;N/A;2000;100;12;3100;0,0000;0,0000;0,0000;0,0000;0,0000;0,0000;0;0;0;0
20260614_0639;Generalização_1000;classification;LeveragingBagging;Default_FullFeatures;classifier;classifier;classifier;N/A;N/A;N/A;2000;100;13;3200;0,0000;0,0000;0,0000;0,0000;0,0000;0,0000;0;0;0;0
20260614_0639;Generalização_1000;classification;LeveragingBagging;Default_FullFeatures;classifier;classifier;classifier;N/A;N/A;N/A;2000;100;14;3300;0,0000;0,0000;0,0000;0,0000;0,0000;0,0000;0;0;0;0
20260614_0639;Generalização_1000;classification;LeveragingBagging;Default_FullFeatures;classifier;classifier;classifier;N/A;N/A;N/A;2000;100;15;3400;0,0000;0,0000;0,0000;0,0000;0,0000;0,0000;0;0;0;0
20260614_0639;Generalização_1000;classification;LeveragingBagging;Default_FullFeatures;classifier;classifier;classifier;N/A;N/A;N/A;2000;100;16;3500;0,0000;0,0000;0,0000;0,0000;0,0000;0,0000;0;0;0;0
20260614_0639;Generalização_1000;classification;LeveragingBagging;Default_FullFeatures;classifier;classifier;classifier;N/A;N/A;N/A;2000;100;17;3600;0,0000;0,0000;0,0000;0,0000;0,0000;0,0000;0;0;0;0
20260614_0639;Generalização_1000;classification;LeveragingBagging;Default_FullFeatures;classifier;classifier;classifier;N/A;N/A;N/A;2000;100;18;3700;0,0000;0,0000;0,0000;0,0000;0,0000;0,0000;0;0;0;0
20260614_0639;Generalização_1000;classification;LeveragingBagging;Default_FullFeatures;classifier;classifier;classifier;N/A;N/A;N/A;2000;100;19;3800;95,0672;0,9054;100,0000;0,0000;90,6122;1,6327;0;0;5;1
20260614_0639;Generalização_1000;classification;LeveragingBagging;Default_FullFeatures;classifier;classifier;classifier;N/A;N/A;N/A;2000;100;20;3900;98,1366;0,0000;97,5309;0,0000;98,7500;0,0000;2;0;1;0
20260614_0639;Generalização_1000;classification;LeveragingBagging;Default_FullFeatures;classifier;classifier;classifier;N/A;N/A;N/A;2000;100;21;4000;99,3836;0,2072;100,0000;0,0000;98,7755;0,4082;0;0;2;1
20260614_0639;Generalização_1000;classification;LeveragingBagging;Default_FullFeatures;classifier;classifier;classifier;N/A;N/A;N/A;2000;100;22;4100;98,4615;0,0000;96,9697;0,0000;100,0000;0,0000;3;0;0;0
20260614_0639;Generalização_1000;classification;LeveragingBagging;Default_FullFeatures;classifier;classifier;classifier;N/A;N/A;N/A;2000;100;23;4200;99,4924;0,0000;100,0000;0,0000;98,9899;0,0000;0;0;1;0
20260614_0639;Generalização_1000;classification;LeveragingBagging;Default_FullFeatures;classifier;classifier;classifier;N/A;N/A;N/A;2000;100;24;4300;95,0575;0,2987;91,3451;0,4693;99,0909;0,7423;7;1;1;1
20260614_0639;Generalização_1000;classification;LeveragingBagging;Default_FullFeatures;classifier;classifier;classifier;N/A;N/A;N/A;2000;100;25;4400;92,8369;0,9555;90,2000;1,7963;95,6522;0,0000;3;1;1;0
20260614_0639;Generalização_1000;classification;LeveragingBagging;Default_FullFeatures;classifier;classifier;classifier;N/A;N/A;N/A;2000;100;26;4500;96,6437;2,9818;93,6667;5,5927;100,0000;0,0000;1;1;0;0
20260614_0639;Generalização_1000;classification;LeveragingBagging;Default_FullFeatures;classifier;classifier;classifier;N/A;N/A;N/A;2000;100;27;4600;98,6883;0,2424;100,0000;0,0000;97,4118;0,4706;0;0;3;1
20260614_0639;Generalização_1000;classification;LeveragingBagging;Default_FullFeatures;classifier;classifier;classifier;N/A;N/A;N/A;2000;100;28;4700;100,0000;0,0000;100,0000;0,0000;100,0000;0,0000;0;0;0;0
20260614_0639;Generalização_1000;classification;LeveragingBagging;Default_FullFeatures;classifier;classifier;classifier;N/A;N/A;N/A;2000;100;29;4800;100,0000;0,0000;100,0000;0,0000;100,0000;0,0000;0;0;0;0
20260614_0639;Generalização_1000;classification;LeveragingBagging;Default_FullFeatures;classifier;classifier;classifier;N/A;N/A;N/A;2000;100;30;4900;0,0000;0,0000;0,0000;0,0000;0,0000;0,0000;0;0;0;0
20260614_0639;Generalização_1000;classification;LeveragingBagging;Default_FullFeatures;classifier;classifier;classifier;N/A;N/A;N/A;2000;100;31;5000;0,0000;0,0000;0,0000;0,0000;0,0000;0,0000;1;0;0;0
20260614_0639;Generalização_1000;classification;LeveragingBagging;Default_FullFeatures;classifier;classifier;classifier;N/A;N/A;N/A;2000;100;32;5100;0,0000;0,0000;0,0000;0,0000;0,0000;0,0000;0;0;0;0
20260614_0639;Generalização_1000;classification;LeveragingBagging;Default_FullFeatures;classifier;classifier;classifier;N/A;N/A;N/A;2000;100;33;5200;0,0000;0,0000;0,0000;0,0000;0,0000;0,0000;0;0;0;0
20260614_0639;Generalização_1000;classification;LeveragingBagging;Default_FullFeatures;classifier;classifier;classifier;N/A;N/A;N/A;2000;100;34;5300;0,0000;0,0000;0,0000;0,0000;0,0000;0,0000;0;0;0;0
20260614_0639;Generalização_1000;classification;LeveragingBagging;Default_FullFeatures;classifier;classifier;classifier;N/A;N/A;N/A;2000;100;35;5400;0,0000;0,0000;0,0000;0,0000;0,0000;0,0000;0;0;0;0
20260614_0639;Generalização_1000;classification;LeveragingBagging;Default_FullFeatures;classifier;classifier;classifier;N/A;N/A;N/A;2000;100;36;5500;0,0000;0,0000;0,0000;0,0000;0,0000;0,0000;0;0;0;0
20260614_0639;Generalização_1000;classification;LeveragingBagging;Default_FullFeatures;classifier;classifier;classifier;N/A;N/A;N/A;2000;100;37;5600;0,0000;0,0000;0,0000;0,0000;0,0000;0,0000;5;1;0;0
20260614_0639;Generalização_1000;classification;LeveragingBagging;Default_FullFeatures;classifier;classifier;classifier;N/A;N/A;N/A;2000;100;38;5700;0,0000;0,0000;0,0000;0,0000;0,0000;0,0000;0;0;0;0
20260614_0639;Generalização_1000;classification;LeveragingBagging;Default_FullFeatures;classifier;classifier;classifier;N/A;N/A;N/A;2000;100;39;5800;0,0000;0,0000;0,0000;0,0000;0,0000;0,0000;0;0;0;0
20260614_0639;Generalização_1000;classification;LeveragingBagging;Default_FullFeatures;classifier;classifier;classifier;N/A;N/A;N/A;2000;100;40;5900;0,0000;0,0000;0,0000;0,0000;0,0000;0,0000;0;0;0;0
20260614_0639;Generalização_1000;classification;LeveragingBagging;Default_FullFeatures;classifier;classifier;classifier;N/A;N/A;N/A;2000;100;41;6000;0,0000;0,0000;0,0000;0,0000;0,0000;0,0000;0;0;0;0
20260614_0639;Generalização_1000;classification;LeveragingBagging;Default_FullFeatures;classifier;classifier;classifier;N/A;N/A;N/A;2000;100;42;6100;0,0000;0,0000;0,0000;0,0000;0,0000;0,0000;1;0;0;0
20260614_0639;Generalização_1000;classification;LeveragingBagging;Default_FullFeatures;classifier;classifier;classifier;N/A;N/A;N/A;2000;100;43;6200;0,0000;0,0000;0,0000;0,0000;0,0000;0,0000;0;0;0;0
20260614_0639;Generalização_1000;classification;LeveragingBagging;Default_FullFeatures;classifier;classifier;classifier;N/A;N/A;N/A;2000;100;44;6300;0,0000;0,0000;0,0000;0,0000;0,0000;0,0000;0;0;0;0
20260614_0639;Generalização_1000;classification;LeveragingBagging;Default_FullFeatures;classifier;classifier;classifier;N/A;N/A;N/A;2000;100;45;6400;0,0000;0,0000;0,0000;0,0000;0,0000;0,0000;0;0;0;0
20260614_0639;Generalização_1000;classification;LeveragingBagging;Default_FullFeatures;classifier;classifier;classifier;N/A;N/A;N/A;2000;100;46;6500;0,0000;0,0000;0,0000;0,0000;0,0000;0,0000;0;0;0;0
20260614_0639;Generalização_1000;classification;LeveragingBagging;Default_FullFeatures;classifier;classifier;classifier;N/A;N/A;N/A;2000;100;47;6600;0,0000;0,0000;0,0000;0,0000;0,0000;0,0000;0;0;0;0
20260614_0639;Generalização_1000;classification;LeveragingBagging;Default_FullFeatures;classifier;classifier;classifier;N/A;N/A;N/A;2000;100;48;6700;0,0000;0,0000;0,0000;0,0000;0,0000;0,0000;0;0;0;0
20260614_0639;Generalização_1000;classification;LeveragingBagging;Default_FullFeatures;classifier;classifier;classifier;N/A;N/A;N/A;2000;100;49;6800;0,0000;0,0000;0,0000;0,0000;0,0000;0,0000;0;0;0;0
20260614_0639;Generalização_1000;classification;LeveragingBagging;Default_FullFeatures;classifier;classifier;classifier;N/A;N/A;N/A;2000;100;50;6900;0,0000;0,0000;0,0000;0,0000;0,0000;0,0000;0;0;0;0
20260614_0639;Generalização_1000;classification;LeveragingBagging;Default_FullFeatures;classifier;classifier;classifier;N/A;N/A;N/A;2000;100;51;7000;0,0000;0,0000;0,0000;0,0000;0,0000;0,0000;0;0;0;0
20260614_0639;Generalização_1000;classification;LeveragingBagging;Default_FullFeatures;classifier;classifier;classifier;N/A;N/A;N/A;2000;100;52;7100;0,0000;0,0000;0,0000;0,0000;0,0000;0,0000;0;0;0;0
20260614_0639;Generalização_1000;classification;LeveragingBagging;Default_FullFeatures;classifier;classifier;classifier;N/A;N/A;N/A;2000;100;53;7200;0,0000;0,0000;0,0000;0,0000;0,0000;0,0000;0;0;0;0
20260614_0639;Generalização_1000;classification;LeveragingBagging;Default_FullFeatures;classifier;classifier;classifier;N/A;N/A;N/A;2000;100;54;7300;0,0000;0,0000;0,0000;0,0000;0,0000;0,0000;0;0;0;0
20260614_0639;Generalização_1000;classification;LeveragingBagging;Default_FullFeatures;classifier;classifier;classifier;N/A;N/A;N/A;2000;100;55;7400;0,0000;0,0000;0,0000;0,0000;0,0000;0,0000;0;0;0;0
20260614_0639;Generalização_1000;classification;LeveragingBagging;Default_FullFeatures;classifier;classifier;classifier;N/A;N/A;N/A;2000;100;56;7500;0,0000;0,0000;0,0000;0,0000;0,0000;0,0000;0;0;0;0
20260614_0639;Generalização_1000;classification;LeveragingBagging;Default_FullFeatures;classifier;classifier;classifier;N/A;N/A;N/A;2000;100;57;7600;0,0000;0,0000;0,0000;0,0000;0,0000;0,0000;0;0;0;0
20260614_0639;Generalização_1000;classification;LeveragingBagging;Default_FullFeatures;classifier;classifier;classifier;N/A;N/A;N/A;2000;100;58;7700;0,0000;0,0000;0,0000;0,0000;0,0000;0,0000;0;0;0;0
20260614_0639;Generalização_1000;classification;LeveragingBagging;Default_FullFeatures;classifier;classifier;classifier;N/A;N/A;N/A;2000;100;59;7800;0,0000;0,0000;0,0000;0,0000;0,0000;0,0000;0;0;0;0
20260614_0639;Generalização_1000;classification;LeveragingBagging;Default_FullFeatures;classifier;classifier;classifier;N/A;N/A;N/A;2000;100;60;7900;0,0000;0,0000;0,0000;0,0000;0,0000;0,0000;0;0;0;0
20260614_0639;Generalização_1000;classification;LeveragingBagging;Default_FullFeatures;classifier;classifier;classifier;N/A;N/A;N/A;2000;100;61;8000;0,0000;0,0000;0,0000;0,0000;0,0000;0,0000;0;0;0;0
20260614_0639;Generalização_1000;classification;LeveragingBagging;Default_FullFeatures;classifier;classifier;classifier;N/A;N/A;N/A;2000;100;62;8100;0,0000;0,0000;0,0000;0,0000;0,0000;0,0000;0;0;0;0
20260614_0639;Generalização_1000;classification;LeveragingBagging;Default_FullFeatures;classifier;classifier;classifier;N/A;N/A;N/A;2000;100;63;8200;0,0000;0,0000;0,0000;0,0000;0,0000;0,0000;0;0;0;0
20260614_0639;Generalização_1000;classification;LeveragingBagging;Default_FullFeatures;classifier;classifier;classifier;N/A;N/A;N/A;2000;100;64;8300;0,0000;0,0000;0,0000;0,0000;0,0000;0,0000;0;0;0;0
20260614_0639;Generalização_1000;classification;LeveragingBagging;Default_FullFeatures;classifier;classifier;classifier;N/A;N/A;N/A;2000;100;65;8400;0,0000;0,0000;0,0000;0,0000;0,0000;0,0000;0;0;0;0
20260614_0639;Generalização_1000;classification;LeveragingBagging;Default_FullFeatures;classifier;classifier;classifier;N/A;N/A;N/A;2000;100;66;8500;40,0000;48,9898;40,0000;48,9898;40,0000;48,9898;0;0;1;1
20260614_0639;Generalização_1000;classification;LeveragingBagging;Default_FullFeatures;classifier;classifier;classifier;N/A;N/A;N/A;2000;100;67;8600;97,9592;0,0000;100,0000;0,0000;96,0000;0,0000;0;0;4;0
20260614_0639;Generalização_1000;classification;LeveragingBagging;Default_FullFeatures;classifier;classifier;classifier;N/A;N/A;N/A;2000;100;68;8700;100,0000;0,0000;100,0000;0,0000;100,0000;0,0000;0;0;0;0
20260614_0639;Generalização_1000;classification;LeveragingBagging;Default_FullFeatures;classifier;classifier;classifier;N/A;N/A;N/A;2000;100;69;8800;99,4975;0,0000;100,0000;0,0000;99,0000;0,0000;0;0;1;0
20260614_0639;Generalização_1000;classification;LeveragingBagging;Default_FullFeatures;classifier;classifier;classifier;N/A;N/A;N/A;2000;100;70;8900;100,0000;0,0000;100,0000;0,0000;100,0000;0,0000;0;0;0;0
20260614_0639;Generalização_1000;classification;LeveragingBagging;Default_FullFeatures;classifier;classifier;classifier;N/A;N/A;N/A;2000;100;71;9000;100,0000;0,0000;100,0000;0,0000;100,0000;0,0000;0;0;0;0
20260614_0639;Generalização_1000;classification;LeveragingBagging;Default_FullFeatures;classifier;classifier;classifier;N/A;N/A;N/A;2000;100;72;9100;99,1929;0,2487;100,0000;0,0000;98,4000;0,4899;0;0;2;1
20260614_0639;Generalização_1000;classification;LeveragingBagging;Default_FullFeatures;classifier;classifier;classifier;N/A;N/A;N/A;2000;100;73;9200;99,8995;0,2010;100,0000;0,0000;99,8000;0,4000;0;0;1;1
20260614_0639;Generalização_1000;classification;LeveragingBagging;Default_FullFeatures;classifier;classifier;classifier;N/A;N/A;N/A;2000;100;74;9300;100,0000;0,0000;100,0000;0,0000;100,0000;0,0000;0;0;0;0
20260614_0639;Generalização_1000;classification;LeveragingBagging;Default_FullFeatures;classifier;classifier;classifier;N/A;N/A;N/A;2000;100;75;9400;100,0000;0,0000;100,0000;0,0000;100,0000;0,0000;0;0;0;0
20260614_0639;Generalização_1000;classification;LeveragingBagging;Default_FullFeatures;classifier;classifier;classifier;N/A;N/A;N/A;2000;100;76;9500;100,0000;0,0000;100,0000;0,0000;100,0000;0,0000;0;0;0;0
20260614_0639;Generalização_1000;classification;LeveragingBagging;Default_FullFeatures;classifier;classifier;classifier;N/A;N/A;N/A;2000;100;77;9600;0,0000;0,0000;0,0000;0,0000;0,0000;0,0000;0;0;0;0
20260614_0639;Generalização_1000;classification;LeveragingBagging;Default_FullFeatures;classifier;classifier;classifier;N/A;N/A;N/A;2000;100;78;9700;0,0000;0,0000;0,0000;0,0000;0,0000;0,0000;0;0;0;0
20260614_0639;Generalização_1000;classification;LeveragingBagging;Default_FullFeatures;classifier;classifier;classifier;N/A;N/A;N/A;2000;100;79;9800;0,0000;0,0000;0,0000;0,0000;0,0000;0,0000;0;0;0;0
20260614_0639;Generalização_1000;classification;LeveragingBagging;Default_FullFeatures;classifier;classifier;classifier;N/A;N/A;N/A;2000;100;80;9900;0,0000;0,0000;0,0000;0,0000;0,0000;0,0000;0;0;0;0
20260614_0639;Generalização_1000;classification;LeveragingBagging;Default_FullFeatures;classifier;classifier;classifier;N/A;N/A;N/A;2000;100;81;10000;0,0000;0,0000;0,0000;0,0000;0,0000;0,0000;0;0;0;0
20260614_0639;Generalização_1000;classification;LeveragingBagging;Default_FullFeatures;classifier;classifier;classifier;N/A;N/A;N/A;2000;100;82;10100;0,0000;0,0000;0,0000;0,0000;0,0000;0,0000;0;0;0;0
20260614_0639;Generalização_1000;classification;LeveragingBagging;Default_FullFeatures;classifier;classifier;classifier;N/A;N/A;N/A;2000;100;83;10200;0,0000;0,0000;0,0000;0,0000;0,0000;0,0000;0;0;0;0
20260614_0639;Generalização_1000;classification;LeveragingBagging;Default_FullFeatures;classifier;classifier;classifier;N/A;N/A;N/A;2000;100;84;10300;0,0000;0,0000;0,0000;0,0000;0,0000;0,0000;0;0;0;0
20260614_0639;Generalização_1000;classification;LeveragingBagging;Default_FullFeatures;classifier;classifier;classifier;N/A;N/A;N/A;2000;100;85;10400;0,0000;0,0000;0,0000;0,0000;0,0000;0,0000;0;0;0;0
20260614_0639;Generalização_1000;classification;LeveragingBagging;Default_FullFeatures;classifier;classifier;classifier;N/A;N/A;N/A;2000;100;86;10500;0,0000;0,0000;0,0000;0,0000;0,0000;0,0000;0;0;0;0
20260614_0639;Generalização_1000;classification;LeveragingBagging;Default_FullFeatures;classifier;classifier;classifier;N/A;N/A;N/A;2000;100;87;10600;0,0000;0,0000;0,0000;0,0000;0,0000;0,0000;0;0;0;0
20260614_0639;Generalização_1000;classification;LeveragingBagging;Default_FullFeatures;classifier;classifier;classifier;N/A;N/A;N/A;2000;100;88;10700;0,0000;0,0000;0,0000;0,0000;0,0000;0,0000;0;0;0;0
20260614_0639;Generalização_1000;classification;LeveragingBagging;Default_FullFeatures;classifier;classifier;classifier;N/A;N/A;N/A;2000;100;89;10800;0,0000;0,0000;0,0000;0,0000;0,0000;0,0000;0;0;0;0
20260614_0639;Generalização_1000;classification;LeveragingBagging;Default_FullFeatures;classifier;classifier;classifier;N/A;N/A;N/A;2000;100;90;10900;0,0000;0,0000;0,0000;0,0000;0,0000;0,0000;0;0;0;0
20260614_0639;Generalização_1000;classification;LeveragingBagging;Default_FullFeatures;classifier;classifier;classifier;N/A;N/A;N/A;2000;100;91;11000;0,0000;0,0000;0,0000;0,0000;0,0000;0,0000;0;0;0;0
20260614_0639;Generalização_1000;classification;LeveragingBagging;Default_FullFeatures;classifier;classifier;classifier;N/A;N/A;N/A;2000;100;92;11100;0,0000;0,0000;0,0000;0,0000;0,0000;0,0000;0;0;0;0
20260614_0639;Generalização_1000;classification;LeveragingBagging;Default_FullFeatures;classifier;classifier;classifier;N/A;N/A;N/A;2000;100;93;11200;0,0000;0,0000;0,0000;0,0000;0,0000;0,0000;0;0;0;0
20260614_0639;Generalização_1000;classification;LeveragingBagging;Default_FullFeatures;classifier;classifier;classifier;N/A;N/A;N/A;2000;100;94;11300;0,0000;0,0000;0,0000;0,0000;0,0000;0,0000;0;0;0;0
20260614_0639;Generalização_1000;classification;LeveragingBagging;Default_FullFeatures;classifier;classifier;classifier;N/A;N/A;N/A;2000;100;95;11400;0,0000;0,0000;0,0000;0,0000;0,0000;0,0000;0;0;0;0
20260614_0639;Generalização_1000;classification;LeveragingBagging;Default_FullFeatures;classifier;classifier;classifier;N/A;N/A;N/A;2000;100;96;11500;0,0000;0,0000;0,0000;0,0000;0,0000;0,0000;0;0;0;0
20260614_0639;Generalização_1000;classification;LeveragingBagging;Default_FullFeatures;classifier;classifier;classifier;N/A;N/A;N/A;2000;100;97;11600;0,0000;0,0000;0,0000;0,0000;0,0000;0,0000;0;0;0;0
20260614_0639;Generalização_1000;classification;LeveragingBagging;Default_FullFeatures;classifier;classifier;classifier;N/A;N/A;N/A;2000;100;98;11700;0,0000;0,0000;0,0000;0,0000;0,0000;0,0000;0;0;0;0
20260614_0639;Generalização_1000;classification;LeveragingBagging;Default_FullFeatures;classifier;classifier;classifier;N/A;N/A;N/A;2000;100;99;11800;0,0000;0,0000;0,0000;0,0000;0,0000;0,0000;0;0;0;0
20260614_0639;Generalização_1000;classification;LeveragingBagging;Default_FullFeatures;classifier;classifier;classifier;N/A;N/A;N/A;2000;100;100;11900;0,0000;0,0000;0,0000;0,0000;0,0000;0,0000;0;0;0;0
20260614_0639;Generalização_1000;classification;LeveragingBagging;Default_FullFeatures;classifier;classifier;classifier;N/A;N/A;N/A;2000;100;101;12000;0,0000;0,0000;0,0000;0,0000;0,0000;0,0000;0;0;0;0
20260614_0639;Generalização_1000;classification;LeveragingBagging;Default_FullFeatures;classifier;classifier;classifier;N/A;N/A;N/A;2000;100;102;12100;0,0000;0,0000;0,0000;0,0000;0,0000;0,0000;0;0;0;0
20260614_0639;Generalização_1000;classification;LeveragingBagging;Default_FullFeatures;classifier;classifier;classifier;N/A;N/A;N/A;2000;100;103;12200;0,0000;0,0000;0,0000;0,0000;0,0000;0,0000;0;0;0;0
20260614_0639;Generalização_1000;classification;LeveragingBagging;Default_FullFeatures;classifier;classifier;classifier;N/A;N/A;N/A;2000;100;104;12300;0,0000;0,0000;0,0000;0,0000;0,0000;0,0000;0;0;0;0
20260614_0639;Generalização_1000;classification;LeveragingBagging;Default_FullFeatures;classifier;classifier;classifier;N/A;N/A;N/A;2000;100;105;12400;0,0000;0,0000;0,0000;0,0000;0,0000;0,0000;0;0;0;0
20260614_0639;Generalização_1000;classification;LeveragingBagging;Default_FullFeatures;classifier;classifier;classifier;N/A;N/A;N/A;2000;100;106;12500;0,0000;0,0000;0,0000;0,0000;0,0000;0,0000;0;0;0;0
20260614_0639;Generalização_1000;classification;LeveragingBagging;Default_FullFeatures;classifier;classifier;classifier;N/A;N/A;N/A;2000;100;107;12600;0,0000;0,0000;0,0000;0,0000;0,0000;0,0000;0;0;0;0
20260614_0639;Generalização_1000;classification;LeveragingBagging;Default_FullFeatures;classifier;classifier;classifier;N/A;N/A;N/A;2000;100;108;12700;0,0000;0,0000;0,0000;0,0000;0,0000;0,0000;0;0;0;0
20260614_0639;Generalização_1000;classification;LeveragingBagging;Default_FullFeatures;classifier;classifier;classifier;N/A;N/A;N/A;2000;100;109;12800;0,0000;0,0000;0,0000;0,0000;0,0000;0,0000;0;0;0;0
20260614_0639;Generalização_1000;classification;LeveragingBagging;Default_FullFeatures;classifier;classifier;classifier;N/A;N/A;N/A;2000;100;110;12900;0,0000;0,0000;0,0000;0,0000;0,0000;0,0000;0;0;0;0
20260614_0639;Generalização_1000;classification;LeveragingBagging;Default_FullFeatures;classifier;classifier;classifier;N/A;N/A;N/A;2000;100;111;13000;0,0000;0,0000;0,0000;0,0000;0,0000;0,0000;0;0;0;0
20260614_0639;Generalização_1000;classification;LeveragingBagging;Default_FullFeatures;classifier;classifier;classifier;N/A;N/A;N/A;2000;100;112;13100;0,0000;0,0000;0,0000;0,0000;0,0000;0,0000;1;1;0;0
20260614_0639;Generalização_1000;classification;LeveragingBagging;Default_FullFeatures;classifier;classifier;classifier;N/A;N/A;N/A;2000;100;113;13200;0,0000;0,0000;0,0000;0,0000;0,0000;0,0000;0;0;0;0
20260614_0639;Generalização_1000;classification;LeveragingBagging;Default_FullFeatures;classifier;classifier;classifier;N/A;N/A;N/A;2000;100;114;13300;92,9363;0,4911;100,0000;0,0000;86,8085;0,8511;0;0;7;1
20260614_0639;Generalização_1000;classification;LeveragingBagging;Default_FullFeatures;classifier;classifier;classifier;N/A;N/A;N/A;2000;100;115;13400;96,7391;0,0000;100,0000;0,0000;93,6842;0,0000;0;0;6;0
20260614_0639;Generalização_1000;classification;LeveragingBagging;Default_FullFeatures;classifier;classifier;classifier;N/A;N/A;N/A;2000;100;116;13500;97,5205;0,4599;100,0000;0,0000;95,1648;0,8791;0;0;5;1
20260614_0639;Generalização_1000;classification;LeveragingBagging;Default_FullFeatures;classifier;classifier;classifier;N/A;N/A;N/A;2000;100;117;13600;98,7902;0,3739;100,0000;0,0000;97,6119;0,7312;0;0;2;1
20260614_0639;Generalização_1000;classification;LeveragingBagging;Default_FullFeatures;classifier;classifier;classifier;N/A;N/A;N/A;2000;100;118;13700;97,5751;0,4495;100,0000;0,0000;95,2688;0,8602;0;0;5;1
20260614_0639;Generalização_1000;classification;LeveragingBagging;Default_FullFeatures;classifier;classifier;classifier;N/A;N/A;N/A;2000;100;119;13800;99,8985;0,2030;100,0000;0,0000;99,7980;0,4040;0;0;1;1
20260614_0639;Generalização_1000;classification;LeveragingBagging;Default_FullFeatures;classifier;classifier;classifier;N/A;N/A;N/A;2000;100;120;13900;98,8611;0,6100;100,0000;0,0000;97,7551;1,1900;0;0;3;2
20260614_0639;Generalização_1000;classification;LeveragingBagging;Default_FullFeatures;classifier;classifier;classifier;N/A;N/A;N/A;2000;100;121;14000;99,5929;0,3815;100,0000;0,0000;99,1919;0,7559;0;0;1;1
20260614_0639;Generalização_1000;classification;LeveragingBagging;Default_FullFeatures;classifier;classifier;classifier;N/A;N/A;N/A;2000;100;122;14100;99,7970;0,2487;100,0000;0,0000;99,5960;0,4948;0;0;1;1
20260614_0639;Generalização_1000;classification;LeveragingBagging;Default_FullFeatures;classifier;classifier;classifier;N/A;N/A;N/A;2000;100;123;14200;99,8974;0,2051;100,0000;0,0000;99,7959;0,4082;0;0;1;1
20260614_0639;Generalização_1000;classification;LeveragingBagging;Default_FullFeatures;classifier;classifier;classifier;N/A;N/A;N/A;2000;100;124;14300;98,9899;0,0000;98,0000;0,0000;100,0000;0,0000;1;0;0;0
20260614_0639;Generalização_1000;classification;LeveragingBagging;Default_FullFeatures;classifier;classifier;classifier;N/A;N/A;N/A;2000;100;125;14400;0,0000;0,0000;0,0000;0,0000;0,0000;0,0000;3;1;0;0
20260614_0639;Generalização_1000;classification;LeveragingBagging;Default_FullFeatures;classifier;classifier;classifier;N/A;N/A;N/A;2000;100;126;14500;0,0000;0,0000;0,0000;0,0000;0,0000;0,0000;1;0;0;0
20260614_0639;Generalização_1000;classification;LeveragingBagging;Default_FullFeatures;classifier;classifier;classifier;N/A;N/A;N/A;2000;100;127;14600;0,0000;0,0000;0,0000;0,0000;0,0000;0,0000;1;0;0;0
20260614_0639;Generalização_1000;classification;LeveragingBagging;Default_FullFeatures;classifier;classifier;classifier;N/A;N/A;N/A;2000;100;128;14700;0,0000;0,0000;0,0000;0,0000;0,0000;0,0000;1;1;0;0
20260614_0639;Generalização_1000;classification;LeveragingBagging;Default_FullFeatures;classifier;classifier;classifier;N/A;N/A;N/A;2000;100;129;14800;0,0000;0,0000;0,0000;0,0000;0,0000;0,0000;1;0;0;0
20260614_0639;Generalização_1000;classification;LeveragingBagging;Default_FullFeatures;classifier;classifier;classifier;N/A;N/A;N/A;2000;100;130;14900;0,0000;0,0000;0,0000;0,0000;0,0000;0,0000;1;1;0;0
20260614_0639;Generalização_1000;classification;LeveragingBagging;Default_FullFeatures;classifier;classifier;classifier;N/A;N/A;N/A;2000;100;131;15000;0,0000;0,0000;0,0000;0,0000;0,0000;0,0000;0;0;0;0
20260614_0639;Generalização_1000;classification;LeveragingBagging;Default_FullFeatures;classifier;classifier;classifier;N/A;N/A;N/A;2000;100;132;15100;0,0000;0,0000;0,0000;0,0000;0,0000;0,0000;0;0;0;0
20260614_0639;Generalização_1000;classification;LeveragingBagging;Default_FullFeatures;classifier;classifier;classifier;N/A;N/A;N/A;2000;100;133;15200;0,0000;0,0000;0,0000;0,0000;0,0000;0,0000;0;0;0;0
20260614_0639;Generalização_1000;classification;LeveragingBagging;Default_FullFeatures;classifier;classifier;classifier;N/A;N/A;N/A;2000;100;134;15300;0,0000;0,0000;0,0000;0,0000;0,0000;0,0000;1;1;0;0
20260614_0639;Generalização_1000;classification;LeveragingBagging;Default_FullFeatures;classifier;classifier;classifier;N/A;N/A;N/A;2000;100;135;15400;0,0000;0,0000;0,0000;0,0000;0,0000;0,0000;0;0;0;0
20260614_0639;Generalização_1000;classification;LeveragingBagging;Default_FullFeatures;classifier;classifier;classifier;N/A;N/A;N/A;2000;100;136;15500;0,0000;0,0000;0,0000;0,0000;0,0000;0,0000;0;0;0;0
20260614_0639;Generalização_1000;classification;LeveragingBagging;Default_FullFeatures;classifier;classifier;classifier;N/A;N/A;N/A;2000;100;137;15600;0,0000;0,0000;0,0000;0,0000;0,0000;0,0000;0;0;0;0
20260614_0639;Generalização_1000;classification;LeveragingBagging;Default_FullFeatures;classifier;classifier;classifier;N/A;N/A;N/A;2000;100;138;15700;0,0000;0,0000;0,0000;0,0000;0,0000;0,0000;0;0;0;0
20260614_0639;Generalização_1000;classification;LeveragingBagging;Default_FullFeatures;classifier;classifier;classifier;N/A;N/A;N/A;2000;100;139;15800;0,0000;0,0000;0,0000;0,0000;0,0000;0,0000;0;0;0;0
20260614_0639;Generalização_1000;classification;LeveragingBagging;Default_FullFeatures;classifier;classifier;classifier;N/A;N/A;N/A;2000;100;140;15900;0,0000;0,0000;0,0000;0,0000;0,0000;0,0000;0;0;0;0
20260614_0639;Generalização_1000;classification;LeveragingBagging;Default_FullFeatures;classifier;classifier;classifier;N/A;N/A;N/A;2000;100;141;16000;0,0000;0,0000;0,0000;0,0000;0,0000;0,0000;0;0;0;0
20260614_0639;Generalização_1000;classification;LeveragingBagging;Default_FullFeatures;classifier;classifier;classifier;N/A;N/A;N/A;2000;100;142;16100;0,0000;0,0000;0,0000;0,0000;0,0000;0,0000;1;0;0;0
20260614_0639;Generalização_1000;classification;LeveragingBagging;Default_FullFeatures;classifier;classifier;classifier;N/A;N/A;N/A;2000;100;143;16200;0,0000;0,0000;0,0000;0,0000;0,0000;0,0000;0;0;0;0
20260614_0639;Generalização_1000;classification;LeveragingBagging;Default_FullFeatures;classifier;classifier;classifier;N/A;N/A;N/A;2000;100;144;16300;0,0000;0,0000;0,0000;0,0000;0,0000;0,0000;0;0;0;0
20260614_0639;Generalização_1000;classification;LeveragingBagging;Default_FullFeatures;classifier;classifier;classifier;N/A;N/A;N/A;2000;100;145;16400;0,0000;0,0000;0,0000;0,0000;0,0000;0,0000;0;0;0;0
20260614_0639;Generalização_1000;classification;LeveragingBagging;Default_FullFeatures;classifier;classifier;classifier;N/A;N/A;N/A;2000;100;146;16500;0,0000;0,0000;0,0000;0,0000;0,0000;0,0000;0;0;0;0
20260614_0639;Generalização_1000;classification;LeveragingBagging;Default_FullFeatures;classifier;classifier;classifier;N/A;N/A;N/A;2000;100;147;16600;0,0000;0,0000;0,0000;0,0000;0,0000;0,0000;0;0;0;0
20260614_0639;Generalização_1000;classification;LeveragingBagging;Default_FullFeatures;classifier;classifier;classifier;N/A;N/A;N/A;2000;100;148;16700;0,0000;0,0000;0,0000;0,0000;0,0000;0,0000;0;0;0;0
20260614_0639;Generalização_1000;classification;LeveragingBagging;Default_FullFeatures;classifier;classifier;classifier;N/A;N/A;N/A;2000;100;149;16800;0,0000;0,0000;0,0000;0,0000;0,0000;0,0000;0;0;0;0
20260614_0639;Generalização_1000;classification;LeveragingBagging;Default_FullFeatures;classifier;classifier;classifier;N/A;N/A;N/A;2000;100;150;16900;0,0000;0,0000;0,0000;0,0000;0,0000;0,0000;0;0;0;0
20260614_0639;Generalização_1000;classification;LeveragingBagging;Default_FullFeatures;classifier;classifier;classifier;N/A;N/A;N/A;2000;100;151;17000;0,0000;0,0000;0,0000;0,0000;0,0000;0,0000;0;0;0;0
20260614_0639;Generalização_1000;classification;LeveragingBagging;Default_FullFeatures;classifier;classifier;classifier;N/A;N/A;N/A;2000;100;152;17100;0,0000;0,0000;0,0000;0,0000;0,0000;0,0000;0;0;0;0
20260614_0639;Generalização_1000;classification;LeveragingBagging;Default_FullFeatures;classifier;classifier;classifier;N/A;N/A;N/A;2000;100;153;17200;0,0000;0,0000;0,0000;0,0000;0,0000;0,0000;0;0;0;0
20260614_0639;Generalização_1000;classification;LeveragingBagging;Default_FullFeatures;classifier;classifier;classifier;N/A;N/A;N/A;2000;100;154;17300;0,0000;0,0000;0,0000;0,0000;0,0000;0,0000;0;0;0;0
20260614_0639;Generalização_1000;classification;LeveragingBagging;Default_FullFeatures;classifier;classifier;classifier;N/A;N/A;N/A;2000;100;155;17400;0,0000;0,0000;0,0000;0,0000;0,0000;0,0000;0;0;0;0
20260614_0639;Generalização_1000;classification;LeveragingBagging;Default_FullFeatures;classifier;classifier;classifier;N/A;N/A;N/A;2000;100;156;17500;0,0000;0,0000;0,0000;0,0000;0,0000;0,0000;1;1;0;0
20260614_0639;Generalização_1000;classification;LeveragingBagging;Default_FullFeatures;classifier;classifier;classifier;N/A;N/A;N/A;2000;100;157;17600;0,0000;0,0000;0,0000;0,0000;0,0000;0,0000;0;0;0;0
20260614_0639;Generalização_1000;classification;LeveragingBagging;Default_FullFeatures;classifier;classifier;classifier;N/A;N/A;N/A;2000;100;158;17700;0,0000;0,0000;0,0000;0,0000;0,0000;0,0000;0;0;0;0
20260614_0639;Generalização_1000;classification;LeveragingBagging;Default_FullFeatures;classifier;classifier;classifier;N/A;N/A;N/A;2000;100;159;17800;0,0000;0,0000;0,0000;0,0000;0,0000;0,0000;0;0;0;0
20260614_0639;Generalização_1000;classification;LeveragingBagging;Default_FullFeatures;classifier;classifier;classifier;N/A;N/A;N/A;2000;100;160;17900;0,0000;0,0000;0,0000;0,0000;0,0000;0,0000;0;0;0;0
20260614_0639;Adaptação_25;classification;LeveragingBagging;Default_FullFeatures;classifier;classifier;classifier;N/A;N/A;N/A;2000;100;1;2000;0,0000;0,0000;0,0000;0,0000;0,0000;0,0000;0;0;0;0
20260614_0639;Adaptação_25;classification;LeveragingBagging;Default_FullFeatures;classifier;classifier;classifier;N/A;N/A;N/A;2000;100;2;2100;0,0000;0,0000;0,0000;0,0000;0,0000;0,0000;0;0;0;0
20260614_0639;Adaptação_25;classification;LeveragingBagging;Default_FullFeatures;classifier;classifier;classifier;N/A;N/A;N/A;2000;100;3;2200;0,0000;0,0000;0,0000;0,0000;0,0000;0,0000;0;0;0;0
20260614_0639;Adaptação_25;classification;LeveragingBagging;Default_FullFeatures;classifier;classifier;classifier;N/A;N/A;N/A;2000;100;4;2300;0,0000;0,0000;0,0000;0,0000;0,0000;0,0000;0;0;0;0
20260614_0639;Adaptação_25;classification;LeveragingBagging;Default_FullFeatures;classifier;classifier;classifier;N/A;N/A;N/A;2000;100;5;2400;0,0000;0,0000;0,0000;0,0000;0,0000;0,0000;0;0;0;0
20260614_0639;Adaptação_25;classification;LeveragingBagging;Default_FullFeatures;classifier;classifier;classifier;N/A;N/A;N/A;2000;100;6;2500;0,0000;0,0000;0,0000;0,0000;0,0000;0,0000;0;0;0;0
20260614_0639;Adaptação_25;classification;LeveragingBagging;Default_FullFeatures;classifier;classifier;classifier;N/A;N/A;N/A;2000;100;7;2600;0,0000;0,0000;0,0000;0,0000;0,0000;0,0000;0;0;0;0
20260614_0639;Adaptação_25;classification;LeveragingBagging;Default_FullFeatures;classifier;classifier;classifier;N/A;N/A;N/A;2000;100;8;2700;0,0000;0,0000;0,0000;0,0000;0,0000;0,0000;0;0;0;0
20260614_0639;Adaptação_25;classification;LeveragingBagging;Default_FullFeatures;classifier;classifier;classifier;N/A;N/A;N/A;2000;100;9;2800;0,0000;0,0000;0,0000;0,0000;0,0000;0,0000;0;0;0;0
20260614_0639;Adaptação_25;classification;LeveragingBagging;Default_FullFeatures;classifier;classifier;classifier;N/A;N/A;N/A;2000;100;10;2900;0,0000;0,0000;0,0000;0,0000;0,0000;0,0000;0;0;0;0
20260614_0639;Adaptação_25;classification;LeveragingBagging;Default_FullFeatures;classifier;classifier;classifier;N/A;N/A;N/A;2000;100;11;3000;0,0000;0,0000;0,0000;0,0000;0,0000;0,0000;0;0;0;0
20260614_0639;Adaptação_25;classification;LeveragingBagging;Default_FullFeatures;classifier;classifier;classifier;N/A;N/A;N/A;2000;100;12;3100;0,0000;0,0000;0,0000;0,0000;0,0000;0,0000;0;0;0;0
20260614_0639;Adaptação_25;classification;LeveragingBagging;Default_FullFeatures;classifier;classifier;classifier;N/A;N/A;N/A;2000;100;13;3200;0,0000;0,0000;0,0000;0,0000;0,0000;0,0000;0;0;0;0
20260614_0639;Adaptação_25;classification;LeveragingBagging;Default_FullFeatures;classifier;classifier;classifier;N/A;N/A;N/A;2000;100;14;3300;0,0000;0,0000;0,0000;0,0000;0,0000;0,0000;0;0;0;0
20260614_0639;Adaptação_25;classification;LeveragingBagging;Default_FullFeatures;classifier;classifier;classifier;N/A;N/A;N/A;2000;100;15;3400;0,0000;0,0000;0,0000;0,0000;0,0000;0,0000;0;0;0;0
20260614_0639;Adaptação_25;classification;LeveragingBagging;Default_FullFeatures;classifier;classifier;classifier;N/A;N/A;N/A;2000;100;16;3500;0,0000;0,0000;0,0000;0,0000;0,0000;0,0000;0;0;0;0
20260614_0639;Adaptação_25;classification;LeveragingBagging;Default_FullFeatures;classifier;classifier;classifier;N/A;N/A;N/A;2000;100;17;3600;0,0000;0,0000;0,0000;0,0000;0,0000;0,0000;0;0;0;0
20260614_0639;Adaptação_25;classification;LeveragingBagging;Default_FullFeatures;classifier;classifier;classifier;N/A;N/A;N/A;2000;100;18;3700;0,0000;0,0000;0,0000;0,0000;0,0000;0,0000;0;0;0;0
20260614_0639;Adaptação_25;classification;LeveragingBagging;Default_FullFeatures;classifier;classifier;classifier;N/A;N/A;N/A;2000;100;19;3800;90,3382;1,1833;100,0000;0,0000;82,4000;1,9596;0;0;5;1
20260614_0639;Adaptação_25;classification;LeveragingBagging;Default_FullFeatures;classifier;classifier;classifier;N/A;N/A;N/A;2000;100;20;3900;0,0000;0,0000;0,0000;0,0000;0,0000;0,0000;2;1;0;0
20260614_0639;Adaptação_25;classification;LeveragingBagging;Default_FullFeatures;classifier;classifier;classifier;N/A;N/A;N/A;2000;100;21;4000;0,0000;0,0000;0,0000;0,0000;0,0000;0,0000;1;0;0;0
20260614_0639;Adaptação_25;classification;LeveragingBagging;Default_FullFeatures;classifier;classifier;classifier;N/A;N/A;N/A;2000;100;22;4100;0,0000;0,0000;0,0000;0,0000;0,0000;0,0000;0;0;0;0
20260614_0639;Adaptação_25;classification;LeveragingBagging;Default_FullFeatures;classifier;classifier;classifier;N/A;N/A;N/A;2000;100;23;4200;0,0000;0,0000;0,0000;0,0000;0,0000;0,0000;0;0;0;0
20260614_0639;Adaptação_25;classification;LeveragingBagging;Default_FullFeatures;classifier;classifier;classifier;N/A;N/A;N/A;2000;100;24;4300;0,0000;0,0000;0,0000;0,0000;0,0000;0,0000;0;0;0;0
20260614_0639;Adaptação_25;classification;LeveragingBagging;Default_FullFeatures;classifier;classifier;classifier;N/A;N/A;N/A;2000;100;25;4400;0,0000;0,0000;0,0000;0,0000;0,0000;0,0000;0;0;0;0
20260614_0639;Adaptação_25;classification;LeveragingBagging;Default_FullFeatures;classifier;classifier;classifier;N/A;N/A;N/A;2000;100;26;4500;0,0000;0,0000;0,0000;0,0000;0,0000;0,0000;0;0;0;0
20260614_0639;Adaptação_25;classification;LeveragingBagging;Default_FullFeatures;classifier;classifier;classifier;N/A;N/A;N/A;2000;100;27;4600;0,0000;0,0000;0,0000;0,0000;0,0000;0,0000;0;0;0;0
20260614_0639;Adaptação_25;classification;LeveragingBagging;Default_FullFeatures;classifier;classifier;classifier;N/A;N/A;N/A;2000;100;28;4700;0,0000;0,0000;0,0000;0,0000;0,0000;0,0000;0;0;0;0
20260614_0639;Adaptação_25;classification;LeveragingBagging;Default_FullFeatures;classifier;classifier;classifier;N/A;N/A;N/A;2000;100;29;4800;0,0000;0,0000;0,0000;0,0000;0,0000;0,0000;0;0;0;0
20260614_0639;Adaptação_25;classification;LeveragingBagging;Default_FullFeatures;classifier;classifier;classifier;N/A;N/A;N/A;2000;100;30;4900;0,0000;0,0000;0,0000;0,0000;0,0000;0,0000;0;0;0;0
20260614_0639;Adaptação_25;classification;LeveragingBagging;Default_FullFeatures;classifier;classifier;classifier;N/A;N/A;N/A;2000;100;31;5000;0,0000;0,0000;0,0000;0,0000;0,0000;0,0000;0;0;0;0
20260614_0639;Adaptação_25;classification;LeveragingBagging;Default_FullFeatures;classifier;classifier;classifier;N/A;N/A;N/A;2000;100;32;5100;0,0000;0,0000;0,0000;0,0000;0,0000;0,0000;0;0;0;0
20260614_0639;Adaptação_25;classification;LeveragingBagging;Default_FullFeatures;classifier;classifier;classifier;N/A;N/A;N/A;2000;100;33;5200;0,0000;0,0000;0,0000;0,0000;0,0000;0,0000;0;0;0;0
20260614_0639;Adaptação_25;classification;LeveragingBagging;Default_FullFeatures;classifier;classifier;classifier;N/A;N/A;N/A;2000;100;34;5300;0,0000;0,0000;0,0000;0,0000;0,0000;0,0000;0;0;0;0
20260614_0639;Adaptação_25;classification;LeveragingBagging;Default_FullFeatures;classifier;classifier;classifier;N/A;N/A;N/A;2000;100;35;5400;0,0000;0,0000;0,0000;0,0000;0,0000;0,0000;0;0;0;0
20260614_0639;Adaptação_25;classification;LeveragingBagging;Default_FullFeatures;classifier;classifier;classifier;N/A;N/A;N/A;2000;100;36;5500;0,0000;0,0000;0,0000;0,0000;0,0000;0,0000;0;0;0;0
20260614_0639;Adaptação_25;classification;LeveragingBagging;Default_FullFeatures;classifier;classifier;classifier;N/A;N/A;N/A;2000;100;37;5600;0,0000;0,0000;0,0000;0,0000;0,0000;0,0000;0;0;0;0
20260614_0639;Adaptação_25;classification;LeveragingBagging;Default_FullFeatures;classifier;classifier;classifier;N/A;N/A;N/A;2000;100;38;5700;0,0000;0,0000;0,0000;0,0000;0,0000;0,0000;0;0;0;0
20260614_0639;Adaptação_25;classification;LeveragingBagging;Default_FullFeatures;classifier;classifier;classifier;N/A;N/A;N/A;2000;100;39;5800;0,0000;0,0000;0,0000;0,0000;0,0000;0,0000;0;0;0;0
20260614_0639;Adaptação_25;classification;LeveragingBagging;Default_FullFeatures;classifier;classifier;classifier;N/A;N/A;N/A;2000;100;40;5900;0,0000;0,0000;0,0000;0,0000;0,0000;0,0000;0;0;0;0
20260614_0639;Adaptação_25;classification;LeveragingBagging;Default_FullFeatures;classifier;classifier;classifier;N/A;N/A;N/A;2000;100;41;6000;0,0000;0,0000;0,0000;0,0000;0,0000;0,0000;0;0;0;0
20260614_0639;Adaptação_25;classification;LeveragingBagging;Default_FullFeatures;classifier;classifier;classifier;N/A;N/A;N/A;2000;100;42;6100;0,0000;0,0000;0,0000;0,0000;0,0000;0,0000;0;0;0;0
20260614_0639;Adaptação_25;classification;LeveragingBagging;Default_FullFeatures;classifier;classifier;classifier;N/A;N/A;N/A;2000;100;43;6200;0,0000;0,0000;0,0000;0,0000;0,0000;0,0000;0;0;0;0
20260614_0639;Adaptação_25;classification;LeveragingBagging;Default_FullFeatures;classifier;classifier;classifier;N/A;N/A;N/A;2000;100;44;6300;0,0000;0,0000;0,0000;0,0000;0,0000;0,0000;0;0;0;0
20260614_0639;Adaptação_25;classification;LeveragingBagging;Default_FullFeatures;classifier;classifier;classifier;N/A;N/A;N/A;2000;100;45;6400;0,0000;0,0000;0,0000;0,0000;0,0000;0,0000;0;0;0;0
20260614_0639;Adaptação_25;classification;LeveragingBagging;Default_FullFeatures;classifier;classifier;classifier;N/A;N/A;N/A;2000;100;46;6500;0,0000;0,0000;0,0000;0,0000;0,0000;0,0000;0;0;0;0
20260614_0639;Adaptação_25;classification;LeveragingBagging;Default_FullFeatures;classifier;classifier;classifier;N/A;N/A;N/A;2000;100;47;6600;0,0000;0,0000;0,0000;0,0000;0,0000;0,0000;0;0;0;0
20260614_0639;Adaptação_25;classification;LeveragingBagging;Default_FullFeatures;classifier;classifier;classifier;N/A;N/A;N/A;2000;100;48;6700;0,0000;0,0000;0,0000;0,0000;0,0000;0,0000;0;0;0;0
20260614_0639;Adaptação_25;classification;LeveragingBagging;Default_FullFeatures;classifier;classifier;classifier;N/A;N/A;N/A;2000;100;49;6800;0,0000;0,0000;0,0000;0,0000;0,0000;0,0000;0;0;0;0
20260614_0639;Adaptação_25;classification;LeveragingBagging;Default_FullFeatures;classifier;classifier;classifier;N/A;N/A;N/A;2000;100;50;6900;0,0000;0,0000;0,0000;0,0000;0,0000;0,0000;0;0;0;0
20260614_0639;Adaptação_25;classification;LeveragingBagging;Default_FullFeatures;classifier;classifier;classifier;N/A;N/A;N/A;2000;100;51;7000;0,0000;0,0000;0,0000;0,0000;0,0000;0,0000;0;0;0;0
20260614_0639;Adaptação_25;classification;LeveragingBagging;Default_FullFeatures;classifier;classifier;classifier;N/A;N/A;N/A;2000;100;52;7100;0,0000;0,0000;0,0000;0,0000;0,0000;0,0000;0;0;0;0
20260614_0639;Adaptação_25;classification;LeveragingBagging;Default_FullFeatures;classifier;classifier;classifier;N/A;N/A;N/A;2000;100;53;7200;0,0000;0,0000;0,0000;0,0000;0,0000;0,0000;0;0;0;0
20260614_0639;Adaptação_25;classification;LeveragingBagging;Default_FullFeatures;classifier;classifier;classifier;N/A;N/A;N/A;2000;100;54;7300;0,0000;0,0000;0,0000;0,0000;0,0000;0,0000;0;0;0;0
20260614_0639;Adaptação_25;classification;LeveragingBagging;Default_FullFeatures;classifier;classifier;classifier;N/A;N/A;N/A;2000;100;55;7400;0,0000;0,0000;0,0000;0,0000;0,0000;0,0000;0;0;0;0
20260614_0639;Adaptação_25;classification;LeveragingBagging;Default_FullFeatures;classifier;classifier;classifier;N/A;N/A;N/A;2000;100;56;7500;0,0000;0,0000;0,0000;0,0000;0,0000;0,0000;0;0;0;0
20260614_0639;Adaptação_25;classification;LeveragingBagging;Default_FullFeatures;classifier;classifier;classifier;N/A;N/A;N/A;2000;100;57;7600;76,8051;5,0078;100,0000;0,0000;62,6087;6,5072;0;0;9;2
20260614_0639;Adaptação_25;classification;LeveragingBagging;Default_FullFeatures;classifier;classifier;classifier;N/A;N/A;N/A;2000;100;58;7700;0,0000;0,0000;0,0000;0,0000;0,0000;0,0000;0;0;0;0
20260614_0639;Adaptação_25;classification;LeveragingBagging;Default_FullFeatures;classifier;classifier;classifier;N/A;N/A;N/A;2000;100;59;7800;0,0000;0,0000;0,0000;0,0000;0,0000;0,0000;0;0;0;0
20260614_0639;Adaptação_25;classification;LeveragingBagging;Default_FullFeatures;classifier;classifier;classifier;N/A;N/A;N/A;2000;100;60;7900;0,0000;0,0000;0,0000;0,0000;0,0000;0,0000;0;0;0;0
20260614_0639;Adaptação_25;classification;LeveragingBagging;Default_FullFeatures;classifier;classifier;classifier;N/A;N/A;N/A;2000;100;61;8000;0,0000;0,0000;0,0000;0,0000;0,0000;0,0000;0;0;0;0
20260614_0639;Adaptação_25;classification;LeveragingBagging;Default_FullFeatures;classifier;classifier;classifier;N/A;N/A;N/A;2000;100;62;8100;0,0000;0,0000;0,0000;0,0000;0,0000;0,0000;0;0;0;0
20260614_0639;Adaptação_25;classification;LeveragingBagging;Default_FullFeatures;classifier;classifier;classifier;N/A;N/A;N/A;2000;100;63;8200;0,0000;0,0000;0,0000;0,0000;0,0000;0,0000;0;0;0;0
20260614_0639;Adaptação_25;classification;LeveragingBagging;Default_FullFeatures;classifier;classifier;classifier;N/A;N/A;N/A;2000;100;64;8300;0,0000;0,0000;0,0000;0,0000;0,0000;0,0000;0;0;0;0
20260614_0639;Adaptação_25;classification;LeveragingBagging;Default_FullFeatures;classifier;classifier;classifier;N/A;N/A;N/A;2000;100;65;8400;0,0000;0,0000;0,0000;0,0000;0,0000;0,0000;0;0;0;0
20260614_0639;Adaptação_25;classification;LeveragingBagging;Default_FullFeatures;classifier;classifier;classifier;N/A;N/A;N/A;2000;100;66;8500;0,0000;0,0000;0,0000;0,0000;0,0000;0,0000;0;0;0;0
20260614_0639;Adaptação_25;classification;LeveragingBagging;Default_FullFeatures;classifier;classifier;classifier;N/A;N/A;N/A;2000;100;67;8600;0,0000;0,0000;0,0000;0,0000;0,0000;0,0000;0;0;0;0
20260614_0639;Adaptação_25;classification;LeveragingBagging;Default_FullFeatures;classifier;classifier;classifier;N/A;N/A;N/A;2000;100;68;8700;0,0000;0,0000;0,0000;0,0000;0,0000;0,0000;0;0;0;0
20260614_0639;Adaptação_25;classification;LeveragingBagging;Default_FullFeatures;classifier;classifier;classifier;N/A;N/A;N/A;2000;100;69;8800;0,0000;0,0000;0,0000;0,0000;0,0000;0,0000;0;0;0;0
20260614_0639;Adaptação_25;classification;LeveragingBagging;Default_FullFeatures;classifier;classifier;classifier;N/A;N/A;N/A;2000;100;70;8900;0,0000;0,0000;0,0000;0,0000;0,0000;0,0000;0;0;0;0
20260614_0639;Adaptação_25;classification;LeveragingBagging;Default_FullFeatures;classifier;classifier;classifier;N/A;N/A;N/A;2000;100;71;9000;0,0000;0,0000;0,0000;0,0000;0,0000;0,0000;0;0;0;0
20260614_0639;Adaptação_25;classification;LeveragingBagging;Default_FullFeatures;classifier;classifier;classifier;N/A;N/A;N/A;2000;100;72;9100;0,0000;0,0000;0,0000;0,0000;0,0000;0,0000;0;0;0;0
20260614_0639;Adaptação_25;classification;LeveragingBagging;Default_FullFeatures;classifier;classifier;classifier;N/A;N/A;N/A;2000;100;73;9200;0,0000;0,0000;0,0000;0,0000;0,0000;0,0000;0;0;0;0
20260614_0639;Adaptação_25;classification;LeveragingBagging;Default_FullFeatures;classifier;classifier;classifier;N/A;N/A;N/A;2000;100;74;9300;0,0000;0,0000;0,0000;0,0000;0,0000;0,0000;0;0;0;0
20260614_0639;Adaptação_25;classification;LeveragingBagging;Default_FullFeatures;classifier;classifier;classifier;N/A;N/A;N/A;2000;100;75;9400;0,0000;0,0000;0,0000;0,0000;0,0000;0,0000;0;0;0;0
20260614_0639;Adaptação_25;classification;LeveragingBagging;Default_FullFeatures;classifier;classifier;classifier;N/A;N/A;N/A;2000;100;76;9500;0,0000;0,0000;0,0000;0,0000;0,0000;0,0000;0;0;0;0
20260614_0639;Adaptação_25;classification;LeveragingBagging;Default_FullFeatures;classifier;classifier;classifier;N/A;N/A;N/A;2000;100;77;9600;0,0000;0,0000;0,0000;0,0000;0,0000;0,0000;0;0;0;0
20260614_0639;Adaptação_25;classification;LeveragingBagging;Default_FullFeatures;classifier;classifier;classifier;N/A;N/A;N/A;2000;100;78;9700;0,0000;0,0000;0,0000;0,0000;0,0000;0,0000;0;0;0;0
20260614_0639;Adaptação_25;classification;LeveragingBagging;Default_FullFeatures;classifier;classifier;classifier;N/A;N/A;N/A;2000;100;79;9800;0,0000;0,0000;0,0000;0,0000;0,0000;0,0000;0;0;0;0
20260614_0639;Adaptação_25;classification;LeveragingBagging;Default_FullFeatures;classifier;classifier;classifier;N/A;N/A;N/A;2000;100;80;9900;0,0000;0,0000;0,0000;0,0000;0,0000;0,0000;0;0;0;0
20260614_0639;Adaptação_25;classification;LeveragingBagging;Default_FullFeatures;classifier;classifier;classifier;N/A;N/A;N/A;2000;100;81;10000;0,0000;0,0000;0,0000;0,0000;0,0000;0,0000;0;0;0;0
20260614_0639;Adaptação_25;classification;LeveragingBagging;Default_FullFeatures;classifier;classifier;classifier;N/A;N/A;N/A;2000;100;82;10100;0,0000;0,0000;0,0000;0,0000;0,0000;0,0000;0;0;0;0
20260614_0639;Adaptação_25;classification;LeveragingBagging;Default_FullFeatures;classifier;classifier;classifier;N/A;N/A;N/A;2000;100;83;10200;0,0000;0,0000;0,0000;0,0000;0,0000;0,0000;0;0;0;0
20260614_0639;Adaptação_25;classification;LeveragingBagging;Default_FullFeatures;classifier;classifier;classifier;N/A;N/A;N/A;2000;100;84;10300;0,0000;0,0000;0,0000;0,0000;0,0000;0,0000;0;0;0;0
20260614_0639;Adaptação_25;classification;LeveragingBagging;Default_FullFeatures;classifier;classifier;classifier;N/A;N/A;N/A;2000;100;85;10400;0,0000;0,0000;0,0000;0,0000;0,0000;0,0000;0;0;0;0
20260614_0639;Adaptação_25;classification;LeveragingBagging;Default_FullFeatures;classifier;classifier;classifier;N/A;N/A;N/A;2000;100;86;10500;0,0000;0,0000;0,0000;0,0000;0,0000;0,0000;0;0;0;0
20260614_0639;Adaptação_25;classification;LeveragingBagging;Default_FullFeatures;classifier;classifier;classifier;N/A;N/A;N/A;2000;100;87;10600;0,0000;0,0000;0,0000;0,0000;0,0000;0,0000;0;0;0;0
20260614_0639;Adaptação_25;classification;LeveragingBagging;Default_FullFeatures;classifier;classifier;classifier;N/A;N/A;N/A;2000;100;88;10700;0,0000;0,0000;0,0000;0,0000;0,0000;0,0000;0;0;0;0
20260614_0639;Adaptação_25;classification;LeveragingBagging;Default_FullFeatures;classifier;classifier;classifier;N/A;N/A;N/A;2000;100;89;10800;0,0000;0,0000;0,0000;0,0000;0,0000;0,0000;0;0;0;0
20260614_0639;Adaptação_25;classification;LeveragingBagging;Default_FullFeatures;classifier;classifier;classifier;N/A;N/A;N/A;2000;100;90;10900;0,0000;0,0000;0,0000;0,0000;0,0000;0,0000;0;0;0;0
20260614_0639;Adaptação_25;classification;LeveragingBagging;Default_FullFeatures;classifier;classifier;classifier;N/A;N/A;N/A;2000;100;91;11000;0,0000;0,0000;0,0000;0,0000;0,0000;0,0000;0;0;0;0
20260614_0639;Adaptação_25;classification;LeveragingBagging;Default_FullFeatures;classifier;classifier;classifier;N/A;N/A;N/A;2000;100;92;11100;0,0000;0,0000;0,0000;0,0000;0,0000;0,0000;0;0;0;0
20260614_0639;Adaptação_25;classification;LeveragingBagging;Default_FullFeatures;classifier;classifier;classifier;N/A;N/A;N/A;2000;100;93;11200;0,0000;0,0000;0,0000;0,0000;0,0000;0,0000;0;0;0;0
20260614_0639;Adaptação_25;classification;LeveragingBagging;Default_FullFeatures;classifier;classifier;classifier;N/A;N/A;N/A;2000;100;94;11300;100,0000;0,0000;100,0000;0,0000;100,0000;0,0000;0;0;0;0
20260614_0639;Adaptação_25;classification;LeveragingBagging;Default_FullFeatures;classifier;classifier;classifier;N/A;N/A;N/A;2000;100;95;11400;97,6744;0,0000;100,0000;0,0000;95,4545;0,0000;0;0;1;0
20260614_0639;Adaptação_25;classification;LeveragingBagging;Default_FullFeatures;classifier;classifier;classifier;N/A;N/A;N/A;2000;100;96;11500;0,0000;0,0000;0,0000;0,0000;0,0000;0,0000;0;0;0;0
20260614_0639;Adaptação_25;classification;LeveragingBagging;Default_FullFeatures;classifier;classifier;classifier;N/A;N/A;N/A;2000;100;97;11600;0,0000;0,0000;0,0000;0,0000;0,0000;0,0000;0;0;0;0
20260614_0639;Adaptação_25;classification;LeveragingBagging;Default_FullFeatures;classifier;classifier;classifier;N/A;N/A;N/A;2000;100;98;11700;0,0000;0,0000;0,0000;0,0000;0,0000;0,0000;0;0;0;0
20260614_0639;Adaptação_25;classification;LeveragingBagging;Default_FullFeatures;classifier;classifier;classifier;N/A;N/A;N/A;2000;100;99;11800;0,0000;0,0000;0,0000;0,0000;0,0000;0,0000;0;0;0;0
20260614_0639;Adaptação_25;classification;LeveragingBagging;Default_FullFeatures;classifier;classifier;classifier;N/A;N/A;N/A;2000;100;100;11900;0,0000;0,0000;0,0000;0,0000;0,0000;0,0000;0;0;0;0
20260614_0639;Adaptação_25;classification;LeveragingBagging;Default_FullFeatures;classifier;classifier;classifier;N/A;N/A;N/A;2000;100;101;12000;0,0000;0,0000;0,0000;0,0000;0,0000;0,0000;0;0;0;0
20260614_0639;Adaptação_25;classification;LeveragingBagging;Default_FullFeatures;classifier;classifier;classifier;N/A;N/A;N/A;2000;100;102;12100;0,0000;0,0000;0,0000;0,0000;0,0000;0,0000;0;0;0;0
20260614_0639;Adaptação_25;classification;LeveragingBagging;Default_FullFeatures;classifier;classifier;classifier;N/A;N/A;N/A;2000;100;103;12200;0,0000;0,0000;0,0000;0,0000;0,0000;0,0000;0;0;0;0
20260614_0639;Adaptação_25;classification;LeveragingBagging;Default_FullFeatures;classifier;classifier;classifier;N/A;N/A;N/A;2000;100;104;12300;0,0000;0,0000;0,0000;0,0000;0,0000;0,0000;0;0;0;0
20260614_0639;Adaptação_25;classification;LeveragingBagging;Default_FullFeatures;classifier;classifier;classifier;N/A;N/A;N/A;2000;100;105;12400;0,0000;0,0000;0,0000;0,0000;0,0000;0,0000;0;0;0;0
20260614_0639;Adaptação_25;classification;LeveragingBagging;Default_FullFeatures;classifier;classifier;classifier;N/A;N/A;N/A;2000;100;106;12500;0,0000;0,0000;0,0000;0,0000;0,0000;0,0000;0;0;0;0
20260614_0639;Adaptação_25;classification;LeveragingBagging;Default_FullFeatures;classifier;classifier;classifier;N/A;N/A;N/A;2000;100;107;12600;0,0000;0,0000;0,0000;0,0000;0,0000;0,0000;0;0;0;0
20260614_0639;Adaptação_25;classification;LeveragingBagging;Default_FullFeatures;classifier;classifier;classifier;N/A;N/A;N/A;2000;100;108;12700;0,0000;0,0000;0,0000;0,0000;0,0000;0,0000;0;0;0;0
20260614_0639;Adaptação_25;classification;LeveragingBagging;Default_FullFeatures;classifier;classifier;classifier;N/A;N/A;N/A;2000;100;109;12800;0,0000;0,0000;0,0000;0,0000;0,0000;0,0000;0;0;0;0
20260614_0639;Adaptação_25;classification;LeveragingBagging;Default_FullFeatures;classifier;classifier;classifier;N/A;N/A;N/A;2000;100;110;12900;0,0000;0,0000;0,0000;0,0000;0,0000;0,0000;0;0;0;0
20260614_0639;Adaptação_25;classification;LeveragingBagging;Default_FullFeatures;classifier;classifier;classifier;N/A;N/A;N/A;2000;100;111;13000;0,0000;0,0000;0,0000;0,0000;0,0000;0,0000;0;0;0;0
20260614_0639;Adaptação_25;classification;LeveragingBagging;Default_FullFeatures;classifier;classifier;classifier;N/A;N/A;N/A;2000;100;112;13100;0,0000;0,0000;0,0000;0,0000;0,0000;0,0000;0;0;0;0
20260614_0639;Adaptação_25;classification;LeveragingBagging;Default_FullFeatures;classifier;classifier;classifier;N/A;N/A;N/A;2000;100;113;13200;0,0000;0,0000;0,0000;0,0000;0,0000;0,0000;0;0;0;0
20260614_0639;Adaptação_25;classification;LeveragingBagging;Default_FullFeatures;classifier;classifier;classifier;N/A;N/A;N/A;2000;100;114;13300;0,0000;0,0000;0,0000;0,0000;0,0000;0,0000;0;0;0;0
20260614_0639;Adaptação_25;classification;LeveragingBagging;Default_FullFeatures;classifier;classifier;classifier;N/A;N/A;N/A;2000;100;115;13400;0,0000;0,0000;0,0000;0,0000;0,0000;0,0000;0;0;0;0
20260614_0639;Adaptação_25;classification;LeveragingBagging;Default_FullFeatures;classifier;classifier;classifier;N/A;N/A;N/A;2000;100;116;13500;0,0000;0,0000;0,0000;0,0000;0,0000;0,0000;0;0;0;0
20260614_0639;Adaptação_25;classification;LeveragingBagging;Default_FullFeatures;classifier;classifier;classifier;N/A;N/A;N/A;2000;100;117;13600;0,0000;0,0000;0,0000;0,0000;0,0000;0,0000;0;0;0;0
20260614_0639;Adaptação_25;classification;LeveragingBagging;Default_FullFeatures;classifier;classifier;classifier;N/A;N/A;N/A;2000;100;118;13700;0,0000;0,0000;0,0000;0,0000;0,0000;0,0000;0;0;0;0
20260614_0639;Adaptação_25;classification;LeveragingBagging;Default_FullFeatures;classifier;classifier;classifier;N/A;N/A;N/A;2000;100;119;13800;0,0000;0,0000;0,0000;0,0000;0,0000;0,0000;0;0;0;0
20260614_0639;Adaptação_25;classification;LeveragingBagging;Default_FullFeatures;classifier;classifier;classifier;N/A;N/A;N/A;2000;100;120;13900;0,0000;0,0000;0,0000;0,0000;0,0000;0,0000;0;0;0;0
20260614_0639;Adaptação_25;classification;LeveragingBagging;Default_FullFeatures;classifier;classifier;classifier;N/A;N/A;N/A;2000;100;121;14000;0,0000;0,0000;0,0000;0,0000;0,0000;0,0000;0;0;0;0
20260614_0639;Adaptação_25;classification;LeveragingBagging;Default_FullFeatures;classifier;classifier;classifier;N/A;N/A;N/A;2000;100;122;14100;0,0000;0,0000;0,0000;0,0000;0,0000;0,0000;0;0;0;0
20260614_0639;Adaptação_25;classification;LeveragingBagging;Default_FullFeatures;classifier;classifier;classifier;N/A;N/A;N/A;2000;100;123;14200;0,0000;0,0000;0,0000;0,0000;0,0000;0,0000;0;0;0;0
20260614_0639;Adaptação_25;classification;LeveragingBagging;Default_FullFeatures;classifier;classifier;classifier;N/A;N/A;N/A;2000;100;124;14300;0,0000;0,0000;0,0000;0,0000;0,0000;0,0000;0;0;0;0
20260614_0639;Adaptação_25;classification;LeveragingBagging;Default_FullFeatures;classifier;classifier;classifier;N/A;N/A;N/A;2000;100;125;14400;0,0000;0,0000;0,0000;0,0000;0,0000;0,0000;0;0;0;0
20260614_0639;Adaptação_25;classification;LeveragingBagging;Default_FullFeatures;classifier;classifier;classifier;N/A;N/A;N/A;2000;100;126;14500;0,0000;0,0000;0,0000;0,0000;0,0000;0,0000;0;0;0;0
20260614_0639;Adaptação_25;classification;LeveragingBagging;Default_FullFeatures;classifier;classifier;classifier;N/A;N/A;N/A;2000;100;127;14600;0,0000;0,0000;0,0000;0,0000;0,0000;0,0000;0;0;0;0
20260614_0639;Adaptação_25;classification;LeveragingBagging;Default_FullFeatures;classifier;classifier;classifier;N/A;N/A;N/A;2000;100;128;14700;0,0000;0,0000;0,0000;0,0000;0,0000;0,0000;0;0;0;0
20260614_0639;Adaptação_25;classification;LeveragingBagging;Default_FullFeatures;classifier;classifier;classifier;N/A;N/A;N/A;2000;100;129;14800;0,0000;0,0000;0,0000;0,0000;0,0000;0,0000;0;0;0;0
20260614_0639;Adaptação_25;classification;LeveragingBagging;Default_FullFeatures;classifier;classifier;classifier;N/A;N/A;N/A;2000;100;130;14900;0,0000;0,0000;0,0000;0,0000;0,0000;0,0000;0;0;0;0
20260614_0639;Adaptação_25;classification;LeveragingBagging;Default_FullFeatures;classifier;classifier;classifier;N/A;N/A;N/A;2000;100;131;15000;0,0000;0,0000;0,0000;0,0000;0,0000;0,0000;0;0;0;0
20260614_0639;Adaptação_200;classification;LeveragingBagging;Default_FullFeatures;classifier;classifier;classifier;N/A;N/A;N/A;2000;100;1;2000;0,0000;0,0000;0,0000;0,0000;0,0000;0,0000;0;0;0;0
20260614_0639;Adaptação_200;classification;LeveragingBagging;Default_FullFeatures;classifier;classifier;classifier;N/A;N/A;N/A;2000;100;2;2100;0,0000;0,0000;0,0000;0,0000;0,0000;0,0000;0;0;0;0
20260614_0639;Adaptação_200;classification;LeveragingBagging;Default_FullFeatures;classifier;classifier;classifier;N/A;N/A;N/A;2000;100;3;2200;0,0000;0,0000;0,0000;0,0000;0,0000;0,0000;0;0;0;0
20260614_0639;Adaptação_200;classification;LeveragingBagging;Default_FullFeatures;classifier;classifier;classifier;N/A;N/A;N/A;2000;100;4;2300;0,0000;0,0000;0,0000;0,0000;0,0000;0,0000;0;0;0;0
20260614_0639;Adaptação_200;classification;LeveragingBagging;Default_FullFeatures;classifier;classifier;classifier;N/A;N/A;N/A;2000;100;5;2400;0,0000;0,0000;0,0000;0,0000;0,0000;0,0000;0;0;0;0
20260614_0639;Adaptação_200;classification;LeveragingBagging;Default_FullFeatures;classifier;classifier;classifier;N/A;N/A;N/A;2000;100;6;2500;0,0000;0,0000;0,0000;0,0000;0,0000;0,0000;0;0;0;0
20260614_0639;Adaptação_200;classification;LeveragingBagging;Default_FullFeatures;classifier;classifier;classifier;N/A;N/A;N/A;2000;100;7;2600;0,0000;0,0000;0,0000;0,0000;0,0000;0,0000;0;0;0;0
20260614_0639;Adaptação_200;classification;LeveragingBagging;Default_FullFeatures;classifier;classifier;classifier;N/A;N/A;N/A;2000;100;8;2700;0,0000;0,0000;0,0000;0,0000;0,0000;0,0000;0;0;0;0
20260614_0639;Adaptação_200;classification;LeveragingBagging;Default_FullFeatures;classifier;classifier;classifier;N/A;N/A;N/A;2000;100;9;2800;0,0000;0,0000;0,0000;0,0000;0,0000;0,0000;0;0;0;0
20260614_0639;Adaptação_200;classification;LeveragingBagging;Default_FullFeatures;classifier;classifier;classifier;N/A;N/A;N/A;2000;100;10;2900;0,0000;0,0000;0,0000;0,0000;0,0000;0,0000;0;0;0;0
20260614_0639;Adaptação_200;classification;LeveragingBagging;Default_FullFeatures;classifier;classifier;classifier;N/A;N/A;N/A;2000;100;11;3000;0,0000;0,0000;0,0000;0,0000;0,0000;0,0000;0;0;0;0
20260614_0639;Adaptação_200;classification;LeveragingBagging;Default_FullFeatures;classifier;classifier;classifier;N/A;N/A;N/A;2000;100;12;3100;0,0000;0,0000;0,0000;0,0000;0,0000;0,0000;0;0;0;0
20260614_0639;Adaptação_200;classification;LeveragingBagging;Default_FullFeatures;classifier;classifier;classifier;N/A;N/A;N/A;2000;100;13;3200;0,0000;0,0000;0,0000;0,0000;0,0000;0,0000;0;0;0;0
20260614_0639;Adaptação_200;classification;LeveragingBagging;Default_FullFeatures;classifier;classifier;classifier;N/A;N/A;N/A;2000;100;14;3300;0,0000;0,0000;0,0000;0,0000;0,0000;0,0000;0;0;0;0
20260614_0639;Adaptação_200;classification;LeveragingBagging;Default_FullFeatures;classifier;classifier;classifier;N/A;N/A;N/A;2000;100;15;3400;0,0000;0,0000;0,0000;0,0000;0,0000;0,0000;0;0;0;0
20260614_0639;Adaptação_200;classification;LeveragingBagging;Default_FullFeatures;classifier;classifier;classifier;N/A;N/A;N/A;2000;100;16;3500;0,0000;0,0000;0,0000;0,0000;0,0000;0,0000;0;0;0;0
20260614_0639;Adaptação_200;classification;LeveragingBagging;Default_FullFeatures;classifier;classifier;classifier;N/A;N/A;N/A;2000;100;17;3600;0,0000;0,0000;0,0000;0,0000;0,0000;0,0000;0;0;0;0
20260614_0639;Adaptação_200;classification;LeveragingBagging;Default_FullFeatures;classifier;classifier;classifier;N/A;N/A;N/A;2000;100;18;3700;0,0000;0,0000;0,0000;0,0000;0,0000;0,0000;0;0;0;0
20260614_0639;Adaptação_200;classification;LeveragingBagging;Default_FullFeatures;classifier;classifier;classifier;N/A;N/A;N/A;2000;100;19;3800;95,0672;0,9054;100,0000;0,0000;90,6122;1,6327;0;0;5;1
20260614_0639;Adaptação_200;classification;LeveragingBagging;Default_FullFeatures;classifier;classifier;classifier;N/A;N/A;N/A;2000;100;20;3900;98,1366;0,0000;97,5309;0,0000;98,7500;0,0000;2;0;1;0
20260614_0639;Adaptação_200;classification;LeveragingBagging;Default_FullFeatures;classifier;classifier;classifier;N/A;N/A;N/A;2000;100;21;4000;95,3736;0,7935;92,2314;1,1451;98,7500;1,0206;4;1;1;1
20260614_0639;Adaptação_200;classification;LeveragingBagging;Default_FullFeatures;classifier;classifier;classifier;N/A;N/A;N/A;2000;100;22;4100;0,0000;0,0000;0,0000;0,0000;0,0000;0,0000;0;0;0;0
20260614_0639;Adaptação_200;classification;LeveragingBagging;Default_FullFeatures;classifier;classifier;classifier;N/A;N/A;N/A;2000;100;23;4200;0,0000;0,0000;0,0000;0,0000;0,0000;0,0000;1;0;0;0
20260614_0639;Adaptação_200;classification;LeveragingBagging;Default_FullFeatures;classifier;classifier;classifier;N/A;N/A;N/A;2000;100;24;4300;0,0000;0,0000;0,0000;0,0000;0,0000;0,0000;0;0;0;0
20260614_0639;Adaptação_200;classification;LeveragingBagging;Default_FullFeatures;classifier;classifier;classifier;N/A;N/A;N/A;2000;100;25;4400;0,0000;0,0000;0,0000;0,0000;0,0000;0,0000;0;0;0;0
20260614_0639;Adaptação_200;classification;LeveragingBagging;Default_FullFeatures;classifier;classifier;classifier;N/A;N/A;N/A;2000;100;26;4500;0,0000;0,0000;0,0000;0,0000;0,0000;0,0000;0;0;0;0
20260614_0639;Adaptação_200;classification;LeveragingBagging;Default_FullFeatures;classifier;classifier;classifier;N/A;N/A;N/A;2000;100;27;4600;0,0000;0,0000;0,0000;0,0000;0,0000;0,0000;0;0;0;0
20260614_0639;Adaptação_200;classification;LeveragingBagging;Default_FullFeatures;classifier;classifier;classifier;N/A;N/A;N/A;2000;100;28;4700;0,0000;0,0000;0,0000;0,0000;0,0000;0,0000;0;0;0;0
20260614_0639;Adaptação_200;classification;LeveragingBagging;Default_FullFeatures;classifier;classifier;classifier;N/A;N/A;N/A;2000;100;29;4800;0,0000;0,0000;0,0000;0,0000;0,0000;0,0000;1;1;0;0
20260614_0639;Adaptação_200;classification;LeveragingBagging;Default_FullFeatures;classifier;classifier;classifier;N/A;N/A;N/A;2000;100;30;4900;0,0000;0,0000;0,0000;0,0000;0,0000;0,0000;0;0;0;0
20260614_0639;Adaptação_200;classification;LeveragingBagging;Default_FullFeatures;classifier;classifier;classifier;N/A;N/A;N/A;2000;100;31;5000;0,0000;0,0000;0,0000;0,0000;0,0000;0,0000;0;0;0;0
20260614_0639;Adaptação_200;classification;LeveragingBagging;Default_FullFeatures;classifier;classifier;classifier;N/A;N/A;N/A;2000;100;32;5100;0,0000;0,0000;0,0000;0,0000;0,0000;0,0000;1;1;0;0
20260614_0639;Adaptação_200;classification;LeveragingBagging;Default_FullFeatures;classifier;classifier;classifier;N/A;N/A;N/A;2000;100;33;5200;0,0000;0,0000;0,0000;0,0000;0,0000;0,0000;0;0;0;0
20260614_0639;Adaptação_200;classification;LeveragingBagging;Default_FullFeatures;classifier;classifier;classifier;N/A;N/A;N/A;2000;100;34;5300;0,0000;0,0000;0,0000;0,0000;0,0000;0,0000;0;0;0;0
20260614_0639;Adaptação_200;classification;LeveragingBagging;Default_FullFeatures;classifier;classifier;classifier;N/A;N/A;N/A;2000;100;35;5400;0,0000;0,0000;0,0000;0,0000;0,0000;0,0000;0;0;0;0
20260614_0639;Adaptação_200;classification;LeveragingBagging;Default_FullFeatures;classifier;classifier;classifier;N/A;N/A;N/A;2000;100;36;5500;0,0000;0,0000;0,0000;0,0000;0,0000;0,0000;0;0;0;0
20260614_0639;Adaptação_200;classification;LeveragingBagging;Default_FullFeatures;classifier;classifier;classifier;N/A;N/A;N/A;2000;100;37;5600;0,0000;0,0000;0,0000;0,0000;0,0000;0,0000;0;0;0;0
20260614_0639;Adaptação_200;classification;LeveragingBagging;Default_FullFeatures;classifier;classifier;classifier;N/A;N/A;N/A;2000;100;38;5700;0,0000;0,0000;0,0000;0,0000;0,0000;0,0000;0;0;0;0
20260614_0639;Adaptação_200;classification;LeveragingBagging;Default_FullFeatures;classifier;classifier;classifier;N/A;N/A;N/A;2000;100;39;5800;0,0000;0,0000;0,0000;0,0000;0,0000;0,0000;0;0;0;0
20260614_0639;Adaptação_200;classification;LeveragingBagging;Default_FullFeatures;classifier;classifier;classifier;N/A;N/A;N/A;2000;100;40;5900;0,0000;0,0000;0,0000;0,0000;0,0000;0,0000;0;0;0;0
20260614_0639;Adaptação_200;classification;LeveragingBagging;Default_FullFeatures;classifier;classifier;classifier;N/A;N/A;N/A;2000;100;41;6000;0,0000;0,0000;0,0000;0,0000;0,0000;0,0000;0;0;0;0
20260614_0639;Adaptação_200;classification;LeveragingBagging;Default_FullFeatures;classifier;classifier;classifier;N/A;N/A;N/A;2000;100;42;6100;0,0000;0,0000;0,0000;0,0000;0,0000;0,0000;0;0;0;0
20260614_0639;Adaptação_200;classification;LeveragingBagging;Default_FullFeatures;classifier;classifier;classifier;N/A;N/A;N/A;2000;100;43;6200;0,0000;0,0000;0,0000;0,0000;0,0000;0,0000;0;0;0;0
20260614_0639;Adaptação_200;classification;LeveragingBagging;Default_FullFeatures;classifier;classifier;classifier;N/A;N/A;N/A;2000;100;44;6300;0,0000;0,0000;0,0000;0,0000;0,0000;0,0000;0;0;0;0
20260614_0639;Adaptação_200;classification;LeveragingBagging;Default_FullFeatures;classifier;classifier;classifier;N/A;N/A;N/A;2000;100;45;6400;0,0000;0,0000;0,0000;0,0000;0,0000;0,0000;0;0;0;0
20260614_0639;Adaptação_200;classification;LeveragingBagging;Default_FullFeatures;classifier;classifier;classifier;N/A;N/A;N/A;2000;100;46;6500;0,0000;0,0000;0,0000;0,0000;0,0000;0,0000;0;0;0;0
20260614_0639;Adaptação_200;classification;LeveragingBagging;Default_FullFeatures;classifier;classifier;classifier;N/A;N/A;N/A;2000;100;47;6600;0,0000;0,0000;0,0000;0,0000;0,0000;0,0000;0;0;0;0
20260614_0639;Adaptação_200;classification;LeveragingBagging;Default_FullFeatures;classifier;classifier;classifier;N/A;N/A;N/A;2000;100;48;6700;0,0000;0,0000;0,0000;0,0000;0,0000;0,0000;0;0;0;0
20260614_0639;Adaptação_200;classification;LeveragingBagging;Default_FullFeatures;classifier;classifier;classifier;N/A;N/A;N/A;2000;100;49;6800;0,0000;0,0000;0,0000;0,0000;0,0000;0,0000;0;0;0;0
20260614_0639;Adaptação_200;classification;LeveragingBagging;Default_FullFeatures;classifier;classifier;classifier;N/A;N/A;N/A;2000;100;50;6900;0,0000;0,0000;0,0000;0,0000;0,0000;0,0000;0;0;0;0
20260614_0639;Adaptação_200;classification;LeveragingBagging;Default_FullFeatures;classifier;classifier;classifier;N/A;N/A;N/A;2000;100;51;7000;0,0000;0,0000;0,0000;0,0000;0,0000;0,0000;0;0;0;0
20260614_0639;Adaptação_200;classification;LeveragingBagging;Default_FullFeatures;classifier;classifier;classifier;N/A;N/A;N/A;2000;100;52;7100;0,0000;0,0000;0,0000;0,0000;0,0000;0,0000;0;0;0;0
20260614_0639;Adaptação_200;classification;LeveragingBagging;Default_FullFeatures;classifier;classifier;classifier;N/A;N/A;N/A;2000;100;53;7200;0,0000;0,0000;0,0000;0,0000;0,0000;0,0000;0;0;0;0
20260614_0639;Adaptação_200;classification;LeveragingBagging;Default_FullFeatures;classifier;classifier;classifier;N/A;N/A;N/A;2000;100;54;7300;0,0000;0,0000;0,0000;0,0000;0,0000;0,0000;0;0;0;0
20260614_0639;Adaptação_200;classification;LeveragingBagging;Default_FullFeatures;classifier;classifier;classifier;N/A;N/A;N/A;2000;100;55;7400;0,0000;0,0000;0,0000;0,0000;0,0000;0,0000;0;0;0;0
20260614_0639;Adaptação_200;classification;LeveragingBagging;Default_FullFeatures;classifier;classifier;classifier;N/A;N/A;N/A;2000;100;56;7500;0,0000;0,0000;0,0000;0,0000;0,0000;0,0000;0;0;0;0
20260614_0639;Adaptação_200;classification;LeveragingBagging;Default_FullFeatures;classifier;classifier;classifier;N/A;N/A;N/A;2000;100;57;7600;0,0000;0,0000;0,0000;0,0000;0,0000;0,0000;0;0;0;0
20260614_0639;Adaptação_200;classification;LeveragingBagging;Default_FullFeatures;classifier;classifier;classifier;N/A;N/A;N/A;2000;100;58;7700;0,0000;0,0000;0,0000;0,0000;0,0000;0,0000;0;0;1;0
20260614_0639;Adaptação_200;classification;LeveragingBagging;Default_FullFeatures;classifier;classifier;classifier;N/A;N/A;N/A;2000;100;59;7800;72,7273;0,0000;100,0000;0,0000;57,1429;0,0000;0;0;42;0
20260614_0639;Adaptação_200;classification;LeveragingBagging;Default_FullFeatures;classifier;classifier;classifier;N/A;N/A;N/A;2000;100;60;7900;80,0000;0,0000;100,0000;0,0000;66,6667;0,0000;0;0;33;0
20260614_0639;Adaptação_200;classification;LeveragingBagging;Default_FullFeatures;classifier;classifier;classifier;N/A;N/A;N/A;2000;100;61;8000;0,0000;0,0000;0,0000;0,0000;0,0000;0,0000;4;2;0;0
20260614_0639;Adaptação_200;classification;LeveragingBagging;Default_FullFeatures;classifier;classifier;classifier;N/A;N/A;N/A;2000;100;62;8100;0,0000;0,0000;0,0000;0,0000;0,0000;0,0000;0;0;0;0
20260614_0639;Adaptação_200;classification;LeveragingBagging;Default_FullFeatures;classifier;classifier;classifier;N/A;N/A;N/A;2000;100;63;8200;0,0000;0,0000;0,0000;0,0000;0,0000;0,0000;0;0;0;0
20260614_0639;Adaptação_200;classification;LeveragingBagging;Default_FullFeatures;classifier;classifier;classifier;N/A;N/A;N/A;2000;100;64;8300;0,0000;0,0000;0,0000;0,0000;0,0000;0,0000;0;0;0;0
20260614_0639;Adaptação_200;classification;LeveragingBagging;Default_FullFeatures;classifier;classifier;classifier;N/A;N/A;N/A;2000;100;65;8400;0,0000;0,0000;0,0000;0,0000;0,0000;0,0000;0;0;0;0
20260614_0639;Adaptação_200;classification;LeveragingBagging;Default_FullFeatures;classifier;classifier;classifier;N/A;N/A;N/A;2000;100;66;8500;0,0000;0,0000;0,0000;0,0000;0,0000;0,0000;0;0;0;0
20260614_0639;Adaptação_200;classification;LeveragingBagging;Default_FullFeatures;classifier;classifier;classifier;N/A;N/A;N/A;2000;100;67;8600;0,0000;0,0000;0,0000;0,0000;0,0000;0,0000;0;0;0;0
20260614_0639;Adaptação_200;classification;LeveragingBagging;Default_FullFeatures;classifier;classifier;classifier;N/A;N/A;N/A;2000;100;68;8700;0,0000;0,0000;0,0000;0,0000;0,0000;0,0000;0;0;0;0
20260614_0639;Adaptação_200;classification;LeveragingBagging;Default_FullFeatures;classifier;classifier;classifier;N/A;N/A;N/A;2000;100;69;8800;0,0000;0,0000;0,0000;0,0000;0,0000;0,0000;1;0;0;0
20260614_0639;Adaptação_200;classification;LeveragingBagging;Default_FullFeatures;classifier;classifier;classifier;N/A;N/A;N/A;2000;100;70;8900;0,0000;0,0000;0,0000;0,0000;0,0000;0,0000;0;0;0;0
20260614_0639;Adaptação_200;classification;LeveragingBagging;Default_FullFeatures;classifier;classifier;classifier;N/A;N/A;N/A;2000;100;71;9000;0,0000;0,0000;0,0000;0,0000;0,0000;0,0000;0;0;0;0
20260614_0639;Adaptação_200;classification;LeveragingBagging;Default_FullFeatures;classifier;classifier;classifier;N/A;N/A;N/A;2000;100;72;9100;0,0000;0,0000;0,0000;0,0000;0,0000;0,0000;0;0;0;0
20260614_0639;Adaptação_200;classification;LeveragingBagging;Default_FullFeatures;classifier;classifier;classifier;N/A;N/A;N/A;2000;100;73;9200;0,0000;0,0000;0,0000;0,0000;0,0000;0,0000;1;0;0;0
20260614_0639;Adaptação_200;classification;LeveragingBagging;Default_FullFeatures;classifier;classifier;classifier;N/A;N/A;N/A;2000;100;74;9300;0,0000;0,0000;0,0000;0,0000;0,0000;0,0000;0;0;0;0
20260614_0639;Adaptação_200;classification;LeveragingBagging;Default_FullFeatures;classifier;classifier;classifier;N/A;N/A;N/A;2000;100;75;9400;0,0000;0,0000;0,0000;0,0000;0,0000;0,0000;0;0;0;0
20260614_0639;Adaptação_200;classification;LeveragingBagging;Default_FullFeatures;classifier;classifier;classifier;N/A;N/A;N/A;2000;100;76;9500;0,0000;0,0000;0,0000;0,0000;0,0000;0,0000;0;0;0;0
20260614_0639;Adaptação_200;classification;LeveragingBagging;Default_FullFeatures;classifier;classifier;classifier;N/A;N/A;N/A;2000;100;77;9600;0,0000;0,0000;0,0000;0,0000;0,0000;0,0000;0;0;0;0
20260614_0639;Adaptação_200;classification;LeveragingBagging;Default_FullFeatures;classifier;classifier;classifier;N/A;N/A;N/A;2000;100;78;9700;0,0000;0,0000;0,0000;0,0000;0,0000;0,0000;0;0;0;0
20260614_0639;Adaptação_200;classification;LeveragingBagging;Default_FullFeatures;classifier;classifier;classifier;N/A;N/A;N/A;2000;100;79;9800;0,0000;0,0000;0,0000;0,0000;0,0000;0,0000;0;0;0;0
20260614_0639;Adaptação_200;classification;LeveragingBagging;Default_FullFeatures;classifier;classifier;classifier;N/A;N/A;N/A;2000;100;80;9900;0,0000;0,0000;0,0000;0,0000;0,0000;0,0000;0;0;0;0
20260614_0639;Adaptação_200;classification;LeveragingBagging;Default_FullFeatures;classifier;classifier;classifier;N/A;N/A;N/A;2000;100;81;10000;0,0000;0,0000;0,0000;0,0000;0,0000;0,0000;0;0;0;0
20260614_0639;Adaptação_200;classification;LeveragingBagging;Default_FullFeatures;classifier;classifier;classifier;N/A;N/A;N/A;2000;100;82;10100;0,0000;0,0000;0,0000;0,0000;0,0000;0,0000;0;0;0;0
20260614_0639;Adaptação_200;classification;LeveragingBagging;Default_FullFeatures;classifier;classifier;classifier;N/A;N/A;N/A;2000;100;83;10200;0,0000;0,0000;0,0000;0,0000;0,0000;0,0000;0;0;0;0
20260614_0639;Adaptação_200;classification;LeveragingBagging;Default_FullFeatures;classifier;classifier;classifier;N/A;N/A;N/A;2000;100;84;10300;0,0000;0,0000;0,0000;0,0000;0,0000;0,0000;0;0;0;0
20260614_0639;Adaptação_200;classification;LeveragingBagging;Default_FullFeatures;classifier;classifier;classifier;N/A;N/A;N/A;2000;100;85;10400;0,0000;0,0000;0,0000;0,0000;0,0000;0,0000;0;0;0;0
20260614_0639;Adaptação_200;classification;LeveragingBagging;Default_FullFeatures;classifier;classifier;classifier;N/A;N/A;N/A;2000;100;86;10500;0,0000;0,0000;0,0000;0,0000;0,0000;0,0000;0;0;0;0
20260614_0639;Adaptação_200;classification;LeveragingBagging;Default_FullFeatures;classifier;classifier;classifier;N/A;N/A;N/A;2000;100;87;10600;0,0000;0,0000;0,0000;0,0000;0,0000;0,0000;0;0;0;0
20260614_0639;Adaptação_200;classification;LeveragingBagging;Default_FullFeatures;classifier;classifier;classifier;N/A;N/A;N/A;2000;100;88;10700;0,0000;0,0000;0,0000;0,0000;0,0000;0,0000;0;0;0;0
20260614_0639;Adaptação_200;classification;LeveragingBagging;Default_FullFeatures;classifier;classifier;classifier;N/A;N/A;N/A;2000;100;89;10800;0,0000;0,0000;0,0000;0,0000;0,0000;0,0000;0;0;0;0
20260614_0639;Adaptação_200;classification;LeveragingBagging;Default_FullFeatures;classifier;classifier;classifier;N/A;N/A;N/A;2000;100;90;10900;0,0000;0,0000;0,0000;0,0000;0,0000;0,0000;0;0;0;0
20260614_0639;Adaptação_200;classification;LeveragingBagging;Default_FullFeatures;classifier;classifier;classifier;N/A;N/A;N/A;2000;100;91;11000;0,0000;0,0000;0,0000;0,0000;0,0000;0,0000;0;0;0;0
20260614_0639;Adaptação_200;classification;LeveragingBagging;Default_FullFeatures;classifier;classifier;classifier;N/A;N/A;N/A;2000;100;92;11100;0,0000;0,0000;0,0000;0,0000;0,0000;0,0000;0;0;0;0
20260614_0639;Adaptação_200;classification;LeveragingBagging;Default_FullFeatures;classifier;classifier;classifier;N/A;N/A;N/A;2000;100;93;11200;0,0000;0,0000;0,0000;0,0000;0,0000;0,0000;0;0;0;0
20260614_0639;Adaptação_200;classification;LeveragingBagging;Default_FullFeatures;classifier;classifier;classifier;N/A;N/A;N/A;2000;100;94;11300;0,0000;0,0000;0,0000;0,0000;0,0000;0,0000;0;0;0;0
20260614_0639;Adaptação_200;classification;LeveragingBagging;Default_FullFeatures;classifier;classifier;classifier;N/A;N/A;N/A;2000;100;95;11400;0,0000;0,0000;0,0000;0,0000;0,0000;0,0000;0;0;0;0
20260614_0639;Adaptação_200;classification;LeveragingBagging;Default_FullFeatures;classifier;classifier;classifier;N/A;N/A;N/A;2000;100;96;11500;0,0000;0,0000;0,0000;0,0000;0,0000;0,0000;0;0;0;0
20260614_0639;Adaptação_200;classification;LeveragingBagging;Default_FullFeatures;classifier;classifier;classifier;N/A;N/A;N/A;2000;100;97;11600;0,0000;0,0000;0,0000;0,0000;0,0000;0,0000;0;0;0;0
20260614_0639;Adaptação_200;classification;LeveragingBagging;Default_FullFeatures;classifier;classifier;classifier;N/A;N/A;N/A;2000;100;98;11700;97,7488;0,4208;100,0000;0,0000;95,6000;0,8000;0;0;3;1
20260614_0639;Adaptação_200;classification;LeveragingBagging;Default_FullFeatures;classifier;classifier;classifier;N/A;N/A;N/A;2000;100;99;11800;97,4296;0,8027;100,0000;0,0000;95,0000;1,5309;0;0;5;2
20260614_0639;Adaptação_200;classification;LeveragingBagging;Default_FullFeatures;classifier;classifier;classifier;N/A;N/A;N/A;2000;100;100;11900;96,8285;1,1774;100,0000;0,0000;93,8776;2,2356;0;0;3;2
20260614_0639;Adaptação_200;classification;LeveragingBagging;Default_FullFeatures;classifier;classifier;classifier;N/A;N/A;N/A;2000;100;101;12000;0,0000;0,0000;0,0000;0,0000;0,0000;0,0000;0;0;0;0
20260614_0639;Adaptação_200;classification;LeveragingBagging;Default_FullFeatures;classifier;classifier;classifier;N/A;N/A;N/A;2000;100;102;12100;0,0000;0,0000;0,0000;0,0000;0,0000;0,0000;0;0;0;0
20260614_0639;Adaptação_200;classification;LeveragingBagging;Default_FullFeatures;classifier;classifier;classifier;N/A;N/A;N/A;2000;100;103;12200;0,0000;0,0000;0,0000;0,0000;0,0000;0,0000;0;0;0;0
20260614_0639;Adaptação_200;classification;LeveragingBagging;Default_FullFeatures;classifier;classifier;classifier;N/A;N/A;N/A;2000;100;104;12300;0,0000;0,0000;0,0000;0,0000;0,0000;0,0000;0;0;0;0
20260614_0639;Adaptação_200;classification;LeveragingBagging;Default_FullFeatures;classifier;classifier;classifier;N/A;N/A;N/A;2000;100;105;12400;0,0000;0,0000;0,0000;0,0000;0,0000;0,0000;0;0;0;0
20260614_0639;Adaptação_200;classification;LeveragingBagging;Default_FullFeatures;classifier;classifier;classifier;N/A;N/A;N/A;2000;100;106;12500;0,0000;0,0000;0,0000;0,0000;0,0000;0,0000;1;1;0;0
20260614_0639;Adaptação_200;classification;LeveragingBagging;Default_FullFeatures;classifier;classifier;classifier;N/A;N/A;N/A;2000;100;107;12600;0,0000;0,0000;0,0000;0,0000;0,0000;0,0000;0;0;0;0
20260614_0639;Adaptação_200;classification;LeveragingBagging;Default_FullFeatures;classifier;classifier;classifier;N/A;N/A;N/A;2000;100;108;12700;0,0000;0,0000;0,0000;0,0000;0,0000;0,0000;0;0;0;0
20260614_0639;Adaptação_200;classification;LeveragingBagging;Default_FullFeatures;classifier;classifier;classifier;N/A;N/A;N/A;2000;100;109;12800;0,0000;0,0000;0,0000;0,0000;0,0000;0,0000;0;0;0;0
20260614_0639;Adaptação_200;classification;LeveragingBagging;Default_FullFeatures;classifier;classifier;classifier;N/A;N/A;N/A;2000;100;110;12900;0,0000;0,0000;0,0000;0,0000;0,0000;0,0000;0;0;0;0
20260614_0639;Adaptação_200;classification;LeveragingBagging;Default_FullFeatures;classifier;classifier;classifier;N/A;N/A;N/A;2000;100;111;13000;0,0000;0,0000;0,0000;0,0000;0,0000;0,0000;0;0;0;0
20260614_0639;Adaptação_200;classification;LeveragingBagging;Default_FullFeatures;classifier;classifier;classifier;N/A;N/A;N/A;2000;100;112;13100;0,0000;0,0000;0,0000;0,0000;0,0000;0,0000;0;0;0;0
20260614_0639;Adaptação_200;classification;LeveragingBagging;Default_FullFeatures;classifier;classifier;classifier;N/A;N/A;N/A;2000;100;113;13200;0,0000;0,0000;0,0000;0,0000;0,0000;0,0000;0;0;0;0
20260614_0639;Adaptação_200;classification;LeveragingBagging;Default_FullFeatures;classifier;classifier;classifier;N/A;N/A;N/A;2000;100;114;13300;0,0000;0,0000;0,0000;0,0000;0,0000;0,0000;0;0;0;0
20260614_0639;Adaptação_200;classification;LeveragingBagging;Default_FullFeatures;classifier;classifier;classifier;N/A;N/A;N/A;2000;100;115;13400;0,0000;0,0000;0,0000;0,0000;0,0000;0,0000;0;0;0;0
20260614_0639;Adaptação_200;classification;LeveragingBagging;Default_FullFeatures;classifier;classifier;classifier;N/A;N/A;N/A;2000;100;116;13500;0,0000;0,0000;0,0000;0,0000;0,0000;0,0000;0;0;0;0
20260614_0639;Adaptação_200;classification;LeveragingBagging;Default_FullFeatures;classifier;classifier;classifier;N/A;N/A;N/A;2000;100;117;13600;0,0000;0,0000;0,0000;0,0000;0,0000;0,0000;0;0;0;0
20260614_0639;Adaptação_200;classification;LeveragingBagging;Default_FullFeatures;classifier;classifier;classifier;N/A;N/A;N/A;2000;100;118;13700;0,0000;0,0000;0,0000;0,0000;0,0000;0,0000;0;0;0;0
20260614_0639;Adaptação_200;classification;LeveragingBagging;Default_FullFeatures;classifier;classifier;classifier;N/A;N/A;N/A;2000;100;119;13800;0,0000;0,0000;0,0000;0,0000;0,0000;0,0000;0;0;0;0
20260614_0639;Adaptação_200;classification;LeveragingBagging;Default_FullFeatures;classifier;classifier;classifier;N/A;N/A;N/A;2000;100;120;13900;0,0000;0,0000;0,0000;0,0000;0,0000;0,0000;0;0;0;0
20260614_0639;Adaptação_200;classification;LeveragingBagging;Default_FullFeatures;classifier;classifier;classifier;N/A;N/A;N/A;2000;100;121;14000;0,0000;0,0000;0,0000;0,0000;0,0000;0,0000;0;0;0;0
20260614_0639;Adaptação_200;classification;LeveragingBagging;Default_FullFeatures;classifier;classifier;classifier;N/A;N/A;N/A;2000;100;122;14100;0,0000;0,0000;0,0000;0,0000;0,0000;0,0000;0;0;0;0
20260614_0639;Adaptação_200;classification;LeveragingBagging;Default_FullFeatures;classifier;classifier;classifier;N/A;N/A;N/A;2000;100;123;14200;0,0000;0,0000;0,0000;0,0000;0,0000;0,0000;0;0;0;0
20260614_0639;Adaptação_200;classification;LeveragingBagging;Default_FullFeatures;classifier;classifier;classifier;N/A;N/A;N/A;2000;100;124;14300;0,0000;0,0000;0,0000;0,0000;0,0000;0,0000;0;0;0;0
20260614_0639;Adaptação_200;classification;LeveragingBagging;Default_FullFeatures;classifier;classifier;classifier;N/A;N/A;N/A;2000;100;125;14400;0,0000;0,0000;0,0000;0,0000;0,0000;0,0000;0;0;0;0
20260614_0639;Adaptação_200;classification;LeveragingBagging;Default_FullFeatures;classifier;classifier;classifier;N/A;N/A;N/A;2000;100;126;14500;0,0000;0,0000;0,0000;0,0000;0,0000;0,0000;0;0;0;0
20260614_0639;Adaptação_200;classification;LeveragingBagging;Default_FullFeatures;classifier;classifier;classifier;N/A;N/A;N/A;2000;100;127;14600;0,0000;0,0000;0,0000;0,0000;0,0000;0,0000;0;0;0;0
20260614_0639;Adaptação_200;classification;LeveragingBagging;Default_FullFeatures;classifier;classifier;classifier;N/A;N/A;N/A;2000;100;128;14700;0,0000;0,0000;0,0000;0,0000;0,0000;0,0000;0;0;0;0
20260614_0639;Adaptação_200;classification;LeveragingBagging;Default_FullFeatures;classifier;classifier;classifier;N/A;N/A;N/A;2000;100;129;14800;0,0000;0,0000;0,0000;0,0000;0,0000;0,0000;0;0;0;0
20260614_0639;Adaptação_200;classification;LeveragingBagging;Default_FullFeatures;classifier;classifier;classifier;N/A;N/A;N/A;2000;100;130;14900;0,0000;0,0000;0,0000;0,0000;0,0000;0,0000;0;0;0;0
20260614_0639;Adaptação_200;classification;LeveragingBagging;Default_FullFeatures;classifier;classifier;classifier;N/A;N/A;N/A;2000;100;131;15000;0,0000;0,0000;0,0000;0,0000;0,0000;0,0000;0;0;0;0
20260614_0639;Adaptação_200;classification;LeveragingBagging;Default_FullFeatures;classifier;classifier;classifier;N/A;N/A;N/A;2000;100;132;15100;0,0000;0,0000;0,0000;0,0000;0,0000;0,0000;0;0;0;0
20260614_0639;Adaptação_200;classification;LeveragingBagging;Default_FullFeatures;classifier;classifier;classifier;N/A;N/A;N/A;2000;100;133;15200;0,0000;0,0000;0,0000;0,0000;0,0000;0,0000;0;0;0;0
20260614_0639;Adaptação_200;classification;LeveragingBagging;Default_FullFeatures;classifier;classifier;classifier;N/A;N/A;N/A;2000;100;134;15300;0,0000;0,0000;0,0000;0,0000;0,0000;0,0000;0;0;0;0
20260614_0639;Adaptação_200;classification;LeveragingBagging;Default_FullFeatures;classifier;classifier;classifier;N/A;N/A;N/A;2000;100;135;15400;0,0000;0,0000;0,0000;0,0000;0,0000;0,0000;0;0;0;0
20260614_0639;Adaptação_200;classification;LeveragingBagging;Default_FullFeatures;classifier;classifier;classifier;N/A;N/A;N/A;2000;100;136;15500;0,0000;0,0000;0,0000;0,0000;0,0000;0,0000;0;0;0;0
20260614_0639;Adaptação_1000;classification;LeveragingBagging;Default_FullFeatures;classifier;classifier;classifier;N/A;N/A;N/A;2000;100;1;2000;0,0000;0,0000;0,0000;0,0000;0,0000;0,0000;0;0;0;0
20260614_0639;Adaptação_1000;classification;LeveragingBagging;Default_FullFeatures;classifier;classifier;classifier;N/A;N/A;N/A;2000;100;2;2100;0,0000;0,0000;0,0000;0,0000;0,0000;0,0000;0;0;0;0
20260614_0639;Adaptação_1000;classification;LeveragingBagging;Default_FullFeatures;classifier;classifier;classifier;N/A;N/A;N/A;2000;100;3;2200;0,0000;0,0000;0,0000;0,0000;0,0000;0,0000;0;0;0;0
20260614_0639;Adaptação_1000;classification;LeveragingBagging;Default_FullFeatures;classifier;classifier;classifier;N/A;N/A;N/A;2000;100;4;2300;0,0000;0,0000;0,0000;0,0000;0,0000;0,0000;0;0;0;0
20260614_0639;Adaptação_1000;classification;LeveragingBagging;Default_FullFeatures;classifier;classifier;classifier;N/A;N/A;N/A;2000;100;5;2400;0,0000;0,0000;0,0000;0,0000;0,0000;0,0000;0;0;0;0
20260614_0639;Adaptação_1000;classification;LeveragingBagging;Default_FullFeatures;classifier;classifier;classifier;N/A;N/A;N/A;2000;100;6;2500;0,0000;0,0000;0,0000;0,0000;0,0000;0,0000;0;0;0;0
20260614_0639;Adaptação_1000;classification;LeveragingBagging;Default_FullFeatures;classifier;classifier;classifier;N/A;N/A;N/A;2000;100;7;2600;0,0000;0,0000;0,0000;0,0000;0,0000;0,0000;0;0;0;0
20260614_0639;Adaptação_1000;classification;LeveragingBagging;Default_FullFeatures;classifier;classifier;classifier;N/A;N/A;N/A;2000;100;8;2700;0,0000;0,0000;0,0000;0,0000;0,0000;0,0000;0;0;0;0
20260614_0639;Adaptação_1000;classification;LeveragingBagging;Default_FullFeatures;classifier;classifier;classifier;N/A;N/A;N/A;2000;100;9;2800;0,0000;0,0000;0,0000;0,0000;0,0000;0,0000;0;0;0;0
20260614_0639;Adaptação_1000;classification;LeveragingBagging;Default_FullFeatures;classifier;classifier;classifier;N/A;N/A;N/A;2000;100;10;2900;0,0000;0,0000;0,0000;0,0000;0,0000;0,0000;0;0;0;0
20260614_0639;Adaptação_1000;classification;LeveragingBagging;Default_FullFeatures;classifier;classifier;classifier;N/A;N/A;N/A;2000;100;11;3000;0,0000;0,0000;0,0000;0,0000;0,0000;0,0000;0;0;0;0
20260614_0639;Adaptação_1000;classification;LeveragingBagging;Default_FullFeatures;classifier;classifier;classifier;N/A;N/A;N/A;2000;100;12;3100;0,0000;0,0000;0,0000;0,0000;0,0000;0,0000;0;0;0;0
20260614_0639;Adaptação_1000;classification;LeveragingBagging;Default_FullFeatures;classifier;classifier;classifier;N/A;N/A;N/A;2000;100;13;3200;0,0000;0,0000;0,0000;0,0000;0,0000;0,0000;0;0;0;0
20260614_0639;Adaptação_1000;classification;LeveragingBagging;Default_FullFeatures;classifier;classifier;classifier;N/A;N/A;N/A;2000;100;14;3300;0,0000;0,0000;0,0000;0,0000;0,0000;0,0000;0;0;0;0
20260614_0639;Adaptação_1000;classification;LeveragingBagging;Default_FullFeatures;classifier;classifier;classifier;N/A;N/A;N/A;2000;100;15;3400;0,0000;0,0000;0,0000;0,0000;0,0000;0,0000;0;0;0;0
20260614_0639;Adaptação_1000;classification;LeveragingBagging;Default_FullFeatures;classifier;classifier;classifier;N/A;N/A;N/A;2000;100;16;3500;0,0000;0,0000;0,0000;0,0000;0,0000;0,0000;0;0;0;0
20260614_0639;Adaptação_1000;classification;LeveragingBagging;Default_FullFeatures;classifier;classifier;classifier;N/A;N/A;N/A;2000;100;17;3600;0,0000;0,0000;0,0000;0,0000;0,0000;0,0000;0;0;0;0
20260614_0639;Adaptação_1000;classification;LeveragingBagging;Default_FullFeatures;classifier;classifier;classifier;N/A;N/A;N/A;2000;100;18;3700;0,0000;0,0000;0,0000;0,0000;0,0000;0,0000;0;0;0;0
20260614_0639;Adaptação_1000;classification;LeveragingBagging;Default_FullFeatures;classifier;classifier;classifier;N/A;N/A;N/A;2000;100;19;3800;95,0672;0,9054;100,0000;0,0000;90,6122;1,6327;0;0;5;1
20260614_0639;Adaptação_1000;classification;LeveragingBagging;Default_FullFeatures;classifier;classifier;classifier;N/A;N/A;N/A;2000;100;20;3900;98,1366;0,0000;97,5309;0,0000;98,7500;0,0000;2;0;1;0
20260614_0639;Adaptação_1000;classification;LeveragingBagging;Default_FullFeatures;classifier;classifier;classifier;N/A;N/A;N/A;2000;100;21;4000;99,3836;0,2072;100,0000;0,0000;98,7755;0,4082;0;0;2;1
20260614_0639;Adaptação_1000;classification;LeveragingBagging;Default_FullFeatures;classifier;classifier;classifier;N/A;N/A;N/A;2000;100;22;4100;98,4615;0,0000;96,9697;0,0000;100,0000;0,0000;3;0;0;0
20260614_0639;Adaptação_1000;classification;LeveragingBagging;Default_FullFeatures;classifier;classifier;classifier;N/A;N/A;N/A;2000;100;23;4200;99,4924;0,0000;100,0000;0,0000;98,9899;0,0000;0;0;1;0
20260614_0639;Adaptação_1000;classification;LeveragingBagging;Default_FullFeatures;classifier;classifier;classifier;N/A;N/A;N/A;2000;100;24;4300;95,0575;0,2987;91,3451;0,4693;99,0909;0,7423;7;1;1;1
20260614_0639;Adaptação_1000;classification;LeveragingBagging;Default_FullFeatures;classifier;classifier;classifier;N/A;N/A;N/A;2000;100;25;4400;92,8369;0,9555;90,2000;1,7963;95,6522;0,0000;3;1;1;0
20260614_0639;Adaptação_1000;classification;LeveragingBagging;Default_FullFeatures;classifier;classifier;classifier;N/A;N/A;N/A;2000;100;26;4500;96,6437;2,9818;93,6667;5,5927;100,0000;0,0000;1;1;0;0
20260614_0639;Adaptação_1000;classification;LeveragingBagging;Default_FullFeatures;classifier;classifier;classifier;N/A;N/A;N/A;2000;100;27;4600;98,6883;0,2424;100,0000;0,0000;97,4118;0,4706;0;0;3;1
20260614_0639;Adaptação_1000;classification;LeveragingBagging;Default_FullFeatures;classifier;classifier;classifier;N/A;N/A;N/A;2000;100;28;4700;100,0000;0,0000;100,0000;0,0000;100,0000;0,0000;0;0;0;0
20260614_0639;Adaptação_1000;classification;LeveragingBagging;Default_FullFeatures;classifier;classifier;classifier;N/A;N/A;N/A;2000;100;29;4800;100,0000;0,0000;100,0000;0,0000;100,0000;0,0000;0;0;0;0
20260614_0639;Adaptação_1000;classification;LeveragingBagging;Default_FullFeatures;classifier;classifier;classifier;N/A;N/A;N/A;2000;100;30;4900;0,0000;0,0000;0,0000;0,0000;0,0000;0,0000;0;0;0;0
20260614_0639;Adaptação_1000;classification;LeveragingBagging;Default_FullFeatures;classifier;classifier;classifier;N/A;N/A;N/A;2000;100;31;5000;0,0000;0,0000;0,0000;0,0000;0,0000;0,0000;1;0;0;0
20260614_0639;Adaptação_1000;classification;LeveragingBagging;Default_FullFeatures;classifier;classifier;classifier;N/A;N/A;N/A;2000;100;32;5100;0,0000;0,0000;0,0000;0,0000;0,0000;0,0000;0;0;0;0
20260614_0639;Adaptação_1000;classification;LeveragingBagging;Default_FullFeatures;classifier;classifier;classifier;N/A;N/A;N/A;2000;100;33;5200;0,0000;0,0000;0,0000;0,0000;0,0000;0,0000;0;0;0;0
20260614_0639;Adaptação_1000;classification;LeveragingBagging;Default_FullFeatures;classifier;classifier;classifier;N/A;N/A;N/A;2000;100;34;5300;0,0000;0,0000;0,0000;0,0000;0,0000;0,0000;0;0;0;0
20260614_0639;Adaptação_1000;classification;LeveragingBagging;Default_FullFeatures;classifier;classifier;classifier;N/A;N/A;N/A;2000;100;35;5400;0,0000;0,0000;0,0000;0,0000;0,0000;0,0000;0;0;0;0
20260614_0639;Adaptação_1000;classification;LeveragingBagging;Default_FullFeatures;classifier;classifier;classifier;N/A;N/A;N/A;2000;100;36;5500;0,0000;0,0000;0,0000;0,0000;0,0000;0,0000;0;0;0;0
20260614_0639;Adaptação_1000;classification;LeveragingBagging;Default_FullFeatures;classifier;classifier;classifier;N/A;N/A;N/A;2000;100;37;5600;0,0000;0,0000;0,0000;0,0000;0,0000;0,0000;4;0;0;0
20260614_0639;Adaptação_1000;classification;LeveragingBagging;Default_FullFeatures;classifier;classifier;classifier;N/A;N/A;N/A;2000;100;38;5700;0,0000;0,0000;0,0000;0,0000;0,0000;0,0000;0;0;0;0
20260614_0639;Adaptação_1000;classification;LeveragingBagging;Default_FullFeatures;classifier;classifier;classifier;N/A;N/A;N/A;2000;100;39;5800;0,0000;0,0000;0,0000;0,0000;0,0000;0,0000;0;0;0;0
20260614_0639;Adaptação_1000;classification;LeveragingBagging;Default_FullFeatures;classifier;classifier;classifier;N/A;N/A;N/A;2000;100;40;5900;0,0000;0,0000;0,0000;0,0000;0,0000;0,0000;0;0;0;0
20260614_0639;Adaptação_1000;classification;LeveragingBagging;Default_FullFeatures;classifier;classifier;classifier;N/A;N/A;N/A;2000;100;41;6000;0,0000;0,0000;0,0000;0,0000;0,0000;0,0000;0;0;0;0
20260614_0639;Adaptação_1000;classification;LeveragingBagging;Default_FullFeatures;classifier;classifier;classifier;N/A;N/A;N/A;2000;100;42;6100;0,0000;0,0000;0,0000;0,0000;0,0000;0,0000;1;0;0;0
20260614_0639;Adaptação_1000;classification;LeveragingBagging;Default_FullFeatures;classifier;classifier;classifier;N/A;N/A;N/A;2000;100;43;6200;0,0000;0,0000;0,0000;0,0000;0,0000;0,0000;0;0;0;0
20260614_0639;Adaptação_1000;classification;LeveragingBagging;Default_FullFeatures;classifier;classifier;classifier;N/A;N/A;N/A;2000;100;44;6300;0,0000;0,0000;0,0000;0,0000;0,0000;0,0000;0;0;0;0
20260614_0639;Adaptação_1000;classification;LeveragingBagging;Default_FullFeatures;classifier;classifier;classifier;N/A;N/A;N/A;2000;100;45;6400;0,0000;0,0000;0,0000;0,0000;0,0000;0,0000;0;0;0;0
20260614_0639;Adaptação_1000;classification;LeveragingBagging;Default_FullFeatures;classifier;classifier;classifier;N/A;N/A;N/A;2000;100;46;6500;0,0000;0,0000;0,0000;0,0000;0,0000;0,0000;0;0;0;0
20260614_0639;Adaptação_1000;classification;LeveragingBagging;Default_FullFeatures;classifier;classifier;classifier;N/A;N/A;N/A;2000;100;47;6600;0,0000;0,0000;0,0000;0,0000;0,0000;0,0000;0;0;0;0
20260614_0639;Adaptação_1000;classification;LeveragingBagging;Default_FullFeatures;classifier;classifier;classifier;N/A;N/A;N/A;2000;100;48;6700;0,0000;0,0000;0,0000;0,0000;0,0000;0,0000;0;0;0;0
20260614_0639;Adaptação_1000;classification;LeveragingBagging;Default_FullFeatures;classifier;classifier;classifier;N/A;N/A;N/A;2000;100;49;6800;0,0000;0,0000;0,0000;0,0000;0,0000;0,0000;0;0;0;0
20260614_0639;Adaptação_1000;classification;LeveragingBagging;Default_FullFeatures;classifier;classifier;classifier;N/A;N/A;N/A;2000;100;50;6900;0,0000;0,0000;0,0000;0,0000;0,0000;0,0000;0;0;0;0
20260614_0639;Adaptação_1000;classification;LeveragingBagging;Default_FullFeatures;classifier;classifier;classifier;N/A;N/A;N/A;2000;100;51;7000;0,0000;0,0000;0,0000;0,0000;0,0000;0,0000;0;0;0;0
20260614_0639;Adaptação_1000;classification;LeveragingBagging;Default_FullFeatures;classifier;classifier;classifier;N/A;N/A;N/A;2000;100;52;7100;0,0000;0,0000;0,0000;0,0000;0,0000;0,0000;0;0;0;0
20260614_0639;Adaptação_1000;classification;LeveragingBagging;Default_FullFeatures;classifier;classifier;classifier;N/A;N/A;N/A;2000;100;53;7200;0,0000;0,0000;0,0000;0,0000;0,0000;0,0000;0;0;0;0
20260614_0639;Adaptação_1000;classification;LeveragingBagging;Default_FullFeatures;classifier;classifier;classifier;N/A;N/A;N/A;2000;100;54;7300;0,0000;0,0000;0,0000;0,0000;0,0000;0,0000;0;0;0;0
20260614_0639;Adaptação_1000;classification;LeveragingBagging;Default_FullFeatures;classifier;classifier;classifier;N/A;N/A;N/A;2000;100;55;7400;0,0000;0,0000;0,0000;0,0000;0,0000;0,0000;0;0;0;0
20260614_0639;Adaptação_1000;classification;LeveragingBagging;Default_FullFeatures;classifier;classifier;classifier;N/A;N/A;N/A;2000;100;56;7500;0,0000;0,0000;0,0000;0,0000;0,0000;0,0000;0;0;0;0
20260614_0639;Adaptação_1000;classification;LeveragingBagging;Default_FullFeatures;classifier;classifier;classifier;N/A;N/A;N/A;2000;100;57;7600;0,0000;0,0000;0,0000;0,0000;0,0000;0,0000;0;0;0;0
20260614_0639;Adaptação_1000;classification;LeveragingBagging;Default_FullFeatures;classifier;classifier;classifier;N/A;N/A;N/A;2000;100;58;7700;0,0000;0,0000;0,0000;0,0000;0,0000;0,0000;0;0;0;0
20260614_0639;Adaptação_1000;classification;LeveragingBagging;Default_FullFeatures;classifier;classifier;classifier;N/A;N/A;N/A;2000;100;59;7800;0,0000;0,0000;0,0000;0,0000;0,0000;0,0000;0;0;0;0
20260614_0639;Adaptação_1000;classification;LeveragingBagging;Default_FullFeatures;classifier;classifier;classifier;N/A;N/A;N/A;2000;100;60;7900;0,0000;0,0000;0,0000;0,0000;0,0000;0,0000;0;0;0;0
20260614_0639;Adaptação_1000;classification;LeveragingBagging;Default_FullFeatures;classifier;classifier;classifier;N/A;N/A;N/A;2000;100;61;8000;0,0000;0,0000;0,0000;0,0000;0,0000;0,0000;0;0;0;0
20260614_0639;Adaptação_1000;classification;LeveragingBagging;Default_FullFeatures;classifier;classifier;classifier;N/A;N/A;N/A;2000;100;62;8100;0,0000;0,0000;0,0000;0,0000;0,0000;0,0000;0;0;0;0
20260614_0639;Adaptação_1000;classification;LeveragingBagging;Default_FullFeatures;classifier;classifier;classifier;N/A;N/A;N/A;2000;100;63;8200;0,0000;0,0000;0,0000;0,0000;0,0000;0,0000;0;0;0;0
20260614_0639;Adaptação_1000;classification;LeveragingBagging;Default_FullFeatures;classifier;classifier;classifier;N/A;N/A;N/A;2000;100;64;8300;0,0000;0,0000;0,0000;0,0000;0,0000;0,0000;0;0;0;0
20260614_0639;Adaptação_1000;classification;LeveragingBagging;Default_FullFeatures;classifier;classifier;classifier;N/A;N/A;N/A;2000;100;65;8400;0,0000;0,0000;0,0000;0,0000;0,0000;0,0000;0;0;0;0
20260614_0639;Adaptação_1000;classification;LeveragingBagging;Default_FullFeatures;classifier;classifier;classifier;N/A;N/A;N/A;2000;100;66;8500;0,0000;0,0000;0,0000;0,0000;0,0000;0,0000;0;0;1;0
20260614_0639;Adaptação_1000;classification;LeveragingBagging;Default_FullFeatures;classifier;classifier;classifier;N/A;N/A;N/A;2000;100;67;8600;72,8915;0,3284;100,0000;0,0000;57,3469;0,4082;0;0;42;1
20260614_0639;Adaptação_1000;classification;LeveragingBagging;Default_FullFeatures;classifier;classifier;classifier;N/A;N/A;N/A;2000;100;68;8700;84,6218;7,7411;100,0000;0,0000;74,2000;12,7812;0;0;26;13
20260614_0639;Adaptação_1000;classification;LeveragingBagging;Default_FullFeatures;classifier;classifier;classifier;N/A;N/A;N/A;2000;100;69;8800;86,2251;7,4475;100,0000;0,0000;76,6000;12,4515;0;0;24;13
20260614_0639;Adaptação_1000;classification;LeveragingBagging;Default_FullFeatures;classifier;classifier;classifier;N/A;N/A;N/A;2000;100;70;8900;95,7504;2,9680;100,0000;0,0000;92,0000;5,3666;0;0;8;6
20260614_0639;Adaptação_1000;classification;LeveragingBagging;Default_FullFeatures;classifier;classifier;classifier;N/A;N/A;N/A;2000;100;71;9000;99,3867;0,9946;100,0000;0,0000;98,8000;1,9391;0;0;2;2
20260614_0639;Adaptação_1000;classification;LeveragingBagging;Default_FullFeatures;classifier;classifier;classifier;N/A;N/A;N/A;2000;100;72;9100;99,4965;0,3194;100,0000;0,0000;99,0000;0,6325;0;0;1;1
20260614_0639;Adaptação_1000;classification;LeveragingBagging;Default_FullFeatures;classifier;classifier;classifier;N/A;N/A;N/A;2000;100;73;9200;100,0000;0,0000;100,0000;0,0000;100,0000;0,0000;0;0;0;0
20260614_0639;Adaptação_1000;classification;LeveragingBagging;Default_FullFeatures;classifier;classifier;classifier;N/A;N/A;N/A;2000;100;74;9300;100,0000;0,0000;100,0000;0,0000;100,0000;0,0000;0;0;0;0
20260614_0639;Adaptação_1000;classification;LeveragingBagging;Default_FullFeatures;classifier;classifier;classifier;N/A;N/A;N/A;2000;100;75;9400;100,0000;0,0000;100,0000;0,0000;100,0000;0,0000;0;0;0;0
20260614_0639;Adaptação_1000;classification;LeveragingBagging;Default_FullFeatures;classifier;classifier;classifier;N/A;N/A;N/A;2000;100;76;9500;100,0000;0,0000;100,0000;0,0000;100,0000;0,0000;0;0;0;0
20260614_0639;Adaptação_1000;classification;LeveragingBagging;Default_FullFeatures;classifier;classifier;classifier;N/A;N/A;N/A;2000;100;77;9600;0,0000;0,0000;0,0000;0,0000;0,0000;0,0000;1;1;0;0
20260614_0639;Adaptação_1000;classification;LeveragingBagging;Default_FullFeatures;classifier;classifier;classifier;N/A;N/A;N/A;2000;100;78;9700;0,0000;0,0000;0,0000;0,0000;0,0000;0,0000;0;0;0;0
20260614_0639;Adaptação_1000;classification;LeveragingBagging;Default_FullFeatures;classifier;classifier;classifier;N/A;N/A;N/A;2000;100;79;9800;0,0000;0,0000;0,0000;0,0000;0,0000;0,0000;1;0;0;0
20260614_0639;Adaptação_1000;classification;LeveragingBagging;Default_FullFeatures;classifier;classifier;classifier;N/A;N/A;N/A;2000;100;80;9900;0,0000;0,0000;0,0000;0,0000;0,0000;0,0000;0;0;0;0
20260614_0639;Adaptação_1000;classification;LeveragingBagging;Default_FullFeatures;classifier;classifier;classifier;N/A;N/A;N/A;2000;100;81;10000;0,0000;0,0000;0,0000;0,0000;0,0000;0,0000;0;0;0;0
20260614_0639;Adaptação_1000;classification;LeveragingBagging;Default_FullFeatures;classifier;classifier;classifier;N/A;N/A;N/A;2000;100;82;10100;0,0000;0,0000;0,0000;0,0000;0,0000;0,0000;0;0;0;0
20260614_0639;Adaptação_1000;classification;LeveragingBagging;Default_FullFeatures;classifier;classifier;classifier;N/A;N/A;N/A;2000;100;83;10200;0,0000;0,0000;0,0000;0,0000;0,0000;0,0000;0;0;0;0
20260614_0639;Adaptação_1000;classification;LeveragingBagging;Default_FullFeatures;classifier;classifier;classifier;N/A;N/A;N/A;2000;100;84;10300;0,0000;0,0000;0,0000;0,0000;0,0000;0,0000;0;0;0;0
20260614_0639;Adaptação_1000;classification;LeveragingBagging;Default_FullFeatures;classifier;classifier;classifier;N/A;N/A;N/A;2000;100;85;10400;0,0000;0,0000;0,0000;0,0000;0,0000;0,0000;1;1;0;0
20260614_0639;Adaptação_1000;classification;LeveragingBagging;Default_FullFeatures;classifier;classifier;classifier;N/A;N/A;N/A;2000;100;86;10500;0,0000;0,0000;0,0000;0,0000;0,0000;0,0000;0;0;0;0
20260614_0639;Adaptação_1000;classification;LeveragingBagging;Default_FullFeatures;classifier;classifier;classifier;N/A;N/A;N/A;2000;100;87;10600;0,0000;0,0000;0,0000;0,0000;0,0000;0,0000;0;0;0;0
20260614_0639;Adaptação_1000;classification;LeveragingBagging;Default_FullFeatures;classifier;classifier;classifier;N/A;N/A;N/A;2000;100;88;10700;0,0000;0,0000;0,0000;0,0000;0,0000;0,0000;0;0;0;0
20260614_0639;Adaptação_1000;classification;LeveragingBagging;Default_FullFeatures;classifier;classifier;classifier;N/A;N/A;N/A;2000;100;89;10800;0,0000;0,0000;0,0000;0,0000;0,0000;0,0000;0;0;0;0
20260614_0639;Adaptação_1000;classification;LeveragingBagging;Default_FullFeatures;classifier;classifier;classifier;N/A;N/A;N/A;2000;100;90;10900;0,0000;0,0000;0,0000;0,0000;0,0000;0,0000;0;0;0;0
20260614_0639;Adaptação_1000;classification;LeveragingBagging;Default_FullFeatures;classifier;classifier;classifier;N/A;N/A;N/A;2000;100;91;11000;0,0000;0,0000;0,0000;0,0000;0,0000;0,0000;0;0;0;0
20260614_0639;Adaptação_1000;classification;LeveragingBagging;Default_FullFeatures;classifier;classifier;classifier;N/A;N/A;N/A;2000;100;92;11100;0,0000;0,0000;0,0000;0,0000;0,0000;0,0000;0;0;0;0
20260614_0639;Adaptação_1000;classification;LeveragingBagging;Default_FullFeatures;classifier;classifier;classifier;N/A;N/A;N/A;2000;100;93;11200;0,0000;0,0000;0,0000;0,0000;0,0000;0,0000;0;0;0;0
20260614_0639;Adaptação_1000;classification;LeveragingBagging;Default_FullFeatures;classifier;classifier;classifier;N/A;N/A;N/A;2000;100;94;11300;0,0000;0,0000;0,0000;0,0000;0,0000;0,0000;0;0;0;0
20260614_0639;Adaptação_1000;classification;LeveragingBagging;Default_FullFeatures;classifier;classifier;classifier;N/A;N/A;N/A;2000;100;95;11400;0,0000;0,0000;0,0000;0,0000;0,0000;0,0000;0;0;0;0
20260614_0639;Adaptação_1000;classification;LeveragingBagging;Default_FullFeatures;classifier;classifier;classifier;N/A;N/A;N/A;2000;100;96;11500;0,0000;0,0000;0,0000;0,0000;0,0000;0,0000;0;0;0;0
20260614_0639;Adaptação_1000;classification;LeveragingBagging;Default_FullFeatures;classifier;classifier;classifier;N/A;N/A;N/A;2000;100;97;11600;0,0000;0,0000;0,0000;0,0000;0,0000;0,0000;0;0;0;0
20260614_0639;Adaptação_1000;classification;LeveragingBagging;Default_FullFeatures;classifier;classifier;classifier;N/A;N/A;N/A;2000;100;98;11700;0,0000;0,0000;0,0000;0,0000;0,0000;0,0000;0;0;0;0
20260614_0639;Adaptação_1000;classification;LeveragingBagging;Default_FullFeatures;classifier;classifier;classifier;N/A;N/A;N/A;2000;100;99;11800;0,0000;0,0000;0,0000;0,0000;0,0000;0,0000;0;0;0;0
20260614_0639;Adaptação_1000;classification;LeveragingBagging;Default_FullFeatures;classifier;classifier;classifier;N/A;N/A;N/A;2000;100;100;11900;0,0000;0,0000;0,0000;0,0000;0,0000;0,0000;0;0;0;0
20260614_0639;Adaptação_1000;classification;LeveragingBagging;Default_FullFeatures;classifier;classifier;classifier;N/A;N/A;N/A;2000;100;101;12000;0,0000;0,0000;0,0000;0,0000;0,0000;0,0000;0;0;0;0
20260614_0639;Adaptação_1000;classification;LeveragingBagging;Default_FullFeatures;classifier;classifier;classifier;N/A;N/A;N/A;2000;100;102;12100;0,0000;0,0000;0,0000;0,0000;0,0000;0,0000;0;0;0;0
20260614_0639;Adaptação_1000;classification;LeveragingBagging;Default_FullFeatures;classifier;classifier;classifier;N/A;N/A;N/A;2000;100;103;12200;0,0000;0,0000;0,0000;0,0000;0,0000;0,0000;0;0;0;0
20260614_0639;Adaptação_1000;classification;LeveragingBagging;Default_FullFeatures;classifier;classifier;classifier;N/A;N/A;N/A;2000;100;104;12300;0,0000;0,0000;0,0000;0,0000;0,0000;0,0000;0;0;0;0
20260614_0639;Adaptação_1000;classification;LeveragingBagging;Default_FullFeatures;classifier;classifier;classifier;N/A;N/A;N/A;2000;100;105;12400;0,0000;0,0000;0,0000;0,0000;0,0000;0,0000;0;0;0;0
20260614_0639;Adaptação_1000;classification;LeveragingBagging;Default_FullFeatures;classifier;classifier;classifier;N/A;N/A;N/A;2000;100;106;12500;0,0000;0,0000;0,0000;0,0000;0,0000;0,0000;0;0;0;0
20260614_0639;Adaptação_1000;classification;LeveragingBagging;Default_FullFeatures;classifier;classifier;classifier;N/A;N/A;N/A;2000;100;107;12600;0,0000;0,0000;0,0000;0,0000;0,0000;0,0000;0;0;0;0
20260614_0639;Adaptação_1000;classification;LeveragingBagging;Default_FullFeatures;classifier;classifier;classifier;N/A;N/A;N/A;2000;100;108;12700;0,0000;0,0000;0,0000;0,0000;0,0000;0,0000;0;0;0;0
20260614_0639;Adaptação_1000;classification;LeveragingBagging;Default_FullFeatures;classifier;classifier;classifier;N/A;N/A;N/A;2000;100;109;12800;0,0000;0,0000;0,0000;0,0000;0,0000;0,0000;0;0;0;0
20260614_0639;Adaptação_1000;classification;LeveragingBagging;Default_FullFeatures;classifier;classifier;classifier;N/A;N/A;N/A;2000;100;110;12900;0,0000;0,0000;0,0000;0,0000;0,0000;0,0000;0;0;0;0
20260614_0639;Adaptação_1000;classification;LeveragingBagging;Default_FullFeatures;classifier;classifier;classifier;N/A;N/A;N/A;2000;100;111;13000;0,0000;0,0000;0,0000;0,0000;0,0000;0,0000;0;0;0;0
20260614_0639;Adaptação_1000;classification;LeveragingBagging;Default_FullFeatures;classifier;classifier;classifier;N/A;N/A;N/A;2000;100;112;13100;0,0000;0,0000;0,0000;0,0000;0,0000;0,0000;0;0;0;0
20260614_0639;Adaptação_1000;classification;LeveragingBagging;Default_FullFeatures;classifier;classifier;classifier;N/A;N/A;N/A;2000;100;113;13200;0,0000;0,0000;0,0000;0,0000;0,0000;0,0000;0;0;0;0
20260614_0639;Adaptação_1000;classification;LeveragingBagging;Default_FullFeatures;classifier;classifier;classifier;N/A;N/A;N/A;2000;100;114;13300;92,9363;0,4911;100,0000;0,0000;86,8085;0,8511;0;0;7;1
20260614_0639;Adaptação_1000;classification;LeveragingBagging;Default_FullFeatures;classifier;classifier;classifier;N/A;N/A;N/A;2000;100;115;13400;97,2961;0,3511;100,0000;0,0000;94,7368;0,6657;0;0;5;1
20260614_0639;Adaptação_1000;classification;LeveragingBagging;Default_FullFeatures;classifier;classifier;classifier;N/A;N/A;N/A;2000;100;116;13500;98,0955;0,2798;100,0000;0,0000;96,2637;0,5383;0;0;4;1
20260614_0639;Adaptação_1000;classification;LeveragingBagging;Default_FullFeatures;classifier;classifier;classifier;N/A;N/A;N/A;2000;100;117;13600;99,2481;0,0000;100,0000;0,0000;98,5075;0,0000;0;0;1;0
20260614_0639;Adaptação_1000;classification;LeveragingBagging;Default_FullFeatures;classifier;classifier;classifier;N/A;N/A;N/A;2000;100;118;13700;98,9130;0,0000;100,0000;0,0000;97,8495;0,0000;0;0;2;0
20260614_0639;Adaptação_1000;classification;LeveragingBagging;Default_FullFeatures;classifier;classifier;classifier;N/A;N/A;N/A;2000;100;119;13800;100,0000;0,0000;100,0000;0,0000;100,0000;0,0000;0;0;0;0
20260614_0639;Adaptação_1000;classification;LeveragingBagging;Default_FullFeatures;classifier;classifier;classifier;N/A;N/A;N/A;2000;100;120;13900;98,8644;0,2094;100,0000;0,0000;97,7551;0,4082;0;0;3;1
20260614_0639;Adaptação_1000;classification;LeveragingBagging;Default_FullFeatures;classifier;classifier;classifier;N/A;N/A;N/A;2000;100;121;14000;99,8985;0,2030;100,0000;0,0000;99,7980;0,4040;0;0;1;1
20260614_0639;Adaptação_1000;classification;LeveragingBagging;Default_FullFeatures;classifier;classifier;classifier;N/A;N/A;N/A;2000;100;122;14100;99,8985;0,2030;100,0000;0,0000;99,7980;0,4040;0;0;1;1
20260614_0639;Adaptação_1000;classification;LeveragingBagging;Default_FullFeatures;classifier;classifier;classifier;N/A;N/A;N/A;2000;100;123;14200;99,8974;0,2051;100,0000;0,0000;99,7959;0,4082;0;0;1;1
20260614_0639;Adaptação_1000;classification;LeveragingBagging;Default_FullFeatures;classifier;classifier;classifier;N/A;N/A;N/A;2000;100;124;14300;99,7980;0,4040;99,6000;0,8000;100,0000;0,0000;1;1;0;0
20260614_0639;Adaptação_1000;classification;LeveragingBagging;Default_FullFeatures;classifier;classifier;classifier;N/A;N/A;N/A;2000;100;125;14400;0,0000;0,0000;0,0000;0,0000;0,0000;0,0000;2;1;0;0
20260614_0639;Adaptação_1000;classification;LeveragingBagging;Default_FullFeatures;classifier;classifier;classifier;N/A;N/A;N/A;2000;100;126;14500;0,0000;0,0000;0,0000;0,0000;0,0000;0,0000;2;1;0;0
20260614_0639;Adaptação_1000;classification;LeveragingBagging;Default_FullFeatures;classifier;classifier;classifier;N/A;N/A;N/A;2000;100;127;14600;0,0000;0,0000;0,0000;0,0000;0,0000;0,0000;1;0;0;0
20260614_0639;Adaptação_1000;classification;LeveragingBagging;Default_FullFeatures;classifier;classifier;classifier;N/A;N/A;N/A;2000;100;128;14700;0,0000;0,0000;0,0000;0,0000;0,0000;0,0000;1;1;0;0
20260614_0639;Adaptação_1000;classification;LeveragingBagging;Default_FullFeatures;classifier;classifier;classifier;N/A;N/A;N/A;2000;100;129;14800;0,0000;0,0000;0,0000;0,0000;0,0000;0,0000;1;0;0;0
20260614_0639;Adaptação_1000;classification;LeveragingBagging;Default_FullFeatures;classifier;classifier;classifier;N/A;N/A;N/A;2000;100;130;14900;0,0000;0,0000;0,0000;0,0000;0,0000;0,0000;0;0;0;0
20260614_0639;Adaptação_1000;classification;LeveragingBagging;Default_FullFeatures;classifier;classifier;classifier;N/A;N/A;N/A;2000;100;131;15000;0,0000;0,0000;0,0000;0,0000;0,0000;0,0000;0;0;0;0
20260614_0639;Adaptação_1000;classification;LeveragingBagging;Default_FullFeatures;classifier;classifier;classifier;N/A;N/A;N/A;2000;100;132;15100;0,0000;0,0000;0,0000;0,0000;0,0000;0,0000;0;0;0;0
20260614_0639;Adaptação_1000;classification;LeveragingBagging;Default_FullFeatures;classifier;classifier;classifier;N/A;N/A;N/A;2000;100;133;15200;0,0000;0,0000;0,0000;0,0000;0,0000;0,0000;0;0;0;0
20260614_0639;Adaptação_1000;classification;LeveragingBagging;Default_FullFeatures;classifier;classifier;classifier;N/A;N/A;N/A;2000;100;134;15300;0,0000;0,0000;0,0000;0,0000;0,0000;0,0000;1;1;0;0
20260614_0639;Adaptação_1000;classification;LeveragingBagging;Default_FullFeatures;classifier;classifier;classifier;N/A;N/A;N/A;2000;100;135;15400;0,0000;0,0000;0,0000;0,0000;0,0000;0,0000;0;0;0;0
20260614_0639;Adaptação_1000;classification;LeveragingBagging;Default_FullFeatures;classifier;classifier;classifier;N/A;N/A;N/A;2000;100;136;15500;0,0000;0,0000;0,0000;0,0000;0,0000;0,0000;1;1;0;0
20260614_0639;Adaptação_1000;classification;LeveragingBagging;Default_FullFeatures;classifier;classifier;classifier;N/A;N/A;N/A;2000;100;137;15600;0,0000;0,0000;0,0000;0,0000;0,0000;0,0000;0;0;0;0
20260614_0639;Adaptação_1000;classification;LeveragingBagging;Default_FullFeatures;classifier;classifier;classifier;N/A;N/A;N/A;2000;100;138;15700;0,0000;0,0000;0,0000;0,0000;0,0000;0,0000;0;0;0;0
20260614_0639;Adaptação_1000;classification;LeveragingBagging;Default_FullFeatures;classifier;classifier;classifier;N/A;N/A;N/A;2000;100;139;15800;0,0000;0,0000;0,0000;0,0000;0,0000;0,0000;0;0;0;0
20260614_0639;Adaptação_1000;classification;LeveragingBagging;Default_FullFeatures;classifier;classifier;classifier;N/A;N/A;N/A;2000;100;140;15900;0,0000;0,0000;0,0000;0,0000;0,0000;0,0000;0;0;0;0
20260614_0639;Adaptação_1000;classification;LeveragingBagging;Default_FullFeatures;classifier;classifier;classifier;N/A;N/A;N/A;2000;100;141;16000;0,0000;0,0000;0,0000;0,0000;0,0000;0,0000;0;0;0;0
20260614_0639;Adaptação_1000;classification;LeveragingBagging;Default_FullFeatures;classifier;classifier;classifier;N/A;N/A;N/A;2000;100;142;16100;0,0000;0,0000;0,0000;0,0000;0,0000;0,0000;1;1;0;0
20260614_0639;Adaptação_1000;classification;LeveragingBagging;Default_FullFeatures;classifier;classifier;classifier;N/A;N/A;N/A;2000;100;143;16200;0,0000;0,0000;0,0000;0,0000;0,0000;0,0000;0;0;0;0
20260614_0639;Adaptação_1000;classification;LeveragingBagging;Default_FullFeatures;classifier;classifier;classifier;N/A;N/A;N/A;2000;100;144;16300;0,0000;0,0000;0,0000;0,0000;0,0000;0,0000;0;0;0;0
20260614_0639;Adaptação_1000;classification;LeveragingBagging;Default_FullFeatures;classifier;classifier;classifier;N/A;N/A;N/A;2000;100;145;16400;0,0000;0,0000;0,0000;0,0000;0,0000;0,0000;0;0;0;0
20260614_0639;Adaptação_1000;classification;LeveragingBagging;Default_FullFeatures;classifier;classifier;classifier;N/A;N/A;N/A;2000;100;146;16500;0,0000;0,0000;0,0000;0,0000;0,0000;0,0000;0;0;0;0
20260614_0639;Adaptação_1000;classification;LeveragingBagging;Default_FullFeatures;classifier;classifier;classifier;N/A;N/A;N/A;2000;100;147;16600;0,0000;0,0000;0,0000;0,0000;0,0000;0,0000;0;0;0;0
20260614_0639;Adaptação_1000;classification;LeveragingBagging;Default_FullFeatures;classifier;classifier;classifier;N/A;N/A;N/A;2000;100;148;16700;0,0000;0,0000;0,0000;0,0000;0,0000;0,0000;0;0;0;0
20260614_0639;Adaptação_1000;classification;LeveragingBagging;Default_FullFeatures;classifier;classifier;classifier;N/A;N/A;N/A;2000;100;149;16800;0,0000;0,0000;0,0000;0,0000;0,0000;0,0000;0;0;0;0
20260614_0639;Adaptação_1000;classification;LeveragingBagging;Default_FullFeatures;classifier;classifier;classifier;N/A;N/A;N/A;2000;100;150;16900;0,0000;0,0000;0,0000;0,0000;0,0000;0,0000;0;0;0;0
20260614_0639;Adaptação_1000;classification;LeveragingBagging;Default_FullFeatures;classifier;classifier;classifier;N/A;N/A;N/A;2000;100;151;17000;0,0000;0,0000;0,0000;0,0000;0,0000;0,0000;0;0;0;0
20260614_0639;Adaptação_1000;classification;LeveragingBagging;Default_FullFeatures;classifier;classifier;classifier;N/A;N/A;N/A;2000;100;152;17100;0,0000;0,0000;0,0000;0,0000;0,0000;0,0000;0;0;0;0
20260614_0639;Adaptação_1000;classification;LeveragingBagging;Default_FullFeatures;classifier;classifier;classifier;N/A;N/A;N/A;2000;100;153;17200;0,0000;0,0000;0,0000;0,0000;0,0000;0,0000;0;0;0;0
20260614_0639;Adaptação_1000;classification;LeveragingBagging;Default_FullFeatures;classifier;classifier;classifier;N/A;N/A;N/A;2000;100;154;17300;0,0000;0,0000;0,0000;0,0000;0,0000;0,0000;0;0;0;0
20260614_0639;Adaptação_1000;classification;LeveragingBagging;Default_FullFeatures;classifier;classifier;classifier;N/A;N/A;N/A;2000;100;155;17400;0,0000;0,0000;0,0000;0,0000;0,0000;0,0000;0;0;0;0
20260614_0639;Adaptação_1000;classification;LeveragingBagging;Default_FullFeatures;classifier;classifier;classifier;N/A;N/A;N/A;2000;100;156;17500;0,0000;0,0000;0,0000;0,0000;0,0000;0,0000;0;0;0;0
20260614_0639;Adaptação_1000;classification;LeveragingBagging;Default_FullFeatures;classifier;classifier;classifier;N/A;N/A;N/A;2000;100;157;17600;0,0000;0,0000;0,0000;0,0000;0,0000;0,0000;0;0;0;0
20260614_0639;Adaptação_1000;classification;LeveragingBagging;Default_FullFeatures;classifier;classifier;classifier;N/A;N/A;N/A;2000;100;158;17700;0,0000;0,0000;0,0000;0,0000;0,0000;0,0000;0;0;0;0
20260614_0639;Adaptação_1000;classification;LeveragingBagging;Default_FullFeatures;classifier;classifier;classifier;N/A;N/A;N/A;2000;100;159;17800;0,0000;0,0000;0,0000;0,0000;0,0000;0,0000;0;0;0;0
20260614_0639;Adaptação_1000;classification;LeveragingBagging;Default_FullFeatures;classifier;classifier;classifier;N/A;N/A;N/A;2000;100;160;17900;0,0000;0,0000;0,0000;0,0000;0,0000;0,0000;0;0;0;0
20260614_0639;Recorrência_25;classification;LeveragingBagging;Default_FullFeatures;classifier;classifier;classifier;N/A;N/A;N/A;2000;100;1;2000;0,0000;0,0000;0,0000;0,0000;0,0000;0,0000;0;0;0;0
20260614_0639;Recorrência_25;classification;LeveragingBagging;Default_FullFeatures;classifier;classifier;classifier;N/A;N/A;N/A;2000;100;2;2100;0,0000;0,0000;0,0000;0,0000;0,0000;0,0000;0;0;0;0
20260614_0639;Recorrência_25;classification;LeveragingBagging;Default_FullFeatures;classifier;classifier;classifier;N/A;N/A;N/A;2000;100;3;2200;90,9091;0,0000;100,0000;0,0000;83,3333;0,0000;0;0;2;0
20260614_0639;Recorrência_25;classification;LeveragingBagging;Default_FullFeatures;classifier;classifier;classifier;N/A;N/A;N/A;2000;100;4;2300;0,0000;0,0000;0,0000;0,0000;0,0000;0,0000;0;0;0;0
20260614_0639;Recorrência_25;classification;LeveragingBagging;Default_FullFeatures;classifier;classifier;classifier;N/A;N/A;N/A;2000;100;5;2400;0,0000;0,0000;0,0000;0,0000;0,0000;0,0000;0;0;0;0
20260614_0639;Recorrência_25;classification;LeveragingBagging;Default_FullFeatures;classifier;classifier;classifier;N/A;N/A;N/A;2000;100;6;2500;0,0000;0,0000;0,0000;0,0000;0,0000;0,0000;0;0;0;0
20260614_0639;Recorrência_25;classification;LeveragingBagging;Default_FullFeatures;classifier;classifier;classifier;N/A;N/A;N/A;2000;100;7;2600;0,0000;0,0000;0,0000;0,0000;0,0000;0,0000;0;0;0;0
20260614_0639;Recorrência_25;classification;LeveragingBagging;Default_FullFeatures;classifier;classifier;classifier;N/A;N/A;N/A;2000;100;8;2700;0,0000;0,0000;0,0000;0,0000;0,0000;0,0000;0;0;0;0
20260614_0639;Recorrência_25;classification;LeveragingBagging;Default_FullFeatures;classifier;classifier;classifier;N/A;N/A;N/A;2000;100;9;2800;0,0000;0,0000;0,0000;0,0000;0,0000;0,0000;0;0;0;0
20260614_0639;Recorrência_25;classification;LeveragingBagging;Default_FullFeatures;classifier;classifier;classifier;N/A;N/A;N/A;2000;100;10;2900;0,0000;0,0000;0,0000;0,0000;0,0000;0,0000;0;0;0;0
20260614_0639;Recorrência_25;classification;LeveragingBagging;Default_FullFeatures;classifier;classifier;classifier;N/A;N/A;N/A;2000;100;11;3000;0,0000;0,0000;0,0000;0,0000;0,0000;0,0000;0;0;0;0
20260614_0639;Recorrência_25;classification;LeveragingBagging;Default_FullFeatures;classifier;classifier;classifier;N/A;N/A;N/A;2000;100;12;3100;0,0000;0,0000;0,0000;0,0000;0,0000;0,0000;0;0;0;0
20260614_0639;Recorrência_25;classification;LeveragingBagging;Default_FullFeatures;classifier;classifier;classifier;N/A;N/A;N/A;2000;100;13;3200;0,0000;0,0000;0,0000;0,0000;0,0000;0,0000;0;0;0;0
20260614_0639;Recorrência_25;classification;LeveragingBagging;Default_FullFeatures;classifier;classifier;classifier;N/A;N/A;N/A;2000;100;14;3300;0,0000;0,0000;0,0000;0,0000;0,0000;0,0000;0;0;0;0
20260614_0639;Recorrência_25;classification;LeveragingBagging;Default_FullFeatures;classifier;classifier;classifier;N/A;N/A;N/A;2000;100;15;3400;0,0000;0,0000;0,0000;0,0000;0,0000;0,0000;0;0;0;0
20260614_0639;Recorrência_25;classification;LeveragingBagging;Default_FullFeatures;classifier;classifier;classifier;N/A;N/A;N/A;2000;100;16;3500;0,0000;0,0000;0,0000;0,0000;0,0000;0,0000;0;0;0;0
20260614_0639;Recorrência_25;classification;LeveragingBagging;Default_FullFeatures;classifier;classifier;classifier;N/A;N/A;N/A;2000;100;17;3600;0,0000;0,0000;0,0000;0,0000;0,0000;0,0000;0;0;0;0
20260614_0639;Recorrência_25;classification;LeveragingBagging;Default_FullFeatures;classifier;classifier;classifier;N/A;N/A;N/A;2000;100;18;3700;0,0000;0,0000;0,0000;0,0000;0,0000;0,0000;0;0;0;0
20260614_0639;Recorrência_25;classification;LeveragingBagging;Default_FullFeatures;classifier;classifier;classifier;N/A;N/A;N/A;2000;100;19;3800;0,0000;0,0000;0,0000;0,0000;0,0000;0,0000;0;0;0;0
20260614_0639;Recorrência_25;classification;LeveragingBagging;Default_FullFeatures;classifier;classifier;classifier;N/A;N/A;N/A;2000;100;20;3900;0,0000;0,0000;0,0000;0,0000;0,0000;0,0000;0;0;0;0
20260614_0639;Recorrência_25;classification;LeveragingBagging;Default_FullFeatures;classifier;classifier;classifier;N/A;N/A;N/A;2000;100;21;4000;0,0000;0,0000;0,0000;0,0000;0,0000;0,0000;0;0;0;0
20260614_0639;Recorrência_25;classification;LeveragingBagging;Default_FullFeatures;classifier;classifier;classifier;N/A;N/A;N/A;2000;100;22;4100;0,0000;0,0000;0,0000;0,0000;0,0000;0,0000;0;0;0;0
20260614_0639;Recorrência_25;classification;LeveragingBagging;Default_FullFeatures;classifier;classifier;classifier;N/A;N/A;N/A;2000;100;23;4200;0,0000;0,0000;0,0000;0,0000;0,0000;0,0000;0;0;0;0
20260614_0639;Recorrência_25;classification;LeveragingBagging;Default_FullFeatures;classifier;classifier;classifier;N/A;N/A;N/A;2000;100;24;4300;0,0000;0,0000;0,0000;0,0000;0,0000;0,0000;0;0;5;0
20260614_0639;Recorrência_25;classification;LeveragingBagging;Default_FullFeatures;classifier;classifier;classifier;N/A;N/A;N/A;2000;100;25;4400;92,3077;0,0000;100,0000;0,0000;85,7143;0,0000;0;0;1;0
20260614_0639;Recorrência_25;classification;LeveragingBagging;Default_FullFeatures;classifier;classifier;classifier;N/A;N/A;N/A;2000;100;26;4500;0,0000;0,0000;0,0000;0,0000;0,0000;0,0000;0;0;0;0
20260614_0639;Recorrência_25;classification;LeveragingBagging;Default_FullFeatures;classifier;classifier;classifier;N/A;N/A;N/A;2000;100;27;4600;0,0000;0,0000;0,0000;0,0000;0,0000;0,0000;0;0;0;0
20260614_0639;Recorrência_25;classification;LeveragingBagging;Default_FullFeatures;classifier;classifier;classifier;N/A;N/A;N/A;2000;100;28;4700;0,0000;0,0000;0,0000;0,0000;0,0000;0,0000;0;0;0;0
20260614_0639;Recorrência_25;classification;LeveragingBagging;Default_FullFeatures;classifier;classifier;classifier;N/A;N/A;N/A;2000;100;29;4800;0,0000;0,0000;0,0000;0,0000;0,0000;0,0000;0;0;0;0
20260614_0639;Recorrência_25;classification;LeveragingBagging;Default_FullFeatures;classifier;classifier;classifier;N/A;N/A;N/A;2000;100;30;4900;0,0000;0,0000;0,0000;0,0000;0,0000;0,0000;0;0;0;0
20260614_0639;Recorrência_25;classification;LeveragingBagging;Default_FullFeatures;classifier;classifier;classifier;N/A;N/A;N/A;2000;100;31;5000;0,0000;0,0000;0,0000;0,0000;0,0000;0,0000;0;0;0;0
20260614_0639;Recorrência_25;classification;LeveragingBagging;Default_FullFeatures;classifier;classifier;classifier;N/A;N/A;N/A;2000;100;32;5100;0,0000;0,0000;0,0000;0,0000;0,0000;0,0000;0;0;0;0
20260614_0639;Recorrência_25;classification;LeveragingBagging;Default_FullFeatures;classifier;classifier;classifier;N/A;N/A;N/A;2000;100;33;5200;0,0000;0,0000;0,0000;0,0000;0,0000;0,0000;0;0;0;0
20260614_0639;Recorrência_25;classification;LeveragingBagging;Default_FullFeatures;classifier;classifier;classifier;N/A;N/A;N/A;2000;100;34;5300;0,0000;0,0000;0,0000;0,0000;0,0000;0,0000;0;0;0;0
20260614_0639;Recorrência_25;classification;LeveragingBagging;Default_FullFeatures;classifier;classifier;classifier;N/A;N/A;N/A;2000;100;35;5400;0,0000;0,0000;0,0000;0,0000;0,0000;0,0000;0;0;0;0
20260614_0639;Recorrência_25;classification;LeveragingBagging;Default_FullFeatures;classifier;classifier;classifier;N/A;N/A;N/A;2000;100;36;5500;0,0000;0,0000;0,0000;0,0000;0,0000;0,0000;0;0;0;0
20260614_0639;Recorrência_25;classification;LeveragingBagging;Default_FullFeatures;classifier;classifier;classifier;N/A;N/A;N/A;2000;100;37;5600;0,0000;0,0000;0,0000;0,0000;0,0000;0,0000;0;0;0;0
20260614_0639;Recorrência_25;classification;LeveragingBagging;Default_FullFeatures;classifier;classifier;classifier;N/A;N/A;N/A;2000;100;38;5700;0,0000;0,0000;0,0000;0,0000;0,0000;0,0000;0;0;0;0
20260614_0639;Recorrência_25;classification;LeveragingBagging;Default_FullFeatures;classifier;classifier;classifier;N/A;N/A;N/A;2000;100;39;5800;0,0000;0,0000;0,0000;0,0000;0,0000;0,0000;0;0;0;0
20260614_0639;Recorrência_25;classification;LeveragingBagging;Default_FullFeatures;classifier;classifier;classifier;N/A;N/A;N/A;2000;100;40;5900;0,0000;0,0000;0,0000;0,0000;0,0000;0,0000;0;0;0;0
20260614_0639;Recorrência_25;classification;LeveragingBagging;Default_FullFeatures;classifier;classifier;classifier;N/A;N/A;N/A;2000;100;41;6000;0,0000;0,0000;0,0000;0,0000;0,0000;0,0000;0;0;0;0
20260614_0639;Recorrência_25;classification;LeveragingBagging;Default_FullFeatures;classifier;classifier;classifier;N/A;N/A;N/A;2000;100;42;6100;0,0000;0,0000;0,0000;0,0000;0,0000;0,0000;0;0;0;0
20260614_0639;Recorrência_25;classification;LeveragingBagging;Default_FullFeatures;classifier;classifier;classifier;N/A;N/A;N/A;2000;100;43;6200;0,0000;0,0000;0,0000;0,0000;0,0000;0,0000;0;0;0;0
20260614_0639;Recorrência_25;classification;LeveragingBagging;Default_FullFeatures;classifier;classifier;classifier;N/A;N/A;N/A;2000;100;44;6300;0,0000;0,0000;0,0000;0,0000;0,0000;0,0000;0;0;0;0
20260614_0639;Recorrência_25;classification;LeveragingBagging;Default_FullFeatures;classifier;classifier;classifier;N/A;N/A;N/A;2000;100;45;6400;0,0000;0,0000;0,0000;0,0000;0,0000;0,0000;0;0;0;0
20260614_0639;Recorrência_25;classification;LeveragingBagging;Default_FullFeatures;classifier;classifier;classifier;N/A;N/A;N/A;2000;100;46;6500;90,9091;0,0000;100,0000;0,0000;83,3333;0,0000;0;0;2;0
20260614_0639;Recorrência_25;classification;LeveragingBagging;Default_FullFeatures;classifier;classifier;classifier;N/A;N/A;N/A;2000;100;47;6600;0,0000;0,0000;0,0000;0,0000;0,0000;0,0000;0;0;0;0
20260614_0639;Recorrência_25;classification;LeveragingBagging;Default_FullFeatures;classifier;classifier;classifier;N/A;N/A;N/A;2000;100;48;6700;0,0000;0,0000;0,0000;0,0000;0,0000;0,0000;0;0;0;0
20260614_0639;Recorrência_25;classification;LeveragingBagging;Default_FullFeatures;classifier;classifier;classifier;N/A;N/A;N/A;2000;100;49;6800;0,0000;0,0000;0,0000;0,0000;0,0000;0,0000;0;0;0;0
20260614_0639;Recorrência_25;classification;LeveragingBagging;Default_FullFeatures;classifier;classifier;classifier;N/A;N/A;N/A;2000;100;50;6900;0,0000;0,0000;0,0000;0,0000;0,0000;0,0000;0;0;0;0
20260614_0639;Recorrência_25;classification;LeveragingBagging;Default_FullFeatures;classifier;classifier;classifier;N/A;N/A;N/A;2000;100;51;7000;0,0000;0,0000;0,0000;0,0000;0,0000;0,0000;0;0;0;0
20260614_0639;Recorrência_25;classification;LeveragingBagging;Default_FullFeatures;classifier;classifier;classifier;N/A;N/A;N/A;2000;100;52;7100;0,0000;0,0000;0,0000;0,0000;0,0000;0,0000;0;0;0;0
20260614_0639;Recorrência_25;classification;LeveragingBagging;Default_FullFeatures;classifier;classifier;classifier;N/A;N/A;N/A;2000;100;53;7200;0,0000;0,0000;0,0000;0,0000;0,0000;0,0000;0;0;0;0
20260614_0639;Recorrência_25;classification;LeveragingBagging;Default_FullFeatures;classifier;classifier;classifier;N/A;N/A;N/A;2000;100;54;7300;0,0000;0,0000;0,0000;0,0000;0,0000;0,0000;0;0;0;0
20260614_0639;Recorrência_25;classification;LeveragingBagging;Default_FullFeatures;classifier;classifier;classifier;N/A;N/A;N/A;2000;100;55;7400;0,0000;0,0000;0,0000;0,0000;0,0000;0,0000;0;0;0;0
20260614_0639;Recorrência_25;classification;LeveragingBagging;Default_FullFeatures;classifier;classifier;classifier;N/A;N/A;N/A;2000;100;56;7500;0,0000;0,0000;0,0000;0,0000;0,0000;0,0000;0;0;0;0
20260614_0639;Recorrência_25;classification;LeveragingBagging;Default_FullFeatures;classifier;classifier;classifier;N/A;N/A;N/A;2000;100;57;7600;0,0000;0,0000;0,0000;0,0000;0,0000;0,0000;0;0;0;0
20260614_0639;Recorrência_25;classification;LeveragingBagging;Default_FullFeatures;classifier;classifier;classifier;N/A;N/A;N/A;2000;100;58;7700;0,0000;0,0000;0,0000;0,0000;0,0000;0,0000;0;0;0;0
20260614_0639;Recorrência_25;classification;LeveragingBagging;Default_FullFeatures;classifier;classifier;classifier;N/A;N/A;N/A;2000;100;59;7800;0,0000;0,0000;0,0000;0,0000;0,0000;0,0000;0;0;0;0
20260614_0639;Recorrência_25;classification;LeveragingBagging;Default_FullFeatures;classifier;classifier;classifier;N/A;N/A;N/A;2000;100;60;7900;0,0000;0,0000;0,0000;0,0000;0,0000;0,0000;0;0;0;0
20260614_0639;Recorrência_25;classification;LeveragingBagging;Default_FullFeatures;classifier;classifier;classifier;N/A;N/A;N/A;2000;100;61;8000;0,0000;0,0000;0,0000;0,0000;0,0000;0,0000;0;0;0;0
20260614_0639;Recorrência_25;classification;LeveragingBagging;Default_FullFeatures;classifier;classifier;classifier;N/A;N/A;N/A;2000;100;62;8100;0,0000;0,0000;0,0000;0,0000;0,0000;0,0000;0;0;0;0
20260614_0639;Recorrência_25;classification;LeveragingBagging;Default_FullFeatures;classifier;classifier;classifier;N/A;N/A;N/A;2000;100;63;8200;0,0000;0,0000;0,0000;0,0000;0,0000;0,0000;0;0;0;0
20260614_0639;Recorrência_25;classification;LeveragingBagging;Default_FullFeatures;classifier;classifier;classifier;N/A;N/A;N/A;2000;100;64;8300;0,0000;0,0000;0,0000;0,0000;0,0000;0,0000;0;0;0;0
20260614_0639;Recorrência_25;classification;LeveragingBagging;Default_FullFeatures;classifier;classifier;classifier;N/A;N/A;N/A;2000;100;65;8400;0,0000;0,0000;0,0000;0,0000;0,0000;0,0000;0;0;0;0
20260614_0639;Recorrência_25;classification;LeveragingBagging;Default_FullFeatures;classifier;classifier;classifier;N/A;N/A;N/A;2000;100;66;8500;0,0000;0,0000;0,0000;0,0000;0,0000;0,0000;0;0;0;0
20260614_0639;Recorrência_25;classification;LeveragingBagging;Default_FullFeatures;classifier;classifier;classifier;N/A;N/A;N/A;2000;100;67;8600;0,0000;0,0000;0,0000;0,0000;0,0000;0,0000;0;0;0;0
20260614_0639;Recorrência_25;classification;LeveragingBagging;Default_FullFeatures;classifier;classifier;classifier;N/A;N/A;N/A;2000;100;68;8700;66,6667;0,0000;100,0000;0,0000;50,0000;0,0000;0;0;6;0
20260614_0639;Recorrência_25;classification;LeveragingBagging;Default_FullFeatures;classifier;classifier;classifier;N/A;N/A;N/A;2000;100;69;8800;0,0000;0,0000;0,0000;0,0000;0,0000;0,0000;0;0;0;0
20260614_0639;Recorrência_25;classification;LeveragingBagging;Default_FullFeatures;classifier;classifier;classifier;N/A;N/A;N/A;2000;100;70;8900;0,0000;0,0000;0,0000;0,0000;0,0000;0,0000;0;0;0;0
20260614_0639;Recorrência_25;classification;LeveragingBagging;Default_FullFeatures;classifier;classifier;classifier;N/A;N/A;N/A;2000;100;71;9000;0,0000;0,0000;0,0000;0,0000;0,0000;0,0000;0;0;0;0
20260614_0639;Recorrência_25;classification;LeveragingBagging;Default_FullFeatures;classifier;classifier;classifier;N/A;N/A;N/A;2000;100;72;9100;0,0000;0,0000;0,0000;0,0000;0,0000;0,0000;0;0;0;0
20260614_0639;Recorrência_25;classification;LeveragingBagging;Default_FullFeatures;classifier;classifier;classifier;N/A;N/A;N/A;2000;100;73;9200;0,0000;0,0000;0,0000;0,0000;0,0000;0,0000;0;0;0;0
20260614_0639;Recorrência_25;classification;LeveragingBagging;Default_FullFeatures;classifier;classifier;classifier;N/A;N/A;N/A;2000;100;74;9300;0,0000;0,0000;0,0000;0,0000;0,0000;0,0000;0;0;0;0
20260614_0639;Recorrência_25;classification;LeveragingBagging;Default_FullFeatures;classifier;classifier;classifier;N/A;N/A;N/A;2000;100;75;9400;0,0000;0,0000;0,0000;0,0000;0,0000;0,0000;0;0;0;0
20260614_0639;Recorrência_25;classification;LeveragingBagging;Default_FullFeatures;classifier;classifier;classifier;N/A;N/A;N/A;2000;100;76;9500;0,0000;0,0000;0,0000;0,0000;0,0000;0,0000;0;0;0;0
20260614_0639;Recorrência_25;classification;LeveragingBagging;Default_FullFeatures;classifier;classifier;classifier;N/A;N/A;N/A;2000;100;77;9600;0,0000;0,0000;0,0000;0,0000;0,0000;0,0000;0;0;0;0
20260614_0639;Recorrência_25;classification;LeveragingBagging;Default_FullFeatures;classifier;classifier;classifier;N/A;N/A;N/A;2000;100;78;9700;0,0000;0,0000;0,0000;0,0000;0,0000;0,0000;0;0;0;0
20260614_0639;Recorrência_25;classification;LeveragingBagging;Default_FullFeatures;classifier;classifier;classifier;N/A;N/A;N/A;2000;100;79;9800;0,0000;0,0000;0,0000;0,0000;0,0000;0,0000;0;0;0;0
20260614_0639;Recorrência_25;classification;LeveragingBagging;Default_FullFeatures;classifier;classifier;classifier;N/A;N/A;N/A;2000;100;80;9900;0,0000;0,0000;0,0000;0,0000;0,0000;0,0000;0;0;0;0
20260614_0639;Recorrência_25;classification;LeveragingBagging;Default_FullFeatures;classifier;classifier;classifier;N/A;N/A;N/A;2000;100;81;10000;0,0000;0,0000;0,0000;0,0000;0,0000;0,0000;0;0;0;0
20260614_0639;Recorrência_25;classification;LeveragingBagging;Default_FullFeatures;classifier;classifier;classifier;N/A;N/A;N/A;2000;100;82;10100;0,0000;0,0000;0,0000;0,0000;0,0000;0,0000;0;0;0;0
20260614_0639;Recorrência_25;classification;LeveragingBagging;Default_FullFeatures;classifier;classifier;classifier;N/A;N/A;N/A;2000;100;83;10200;0,0000;0,0000;0,0000;0,0000;0,0000;0,0000;0;0;0;0
20260614_0639;Recorrência_25;classification;LeveragingBagging;Default_FullFeatures;classifier;classifier;classifier;N/A;N/A;N/A;2000;100;84;10300;0,0000;0,0000;0,0000;0,0000;0,0000;0,0000;0;0;0;0
20260614_0639;Recorrência_25;classification;LeveragingBagging;Default_FullFeatures;classifier;classifier;classifier;N/A;N/A;N/A;2000;100;85;10400;0,0000;0,0000;0,0000;0,0000;0,0000;0,0000;0;0;0;0
20260614_0639;Recorrência_25;classification;LeveragingBagging;Default_FullFeatures;classifier;classifier;classifier;N/A;N/A;N/A;2000;100;86;10500;0,0000;0,0000;0,0000;0,0000;0,0000;0,0000;0;0;0;0
20260614_0639;Recorrência_25;classification;LeveragingBagging;Default_FullFeatures;classifier;classifier;classifier;N/A;N/A;N/A;2000;100;87;10600;0,0000;0,0000;0,0000;0,0000;0,0000;0,0000;0;0;0;0
20260614_0639;Recorrência_25;classification;LeveragingBagging;Default_FullFeatures;classifier;classifier;classifier;N/A;N/A;N/A;2000;100;88;10700;0,0000;0,0000;0,0000;0,0000;0,0000;0,0000;0;0;0;0
20260614_0639;Recorrência_25;classification;LeveragingBagging;Default_FullFeatures;classifier;classifier;classifier;N/A;N/A;N/A;2000;100;89;10800;75,0000;0,0000;100,0000;0,0000;60,0000;0,0000;0;0;4;0
20260614_0639;Recorrência_25;classification;LeveragingBagging;Default_FullFeatures;classifier;classifier;classifier;N/A;N/A;N/A;2000;100;90;10900;0,0000;0,0000;0,0000;0,0000;0,0000;0,0000;0;0;0;0
20260614_0639;Recorrência_25;classification;LeveragingBagging;Default_FullFeatures;classifier;classifier;classifier;N/A;N/A;N/A;2000;100;91;11000;0,0000;0,0000;0,0000;0,0000;0,0000;0,0000;0;0;0;0
20260614_0639;Recorrência_25;classification;LeveragingBagging;Default_FullFeatures;classifier;classifier;classifier;N/A;N/A;N/A;2000;100;92;11100;0,0000;0,0000;0,0000;0,0000;0,0000;0,0000;0;0;0;0
20260614_0639;Recorrência_25;classification;LeveragingBagging;Default_FullFeatures;classifier;classifier;classifier;N/A;N/A;N/A;2000;100;93;11200;0,0000;0,0000;0,0000;0,0000;0,0000;0,0000;0;0;0;0
20260614_0639;Recorrência_25;classification;LeveragingBagging;Default_FullFeatures;classifier;classifier;classifier;N/A;N/A;N/A;2000;100;94;11300;0,0000;0,0000;0,0000;0,0000;0,0000;0,0000;0;0;0;0
20260614_0639;Recorrência_25;classification;LeveragingBagging;Default_FullFeatures;classifier;classifier;classifier;N/A;N/A;N/A;2000;100;95;11400;0,0000;0,0000;0,0000;0,0000;0,0000;0,0000;0;0;0;0
20260614_0639;Recorrência_25;classification;LeveragingBagging;Default_FullFeatures;classifier;classifier;classifier;N/A;N/A;N/A;2000;100;96;11500;0,0000;0,0000;0,0000;0,0000;0,0000;0,0000;0;0;0;0
20260614_0639;Recorrência_25;classification;LeveragingBagging;Default_FullFeatures;classifier;classifier;classifier;N/A;N/A;N/A;2000;100;97;11600;0,0000;0,0000;0,0000;0,0000;0,0000;0,0000;0;0;0;0
20260614_0639;Recorrência_25;classification;LeveragingBagging;Default_FullFeatures;classifier;classifier;classifier;N/A;N/A;N/A;2000;100;98;11700;0,0000;0,0000;0,0000;0,0000;0,0000;0,0000;0;0;0;0
20260614_0639;Recorrência_25;classification;LeveragingBagging;Default_FullFeatures;classifier;classifier;classifier;N/A;N/A;N/A;2000;100;99;11800;0,0000;0,0000;0,0000;0,0000;0,0000;0,0000;0;0;0;0
20260614_0639;Recorrência_25;classification;LeveragingBagging;Default_FullFeatures;classifier;classifier;classifier;N/A;N/A;N/A;2000;100;100;11900;0,0000;0,0000;0,0000;0,0000;0,0000;0,0000;0;0;0;0
20260614_0639;Recorrência_25;classification;LeveragingBagging;Default_FullFeatures;classifier;classifier;classifier;N/A;N/A;N/A;2000;100;101;12000;0,0000;0,0000;0,0000;0,0000;0,0000;0,0000;0;0;0;0
20260614_0639;Recorrência_25;classification;LeveragingBagging;Default_FullFeatures;classifier;classifier;classifier;N/A;N/A;N/A;2000;100;102;12100;0,0000;0,0000;0,0000;0,0000;0,0000;0,0000;0;0;0;0
20260614_0639;Recorrência_25;classification;LeveragingBagging;Default_FullFeatures;classifier;classifier;classifier;N/A;N/A;N/A;2000;100;103;12200;0,0000;0,0000;0,0000;0,0000;0,0000;0,0000;0;0;0;0
20260614_0639;Recorrência_25;classification;LeveragingBagging;Default_FullFeatures;classifier;classifier;classifier;N/A;N/A;N/A;2000;100;104;12300;0,0000;0,0000;0,0000;0,0000;0,0000;0,0000;0;0;0;0
20260614_0639;Recorrência_25;classification;LeveragingBagging;Default_FullFeatures;classifier;classifier;classifier;N/A;N/A;N/A;2000;100;105;12400;0,0000;0,0000;0,0000;0,0000;0,0000;0,0000;0;0;0;0
20260614_0639;Recorrência_25;classification;LeveragingBagging;Default_FullFeatures;classifier;classifier;classifier;N/A;N/A;N/A;2000;100;106;12500;0,0000;0,0000;0,0000;0,0000;0,0000;0,0000;0;0;0;0
20260614_0639;Recorrência_25;classification;LeveragingBagging;Default_FullFeatures;classifier;classifier;classifier;N/A;N/A;N/A;2000;100;107;12600;0,0000;0,0000;0,0000;0,0000;0,0000;0,0000;0;0;0;0
20260614_0639;Recorrência_25;classification;LeveragingBagging;Default_FullFeatures;classifier;classifier;classifier;N/A;N/A;N/A;2000;100;108;12700;0,0000;0,0000;0,0000;0,0000;0,0000;0,0000;0;0;0;0
20260614_0639;Recorrência_25;classification;LeveragingBagging;Default_FullFeatures;classifier;classifier;classifier;N/A;N/A;N/A;2000;100;109;12800;0,0000;0,0000;0,0000;0,0000;0,0000;0,0000;0;0;0;0
20260614_0639;Recorrência_25;classification;LeveragingBagging;Default_FullFeatures;classifier;classifier;classifier;N/A;N/A;N/A;2000;100;110;12900;0,0000;0,0000;0,0000;0,0000;0,0000;0,0000;0;0;0;0
20260614_0639;Recorrência_25;classification;LeveragingBagging;Default_FullFeatures;classifier;classifier;classifier;N/A;N/A;N/A;2000;100;111;13000;95,6522;0,0000;100,0000;0,0000;91,6667;0,0000;0;0;1;0
20260614_0639;Recorrência_25;classification;LeveragingBagging;Default_FullFeatures;classifier;classifier;classifier;N/A;N/A;N/A;2000;100;112;13100;0,0000;0,0000;0,0000;0,0000;0,0000;0,0000;0;0;0;0
20260614_0639;Recorrência_25;classification;LeveragingBagging;Default_FullFeatures;classifier;classifier;classifier;N/A;N/A;N/A;2000;100;113;13200;0,0000;0,0000;0,0000;0,0000;0,0000;0,0000;0;0;0;0
20260614_0639;Recorrência_25;classification;LeveragingBagging;Default_FullFeatures;classifier;classifier;classifier;N/A;N/A;N/A;2000;100;114;13300;0,0000;0,0000;0,0000;0,0000;0,0000;0,0000;0;0;0;0
20260614_0639;Recorrência_25;classification;LeveragingBagging;Default_FullFeatures;classifier;classifier;classifier;N/A;N/A;N/A;2000;100;115;13400;0,0000;0,0000;0,0000;0,0000;0,0000;0,0000;0;0;0;0
20260614_0639;Recorrência_25;classification;LeveragingBagging;Default_FullFeatures;classifier;classifier;classifier;N/A;N/A;N/A;2000;100;116;13500;0,0000;0,0000;0,0000;0,0000;0,0000;0,0000;0;0;0;0
20260614_0639;Recorrência_25;classification;LeveragingBagging;Default_FullFeatures;classifier;classifier;classifier;N/A;N/A;N/A;2000;100;117;13600;0,0000;0,0000;0,0000;0,0000;0,0000;0,0000;0;0;0;0
20260614_0639;Recorrência_25;classification;LeveragingBagging;Default_FullFeatures;classifier;classifier;classifier;N/A;N/A;N/A;2000;100;118;13700;0,0000;0,0000;0,0000;0,0000;0,0000;0,0000;0;0;0;0
20260614_0639;Recorrência_25;classification;LeveragingBagging;Default_FullFeatures;classifier;classifier;classifier;N/A;N/A;N/A;2000;100;119;13800;0,0000;0,0000;0,0000;0,0000;0,0000;0,0000;0;0;0;0
20260614_0639;Recorrência_25;classification;LeveragingBagging;Default_FullFeatures;classifier;classifier;classifier;N/A;N/A;N/A;2000;100;120;13900;0,0000;0,0000;0,0000;0,0000;0,0000;0,0000;0;0;0;0
20260614_0639;Recorrência_25;classification;LeveragingBagging;Default_FullFeatures;classifier;classifier;classifier;N/A;N/A;N/A;2000;100;121;14000;0,0000;0,0000;0,0000;0,0000;0,0000;0,0000;0;0;0;0
20260614_0639;Recorrência_25;classification;LeveragingBagging;Default_FullFeatures;classifier;classifier;classifier;N/A;N/A;N/A;2000;100;122;14100;0,0000;0,0000;0,0000;0,0000;0,0000;0,0000;0;0;0;0
20260614_0639;Recorrência_25;classification;LeveragingBagging;Default_FullFeatures;classifier;classifier;classifier;N/A;N/A;N/A;2000;100;123;14200;0,0000;0,0000;0,0000;0,0000;0,0000;0,0000;0;0;0;0
20260614_0639;Recorrência_25;classification;LeveragingBagging;Default_FullFeatures;classifier;classifier;classifier;N/A;N/A;N/A;2000;100;124;14300;0,0000;0,0000;0,0000;0,0000;0,0000;0,0000;0;0;0;0
20260614_0639;Recorrência_25;classification;LeveragingBagging;Default_FullFeatures;classifier;classifier;classifier;N/A;N/A;N/A;2000;100;125;14400;0,0000;0,0000;0,0000;0,0000;0,0000;0,0000;0;0;0;0
20260614_0639;Recorrência_25;classification;LeveragingBagging;Default_FullFeatures;classifier;classifier;classifier;N/A;N/A;N/A;2000;100;126;14500;0,0000;0,0000;0,0000;0,0000;0,0000;0,0000;0;0;0;0
20260614_0639;Recorrência_25;classification;LeveragingBagging;Default_FullFeatures;classifier;classifier;classifier;N/A;N/A;N/A;2000;100;127;14600;0,0000;0,0000;0,0000;0,0000;0,0000;0,0000;0;0;0;0
20260614_0639;Recorrência_25;classification;LeveragingBagging;Default_FullFeatures;classifier;classifier;classifier;N/A;N/A;N/A;2000;100;128;14700;0,0000;0,0000;0,0000;0,0000;0,0000;0,0000;0;0;0;0
20260614_0639;Recorrência_25;classification;LeveragingBagging;Default_FullFeatures;classifier;classifier;classifier;N/A;N/A;N/A;2000;100;129;14800;0,0000;0,0000;0,0000;0,0000;0,0000;0,0000;0;0;0;0
20260614_0639;Recorrência_25;classification;LeveragingBagging;Default_FullFeatures;classifier;classifier;classifier;N/A;N/A;N/A;2000;100;130;14900;0,0000;0,0000;0,0000;0,0000;0,0000;0,0000;0;0;0;0
20260614_0639;Recorrência_25;classification;LeveragingBagging;Default_FullFeatures;classifier;classifier;classifier;N/A;N/A;N/A;2000;100;131;15000;0,0000;0,0000;0,0000;0,0000;0,0000;0,0000;0;0;0;0
20260614_0639;Recorrência_200;classification;LeveragingBagging;Default_FullFeatures;classifier;classifier;classifier;N/A;N/A;N/A;2000;100;1;2000;0,0000;0,0000;0,0000;0,0000;0,0000;0,0000;0;0;0;0
20260614_0639;Recorrência_200;classification;LeveragingBagging;Default_FullFeatures;classifier;classifier;classifier;N/A;N/A;N/A;2000;100;2;2100;0,0000;0,0000;0,0000;0,0000;0,0000;0,0000;0;0;0;0
20260614_0639;Recorrência_200;classification;LeveragingBagging;Default_FullFeatures;classifier;classifier;classifier;N/A;N/A;N/A;2000;100;3;2200;95,4128;0,0000;98,1132;0,0000;92,8571;0,0000;1;0;4;0
20260614_0639;Recorrência_200;classification;LeveragingBagging;Default_FullFeatures;classifier;classifier;classifier;N/A;N/A;N/A;2000;100;4;2300;92,5535;0,8874;86,1519;1,5334;100,0000;0,0000;6;1;0;0
20260614_0639;Recorrência_200;classification;LeveragingBagging;Default_FullFeatures;classifier;classifier;classifier;N/A;N/A;N/A;2000;100;5;2400;0,0000;0,0000;0,0000;0,0000;0,0000;0,0000;1;0;0;0
20260614_0639;Recorrência_200;classification;LeveragingBagging;Default_FullFeatures;classifier;classifier;classifier;N/A;N/A;N/A;2000;100;6;2500;0,0000;0,0000;0,0000;0,0000;0,0000;0,0000;1;1;0;0
20260614_0639;Recorrência_200;classification;LeveragingBagging;Default_FullFeatures;classifier;classifier;classifier;N/A;N/A;N/A;2000;100;7;2600;0,0000;0,0000;0,0000;0,0000;0,0000;0,0000;0;0;0;0
20260614_0639;Recorrência_200;classification;LeveragingBagging;Default_FullFeatures;classifier;classifier;classifier;N/A;N/A;N/A;2000;100;8;2700;0,0000;0,0000;0,0000;0,0000;0,0000;0,0000;0;0;0;0
20260614_0639;Recorrência_200;classification;LeveragingBagging;Default_FullFeatures;classifier;classifier;classifier;N/A;N/A;N/A;2000;100;9;2800;0,0000;0,0000;0,0000;0,0000;0,0000;0,0000;0;0;0;0
20260614_0639;Recorrência_200;classification;LeveragingBagging;Default_FullFeatures;classifier;classifier;classifier;N/A;N/A;N/A;2000;100;10;2900;0,0000;0,0000;0,0000;0,0000;0,0000;0,0000;0;0;0;0
20260614_0639;Recorrência_200;classification;LeveragingBagging;Default_FullFeatures;classifier;classifier;classifier;N/A;N/A;N/A;2000;100;11;3000;0,0000;0,0000;0,0000;0,0000;0,0000;0,0000;0;0;0;0
20260614_0639;Recorrência_200;classification;LeveragingBagging;Default_FullFeatures;classifier;classifier;classifier;N/A;N/A;N/A;2000;100;12;3100;0,0000;0,0000;0,0000;0,0000;0,0000;0,0000;0;0;0;0
20260614_0639;Recorrência_200;classification;LeveragingBagging;Default_FullFeatures;classifier;classifier;classifier;N/A;N/A;N/A;2000;100;13;3200;0,0000;0,0000;0,0000;0,0000;0,0000;0,0000;0;0;0;0
20260614_0639;Recorrência_200;classification;LeveragingBagging;Default_FullFeatures;classifier;classifier;classifier;N/A;N/A;N/A;2000;100;14;3300;0,0000;0,0000;0,0000;0,0000;0,0000;0,0000;0;0;0;0
20260614_0639;Recorrência_200;classification;LeveragingBagging;Default_FullFeatures;classifier;classifier;classifier;N/A;N/A;N/A;2000;100;15;3400;0,0000;0,0000;0,0000;0,0000;0,0000;0,0000;1;0;0;0
20260614_0639;Recorrência_200;classification;LeveragingBagging;Default_FullFeatures;classifier;classifier;classifier;N/A;N/A;N/A;2000;100;16;3500;0,0000;0,0000;0,0000;0,0000;0,0000;0,0000;0;0;0;0
20260614_0639;Recorrência_200;classification;LeveragingBagging;Default_FullFeatures;classifier;classifier;classifier;N/A;N/A;N/A;2000;100;17;3600;0,0000;0,0000;0,0000;0,0000;0,0000;0,0000;0;0;0;0
20260614_0639;Recorrência_200;classification;LeveragingBagging;Default_FullFeatures;classifier;classifier;classifier;N/A;N/A;N/A;2000;100;18;3700;0,0000;0,0000;0,0000;0,0000;0,0000;0,0000;0;0;0;0
20260614_0639;Recorrência_200;classification;LeveragingBagging;Default_FullFeatures;classifier;classifier;classifier;N/A;N/A;N/A;2000;100;19;3800;0,0000;0,0000;0,0000;0,0000;0,0000;0,0000;0;0;0;0
20260614_0639;Recorrência_200;classification;LeveragingBagging;Default_FullFeatures;classifier;classifier;classifier;N/A;N/A;N/A;2000;100;20;3900;0,0000;0,0000;0,0000;0,0000;0,0000;0,0000;0;0;0;0
20260614_0639;Recorrência_200;classification;LeveragingBagging;Default_FullFeatures;classifier;classifier;classifier;N/A;N/A;N/A;2000;100;21;4000;0,0000;0,0000;0,0000;0,0000;0,0000;0,0000;0;0;0;0
20260614_0639;Recorrência_200;classification;LeveragingBagging;Default_FullFeatures;classifier;classifier;classifier;N/A;N/A;N/A;2000;100;22;4100;0,0000;0,0000;0,0000;0,0000;0,0000;0,0000;0;0;0;0
20260614_0639;Recorrência_200;classification;LeveragingBagging;Default_FullFeatures;classifier;classifier;classifier;N/A;N/A;N/A;2000;100;23;4200;0,0000;0,0000;0,0000;0,0000;0,0000;0,0000;0;0;0;0
20260614_0639;Recorrência_200;classification;LeveragingBagging;Default_FullFeatures;classifier;classifier;classifier;N/A;N/A;N/A;2000;100;24;4300;0,0000;0,0000;0,0000;0,0000;0,0000;0,0000;0;0;0;0
20260614_0639;Recorrência_200;classification;LeveragingBagging;Default_FullFeatures;classifier;classifier;classifier;N/A;N/A;N/A;2000;100;25;4400;50,0000;0,0000;100,0000;0,0000;33,3333;0,0000;0;0;10;0
20260614_0639;Recorrência_200;classification;LeveragingBagging;Default_FullFeatures;classifier;classifier;classifier;N/A;N/A;N/A;2000;100;26;4500;75,1476;0,3599;97,3292;0,9005;61,2048;0,4819;2;1;33;1
20260614_0639;Recorrência_200;classification;LeveragingBagging;Default_FullFeatures;classifier;classifier;classifier;N/A;N/A;N/A;2000;100;27;4600;0,0000;0,0000;0,0000;0,0000;0,0000;0,0000;1;0;0;0
20260614_0639;Recorrência_200;classification;LeveragingBagging;Default_FullFeatures;classifier;classifier;classifier;N/A;N/A;N/A;2000;100;28;4700;0,0000;0,0000;0,0000;0,0000;0,0000;0,0000;0;0;0;0
20260614_0639;Recorrência_200;classification;LeveragingBagging;Default_FullFeatures;classifier;classifier;classifier;N/A;N/A;N/A;2000;100;29;4800;0,0000;0,0000;0,0000;0,0000;0,0000;0,0000;1;0;0;0
20260614_0639;Recorrência_200;classification;LeveragingBagging;Default_FullFeatures;classifier;classifier;classifier;N/A;N/A;N/A;2000;100;30;4900;0,0000;0,0000;0,0000;0,0000;0,0000;0,0000;0;0;0;0
20260614_0639;Recorrência_200;classification;LeveragingBagging;Default_FullFeatures;classifier;classifier;classifier;N/A;N/A;N/A;2000;100;31;5000;0,0000;0,0000;0,0000;0,0000;0,0000;0,0000;0;0;0;0
20260614_0639;Recorrência_200;classification;LeveragingBagging;Default_FullFeatures;classifier;classifier;classifier;N/A;N/A;N/A;2000;100;32;5100;0,0000;0,0000;0,0000;0,0000;0,0000;0,0000;0;0;0;0
20260614_0639;Recorrência_200;classification;LeveragingBagging;Default_FullFeatures;classifier;classifier;classifier;N/A;N/A;N/A;2000;100;33;5200;0,0000;0,0000;0,0000;0,0000;0,0000;0,0000;0;0;0;0
20260614_0639;Recorrência_200;classification;LeveragingBagging;Default_FullFeatures;classifier;classifier;classifier;N/A;N/A;N/A;2000;100;34;5300;0,0000;0,0000;0,0000;0,0000;0,0000;0,0000;0;0;0;0
20260614_0639;Recorrência_200;classification;LeveragingBagging;Default_FullFeatures;classifier;classifier;classifier;N/A;N/A;N/A;2000;100;35;5400;0,0000;0,0000;0,0000;0,0000;0,0000;0,0000;0;0;0;0
20260614_0639;Recorrência_200;classification;LeveragingBagging;Default_FullFeatures;classifier;classifier;classifier;N/A;N/A;N/A;2000;100;36;5500;0,0000;0,0000;0,0000;0,0000;0,0000;0,0000;0;0;0;0
20260614_0639;Recorrência_200;classification;LeveragingBagging;Default_FullFeatures;classifier;classifier;classifier;N/A;N/A;N/A;2000;100;37;5600;0,0000;0,0000;0,0000;0,0000;0,0000;0,0000;0;0;0;0
20260614_0639;Recorrência_200;classification;LeveragingBagging;Default_FullFeatures;classifier;classifier;classifier;N/A;N/A;N/A;2000;100;38;5700;0,0000;0,0000;0,0000;0,0000;0,0000;0,0000;0;0;0;0
20260614_0639;Recorrência_200;classification;LeveragingBagging;Default_FullFeatures;classifier;classifier;classifier;N/A;N/A;N/A;2000;100;39;5800;0,0000;0,0000;0,0000;0,0000;0,0000;0,0000;0;0;0;0
20260614_0639;Recorrência_200;classification;LeveragingBagging;Default_FullFeatures;classifier;classifier;classifier;N/A;N/A;N/A;2000;100;40;5900;0,0000;0,0000;0,0000;0,0000;0,0000;0,0000;0;0;0;0
20260614_0639;Recorrência_200;classification;LeveragingBagging;Default_FullFeatures;classifier;classifier;classifier;N/A;N/A;N/A;2000;100;41;6000;0,0000;0,0000;0,0000;0,0000;0,0000;0,0000;0;0;0;0
20260614_0639;Recorrência_200;classification;LeveragingBagging;Default_FullFeatures;classifier;classifier;classifier;N/A;N/A;N/A;2000;100;42;6100;0,0000;0,0000;0,0000;0,0000;0,0000;0,0000;0;0;0;0
20260614_0639;Recorrência_200;classification;LeveragingBagging;Default_FullFeatures;classifier;classifier;classifier;N/A;N/A;N/A;2000;100;43;6200;0,0000;0,0000;0,0000;0,0000;0,0000;0,0000;0;0;0;0
20260614_0639;Recorrência_200;classification;LeveragingBagging;Default_FullFeatures;classifier;classifier;classifier;N/A;N/A;N/A;2000;100;44;6300;0,0000;0,0000;0,0000;0,0000;0,0000;0,0000;0;0;0;0
20260614_0639;Recorrência_200;classification;LeveragingBagging;Default_FullFeatures;classifier;classifier;classifier;N/A;N/A;N/A;2000;100;45;6400;0,0000;0,0000;0,0000;0,0000;0,0000;0,0000;0;0;0;0
20260614_0639;Recorrência_200;classification;LeveragingBagging;Default_FullFeatures;classifier;classifier;classifier;N/A;N/A;N/A;2000;100;46;6500;0,0000;0,0000;0,0000;0,0000;0,0000;0,0000;0;0;0;0
20260614_0639;Recorrência_200;classification;LeveragingBagging;Default_FullFeatures;classifier;classifier;classifier;N/A;N/A;N/A;2000;100;47;6600;0,0000;0,0000;0,0000;0,0000;0,0000;0,0000;0;0;0;0
20260614_0639;Recorrência_200;classification;LeveragingBagging;Default_FullFeatures;classifier;classifier;classifier;N/A;N/A;N/A;2000;100;48;6700;96,9769;0,3471;100,0000;0,0000;94,1333;0,6532;0;0;5;1
20260614_0639;Recorrência_200;classification;LeveragingBagging;Default_FullFeatures;classifier;classifier;classifier;N/A;N/A;N/A;2000;100;49;6800;100,0000;0,0000;100,0000;0,0000;100,0000;0,0000;0;0;0;0
20260614_0639;Recorrência_200;classification;LeveragingBagging;Default_FullFeatures;classifier;classifier;classifier;N/A;N/A;N/A;2000;100;50;6900;0,0000;0,0000;0,0000;0,0000;0,0000;0,0000;0;0;0;0
20260614_0639;Recorrência_200;classification;LeveragingBagging;Default_FullFeatures;classifier;classifier;classifier;N/A;N/A;N/A;2000;100;51;7000;0,0000;0,0000;0,0000;0,0000;0,0000;0,0000;0;0;0;0
20260614_0639;Recorrência_200;classification;LeveragingBagging;Default_FullFeatures;classifier;classifier;classifier;N/A;N/A;N/A;2000;100;52;7100;0,0000;0,0000;0,0000;0,0000;0,0000;0,0000;0;0;0;0
20260614_0639;Recorrência_200;classification;LeveragingBagging;Default_FullFeatures;classifier;classifier;classifier;N/A;N/A;N/A;2000;100;53;7200;0,0000;0,0000;0,0000;0,0000;0,0000;0,0000;0;0;0;0
20260614_0639;Recorrência_200;classification;LeveragingBagging;Default_FullFeatures;classifier;classifier;classifier;N/A;N/A;N/A;2000;100;54;7300;0,0000;0,0000;0,0000;0,0000;0,0000;0,0000;0;0;0;0
20260614_0639;Recorrência_200;classification;LeveragingBagging;Default_FullFeatures;classifier;classifier;classifier;N/A;N/A;N/A;2000;100;55;7400;0,0000;0,0000;0,0000;0,0000;0,0000;0,0000;0;0;0;0
20260614_0639;Recorrência_200;classification;LeveragingBagging;Default_FullFeatures;classifier;classifier;classifier;N/A;N/A;N/A;2000;100;56;7500;0,0000;0,0000;0,0000;0,0000;0,0000;0,0000;0;0;0;0
20260614_0639;Recorrência_200;classification;LeveragingBagging;Default_FullFeatures;classifier;classifier;classifier;N/A;N/A;N/A;2000;100;57;7600;0,0000;0,0000;0,0000;0,0000;0,0000;0,0000;0;0;0;0
20260614_0639;Recorrência_200;classification;LeveragingBagging;Default_FullFeatures;classifier;classifier;classifier;N/A;N/A;N/A;2000;100;58;7700;0,0000;0,0000;0,0000;0,0000;0,0000;0,0000;0;0;0;0
20260614_0639;Recorrência_200;classification;LeveragingBagging;Default_FullFeatures;classifier;classifier;classifier;N/A;N/A;N/A;2000;100;59;7800;0,0000;0,0000;0,0000;0,0000;0,0000;0,0000;0;0;0;0
20260614_0639;Recorrência_200;classification;LeveragingBagging;Default_FullFeatures;classifier;classifier;classifier;N/A;N/A;N/A;2000;100;60;7900;0,0000;0,0000;0,0000;0,0000;0,0000;0,0000;0;0;0;0
20260614_0639;Recorrência_200;classification;LeveragingBagging;Default_FullFeatures;classifier;classifier;classifier;N/A;N/A;N/A;2000;100;61;8000;0,0000;0,0000;0,0000;0,0000;0,0000;0,0000;0;0;0;0
20260614_0639;Recorrência_200;classification;LeveragingBagging;Default_FullFeatures;classifier;classifier;classifier;N/A;N/A;N/A;2000;100;62;8100;0,0000;0,0000;0,0000;0,0000;0,0000;0,0000;0;0;0;0
20260614_0639;Recorrência_200;classification;LeveragingBagging;Default_FullFeatures;classifier;classifier;classifier;N/A;N/A;N/A;2000;100;63;8200;0,0000;0,0000;0,0000;0,0000;0,0000;0,0000;0;0;0;0
20260614_0639;Recorrência_200;classification;LeveragingBagging;Default_FullFeatures;classifier;classifier;classifier;N/A;N/A;N/A;2000;100;64;8300;0,0000;0,0000;0,0000;0,0000;0,0000;0,0000;0;0;0;0
20260614_0639;Recorrência_200;classification;LeveragingBagging;Default_FullFeatures;classifier;classifier;classifier;N/A;N/A;N/A;2000;100;65;8400;0,0000;0,0000;0,0000;0,0000;0,0000;0,0000;0;0;0;0
20260614_0639;Recorrência_200;classification;LeveragingBagging;Default_FullFeatures;classifier;classifier;classifier;N/A;N/A;N/A;2000;100;66;8500;0,0000;0,0000;0,0000;0,0000;0,0000;0,0000;0;0;0;0
20260614_0639;Recorrência_200;classification;LeveragingBagging;Default_FullFeatures;classifier;classifier;classifier;N/A;N/A;N/A;2000;100;67;8600;0,0000;0,0000;0,0000;0,0000;0,0000;0,0000;0;0;0;0
20260614_0639;Recorrência_200;classification;LeveragingBagging;Default_FullFeatures;classifier;classifier;classifier;N/A;N/A;N/A;2000;100;68;8700;0,0000;0,0000;0,0000;0,0000;0,0000;0,0000;0;0;0;0
20260614_0639;Recorrência_200;classification;LeveragingBagging;Default_FullFeatures;classifier;classifier;classifier;N/A;N/A;N/A;2000;100;69;8800;0,0000;0,0000;0,0000;0,0000;0,0000;0,0000;0;0;0;0
20260614_0639;Recorrência_200;classification;LeveragingBagging;Default_FullFeatures;classifier;classifier;classifier;N/A;N/A;N/A;2000;100;70;8900;91,4286;0,0000;100,0000;0,0000;84,2105;0,0000;0;0;3;0
20260614_0639;Recorrência_200;classification;LeveragingBagging;Default_FullFeatures;classifier;classifier;classifier;N/A;N/A;N/A;2000;100;71;9000;97,0349;0,3198;100,0000;0,0000;94,2424;0,6061;0;0;4;1
20260614_0639;Recorrência_200;classification;LeveragingBagging;Default_FullFeatures;classifier;classifier;classifier;N/A;N/A;N/A;2000;100;72;9100;0,0000;0,0000;0,0000;0,0000;0,0000;0,0000;0;0;0;0
20260614_0639;Recorrência_200;classification;LeveragingBagging;Default_FullFeatures;classifier;classifier;classifier;N/A;N/A;N/A;2000;100;73;9200;0,0000;0,0000;0,0000;0,0000;0,0000;0,0000;0;0;0;0
20260614_0639;Recorrência_200;classification;LeveragingBagging;Default_FullFeatures;classifier;classifier;classifier;N/A;N/A;N/A;2000;100;74;9300;0,0000;0,0000;0,0000;0,0000;0,0000;0,0000;0;0;0;0
20260614_0639;Recorrência_200;classification;LeveragingBagging;Default_FullFeatures;classifier;classifier;classifier;N/A;N/A;N/A;2000;100;75;9400;0,0000;0,0000;0,0000;0,0000;0,0000;0,0000;0;0;0;0
20260614_0639;Recorrência_200;classification;LeveragingBagging;Default_FullFeatures;classifier;classifier;classifier;N/A;N/A;N/A;2000;100;76;9500;0,0000;0,0000;0,0000;0,0000;0,0000;0,0000;0;0;0;0
20260614_0639;Recorrência_200;classification;LeveragingBagging;Default_FullFeatures;classifier;classifier;classifier;N/A;N/A;N/A;2000;100;77;9600;0,0000;0,0000;0,0000;0,0000;0,0000;0,0000;0;0;0;0
20260614_0639;Recorrência_200;classification;LeveragingBagging;Default_FullFeatures;classifier;classifier;classifier;N/A;N/A;N/A;2000;100;78;9700;0,0000;0,0000;0,0000;0,0000;0,0000;0,0000;0;0;0;0
20260614_0639;Recorrência_200;classification;LeveragingBagging;Default_FullFeatures;classifier;classifier;classifier;N/A;N/A;N/A;2000;100;79;9800;0,0000;0,0000;0,0000;0,0000;0,0000;0,0000;0;0;0;0
20260614_0639;Recorrência_200;classification;LeveragingBagging;Default_FullFeatures;classifier;classifier;classifier;N/A;N/A;N/A;2000;100;80;9900;0,0000;0,0000;0,0000;0,0000;0,0000;0,0000;0;0;0;0
20260614_0639;Recorrência_200;classification;LeveragingBagging;Default_FullFeatures;classifier;classifier;classifier;N/A;N/A;N/A;2000;100;81;10000;0,0000;0,0000;0,0000;0,0000;0,0000;0,0000;0;0;0;0
20260614_0639;Recorrência_200;classification;LeveragingBagging;Default_FullFeatures;classifier;classifier;classifier;N/A;N/A;N/A;2000;100;82;10100;0,0000;0,0000;0,0000;0,0000;0,0000;0,0000;0;0;0;0
20260614_0639;Recorrência_200;classification;LeveragingBagging;Default_FullFeatures;classifier;classifier;classifier;N/A;N/A;N/A;2000;100;83;10200;0,0000;0,0000;0,0000;0,0000;0,0000;0,0000;0;0;0;0
20260614_0639;Recorrência_200;classification;LeveragingBagging;Default_FullFeatures;classifier;classifier;classifier;N/A;N/A;N/A;2000;100;84;10300;0,0000;0,0000;0,0000;0,0000;0,0000;0,0000;0;0;0;0
20260614_0639;Recorrência_200;classification;LeveragingBagging;Default_FullFeatures;classifier;classifier;classifier;N/A;N/A;N/A;2000;100;85;10400;0,0000;0,0000;0,0000;0,0000;0,0000;0,0000;0;0;0;0
20260614_0639;Recorrência_200;classification;LeveragingBagging;Default_FullFeatures;classifier;classifier;classifier;N/A;N/A;N/A;2000;100;86;10500;0,0000;0,0000;0,0000;0,0000;0,0000;0,0000;0;0;0;0
20260614_0639;Recorrência_200;classification;LeveragingBagging;Default_FullFeatures;classifier;classifier;classifier;N/A;N/A;N/A;2000;100;87;10600;0,0000;0,0000;0,0000;0,0000;0,0000;0,0000;0;0;0;0
20260614_0639;Recorrência_200;classification;LeveragingBagging;Default_FullFeatures;classifier;classifier;classifier;N/A;N/A;N/A;2000;100;88;10700;0,0000;0,0000;0,0000;0,0000;0,0000;0,0000;0;0;0;0
20260614_0639;Recorrência_200;classification;LeveragingBagging;Default_FullFeatures;classifier;classifier;classifier;N/A;N/A;N/A;2000;100;89;10800;0,0000;0,0000;0,0000;0,0000;0,0000;0,0000;0;0;0;0
20260614_0639;Recorrência_200;classification;LeveragingBagging;Default_FullFeatures;classifier;classifier;classifier;N/A;N/A;N/A;2000;100;90;10900;0,0000;0,0000;0,0000;0,0000;0,0000;0,0000;0;0;0;0
20260614_0639;Recorrência_200;classification;LeveragingBagging;Default_FullFeatures;classifier;classifier;classifier;N/A;N/A;N/A;2000;100;91;11000;0,0000;0,0000;0,0000;0,0000;0,0000;0,0000;0;0;0;0
20260614_0639;Recorrência_200;classification;LeveragingBagging;Default_FullFeatures;classifier;classifier;classifier;N/A;N/A;N/A;2000;100;92;11100;0,0000;0,0000;0,0000;0,0000;0,0000;0,0000;0;0;0;0
20260614_0639;Recorrência_200;classification;LeveragingBagging;Default_FullFeatures;classifier;classifier;classifier;N/A;N/A;N/A;2000;100;93;11200;97,1751;0,0000;100,0000;0,0000;94,5055;0,0000;0;0;5;0
20260614_0639;Recorrência_200;classification;LeveragingBagging;Default_FullFeatures;classifier;classifier;classifier;N/A;N/A;N/A;2000;100;94;11300;100,0000;0,0000;100,0000;0,0000;100,0000;0,0000;0;0;0;0
20260614_0639;Recorrência_200;classification;LeveragingBagging;Default_FullFeatures;classifier;classifier;classifier;N/A;N/A;N/A;2000;100;95;11400;0,0000;0,0000;0,0000;0,0000;0,0000;0,0000;0;0;0;0
20260614_0639;Recorrência_200;classification;LeveragingBagging;Default_FullFeatures;classifier;classifier;classifier;N/A;N/A;N/A;2000;100;96;11500;0,0000;0,0000;0,0000;0,0000;0,0000;0,0000;0;0;0;0
20260614_0639;Recorrência_200;classification;LeveragingBagging;Default_FullFeatures;classifier;classifier;classifier;N/A;N/A;N/A;2000;100;97;11600;0,0000;0,0000;0,0000;0,0000;0,0000;0,0000;0;0;0;0
20260614_0639;Recorrência_200;classification;LeveragingBagging;Default_FullFeatures;classifier;classifier;classifier;N/A;N/A;N/A;2000;100;98;11700;0,0000;0,0000;0,0000;0,0000;0,0000;0,0000;0;0;0;0
20260614_0639;Recorrência_200;classification;LeveragingBagging;Default_FullFeatures;classifier;classifier;classifier;N/A;N/A;N/A;2000;100;99;11800;0,0000;0,0000;0,0000;0,0000;0,0000;0,0000;0;0;0;0
20260614_0639;Recorrência_200;classification;LeveragingBagging;Default_FullFeatures;classifier;classifier;classifier;N/A;N/A;N/A;2000;100;100;11900;0,0000;0,0000;0,0000;0,0000;0,0000;0,0000;0;0;0;0
20260614_0639;Recorrência_200;classification;LeveragingBagging;Default_FullFeatures;classifier;classifier;classifier;N/A;N/A;N/A;2000;100;101;12000;0,0000;0,0000;0,0000;0,0000;0,0000;0,0000;0;0;0;0
20260614_0639;Recorrência_200;classification;LeveragingBagging;Default_FullFeatures;classifier;classifier;classifier;N/A;N/A;N/A;2000;100;102;12100;0,0000;0,0000;0,0000;0,0000;0,0000;0,0000;0;0;0;0
20260614_0639;Recorrência_200;classification;LeveragingBagging;Default_FullFeatures;classifier;classifier;classifier;N/A;N/A;N/A;2000;100;103;12200;0,0000;0,0000;0,0000;0,0000;0,0000;0,0000;0;0;0;0
20260614_0639;Recorrência_200;classification;LeveragingBagging;Default_FullFeatures;classifier;classifier;classifier;N/A;N/A;N/A;2000;100;104;12300;0,0000;0,0000;0,0000;0,0000;0,0000;0,0000;0;0;0;0
20260614_0639;Recorrência_200;classification;LeveragingBagging;Default_FullFeatures;classifier;classifier;classifier;N/A;N/A;N/A;2000;100;105;12400;0,0000;0,0000;0,0000;0,0000;0,0000;0,0000;0;0;0;0
20260614_0639;Recorrência_200;classification;LeveragingBagging;Default_FullFeatures;classifier;classifier;classifier;N/A;N/A;N/A;2000;100;106;12500;0,0000;0,0000;0,0000;0,0000;0,0000;0,0000;0;0;0;0
20260614_0639;Recorrência_200;classification;LeveragingBagging;Default_FullFeatures;classifier;classifier;classifier;N/A;N/A;N/A;2000;100;107;12600;0,0000;0,0000;0,0000;0,0000;0,0000;0,0000;0;0;0;0
20260614_0639;Recorrência_200;classification;LeveragingBagging;Default_FullFeatures;classifier;classifier;classifier;N/A;N/A;N/A;2000;100;108;12700;0,0000;0,0000;0,0000;0,0000;0,0000;0,0000;0;0;0;0
20260614_0639;Recorrência_200;classification;LeveragingBagging;Default_FullFeatures;classifier;classifier;classifier;N/A;N/A;N/A;2000;100;109;12800;0,0000;0,0000;0,0000;0,0000;0,0000;0,0000;0;0;0;0
20260614_0639;Recorrência_200;classification;LeveragingBagging;Default_FullFeatures;classifier;classifier;classifier;N/A;N/A;N/A;2000;100;110;12900;0,0000;0,0000;0,0000;0,0000;0,0000;0,0000;0;0;0;0
20260614_0639;Recorrência_200;classification;LeveragingBagging;Default_FullFeatures;classifier;classifier;classifier;N/A;N/A;N/A;2000;100;111;13000;0,0000;0,0000;0,0000;0,0000;0,0000;0,0000;0;0;0;0
20260614_0639;Recorrência_200;classification;LeveragingBagging;Default_FullFeatures;classifier;classifier;classifier;N/A;N/A;N/A;2000;100;112;13100;0,0000;0,0000;0,0000;0,0000;0,0000;0,0000;0;0;0;0
20260614_0639;Recorrência_200;classification;LeveragingBagging;Default_FullFeatures;classifier;classifier;classifier;N/A;N/A;N/A;2000;100;113;13200;0,0000;0,0000;0,0000;0,0000;0,0000;0,0000;0;0;0;0
20260614_0639;Recorrência_200;classification;LeveragingBagging;Default_FullFeatures;classifier;classifier;classifier;N/A;N/A;N/A;2000;100;114;13300;0,0000;0,0000;0,0000;0,0000;0,0000;0,0000;0;0;0;0
20260614_0639;Recorrência_200;classification;LeveragingBagging;Default_FullFeatures;classifier;classifier;classifier;N/A;N/A;N/A;2000;100;115;13400;100,0000;0,0000;100,0000;0,0000;100,0000;0,0000;0;0;0;0
20260614_0639;Recorrência_200;classification;LeveragingBagging;Default_FullFeatures;classifier;classifier;classifier;N/A;N/A;N/A;2000;100;116;13500;100,0000;0,0000;100,0000;0,0000;100,0000;0,0000;0;0;0;0
20260614_0639;Recorrência_200;classification;LeveragingBagging;Default_FullFeatures;classifier;classifier;classifier;N/A;N/A;N/A;2000;100;117;13600;0,0000;0,0000;0,0000;0,0000;0,0000;0,0000;0;0;0;0
20260614_0639;Recorrência_200;classification;LeveragingBagging;Default_FullFeatures;classifier;classifier;classifier;N/A;N/A;N/A;2000;100;118;13700;0,0000;0,0000;0,0000;0,0000;0,0000;0,0000;0;0;0;0
20260614_0639;Recorrência_200;classification;LeveragingBagging;Default_FullFeatures;classifier;classifier;classifier;N/A;N/A;N/A;2000;100;119;13800;0,0000;0,0000;0,0000;0,0000;0,0000;0,0000;0;0;0;0
20260614_0639;Recorrência_200;classification;LeveragingBagging;Default_FullFeatures;classifier;classifier;classifier;N/A;N/A;N/A;2000;100;120;13900;0,0000;0,0000;0,0000;0,0000;0,0000;0,0000;0;0;0;0
20260614_0639;Recorrência_200;classification;LeveragingBagging;Default_FullFeatures;classifier;classifier;classifier;N/A;N/A;N/A;2000;100;121;14000;0,0000;0,0000;0,0000;0,0000;0,0000;0,0000;0;0;0;0
20260614_0639;Recorrência_200;classification;LeveragingBagging;Default_FullFeatures;classifier;classifier;classifier;N/A;N/A;N/A;2000;100;122;14100;0,0000;0,0000;0,0000;0,0000;0,0000;0,0000;0;0;0;0
20260614_0639;Recorrência_200;classification;LeveragingBagging;Default_FullFeatures;classifier;classifier;classifier;N/A;N/A;N/A;2000;100;123;14200;0,0000;0,0000;0,0000;0,0000;0,0000;0,0000;0;0;0;0
20260614_0639;Recorrência_200;classification;LeveragingBagging;Default_FullFeatures;classifier;classifier;classifier;N/A;N/A;N/A;2000;100;124;14300;0,0000;0,0000;0,0000;0,0000;0,0000;0,0000;0;0;0;0
20260614_0639;Recorrência_200;classification;LeveragingBagging;Default_FullFeatures;classifier;classifier;classifier;N/A;N/A;N/A;2000;100;125;14400;0,0000;0,0000;0,0000;0,0000;0,0000;0,0000;0;0;0;0
20260614_0639;Recorrência_200;classification;LeveragingBagging;Default_FullFeatures;classifier;classifier;classifier;N/A;N/A;N/A;2000;100;126;14500;0,0000;0,0000;0,0000;0,0000;0,0000;0,0000;0;0;0;0
20260614_0639;Recorrência_200;classification;LeveragingBagging;Default_FullFeatures;classifier;classifier;classifier;N/A;N/A;N/A;2000;100;127;14600;0,0000;0,0000;0,0000;0,0000;0,0000;0,0000;0;0;0;0
20260614_0639;Recorrência_200;classification;LeveragingBagging;Default_FullFeatures;classifier;classifier;classifier;N/A;N/A;N/A;2000;100;128;14700;0,0000;0,0000;0,0000;0,0000;0,0000;0,0000;0;0;0;0
20260614_0639;Recorrência_200;classification;LeveragingBagging;Default_FullFeatures;classifier;classifier;classifier;N/A;N/A;N/A;2000;100;129;14800;0,0000;0,0000;0,0000;0,0000;0,0000;0,0000;0;0;0;0
20260614_0639;Recorrência_200;classification;LeveragingBagging;Default_FullFeatures;classifier;classifier;classifier;N/A;N/A;N/A;2000;100;130;14900;0,0000;0,0000;0,0000;0,0000;0,0000;0,0000;0;0;0;0
20260614_0639;Recorrência_200;classification;LeveragingBagging;Default_FullFeatures;classifier;classifier;classifier;N/A;N/A;N/A;2000;100;131;15000;0,0000;0,0000;0,0000;0,0000;0,0000;0,0000;0;0;0;0
20260614_0639;Recorrência_200;classification;LeveragingBagging;Default_FullFeatures;classifier;classifier;classifier;N/A;N/A;N/A;2000;100;132;15100;0,0000;0,0000;0,0000;0,0000;0,0000;0,0000;0;0;0;0
20260614_0639;Recorrência_200;classification;LeveragingBagging;Default_FullFeatures;classifier;classifier;classifier;N/A;N/A;N/A;2000;100;133;15200;0,0000;0,0000;0,0000;0,0000;0,0000;0,0000;0;0;0;0
20260614_0639;Recorrência_200;classification;LeveragingBagging;Default_FullFeatures;classifier;classifier;classifier;N/A;N/A;N/A;2000;100;134;15300;0,0000;0,0000;0,0000;0,0000;0,0000;0,0000;0;0;0;0
20260614_0639;Recorrência_200;classification;LeveragingBagging;Default_FullFeatures;classifier;classifier;classifier;N/A;N/A;N/A;2000;100;135;15400;0,0000;0,0000;0,0000;0,0000;0,0000;0,0000;0;0;0;0
20260614_0639;Recorrência_200;classification;LeveragingBagging;Default_FullFeatures;classifier;classifier;classifier;N/A;N/A;N/A;2000;100;136;15500;0,0000;0,0000;0,0000;0,0000;0,0000;0,0000;0;0;0;0
20260614_0639;Recorrência_1000;classification;LeveragingBagging;Default_FullFeatures;classifier;classifier;classifier;N/A;N/A;N/A;2000;100;1;2000;0,0000;0,0000;0,0000;0,0000;0,0000;0,0000;0;0;0;0
20260614_0639;Recorrência_1000;classification;LeveragingBagging;Default_FullFeatures;classifier;classifier;classifier;N/A;N/A;N/A;2000;100;2;2100;0,0000;0,0000;0,0000;0,0000;0,0000;0,0000;0;0;0;0
20260614_0639;Recorrência_1000;classification;LeveragingBagging;Default_FullFeatures;classifier;classifier;classifier;N/A;N/A;N/A;2000;100;3;2200;95,4128;0,0000;98,1132;0,0000;92,8571;0,0000;1;0;4;0
20260614_0639;Recorrência_1000;classification;LeveragingBagging;Default_FullFeatures;classifier;classifier;classifier;N/A;N/A;N/A;2000;100;4;2300;99,3865;0,0000;98,7805;0,0000;100,0000;0,0000;1;0;0;0
20260614_0639;Recorrência_1000;classification;LeveragingBagging;Default_FullFeatures;classifier;classifier;classifier;N/A;N/A;N/A;2000;100;5;2400;100,0000;0,0000;100,0000;0,0000;100,0000;0,0000;0;0;0;0
20260614_0639;Recorrência_1000;classification;LeveragingBagging;Default_FullFeatures;classifier;classifier;classifier;N/A;N/A;N/A;2000;100;6;2500;98,4615;0,0000;96,9697;0,0000;100,0000;0,0000;3;0;0;0
20260614_0639;Recorrência_1000;classification;LeveragingBagging;Default_FullFeatures;classifier;classifier;classifier;N/A;N/A;N/A;2000;100;7;2600;99,4924;0,0000;100,0000;0,0000;98,9899;0,0000;0;0;1;0
20260614_0639;Recorrência_1000;classification;LeveragingBagging;Default_FullFeatures;classifier;classifier;classifier;N/A;N/A;N/A;2000;100;8;2700;92,5956;0,5238;86,2165;0,9064;100,0000;0,0000;7;1;0;0
20260614_0639;Recorrência_1000;classification;LeveragingBagging;Default_FullFeatures;classifier;classifier;classifier;N/A;N/A;N/A;2000;100;9;2800;0,0000;0,0000;0,0000;0,0000;0,0000;0,0000;2;1;0;0
20260614_0639;Recorrência_1000;classification;LeveragingBagging;Default_FullFeatures;classifier;classifier;classifier;N/A;N/A;N/A;2000;100;10;2900;0,0000;0,0000;0,0000;0,0000;0,0000;0,0000;1;1;0;0
20260614_0639;Recorrência_1000;classification;LeveragingBagging;Default_FullFeatures;classifier;classifier;classifier;N/A;N/A;N/A;2000;100;11;3000;0,0000;0,0000;0,0000;0,0000;0,0000;0,0000;0;0;0;0
20260614_0639;Recorrência_1000;classification;LeveragingBagging;Default_FullFeatures;classifier;classifier;classifier;N/A;N/A;N/A;2000;100;12;3100;0,0000;0,0000;0,0000;0,0000;0,0000;0,0000;0;0;0;0
20260614_0639;Recorrência_1000;classification;LeveragingBagging;Default_FullFeatures;classifier;classifier;classifier;N/A;N/A;N/A;2000;100;13;3200;0,0000;0,0000;0,0000;0,0000;0,0000;0,0000;0;0;0;0
20260614_0639;Recorrência_1000;classification;LeveragingBagging;Default_FullFeatures;classifier;classifier;classifier;N/A;N/A;N/A;2000;100;14;3300;0,0000;0,0000;0,0000;0,0000;0,0000;0,0000;0;0;0;0
20260614_0639;Recorrência_1000;classification;LeveragingBagging;Default_FullFeatures;classifier;classifier;classifier;N/A;N/A;N/A;2000;100;15;3400;0,0000;0,0000;0,0000;0,0000;0,0000;0,0000;0;0;0;0
20260614_0639;Recorrência_1000;classification;LeveragingBagging;Default_FullFeatures;classifier;classifier;classifier;N/A;N/A;N/A;2000;100;16;3500;0,0000;0,0000;0,0000;0,0000;0,0000;0,0000;0;0;0;0
20260614_0639;Recorrência_1000;classification;LeveragingBagging;Default_FullFeatures;classifier;classifier;classifier;N/A;N/A;N/A;2000;100;17;3600;0,0000;0,0000;0,0000;0,0000;0,0000;0,0000;0;0;0;0
20260614_0639;Recorrência_1000;classification;LeveragingBagging;Default_FullFeatures;classifier;classifier;classifier;N/A;N/A;N/A;2000;100;18;3700;0,0000;0,0000;0,0000;0,0000;0,0000;0,0000;1;0;0;0
20260614_0639;Recorrência_1000;classification;LeveragingBagging;Default_FullFeatures;classifier;classifier;classifier;N/A;N/A;N/A;2000;100;19;3800;0,0000;0,0000;0,0000;0,0000;0,0000;0,0000;1;0;0;0
20260614_0639;Recorrência_1000;classification;LeveragingBagging;Default_FullFeatures;classifier;classifier;classifier;N/A;N/A;N/A;2000;100;20;3900;0,0000;0,0000;0,0000;0,0000;0,0000;0,0000;0;0;0;0
20260614_0639;Recorrência_1000;classification;LeveragingBagging;Default_FullFeatures;classifier;classifier;classifier;N/A;N/A;N/A;2000;100;21;4000;0,0000;0,0000;0,0000;0,0000;0,0000;0,0000;0;0;0;0
20260614_0639;Recorrência_1000;classification;LeveragingBagging;Default_FullFeatures;classifier;classifier;classifier;N/A;N/A;N/A;2000;100;22;4100;0,0000;0,0000;0,0000;0,0000;0,0000;0,0000;1;1;0;0
20260614_0639;Recorrência_1000;classification;LeveragingBagging;Default_FullFeatures;classifier;classifier;classifier;N/A;N/A;N/A;2000;100;23;4200;0,0000;0,0000;0,0000;0,0000;0,0000;0,0000;0;0;0;0
20260614_0639;Recorrência_1000;classification;LeveragingBagging;Default_FullFeatures;classifier;classifier;classifier;N/A;N/A;N/A;2000;100;24;4300;0,0000;0,0000;0,0000;0,0000;0,0000;0,0000;0;0;0;0
20260614_0639;Recorrência_1000;classification;LeveragingBagging;Default_FullFeatures;classifier;classifier;classifier;N/A;N/A;N/A;2000;100;25;4400;0,0000;0,0000;0,0000;0,0000;0,0000;0,0000;0;0;0;0
20260614_0639;Recorrência_1000;classification;LeveragingBagging;Default_FullFeatures;classifier;classifier;classifier;N/A;N/A;N/A;2000;100;26;4500;0,0000;0,0000;0,0000;0,0000;0,0000;0,0000;0;0;0;0
20260614_0639;Recorrência_1000;classification;LeveragingBagging;Default_FullFeatures;classifier;classifier;classifier;N/A;N/A;N/A;2000;100;27;4600;0,0000;0,0000;0,0000;0,0000;0,0000;0,0000;0;0;0;0
20260614_0639;Recorrência_1000;classification;LeveragingBagging;Default_FullFeatures;classifier;classifier;classifier;N/A;N/A;N/A;2000;100;28;4700;0,0000;0,0000;0,0000;0,0000;0,0000;0,0000;0;0;0;0
20260614_0639;Recorrência_1000;classification;LeveragingBagging;Default_FullFeatures;classifier;classifier;classifier;N/A;N/A;N/A;2000;100;29;4800;50,0000;0,0000;100,0000;0,0000;33,3333;0,0000;0;0;10;0
20260614_0639;Recorrência_1000;classification;LeveragingBagging;Default_FullFeatures;classifier;classifier;classifier;N/A;N/A;N/A;2000;100;30;4900;78,5968;2,3175;100,0000;0,0000;64,8000;3,1241;0;0;36;4
20260614_0639;Recorrência_1000;classification;LeveragingBagging;Default_FullFeatures;classifier;classifier;classifier;N/A;N/A;N/A;2000;100;31;5000;88,1627;3,4021;100,0000;0,0000;79,0000;5,5498;0;0;21;6
20260614_0639;Recorrência_1000;classification;LeveragingBagging;Default_FullFeatures;classifier;classifier;classifier;N/A;N/A;N/A;2000;100;32;5100;96,0557;4,7257;100,0000;0,0000;92,8000;8,5650;0;0;8;9
20260614_0639;Recorrência_1000;classification;LeveragingBagging;Default_FullFeatures;classifier;classifier;classifier;N/A;N/A;N/A;2000;100;33;5200;98,2243;2,1817;100,0000;0,0000;96,6000;4,1761;0;0;4;5
20260614_0639;Recorrência_1000;classification;LeveragingBagging;Default_FullFeatures;classifier;classifier;classifier;N/A;N/A;N/A;2000;100;34;5300;97,7640;0,4302;95,6292;0,8221;100,0000;0,0000;4;1;0;0
20260614_0639;Recorrência_1000;classification;LeveragingBagging;Default_FullFeatures;classifier;classifier;classifier;N/A;N/A;N/A;2000;100;35;5400;0,0000;0,0000;0,0000;0,0000;0,0000;0,0000;3;1;0;0
20260614_0639;Recorrência_1000;classification;LeveragingBagging;Default_FullFeatures;classifier;classifier;classifier;N/A;N/A;N/A;2000;100;36;5500;0,0000;0,0000;0,0000;0,0000;0,0000;0,0000;0;0;0;0
20260614_0639;Recorrência_1000;classification;LeveragingBagging;Default_FullFeatures;classifier;classifier;classifier;N/A;N/A;N/A;2000;100;37;5600;0,0000;0,0000;0,0000;0,0000;0,0000;0,0000;2;1;0;0
20260614_0639;Recorrência_1000;classification;LeveragingBagging;Default_FullFeatures;classifier;classifier;classifier;N/A;N/A;N/A;2000;100;38;5700;0,0000;0,0000;0,0000;0,0000;0,0000;0,0000;0;0;0;0
20260614_0639;Recorrência_1000;classification;LeveragingBagging;Default_FullFeatures;classifier;classifier;classifier;N/A;N/A;N/A;2000;100;39;5800;0,0000;0,0000;0,0000;0,0000;0,0000;0,0000;0;0;0;0
20260614_0639;Recorrência_1000;classification;LeveragingBagging;Default_FullFeatures;classifier;classifier;classifier;N/A;N/A;N/A;2000;100;40;5900;0,0000;0,0000;0,0000;0,0000;0,0000;0,0000;0;0;0;0
20260614_0639;Recorrência_1000;classification;LeveragingBagging;Default_FullFeatures;classifier;classifier;classifier;N/A;N/A;N/A;2000;100;41;6000;0,0000;0,0000;0,0000;0,0000;0,0000;0,0000;0;0;0;0
20260614_0639;Recorrência_1000;classification;LeveragingBagging;Default_FullFeatures;classifier;classifier;classifier;N/A;N/A;N/A;2000;100;42;6100;0,0000;0,0000;0,0000;0,0000;0,0000;0,0000;0;0;0;0
20260614_0639;Recorrência_1000;classification;LeveragingBagging;Default_FullFeatures;classifier;classifier;classifier;N/A;N/A;N/A;2000;100;43;6200;0,0000;0,0000;0,0000;0,0000;0,0000;0,0000;0;0;0;0
20260614_0639;Recorrência_1000;classification;LeveragingBagging;Default_FullFeatures;classifier;classifier;classifier;N/A;N/A;N/A;2000;100;44;6300;0,0000;0,0000;0,0000;0,0000;0,0000;0,0000;0;0;0;0
20260614_0639;Recorrência_1000;classification;LeveragingBagging;Default_FullFeatures;classifier;classifier;classifier;N/A;N/A;N/A;2000;100;45;6400;0,0000;0,0000;0,0000;0,0000;0,0000;0,0000;0;0;0;0
20260614_0639;Recorrência_1000;classification;LeveragingBagging;Default_FullFeatures;classifier;classifier;classifier;N/A;N/A;N/A;2000;100;46;6500;0,0000;0,0000;0,0000;0,0000;0,0000;0,0000;0;0;0;0
20260614_0639;Recorrência_1000;classification;LeveragingBagging;Default_FullFeatures;classifier;classifier;classifier;N/A;N/A;N/A;2000;100;47;6600;0,0000;0,0000;0,0000;0,0000;0,0000;0,0000;0;0;0;0
20260614_0639;Recorrência_1000;classification;LeveragingBagging;Default_FullFeatures;classifier;classifier;classifier;N/A;N/A;N/A;2000;100;48;6700;0,0000;0,0000;0,0000;0,0000;0,0000;0,0000;0;0;0;0
20260614_0639;Recorrência_1000;classification;LeveragingBagging;Default_FullFeatures;classifier;classifier;classifier;N/A;N/A;N/A;2000;100;49;6800;0,0000;0,0000;0,0000;0,0000;0,0000;0,0000;0;0;0;0
20260614_0639;Recorrência_1000;classification;LeveragingBagging;Default_FullFeatures;classifier;classifier;classifier;N/A;N/A;N/A;2000;100;50;6900;0,0000;0,0000;0,0000;0,0000;0,0000;0,0000;0;0;0;0
20260614_0639;Recorrência_1000;classification;LeveragingBagging;Default_FullFeatures;classifier;classifier;classifier;N/A;N/A;N/A;2000;100;51;7000;0,0000;0,0000;0,0000;0,0000;0,0000;0,0000;0;0;0;0
20260614_0639;Recorrência_1000;classification;LeveragingBagging;Default_FullFeatures;classifier;classifier;classifier;N/A;N/A;N/A;2000;100;52;7100;0,0000;0,0000;0,0000;0,0000;0,0000;0,0000;0;0;0;0
20260614_0639;Recorrência_1000;classification;LeveragingBagging;Default_FullFeatures;classifier;classifier;classifier;N/A;N/A;N/A;2000;100;53;7200;0,0000;0,0000;0,0000;0,0000;0,0000;0,0000;0;0;0;0
20260614_0639;Recorrência_1000;classification;LeveragingBagging;Default_FullFeatures;classifier;classifier;classifier;N/A;N/A;N/A;2000;100;54;7300;0,0000;0,0000;0,0000;0,0000;0,0000;0,0000;0;0;0;0
20260614_0639;Recorrência_1000;classification;LeveragingBagging;Default_FullFeatures;classifier;classifier;classifier;N/A;N/A;N/A;2000;100;55;7400;0,0000;0,0000;0,0000;0,0000;0,0000;0,0000;0;0;0;0
20260614_0639;Recorrência_1000;classification;LeveragingBagging;Default_FullFeatures;classifier;classifier;classifier;N/A;N/A;N/A;2000;100;56;7500;95,9750;0,5408;100,0000;0,0000;92,2667;0,9978;0;0;6;1
20260614_0639;Recorrência_1000;classification;LeveragingBagging;Default_FullFeatures;classifier;classifier;classifier;N/A;N/A;N/A;2000;100;57;7600;100,0000;0,0000;100,0000;0,0000;100,0000;0,0000;0;0;0;0
20260614_0639;Recorrência_1000;classification;LeveragingBagging;Default_FullFeatures;classifier;classifier;classifier;N/A;N/A;N/A;2000;100;58;7700;99,4975;0,0000;100,0000;0,0000;99,0000;0,0000;0;0;1;0
20260614_0639;Recorrência_1000;classification;LeveragingBagging;Default_FullFeatures;classifier;classifier;classifier;N/A;N/A;N/A;2000;100;59;7800;100,0000;0,0000;100,0000;0,0000;100,0000;0,0000;0;0;0;0
20260614_0639;Recorrência_1000;classification;LeveragingBagging;Default_FullFeatures;classifier;classifier;classifier;N/A;N/A;N/A;2000;100;60;7900;100,0000;0,0000;100,0000;0,0000;100,0000;0,0000;0;0;0;0
20260614_0639;Recorrência_1000;classification;LeveragingBagging;Default_FullFeatures;classifier;classifier;classifier;N/A;N/A;N/A;2000;100;61;8000;100,0000;0,0000;100,0000;0,0000;100,0000;0,0000;0;0;0;0
20260614_0639;Recorrência_1000;classification;LeveragingBagging;Default_FullFeatures;classifier;classifier;classifier;N/A;N/A;N/A;2000;100;62;8100;0,0000;0,0000;0,0000;0,0000;0,0000;0,0000;1;1;0;0
20260614_0639;Recorrência_1000;classification;LeveragingBagging;Default_FullFeatures;classifier;classifier;classifier;N/A;N/A;N/A;2000;100;63;8200;0,0000;0,0000;0,0000;0,0000;0,0000;0,0000;0;0;0;0
20260614_0639;Recorrência_1000;classification;LeveragingBagging;Default_FullFeatures;classifier;classifier;classifier;N/A;N/A;N/A;2000;100;64;8300;0,0000;0,0000;0,0000;0,0000;0,0000;0,0000;0;0;0;0
20260614_0639;Recorrência_1000;classification;LeveragingBagging;Default_FullFeatures;classifier;classifier;classifier;N/A;N/A;N/A;2000;100;65;8400;0,0000;0,0000;0,0000;0,0000;0,0000;0,0000;0;0;0;0
20260614_0639;Recorrência_1000;classification;LeveragingBagging;Default_FullFeatures;classifier;classifier;classifier;N/A;N/A;N/A;2000;100;66;8500;0,0000;0,0000;0,0000;0,0000;0,0000;0,0000;0;0;0;0
20260614_0639;Recorrência_1000;classification;LeveragingBagging;Default_FullFeatures;classifier;classifier;classifier;N/A;N/A;N/A;2000;100;67;8600;0,0000;0,0000;0,0000;0,0000;0,0000;0,0000;0;0;0;0
20260614_0639;Recorrência_1000;classification;LeveragingBagging;Default_FullFeatures;classifier;classifier;classifier;N/A;N/A;N/A;2000;100;68;8700;0,0000;0,0000;0,0000;0,0000;0,0000;0,0000;0;0;0;0
20260614_0639;Recorrência_1000;classification;LeveragingBagging;Default_FullFeatures;classifier;classifier;classifier;N/A;N/A;N/A;2000;100;69;8800;0,0000;0,0000;0,0000;0,0000;0,0000;0,0000;0;0;0;0
20260614_0639;Recorrência_1000;classification;LeveragingBagging;Default_FullFeatures;classifier;classifier;classifier;N/A;N/A;N/A;2000;100;70;8900;0,0000;0,0000;0,0000;0,0000;0,0000;0,0000;0;0;0;0
20260614_0639;Recorrência_1000;classification;LeveragingBagging;Default_FullFeatures;classifier;classifier;classifier;N/A;N/A;N/A;2000;100;71;9000;0,0000;0,0000;0,0000;0,0000;0,0000;0,0000;0;0;0;0
20260614_0639;Recorrência_1000;classification;LeveragingBagging;Default_FullFeatures;classifier;classifier;classifier;N/A;N/A;N/A;2000;100;72;9100;0,0000;0,0000;0,0000;0,0000;0,0000;0,0000;0;0;0;0
20260614_0639;Recorrência_1000;classification;LeveragingBagging;Default_FullFeatures;classifier;classifier;classifier;N/A;N/A;N/A;2000;100;73;9200;0,0000;0,0000;0,0000;0,0000;0,0000;0,0000;0;0;0;0
20260614_0639;Recorrência_1000;classification;LeveragingBagging;Default_FullFeatures;classifier;classifier;classifier;N/A;N/A;N/A;2000;100;74;9300;0,0000;0,0000;0,0000;0,0000;0,0000;0,0000;0;0;0;0
20260614_0639;Recorrência_1000;classification;LeveragingBagging;Default_FullFeatures;classifier;classifier;classifier;N/A;N/A;N/A;2000;100;75;9400;0,0000;0,0000;0,0000;0,0000;0,0000;0,0000;0;0;0;0
20260614_0639;Recorrência_1000;classification;LeveragingBagging;Default_FullFeatures;classifier;classifier;classifier;N/A;N/A;N/A;2000;100;76;9500;0,0000;0,0000;0,0000;0,0000;0,0000;0,0000;0;0;0;0
20260614_0639;Recorrência_1000;classification;LeveragingBagging;Default_FullFeatures;classifier;classifier;classifier;N/A;N/A;N/A;2000;100;77;9600;0,0000;0,0000;0,0000;0,0000;0,0000;0,0000;0;0;0;0
20260614_0639;Recorrência_1000;classification;LeveragingBagging;Default_FullFeatures;classifier;classifier;classifier;N/A;N/A;N/A;2000;100;78;9700;0,0000;0,0000;0,0000;0,0000;0,0000;0,0000;0;0;0;0
20260614_0639;Recorrência_1000;classification;LeveragingBagging;Default_FullFeatures;classifier;classifier;classifier;N/A;N/A;N/A;2000;100;79;9800;0,0000;0,0000;0,0000;0,0000;0,0000;0,0000;0;0;0;0
20260614_0639;Recorrência_1000;classification;LeveragingBagging;Default_FullFeatures;classifier;classifier;classifier;N/A;N/A;N/A;2000;100;80;9900;0,0000;0,0000;0,0000;0,0000;0,0000;0,0000;0;0;0;0
20260614_0639;Recorrência_1000;classification;LeveragingBagging;Default_FullFeatures;classifier;classifier;classifier;N/A;N/A;N/A;2000;100;81;10000;0,0000;0,0000;0,0000;0,0000;0,0000;0,0000;0;0;0;0
20260614_0639;Recorrência_1000;classification;LeveragingBagging;Default_FullFeatures;classifier;classifier;classifier;N/A;N/A;N/A;2000;100;82;10100;86,9565;0,0000;100,0000;0,0000;76,9231;0,0000;0;0;3;0
20260614_0639;Recorrência_1000;classification;LeveragingBagging;Default_FullFeatures;classifier;classifier;classifier;N/A;N/A;N/A;2000;100;83;10200;94,1176;0,0000;100,0000;0,0000;88,8889;0,0000;0;0;3;0
20260614_0639;Recorrência_1000;classification;LeveragingBagging;Default_FullFeatures;classifier;classifier;classifier;N/A;N/A;N/A;2000;100;84;10300;88,7179;4,3965;100,0000;0,0000;80,0000;6,9985;0;0;2;1
20260614_0639;Recorrência_1000;classification;LeveragingBagging;Default_FullFeatures;classifier;classifier;classifier;N/A;N/A;N/A;2000;100;85;10400;98,9491;0,3244;100,0000;0,0000;97,9221;0,6362;0;0;2;1
20260614_0639;Recorrência_1000;classification;LeveragingBagging;Default_FullFeatures;classifier;classifier;classifier;N/A;N/A;N/A;2000;100;86;10500;95,8333;0,0000;100,0000;0,0000;92,0000;0,0000;0;0;2;0
20260614_0639;Recorrência_1000;classification;LeveragingBagging;Default_FullFeatures;classifier;classifier;classifier;N/A;N/A;N/A;2000;100;87;10600;100,0000;0,0000;100,0000;0,0000;100,0000;0,0000;0;0;0;0
20260614_0639;Recorrência_1000;classification;LeveragingBagging;Default_FullFeatures;classifier;classifier;classifier;N/A;N/A;N/A;2000;100;88;10700;0,0000;0,0000;0,0000;0,0000;0,0000;0,0000;0;0;0;0
20260614_0639;Recorrência_1000;classification;LeveragingBagging;Default_FullFeatures;classifier;classifier;classifier;N/A;N/A;N/A;2000;100;89;10800;0,0000;0,0000;0,0000;0,0000;0,0000;0,0000;0;0;0;0
20260614_0639;Recorrência_1000;classification;LeveragingBagging;Default_FullFeatures;classifier;classifier;classifier;N/A;N/A;N/A;2000;100;90;10900;0,0000;0,0000;0,0000;0,0000;0,0000;0,0000;0;0;0;0
20260614_0639;Recorrência_1000;classification;LeveragingBagging;Default_FullFeatures;classifier;classifier;classifier;N/A;N/A;N/A;2000;100;91;11000;0,0000;0,0000;0,0000;0,0000;0,0000;0,0000;0;0;0;0
20260614_0639;Recorrência_1000;classification;LeveragingBagging;Default_FullFeatures;classifier;classifier;classifier;N/A;N/A;N/A;2000;100;92;11100;0,0000;0,0000;0,0000;0,0000;0,0000;0,0000;0;0;0;0
20260614_0639;Recorrência_1000;classification;LeveragingBagging;Default_FullFeatures;classifier;classifier;classifier;N/A;N/A;N/A;2000;100;93;11200;0,0000;0,0000;0,0000;0,0000;0,0000;0,0000;0;0;0;0
20260614_0639;Recorrência_1000;classification;LeveragingBagging;Default_FullFeatures;classifier;classifier;classifier;N/A;N/A;N/A;2000;100;94;11300;0,0000;0,0000;0,0000;0,0000;0,0000;0,0000;0;0;0;0
20260614_0639;Recorrência_1000;classification;LeveragingBagging;Default_FullFeatures;classifier;classifier;classifier;N/A;N/A;N/A;2000;100;95;11400;0,0000;0,0000;0,0000;0,0000;0,0000;0,0000;0;0;0;0
20260614_0639;Recorrência_1000;classification;LeveragingBagging;Default_FullFeatures;classifier;classifier;classifier;N/A;N/A;N/A;2000;100;96;11500;0,0000;0,0000;0,0000;0,0000;0,0000;0,0000;0;0;0;0
20260614_0639;Recorrência_1000;classification;LeveragingBagging;Default_FullFeatures;classifier;classifier;classifier;N/A;N/A;N/A;2000;100;97;11600;0,0000;0,0000;0,0000;0,0000;0,0000;0,0000;0;0;0;0
20260614_0639;Recorrência_1000;classification;LeveragingBagging;Default_FullFeatures;classifier;classifier;classifier;N/A;N/A;N/A;2000;100;98;11700;0,0000;0,0000;0,0000;0,0000;0,0000;0,0000;1;0;0;0
20260614_0639;Recorrência_1000;classification;LeveragingBagging;Default_FullFeatures;classifier;classifier;classifier;N/A;N/A;N/A;2000;100;99;11800;0,0000;0,0000;0,0000;0,0000;0,0000;0,0000;0;0;0;0
20260614_0639;Recorrência_1000;classification;LeveragingBagging;Default_FullFeatures;classifier;classifier;classifier;N/A;N/A;N/A;2000;100;100;11900;0,0000;0,0000;0,0000;0,0000;0,0000;0,0000;0;0;0;0
20260614_0639;Recorrência_1000;classification;LeveragingBagging;Default_FullFeatures;classifier;classifier;classifier;N/A;N/A;N/A;2000;100;101;12000;0,0000;0,0000;0,0000;0,0000;0,0000;0,0000;0;0;0;0
20260614_0639;Recorrência_1000;classification;LeveragingBagging;Default_FullFeatures;classifier;classifier;classifier;N/A;N/A;N/A;2000;100;102;12100;0,0000;0,0000;0,0000;0,0000;0,0000;0,0000;0;0;0;0
20260614_0639;Recorrência_1000;classification;LeveragingBagging;Default_FullFeatures;classifier;classifier;classifier;N/A;N/A;N/A;2000;100;103;12200;0,0000;0,0000;0,0000;0,0000;0,0000;0,0000;0;0;0;0
20260614_0639;Recorrência_1000;classification;LeveragingBagging;Default_FullFeatures;classifier;classifier;classifier;N/A;N/A;N/A;2000;100;104;12300;0,0000;0,0000;0,0000;0,0000;0,0000;0,0000;0;0;0;0
20260614_0639;Recorrência_1000;classification;LeveragingBagging;Default_FullFeatures;classifier;classifier;classifier;N/A;N/A;N/A;2000;100;105;12400;0,0000;0,0000;0,0000;0,0000;0,0000;0,0000;0;0;0;0
20260614_0639;Recorrência_1000;classification;LeveragingBagging;Default_FullFeatures;classifier;classifier;classifier;N/A;N/A;N/A;2000;100;106;12500;0,0000;0,0000;0,0000;0,0000;0,0000;0,0000;0;0;0;0
20260614_0639;Recorrência_1000;classification;LeveragingBagging;Default_FullFeatures;classifier;classifier;classifier;N/A;N/A;N/A;2000;100;107;12600;0,0000;0,0000;0,0000;0,0000;0,0000;0,0000;0;0;0;0
20260614_0639;Recorrência_1000;classification;LeveragingBagging;Default_FullFeatures;classifier;classifier;classifier;N/A;N/A;N/A;2000;100;108;12700;0,0000;0,0000;0,0000;0,0000;0,0000;0,0000;0;0;0;0
20260614_0639;Recorrência_1000;classification;LeveragingBagging;Default_FullFeatures;classifier;classifier;classifier;N/A;N/A;N/A;2000;100;109;12800;97,0570;0,4351;100,0000;0,0000;94,2857;0,8223;0;0;6;1
20260614_0639;Recorrência_1000;classification;LeveragingBagging;Default_FullFeatures;classifier;classifier;classifier;N/A;N/A;N/A;2000;100;110;12900;100,0000;0,0000;100,0000;0,0000;100,0000;0,0000;0;0;0;0
20260614_0639;Recorrência_1000;classification;LeveragingBagging;Default_FullFeatures;classifier;classifier;classifier;N/A;N/A;N/A;2000;100;111;13000;100,0000;0,0000;100,0000;0,0000;100,0000;0,0000;0;0;0;0
20260614_0639;Recorrência_1000;classification;LeveragingBagging;Default_FullFeatures;classifier;classifier;classifier;N/A;N/A;N/A;2000;100;112;13100;100,0000;0,0000;100,0000;0,0000;100,0000;0,0000;0;0;0;0
20260614_0639;Recorrência_1000;classification;LeveragingBagging;Default_FullFeatures;classifier;classifier;classifier;N/A;N/A;N/A;2000;100;113;13200;99,7990;0,2462;100,0000;0,0000;99,6000;0,4899;0;0;1;1
20260614_0639;Recorrência_1000;classification;LeveragingBagging;Default_FullFeatures;classifier;classifier;classifier;N/A;N/A;N/A;2000;100;114;13300;100,0000;0,0000;100,0000;0,0000;100,0000;0,0000;0;0;0;0
20260614_0639;Recorrência_1000;classification;LeveragingBagging;Default_FullFeatures;classifier;classifier;classifier;N/A;N/A;N/A;2000;100;115;13400;0,0000;0,0000;0,0000;0,0000;0,0000;0,0000;0;0;0;0
20260614_0639;Recorrência_1000;classification;LeveragingBagging;Default_FullFeatures;classifier;classifier;classifier;N/A;N/A;N/A;2000;100;116;13500;0,0000;0,0000;0,0000;0,0000;0,0000;0,0000;0;0;0;0
20260614_0639;Recorrência_1000;classification;LeveragingBagging;Default_FullFeatures;classifier;classifier;classifier;N/A;N/A;N/A;2000;100;117;13600;0,0000;0,0000;0,0000;0,0000;0,0000;0,0000;0;0;0;0
20260614_0639;Recorrência_1000;classification;LeveragingBagging;Default_FullFeatures;classifier;classifier;classifier;N/A;N/A;N/A;2000;100;118;13700;0,0000;0,0000;0,0000;0,0000;0,0000;0,0000;0;0;0;0
20260614_0639;Recorrência_1000;classification;LeveragingBagging;Default_FullFeatures;classifier;classifier;classifier;N/A;N/A;N/A;2000;100;119;13800;0,0000;0,0000;0,0000;0,0000;0,0000;0,0000;0;0;0;0
20260614_0639;Recorrência_1000;classification;LeveragingBagging;Default_FullFeatures;classifier;classifier;classifier;N/A;N/A;N/A;2000;100;120;13900;0,0000;0,0000;0,0000;0,0000;0,0000;0,0000;0;0;0;0
20260614_0639;Recorrência_1000;classification;LeveragingBagging;Default_FullFeatures;classifier;classifier;classifier;N/A;N/A;N/A;2000;100;121;14000;0,0000;0,0000;0,0000;0,0000;0,0000;0,0000;0;0;0;0
20260614_0639;Recorrência_1000;classification;LeveragingBagging;Default_FullFeatures;classifier;classifier;classifier;N/A;N/A;N/A;2000;100;122;14100;0,0000;0,0000;0,0000;0,0000;0,0000;0,0000;0;0;0;0
20260614_0639;Recorrência_1000;classification;LeveragingBagging;Default_FullFeatures;classifier;classifier;classifier;N/A;N/A;N/A;2000;100;123;14200;0,0000;0,0000;0,0000;0,0000;0,0000;0,0000;0;0;0;0
20260614_0639;Recorrência_1000;classification;LeveragingBagging;Default_FullFeatures;classifier;classifier;classifier;N/A;N/A;N/A;2000;100;124;14300;0,0000;0,0000;0,0000;0,0000;0,0000;0,0000;1;1;0;0
20260614_0639;Recorrência_1000;classification;LeveragingBagging;Default_FullFeatures;classifier;classifier;classifier;N/A;N/A;N/A;2000;100;125;14400;0,0000;0,0000;0,0000;0,0000;0,0000;0,0000;0;0;0;0
20260614_0639;Recorrência_1000;classification;LeveragingBagging;Default_FullFeatures;classifier;classifier;classifier;N/A;N/A;N/A;2000;100;126;14500;0,0000;0,0000;0,0000;0,0000;0,0000;0,0000;0;0;0;0
20260614_0639;Recorrência_1000;classification;LeveragingBagging;Default_FullFeatures;classifier;classifier;classifier;N/A;N/A;N/A;2000;100;127;14600;0,0000;0,0000;0,0000;0,0000;0,0000;0,0000;0;0;0;0
20260614_0639;Recorrência_1000;classification;LeveragingBagging;Default_FullFeatures;classifier;classifier;classifier;N/A;N/A;N/A;2000;100;128;14700;0,0000;0,0000;0,0000;0,0000;0,0000;0,0000;0;0;0;0
20260614_0639;Recorrência_1000;classification;LeveragingBagging;Default_FullFeatures;classifier;classifier;classifier;N/A;N/A;N/A;2000;100;129;14800;0,0000;0,0000;0,0000;0,0000;0,0000;0,0000;0;0;0;0
20260614_0639;Recorrência_1000;classification;LeveragingBagging;Default_FullFeatures;classifier;classifier;classifier;N/A;N/A;N/A;2000;100;130;14900;0,0000;0,0000;0,0000;0,0000;0,0000;0,0000;0;0;0;0
20260614_0639;Recorrência_1000;classification;LeveragingBagging;Default_FullFeatures;classifier;classifier;classifier;N/A;N/A;N/A;2000;100;131;15000;0,0000;0,0000;0,0000;0,0000;0,0000;0,0000;0;0;0;0
20260614_0639;Recorrência_1000;classification;LeveragingBagging;Default_FullFeatures;classifier;classifier;classifier;N/A;N/A;N/A;2000;100;132;15100;0,0000;0,0000;0,0000;0,0000;0,0000;0,0000;0;0;0;0
20260614_0639;Recorrência_1000;classification;LeveragingBagging;Default_FullFeatures;classifier;classifier;classifier;N/A;N/A;N/A;2000;100;133;15200;0,0000;0,0000;0,0000;0,0000;0,0000;0,0000;0;0;0;0
20260614_0639;Recorrência_1000;classification;LeveragingBagging;Default_FullFeatures;classifier;classifier;classifier;N/A;N/A;N/A;2000;100;134;15300;0,0000;0,0000;0,0000;0,0000;0,0000;0,0000;0;0;0;0
20260614_0639;Recorrência_1000;classification;LeveragingBagging;Default_FullFeatures;classifier;classifier;classifier;N/A;N/A;N/A;2000;100;135;15400;98,5481;0,5156;100,0000;0,0000;97,1429;0,9998;0;0;2;1
20260614_0639;Recorrência_1000;classification;LeveragingBagging;Default_FullFeatures;classifier;classifier;classifier;N/A;N/A;N/A;2000;100;136;15500;99,6985;0,2462;100,0000;0,0000;99,4000;0,4899;0;0;1;1
20260614_0639;Recorrência_1000;classification;LeveragingBagging;Default_FullFeatures;classifier;classifier;classifier;N/A;N/A;N/A;2000;100;137;15600;99,8995;0,2010;100,0000;0,0000;99,8000;0,4000;0;0;1;1
20260614_0639;Recorrência_1000;classification;LeveragingBagging;Default_FullFeatures;classifier;classifier;classifier;N/A;N/A;N/A;2000;100;138;15700;100,0000;0,0000;100,0000;0,0000;100,0000;0,0000;0;0;0;0
20260614_0639;Recorrência_1000;classification;LeveragingBagging;Default_FullFeatures;classifier;classifier;classifier;N/A;N/A;N/A;2000;100;139;15800;100,0000;0,0000;100,0000;0,0000;100,0000;0,0000;0;0;0;0
20260614_0639;Recorrência_1000;classification;LeveragingBagging;Default_FullFeatures;classifier;classifier;classifier;N/A;N/A;N/A;2000;100;140;15900;100,0000;0,0000;100,0000;0,0000;100,0000;0,0000;0;0;0;0
20260614_0639;Recorrência_1000;classification;LeveragingBagging;Default_FullFeatures;classifier;classifier;classifier;N/A;N/A;N/A;2000;100;141;16000;0,0000;0,0000;0,0000;0,0000;0,0000;0,0000;0;0;0;0
20260614_0639;Recorrência_1000;classification;LeveragingBagging;Default_FullFeatures;classifier;classifier;classifier;N/A;N/A;N/A;2000;100;142;16100;0,0000;0,0000;0,0000;0,0000;0,0000;0,0000;0;0;0;0
20260614_0639;Recorrência_1000;classification;LeveragingBagging;Default_FullFeatures;classifier;classifier;classifier;N/A;N/A;N/A;2000;100;143;16200;0,0000;0,0000;0,0000;0,0000;0,0000;0,0000;0;0;0;0
20260614_0639;Recorrência_1000;classification;LeveragingBagging;Default_FullFeatures;classifier;classifier;classifier;N/A;N/A;N/A;2000;100;144;16300;0,0000;0,0000;0,0000;0,0000;0,0000;0,0000;0;0;0;0
20260614_0639;Recorrência_1000;classification;LeveragingBagging;Default_FullFeatures;classifier;classifier;classifier;N/A;N/A;N/A;2000;100;145;16400;0,0000;0,0000;0,0000;0,0000;0,0000;0,0000;0;0;0;0
20260614_0639;Recorrência_1000;classification;LeveragingBagging;Default_FullFeatures;classifier;classifier;classifier;N/A;N/A;N/A;2000;100;146;16500;0,0000;0,0000;0,0000;0,0000;0,0000;0,0000;0;0;0;0
20260614_0639;Recorrência_1000;classification;LeveragingBagging;Default_FullFeatures;classifier;classifier;classifier;N/A;N/A;N/A;2000;100;147;16600;0,0000;0,0000;0,0000;0,0000;0,0000;0,0000;0;0;0;0
20260614_0639;Recorrência_1000;classification;LeveragingBagging;Default_FullFeatures;classifier;classifier;classifier;N/A;N/A;N/A;2000;100;148;16700;0,0000;0,0000;0,0000;0,0000;0,0000;0,0000;0;0;0;0
20260614_0639;Recorrência_1000;classification;LeveragingBagging;Default_FullFeatures;classifier;classifier;classifier;N/A;N/A;N/A;2000;100;149;16800;0,0000;0,0000;0,0000;0,0000;0,0000;0,0000;0;0;0;0
20260614_0639;Recorrência_1000;classification;LeveragingBagging;Default_FullFeatures;classifier;classifier;classifier;N/A;N/A;N/A;2000;100;150;16900;0,0000;0,0000;0,0000;0,0000;0,0000;0,0000;0;0;0;0
20260614_0639;Recorrência_1000;classification;LeveragingBagging;Default_FullFeatures;classifier;classifier;classifier;N/A;N/A;N/A;2000;100;151;17000;0,0000;0,0000;0,0000;0,0000;0,0000;0,0000;0;0;0;0
20260614_0639;Recorrência_1000;classification;LeveragingBagging;Default_FullFeatures;classifier;classifier;classifier;N/A;N/A;N/A;2000;100;152;17100;0,0000;0,0000;0,0000;0,0000;0,0000;0,0000;0;0;0;0
20260614_0639;Recorrência_1000;classification;LeveragingBagging;Default_FullFeatures;classifier;classifier;classifier;N/A;N/A;N/A;2000;100;153;17200;0,0000;0,0000;0,0000;0,0000;0,0000;0,0000;0;0;0;0
20260614_0639;Recorrência_1000;classification;LeveragingBagging;Default_FullFeatures;classifier;classifier;classifier;N/A;N/A;N/A;2000;100;154;17300;0,0000;0,0000;0,0000;0,0000;0,0000;0,0000;0;0;0;0
20260614_0639;Recorrência_1000;classification;LeveragingBagging;Default_FullFeatures;classifier;classifier;classifier;N/A;N/A;N/A;2000;100;155;17400;0,0000;0,0000;0,0000;0,0000;0,0000;0,0000;0;0;0;0
20260614_0639;Recorrência_1000;classification;LeveragingBagging;Default_FullFeatures;classifier;classifier;classifier;N/A;N/A;N/A;2000;100;156;17500;0,0000;0,0000;0,0000;0,0000;0,0000;0,0000;0;0;0;0
20260614_0639;Recorrência_1000;classification;LeveragingBagging;Default_FullFeatures;classifier;classifier;classifier;N/A;N/A;N/A;2000;100;157;17600;0,0000;0,0000;0,0000;0,0000;0,0000;0,0000;0;0;0;0
20260614_0639;Recorrência_1000;classification;LeveragingBagging;Default_FullFeatures;classifier;classifier;classifier;N/A;N/A;N/A;2000;100;158;17700;0,0000;0,0000;0,0000;0,0000;0,0000;0,0000;0;0;0;0
20260614_0639;Recorrência_1000;classification;LeveragingBagging;Default_FullFeatures;classifier;classifier;classifier;N/A;N/A;N/A;2000;100;159;17800;0,0000;0,0000;0,0000;0,0000;0,0000;0,0000;0;0;0;0
20260614_0639;Recorrência_1000;classification;LeveragingBagging;Default_FullFeatures;classifier;classifier;classifier;N/A;N/A;N/A;2000;100;160;17900;0,0000;0,0000;0,0000;0,0000;0,0000;0,0000;0;0;0;0
